"timestep","episode_mean","episode_sd","group0_trust_in_sp0_mean","group0_trust_in_sp0_sd","group0_trust_in_sp1_mean","group0_trust_in_sp1_sd","group0_trust_in_sp2_mean","group0_trust_in_sp2_sd","group1_trust_in_sp0_mean","group1_trust_in_sp0_sd","group1_trust_in_sp1_mean","group1_trust_in_sp1_sd","group1_trust_in_sp2_mean","group1_trust_in_sp2_sd","group2_trust_in_sp0_mean","group2_trust_in_sp0_sd","group2_trust_in_sp1_mean","group2_trust_in_sp1_sd","group2_trust_in_sp2_mean","group2_trust_in_sp2_sd","group3_trust_in_sp0_mean","group3_trust_in_sp0_sd","group3_trust_in_sp1_mean","group3_trust_in_sp1_sd","group3_trust_in_sp2_mean","group3_trust_in_sp2_sd"
0,50.5,29.011491975882,0.5,0,0.5,0,0.5,0,0.5,0,0.5,0,0.5,0,0.5,0,0.5,0,0.5,0,0.5,0,0.5,0,0.5,0
1,50.5,29.011491975882,0.588963247863248,0.00177814053309763,0.500705448717949,0.00155280935859459,0.575685683760684,0.00173068288187251,0.500761904761905,0.00308086721964388,0.663194444444444,0.00424532741899824,0.501309523809524,0.00173797827856362,0.567329509671615,0.00174769709758612,0.500475708502024,0.000822517308936327,0.594666216824111,0.0015415062030493,0.500355555555556,0.00135139053980379,0.661618055555556,0.00225480938034425,0.5005,0.000732540894159598
2,50.5,29.011491975882,0.627330178931737,0.00601136828053847,0.501088114670475,0.00194602833232733,0.608240641365708,0.00589598615934259,0.50125697865353,0.00354681367509175,0.733129205086102,0.0133514631983611,0.505852543050819,0.00655936865431129,0.596350849523263,0.00540874664808545,0.500752239989536,0.000702095748791971,0.635633529033711,0.00408515359577023,0.5022846647943,0.00466653157985183,0.728914335959848,0.0122205285154564,0.50071167173766,0.0011746197690574
3,50.5,29.011491975882,0.647933544033203,0.00868386864268153,0.501378712061937,0.00250177356151895,0.626953332387736,0.00951454863610367,0.5012163426421,0.00344420465441508,0.76825018294706,0.0227972318746667,0.509054615317777,0.00872902821110866,0.612621384069914,0.00791524546809246,0.503212563824075,0.00320307670294788,0.655477295005411,0.00655006923672442,0.500927439375656,0.00168976398669668,0.767814702534016,0.0146478648807691,0.501079175955468,0.00113091218344872
4,50.5,29.011491975882,0.660270295466551,0.0105879554882148,0.500626465851556,0.000892260493057366,0.638857970645346,0.0101524079008535,0.501177937995341,0.00334847304656149,0.789774386303932,0.028749060410715,0.512487219492735,0.0116716087304442,0.622444122645732,0.00923660783434811,0.502946796784372,0.00329640188002486,0.669289348493463,0.00865471649961229,0.504032966578718,0.00502473351293454,0.788270498976458,0.0185627883822855,0.501383901658467,0.000988670538424775
5,50.5,29.011491975882,0.667919102299991,0.0114486507383102,0.500906871771325,0.00130098200220891,0.644420595624637,0.0128465578672219,0.501284279253393,0.00444488851986678,0.803848783029517,0.0322232106579942,0.512026596552443,0.0107375981237154,0.62594491902315,0.0106639143190556,0.503914293121756,0.00337871779336451,0.676782094232404,0.0161312063424219,0.510155407466592,0.012527790500877,0.79563440265119,0.0235043056134724,0.501750554284299,0.00166734940383707
6,50.5,29.011491975882,0.672823179494112,0.0144731958223031,0.502160359911269,0.00347772174545902,0.646502286800613,0.0185230772715429,0.50097423487955,0.00469741636272008,0.802734471309306,0.0415832440808651,0.520603878008678,0.0272608076546456,0.631447834551985,0.0120645513038286,0.502855579674209,0.0023150777151724,0.682307221249073,0.0238798190585627,0.50801579470359,0.0109952639200196,0.804607009193361,0.0245171801442443,0.503458595954478,0.00400333152277691
7,50.5,29.011491975882,0.674590480154348,0.0191943978440739,0.504037782529754,0.00428427713773424,0.646121735340714,0.0247517330676782,0.504434728118814,0.00935885632464097,0.812598432085427,0.0402184487132832,0.516567150959513,0.0182381572825564,0.63341606439713,0.0153513335767358,0.50374151988813,0.00314514180937101,0.681821426682844,0.0336015364524525,0.505925326820796,0.0067694935891699,0.812729694052636,0.02672345226353,0.503572945385249,0.00367984811058304
8,50.5,29.011491975882,0.67699697391859,0.025057698316192,0.503275809641292,0.00471803461169379,0.64588869185901,0.0335725113497705,0.504923698817079,0.0107220858827409,0.821739469476842,0.0392963206750389,0.514972887282798,0.0107019896925356,0.633111209707113,0.0192298412621111,0.505829339704417,0.00537854428465365,0.67976832398632,0.0440225280492869,0.508217270299779,0.00945903701246313,0.815835660745078,0.0297473454884998,0.50415557762263,0.00375518118535947
9,50.5,29.011491975882,0.678096372475772,0.030459701247667,0.502033089303294,0.00207056248987506,0.645434703723085,0.0392289709981063,0.507644928263029,0.0116358715938684,0.821568226995585,0.0455986558497082,0.518923453676682,0.0187725093809397,0.633778196415642,0.0230735229224594,0.50624641683121,0.00545440590565104,0.678226115182845,0.0526393242292565,0.507328601505343,0.00827609822508124,0.821273488012968,0.0342152468187433,0.505966789910401,0.00603494945764336
10,50.5,29.011491975882,0.677296676636183,0.0360898983609787,0.503316622785625,0.00447159348142934,0.646347625866686,0.0430470708483802,0.507637167792839,0.0115076680733411,0.828180394114102,0.0476757853149874,0.513564662285033,0.00895988515385552,0.634060975844802,0.0272225525772749,0.504017338670924,0.00276584685073661,0.679748035077039,0.0576185297277952,0.512509645329718,0.00996624915681015,0.821158995426508,0.0386933566745397,0.506158394376595,0.00584832484794423
11,50.5,29.011491975882,0.678685748139229,0.0405108335977662,0.502191703974004,0.00225896989934522,0.646682352121091,0.04472267041321,0.506678200427704,0.0100266940129728,0.825840550939203,0.054509395680351,0.51978307817087,0.0177830754212286,0.634217363002593,0.0308695561281959,0.507077996219234,0.00631199886681796,0.678381634858343,0.0606217565507511,0.509366027335389,0.00602063461600969,0.824116593840847,0.0448748237007254,0.506202401047811,0.00538105750558867
12,50.5,29.011491975882,0.67848358470315,0.0430020410060366,0.503861465318192,0.00355513088346034,0.645809725048466,0.0461091893614896,0.507266197526646,0.0102338205288613,0.831572763895497,0.0577634538236107,0.516611365977888,0.0111376308561014,0.635124002029997,0.0323308065429429,0.505615740682252,0.00338232835244197,0.678685093640257,0.0623765000138762,0.509021556878214,0.00553333093806198,0.825513354807457,0.0481378509703319,0.508320161485995,0.0054028581263288
13,50.5,29.011491975882,0.680671073055329,0.0455381303433466,0.502490242329737,0.00226981224459781,0.645871762968677,0.0472503405018407,0.509001384500519,0.0100719585449164,0.827284633991475,0.0606623730120214,0.520625446766977,0.0175778420262471,0.635027128275662,0.0342375160989243,0.505615771467173,0.00364742556264478,0.679101873149945,0.0628909236698501,0.510311238675324,0.00625854594136493,0.823988915567805,0.0513950214330029,0.5108294090817,0.0078981924915497
14,50.5,29.011491975882,0.679530696053739,0.0464412527233763,0.504076588866865,0.00316868247914856,0.646156582406547,0.0468371376613826,0.508953772183246,0.00990519878459559,0.834986815145732,0.0599302953025547,0.515226683524098,0.0096472439147339,0.63500961481826,0.0346738777624629,0.505913656179038,0.00296312617833585,0.680556518017406,0.0627516623387557,0.510118221943971,0.0053334468829521,0.828227540029814,0.0523734328801037,0.507544260786712,0.00437148814050863
15,50.5,29.011491975882,0.679840211382631,0.0462710922114827,0.503768343004881,0.00410590881864892,0.646611350079686,0.0469837545157887,0.50840298326505,0.00955675492650209,0.834908621913786,0.0571681073165801,0.516701355675368,0.0106369042319718,0.637312150056626,0.03550737545718,0.504714301540409,0.00220425077855978,0.682300382009538,0.0610654586195569,0.511182934407837,0.00718121599029768,0.826957419396314,0.0526556217048778,0.507722342635416,0.00423712788680161
16,50.5,29.011491975882,0.679950150088368,0.0463135438990023,0.50504741202152,0.00466865659482079,0.645876126042206,0.0459307926292128,0.510319088070752,0.0119190237319917,0.827230920384911,0.0583820721334906,0.518194039951516,0.0166506129260937,0.637330155105117,0.0349787195851191,0.506083881358948,0.00454874746581045,0.68199854048713,0.058834436131132,0.512068591134588,0.00784768383748913,0.824275288724102,0.0550983808213006,0.507415524368136,0.00386991867578627
17,50.5,29.011491975882,0.679574945492327,0.0459364524029274,0.505148712031366,0.00507493805385424,0.645460221776736,0.0454041202704794,0.513001799948733,0.0129115708486882,0.830956352068921,0.0605566315570629,0.517562136901315,0.0131811394322229,0.636654830812637,0.0333689164976621,0.508364804595725,0.00463815154043892,0.680653003525936,0.0576930625949953,0.514134186932531,0.00937507663222364,0.82452617314249,0.0553860312879041,0.507464921813031,0.00373623371831743
18,50.5,29.011491975882,0.679203578448592,0.046674850190112,0.504012241420115,0.00335661188339696,0.646751045298148,0.0461573438392986,0.511641184616534,0.0131699812211979,0.829265902206209,0.061313077744273,0.520814492009762,0.0134240908766115,0.637117712594771,0.0325414131627995,0.508704060079209,0.00525956201708971,0.680668146688467,0.05770923389886,0.51053450170857,0.00937192518832456,0.826754373102458,0.0570328668425041,0.508766517383574,0.00433770488172238
19,50.5,29.011491975882,0.678262619898658,0.0469294935172457,0.502914396706294,0.00201188531931047,0.647509660013245,0.0457973225291748,0.513627172259997,0.0135416009126344,0.828604974024908,0.0606560223760061,0.519246764371851,0.0103969849852377,0.637335060746616,0.0331746854065121,0.506877409984358,0.00403222161916638,0.682557982139766,0.057243467513937,0.511749876398033,0.0100626903458822,0.82561608932664,0.0599413299804291,0.5104814429882,0.00503348470412723
20,50.5,29.011491975882,0.67713888823331,0.0468531038694113,0.504470542294605,0.00460397221368801,0.647335862182378,0.0447042123621756,0.510434572173766,0.011253653432323,0.831430458688323,0.061408433935489,0.520140378213744,0.0107795411379567,0.636844900937106,0.0340884930055189,0.507423106932656,0.00373096953021616,0.682240606016418,0.0558912791942648,0.511188121546757,0.00850295852529872,0.8255045504016,0.0608542264023711,0.510973085833839,0.00556595328205077
21,50.5,29.011491975882,0.677238300026642,0.0465732697985002,0.50269776834813,0.00179618512262879,0.648647614673923,0.0439767224202618,0.514571638551203,0.0147794367395587,0.82894295859483,0.0615283557330073,0.51867051916334,0.00954004266231355,0.63599987440823,0.0335534834399811,0.509527734554134,0.00483758364710962,0.68254091401337,0.054518984664997,0.510572488248755,0.010734106722847,0.826624544609511,0.060544626992006,0.509588971835626,0.00500692935082809
22,50.5,29.011491975882,0.676461905786214,0.0463197571883314,0.502496107425679,0.00189087312270519,0.649913089656866,0.0433762493297799,0.514110888150729,0.0138974803265778,0.828638984078007,0.0615849513374099,0.517960950277593,0.00855831239143826,0.636714665318477,0.0346592070128852,0.504992476791927,0.00204611072993577,0.686109197566534,0.0544797841817176,0.513198672863944,0.01327730326393,0.82550137246483,0.0597118170702772,0.511351543721343,0.00637929909113112
23,50.5,29.011491975882,0.674459927714287,0.0465192070573267,0.504182234731427,0.00367958083575682,0.649331361724693,0.0426186396314258,0.513561659053954,0.0129700994969742,0.828757532355409,0.0659342721522202,0.517979048911509,0.00836297565611006,0.634812546944895,0.0351423783152833,0.506126278683125,0.00384912321263809,0.686554879766017,0.054471497456587,0.515240243791686,0.0125609570149313,0.819806783751479,0.0599890877063118,0.513306678776276,0.00775184254323369
24,50.5,29.011491975882,0.67346133843646,0.0478900485625847,0.503366936504152,0.00276458680449914,0.648231540154996,0.0417426678165229,0.513924067559007,0.0128523414473851,0.82691400272404,0.0670332550049027,0.518829328966013,0.00968294505919275,0.634753644132574,0.0366420703593387,0.506789259547673,0.0035973454386055,0.684507654123288,0.0535683254540144,0.510890852539758,0.0106842166621879,0.823779425141257,0.0607008298351187,0.51095687107682,0.00781569671911715
25,50.5,29.011491975882,0.672903230087274,0.0491273202540032,0.504432129277457,0.00395208882128758,0.646051055859055,0.0429405545196818,0.515776135079473,0.013321785753833,0.826939815250429,0.0692832161265122,0.517395336257491,0.00835177935618268,0.633560949841347,0.0379700186420949,0.507785509921156,0.00546374536533671,0.681307810630964,0.0549821721386773,0.512010981663581,0.0110222324344209,0.823854338875861,0.0634439352955313,0.511054245867264,0.00671044861487862
26,50.5,29.011491975882,0.674226687066168,0.0515677937575313,0.502102136964318,0.00110716448490156,0.646203032566152,0.0447791418082019,0.514247820710738,0.011626985353211,0.821953229005409,0.0665358451790068,0.526616118031194,0.0194079172779846,0.634551129276052,0.0399186659168243,0.505566058111055,0.00262036611569029,0.68150499860767,0.0574888093193047,0.512317847148295,0.0104506597622828,0.823043951695075,0.0642187691002545,0.511904787062919,0.00644022736439768
27,50.5,29.011491975882,0.672929273599282,0.0523880385836428,0.502502696567284,0.00154401114485709,0.646480532769817,0.0469749182399863,0.513685801282873,0.0109640226581708,0.826876086977494,0.0662573339077817,0.52150694598147,0.011016333129911,0.634089338523734,0.0411436952916307,0.505658893153195,0.00239391601748721,0.679796595272906,0.0595256522268407,0.511436969846852,0.00972814422596699,0.823385937450261,0.0639015239985042,0.511498350110737,0.00621147982831841
28,50.5,29.011491975882,0.67289158269732,0.0538063546590395,0.502403853145734,0.00125289846159734,0.646223184888641,0.0488569823902041,0.512774777865496,0.0104784920523334,0.826727341292939,0.0644047287072938,0.52067403714146,0.0100210149250228,0.633479743025073,0.041621895144881,0.506466896020416,0.00394617180041845,0.67762244386917,0.060578702752459,0.511666207215167,0.0101476603574614,0.824048067892472,0.0626239561543063,0.511122890883974,0.00579611450215259
29,50.5,29.011491975882,0.672749647279288,0.0542847290270377,0.503049853098878,0.00265852239446923,0.644436898285968,0.0500224771417574,0.511712063247243,0.00975780733241958,0.823840557249244,0.0612976782980472,0.524551903435638,0.0163646780405971,0.633767803414588,0.0421101727885899,0.505067997678422,0.00207539682172174,0.677474494010164,0.0621174374891038,0.511969753032873,0.011224003788301,0.825574528622639,0.0618412040063868,0.510534651458384,0.00528541132002506
30,50.5,29.011491975882,0.669904446112734,0.0533193650846754,0.508195690356808,0.00864381299542374,0.643703330723286,0.052027473619212,0.51168643290358,0.0119194360512195,0.827232182044525,0.0654749416043952,0.517731225255888,0.00960369956482483,0.631881267713087,0.0420250055714137,0.507238055544095,0.00394614591572153,0.677039588617439,0.063440092915716,0.515609469330986,0.0178639443876553,0.822457559148573,0.061604877025678,0.510416870925871,0.00498251016839426
31,50.5,29.011491975882,0.673269391847574,0.0540803656715749,0.502781257463179,0.00155301194820272,0.644934579235088,0.0534688104211338,0.519313121716273,0.0179399498558519,0.822104784089668,0.0619417790632511,0.524218952504992,0.0167179765448829,0.633028995420062,0.0416975565092707,0.507881808694357,0.00482460912587608,0.675137051829721,0.0634437203860848,0.511186119647064,0.00974397953643855,0.82793430451387,0.0592177194730627,0.510587469246235,0.00565479796141662
32,50.5,29.011491975882,0.673072674278503,0.0537830778229956,0.50378840664736,0.00299123043459417,0.643830756592799,0.0532849825908858,0.51293130051206,0.0124063510629571,0.826900604783554,0.0604403206962487,0.523371689054826,0.0155900656368477,0.632733718640089,0.0413343616639557,0.506533988692318,0.0032173414486241,0.675553471040711,0.0642971531361766,0.512488864172275,0.0106972192750657,0.827494891414172,0.059548513493793,0.51041975566611,0.00571822136980435
33,50.5,29.011491975882,0.672545592984454,0.0539811135833788,0.504821777799916,0.00462501784795802,0.643552327831876,0.0523731116296264,0.513862565158922,0.0129251191805406,0.823415877977795,0.062774774868037,0.523304217127719,0.0150319508111615,0.632454328627111,0.0411049542494168,0.50626706682174,0.00334772436322523,0.675840800401583,0.0639440354768293,0.512488434852364,0.00952177963063751,0.825826076803714,0.0624582683894668,0.509995532578322,0.00499660684209151
34,50.5,29.011491975882,0.674348569257204,0.0528016451692282,0.503683279141639,0.00362483983550663,0.643474140715597,0.0515480573728887,0.514379030349119,0.0135657601642038,0.820249497546128,0.0687984584396623,0.522084951942067,0.0139655793311604,0.632681317418759,0.0403049713067359,0.506331905045032,0.00339396876173795,0.676101252665672,0.0632770565675511,0.512711327376088,0.00882598213359444,0.8231257067436,0.0690062096867159,0.50940417803682,0.00464477935666849
35,50.5,29.011491975882,0.675743242093195,0.0503155260134581,0.502661355010989,0.00142594299702752,0.644033075131822,0.0511284778431043,0.518085228152324,0.0146415291598741,0.815713728112532,0.0782004791424895,0.520675199744782,0.0126848691760948,0.633296453142171,0.0384896334893968,0.506079234043814,0.0040471936815778,0.675755889634811,0.0621625730433315,0.511962821614943,0.00814604169896353,0.81915095775555,0.0770512433676914,0.509749725744992,0.00614844288123737
36,50.5,29.011491975882,0.67667843701087,0.0476548394274978,0.502522464561667,0.00130538901175579,0.644052104390543,0.0495857349434764,0.517498967963624,0.0138947504891369,0.813066980694222,0.0848804742941845,0.520255624577305,0.0124205521597516,0.634175291509278,0.036693631023479,0.505691702181886,0.00319757573981876,0.674985578306366,0.0603455825686104,0.512518045435018,0.00864733669514424,0.815602235646904,0.0829106257943601,0.509565215678418,0.00562975573939908
37,50.5,29.011491975882,0.676456723999094,0.0454859532749529,0.50255941749663,0.00143879687570549,0.643942854955276,0.0490722784177432,0.516327546133958,0.0129476132924192,0.812515699112202,0.089326487264713,0.518838433711,0.0109627586407067,0.634864975864709,0.0346523006870227,0.506390727941963,0.00504934669673569,0.674175552513194,0.0596164456949602,0.512900150513053,0.0084709774079865,0.813732164760309,0.0870024089046504,0.509035504401148,0.00517676517800231
38,50.5,29.011491975882,0.67571612734687,0.0433216102175418,0.503193779042635,0.00251838608431643,0.643516610531398,0.049151495787924,0.515330833087941,0.0127920852705983,0.811799600486301,0.0926103768330809,0.519426018417451,0.0134239020518586,0.634706151093744,0.0334877245654234,0.507540056540036,0.00465709115797928,0.673212209427056,0.058464464966742,0.513024247568862,0.00850291108458174,0.813143814831396,0.088086628263768,0.509714710343924,0.00587769088128806
39,50.5,29.011491975882,0.67591477414687,0.0427497386471546,0.502664760830422,0.00141544646427167,0.645390745907005,0.0493003452396737,0.517405371276014,0.0116753007186757,0.812795166241304,0.0936039704551361,0.517555757414316,0.00992878882311393,0.635100783886082,0.0328699370485013,0.505740248433462,0.00385789659601499,0.674696387982149,0.059049594861697,0.515470076573982,0.00975105164112992,0.811223312052063,0.0871959606070096,0.511119926529554,0.00624213656510888
40,50.5,29.011491975882,0.677751769251869,0.043028813310201,0.502440926119334,0.000956030102791051,0.64535040451537,0.0503805150553001,0.516121107462815,0.0110846005507997,0.814036560898705,0.093709722254926,0.517275891089173,0.00880607106913518,0.636432424095221,0.0331014112780383,0.507442844229476,0.00493599920329956,0.672966435931372,0.0608464031899888,0.512651902177663,0.00871591987267048,0.812023972867594,0.0867627570973397,0.513587845991994,0.0100249291403428
41,50.5,29.011491975882,0.678088115796484,0.0414874622426967,0.502369693030468,0.00116698556563368,0.644559944120032,0.0517485820493826,0.514763747170299,0.0103189289693222,0.816288571096374,0.0932170953535129,0.517028909058614,0.00811323236531206,0.636387101471064,0.0323158755989887,0.50865418497738,0.0053375634445396,0.67205182209822,0.063374536345942,0.511845199366814,0.00888871119869035,0.815868282923542,0.0845614556936972,0.51254306706359,0.00789413651460359
42,50.5,29.011491975882,0.676756605379137,0.0410156281498834,0.503354161151946,0.00329771443047342,0.643910677455685,0.0529678199916156,0.514350735411144,0.00971678448483711,0.817271012714579,0.0920081568348068,0.51724258254346,0.00892171551504749,0.636452340037315,0.0315919247994136,0.50606762844747,0.00348201011695064,0.673000072928737,0.0653429725818899,0.515502653055987,0.0100761411700472,0.815312677824101,0.0815929934955041,0.512011359366611,0.00696538149695991
43,50.5,29.011491975882,0.676184397021648,0.0418365287601655,0.504145149679995,0.00364701955338158,0.643121680889891,0.0527927342540621,0.513567388893139,0.00952231283941496,0.812256176357477,0.0905008486279254,0.522627506056095,0.0179726563640128,0.636279060794095,0.0310186680113954,0.506718733727474,0.00404642905410585,0.674100127376767,0.0660192910265997,0.517023515511797,0.0113715058945018,0.814080054895551,0.0777799028011427,0.511717549214395,0.00683755370509875
44,50.5,29.011491975882,0.676010250544471,0.0428460070040462,0.502627769661106,0.00205205615771859,0.643522443459372,0.052550033377551,0.515490919617198,0.0135731328683522,0.814733769479547,0.0863365793880482,0.522380942282197,0.0222242604209036,0.63665259509868,0.0316664000603258,0.50728720684718,0.00347542503699667,0.672776512228227,0.0650257050296357,0.511833979634354,0.00718190165833177,0.818709779285319,0.0740940998599993,0.511887965345258,0.00779096986629621
45,50.5,29.011491975882,0.673954072596931,0.0436468405020096,0.502668420795505,0.00201827962584507,0.643920930412838,0.0525931361690342,0.514696990967643,0.0124938461848379,0.819331699961318,0.0851198732067266,0.517902289485948,0.0107543357451266,0.635532949936429,0.0326113940975535,0.505802044138677,0.002547366578301,0.673397932541156,0.0653710264774042,0.515000299019334,0.00920287110147888,0.814342884103318,0.0717398938532197,0.511629147908897,0.00727249993918139
46,50.5,29.011491975882,0.672431726935723,0.044781733378891,0.505016703398344,0.00457482876063577,0.64268782086075,0.0519162361781269,0.513357637033356,0.0116345679121194,0.817404112253795,0.0853438426195308,0.516210604709323,0.00728329401033448,0.63460041959698,0.0342547532213651,0.506226633403261,0.00332631289522673,0.67357903360032,0.0665476557055846,0.516188233679266,0.0114000640272476,0.810762712565659,0.071475986580243,0.510743380133779,0.00645788805761799
47,50.5,29.011491975882,0.672938134099016,0.0458988903322243,0.502708185101578,0.00185790480656131,0.643332852660363,0.051438286865397,0.513442396363171,0.0106788887062588,0.817510098825185,0.0848803463666585,0.518656094209811,0.0142544370721546,0.633363825459258,0.0346215519324177,0.510805359810897,0.00583346021866574,0.670819951878319,0.065284333469603,0.514310149939138,0.0102683964941146,0.811473125619412,0.0734245378885709,0.510538612409454,0.00661903111283882
48,50.5,29.011491975882,0.672191264485296,0.047032672264704,0.503657804675627,0.00291174714425409,0.643560220311799,0.0502186502315169,0.513192223889033,0.00999328686501076,0.816217624797002,0.0876311852397194,0.518710861361655,0.0142639332567364,0.634604031192729,0.0350133596515001,0.50767597416566,0.00475399776461985,0.673407778102781,0.0659886399928064,0.515677709457219,0.00997379129497722,0.810360415601734,0.0765577969917506,0.512356389551646,0.00654788577612555
49,50.5,29.011491975882,0.672006021224828,0.0472368910101099,0.504397259352717,0.00439608335803929,0.644507041807592,0.0492460374364451,0.510800584105891,0.0091801288718534,0.816383771937587,0.090580625871302,0.520363912047129,0.0142340330262114,0.635250940876944,0.0352888300372752,0.506305555162671,0.00309439238385579,0.676009400076958,0.0662520645854441,0.514495938296073,0.00917692864220528,0.811836044128325,0.0791228292518225,0.512383688253231,0.00712534038367583
50,50.5,29.011491975882,0.67359586733499,0.0480719925650929,0.50253070326699,0.0014936625833237,0.646466361584494,0.0486701652486128,0.512144141446455,0.0110701393868044,0.808154501502757,0.0891226727028194,0.525347557405582,0.0167767931070449,0.636153303160047,0.0354229518090179,0.507779563800927,0.00476594948194426,0.675993814786439,0.0649181982056082,0.51115318720371,0.00817903237050328,0.812290649913334,0.0822818216453087,0.511850492479213,0.00662613088764909
51,50.5,29.011491975882,0.673015381490781,0.0478265966607655,0.503537730968676,0.00313436437276137,0.647595154850476,0.0478371217738751,0.512146402025383,0.00970469283374644,0.813185481441862,0.0914129467613001,0.520872724758714,0.0143247389567847,0.637143284979586,0.0359126670967901,0.507459871371441,0.00476844251599898,0.677435971097566,0.0639707494611797,0.510925174484997,0.00664641473786458,0.812602868410339,0.0838318805307015,0.512004635230696,0.00699626112206578
52,50.5,29.011491975882,0.673536834575999,0.0480116129570108,0.502433105360941,0.00186763910235126,0.649598057375702,0.0470609229695996,0.513133590369663,0.0115746717484645,0.811876875549852,0.0930973531694033,0.519183934241427,0.0122601052646946,0.636485261369844,0.0361445209230291,0.505856599797479,0.00388672622442014,0.680921648059182,0.0627020680858806,0.515850209234778,0.00933914676106635,0.80847724629835,0.0830642346613511,0.511316294115958,0.00637826349959133
53,50.5,29.011491975882,0.672390703045116,0.0495560225299249,0.503224198840768,0.00289382217608913,0.650343137125429,0.0452131116642891,0.513137656057526,0.0122790138438248,0.811603409036026,0.0942218602375757,0.518593621484502,0.0105067147848908,0.636509720372855,0.037702131666155,0.507439201021968,0.00482775513100938,0.679886164039275,0.0598736351097148,0.510544122471258,0.00620529052606198,0.812292667654609,0.0835976422809701,0.510971196459836,0.00632971566178574
54,50.5,29.011491975882,0.671331327080888,0.0508830268240714,0.503436782806156,0.00349938183759799,0.650924930070068,0.0435550074391025,0.511569488752345,0.0109587461035453,0.807575254097628,0.0968944139574635,0.519856690261327,0.0132920228930173,0.635737394061836,0.0390394755510515,0.505945724852854,0.00355461875648523,0.681686941976862,0.0579796237316566,0.512922042253666,0.00950057275056804,0.80798659772951,0.0834845936618083,0.510423346366366,0.00573748858100615
55,50.5,29.011491975882,0.670342721889668,0.0515868041571457,0.503904646246186,0.00370717001341056,0.651381055008315,0.0421755263141286,0.508831055552611,0.00948488807784412,0.806565606262863,0.0984330189380617,0.521010934647121,0.0143580590977562,0.634661499497092,0.0400782369539001,0.507675025839721,0.00547786895342287,0.68241566133959,0.0557060943164912,0.514969503059892,0.0113800137235624,0.804677263627548,0.0860100180567711,0.509538492889773,0.00494708037062291
56,50.5,29.011491975882,0.670091540781821,0.0525507815643856,0.502038911244999,0.00158800075218377,0.652971992928193,0.0405875402583389,0.512886397515429,0.0129189037589073,0.80449501294926,0.0987058828774705,0.519679528816587,0.0135793113898776,0.635160612804265,0.0397385410384638,0.508508499270633,0.00618076561051131,0.68204388710121,0.0526764602419274,0.51041794679287,0.00620036057792097,0.806544013161956,0.0874359343788357,0.510167485501145,0.00621281669104809
57,50.5,29.011491975882,0.669660707420642,0.0537013080747608,0.501916237409398,0.00143472530386278,0.654044976496248,0.0385330506351433,0.512682960427824,0.0119446758320331,0.803784309744643,0.0986572435763417,0.51956926635339,0.0130097318675204,0.634744713156567,0.0403691446581453,0.508066095386703,0.00675080101114751,0.682816864725496,0.0514810869373511,0.509546259850027,0.00551110817361273,0.805176203929649,0.0892957006724389,0.511179634030388,0.00630020095227785
58,50.5,29.011491975882,0.66864468860383,0.0544224022452831,0.502809130171778,0.00313834415693704,0.65439208721887,0.036143197872339,0.511753617935801,0.0114133323031288,0.799695938187543,0.0981319841142462,0.523171160675588,0.0154542843471066,0.634288521169702,0.0409894376170144,0.505966125597508,0.0033137215190585,0.684429488396338,0.0484306841814968,0.51201546156477,0.00817304502756081,0.805314143460826,0.0893581706637864,0.510685973128954,0.00591011957202154
59,50.5,29.011491975882,0.667206929189987,0.0549801453171304,0.503207577463454,0.00329696498025913,0.655825123736207,0.0337146290651939,0.513262629047948,0.0126293220967541,0.803959949853539,0.0990949209217924,0.517696362459855,0.0112439331326766,0.632060071592692,0.0411620252824712,0.509164824165258,0.00475976278440367,0.684525485520835,0.0447101844897884,0.511002006399617,0.00838540478519054,0.804984975098529,0.0894224836123332,0.51054038065597,0.00557248224415441
60,50.5,29.011491975882,0.667315340379103,0.056578362326933,0.502974557413586,0.00287130126582154,0.656615024552812,0.0309839708772577,0.510480918355795,0.0102418056752333,0.804994181375418,0.100080276521302,0.519350142356656,0.0128489231994351,0.631891778138818,0.0424927881221807,0.506717175090767,0.00384810682780382,0.687558863781628,0.0419383208695696,0.515333459064374,0.0126001232354894,0.803824970949673,0.0877016791779874,0.510200299387634,0.00479931693070077
61,50.5,29.011491975882,0.665933052198215,0.0569594284297449,0.50416253247173,0.00410885815614297,0.657069241182802,0.0288114304495718,0.512829764546746,0.0126284501430903,0.80556200445366,0.0967902822019176,0.517449885065706,0.0121331320618693,0.632380842516776,0.0432357974203282,0.505708556543843,0.00318315611840124,0.688447212186154,0.0393238020567943,0.51356527432246,0.00797987011318016,0.806431939007703,0.0871020892386976,0.50987528713616,0.00450861390853827
62,50.5,29.011491975882,0.66817676927123,0.0573916766066194,0.501934575821618,0.00140303262392412,0.658560518917426,0.0278252793655217,0.511730165377137,0.0116892965542753,0.808147383047445,0.0949532502867347,0.521825801103609,0.0162606985374379,0.631795180670632,0.0432014944423567,0.508664463200806,0.00623836562514294,0.687409901979527,0.0372455013766836,0.514240669295788,0.00928132753814919,0.802458548929388,0.0831734106000928,0.511757813593828,0.00691503462790448
63,50.5,29.011491975882,0.669004980844822,0.0569041162975834,0.501895611653646,0.0015729679421682,0.658570769925268,0.0266521060182934,0.511490147699936,0.010739750203862,0.804179964179575,0.091112509765755,0.527281668357749,0.024784344048391,0.632848267272918,0.0433748439068781,0.505980920908539,0.0030535162217703,0.689657793323496,0.035890365396261,0.512444659328261,0.00751388899216127,0.807976282943593,0.0796755618831978,0.511661310336253,0.00451652682464566
64,50.5,29.011491975882,0.667521489689953,0.055352550580918,0.503337638498978,0.00317137217848493,0.658995876774282,0.0256877792272177,0.510551552342257,0.0104947081706435,0.810754723062838,0.0870563266769249,0.520084468512385,0.0145205087759235,0.632764046295988,0.0426561001910744,0.505729275977644,0.00286931109860182,0.68993400714909,0.0346032154761783,0.511631257578698,0.00690593555683206,0.810600287428672,0.0755680800493056,0.511160028438684,0.0042270918020187
65,50.5,29.011491975882,0.667472634467434,0.0552724505405586,0.504269049301701,0.0040266384180603,0.657767592708282,0.0253482656433465,0.509536851029662,0.00974036932196986,0.805913865335296,0.0822862114965638,0.528261796547945,0.0175404720754083,0.632217520774991,0.0434429529527896,0.506378230713303,0.00371150606564913,0.690678964195949,0.033725735586043,0.513418702987955,0.00998813958136295,0.809275428889287,0.0712541001420811,0.51090467310629,0.00390264312757081
66,50.5,29.011491975882,0.667699581930367,0.0562959407386131,0.502737924969491,0.0020065152298148,0.658531855365911,0.0258267406655495,0.51148176379213,0.00991050612243311,0.810854876672529,0.0808659983878667,0.523545971991099,0.0171407857073178,0.631890517978228,0.0443355407556049,0.506048110769018,0.00251984389809407,0.69012809623475,0.0339568011058742,0.51314197587673,0.00743747139457864,0.809588151795067,0.0687741432542491,0.511315597528229,0.00495265251116543
67,50.5,29.011491975882,0.666793284117697,0.0574748618233257,0.503503917691057,0.00297285544887557,0.656892228481288,0.0267785791050997,0.509942998990046,0.00916049580593262,0.812552619872452,0.0809042905053052,0.523698912185409,0.0179879611791965,0.630329995654669,0.0444674663215498,0.506789056160062,0.0036215869467898,0.689579250909967,0.0346308086294038,0.515128684976127,0.0103576376440471,0.8088302473512,0.0687177901875449,0.51121739995737,0.0045584123105953
68,50.5,29.011491975882,0.663806065091345,0.05712617518509,0.504720435850642,0.00365856996587586,0.656480460053438,0.0280551071064128,0.509411170253305,0.00920334835691529,0.811604501576212,0.0820161437821901,0.523910677683053,0.0172563333567945,0.628414342003911,0.0449528335042583,0.510886185580854,0.00752329008157777,0.685895499688003,0.0356346466686164,0.510667157420694,0.00557896212450907,0.814051008621731,0.0710378220241926,0.510947369777617,0.00477241843801973
69,50.5,29.011491975882,0.662767249671792,0.0579585992285037,0.502635472248998,0.00163013179804512,0.657743179988358,0.0284818362568844,0.510338647091014,0.0122885904265573,0.813388118892684,0.0824974875794286,0.523736799229191,0.0146062264899986,0.628009131404896,0.0461373053471632,0.509331194605651,0.00591053647743054,0.687885458096172,0.0374295901784449,0.514483683177084,0.00776290669967026,0.812784148877728,0.0723848560664112,0.512149174204927,0.00637892185751299
70,50.5,29.011491975882,0.66140922945657,0.0583671164552595,0.503470175985937,0.00329806096339344,0.657005906964225,0.0290742532672192,0.510090335120222,0.0122911705829135,0.814360640333641,0.0831003439476592,0.522797868716164,0.0132940695636098,0.627825963810251,0.0471831820759547,0.509419310140688,0.00689395811580321,0.68834071206327,0.0386699992762817,0.512113562892732,0.00633123118102703,0.816425390888288,0.0751629396287666,0.511917615460088,0.00658378438175224
71,50.5,29.011491975882,0.661879426395078,0.0596540525351436,0.502242374685794,0.00129213217445468,0.657660927781936,0.0296526053396927,0.509835391128775,0.0118282917701474,0.817632294440471,0.0833321755798138,0.523933508045297,0.0119920127089868,0.628262515662214,0.0476986273373459,0.507390622003687,0.00467564939374573,0.689012491442224,0.0402886740247745,0.513649988904719,0.00888686485735539,0.8170493841979,0.0772038443930508,0.511603232528479,0.00693020768166921
72,50.5,29.011491975882,0.660724770493898,0.0595308854416469,0.504276114233758,0.00598912490922944,0.656231820434257,0.0320662214515251,0.509450581610815,0.010931559658689,0.815534314141929,0.0853963528551151,0.523812620486529,0.0109234319673808,0.6278753927436,0.0485223383797917,0.508097697438053,0.00624864773965472,0.687364423033249,0.0412702930498559,0.511675993271308,0.00660474846974307,0.817404775519848,0.0771951863556821,0.512310766073367,0.00673581574131296
73,50.5,29.011491975882,0.66083909713003,0.0590086173128923,0.503267541821867,0.00289364784287538,0.656304892580888,0.0339251765595037,0.510194189932142,0.0122528808586181,0.815734404522102,0.0844248309723046,0.524231900604812,0.0123493348700737,0.627137726898041,0.047942322704031,0.505864317042327,0.00335302231268413,0.689842031125695,0.0436169608259903,0.517798152680277,0.0115445217535353,0.810130345184197,0.07665680046864,0.511731684246835,0.0061045721267674
74,50.5,29.011491975882,0.661961619219238,0.057849250722679,0.502119093497819,0.00107224717533286,0.656933270550209,0.0359076846953312,0.509405668662503,0.0114185193784689,0.814824712264575,0.0840537229202012,0.52476997814226,0.0136735536701449,0.628779277611687,0.0481410044041553,0.507931105972697,0.00408455427154454,0.688722275955445,0.0455635822109313,0.512316348168714,0.00787929154087024,0.810880360971465,0.0780443621944393,0.513620480420334,0.0101420816191393
75,50.5,29.011491975882,0.661753267145804,0.0567136233866282,0.504315643018041,0.00362386492244997,0.655329491084676,0.0379913007318663,0.507675694633312,0.00886957669394384,0.81460684235405,0.0862146528978858,0.524335281167528,0.0135527005330415,0.628012717526302,0.0465079421401477,0.508709017676178,0.00439626145537528,0.689145202519156,0.0475973686176542,0.514995363555929,0.0110325268493801,0.810915685551134,0.0791834541879751,0.511408841930009,0.00550579027316026
76,50.5,29.011491975882,0.662754256577265,0.0549167942796672,0.503040011967524,0.00339694829841834,0.655681308287722,0.0393210176052697,0.509417933990156,0.0118201961958594,0.811840173113178,0.0901060590120648,0.526088834095096,0.0135269451840617,0.627415752832568,0.0453803976440239,0.51167502296563,0.0070898399514678,0.688111425899598,0.0479080273392553,0.513330396321311,0.0113168846217477,0.80808772734352,0.0826851196126094,0.511887687335241,0.00686981348731108
77,50.5,29.011491975882,0.663761069515997,0.0529739754459768,0.503925707782122,0.00404174226600685,0.655123510226628,0.0400738808835681,0.508551069160234,0.0137597778576285,0.809496804251377,0.0956297522236746,0.524986526315807,0.0131671207110245,0.627968236425201,0.0434512702855655,0.508021690140963,0.00460574394879894,0.690691705001177,0.0492486455944783,0.51794354123016,0.0118193559991596,0.804386333948992,0.0893291610249339,0.512758094764367,0.00706221357335055
78,50.5,29.011491975882,0.6638808623409,0.0511752238654761,0.503702495384644,0.00376764332356705,0.654795434477486,0.0402856533564322,0.509114004069092,0.0125433591531446,0.807525163263215,0.10026556947429,0.526002894853531,0.013866071552473,0.630104181821456,0.0422434096981195,0.507052353963714,0.00343205235587678,0.690954439903009,0.0497445850988358,0.513338439525655,0.00936392157407392,0.804468439906845,0.095574196618941,0.513422030550628,0.0064261063337934
79,50.5,29.011491975882,0.664584566866084,0.048608703735207,0.50296319267838,0.00338819388941664,0.654125289356691,0.0397520399889788,0.514026035025282,0.0149499608464723,0.805461512791171,0.10478481976944,0.523686887495859,0.0132634893111726,0.631758279698409,0.0409677381631147,0.507740065984137,0.0042259910876806,0.688871428269021,0.0502526478563105,0.512546629955074,0.00870741201535219,0.802276936250342,0.101076705633828,0.513120261117195,0.00626049075455178
80,50.5,29.011491975882,0.665595393296156,0.0461756986310634,0.502124458607253,0.00157848255229755,0.653619947108804,0.0398797481255306,0.513474121372068,0.0137250896578679,0.802214071970976,0.109373125015252,0.523908506865683,0.013079858960457,0.631970583048957,0.0390777052681157,0.507568574608014,0.0040460776624649,0.687126162933338,0.0515905011405254,0.512082437444547,0.0081568548453025,0.800061922766923,0.107835560254424,0.513153113276354,0.00643468268087817
81,50.5,29.011491975882,0.66654661780989,0.044779873753429,0.502794407924097,0.0029609295396837,0.651195699775665,0.0404588514579092,0.512947860958197,0.012974567144415,0.797071895585887,0.112135036951656,0.528896411518821,0.0154920840100188,0.631661216494567,0.0381494949492697,0.507238759647227,0.00370166880987348,0.686229367178737,0.0528543365363924,0.513388323471,0.00998980383464958,0.795511310117727,0.111847674410357,0.513349095911653,0.00754186100673242
82,50.5,29.011491975882,0.665782642807281,0.0443935472521443,0.503188056152987,0.00332439751755285,0.650150331499647,0.0414038508950634,0.512249674340522,0.0125817866671489,0.801583877284679,0.114269862651053,0.522248456563854,0.0129870839104258,0.631408963524952,0.0376889406406769,0.507549707608529,0.00521978060396406,0.684260243032754,0.0546610332916837,0.51569899739341,0.0125256826836286,0.793556383423164,0.114379113688776,0.51257431224584,0.00702677009029776
83,50.5,29.011491975882,0.665693952586009,0.0451833180771305,0.504290171105568,0.00419300405560615,0.648339908157083,0.0428690332901671,0.511329018845246,0.0115481389418911,0.802230508700327,0.112743366815171,0.522300469821719,0.0130723283496634,0.63346759744966,0.0380736918203134,0.506668517336386,0.00312802326889284,0.681739926429519,0.0575766796195778,0.512182818734683,0.00911325877314135,0.796397710956043,0.113691148572602,0.514230393627093,0.0110456657784153
84,50.5,29.011491975882,0.664663323635792,0.0467064498493883,0.503192148335891,0.00331439838612446,0.647837651926551,0.0443320061008611,0.512603024891409,0.0118610453527213,0.803038911368917,0.109399167152091,0.524359670248223,0.0134641660588361,0.630276403094122,0.0386018705075806,0.507742108372373,0.00587154474228859,0.681222783690928,0.0600376690464698,0.514082557022646,0.00980013138118225,0.797491221154047,0.11146827001462,0.510751777601922,0.00636383460964578
85,50.5,29.011491975882,0.663928307123877,0.0494808581911488,0.502783470571262,0.00308780118479843,0.646531131563987,0.0461875902475062,0.511787910374464,0.0109363053836515,0.805515864957156,0.106057433818942,0.525643241338381,0.0139233020611189,0.629836019005886,0.0404944891412212,0.506793698277228,0.00354173299736675,0.679644615607573,0.0622685299734904,0.511809888991999,0.00860770345373686,0.802123825540626,0.10791819071783,0.511022764317706,0.00599756558172204
86,50.5,29.011491975882,0.662624833464671,0.0525221695344068,0.504035615018564,0.00449158802585984,0.64523868859199,0.0485043060600747,0.512154396903727,0.0137879729861129,0.805129013438414,0.100340592602081,0.523747380366438,0.0129166391838937,0.628488288037418,0.0423919841598526,0.506536528836905,0.00354392292365132,0.67987813327283,0.0648823534625471,0.514054421911532,0.0106653501030155,0.800260473359066,0.102181943426316,0.51028294834122,0.00558673435180891
87,50.5,29.011491975882,0.66244663767027,0.0560852206373546,0.503648279954556,0.00390003564030873,0.643710003808096,0.0512911978012291,0.511727451312846,0.0138127084872986,0.805195827753546,0.0991793367755872,0.521043745591925,0.0156166076626994,0.628828269999264,0.0442212052223578,0.507912310928758,0.00457225262542125,0.67705948141153,0.0664817018552861,0.510736952595606,0.00754387895976739,0.803310723530416,0.0981878897756335,0.510274692712847,0.00522830637622308
88,50.5,29.011491975882,0.662741916407805,0.0589388106324862,0.502928315817586,0.00283566380794352,0.642728260853278,0.0545113833602286,0.510656034008566,0.0116883693294849,0.803227521223091,0.0985754545918113,0.524214223622021,0.0173419960322748,0.62873154158652,0.0452565702285871,0.50747453850002,0.00463166269532104,0.675337814323657,0.0689890293642848,0.511110677920141,0.00798967577094064,0.804704712353542,0.0943384143102906,0.509747152016494,0.00477404581163826
89,50.5,29.011491975882,0.66314951735026,0.0600897792850028,0.503573204730927,0.0042807372622657,0.640471320299822,0.0568688501730822,0.508159291836935,0.0110041647608454,0.803640295896029,0.0957265309505939,0.52694802888736,0.0176065280773663,0.629267510858125,0.0463233075339056,0.508283146493849,0.00560172352832041,0.673389352995033,0.0710789019291628,0.512915055685425,0.0102855064336312,0.802092289911769,0.0914262919298617,0.511207517973899,0.00539798078855734
90,50.5,29.011491975882,0.664735479132329,0.0609611091370732,0.501893890154563,0.00168835085778944,0.640333660040208,0.0589884896628112,0.512639575067472,0.0134682770115795,0.800460871635739,0.0952454955482982,0.525497092710553,0.0159796301523666,0.630181865893492,0.0473003604431322,0.508976103866049,0.00527894214106825,0.671879344158024,0.0726607013650107,0.510876992175801,0.00862048280514052,0.803514346157239,0.09086268461226,0.510882950962156,0.00594830019079878
91,50.5,29.011491975882,0.665068720462932,0.0602047261782772,0.501593522902543,0.00106350356838244,0.638990087019628,0.0600839069232378,0.512047858087304,0.012412763828615,0.801159891163658,0.094501498668371,0.524811096397904,0.0151295053289015,0.631917836898863,0.0477115470278047,0.506194553752187,0.00255629836518275,0.671297858816247,0.0736227869591119,0.511797819681714,0.00850246236267752,0.801556657380446,0.0888825601153222,0.512986064360076,0.00792892452985292
92,50.5,29.011491975882,0.666366672221133,0.059125748282035,0.501533214199356,0.00113705552565625,0.638615357492625,0.06146698920178,0.511251557585728,0.0116353090770156,0.801487547982039,0.0938654005191281,0.52312060355515,0.014455952906371,0.631903720481039,0.0467648009576521,0.508593184122498,0.00358000029596487,0.6693330940096,0.0738573589785971,0.510992831008448,0.0077414486861411,0.800755656014975,0.0892773761287157,0.512870941692632,0.0086151292785937
93,50.5,29.011491975882,0.667615223370446,0.0570527439729718,0.501516000544422,0.000849354585729564,0.637922152712346,0.0608665605599237,0.510913284756044,0.0112509619214742,0.80115350925779,0.092305557313794,0.52235325534477,0.0134744022916408,0.632557372752881,0.0448674835725446,0.507449202395605,0.00375110739603637,0.670293835330185,0.0741647620555944,0.511540567083214,0.00837976238391473,0.802725673242395,0.0872102009022813,0.511083321947267,0.00564619954686907
94,50.5,29.011491975882,0.668436588710505,0.0543155321588734,0.502822557587599,0.0032629347912008,0.637839724743216,0.0604944102879259,0.511461745730129,0.0111870407634988,0.799369617256751,0.0921967414874015,0.520771859332024,0.0124801346489089,0.634609365771043,0.0430018632711366,0.506251549039642,0.00252672981260853,0.670448111419621,0.0728268780185596,0.510830689979741,0.0074944515718753,0.7992856339997,0.0855206586541314,0.513625986271224,0.0102446190924027
95,50.5,29.011491975882,0.6704161974433,0.0516660316489344,0.501642316086727,0.000738171639900427,0.639202446210801,0.0600485865616323,0.510434891282384,0.00987673920075202,0.799045441840228,0.0933204944919488,0.52123603941986,0.0126850871436038,0.635335942952364,0.0405528308481207,0.506381783738889,0.00271008979810415,0.67211916455563,0.0715174624512624,0.511872687308986,0.0103553149707702,0.796126160700657,0.0851482375540451,0.513119207210449,0.00713235281078009
96,50.5,29.011491975882,0.671524395064829,0.049019604782657,0.50282137040705,0.00314986136931818,0.639802530524341,0.0579378771869622,0.51008616011193,0.00942714574306583,0.798148912165956,0.0945091741850509,0.521226833411766,0.0118448052397059,0.636862656804913,0.0380341890296019,0.506713101400844,0.00303449569883413,0.672246749874286,0.0689345504962419,0.50955913369993,0.00701657530953233,0.798573682405354,0.0868161031699234,0.510525278864977,0.00561135072994298
97,50.5,29.011491975882,0.673437398231034,0.0460160767258944,0.501831990062732,0.000707766815565847,0.640358948588438,0.0563075943978096,0.510129215994413,0.0108305447759587,0.791610235215429,0.096213520368886,0.523719731412012,0.0162135432461041,0.637572886131196,0.0355032019191987,0.507440202654941,0.00429585932478802,0.672597075276091,0.0660239790467631,0.508935684386294,0.00610469700136241,0.796111355255473,0.0903673389410293,0.510001014419621,0.00537709003076702
98,50.5,29.011491975882,0.674372940736608,0.0432093399190265,0.502148122334461,0.00168101447071944,0.641470852908483,0.0545439165624552,0.510379760491017,0.0103225896958225,0.792856726910359,0.0996203808841741,0.519253957646799,0.0101686668121083,0.63760658519739,0.0331843703872143,0.506773327078952,0.00390825395442669,0.674179381868735,0.0644740301473851,0.511551882847774,0.00939151396717142,0.791868655577188,0.0935541490286579,0.510043069727564,0.00513602328373159
99,50.5,29.011491975882,0.674775768631729,0.04075380849049,0.502226980177491,0.00180364112763121,0.64290669271752,0.0527768449914434,0.50958640610034,0.00956060353201971,0.790902910725136,0.0998624730392802,0.518650638710029,0.00976195596290252,0.637379217894593,0.0314588364853888,0.505779478957498,0.00286050585205193,0.676785063353735,0.0629800558238735,0.514167104070825,0.0102126152410105,0.788143193771197,0.0956485269424544,0.509936892009495,0.00465408770018596
100,50.5,29.011491975882,0.675282879585438,0.0391020662190466,0.502084831632848,0.0013904691380682,0.643778100437678,0.0512692341967965,0.509074620179869,0.00901566823997045,0.790436744693627,0.100255959330416,0.517696408280508,0.00899928999682703,0.636484676224588,0.0295713530027961,0.507148850732476,0.00456043094531355,0.678867254301146,0.0615894352829011,0.513905920474023,0.0129747197996927,0.787969214572995,0.0951571897159937,0.509131168288361,0.00425394063049153
101,50.5,29.011491975882,0.674701574855823,0.0385893749873152,0.502822703629061,0.00288039751502406,0.643616928261891,0.0496961586966544,0.508349928621527,0.00806092729202422,0.793046460496131,0.0987985216440214,0.51792291457565,0.0089586954449818,0.637142275692301,0.0286994692019,0.507720980659581,0.00466079028285713,0.679569141109803,0.0603894492032451,0.511085619042184,0.00944708108241064,0.789702548894288,0.0970270956571977,0.509928344044538,0.00466721262046879
102,50.5,29.011491975882,0.675368062645581,0.0386635039837681,0.503176218277136,0.00303794768129944,0.644185652031087,0.0483698783987469,0.51102135784012,0.0103579286558614,0.792217756507675,0.0981359667800994,0.517005218345305,0.00796794050431156,0.638636065689286,0.0296755475657012,0.507788050408841,0.00497142956731564,0.680809282290193,0.059373892373135,0.512105369752544,0.009155818255731,0.788674816555523,0.0970046796984077,0.51136032351641,0.0083183844773565
103,50.5,29.011491975882,0.674691307728217,0.038382342983414,0.505001510805645,0.0040800241350536,0.643311318305139,0.0476337740570033,0.512144208569655,0.012452222797452,0.792259656537873,0.0991464602816035,0.516216526383172,0.00700695315290157,0.638936023661958,0.0302254446758403,0.509163266808829,0.00539555799468534,0.680354692682696,0.058566970807039,0.510421809913833,0.00751939772046775,0.791868991951785,0.0979972370588362,0.509356727869356,0.00420661068261331
104,50.5,29.011491975882,0.677288045318965,0.0389346835408214,0.501893832676024,0.00142473132528637,0.644456009108526,0.0476633520853893,0.510791950728029,0.0111351723328885,0.790263718466798,0.0948991330922033,0.525211857637167,0.020019684001815,0.638814640060359,0.0306708305911562,0.507707871021777,0.00502465117548864,0.681947049803502,0.0591874547566146,0.514243646152971,0.0101353014925216,0.788506785530048,0.0960359017127943,0.511290029337188,0.00849900106783302
105,50.5,29.011491975882,0.676346410448828,0.0390705884187073,0.502256147665519,0.00221993754490132,0.646712706453154,0.0480801842392959,0.510385819472928,0.0105425871809868,0.794962003874613,0.0950190690941641,0.520354881478641,0.0131303977949958,0.638152232675725,0.0315301688114617,0.508877554429003,0.00558596182113222,0.683416432525192,0.0595552811742013,0.513688836879009,0.00929867585009368,0.790092696034229,0.0952934691584272,0.511406091903944,0.007624428304532
106,50.5,29.011491975882,0.675690830369466,0.0405273460450032,0.502016035255059,0.00157936502511276,0.647456171372658,0.0482767263187941,0.510038419946785,0.00994893451486785,0.796593705226208,0.0971367254665055,0.519677760230939,0.0125151640981857,0.637933531873849,0.0330333337588392,0.50954477213516,0.00530961297150049,0.6830970579773,0.059341988241465,0.511918436924657,0.00783369870038811,0.794593317648342,0.0970796556500719,0.509689819884968,0.00429316972536986
107,50.5,29.011491975882,0.675323716796395,0.0412714988344945,0.502104781755595,0.00163291947737396,0.647169422593572,0.0489959318715501,0.509312881565372,0.00926650679649728,0.796943451405544,0.0992027243606474,0.518898322261362,0.0119105078728301,0.637538381968234,0.0340061853305993,0.50834884878799,0.00570962873451249,0.684152391782042,0.0608606323602258,0.51384599989793,0.00947470365341627,0.79210875954805,0.0970050759461645,0.510148954958133,0.00498693474549913
108,50.5,29.011491975882,0.675237012481779,0.0421631927310357,0.503008253198582,0.00350521168759175,0.646817602657426,0.0502937541522071,0.508759500392231,0.00900314407135036,0.796651009476632,0.100497392695584,0.519083424938185,0.0105088827930777,0.638038228509715,0.0352394439449669,0.507024927472681,0.00433491686280179,0.683999619295983,0.0624932765607271,0.512614268481829,0.00930748205308877,0.791067410388686,0.0994940864764581,0.510416462854532,0.00557689739420844
109,50.5,29.011491975882,0.673884341586547,0.0432131210873104,0.503953653093511,0.00421055562342944,0.644849167071553,0.0513422905341132,0.508563858195811,0.0106400596658964,0.79474159279272,0.102889434760145,0.519307093905037,0.0109543385466151,0.638128329607516,0.036620926811726,0.507060019288418,0.00416957622517515,0.682435932160962,0.064335673672679,0.512205211124297,0.00905579596732551,0.788390346878545,0.102291293399543,0.509888833410801,0.00519856970961759
110,50.5,29.011491975882,0.674853321249592,0.0449677784797293,0.502063816346749,0.00149013350495791,0.644756046978824,0.0528898611221135,0.513265952785312,0.0120011732583668,0.792935303019881,0.10318262595227,0.518206838786686,0.0106135723528583,0.637058038599747,0.0375905453581523,0.509216189276503,0.0056992848336813,0.679821476476727,0.0656059895149176,0.509459362132288,0.00598195972914318,0.790435520164838,0.104697083075149,0.509666996325587,0.0051597314899108
111,50.5,29.011491975882,0.673091501998771,0.0456324621211665,0.504881410699133,0.00416563783246831,0.642684223126145,0.0543003825010892,0.512720263673974,0.01145577995729,0.793712973525432,0.103521778000996,0.516513059852356,0.00802859491404761,0.638164915030202,0.0386152247119942,0.506670450825489,0.00374534299590627,0.67937359999164,0.0678331731363389,0.51126083348528,0.00751779725571854,0.791141289438317,0.103467058631294,0.509319888099426,0.00494490568855123
112,50.5,29.011491975882,0.673813205691635,0.0464022904101411,0.503104388578033,0.00317098693785263,0.642503864464686,0.0565541805341665,0.5120189863204,0.0113186934992331,0.795575744803752,0.10014965571043,0.521922975125997,0.0143285400349833,0.637977507741213,0.0387126042215502,0.50655675600159,0.00362408487644595,0.678982273469572,0.0702915282513596,0.510775237614676,0.00769274694847101,0.793855432879305,0.100904258292158,0.508931757527164,0.00466606386876772
113,50.5,29.011491975882,0.674454393286009,0.0460155257049856,0.501777857431198,0.00105320506978309,0.643161738323617,0.0579892115437424,0.51135087701583,0.0106706130589333,0.798331498346231,0.0969918876613155,0.522090919101471,0.015801299484372,0.637673287397397,0.0369187476928688,0.508186873786704,0.00543330841983989,0.67732978242581,0.0713373260722499,0.509886414709335,0.00656491076154062,0.79821917589562,0.0976244310933942,0.508755551388878,0.00435911662965152
114,50.5,29.011491975882,0.673161237665671,0.0437132619977618,0.504010405824696,0.00374613871951056,0.642016870207712,0.0584479083700969,0.510828683790451,0.0102583910658749,0.79833864150401,0.0945343871191135,0.520510868905254,0.0137562943841462,0.638061037161124,0.0352796517076007,0.506768108360584,0.00460366143462871,0.678205829514159,0.0730286485906975,0.509460176527868,0.00665498462144997,0.798423404594058,0.0933472985746229,0.509712667765857,0.00650224498898551
115,50.5,29.011491975882,0.672768444965388,0.0438191963141187,0.504651391461852,0.00438903271615911,0.640961115464213,0.0580729171175026,0.509349215414086,0.0102719768611734,0.799635552528795,0.0932979226285288,0.522070298279489,0.0157922320366494,0.636033520424468,0.0344400767256406,0.508819084803036,0.0059408307522509,0.676736567633373,0.0727480713967412,0.512288148324797,0.00925454349519992,0.79572037248235,0.089241535926218,0.50943569427584,0.00610594312240337
116,50.5,29.011491975882,0.672786536514192,0.0437030830216975,0.502618017615909,0.00269239248606264,0.642561781551412,0.058139243505282,0.513074547566947,0.013135463560914,0.801268551111954,0.0872055076626609,0.522275531476493,0.0160549060582361,0.635753097953332,0.0344158590497308,0.506822995212535,0.0041484041742859,0.677126079111916,0.0734544614414865,0.51335205031985,0.0125212572340428,0.796891028853114,0.0865888610024187,0.509340748599261,0.0066669415581375
117,50.5,29.011491975882,0.67285990229895,0.0441961866152251,0.502797557038698,0.00297813765885774,0.642180817719067,0.0585119614526734,0.512286466433824,0.0130158503033139,0.801883999261133,0.084497347014228,0.523232792592927,0.0167363725340793,0.636564255935268,0.0346890086982345,0.507194864883569,0.00419822326308539,0.675643453283045,0.0732433974233673,0.511410345277696,0.00772007770260218,0.800144693292458,0.0849195107386849,0.509152438084719,0.00638747366664845
118,50.5,29.011491975882,0.672898532825827,0.0443049219219636,0.50192606705702,0.00143795265768188,0.642843175699974,0.0580660661166336,0.513669972476589,0.0139161162556509,0.802655405487735,0.0829571150140219,0.522526698389573,0.0155304829192958,0.636180291801019,0.035039901327025,0.50576477810261,0.002989216972426,0.676311920670846,0.0729281066430418,0.511630326303917,0.00743403289033769,0.801744769441733,0.0824175807262693,0.508329227473242,0.00552394090395003
119,50.5,29.011491975882,0.671715605466769,0.0446788124575636,0.502904576910303,0.00294214111204224,0.643286660766611,0.0566907119101656,0.512811519836953,0.0133789628090734,0.803559485609521,0.0835780162465043,0.52133796927466,0.0139324123972949,0.636536535439518,0.0352928970230513,0.505423232862607,0.00274590615607033,0.67649916565729,0.0718369171910044,0.510973540255447,0.00716081857399688,0.801978057247163,0.0810398443768605,0.508064987741413,0.00511734982253576
120,50.5,29.011491975882,0.672288935335998,0.0456682667226529,0.501681632125407,0.00142486225501964,0.644036191851445,0.055935807996749,0.513486171306359,0.0143327047169877,0.806394322313293,0.0822048845774978,0.520599036145305,0.0140449153883217,0.635760960797169,0.035126295972911,0.506560760451427,0.00493560017481606,0.676842284687111,0.0702207848326756,0.510285428361534,0.00641629371814427,0.80348580690453,0.0798948947347983,0.507899616574084,0.00485218732449132
121,50.5,29.011491975882,0.672436905921927,0.0456757299652545,0.502659812969979,0.00294188328901902,0.644464078272733,0.0550616506839336,0.512958016134657,0.0137709423802724,0.807947193994376,0.0822728555370386,0.519955623436286,0.0130115043066936,0.635694242457614,0.0355063873805453,0.506324429323488,0.00341639499635449,0.677965851014691,0.0688748581970866,0.512437183407745,0.0084238619379665,0.801289632182393,0.07756005368113,0.507587057939654,0.00469248458722358
122,50.5,29.011491975882,0.673076820749254,0.0464449795659271,0.501557486220014,0.000554188544953997,0.645584254214637,0.0541861125046193,0.512187134209199,0.0134307602921814,0.809457891651512,0.0812860345645348,0.52111908312964,0.0141729477393577,0.635945335974233,0.0363237253504501,0.506663242401079,0.00454726389495451,0.67878651286254,0.0667128381535359,0.510132279406369,0.00662760422538025,0.803918118284084,0.075622619319408,0.508262446843723,0.00517938313485878
123,50.5,29.011491975882,0.672962945508173,0.0474058348569571,0.501525452880869,0.000575334153091777,0.647712203358272,0.0528092041167221,0.511540639727486,0.0127309276908306,0.810034123381251,0.0819541525644797,0.520063086514736,0.0132025940637464,0.634895754874811,0.036489853640416,0.509476718970287,0.00490088549964499,0.678939166779714,0.0639921279292169,0.50990675851341,0.00850070744318084,0.802912762498255,0.0738927682162237,0.50806177565223,0.00507111711777747
124,50.5,29.011491975882,0.67381263045974,0.0491081010668606,0.501512816017216,0.000532966420199538,0.647248998840561,0.050881834647422,0.511467053958299,0.0115406405773276,0.797141702821682,0.0857300211539711,0.528698275210047,0.0244619550019087,0.634563180900777,0.0375066114601011,0.508431099880824,0.00477297498636756,0.679882439394864,0.0616868231418655,0.512403905323512,0.00938234437470276,0.801564313737933,0.0771525323794721,0.507640407431294,0.0047637153893839
125,50.5,29.011491975882,0.672686264694329,0.0505435533959344,0.502728959402496,0.00268326108817762,0.64868707767894,0.0497140402491829,0.510521152155917,0.0120285558661681,0.80428964243502,0.0902101574820768,0.518065355100116,0.0112976617031349,0.634303420935396,0.0385391793308687,0.507918056934958,0.00637619220193077,0.681177222965229,0.06055702822477,0.512954161434361,0.0113121488272133,0.799370788497882,0.0792724568620564,0.508539224032511,0.00583884746196044
126,50.5,29.011491975882,0.672581664823366,0.0514982316370038,0.504410026013309,0.00368521411867073,0.648765576148166,0.048517625896534,0.507956326464308,0.00958701451209102,0.80266477908697,0.0947614813113842,0.518570194062405,0.0108776158846836,0.633817942061599,0.0384425329434619,0.509493557381616,0.00661741713408944,0.680768345965696,0.0595668919044049,0.511609431291788,0.0106616555033618,0.797913658642301,0.0840073766911659,0.510251068047917,0.0074983782165602
127,50.5,29.011491975882,0.673648428599168,0.0513490512659831,0.502272523805249,0.00161979699889523,0.649957068803177,0.0481756226914682,0.512034512906382,0.0126568170266965,0.800070664907698,0.0950407619043897,0.517344697613586,0.0101231831506704,0.635190148784332,0.0385148110322358,0.505866709315883,0.00338916960033934,0.685145907388494,0.059972848754457,0.517697972784171,0.0126279358376627,0.791644176038098,0.0860450618358976,0.513480961313413,0.00998355826739559
128,50.5,29.011491975882,0.674338551580104,0.051232225911859,0.50215901604738,0.00148012890559581,0.65084538088532,0.0464465175195501,0.511392987785929,0.0117988397111424,0.798298273435203,0.0942126078291882,0.518014076135558,0.0105029367586433,0.63605335694932,0.0381218220723957,0.506524689915109,0.00359520038924986,0.686625257611626,0.0588653907041041,0.515861651127264,0.0117322805691645,0.79734617126179,0.087197835756379,0.510240787303816,0.00726120417185663
129,50.5,29.011491975882,0.674758233643068,0.0503061517642623,0.502145709306712,0.00169735369514848,0.651871500108105,0.0447205190104215,0.510608153020261,0.0107079008717786,0.796935262246561,0.0935867593319002,0.517296150695403,0.00882468249487569,0.637491915602171,0.0373464533366623,0.507531359364007,0.00564161707391206,0.68599888866332,0.0560415199257646,0.513990217527716,0.0105371467852112,0.797429456409735,0.0888786025909462,0.510391949946132,0.00737267840249296
130,50.5,29.011491975882,0.675874901686633,0.0485541845727188,0.503088107747886,0.00255571243299372,0.651739906277467,0.0430741565005662,0.509615656765305,0.0101742350310069,0.797441480718795,0.0952336237928077,0.516722586127633,0.0078804530124454,0.636717832706344,0.0361644281918873,0.509076742498477,0.00570303321706556,0.686207209634503,0.0545385333332036,0.517192947392696,0.0135486686073504,0.795199203818288,0.0882378781388186,0.510041701576544,0.00675655224991778
131,50.5,29.011491975882,0.675123861575867,0.046671422738882,0.504146021351695,0.00548128735913852,0.651336007129023,0.0418473380874427,0.509567784831412,0.0126554167454787,0.801283311556289,0.0954075889884181,0.517329865617672,0.009305970463947,0.6391157584525,0.0351263455624103,0.506938657715146,0.00472397956042024,0.687693468145564,0.0529284115880826,0.515586990011809,0.011645836403966,0.796608670591881,0.0923159874543053,0.513350533184088,0.00723022009962938
132,50.5,29.011491975882,0.676410301999583,0.0455419825781302,0.502059264485033,0.00181719045187663,0.653068390064794,0.0416221950575555,0.513860845404205,0.0134146249535306,0.798240022740583,0.0982692993001138,0.516649618750859,0.0111501158024399,0.64009706837799,0.0342388920495332,0.505529250082577,0.0031242691767805,0.688289469312036,0.0527450929269875,0.514738921000693,0.00940234296202953,0.797073081038747,0.095750555195259,0.514303954362496,0.00814712179580878
133,50.5,29.011491975882,0.67645213399436,0.0441736923965237,0.501957465158129,0.00149646008281396,0.652844205407973,0.0414110291175248,0.513342038080403,0.0128084511775747,0.799413957512493,0.100354573995544,0.516088856803247,0.0101674682289732,0.640195780802549,0.0326795470385144,0.506168134550797,0.00406162402629074,0.687590632281162,0.0530405585664755,0.514208749409424,0.00985675141753027,0.797837309984866,0.098390581426903,0.514088985458082,0.00759752082736583
134,50.5,29.011491975882,0.676543954806295,0.0430995198790291,0.501989194657499,0.00109831630139856,0.652114233709092,0.0420171130525626,0.512629060156454,0.0120543716221341,0.801180803054556,0.10274419667579,0.516201708013657,0.0113454314676266,0.640328587956253,0.0319685389404782,0.5044367698539,0.00166513530906528,0.687249361703193,0.0543685468127096,0.51508017813708,0.0107685695866202,0.797232498529468,0.100429396342349,0.513789317127481,0.00769468172200186
135,50.5,29.011491975882,0.676173767804461,0.0431785429969646,0.503021696487725,0.00348595163294491,0.651002249056424,0.0430285940700358,0.511964663993227,0.0113653822542687,0.801720195197966,0.103256818102576,0.515475340956261,0.00882409873522171,0.639866350069201,0.0323302847047404,0.506017903223384,0.0052568571181482,0.68482691957351,0.0551193184987302,0.512684591548294,0.00786608858679452,0.797703092387627,0.10223070273047,0.513472941045513,0.00727023292807097
136,50.5,29.011491975882,0.677935375302856,0.0427026931353858,0.501882972018742,0.00138233979805388,0.650199162449362,0.0444550633023555,0.513693573313757,0.0111955231458148,0.800530130158916,0.103452133516568,0.519803973476732,0.0146853663896986,0.640432947295364,0.0330133922909716,0.506656902353816,0.00442549787513418,0.683276459881744,0.0560457476522256,0.513062302868252,0.00816093209234483,0.799630074167923,0.102648442177898,0.512602958970364,0.006762452369749
137,50.5,29.011491975882,0.677709451519635,0.0416342631204597,0.502294126314442,0.00225541599714229,0.650514917395002,0.0462208198743414,0.513004438914732,0.0107066555396457,0.806616078424198,0.105122313002086,0.514813343925767,0.00742689609179669,0.640758732073519,0.0328166038376548,0.504357302269641,0.00224860905224902,0.684357056602552,0.0580687722751416,0.514597826655322,0.0110543159805314,0.797417089608283,0.101808112602039,0.514075171385736,0.00637509153474654
138,50.5,29.011491975882,0.677360066560014,0.0403010920837245,0.503014061599011,0.0033874968410447,0.649328253576179,0.046984123926569,0.512335891368158,0.0103158460362489,0.80754256165137,0.105906723701964,0.516159999799378,0.00751234226978055,0.640885095940785,0.0320088920479308,0.506072268474597,0.00365007147403735,0.68172964546468,0.0586310808002947,0.512128960321589,0.00702269460898197,0.800205515317882,0.102697349587483,0.513403584066215,0.00591731990175552
139,50.5,29.011491975882,0.678795776458571,0.0391758863084675,0.502050250078993,0.00169888798929644,0.648899950535339,0.0482826114546787,0.512779698416232,0.0124140680958567,0.807572036895811,0.104967218676215,0.51541694810716,0.00744434788577906,0.6398034563644,0.0313545423021436,0.505110359258836,0.0033805569217715,0.682781361917363,0.0609344649313774,0.51658219904641,0.0121584322559683,0.797742738336016,0.10085159280174,0.513339802736612,0.00632478402358722
140,50.5,29.011491975882,0.679120559251405,0.0399483111899569,0.502911071167333,0.00342302340127905,0.64760400772624,0.0481644486431083,0.510498511321946,0.0103160489742221,0.801743903926043,0.101963458120805,0.520686395611847,0.0143105568064883,0.640535586997801,0.0318063119966711,0.506841027277487,0.00632577983991054,0.680497866575581,0.0612744788182537,0.510373406677421,0.00563700171746986,0.802276579531429,0.101485100577168,0.514017295888082,0.00669270141694447
141,50.5,29.011491975882,0.678805069536964,0.0400292681434446,0.502588339774842,0.00192406608779754,0.648850570254583,0.0481188104132247,0.513051591261394,0.0140213519298124,0.807844317011745,0.10449050382321,0.514896450967063,0.00603423263749315,0.640400573849316,0.0320335164467778,0.504980027452588,0.00266571695447471,0.682167474809682,0.061472521985358,0.511434180044702,0.00811909103824241,0.803678195887071,0.10127480790325,0.513363743194343,0.00705069091049251
142,50.5,29.011491975882,0.679268707009186,0.0406887692799677,0.502485173855137,0.00178369218801582,0.649714090160919,0.0468443649195527,0.512418899821898,0.0131242625827568,0.808053310033961,0.104894886214053,0.515028425389742,0.0079711638899166,0.638861348720549,0.0317883745339333,0.509166286397044,0.00559896670238754,0.681446269787062,0.0592574717272384,0.510755302527728,0.00665953578267862,0.80486499806973,0.101796284952651,0.512522088258372,0.00667280239758711
143,50.5,29.011491975882,0.679297392315141,0.0406364201699001,0.502520908889248,0.00197209079870501,0.650385544446224,0.0452583664545317,0.511488478159103,0.0124454136539827,0.808894359405374,0.104000837478143,0.514367693197427,0.0051286024730726,0.639531054917895,0.0316582608632321,0.50566480394501,0.00336684508102433,0.683312565426386,0.0568936781484614,0.512744603100028,0.00796161595953729,0.805933413626757,0.100852450262511,0.513458550250076,0.00636567842185952
144,50.5,29.011491975882,0.678911390310648,0.0403189576617669,0.503421330034039,0.00291760826244305,0.65074264982758,0.0427632098913799,0.511510485035637,0.0118951331067712,0.80936035724249,0.104405384829422,0.51413087530427,0.00480878684394592,0.6402197481862,0.0319553078486324,0.504826009177274,0.00274398253502963,0.685199360004059,0.054040535571385,0.512125655767307,0.00811867781169966,0.80664365171505,0.100226886227639,0.512504389659936,0.00591590939579247
145,50.5,29.011491975882,0.679328363847514,0.0402681428764498,0.503258387496676,0.00368357651885544,0.650484670888138,0.0401701423106556,0.509718531996548,0.0106678233214617,0.805701027290831,0.105641773846437,0.520801705089182,0.0154174345332768,0.640180896487431,0.0316521772374036,0.505551734138413,0.00376791496765157,0.684621292554125,0.0512067705599571,0.510837215899675,0.00757322960153916,0.804955506376923,0.0991189758767066,0.514377993517063,0.00880513231482596
146,50.5,29.011491975882,0.677401980619377,0.0401743429477763,0.503680981584607,0.0035366413874822,0.651453807204984,0.0379906456787307,0.513131181430848,0.010913535945766,0.810296833552144,0.105403344557943,0.514912303002388,0.0080682988887615,0.63902933557504,0.031458424156806,0.506092100840083,0.00432818699142933,0.685618385362795,0.0486843829852339,0.511806563356401,0.00784438650507197,0.808035493790583,0.0995737528193722,0.5117374343727,0.00516994912766364
147,50.5,29.011491975882,0.675926516091317,0.0413208060332462,0.504767096127786,0.00399268002988252,0.651886945537528,0.0350175914829724,0.512859032719778,0.0105231995173084,0.812044019711846,0.105723434910584,0.516593463880876,0.00884480203552966,0.637857114354609,0.0319247662045785,0.506965363073043,0.00589036171798651,0.687084392293332,0.0466221325250853,0.515075722299194,0.0119740893278142,0.802813884820835,0.0978009726279474,0.511980128365517,0.00526298902258645
148,50.5,29.011491975882,0.676108163809353,0.042435519492085,0.50319954406079,0.00301504250372977,0.652132826590857,0.0329707154531717,0.514193228890551,0.0115982260525077,0.810370414402759,0.107071517462282,0.518668411798077,0.0119280616591833,0.635916852594858,0.0330945593762717,0.508126934484139,0.00404624393130196,0.686784454192983,0.0447642618738042,0.518094106489398,0.0124122429516114,0.800237050967592,0.100782097158218,0.512028625629874,0.00508333642914213
149,50.5,29.011491975882,0.674601394495763,0.0442004591794885,0.502280981564519,0.0013516027123829,0.653109599069199,0.0312275906718332,0.513666456176183,0.0111195284569054,0.811931874086937,0.108664896898248,0.519975497053917,0.0130447492578866,0.635905696581908,0.0346405684593403,0.510164609310452,0.00625978502372492,0.685333865566506,0.0423570343296554,0.512958551126593,0.00945423712957194,0.807092948011901,0.102677438821564,0.511435116947455,0.00516150137215715
150,50.5,29.011491975882,0.673280949764998,0.0451319989488634,0.503307981792983,0.00378841967376509,0.653838406209284,0.0292793376939253,0.513268300089492,0.0110763953289634,0.813108630063294,0.107160355737356,0.519285637195703,0.0121418016307541,0.63423692838202,0.0351511516259466,0.508767148619964,0.00563001966256099,0.687125306654816,0.0403501805120676,0.51491297391728,0.0103622993168407,0.807167651467525,0.0996155390793104,0.511660173159338,0.00516364483536811
151,50.5,29.011491975882,0.671397289701492,0.0454255811142802,0.505012729558644,0.00419713117953197,0.65380399853802,0.027110875198754,0.515806859957529,0.0194739164400942,0.803765282909703,0.103268544731132,0.528000081869905,0.0175652853481923,0.634762486108366,0.0369297212841531,0.505612873125765,0.00260363030376221,0.689464693765073,0.0381652216070775,0.514758380363523,0.0106653726913974,0.807433023884045,0.0984139080148141,0.512336247201471,0.00567853941329237
152,50.5,29.011491975882,0.670949953703381,0.0464302713396332,0.503695864819406,0.00380744637421787,0.656529613751215,0.0259119771620983,0.516128243022191,0.0134495719327464,0.816100408447792,0.0987054534214458,0.520278738880798,0.0122794153801847,0.633955312580108,0.0379417116289975,0.505654771983825,0.00282050762985275,0.690223452993001,0.0356959260312394,0.51405971789419,0.00979056039671999,0.807935693069814,0.0961198979656023,0.51185307587965,0.00528577126879171
153,50.5,29.011491975882,0.670762479317364,0.047343271110538,0.502558218821904,0.00188560686584781,0.658070383371393,0.0246993004569613,0.514883992452706,0.0125008017255752,0.818028345539974,0.0949791565927556,0.521244106359717,0.0134644913674281,0.633542293802389,0.0384395833191397,0.506561192136502,0.00471276719187717,0.690224378048558,0.0339513939550438,0.513955348139282,0.00918438754288568,0.808619309476155,0.0935734875976239,0.511432884969527,0.00492088215505979
154,50.5,29.011491975882,0.670942257015666,0.0480472394294378,0.502475356351743,0.00178302492079759,0.658922801871488,0.0233022672138443,0.514435122493968,0.0132072018364995,0.8198436233183,0.0923781798602385,0.520736685084472,0.0127897722612642,0.633693847954179,0.0392364509547617,0.505288342796462,0.00234409314414235,0.691387217486804,0.032736057733896,0.514527497170759,0.00915964747662863,0.809100554218494,0.0907676502575392,0.510967900873597,0.00453312106323805
155,50.5,29.011491975882,0.670410642619538,0.0484320312189473,0.503644457319929,0.00339998318217156,0.659319478559592,0.0233620841508974,0.512706935772964,0.0109579397894737,0.822295501917864,0.0901001715382616,0.520809566635126,0.0122657881010509,0.633151091041412,0.0394450898460273,0.507822115503416,0.00587101249714909,0.690611169427584,0.0315010703173936,0.512838611852986,0.00842846454503631,0.809074865016901,0.0889783865035498,0.510001153283954,0.00457077882554374
156,50.5,29.011491975882,0.670169391380599,0.0482723179467204,0.502635628126956,0.0026842534321549,0.660123839619844,0.0239357254864606,0.513291892508196,0.0113635583112069,0.82337247635438,0.0882052522124043,0.519293076853905,0.0111159710318554,0.632433324077256,0.0391056719532962,0.506998680899404,0.00449163823646123,0.692210172011533,0.0324791150069139,0.514522576023289,0.00989319687432172,0.808158351392966,0.0876518344020479,0.510717341345771,0.00500682593726793
157,50.5,29.011491975882,0.669080921812405,0.0485374371615499,0.503397399928579,0.00350481822900131,0.660102508988477,0.0248386934489487,0.51333699068887,0.0118246100471598,0.825502532294824,0.0851056288716474,0.518035045470414,0.00963192725985447,0.631149500227893,0.0395769993231858,0.506502075443906,0.00448724839407119,0.693869071251624,0.032378364018937,0.518187862929752,0.0133014092107191,0.803081360954045,0.0810259780568148,0.514104177379014,0.00708165721254036
158,50.5,29.011491975882,0.668741252904514,0.0490207251396195,0.502275010712795,0.00155658018250136,0.660192387050499,0.0255312758892627,0.514984474709265,0.013430568314715,0.828579276316498,0.0819629445671854,0.518722249617241,0.0096803843934011,0.631096387347618,0.0402339810549053,0.507727916458463,0.0049747973345132,0.693997622203953,0.0320709034047649,0.516561093772175,0.0114075336482784,0.808792343956353,0.0776985373700595,0.511917997336633,0.00632923707644572
159,50.5,29.011491975882,0.667823219232948,0.04930826484338,0.504638528631226,0.00495208775007742,0.658914231401756,0.0251925933057544,0.512830754513386,0.0133018893534134,0.828719625377186,0.0808992905501319,0.518606031755845,0.00952916135321951,0.631640375801079,0.0406592930252028,0.507063017973574,0.00371312655565315,0.695794210560169,0.032037959396008,0.515524729319108,0.00967731600138763,0.812460502137608,0.0743322484881938,0.51119464898463,0.0066086393559381
160,50.5,29.011491975882,0.667210197173541,0.0490452618625634,0.504147515821447,0.00383942299654434,0.658895724441895,0.0252119154617173,0.516006075833125,0.0137622804845631,0.829973777291837,0.0778771914355348,0.518485724201524,0.0096633921596883,0.63132341856559,0.040516249611805,0.507898381284516,0.00507167290004036,0.694265219124149,0.0311184152489303,0.515427197107249,0.00949828130051857,0.814857021556986,0.0688948445380109,0.510983630171021,0.00619778297103512
161,50.5,29.011491975882,0.667960260509843,0.0495115076876498,0.501991778677416,0.00149115249513473,0.659067007035318,0.0253053719139637,0.51792360822151,0.0152749367019429,0.830520832874228,0.0777566416055039,0.517181933724586,0.00851659455359057,0.63179651200553,0.0410626684761367,0.507038888271993,0.00423346372501332,0.694309057675366,0.0305211912593194,0.516183213255306,0.00988832443687441,0.8148005937624,0.069398999786457,0.510188730934494,0.00569658923113163
162,50.5,29.011491975882,0.667004217026702,0.0492940029889225,0.504010837047898,0.00374751801243217,0.656933957231941,0.0263132240547367,0.514778326677405,0.0146208253263449,0.830490057460831,0.0784904790133644,0.517590017787409,0.00836595273562817,0.631084708476833,0.0411948841093946,0.506799572498692,0.00377133007512328,0.693339953648381,0.031089820770208,0.5185490865089,0.0111586442474176,0.812391526503749,0.0694392160809313,0.509995857799141,0.00532805317611099
163,50.5,29.011491975882,0.66755738227694,0.0509117539954789,0.502750760455954,0.00313954435199414,0.656104977595717,0.0271538221021192,0.51646714741729,0.0136393247985336,0.823829269487253,0.0771330078156519,0.524181726443445,0.0158847055711372,0.630776069835858,0.0420905060092611,0.507644443422293,0.00584523458926155,0.691577895676122,0.0315855185429369,0.516858300794696,0.0110147412858427,0.813306221475262,0.0711919553417725,0.509545425389479,0.00509829277373718
164,50.5,29.011491975882,0.666231134235314,0.0524411411942004,0.503189223154895,0.00340687929624219,0.657036743315367,0.0277439281480961,0.517236448130822,0.0158430285806355,0.829133327125843,0.0769203743058175,0.519111050446695,0.0100593221541737,0.630871515096063,0.0431981414995698,0.505625286823153,0.00332748526153822,0.691628776745453,0.0323504406416083,0.516498808238734,0.00847214374528397,0.815821255964646,0.0707841277667853,0.509701564194967,0.00481415953373312
165,50.5,29.011491975882,0.664957343330364,0.0542897454068858,0.504156873656366,0.00458117602477629,0.657011006133551,0.0281360044516998,0.518540914179825,0.0159706724598377,0.830763486927961,0.074780852732678,0.517750862821506,0.00975726600854288,0.629862805281026,0.0439971159808886,0.507150321835657,0.00469373258201161,0.69118162090933,0.0326627835582257,0.515984726624611,0.00834654846715345,0.81675954037068,0.0704396970252705,0.509441646741072,0.00458608659080397
166,50.5,29.011491975882,0.665083436084046,0.0562127035407561,0.50192590124818,0.00155448584047278,0.658580581851034,0.0281050624968922,0.516302367046474,0.0140254619965646,0.832104552410654,0.0743608728117726,0.522160388519055,0.0128012275205942,0.630084907260874,0.0453101224029373,0.505194398362302,0.00293946064329133,0.693455505779108,0.0321637969422549,0.516232246849708,0.00958186148868207,0.818558830347394,0.070309786694081,0.508957624111471,0.00397280687270569
167,50.5,29.011491975882,0.664047666497899,0.0572294796899341,0.503294156078532,0.00365429858289143,0.65796131946367,0.0276190229235661,0.515435441598179,0.0131530550424954,0.832607981838761,0.0739971572804844,0.521676215926695,0.0120314999888718,0.62889389542961,0.0451869860742319,0.506920117232395,0.00467960924806652,0.693609057695612,0.0312517288940429,0.51738576933041,0.0132029761969333,0.816843993744623,0.0687987652763482,0.508994797580385,0.00407146125277905
168,50.5,29.011491975882,0.663159937400907,0.0572548118523797,0.503047776466985,0.00405838622525906,0.659591102720965,0.0271098396008574,0.522243393330505,0.021908861445919,0.827203712822004,0.0753132630593011,0.517979847987671,0.00971519485023293,0.629967405181849,0.0448111293665263,0.50505011006277,0.00273558883022867,0.69457577264306,0.0303467458655646,0.514671489570242,0.00841198491021751,0.819269091138092,0.0687411583986467,0.509554284305263,0.0058211359686448
169,50.5,29.011491975882,0.664453690932589,0.0576497398018104,0.502317131703883,0.00212512484432455,0.659056313898483,0.0267141721602364,0.517482588247532,0.014651585795157,0.832006657337368,0.0742811215874636,0.519692855630986,0.0101507822879896,0.630341043932978,0.0441384790357443,0.506248803730546,0.00477851622378714,0.694484448197286,0.0296906350171374,0.513918924742747,0.0078269984944384,0.819246828436153,0.0694386629585174,0.508975076923088,0.00499682217928392
170,50.5,29.011491975882,0.664479423837016,0.0568651369579702,0.502071954632632,0.00171279521045705,0.658484373104916,0.0269623428923148,0.516573009653399,0.0139190870254255,0.831124546258978,0.0734799343852553,0.518722429246776,0.00946964098815877,0.630859229434799,0.0433431083907475,0.504785408255296,0.00266032143908192,0.694424834200909,0.0304467983485395,0.51619986432448,0.00984729756576511,0.81564974807272,0.0662457139475717,0.511788570080631,0.00725516263790494
171,50.5,29.011491975882,0.663991013865214,0.0562063272502611,0.503245225889412,0.0037599197005607,0.655618542957066,0.0307257436015594,0.515951678066425,0.0134621554926905,0.830211194729024,0.0731766680365874,0.518772114541085,0.00912869218863311,0.630536932761889,0.0428168478946956,0.506598258883464,0.00374895766088057,0.691156094902706,0.0356760888608764,0.513116626758836,0.00773212306155736,0.821100394256856,0.0662989841690743,0.508230108121087,0.00439238964320309
172,50.5,29.011491975882,0.664019479649761,0.0556697603717818,0.502118869786666,0.00148325933928957,0.654423072871278,0.0348408510382055,0.514589600263031,0.0121748137013029,0.829421912749046,0.0728350689886038,0.519029487547086,0.0117706774977516,0.629688223942977,0.0422225832874431,0.508562009367177,0.00513436370641932,0.688164133816486,0.0397388633235269,0.512137668822472,0.00718368971214096,0.8205868383679,0.0644095243293088,0.508820647863161,0.00524007010794512
173,50.5,29.011491975882,0.663310807450537,0.0551675357699448,0.502254606509333,0.00186466526008616,0.653010505923245,0.0379697946228661,0.513486584590638,0.0113606550036264,0.828956871462453,0.0725794754686904,0.519265556036698,0.0117487355177479,0.630149602959356,0.0419995236188635,0.50514361434839,0.00250387667040037,0.689449526067112,0.044598296000443,0.513013747930304,0.00765569906356113,0.819609450941078,0.0652211797049787,0.509818073293171,0.00558998982726749
174,50.5,29.011491975882,0.662541046506161,0.0558974727398759,0.502042140576075,0.00169034365140483,0.651654045629039,0.0398373974949435,0.512841216648122,0.010741927265062,0.827512668798564,0.07416391470215,0.518689414411101,0.0113198422556109,0.629662545412148,0.0422590220923416,0.505953654592244,0.00392199540721828,0.687218250648802,0.0478662938356855,0.512673146566381,0.00748134811444178,0.817689909014444,0.0664764684965548,0.509468923989604,0.00542558163185648
175,50.5,29.011491975882,0.661637965763848,0.0557806160583753,0.501901513934831,0.00119840073216831,0.650497764737212,0.0415193628305496,0.511859989450035,0.00990669023696815,0.825913200557791,0.0780453206684126,0.517939445565493,0.0106541288711094,0.629863419514058,0.042680874601379,0.504682484210394,0.00229526924277402,0.685692558481106,0.0505507058028605,0.511903482578326,0.00669588539550168,0.81655215134711,0.0699827467235904,0.51045852256106,0.00503965046066472
176,50.5,29.011491975882,0.65977250698344,0.0560254689723004,0.502760273959768,0.00293882837137177,0.648462206614692,0.04308899341362,0.510982582893852,0.00945964458703995,0.824125553328516,0.0819876485233265,0.517577879623331,0.00971134803507864,0.628226356498415,0.0430296819432468,0.507909456942299,0.00484161682518171,0.682157944359809,0.0519343940468744,0.511615847729893,0.00672098802546431,0.814882297574604,0.073557398753526,0.510322952510909,0.00487538413394963
177,50.5,29.011491975882,0.660424839444393,0.0570960074586803,0.501822499122529,0.00105360369707172,0.648135872863836,0.0446598077821927,0.51018988033356,0.00856334066838743,0.822429219820132,0.0832552946066174,0.519279308290199,0.0111028130100087,0.628828732695813,0.0438428094393424,0.505575232802513,0.00411314716348458,0.682848746358168,0.0544949065922991,0.511890796555079,0.00743559726822552,0.814556151574127,0.0756387879052822,0.510814053015476,0.00595203241152038
178,50.5,29.011491975882,0.659860658987837,0.057493944891177,0.502940802002719,0.0032038932788433,0.647659508672086,0.0454254533731591,0.509034868299096,0.0078396603728597,0.820404572463426,0.0852903684012567,0.519096744222139,0.0101343030688405,0.628844926135191,0.0445579753789751,0.50540808029396,0.00350205634290281,0.682966166518311,0.055940684438441,0.511603063383831,0.00741875939693015,0.814473483594194,0.077945941523704,0.510615392783367,0.00585130785346237
179,50.5,29.011491975882,0.660429351401358,0.0579359463190667,0.501777555110711,0.000933969574034973,0.648388929252565,0.0462531476194174,0.511476743015015,0.00919893518556863,0.818824413927236,0.0843878603853785,0.518200489015002,0.0108394531376512,0.628453039703258,0.0444456516576661,0.507492088044435,0.00426833476058958,0.682211439022108,0.0567120961261001,0.511532724220592,0.00745075614630975,0.815155401792293,0.0793186805718916,0.510705919969559,0.00595244323635976
180,50.5,29.011491975882,0.66068131202294,0.0579613500895874,0.502008036275727,0.0016767533344841,0.648305098374218,0.0465569756279936,0.510955642308228,0.00809938831069027,0.818583183847932,0.0831767184332606,0.516971773626373,0.00874396013660297,0.63012186666319,0.045092017711251,0.504036839237375,0.00126611105615302,0.683835737844599,0.0574468518086098,0.511965657555409,0.0080050812689623,0.814701936478735,0.0788303415092725,0.511896372175569,0.00836963479662824
181,50.5,29.011491975882,0.661296872557715,0.0579939845087136,0.50269495631145,0.00295249645297954,0.648283689508757,0.0465897737169906,0.509927088930573,0.00819155732409173,0.818514988636654,0.0801010093828345,0.516389138470691,0.00808233268913645,0.630062840219733,0.045537993353939,0.504128520244255,0.00176796843825002,0.684932282866054,0.0578605619638127,0.51329175686476,0.00990247673211571,0.812057463804148,0.0783410475496201,0.511271837680859,0.00750519816572713
182,50.5,29.011491975882,0.662011330113657,0.056777265629706,0.501935447644492,0.00143191684382686,0.649667615448121,0.0457795659246193,0.51173328161569,0.0100376650206577,0.817980914570227,0.0805446945840234,0.515147857705474,0.00761639192095628,0.63125700851251,0.0446037177768804,0.504406358070248,0.00251638276568916,0.685756198793715,0.0573007628727775,0.510958677344977,0.0071954186794272,0.81446414578035,0.0771829614559034,0.511022933706337,0.00705020515248837
183,50.5,29.011491975882,0.662656075218774,0.0556134354532392,0.503083486592016,0.00332099346074562,0.649302475291062,0.0446480383832939,0.509837503646746,0.00945777275194213,0.816994827016264,0.082497458012047,0.515086749419583,0.00769207341898767,0.631087792317746,0.0429273042285217,0.506829755253932,0.00433785293890004,0.684887033361638,0.0558574586393026,0.510181131223602,0.00686758884072635,0.81474490219252,0.0784616870949876,0.51096036414407,0.00686481070516632
184,50.5,29.011491975882,0.663918455294736,0.0544808492255349,0.501902015869821,0.00175838239868596,0.649512116224307,0.0433144696721638,0.511793741584113,0.0111928741117674,0.814286015422728,0.0840103657697418,0.514432220117815,0.00666018408727025,0.631684748180394,0.0429085704404117,0.504806750913632,0.00313012885636645,0.686535422951309,0.0552763483882602,0.512104077886246,0.00904200289610409,0.810549047257014,0.0814296763074544,0.513503894972874,0.00760411614031688
185,50.5,29.011491975882,0.663838896826939,0.0526577273328417,0.502794612532163,0.0028955599872021,0.64840663959876,0.0428549944592432,0.51116731250226,0.0107743737085451,0.81195675594349,0.0830561838229854,0.514568322702969,0.00692656250471253,0.632460592855218,0.0420310938292596,0.505128894409585,0.00389822576616795,0.686281512578002,0.0544050347660618,0.510691837263634,0.00640103045728616,0.811324519425274,0.0831812086603873,0.512588116537435,0.00709961253748275
186,50.5,29.011491975882,0.665792627293771,0.051990172511294,0.50376747364763,0.00359436498426173,0.647083768818787,0.0422007683234397,0.510554573098773,0.0105414304564309,0.809853387709037,0.0824041986721362,0.513856622791976,0.00651639451578471,0.632066558906949,0.0411188613190757,0.503903617864816,0.00247245909796039,0.68789580850694,0.0544814104084501,0.516083615755057,0.0141807534142595,0.804248961339052,0.083935000180314,0.513126481932802,0.0074388557458239
187,50.5,29.011491975882,0.667290046993042,0.0525499313795729,0.502718868458436,0.00316359657877643,0.646682220507203,0.0422558148868771,0.513881229804216,0.0131763479438088,0.807133887595347,0.0830783463686874,0.515436524376738,0.0114119910157832,0.63302322638285,0.0409965018764926,0.505031057195849,0.00319774538085098,0.686286285980424,0.0548560559119247,0.513873011412035,0.0114171406110422,0.807837782479686,0.0856128532350569,0.512497034416696,0.0068001253863394
188,50.5,29.011491975882,0.668314518550599,0.052523576180256,0.50201136108854,0.00173438603747556,0.646370723314098,0.0425548373909883,0.513345597049929,0.0128123536521592,0.807594656317503,0.0835832744767235,0.517528624747608,0.0108011897612495,0.631966883592513,0.0400888149100511,0.508781683854668,0.00466658675761816,0.683632167507728,0.0537987252179531,0.512340279122885,0.00966261351265837,0.809455768847666,0.0865498828555771,0.510470045903891,0.00448551544523714
189,50.5,29.011491975882,0.66799286800298,0.0515144491521094,0.504885350216796,0.0061694364325519,0.645912892279132,0.0422964959471047,0.511055153762848,0.0120295137340026,0.807854622040118,0.0837674267483496,0.515110944856952,0.00911317016834913,0.63414766577558,0.0400211521470751,0.507186923974897,0.00550640029120397,0.683440923367832,0.0531434515196182,0.510026794364,0.00613150633859792,0.812478906079828,0.0870057811311374,0.511880255293738,0.00651016898789704
190,50.5,29.011491975882,0.669813852874321,0.0513787836445361,0.501696914064413,0.000807529750318368,0.647210452395773,0.04211372485073,0.516006384226744,0.0160780130254591,0.807974344734007,0.0826202363959314,0.51832954787275,0.0121152174285293,0.633912043478705,0.039181583755681,0.507030076826258,0.00579285066130083,0.683017906286608,0.0523279206762293,0.511239122924424,0.00741456011629472,0.812643453269929,0.0855361196330991,0.511231054683655,0.00591927943892786
191,50.5,29.011491975882,0.671025052995688,0.0503459195949602,0.50169389514511,0.000996358925727461,0.648448394608542,0.042783164712956,0.515007970677232,0.0148157908179422,0.807968831993765,0.0851345023785857,0.517598389638564,0.0110805445258225,0.633331281638052,0.0377230878555816,0.505598754808934,0.00345896962729923,0.685161811649456,0.052957024784632,0.516291304801122,0.0100490691645673,0.807532455837066,0.0849257555547373,0.510562908328764,0.00555351851553682
192,50.5,29.011491975882,0.670949878942141,0.0495287255924376,0.501863132105435,0.00132334514159662,0.64834030965165,0.0436860915142911,0.514210478414797,0.0137190057269122,0.807692000307584,0.0890751502835248,0.518067666044699,0.0113911784252873,0.634964641987758,0.037250769577428,0.506462145539017,0.00337292688830517,0.683527583858065,0.053224403482264,0.510616902436759,0.00611472141680138,0.811959975188157,0.086073892945914,0.510135573387406,0.00515049881013448
193,50.5,29.011491975882,0.67132382901991,0.0498194189219443,0.501842436108174,0.00100914430538345,0.64860471161091,0.04524271132849,0.513379527075033,0.0128159239041479,0.8070040426836,0.0931232989015647,0.51754461776074,0.00972720753010635,0.634745174903837,0.0370202075663948,0.506081088438906,0.00304683319140737,0.684244532535725,0.0546401380813172,0.510049124812116,0.00551674401538666,0.811061180088478,0.0875749008999679,0.510024704193143,0.00507489923242081
194,50.5,29.011491975882,0.670756280879929,0.049429778690957,0.503867231426919,0.00387768260580872,0.648599959668452,0.0449775727087785,0.512474851714665,0.0124070689376744,0.808037311477664,0.0930344410055655,0.51750961619271,0.0112308775907344,0.633891914754772,0.0367841737617421,0.506641853849715,0.00371876524806441,0.685247873675329,0.0537608235296727,0.512175605098716,0.00788016411381163,0.80991343018316,0.0859190918861232,0.509713701699751,0.00476166880460278
195,50.5,29.011491975882,0.67137445271112,0.0493423026512173,0.50279901252438,0.00319721044129438,0.650001781737493,0.044094698721743,0.513100592410607,0.0129193352342126,0.809433621137415,0.0945425439234828,0.518272075568769,0.0107012633204155,0.634823114822334,0.0369204850763907,0.506926649796855,0.00437620515950718,0.686460239032201,0.0514417620391367,0.509308718270047,0.00522117802226873,0.811816931041113,0.0879151483127746,0.510720439484097,0.00494425964172399
196,50.5,29.011491975882,0.671918426697864,0.0489600972190344,0.502786257889564,0.00319827411861246,0.650390665565618,0.0437111355820918,0.516635573518427,0.0150407496746424,0.803696617665617,0.0945137799522121,0.518905113747895,0.012286375271735,0.63525148895644,0.0368694599347195,0.505971153397117,0.00276661241378485,0.687316693435056,0.0505227299944952,0.508566349157681,0.00473735645499524,0.813448189591811,0.0864420588480517,0.510663562753865,0.00490806750885436
197,50.5,29.011491975882,0.672976845958848,0.0489413734388341,0.502149512964487,0.001297032802497,0.650955560922424,0.0439145166684857,0.511683112773875,0.0119080422505929,0.80985149433363,0.0932840618360607,0.520524478280845,0.012926099513286,0.633500930751654,0.0371369025195976,0.507189752021315,0.00460033771338019,0.687903842660508,0.0498071805877746,0.51070459907121,0.00713495416582276,0.812002799774129,0.0839193620077629,0.510448477515362,0.00456660396145804
198,50.5,29.011491975882,0.672390907114407,0.0504597352598922,0.503096529084665,0.00293833359858077,0.650346135061748,0.0442860735294895,0.510947706832289,0.0114098953050547,0.81079810193951,0.0918110563419466,0.520512539671554,0.0126256459380618,0.632793233124488,0.0381701381253443,0.505377540441452,0.00310090027506338,0.690881612931026,0.0506536143376194,0.515821724903573,0.0119274510189783,0.806697010575136,0.0809173209376269,0.510007878208502,0.00431261648007848
199,50.5,29.011491975882,0.672878619520637,0.0522933030634863,0.501972602203775,0.000942062278512729,0.65102148565001,0.0442658314953038,0.511794392984632,0.0116005850739054,0.811125810250658,0.0904015169448028,0.519451233410663,0.0107779122657888,0.633427343925958,0.0401160478430227,0.508310074322632,0.00480414412683382,0.688062177886083,0.0497063683032333,0.508699495645237,0.00543066367794146,0.814153369086983,0.0818613648929624,0.509479779026651,0.00421694903573589
200,50.5,29.011491975882,0.672143807280963,0.0536389342263087,0.502852990608547,0.0027618177720089,0.650243184781044,0.0436932474600951,0.510577616340004,0.0112096062669437,0.81132892738183,0.0898777298016965,0.519399590271038,0.0100782237082812,0.633839135146323,0.0419813820728046,0.507427652870324,0.00487626933467986,0.688797673443228,0.049232441565983,0.509161476811899,0.00636947901283112,0.814339680760611,0.0817365198225598,0.510132041418205,0.00468513676311863
201,50.5,29.011491975882,0.673214500349987,0.0552123541249546,0.501912784448389,0.000842769793249501,0.64900839662479,0.0432627608641637,0.512683980855436,0.0111236963637227,0.794197212282874,0.0877744489877307,0.522948527985239,0.0190172480776317,0.635046395049332,0.0432387626846763,0.50539910324581,0.0027135842390897,0.689360485716612,0.0492333586251586,0.511505913987278,0.0104262076808471,0.803007149392627,0.0817343901635487,0.510089227225084,0.00447355825096754
202,50.5,29.011491975882,0.672089016048207,0.0559754786505951,0.502745768218119,0.00429835284562314,0.64802915262605,0.0431718360330609,0.512670454101636,0.0100856598277604,0.795212199200306,0.0891218189867911,0.517900510796255,0.00906817972557316,0.6353030379122,0.0441928579994268,0.506852829014364,0.00392791528066876,0.687581710072512,0.0494168114884681,0.509153518836637,0.00717640577551645,0.80374479173723,0.0835651185941238,0.509786817091935,0.0040549813977154
203,50.5,29.011491975882,0.671689439598349,0.0572208359893838,0.504171258510495,0.00609884296858815,0.646457996918158,0.0429610360813193,0.512674173470716,0.0110945327113444,0.792206901121235,0.08916370104919,0.517226478039381,0.00811708920187982,0.6359666079022,0.0453966428760001,0.505722269228198,0.00272061352907239,0.687787631655985,0.0507023557768668,0.50981258504895,0.00921142770932826,0.800869980259891,0.0856074993304911,0.509741867923168,0.00372990837886938
204,50.5,29.011491975882,0.672891922621691,0.0583093973587975,0.502563070483234,0.00381140412013364,0.648147514487427,0.0429572577174167,0.515583490184036,0.0124793625473646,0.789142847438035,0.0897825857151355,0.509667671926866,0.012803346210568,0.63471632860124,0.0461280130142404,0.506566583045909,0.00392026223732485,0.686996258255179,0.0518139572966283,0.512255541628752,0.0104412095917613,0.79792722572897,0.0865536365059422,0.508972631796901,0.0036643562594075
205,50.5,29.011491975882,0.671944308921975,0.0578834360250471,0.503309415841687,0.00364324801989456,0.647682229796341,0.0429682044159035,0.51821031142257,0.0148063574702808,0.789629512182275,0.0896453432769198,0.511273883694768,0.0126667800345227,0.636097956269074,0.0464712931208874,0.505724012385947,0.00247640972464407,0.686663478430809,0.0523664638025876,0.508517724842431,0.00781867150526623,0.799258283523787,0.0887714152091019,0.507951774875056,0.00445987343562166
206,50.5,29.011491975882,0.672358042724103,0.0581833139583377,0.502493672925337,0.00327498857902222,0.647224297447099,0.0415824717953864,0.517771655175683,0.0170927521542049,0.786042321591919,0.0898497407211564,0.507664443536036,0.0112541107653284,0.635646882479595,0.0455832572554332,0.506362971737875,0.00320678239319823,0.685743175901366,0.0513385655421006,0.508587574843325,0.00748991962695914,0.798350706036749,0.0908917344282618,0.507669581867373,0.00404943087223508
207,50.5,29.011491975882,0.672791511096589,0.0571093899787803,0.501513808855489,0.00149949035600285,0.64735412145358,0.0402863447614476,0.519176637137006,0.0159490503467287,0.785581268541848,0.0910136837928391,0.507626852433177,0.0104184351654729,0.635284831771369,0.043471790380342,0.508510126587067,0.00505922399860057,0.68455422008464,0.0490412545433729,0.507889903122804,0.00708709898237121,0.796994252567545,0.0929452393765067,0.508085098302836,0.00451838592882277
208,50.5,29.011491975882,0.672610356488096,0.0551184486538333,0.503270841762752,0.004112433424436,0.646826564291655,0.0389134496266191,0.515381701773579,0.0139190792897785,0.785515871123131,0.0922657473543956,0.508488446103613,0.0103299648329562,0.636762829993976,0.0427904442761161,0.506087421771612,0.00395151850177997,0.687071795931103,0.0472332463269096,0.51039885179783,0.00800683728925678,0.796199895470776,0.0940030309727042,0.506006701868764,0.00520333494431234
209,50.5,29.011491975882,0.673472647732944,0.0530886398366235,0.502347328142738,0.00345172171502608,0.647046800357239,0.039219200142681,0.5174117238369,0.0134501489659046,0.784434160657365,0.0958487801937906,0.507643612696278,0.00994437809723416,0.636756382639197,0.0410049387645131,0.504551629353701,0.00216644318634304,0.687583061717275,0.047095323110617,0.512743205121955,0.0106686564829173,0.793445300378739,0.0949597116241189,0.505797131094758,0.00477161837260802
210,50.5,29.011491975882,0.673264359283004,0.0510403325903747,0.502474458397118,0.00291470619103927,0.647317620048724,0.0386126642686406,0.519972630987362,0.0187686003452385,0.780906504493506,0.102615474568078,0.510046003286992,0.0090271624956514,0.63648981979018,0.0401870139744116,0.50844855005106,0.00555980667197984,0.68504655637474,0.0461329123481187,0.508430942102446,0.00667941399193149,0.792498712421153,0.100861036955361,0.506033383830417,0.00474207385910389
211,50.5,29.011491975882,0.67270938089412,0.0501659666976621,0.503401063605303,0.00383667294864012,0.646477706115683,0.0379737102239975,0.518651852850012,0.0175975991996461,0.779295980194026,0.108568479390979,0.51046087817821,0.00847950956783725,0.636734887830101,0.039462249144228,0.505553879145698,0.0035016657084266,0.686595959763335,0.0457029721052207,0.511285484137262,0.0105045280489788,0.786933055077424,0.105372113253014,0.504420859998792,0.00560344656765195
212,50.5,29.011491975882,0.672418728008753,0.0497453777287713,0.502660274893285,0.00304834285103147,0.648422504261373,0.0373936952038263,0.51614929428924,0.0167235662745005,0.779653781462472,0.109540508179878,0.502569683533157,0.0143503499365185,0.63627311738427,0.0380945278999551,0.506918638560054,0.00570921458369437,0.685662032901917,0.0454222630078203,0.509718186685067,0.00869567335023826,0.788063300857086,0.109749573853477,0.504792040127763,0.00523198136858262
213,50.5,29.011491975882,0.672925074163944,0.0487739901544092,0.501484180559433,0.000895073210717266,0.649685157502625,0.0365108096718869,0.519110692357827,0.0164062034803797,0.781534917950494,0.108194382846358,0.503348416584041,0.0126357994721472,0.636525324276047,0.0371594290869443,0.50548964443781,0.00355969363755499,0.68844506932842,0.0452378123663279,0.512958916685476,0.012239639690187,0.785946125042695,0.108673549072509,0.504618482607386,0.00465408160226165
214,50.5,29.011491975882,0.6709231258448,0.0476350066030157,0.504407595216999,0.00396671208925946,0.648758574441347,0.0357095099186068,0.518547521498759,0.015432389776324,0.783735126793536,0.105521389729081,0.505205034858316,0.0135571887832762,0.6354443873883,0.035584566493259,0.506704363043775,0.00474491085430126,0.689185670508807,0.0451148940754147,0.514521413777862,0.00931476416300679,0.786133033779119,0.104932977210382,0.503658627297736,0.00545144893471439
215,50.5,29.011491975882,0.673285805756539,0.047096520509002,0.50139118044048,0.000747210087530817,0.650178125262099,0.0362442489653037,0.520812385070394,0.0151088049658345,0.788581574555139,0.0996976133772104,0.501837455414589,0.0146487004097157,0.636685749789526,0.0350589206509035,0.506348768613316,0.00397185992032459,0.688877781550451,0.0444518825032286,0.511198544853416,0.00921141388618312,0.790624919801371,0.0996293372964444,0.50358921374941,0.00457049065594547
216,50.5,29.011491975882,0.673687643781534,0.046452722403564,0.5013374810835,0.000821786460098979,0.649645831190045,0.0363313133479016,0.519271103697207,0.0143553096041936,0.785923116163971,0.093876421732618,0.50789772641428,0.0191132521681208,0.636245811841194,0.0342182254190362,0.506792029215987,0.00461819285735538,0.688215637115816,0.0443765870638561,0.509988521923041,0.00838067316819779,0.79216110609975,0.0940083566097868,0.50296660546574,0.00430534587135816
217,50.5,29.011491975882,0.673070782258756,0.0456913148745452,0.502056777948539,0.00325743668915259,0.649144119509236,0.0372232725395179,0.517956666465934,0.0136954540684167,0.788527564546672,0.0917537253676746,0.50769576216491,0.0135321289059743,0.636558971467814,0.0333616151859098,0.504712836026616,0.00225239499302775,0.687479385819258,0.0446897820835472,0.510872323660037,0.00885260307901102,0.794764464319089,0.0899359399768444,0.503277001630669,0.00348268138124022
218,50.5,29.011491975882,0.673371972575463,0.0465033684118791,0.500628035674441,0.00183848899200551,0.64907166921105,0.0386974182321991,0.516933842300428,0.0132835842773213,0.793921095598151,0.0911565737542285,0.500041624617901,0.0113855411416483,0.636763120746245,0.0338363257265545,0.505610374745909,0.00386036916495294,0.685382175845996,0.0460266075491492,0.509590506800297,0.00836001601428324,0.794493925479482,0.0851100735767617,0.506016351059369,0.00700880131737946
219,50.5,29.011491975882,0.672722269357378,0.0468060238139023,0.501671490356441,0.00372380846728827,0.6463807823556,0.0401130361679031,0.516202124346874,0.0131585490185229,0.794077696008622,0.0897937290441475,0.500837757976025,0.0104058591930057,0.635759269869579,0.034198480609101,0.505133502653837,0.00389342382362014,0.68358224763741,0.0485206549374062,0.510369905006075,0.00817296599217181,0.797550861628579,0.0803896357555863,0.504878741170339,0.00359015382139131
220,50.5,29.011491975882,0.67225884081933,0.0469047689480827,0.503428124023592,0.0047554587655504,0.643130177906156,0.0418295540220645,0.511164613120439,0.0113789770113524,0.794513320349389,0.0865544090156817,0.502936299089862,0.0115543536696273,0.634883269103375,0.0350801167356057,0.506110302273713,0.00463936193751135,0.681320197879699,0.0506917604819795,0.512311096247278,0.0101463534127532,0.794917618281557,0.0774938372778569,0.503084179111729,0.00621410650712649
221,50.5,29.011491975882,0.673937933020652,0.047430477381939,0.50076785272625,0.00147616844204075,0.642846447018757,0.0452797607055444,0.51607932805099,0.0132081640435908,0.789729337903673,0.0912304054118931,0.49906279244296,0.00873662483982497,0.635012703641467,0.0354875171620669,0.505413904359486,0.00419588655482098,0.678187385166235,0.0551646760493501,0.51446821389486,0.0111775932580291,0.787332773995176,0.0772650884364655,0.505468344099755,0.00509514702336433
222,50.5,29.011491975882,0.673777219276766,0.0471467801047953,0.500830752386432,0.00134882196298641,0.640957585656243,0.0482457985321828,0.514952708453851,0.0122052774240101,0.786790332092037,0.0939864454759865,0.500930624492166,0.00959988562026022,0.636206966756675,0.0354322143931453,0.504423642045703,0.0027210473395448,0.6763578032271,0.0585400518532968,0.510791034955918,0.00810993746632134,0.792952572890622,0.081710887762314,0.503316388165858,0.00339343953645084
223,50.5,29.011491975882,0.672392774773763,0.046578413119497,0.501705370307403,0.00326699182195938,0.638908775262991,0.0501421770460566,0.51402515861541,0.0115907716517653,0.785358806623853,0.0957999562105629,0.502339900186723,0.00717267143090395,0.635682686772484,0.0353528110235064,0.505025335422792,0.00444235059163159,0.674834195246989,0.0605700010826207,0.512332568618662,0.0102881666119077,0.789629184801705,0.0840393224297992,0.503794906306676,0.00426025133332952
224,50.5,29.011491975882,0.672029461509986,0.0462157892982957,0.502961110003835,0.00366490432600983,0.63704911672479,0.0518763613705311,0.513241776534463,0.0128528746057359,0.783727223279737,0.0967928260666561,0.502776974716419,0.00719198616073189,0.636854807782494,0.0346444444304297,0.503473407039201,0.00255589777262104,0.674338195810961,0.0626606001048803,0.510883476702159,0.0074926557126489,0.790599653854899,0.0872594891173202,0.503809367614779,0.00325156517786776
225,50.5,29.011491975882,0.67210667149583,0.045535758141665,0.501644876795335,0.00259154041584538,0.637407116700701,0.0521190902591103,0.514469262145002,0.0115697078828156,0.784433258572024,0.0984369283128586,0.498275738001691,0.0139136419616077,0.635646847269693,0.0348277512022755,0.505765616384642,0.00532312036128724,0.673254608773454,0.063050692834373,0.509880582881885,0.00660179412180579,0.790030228025552,0.0895692796493003,0.503791913002351,0.00289989608012599
226,50.5,29.011491975882,0.67116433069756,0.0450174890916147,0.500775406836255,0.000969814815815479,0.636167596853955,0.0519480686559934,0.51306948367464,0.0105973292319341,0.784318767821188,0.0987591065866112,0.496567056088075,0.0133495277319718,0.633785792406193,0.0340807921915819,0.505235062532441,0.00480087283212452,0.673381339732515,0.062950064015867,0.512945450873454,0.0111831551734865,0.789605747836657,0.0887594684632973,0.503075112997839,0.0049048544272627
227,50.5,29.011491975882,0.671253017208253,0.0451696566796561,0.500825262061988,0.00113672073177726,0.63573105677252,0.0508478026801133,0.511571129945646,0.00891249254311819,0.779181157206455,0.0981650427292408,0.503979989002142,0.0148672496466536,0.632106853453076,0.033846489015946,0.50835169696102,0.00647653462134663,0.6721847061196,0.0615436439880111,0.510718335689215,0.00664115409335482,0.78929257422175,0.0899534191744576,0.50040635330443,0.00742594199499704
228,50.5,29.011491975882,0.67002335026795,0.0451651770571245,0.500307723940977,0.00144354341752936,0.63664497911928,0.0497193341308844,0.511994429815168,0.009501741869587,0.780174203927316,0.0969910250270598,0.504280244491836,0.0222925432075921,0.632997555191856,0.0353506483492983,0.504544478023952,0.00303827970705982,0.675525547298307,0.0611047795552217,0.514083613358989,0.00994280758529302,0.787531694079227,0.0883543628829602,0.499904295541216,0.00747266019423949
229,50.5,29.011491975882,0.668041110601445,0.0459818184193238,0.500812503770274,0.00348671258810237,0.636607767727046,0.0481840558691029,0.511622058413123,0.0101236653270516,0.784015677863151,0.0975823546247349,0.502081944968578,0.012222282256091,0.631512334674831,0.0363795803152277,0.506509764241629,0.00471379558851188,0.673788788409868,0.0596165662827322,0.513073162477377,0.00932641472679385,0.78681591768189,0.0875866629042643,0.50168337321418,0.00679532992058616
230,50.5,29.011491975882,0.66867452180347,0.0469540497066066,0.501085901868241,0.00295471750085607,0.637179823863808,0.0475698321692019,0.511428589231484,0.00837481291998253,0.779032140125044,0.0963916094241475,0.504381961122907,0.0171892305754215,0.631513913748875,0.0378409867165524,0.507595414474985,0.00720704068986851,0.675021067104782,0.0581166351525038,0.514821184834756,0.00814218527482012,0.784416709886072,0.0869046359743523,0.499036777811253,0.00670548970772821
231,50.5,29.011491975882,0.667985238059885,0.0477187207221907,0.500588718115085,0.00403296993743424,0.638698689109153,0.0460244780889655,0.510153770551637,0.00805364202275752,0.784481981233226,0.0957818530823115,0.500832859646435,0.0168234082691226,0.632899623895289,0.0390108802080199,0.502846368177435,0.0021510766452411,0.677569381048681,0.0575561455508851,0.516645924135865,0.00835627475368467,0.784930153114507,0.0844572924783553,0.49877373580356,0.00831577058657348
232,50.5,29.011491975882,0.6686531529947,0.0487729616815397,0.499845813831732,0.00234191162606615,0.64094072548927,0.0448184513816386,0.512348933589925,0.00895250662116439,0.784789903116872,0.0937620160650354,0.498221477781595,0.0142853192614782,0.632899855479586,0.0397296828824764,0.502792249158822,0.00202588354127341,0.677693284302626,0.0561596532877624,0.515774397911565,0.00784549070774442,0.784704644703849,0.0830354060089696,0.499302654454264,0.00797594477947655
233,50.5,29.011491975882,0.667610070286416,0.0500165239668413,0.499909808365283,0.00219119668687393,0.641905106568823,0.043383655468829,0.511422922028959,0.00909972251085307,0.784192760137923,0.093959242747051,0.49881816206083,0.0132233982516537,0.631870404724092,0.0400803723537706,0.502733109495458,0.00171717056287257,0.678417071014814,0.0548694662490093,0.516460035303088,0.00883405696480684,0.78164347458771,0.0816916318765541,0.499574630081118,0.0073881791513912
234,50.5,29.011491975882,0.66669451560653,0.0519952283307816,0.500052988379939,0.0017289294532218,0.641800749055469,0.0418003440682609,0.511381885228208,0.0090314030887346,0.781509490621006,0.0922230914277313,0.499785040815373,0.0125960378529377,0.628971537281568,0.0409689525810853,0.504864007848945,0.00411933487765527,0.676681453787552,0.0536454689813571,0.518853026582029,0.0108943646172604,0.777133861821213,0.0801409219018586,0.499869822357,0.0069484645006237
235,50.5,29.011491975882,0.665734060320874,0.0533894329073012,0.500990242258143,0.00293280629893594,0.640669845621536,0.0415096616459038,0.51098747192718,0.009207518590508,0.779262363083491,0.0948546373408092,0.501570518155915,0.00997487421188816,0.630106137107002,0.0423537227780076,0.505253566472106,0.00583690001604693,0.673754886003836,0.0524332467215967,0.512093455359962,0.00672189645825162,0.77870572739053,0.0816824792314074,0.499138789472601,0.00752816831357522
236,50.5,29.011491975882,0.66510036242811,0.0541675238619246,0.501268554764407,0.00363944477603037,0.639045536240157,0.040524952366082,0.514199582656124,0.0117478133572531,0.779184057923577,0.0976075449487022,0.501084663616876,0.0111351821000149,0.628597581157439,0.0422522953542142,0.503126085225739,0.00292448454758733,0.675756115098217,0.0523287255306221,0.518183058570161,0.0127459059055485,0.776153262989294,0.0831391945355244,0.499875782830537,0.00706325002627585
237,50.5,29.011491975882,0.665604181100608,0.0540352146323278,0.501376009174805,0.0024742731422896,0.638614593615039,0.0406038258406297,0.50966285717276,0.0106119356329374,0.77884309733312,0.0985032717362371,0.502293636565514,0.010363083799582,0.627654091265788,0.0422957675958531,0.505860754111828,0.00525881092180813,0.673854327961135,0.0514708602496293,0.516586820891468,0.0111999071407513,0.773852348553729,0.0858575996997891,0.500409339156251,0.00655961002418469
238,50.5,29.011491975882,0.666083781613935,0.0531099824589792,0.501328098943618,0.0032540933760739,0.638025957323457,0.041085263796738,0.509289745473164,0.0115172265356489,0.779405277558725,0.0987723904260078,0.503293964212119,0.00823533640890937,0.627879553174176,0.041494158010316,0.505736953031501,0.00421931517442134,0.672696526240304,0.0517828720994785,0.515970561756918,0.0113680206158279,0.778606511578825,0.0869911971393345,0.502096671816171,0.00603257164905238
239,50.5,29.011491975882,0.666037555253657,0.0521361991576263,0.501604428388986,0.00267914430032058,0.637436365488506,0.0416184962337699,0.509629277155474,0.0133706747917439,0.778604162762227,0.0968821393071225,0.503550393422562,0.0101526028355082,0.628820763306985,0.0411166982983424,0.505479154732185,0.00489536209234644,0.672279876100369,0.0529420321184528,0.516662858978701,0.0114678726991601,0.778136092533164,0.0855674144765483,0.501229667209154,0.00547965062984629
240,50.5,29.011491975882,0.665209199330632,0.0513812578785215,0.502293310930115,0.00363581216579654,0.63746591399608,0.0422905234939155,0.511448300609787,0.015024218580858,0.77957505070632,0.0950935664284575,0.50311340261573,0.00924238265463137,0.630187556591573,0.0406412231243682,0.504152266967877,0.00344626012376913,0.67192214942758,0.0544860044104517,0.514655316842745,0.0106640605445399,0.780532420009142,0.084303735751802,0.500172714889153,0.00713364583653683
241,50.5,29.011491975882,0.666956770455399,0.0506160467406108,0.501712538968884,0.00286308738919095,0.637809355119146,0.043553478067195,0.510906944516107,0.0149271745623551,0.779753917017964,0.0958274705588671,0.497697209559987,0.00874850117284023,0.630575139074071,0.0397836128430184,0.503634413187926,0.00429918214388017,0.672454334136701,0.055938466502778,0.517234431064053,0.0114578737662051,0.779499176049103,0.0831103384897796,0.500588794018685,0.00610119393074712
242,50.5,29.011491975882,0.667449228808538,0.0492051183415707,0.500662425533214,0.000924194040549282,0.637223828361513,0.0441282368928143,0.510058418348018,0.0135425959611868,0.784089990516426,0.0927049875107719,0.495930764871083,0.00845415524412915,0.631380824976431,0.0390334617259975,0.503264459050498,0.00269455529653617,0.672190945374208,0.0566896403880095,0.516230299803764,0.009660411651045,0.780053165249643,0.081017360122512,0.501468021186669,0.0071207862195438
243,50.5,29.011491975882,0.668225528553338,0.0475136158653227,0.501545875681245,0.00268458562041652,0.636645683922036,0.0441397143757528,0.510068768161654,0.0131478755252266,0.785606430348788,0.092303516937694,0.496579773996242,0.00853882632401306,0.6310163981759,0.0372964518356215,0.50429435756307,0.00496585998415389,0.672004274207686,0.0559271441392369,0.516717297155654,0.0101336138630713,0.782411254402922,0.0811356365135156,0.501456000990641,0.00566832240043174
244,50.5,29.011491975882,0.669795968370862,0.0456848550454618,0.50073332761403,0.0013344701614081,0.637243285856231,0.0439645261960166,0.511681247990131,0.0134537279695982,0.790223297586755,0.0903126563338469,0.498239567542674,0.00734213537301442,0.631170599998817,0.0366853904212485,0.505745806443698,0.00417722421154563,0.672743271805029,0.055009957238684,0.519271295592668,0.013160222456233,0.781577612934421,0.078337524478894,0.502263594307331,0.0052131134523466
245,50.5,29.011491975882,0.670147147668496,0.0452583019638625,0.500777922188296,0.00101615016036844,0.636383386572003,0.0439862561155364,0.511673915164753,0.0127549647860601,0.790347270737915,0.0887426946292615,0.500228605552706,0.00902880354816042,0.633619999930161,0.0364372277332197,0.502396380717152,0.00321910309128395,0.67367052783265,0.0540880329781045,0.514705550794091,0.0116167913560097,0.787090286733283,0.0802402596916635,0.503012292485561,0.00447921889532581
246,50.5,29.011491975882,0.669422096585245,0.0453191835660217,0.502885851574801,0.00385140367972431,0.634654211740577,0.0438767871351054,0.510792846797801,0.0125139212383718,0.792589643915466,0.08791216875789,0.499545220342748,0.00662989408693628,0.633315223442933,0.0357433299258004,0.50338285073295,0.00401756132178298,0.672943574767619,0.0534543775196555,0.51396402321783,0.0110636101863547,0.7888988954958,0.0800209569830923,0.503579906062373,0.00400144980248644
247,50.5,29.011491975882,0.671628425240773,0.046414560226336,0.500773687178853,0.000564138304149378,0.635397666509797,0.0445364541713771,0.51139029179753,0.0118190610105784,0.793105965990994,0.0855141291228999,0.495418273926852,0.0111881901371941,0.632956899619107,0.0361199790878733,0.503117558087492,0.00416180850732369,0.674153556812923,0.0534415248182325,0.516528312963801,0.0123056968817149,0.787877064145592,0.0780940567638438,0.504289091845554,0.0033709784227751
248,50.5,29.011491975882,0.670366742471893,0.0468866168984239,0.501699663649846,0.00245317553138529,0.635666736189397,0.0441425329676876,0.509402713198294,0.00988570329246804,0.793675282734702,0.0853587750785265,0.496411744001484,0.0106710705232711,0.631257382542526,0.0360554835581809,0.503940398883319,0.0045601799631743,0.674098286946374,0.0538143758178794,0.517341133200239,0.018030578694223,0.784064008941224,0.0780336426850711,0.503532183533121,0.00448232226037509
249,50.5,29.011491975882,0.670285658791171,0.0484731284321695,0.500919315136978,0.00105595003868343,0.634897062348179,0.0453556213784276,0.512495261077177,0.0117334358666714,0.794229878365318,0.0868194889211638,0.498437885892508,0.00965691585119514,0.631862796955046,0.0377358604170343,0.502177333850028,0.00323380821036793,0.671770487256917,0.0547358707174457,0.514697782719704,0.0108513903159184,0.790597438739369,0.0796905937231437,0.503859604985957,0.00426461695707251
250,50.5,29.011491975882,0.668837632830127,0.0510124087846249,0.50285265413001,0.0037877430864855,0.633761844507647,0.0460074417201715,0.51192370473637,0.0118281939464813,0.794517666097605,0.0906962335946074,0.498741595621111,0.0105506310682524,0.631131605064124,0.0399479843421097,0.504194884135872,0.00413944521576512,0.67020362983645,0.0558824025500018,0.514181686788425,0.0104905795332395,0.791547560217036,0.0810432825358539,0.504068704034355,0.00378437299225744
251,50.5,29.011491975882,0.668517404061231,0.052827576553596,0.50190615749501,0.00278239458853966,0.634499338270298,0.0468754431300526,0.505558729640917,0.0158364794626696,0.79330986583753,0.0910178497797967,0.503269701540995,0.01156589405017,0.63224959637344,0.0420007151920047,0.501311611060032,0.00297020086724436,0.672318080712305,0.0575796308722087,0.514868506621726,0.0118347171237599,0.791514667787839,0.0833147866676164,0.503991372364684,0.00496990522964209
252,50.5,29.011491975882,0.665933528156491,0.0532173940364079,0.504899144061586,0.00595068689699512,0.633363839560523,0.0463155105155993,0.506478874294993,0.0206378642514792,0.792498162904086,0.0933052488546935,0.501334855025108,0.0105227090821001,0.631770598996547,0.0434655361104622,0.501443924588646,0.00282878059896098,0.671351994908893,0.0579353394402036,0.513601375392556,0.0108550214883525,0.791405261929845,0.0859627188082598,0.504175113135194,0.00483248285844871
253,50.5,29.011491975882,0.66501260237239,0.0545505728126686,0.504532458129732,0.004435600393891,0.634135901186056,0.0459320290109513,0.508825000495838,0.0166145565516058,0.791327582523773,0.093653127063452,0.493839038141926,0.0216361599235334,0.630293983666371,0.0439532186037734,0.503626072044569,0.00481908258619703,0.670439574858738,0.0566703048237785,0.513004762687939,0.010169438470042,0.7878779142614,0.0874055415554546,0.50454057896707,0.00451682608769249
254,50.5,29.011491975882,0.665167780940928,0.0559654713418153,0.502041238940454,0.00263305050774206,0.634762458474904,0.0459493841795834,0.511101671390801,0.0180195662623907,0.788851726505625,0.09461673782614,0.486932797176318,0.0193339583764003,0.629897702557982,0.0447145499799362,0.502884760985108,0.00411334188683703,0.670338136432514,0.0558844183137321,0.511742781628731,0.0106446255844198,0.785675413967538,0.0902296096086991,0.504603193660555,0.00437679989727301
255,50.5,29.011491975882,0.664660327407459,0.0570422289532099,0.502350699733634,0.00287735801883928,0.635480523968506,0.0450334087009791,0.510873489427501,0.0182762576118572,0.788405408856073,0.0958193162871989,0.488456366842027,0.0176999988111328,0.628560442442151,0.0454767039165737,0.503030509923133,0.00421886706133973,0.670394743374693,0.0551437651622773,0.513030382645556,0.00842547063619848,0.780874580417991,0.0931992088230464,0.503419470008478,0.00483124607377417
256,50.5,29.011491975882,0.665018006792691,0.057360907839194,0.501243255378861,0.000912228177658343,0.635498271786257,0.0450287106005796,0.513400966778889,0.019959389911879,0.78279121102996,0.098379200887618,0.489636863171832,0.016213836466864,0.629181798955061,0.0459012330240793,0.501470562952879,0.00247493754168247,0.672338125264298,0.0552268434992883,0.513246962160775,0.0130317028651754,0.775185920740275,0.0958718671280783,0.503450933985862,0.00446855518133403
257,50.5,29.011491975882,0.664399282256206,0.0575182103107662,0.503124774769353,0.00485927490566618,0.634276820061787,0.044248598340442,0.508083394631521,0.0150731789854379,0.779655249639474,0.101100401159649,0.496019539587689,0.022685326561674,0.630200531119316,0.0467234572587939,0.501905784139454,0.00214341874541378,0.671849199272832,0.0550304026803987,0.510675160129387,0.00903951308128565,0.776596864700055,0.100277689553592,0.504837227720792,0.00462129504389532
258,50.5,29.011491975882,0.663706082077345,0.058369236996472,0.500756635829128,0.00170776366989361,0.636184811891182,0.0448311825120849,0.513451470332355,0.0200137447672474,0.781152914826382,0.103642365211643,0.489995836085595,0.0133150003602742,0.627705858541554,0.0467879959348898,0.504872139976868,0.00493304655956758,0.671206664618913,0.055384199561501,0.514350863269542,0.0129458135985079,0.771431291521719,0.10206320876525,0.505683383372833,0.0029498854965701
259,50.5,29.011491975882,0.663809045574664,0.0590332235668839,0.501745435499339,0.0030926431459604,0.635455036619476,0.0453037788890761,0.512526097659063,0.0189200760010087,0.780829089644073,0.105600593420123,0.493672847505505,0.0148886099054113,0.628684423908605,0.0477918009379132,0.503611821533947,0.00440573031548814,0.673176391958068,0.055827309471524,0.51396092858062,0.010737141495272,0.773027206019263,0.104799065880499,0.504807620469805,0.00336882174273929
260,50.5,29.011491975882,0.664650194723918,0.0594107309084497,0.501173767818958,0.00185119249660285,0.63552466420479,0.0447078890985886,0.512317808687034,0.0174269916426226,0.7772939747489,0.107566587374319,0.496423345850609,0.0226625379987242,0.627480098446142,0.0473726050584377,0.506735785203184,0.00665268403946308,0.67007715364388,0.0549811208008959,0.511409013786997,0.00817279193424167,0.775370939896834,0.107103773973694,0.503632269709154,0.00492321267108196
261,50.5,29.011491975882,0.663836474863348,0.0585763502865465,0.501294481254474,0.00341725992097595,0.635806493018379,0.0447974990847018,0.511298075741429,0.0165479820644011,0.783742834770525,0.110946959108288,0.494003729081116,0.00970130778559069,0.628731228461622,0.0476056071357306,0.504808233829101,0.00494289983792077,0.671522735784142,0.0558609761144608,0.512096906779009,0.00853873927881397,0.775508739903933,0.106235043500424,0.501531178919962,0.00762581884314567
262,50.5,29.011491975882,0.665086961335117,0.0580437118568003,0.501165029016253,0.00266012937952504,0.635270192324756,0.0452272593333176,0.510148414682482,0.0153143188292827,0.781957086814366,0.110907625964928,0.492038842928548,0.0137899013530348,0.62970202422621,0.0469197019020002,0.503971124102022,0.00309844145993023,0.672614078473692,0.0565200456502645,0.513115819474484,0.00886428158480178,0.776499970108956,0.10478939638848,0.500652661116354,0.00604071760568392
263,50.5,29.011491975882,0.666571331007905,0.0573851504093288,0.500748074700702,0.00161875593469133,0.635677055437524,0.0457722307071892,0.510194425749154,0.0148573187298231,0.782968768759841,0.108615789181765,0.493199988369895,0.0133088155397025,0.630633466152179,0.046455415922588,0.503300505813666,0.00340617436242408,0.672965891086773,0.0574703804536701,0.512307028351806,0.00816352578661307,0.77931252549911,0.102196626393205,0.500203541015925,0.00504867390605299
264,50.5,29.011491975882,0.667452320300693,0.0570666185693865,0.500694710637744,0.00129468338537715,0.636449595865937,0.0464360443113294,0.509786115856414,0.0139897692763914,0.784245894600694,0.107176869893959,0.494857956514056,0.0126145097452898,0.630402889336149,0.045201945502332,0.505346099634983,0.00544621283116493,0.672941444271065,0.0574170529610744,0.514209359489085,0.0122404033792699,0.779283912032551,0.0988325581058111,0.500802385135325,0.00553245110121755
265,50.5,29.011491975882,0.667820602513873,0.05572532664184,0.501791773163359,0.00329903077906145,0.637062037696584,0.0460107873750638,0.50977235319968,0.0140861552165445,0.785596138566042,0.105436561646064,0.495315394441854,0.0116785615593149,0.63296688417197,0.0443020619697564,0.504813727553994,0.0059644992217628,0.673764333176748,0.0570457723567978,0.512267696312958,0.00853057704016588,0.783404229357439,0.095452720753025,0.501026825140436,0.00481665151424661
266,50.5,29.011491975882,0.669494201208565,0.0547890057697892,0.501257810307315,0.00117778560425346,0.637963330391121,0.0449975899122224,0.50909462160931,0.0116131925787728,0.778682956300669,0.102405475692171,0.499175928185565,0.0226634906664599,0.63307829947849,0.042435581270864,0.50607101341459,0.00608124555226026,0.675038811086555,0.0563183850238396,0.513982578171596,0.00766339558391924,0.782985175222248,0.0895038135711875,0.49929966399905,0.00569758299694105
267,50.5,29.011491975882,0.667925518465674,0.0526509939934905,0.503593710963873,0.00387873391013533,0.637828250198146,0.0438476077827098,0.507568443952991,0.0108361616467544,0.787506504974336,0.0968532107240913,0.495898213151904,0.0123590888026745,0.634891214884858,0.0409078551366323,0.504230937521361,0.00399072331335203,0.676842706941199,0.0563127622079914,0.517954024959918,0.014267366288314,0.785485588470159,0.0846262077448922,0.500059597611217,0.00560691080256506
268,50.5,29.011491975882,0.671745951575329,0.0517582997610612,0.500713773968041,0.00173836825943422,0.638629139725513,0.0422009239375054,0.511795683341456,0.0123795004807802,0.780949842126646,0.093129849075404,0.500150834516556,0.0142838157506247,0.635610552624074,0.0393255175772115,0.505351779007802,0.00574991408687649,0.676612985401037,0.0546080103673561,0.51712041648089,0.0144879237920323,0.784696428019488,0.0788385435274216,0.499612697552001,0.0057506023393394
269,50.5,29.011491975882,0.67284292481681,0.0491636701871651,0.50122969754188,0.00327750036001465,0.639268873201236,0.0394906825697106,0.510818433713661,0.0114238804045919,0.785525635042363,0.0905726173104388,0.495580596425687,0.0116651997390043,0.635608993786745,0.0371683215340329,0.50729302362004,0.00614517532349183,0.676756942324709,0.0517985014376646,0.5156357694171,0.0123010908136474,0.784993458568101,0.0746665423619924,0.499497238621677,0.00667909054932604
270,50.5,29.011491975882,0.673748668999598,0.0464446153940929,0.500472476377234,0.00194954234459323,0.640715457902128,0.0374967489950677,0.512537400546539,0.0125385667914017,0.786280613238184,0.0864097044295297,0.496305279415777,0.0106508264578886,0.63765861498827,0.0357331112662592,0.50454198931992,0.00344172292581234,0.678410799901632,0.0502408545638043,0.520185680186488,0.0126423660409393,0.783134766881549,0.0711043149357776,0.500835718801856,0.00509042722561848
271,50.5,29.011491975882,0.67455256242465,0.0432795236749003,0.500902433285391,0.00113648296046022,0.641441976936269,0.0352519044733611,0.512305419372599,0.0114991361309764,0.779170644238466,0.0844286148517224,0.502020037930067,0.0194162945921386,0.638650519255292,0.0334755569287237,0.50306789235758,0.00340705878571146,0.679607721846544,0.0481285612221796,0.517546987167722,0.0139015577053732,0.786007381547264,0.0723586803749648,0.501111574301629,0.0048873110329845
272,50.5,29.011491975882,0.675048387627306,0.0407130873261213,0.50031922145351,0.00194356818198037,0.643273890359586,0.0331258617007578,0.511664568456039,0.01092662875715,0.784113539070483,0.0822519983349947,0.498989743586414,0.00934070948647309,0.638825979289614,0.0320850910670482,0.503876362369909,0.00354659231347459,0.681212153316643,0.0450302197835209,0.517033077333414,0.0135024047262524,0.782915189100226,0.0737969610027797,0.501640519579126,0.00450165743240171
273,50.5,29.011491975882,0.675239432920852,0.0388340009362854,0.500301831836498,0.00182969599794026,0.644262034369004,0.0315153361666862,0.510794444192375,0.0101409187081598,0.781450789849436,0.0858879533289124,0.500902264577012,0.00863582549456909,0.638462826122315,0.0312631973245165,0.505960995052995,0.00707467637002822,0.680650153317581,0.0423073613518687,0.513881090889958,0.0104229397460891,0.780954998264321,0.0795705647505281,0.501589831774698,0.00487612095939666
274,50.5,29.011491975882,0.676350629949071,0.0373417734060786,0.500595058981417,0.00221052410690773,0.644446220298687,0.0295223380401841,0.51047514066967,0.00986392425037943,0.779988948692,0.087086075188728,0.502006420944745,0.00821996571332246,0.639444407200103,0.0304429808344136,0.503977237627798,0.00450344776537816,0.683560827741838,0.0406241531192019,0.519177575680145,0.01213026956868,0.774623139042967,0.0814636777967827,0.505236597993288,0.00598099553007328
275,50.5,29.011491975882,0.677112303736551,0.035035581944775,0.500771434826014,0.00226710985988498,0.645751587076851,0.0278712737599943,0.509883466187684,0.0089103122812001,0.779892079075121,0.0878213434866309,0.502310204525796,0.00822415443858072,0.640821273547059,0.0292923990075253,0.503204995540233,0.00358282693823578,0.685484611399895,0.0381480066179324,0.514227974516552,0.00835832904944842,0.77743788635091,0.0837456174374729,0.50284286894745,0.00406091608148394
276,50.5,29.011491975882,0.677304556971241,0.0331312592124661,0.501599805896503,0.00203236647862371,0.644985957539818,0.027543460235107,0.509367338741415,0.00862062936566035,0.782351199644302,0.0894687908990384,0.502732896817539,0.00794301154689263,0.639352449731883,0.0279690257643483,0.503629616282959,0.00389297176609812,0.686646040250555,0.0384254739313546,0.517156456325872,0.0113264557452076,0.775690113081956,0.0867280077518525,0.503036843363601,0.00377784116863898
277,50.5,29.011491975882,0.679131529821256,0.0322373159054972,0.500627965381822,0.00177066123003775,0.644767271431271,0.0284034478178896,0.508564923452422,0.00848448833163069,0.781912038828279,0.0938330947988089,0.50110798454837,0.00803901618400212,0.638944188191925,0.0260299456893086,0.506052899076962,0.00641318032373813,0.684109390564004,0.0381192222309148,0.513726260569434,0.00783951072187443,0.778123568376094,0.0883966048278213,0.503130975664501,0.00343017226014796
278,50.5,29.011491975882,0.678795538161179,0.031865871583664,0.500692685604608,0.00173984804924185,0.644122256300692,0.0297525872200025,0.50785372065382,0.00780601927303508,0.782985312451813,0.0961260417338347,0.501780813762562,0.00862286112638416,0.639858100889706,0.0255585793033044,0.503597518775994,0.00359419005148287,0.685122463968323,0.0402146691321967,0.517382665830632,0.0116982588841805,0.777456916028326,0.0889533621168583,0.503869257317097,0.0030888493343482
279,50.5,29.011491975882,0.677696190925906,0.0321288107210237,0.500791569342922,0.00201797719791655,0.641507028534262,0.0318010944283108,0.508520949661883,0.00829469983389298,0.779469874731005,0.0953021709274729,0.507520367635269,0.0169289423704605,0.638005523401864,0.0254835742001655,0.502947483238289,0.00380314161452585,0.684976392846063,0.0431706337147832,0.519612993682031,0.0143082239026372,0.778752334574391,0.0884247685591786,0.504452189272851,0.0032324858319795
280,50.5,29.011491975882,0.67618654626544,0.0343061478960578,0.500240918442251,0.00140051643243595,0.640260427086633,0.0348945420449072,0.507813837573785,0.00703907930404997,0.786993488165691,0.0965978883564321,0.503461881981611,0.0073703615637948,0.636911894330844,0.0279160831994565,0.505995467502036,0.00698703433560418,0.680181671807547,0.0456209029388483,0.514009342969267,0.00737549233269843,0.783103585487394,0.0892113313926623,0.505035763717311,0.00291760068925673
281,50.5,29.011491975882,0.674344220564805,0.0376060340575292,0.500407184663787,0.00165237050494701,0.638495978851101,0.0377150559005891,0.507262309518071,0.00677117416947298,0.790135548315207,0.0960809181940018,0.503910460641995,0.0072061313640647,0.635336723697554,0.0308365993884867,0.504960973040835,0.0049464302681729,0.680243001686818,0.0493026232966408,0.517476728758214,0.0096907097870918,0.78465171380894,0.0870468335214686,0.503880341879909,0.00420226331626111
282,50.5,29.011491975882,0.67145979180622,0.0420276366842526,0.502788003294723,0.0046128684018685,0.635855769398926,0.0395768535351192,0.505668326187891,0.00532559546817798,0.784225913206576,0.091291114867357,0.510207843656006,0.0207267907438763,0.633704484325848,0.0340040106189454,0.503512985052497,0.00544499254672671,0.678196019290014,0.0523354312756468,0.518117703100205,0.0111964940210187,0.785316423609755,0.0863505270246906,0.504235378934144,0.00390429456242615
283,50.5,29.011491975882,0.669277958039625,0.046979521126886,0.500123801612098,0.00157719745642583,0.637474698986955,0.0418396057470387,0.509908506729809,0.0111358323619764,0.79359691576112,0.092681840550046,0.504656786533131,0.00663441058620506,0.631453109052418,0.0377314335774708,0.504219287989967,0.00459184639168123,0.67723975773728,0.0533052053230169,0.516814772971004,0.00921719908140521,0.786647342049278,0.0852868299990908,0.502985799130928,0.004700644130692
284,50.5,29.011491975882,0.666956580902812,0.0521267007670245,0.500329617127148,0.00185694594933177,0.636095730962148,0.042862441690308,0.508988985306155,0.00990651335309655,0.791766522751713,0.088660582312363,0.510824043206461,0.0182681239659615,0.630919313615672,0.0420280593275452,0.503345094655012,0.00456637435974167,0.677086847635936,0.0542259452460816,0.514366019824261,0.00769032001511804,0.788338379490527,0.0858649144647499,0.501507149148601,0.00424223640490298
285,50.5,29.011491975882,0.664225475828464,0.0563820928905769,0.500605867415538,0.00359050244715525,0.636296741175138,0.0431315503116154,0.509131055927402,0.0103683869696797,0.800092555986119,0.0890126031348298,0.506322279510765,0.00558751239756657,0.628367308421804,0.0451795071973876,0.504781513910938,0.00610752503155986,0.676186737860384,0.0538189408864821,0.513771829082232,0.00921586820382036,0.788925932755631,0.085195981861834,0.502179900263243,0.0041616486294299
286,50.5,29.011491975882,0.662947343683942,0.0601691894887866,0.500261171593704,0.00285253738516485,0.637559820778544,0.0428015414744867,0.510491465544638,0.0112672292573771,0.799719806752656,0.0896773545890977,0.505756890743192,0.00515930839865479,0.627991132096875,0.0482284816795772,0.503098443656336,0.00349498175402154,0.676619569580616,0.0537836006632704,0.513896684358531,0.00762684177022215,0.78931093386417,0.0847877144778393,0.501268103492758,0.00542854712162957
287,50.5,29.011491975882,0.662451333323264,0.0623477315451799,0.501022972916194,0.00347335066550609,0.637140897250013,0.0420499360690761,0.510666221016736,0.0102633562994331,0.802468223868595,0.0909363031127128,0.507367077426444,0.00534299314371582,0.62733546476382,0.0495460278430756,0.504043733012027,0.00470115148296134,0.675617740699505,0.0534519793730352,0.513548012831492,0.0076977287182213,0.791954760815798,0.0853712230681099,0.501268921812793,0.00532425052384915
288,50.5,29.011491975882,0.66294470827327,0.0636785456594352,0.501420526671823,0.00344598647343277,0.637591821676128,0.0417168366454622,0.510064816107285,0.00968114179440555,0.799077149033688,0.0920217546468201,0.504401736360995,0.00766297856496477,0.627409787624476,0.049767866950309,0.505120885644232,0.00637506944278175,0.67510461378714,0.0533043439354573,0.515909641529417,0.0105400550546526,0.787520233980808,0.0851404650507425,0.501693337987249,0.00459456406987728
289,50.5,29.011491975882,0.661886522989405,0.062626583033571,0.503996909597898,0.00507757820224981,0.63642874370646,0.041323655621357,0.509383182202107,0.0125719833902992,0.795366937786698,0.094881314581381,0.504921699645359,0.00746317070689114,0.629604905560354,0.0489548447571622,0.503622452540437,0.00356873848833638,0.673658337260275,0.0526779375963515,0.514020734311452,0.00821500539196499,0.785020065793726,0.0882558202966414,0.50480963328874,0.00941674309497847
290,50.5,29.011491975882,0.662125815720242,0.0615802274337702,0.502417272160924,0.00272052866844634,0.638677117937363,0.0406233799258859,0.516888893049425,0.019725436673165,0.792904334871791,0.0945783894625741,0.499353431637378,0.0110253168515815,0.628782065709699,0.0468014201008608,0.502721826246557,0.00375881894617532,0.675428855369889,0.0519603976990743,0.515581737705295,0.0101639068849387,0.784751844969212,0.090083739944012,0.501127100201496,0.00564856597648011
291,50.5,29.011491975882,0.663051737416841,0.0602436248721602,0.502184122462988,0.00437210092723525,0.638829904740154,0.0404165781220712,0.509928060558953,0.0145296924345062,0.793638889882812,0.0984446008753437,0.500838793303093,0.0104259586397471,0.629574372834468,0.0455471748803529,0.502457049525891,0.003163974384968,0.676465125268593,0.050065285944728,0.515113877995712,0.0108140920355279,0.783873794476697,0.0921904643049059,0.501207984572242,0.00504647601714989
292,50.5,29.011491975882,0.662841555560607,0.0585979257535465,0.501268151243703,0.0024500249929331,0.639778264141492,0.0398366955771838,0.51489587207956,0.0194901346498445,0.794224445145267,0.0977355866454463,0.500942763169165,0.00947068320664289,0.629211993329929,0.044420060237183,0.504099545033293,0.00464485257762744,0.675746386041905,0.0481836028898622,0.513242100557722,0.00816544105851384,0.785344593757357,0.09553129926719,0.501686855055383,0.00474717852536761
293,50.5,29.011491975882,0.663440440719945,0.0576605391019155,0.50136585970222,0.00370214171046336,0.639077958272428,0.0383826502778184,0.513929664430908,0.0185161900569878,0.793269677266026,0.102245122664768,0.502138464293057,0.00876874128177669,0.628559642956398,0.0434946607006737,0.507346819731208,0.00893060552799491,0.674559004472939,0.0461054572162364,0.512163299199135,0.00730057259235797,0.784546376660729,0.0984362343084663,0.500636466145444,0.00471833171025372
294,50.5,29.011491975882,0.662178625237195,0.0568827116695606,0.503395751007964,0.00499808498588609,0.638991485260218,0.0369802383324922,0.516247393399944,0.0191194117657194,0.791958881648957,0.1023875294587,0.503170874639585,0.00882843317888373,0.629664709303604,0.0441080589031678,0.503806543506164,0.00419763893280833,0.67606267578147,0.0449648198779859,0.514236516918707,0.00846583591761618,0.782903638249805,0.10039263682533,0.498584538483888,0.00699238786621737
295,50.5,29.011491975882,0.663315220340161,0.0569176932666417,0.500513329085497,0.00155675399978444,0.640729161933641,0.0371821570501764,0.517221309921974,0.0181694253821236,0.789130063916882,0.100679772034613,0.497476137425158,0.00859982037902045,0.629348961113194,0.0433277666027941,0.504135003248808,0.00460175581790044,0.677354812248845,0.0452751111561768,0.51587989763178,0.00969403259672424,0.778669744741965,0.10031102836856,0.498193201890046,0.00664896357300374
296,50.5,29.011491975882,0.663511128236595,0.0561986825990633,0.501665193102777,0.00244168727043546,0.640919740665917,0.0370514189237455,0.516878508307921,0.017465005564593,0.789213657970716,0.101243984819642,0.498148088093484,0.00865848586650194,0.629072239121047,0.0427462488176077,0.507274751307809,0.00569628988488068,0.676498955383952,0.0446675468399076,0.514955780263146,0.0107554624199231,0.779508015486004,0.0997404408833962,0.498119946343408,0.00867650012488109
297,50.5,29.011491975882,0.664699983263116,0.0557514596678427,0.500443711357321,0.00121171487294431,0.641881929387134,0.0375796812272329,0.517109817459896,0.0189798760822772,0.789826332198362,0.0980353766738791,0.498636725211418,0.00851633380328171,0.630728514774026,0.0431117610182566,0.504829647616842,0.00506014719308507,0.677122063164298,0.0453807008481367,0.513616019739045,0.00958861695780033,0.781515647111109,0.0988165268983717,0.496460822089766,0.00805364010025561
298,50.5,29.011491975882,0.664027407085273,0.0548963618194971,0.50145352997105,0.0027108946359203,0.64197932381161,0.0377983942899517,0.516208935492085,0.0174966697997061,0.792230427125594,0.0938448313261094,0.499595351639218,0.00815010768798402,0.630555440566886,0.0429115477094438,0.506047697014243,0.00560623872797078,0.676592428639603,0.0461049836640816,0.51399789926067,0.0106437956005931,0.781760362679185,0.095823969277293,0.497677348700602,0.00773423068270604
299,50.5,29.011491975882,0.66350201080021,0.0555109817117734,0.500769072204109,0.00141943288892124,0.641459754622376,0.0381949659536292,0.517080455956206,0.0165280306944651,0.789110496200618,0.0916559632290082,0.505266070849037,0.0156467814011273,0.630464974513378,0.0439293002190107,0.50379846041483,0.00340788213615833,0.67813865697407,0.0472959103487423,0.513699331357259,0.0111956306029566,0.784544072083655,0.0933904122138055,0.495619949403962,0.00659223153919938
300,50.5,29.011491975882,0.661062847081713,0.0544420777663402,0.5030993696175,0.0046727276704458,0.639728491652159,0.0382879214682544,0.513066918145949,0.0146707891644234,0.796313092151461,0.0881241054149963,0.50308084584541,0.00625062574589437,0.630260927632246,0.0449842995873113,0.503726098058561,0.00366877616310887,0.677809042919049,0.0477340257987,0.511206862828527,0.0114266516490446,0.786871853308279,0.0893988776439576,0.497130320596922,0.0050113644443708
301,50.5,29.011491975882,0.661401372073485,0.055458588470441,0.50046232474882,0.00197979727307597,0.641835344119829,0.0392743321928911,0.51691412592025,0.0177547748619123,0.795920937392844,0.0822192283172446,0.505652752376354,0.00963604239265138,0.629625616530043,0.0454019994147079,0.503860205263866,0.00320312766605682,0.678498999934318,0.0493427818173949,0.511943216003482,0.0116645500709201,0.788383498992174,0.0848011319076491,0.497014424928815,0.00588995602430799
302,50.5,29.011491975882,0.661726681510225,0.055003717166229,0.501351516609521,0.00279640012426981,0.641574885040079,0.0398092865725139,0.513007462497909,0.0131158400185857,0.797318732921969,0.079386985696479,0.506020669037877,0.00920888427484961,0.630078775533349,0.0458306365311775,0.503103406166508,0.00239985851585061,0.67995759136091,0.0511114100965935,0.51289609369653,0.0143839825956467,0.787314475564999,0.0801149668665786,0.498669791342615,0.00615113728777414
303,50.5,29.011491975882,0.660847621085282,0.0529092359730979,0.500401534150411,0.0010607267150809,0.642879209065865,0.0398773497924326,0.515105737152457,0.0167233357984947,0.798994741610512,0.0778557232058953,0.506066990427804,0.00854593052096875,0.629988629113816,0.0451298903092075,0.503646028555607,0.00287773318796437,0.679367457805695,0.0508134039060379,0.509800030452628,0.00926076951741062,0.792064073078019,0.0787020109292674,0.499247682441826,0.0055656127818669
304,50.5,29.011491975882,0.65958668487399,0.0525088599766065,0.500551669609375,0.00146081870406923,0.645138150327708,0.0388013656100622,0.514037508178798,0.0156024535281905,0.799020100346017,0.076501979663676,0.50638017824519,0.00805323097587886,0.62766885094456,0.0445171179243009,0.506273017974427,0.00439631395364182,0.67895600647636,0.0490845515788909,0.509502155432254,0.00889020626008707,0.792458384911277,0.0774295465626233,0.499888907699354,0.00518999579460708
305,50.5,29.011491975882,0.657965291059828,0.0529357459729629,0.503129738550564,0.00543826631838067,0.64467249909437,0.0371224245247079,0.513244588998291,0.0148161101917576,0.797067302845524,0.0786186523441045,0.507899623722839,0.00731710496784427,0.628242059791137,0.0449661323231617,0.504645060863364,0.00389308186443458,0.680628679536015,0.046890911882545,0.509513909869461,0.00883053634146244,0.790881572846576,0.0773070560010195,0.502876332010843,0.00615149521836843
306,50.5,29.011491975882,0.659774628314796,0.0541701060458572,0.501731030034575,0.0032493247816243,0.645198765416604,0.0358103998790714,0.514164705307468,0.0137723517458291,0.791368522410721,0.0777033027165854,0.516565048138932,0.023814363805907,0.628116906008181,0.0451886470141525,0.504674351082867,0.0043471390203178,0.681112199087519,0.0449718951388428,0.509281866508824,0.00872501645825799,0.790110108754165,0.0776208589508697,0.503753998500508,0.00602730474554113
307,50.5,29.011491975882,0.660773157787706,0.0541278367926315,0.502389814342019,0.00349257699949228,0.6459032129731,0.0356407465230871,0.514228155773235,0.0137294324765711,0.796122764184147,0.0807291534237289,0.512486526186205,0.0143939664419931,0.628598866927435,0.0457287878493542,0.505831487063648,0.00415273079926846,0.680391644867636,0.0435307403367228,0.50971056693972,0.00822911525462073,0.788673405845938,0.0789363065262111,0.506796268820067,0.00902462834044071
308,50.5,29.011491975882,0.661611016040491,0.0536478940000843,0.504238033309218,0.00389731312182497,0.646938308222115,0.035756978420718,0.514122914349482,0.0128619649327262,0.797639792030617,0.0827277168411751,0.51236795711336,0.013839208433183,0.628151841815887,0.0447945587773193,0.504073952776938,0.00290987743628049,0.684032121683064,0.0441071579981343,0.5152287029748,0.0114827283285993,0.787246070473393,0.08021810450702,0.50521839484162,0.00605802416824382
309,50.5,29.011491975882,0.664264686170474,0.0533447251976578,0.50130956332409,0.0014744104367284,0.648585297003971,0.0357686260349573,0.519711794884388,0.0167777204245097,0.798088783443944,0.0805043017673728,0.515231586401332,0.01422940774406,0.629960541442253,0.0444444113353228,0.506733042164919,0.00500961881657867,0.681914094908469,0.0427217585816058,0.509661145926982,0.00635540871197441,0.790824226643889,0.0817273822925415,0.505060559319182,0.00558669542566442
310,50.5,29.011491975882,0.664666631505891,0.0518850463670551,0.502076182844299,0.0033804408542839,0.649297637270016,0.034973483382931,0.519252242180209,0.0153844267483357,0.800742399903566,0.0817918353386078,0.515620286911405,0.0141202188413247,0.630598000818057,0.0434494277081281,0.505925113697872,0.00452753343812183,0.683682074222251,0.0416098455073761,0.510813757584772,0.00878242376426311,0.79231003884243,0.0823590920518346,0.504909170945485,0.00538836341939916
311,50.5,29.011491975882,0.665265025048178,0.0508245538803499,0.501490156438822,0.00188273265176878,0.650877305368857,0.0345479508795338,0.519397836691122,0.0157686115501261,0.800234523221146,0.0832052885242946,0.515240812786597,0.0117521476388662,0.630697305025733,0.0423639717456803,0.504545163682017,0.00310133510780284,0.686730434712256,0.0415597106862886,0.515461802771262,0.0116311465447149,0.785429577187792,0.0827651076614124,0.5072878158987,0.00933658729550454
312,50.5,29.011491975882,0.66589976030411,0.0497829837734864,0.501352676771021,0.00134514655085093,0.651605962457237,0.0348963478997911,0.518295778537404,0.0146235569880423,0.800682692934509,0.0857592293625952,0.514736481519267,0.0108599260988171,0.631541657278297,0.042000714735017,0.507324095271915,0.00629964803136558,0.685036164638052,0.0415363841247996,0.509889402818462,0.00849066880598904,0.791944823539177,0.085602123850449,0.504985188238109,0.00464964954391752
313,50.5,29.011491975882,0.666292821735696,0.0487621980255349,0.50131720246847,0.00150142916676731,0.65227964508346,0.0351326695506321,0.517653250657957,0.0136525075856357,0.800401104643341,0.0878485749840692,0.514584566693755,0.0105206806861437,0.632901118978268,0.04126068618644,0.505195424285658,0.00351698241612648,0.686424341689554,0.0423877200607995,0.510255575560613,0.00892571421529804,0.791878632512314,0.0874853646329068,0.506181506218432,0.00530957343169412
314,50.5,29.011491975882,0.665976638854342,0.0491152448418612,0.503152346777839,0.00355844759472727,0.651390896375652,0.0355569275999296,0.515525399163515,0.0132211403403092,0.802842186632808,0.0886376215481048,0.514794495051715,0.00934379110954438,0.632432968138345,0.0406931295820435,0.506062141364076,0.00481606278580303,0.684716587398716,0.0434709604808478,0.50988027611797,0.00852935441633389,0.7932178367896,0.0878686609308819,0.506119726359861,0.00488683734278405
315,50.5,29.011491975882,0.665211422292827,0.0492638474357831,0.50317599925572,0.00355221489949889,0.651253289606922,0.036990807162954,0.520067885952501,0.0138031586857569,0.802689141917226,0.0860318985949332,0.51426080245465,0.0091481305066498,0.632853086383843,0.0406728840226433,0.505108574740327,0.00374188565036914,0.684457588615588,0.0450158237005316,0.5103067873464,0.00849775889424644,0.794637532644973,0.0857391835873324,0.506123356457389,0.00475005289669671
316,50.5,29.011491975882,0.665542474621723,0.0500548819174439,0.502149931488693,0.00257612186197596,0.651112990590871,0.0382337278720463,0.518664499291487,0.0121962707549281,0.80344704907302,0.0818525500261996,0.516446415945634,0.00996370990546143,0.632714978268542,0.0403070649273219,0.504765123602495,0.0028200927818624,0.684136126429776,0.0474073849540741,0.510108781396446,0.00856725087449729,0.795459642237145,0.0840936125586836,0.506184891617867,0.00445693968293391
317,50.5,29.011491975882,0.665601489448952,0.0511534710130359,0.502226444750051,0.00357938503848863,0.649798304840478,0.0401603099502256,0.517168763899837,0.0116131653747439,0.801204227916111,0.0770520656519322,0.519992862750525,0.0140757083750023,0.632010370168481,0.0400439551241636,0.504557366013284,0.00268013064568468,0.684509629118654,0.0483761235359975,0.512133958880215,0.0110530727218593,0.794640791344892,0.0807097430943392,0.50618863431378,0.00435314247858686
318,50.5,29.011491975882,0.664547650703833,0.052133587309669,0.502279679028674,0.00286926321330398,0.649458025924916,0.04134062190415,0.51635792719097,0.010484495390402,0.802543785118603,0.0746310710169004,0.521617169114673,0.0156716900123211,0.631704531402956,0.0401874564853829,0.504711089456081,0.00293795421380712,0.683851978941785,0.0498528393710658,0.50967758340449,0.00694282090883327,0.797875731497751,0.0800556463685807,0.506107210211993,0.00416038879400347
319,50.5,29.011491975882,0.664353353625123,0.0539190871481112,0.501088434155559,0.000924132607811131,0.649261021144724,0.0424126844164623,0.515110582772942,0.00963379237984415,0.802788116401436,0.0742553934976883,0.523354793421456,0.0185298246067579,0.630957946190859,0.0411882207217484,0.504798710988932,0.00374455130101671,0.684122760679082,0.0509719711180249,0.509326986696723,0.00658532972892974,0.798418940396966,0.0788689927460428,0.505965376873832,0.00397785328496809
320,50.5,29.011491975882,0.664364495596654,0.0563022288966812,0.502058152500166,0.00333588046104525,0.64894356488848,0.0420824680740008,0.514318763434323,0.0088454606949159,0.804413326831879,0.0761825004526825,0.523024854581375,0.0182757748025245,0.630678960503143,0.0428615655188774,0.505498333562587,0.00385205593297641,0.68451891061009,0.0515320836014069,0.511122674137989,0.00838263432504763,0.795052661131037,0.0782652452654461,0.507858689844601,0.00682456847952805
321,50.5,29.011491975882,0.664095361817485,0.0587296591709514,0.501240477251899,0.00120463187264607,0.649919124971705,0.0424870845028418,0.514463270681051,0.0096704293886474,0.804931321491499,0.077577474021374,0.522035127791777,0.0163347419875926,0.630864744176983,0.0445371915978482,0.506689169362035,0.00603909170757202,0.684450105338215,0.0508343656446725,0.508852990010196,0.00623905515297074,0.80021245828079,0.0786193940497495,0.506393175072858,0.00451582196372039
322,50.5,29.011491975882,0.664064978743408,0.0610673919031452,0.501375192589277,0.000754592056493065,0.6503557707182,0.0427218594059719,0.513314082435295,0.00893712612782009,0.807610999511145,0.0765349360863592,0.521922464010934,0.015027087797183,0.628052381056179,0.0458837463086156,0.50932740207423,0.00630420046930849,0.685329747427815,0.0502621878218907,0.514293139922446,0.0141322525624375,0.794837569429657,0.0754695968825669,0.506835151245191,0.00461685064421816
323,50.5,29.011491975882,0.664075404929352,0.0633080786017622,0.501445001818957,0.00114819574007161,0.651171068296363,0.0427666352421921,0.512392692639109,0.00820709155940237,0.811092015289245,0.0747245126707957,0.521158988232422,0.0139368877793391,0.630722068871459,0.0489613705823642,0.505453956906794,0.00365416007126202,0.687730309570231,0.0501237314827734,0.514286532766812,0.0105473046272637,0.800466474911934,0.0750259867059849,0.507465748571678,0.00573061042706587
324,50.5,29.011491975882,0.664077099948056,0.0652259307467227,0.501274703768887,0.000693894476368161,0.651133238096366,0.0427126949958889,0.511917829582138,0.00775168050224315,0.813597051121685,0.0719003347753442,0.520918608616601,0.0127040140517055,0.629714969811345,0.0507131699020398,0.505446168880271,0.0033559923608072,0.688885405630597,0.0495400979168109,0.515432829200767,0.0141201206752064,0.800838438524815,0.0734526283777181,0.507520763288569,0.00547162975613449
325,50.5,29.011491975882,0.664258318040908,0.0672053877800424,0.501287840724065,0.000668792886537286,0.651740313504093,0.0427340322669648,0.510973027752874,0.0071494732463151,0.815367284418344,0.0695118607906051,0.520108369517256,0.0114335919533333,0.629928124354695,0.0523092790099325,0.507690940694942,0.00497728522479033,0.688225456647903,0.0483293013384184,0.510709823461636,0.00775533011323672,0.804648688064645,0.0713354038200854,0.506850189470877,0.00507376892722312
326,50.5,29.011491975882,0.664162780784145,0.0674187160150697,0.501272486503811,0.000561944408978172,0.652752985913295,0.0421056080085756,0.510096657497578,0.0066421127473388,0.816076341675398,0.0692519447382639,0.519111440959743,0.010670058001293,0.629983577920022,0.0520287278878704,0.507098097827656,0.00414620814603731,0.688860732633168,0.0474375470984122,0.509949480900706,0.0080481419412412,0.806553177455648,0.0700279126747119,0.507138965350658,0.00519411860587111
327,50.5,29.011491975882,0.665062812832673,0.0670905759810264,0.501277975092286,0.000528505389757536,0.653501437182163,0.04110505987117,0.509481560647911,0.00615762642822186,0.815023836179185,0.0693471388828834,0.518941809568251,0.0102912708320003,0.630655129342716,0.0512357097978143,0.505897001911838,0.00327068469109888,0.689934035590739,0.046952609226854,0.509749796169776,0.00738702565239262,0.807069881875156,0.0689644172384937,0.507713086089391,0.00574980499831962
328,50.5,29.011491975882,0.665252936954704,0.0654204319230795,0.501395371659941,0.00119092212650181,0.653531358963299,0.0392262993678195,0.508696769379844,0.0056997968220957,0.813682854060582,0.0709662897130536,0.519357087699316,0.0105134888841628,0.630428184176312,0.0505461087785468,0.507279803622148,0.00695643724284845,0.689391487503384,0.0460929785125113,0.51177555453956,0.00965474580658973,0.803561941785684,0.0695649495080419,0.510075238442069,0.00935881441251176
329,50.5,29.011491975882,0.665821139729751,0.0636278326815208,0.501359366432378,0.00126854517916538,0.654254655177512,0.0373585684068306,0.508445726682082,0.00532916922200186,0.815004963361452,0.0720321078876445,0.518100963591065,0.00867547610611543,0.631093383010676,0.0491505054395239,0.506300611030374,0.00348516509171325,0.690478632146207,0.0447012192540387,0.511731934629709,0.00809878949941184,0.807441722928815,0.0701379201174635,0.50888597360435,0.00519774106664575
330,50.5,29.011491975882,0.666476367646137,0.0610467620468072,0.502446713574915,0.00304379492129779,0.653773253665291,0.0358494433550947,0.508060224524034,0.00560731986539347,0.808886987086914,0.0737884495477215,0.521850458252577,0.014626090991978,0.631800626552109,0.0468352831823867,0.506999010465114,0.00412171569769408,0.690598192892698,0.043708016054826,0.51239976700372,0.00930349878280032,0.805320163121848,0.0706679052674404,0.509033516382448,0.00461217035183002
331,50.5,29.011491975882,0.666950830668705,0.0582266839824844,0.503588417038278,0.00453081921662422,0.654175817863749,0.0345893797712711,0.506788401880396,0.00459301142442128,0.816075687128917,0.075314963880306,0.519885380045923,0.0109594175556078,0.634084965972689,0.045877793247941,0.506296022525685,0.00345188977784825,0.690556746237546,0.0417877984412508,0.51065134115114,0.00753006660145627,0.809205113034535,0.0714747468295357,0.508325090480632,0.00443455019440306
332,50.5,29.011491975882,0.667214234017734,0.0549359782020084,0.502618851050519,0.00336261613313863,0.656079255705827,0.0340975373942908,0.515468442185548,0.0154596433771227,0.80996084626479,0.0767399996966597,0.518305564604878,0.0106214637086605,0.633755968105415,0.0438408538486585,0.506947103579485,0.00408534185198297,0.691062695831954,0.040707198692804,0.512595011311061,0.0120784167153206,0.808698046372598,0.0713514180505095,0.508462002359364,0.00442139219192532
333,50.5,29.011491975882,0.66838771422585,0.0527870265409333,0.502943320611629,0.00325965961529792,0.656587188451567,0.033523862441304,0.510463101329538,0.0086300274647095,0.814747560633986,0.0771492857298923,0.520777077211029,0.0102486771487564,0.634180917045986,0.0418384409313077,0.505870455752848,0.00309198125065401,0.693448658828614,0.0403456232220377,0.511824395379292,0.0120142129770354,0.810208574750258,0.0712435218565678,0.509045492763888,0.00581809041049832
334,50.5,29.011491975882,0.669617504245318,0.0508702338940204,0.50183957154972,0.00159497160696602,0.657546931853939,0.0340351500148805,0.512359952465197,0.00984073108287268,0.815184115717167,0.07775565970376,0.52009565495659,0.00982420836108604,0.634720241265721,0.0406379521856453,0.505964126494487,0.00316325788179283,0.694498659556113,0.0409265062213076,0.510973783680138,0.00821707906030038,0.809917368790595,0.0715172438057234,0.508920689048875,0.00522531405864924
335,50.5,29.011491975882,0.668528312840995,0.0487464494725598,0.504724161357782,0.00402061441106107,0.655762447844635,0.033709920092323,0.510009694064002,0.00969573563666172,0.813362098087897,0.0790650485786741,0.52224856528625,0.0128078389908197,0.634864732884336,0.0391580697681803,0.506148497584839,0.0030811160976171,0.694201662806303,0.0413292405573772,0.511157123657023,0.00764522931954722,0.809981556094292,0.0720639784234825,0.508543151930753,0.00490195858479476
336,50.5,29.011491975882,0.670665711371655,0.0488128355398113,0.501781354771424,0.00151339314407124,0.658034101439756,0.0350323904795358,0.515622295718595,0.0144425834798718,0.813241856451893,0.0755773131872551,0.519314289614947,0.0088872387002899,0.636402873197608,0.0382099413323062,0.506271231543304,0.00288323324085534,0.693564688161151,0.041965286133464,0.510470883707194,0.00766669740872794,0.810601609098322,0.0735605818608557,0.508581041912641,0.0043939567762227
337,50.5,29.011491975882,0.671965647541865,0.0477945872518944,0.502794279777531,0.00299318091377322,0.658107743224327,0.0354244663417606,0.514848258127757,0.013325635574512,0.813514131771082,0.0748058158487488,0.518663588294813,0.00865250352519597,0.636824927318734,0.0370454773979172,0.50773819160336,0.00490379113457988,0.693538179935493,0.0429225244760026,0.510637945409809,0.00748639181507172,0.810380610061994,0.0751158578049,0.508002277596671,0.00401599019508217
338,50.5,29.011491975882,0.673272521283185,0.0475941595414653,0.502874973423701,0.00320881029572828,0.657992088630473,0.0350508376663056,0.514525052630412,0.0129576422734248,0.813121615871648,0.076048146863786,0.517969561789055,0.00899698116284663,0.638697585031687,0.0360473310316087,0.506474189929183,0.00321118880186896,0.69329576537046,0.0435184170853116,0.509613512546479,0.00657538991198494,0.813331169447002,0.0752982397189154,0.507787671670838,0.00410494972912526
339,50.5,29.011491975882,0.673437667939163,0.0471467410733899,0.501810259393263,0.00156169235833565,0.658884852194849,0.0345386797771836,0.516908437211518,0.0139456361119346,0.813729090941578,0.0740617312768206,0.516757764156998,0.00836932309387199,0.639522171082505,0.0358987502528579,0.507079263697548,0.00449047366780482,0.693312158640639,0.0432219439912608,0.508847151412635,0.00499665338981799,0.815171109288999,0.0734764507131977,0.507595230687732,0.00398277781018574
340,50.5,29.011491975882,0.672368996953985,0.0471569467854376,0.503721248811801,0.00412339526183801,0.657836199470429,0.0332840077720955,0.513304523838865,0.0121899536151845,0.814209538907563,0.0759087434134661,0.51689504916124,0.00884721199022155,0.638393971227669,0.0356300074268904,0.505858314256615,0.00290299012774391,0.694151104682954,0.0435991626026166,0.511473735886664,0.00830186942018471,0.813117228004632,0.0741170408645519,0.507314623506269,0.00341526217273193
341,50.5,29.011491975882,0.67297800689582,0.0475995665899952,0.501679437396561,0.00161734778923803,0.65826373940859,0.0325241720859068,0.515209523863515,0.0147569286070798,0.812410156712618,0.0750417450014122,0.517167832233925,0.0103460345148462,0.637465829896026,0.0354685369656298,0.507104604381134,0.00409084195517888,0.692663572489803,0.0436739008162767,0.510915581513054,0.00812841789320259,0.811903099052696,0.0734949292787503,0.507117710285258,0.00352751599470298
342,50.5,29.011491975882,0.673276602472152,0.0478446558898743,0.501586947644767,0.00127009463981526,0.658484346616535,0.0331435073200517,0.514069332569127,0.0138126663265949,0.81231299430253,0.076966902693616,0.516500529209406,0.00976281844591356,0.63845678160583,0.0353673856458208,0.508343029545286,0.0047798371554993,0.690147101818639,0.0438480812351428,0.508502272178392,0.00741311254194031,0.813266720886658,0.074695894749347,0.50680897997029,0.00331010917644266
343,50.5,29.011491975882,0.67352323803995,0.0469408013852768,0.504523780970996,0.00458436828160273,0.655797786731912,0.0330673167838409,0.5117200603339,0.011086580534624,0.810001709727416,0.0814954858676929,0.517149771408799,0.0119301904845907,0.63915108506813,0.0348106921607196,0.508008903480832,0.00458656005373411,0.688845381448163,0.0449209386247073,0.509073305541689,0.00752411551090142,0.810928021131784,0.0780230845782561,0.50715060977256,0.00429387410181411
344,50.5,29.011491975882,0.673332512102234,0.0447985685189174,0.503198696660368,0.00382849862899306,0.654882460358511,0.0341098392913149,0.517949315000719,0.0158503856928421,0.809960400198607,0.0850623717005173,0.517850503399224,0.0134166159881019,0.63919703405157,0.0333577320349108,0.507517354681027,0.00436011235208308,0.687307870103218,0.0466464765277366,0.510204283850645,0.00979244929893467,0.808074216490713,0.0809738691904053,0.507352261331958,0.00496314982467791
345,50.5,29.011491975882,0.674887580795146,0.0437368908749067,0.501378447061832,0.000808482281572162,0.654018799510613,0.0365945769051575,0.517526083194832,0.0164764728146569,0.807355720862632,0.088735898894129,0.518490402003208,0.0149957570938997,0.640209961016412,0.0325929450594704,0.505715343486163,0.00234977186597736,0.687146182150916,0.0498892656042405,0.510450666513336,0.00911415988426328,0.805961683666251,0.0844403606183522,0.507784158578403,0.00596955747409262
346,50.5,29.011491975882,0.673743184335976,0.0418782949384673,0.503606808469373,0.00404141854209606,0.651701040586408,0.0380996989186606,0.514354693005847,0.0159050451664313,0.806078758826053,0.0937097623940649,0.518105856093973,0.0137008770081172,0.639272169661825,0.0315979091894082,0.50545162178642,0.0027971419385058,0.68638992276831,0.052494326488871,0.512776296899909,0.00969430873903393,0.802489537792001,0.0851470311316891,0.507587108491231,0.0055548256924159
347,50.5,29.011491975882,0.674890896866034,0.0404203115084398,0.501626952674864,0.00171974212511122,0.651681597839972,0.0404019817503812,0.517824540255867,0.0176058121209769,0.804531358983095,0.0965386634967895,0.517026220553784,0.0128757784676906,0.639883919343151,0.0310479694200783,0.505821249546304,0.0029079917218961,0.684404237438997,0.0552869438258556,0.509456432874857,0.00814625414332436,0.802643184227218,0.0883962836694974,0.507474312888168,0.00535165480854252
348,50.5,29.011491975882,0.674476183940187,0.0389375686996946,0.502751412473523,0.00313070692991097,0.650807443307726,0.0427987038517377,0.517262887116207,0.016072665953529,0.803164708702967,0.100352823263807,0.517431947426699,0.011739255758639,0.639704120173358,0.0304943889673719,0.507217936182716,0.00444944132665252,0.681653925891658,0.0579460986042877,0.509077313187798,0.00829988271325986,0.798600121116425,0.0895426502895139,0.509617406413368,0.00718920891799157
349,50.5,29.011491975882,0.674488137822151,0.038588158292728,0.502771568055902,0.00325331947365831,0.650708865282328,0.0443498418341882,0.517583027665836,0.015648365764797,0.801305890327459,0.102401610908384,0.517209806297447,0.011342067278258,0.638927158524728,0.030630194016966,0.507619640093968,0.00485635670936747,0.682358704036737,0.0600590221617718,0.51052840693995,0.0086384443588394,0.799592212052007,0.0909338253438667,0.50715780286511,0.00490122714318127
350,50.5,29.011491975882,0.674708534270366,0.0388887064720632,0.502660492812438,0.00299750989732512,0.650286269337469,0.04627233187349,0.515876460964186,0.0153785089027945,0.802599995840608,0.104105920778028,0.516813483499924,0.0104573248206457,0.638389503861214,0.0312580096623115,0.507395776788655,0.00498577116128062,0.682700006714838,0.0620392165538239,0.511696976986179,0.00981724277822945,0.800252125507749,0.0912974860849734,0.506949565432271,0.00450935555311159
351,50.5,29.011491975882,0.675140824499434,0.0399372891162003,0.501687116380968,0.000695757565393876,0.650896486119589,0.048212663283375,0.518489127861296,0.0145117618573896,0.803658979526207,0.104056444729048,0.515473194438533,0.00955639141618401,0.638216966083992,0.0316438238344651,0.50603588333665,0.00314628841547146,0.682592100872257,0.0634465424257693,0.513905780028728,0.00997417557547571,0.799797217662089,0.0907134920523802,0.50730650855688,0.00516921517830824
352,50.5,29.011491975882,0.674183267960131,0.0397836468365718,0.503907755505674,0.00412437180272488,0.649870646100252,0.0478439915504562,0.517318783943867,0.0139792607980157,0.803107715690096,0.104317149573284,0.515425149013009,0.00889735000791871,0.637087842201889,0.0314960426980779,0.507493343507993,0.00404758539283787,0.682249467209518,0.0629714392612164,0.516702432659366,0.0105124536878181,0.79820946761188,0.0907615514288594,0.507762389658048,0.0052508715420724
353,50.5,29.011491975882,0.675146905859185,0.0407405655808859,0.501543600440561,0.000652899041307938,0.651763146148383,0.0474180488680947,0.516570004944114,0.012592631224489,0.804558395670018,0.103789417765517,0.518520373065278,0.0117442006882917,0.638933845254699,0.0324419792921554,0.505976222385236,0.00311485006935154,0.682716471104641,0.0614930698347222,0.512561706481948,0.00883688289753783,0.80321518595461,0.0924725930613233,0.507486420408736,0.00511807861363036
354,50.5,29.011491975882,0.674001011612528,0.0413919964650709,0.502459245574023,0.00257604178940171,0.651145056983536,0.046003722925986,0.515915077425139,0.012070905147854,0.804683022680304,0.103608819095792,0.51773716238467,0.0107145211133336,0.638477488466075,0.033053830899951,0.505543914408183,0.00266659619505603,0.682976892050796,0.059979089013918,0.512011757749672,0.00865549400852832,0.803602432348569,0.093988233163877,0.507030195699238,0.00410796931396909
355,50.5,29.011491975882,0.674603894089027,0.0416877289465625,0.502719243816237,0.00321639105124541,0.651818791484014,0.0449645704992794,0.517051584732649,0.0135221501974512,0.803283503291266,0.102293965526125,0.516355439099476,0.0103319178434991,0.637860425944541,0.0333717823280033,0.505522958426372,0.00285383717337944,0.684276768450805,0.0580571963649329,0.513549308197836,0.0105105514807107,0.800911777372871,0.0929305665952497,0.507058512403788,0.00378470562737475
356,50.5,29.011491975882,0.675657472561902,0.0422831392364769,0.501474439755533,0.00064320622962895,0.65233457692332,0.0432591134357093,0.516282350393256,0.0127035617293305,0.805242924023782,0.0984539466598007,0.517991909462968,0.0112086244541678,0.637459175768377,0.034060188374532,0.508380553427745,0.0066316890368783,0.683887269889602,0.0546543489859582,0.510091866400804,0.00774171431730594,0.803638335333241,0.0925642572749546,0.506248543200684,0.00316564833982128
357,50.5,29.011491975882,0.675570996119645,0.0423530465680035,0.5033221745206,0.0036227597162096,0.651367516506201,0.0410947673151839,0.51525869378346,0.0117882951720121,0.806279369470077,0.0953850123399437,0.518236711562058,0.011694346305982,0.636072194465238,0.033891470169431,0.508211066941662,0.00533374106161362,0.685950392212013,0.0512755921884484,0.518003342027339,0.0149402987798237,0.801472819120494,0.0881055478928064,0.50786779958029,0.00437346133943169
358,50.5,29.011491975882,0.674737703398929,0.0432100548750232,0.505434368903888,0.00425915886588242,0.65118836284504,0.0400300507713058,0.515816048339302,0.0130279608282764,0.808447724600743,0.0950472623424185,0.518116865860776,0.013040245599111,0.638456213580494,0.0347465426118473,0.50601676100745,0.00309556209334762,0.688459040320058,0.0488203312025762,0.513173720607276,0.0107792042325642,0.807606667651539,0.0870774822697267,0.508577999963069,0.00573275926277558
359,50.5,29.011491975882,0.676773826127975,0.0442631766545522,0.502198298060928,0.00238185838958925,0.653356013939974,0.0394848473660588,0.518751745493124,0.0144628965492026,0.809369699613488,0.0900805169500291,0.520001790888329,0.0154839172931548,0.639701933505081,0.035165132239542,0.50647560827144,0.00361290890173926,0.687768785363234,0.0462041017351201,0.512499119651971,0.00988551066581243,0.80439665435355,0.0854178916347202,0.510574707087528,0.00803478100012966
360,50.5,29.011491975882,0.677158553783055,0.0447633283711441,0.502710698724742,0.00302281727772526,0.652998497766057,0.0382514492127222,0.51676676447871,0.0135339492560791,0.808947213217787,0.0889786001167949,0.521898149247954,0.0171038684780075,0.638838258151078,0.0354883173447382,0.507139692402545,0.00315049854058557,0.687759886058716,0.0443472884466598,0.513058147697366,0.0110836632545053,0.8064521054772,0.0846037217736161,0.508137283315218,0.00531148311526996
361,50.5,29.011491975882,0.677663621793068,0.0452830590880977,0.501841299346243,0.00184428987308303,0.65320587480038,0.0383484634081006,0.517517450269692,0.0131394803660213,0.809709607876074,0.0906530218293988,0.520093802950415,0.0165672090452679,0.638838531847053,0.0364037144689599,0.50555905628819,0.00279833934250085,0.689861733691138,0.0439587905331232,0.514822141066048,0.0115719666771409,0.803745144126185,0.085166629884447,0.50800437616593,0.00486689895214432
362,50.5,29.011491975882,0.67779115851382,0.0464098677054462,0.501631286944491,0.00109465857930473,0.652506460425721,0.0384113684058082,0.516222435770132,0.0123061313961208,0.811720293093297,0.0923252642454221,0.519857888048118,0.0152706303334582,0.639741641455844,0.0372809926432763,0.50714681719517,0.00491987649377511,0.688552885920346,0.0438880305052566,0.511867809111789,0.00971617922333934,0.806082247814756,0.0880207625112025,0.508098742429662,0.00473816879857022
363,50.5,29.011491975882,0.677525131933038,0.0476923543609134,0.501536390693042,0.000363601547492311,0.651824095436703,0.0391589126060204,0.514975451341898,0.0114060272827347,0.81158224072671,0.0938286661562563,0.519633963286638,0.0141417315343682,0.640025345074602,0.0373948194735634,0.50587075529067,0.00333553271114383,0.688991833469651,0.0460379883015626,0.512167608999354,0.00881284144683575,0.805013709837615,0.089665592779316,0.508110606892731,0.00437429194037991
364,50.5,29.011491975882,0.675591633203422,0.0481857857514192,0.50469318670576,0.00448083037754694,0.649888548082293,0.0402177903601186,0.51435715831641,0.0113749253463626,0.810037309886203,0.096926171335383,0.520367791403698,0.014491136496804,0.638907275935865,0.0371075849794736,0.50747544889185,0.00466698152836767,0.68756887760294,0.0477667905393026,0.51160805936874,0.00871719143869703,0.804274768261543,0.0923527531760578,0.508078337049577,0.00451485948997522
365,50.5,29.011491975882,0.676399503909309,0.0492119543761039,0.50167515548151,0.000907824327281631,0.650533426018039,0.0421054900602297,0.51586010970557,0.0136040044360973,0.811609815912991,0.0979112568555669,0.522661477986431,0.0174325007536034,0.638821536003941,0.0379679576011733,0.506213292230977,0.00307703020329568,0.688175028762727,0.0499769682314589,0.511559970801867,0.00919141259324519,0.80451487835803,0.0927105053267264,0.508414243025512,0.00532192605498065
366,50.5,29.011491975882,0.676278703569756,0.0502316873681748,0.501615125511815,0.000649350955266744,0.649253863352053,0.0437742520544239,0.514940605688139,0.0131216874213053,0.812967420194318,0.099474649926755,0.521792154378813,0.0161109491855744,0.637518056693208,0.038919098756401,0.506245703807845,0.00361349913362225,0.687354290943912,0.052386300331328,0.511702776621242,0.00902327949859202,0.805462118281054,0.0942879174157568,0.508649613682199,0.00481157593152957
367,50.5,29.011491975882,0.675642413545023,0.0520662458139557,0.501661991048463,0.000637308573009243,0.648033126965037,0.0446453373880696,0.514675709435405,0.0125385371106474,0.813995269791421,0.100329506570128,0.520480003026871,0.0150332492905854,0.636183358640781,0.0402569904227479,0.505819804335722,0.00306582481959583,0.686397610546211,0.0536758878216686,0.513560891922,0.0105777803215367,0.803545256097231,0.0950990478765894,0.508326545308903,0.00493246254266984
368,50.5,29.011491975882,0.673964972737918,0.0533958005343688,0.503043710645931,0.00337256611801098,0.647946813645967,0.0449777954951251,0.518571971713857,0.0185140908320914,0.808744769013574,0.0997673504993352,0.519532591917269,0.0137452179061302,0.634346092734058,0.0411237419199633,0.508111528370257,0.00552836195658967,0.684407668539852,0.0542214968584217,0.513732934553587,0.0124056769713961,0.802634477120894,0.0954759013470972,0.50784886758457,0.004563939296726
369,50.5,29.011491975882,0.673953900711247,0.0554787585112359,0.501798035355157,0.00152786879733586,0.647545119385788,0.0450289868118001,0.520001413713092,0.0235318416269058,0.805877491273398,0.100775994695904,0.519108621992158,0.0133594409649977,0.635019615280557,0.0427390949159743,0.506069795125541,0.0036744063990637,0.683920959262671,0.0545967375133032,0.512082867827602,0.00806224514993883,0.801878548663591,0.096657196743812,0.509046739714814,0.00478096422317529
370,50.5,29.011491975882,0.673454207456994,0.0558021445815397,0.503271788368872,0.00337590264650817,0.646108728806431,0.0443352630267355,0.516419050435349,0.0140098169424759,0.802774058317382,0.104041282566425,0.524399442380824,0.0188326216649646,0.633412127641567,0.0429208449339268,0.508297951826644,0.0051583723295027,0.682564774865231,0.0544110698757534,0.512729702185263,0.0084544373268084,0.798585680978313,0.0999838807223952,0.508957089776053,0.00506799197160419
371,50.5,29.011491975882,0.673092150041358,0.0561602431464974,0.502519682037402,0.0022252083482196,0.647704271983293,0.0439993119964531,0.513464976883287,0.0109861369851118,0.804959043895455,0.106084536043225,0.519900377135376,0.0133117481604208,0.633617487787646,0.0422866951755849,0.504961513793498,0.00215977255351597,0.684575997934892,0.0549083123652676,0.516194596631131,0.00994366143577963,0.794225232363488,0.101984663324077,0.509475950411143,0.00541917823156707
372,50.5,29.011491975882,0.673400360885797,0.0554571959908536,0.502458459383392,0.00203503298575988,0.648100065099098,0.0437560067266704,0.512863988494427,0.00992948019436909,0.801737189401674,0.107505507614693,0.519167192127104,0.0119625390742592,0.63472389350813,0.0414999300120489,0.504928554236051,0.00230695335230362,0.683486996523207,0.0542440545542949,0.51279683194149,0.00839012004180751,0.793402694826518,0.104468966962956,0.509460842992808,0.00515326647739101
373,50.5,29.011491975882,0.673892961318581,0.0543732951469312,0.50260360666895,0.00210943839465286,0.648318596258919,0.043447584259105,0.511981937801444,0.00906077067666382,0.799153837968448,0.107829455624009,0.518764548921344,0.0108930415725886,0.634119799413317,0.0405313443983015,0.506779941189611,0.00451535191279348,0.683706913995897,0.0538664850693343,0.512333821748869,0.00784161232161824,0.789461902746763,0.106527694068166,0.509207569740595,0.00487584529933482
374,50.5,29.011491975882,0.672426366508121,0.0522653128984696,0.506390869778812,0.00703958921235775,0.647577385904724,0.0420274982807317,0.509346574030529,0.00796731355593745,0.795984599974379,0.110719575431697,0.51855842007546,0.0114251152541399,0.635137211757669,0.0399163127734261,0.504491586642344,0.00213492707308658,0.685849940809843,0.0528656189527259,0.514029687800257,0.0103193727579579,0.782237166244766,0.106771179626471,0.513982838632923,0.0101442912556643
375,50.5,29.011491975882,0.674327776603038,0.0524346830735143,0.502275228043507,0.001614781232892,0.650774345279169,0.0410879162611851,0.514588319337142,0.012244053066427,0.793922655480958,0.1134407723085,0.519733981515369,0.0132589973826948,0.63356686989995,0.0392307697646397,0.506847034883947,0.00679958592442724,0.686645470016091,0.051594739174034,0.513480065963508,0.0102719461524452,0.78206496671025,0.110043519056695,0.510598292184242,0.00733651203271707
376,50.5,29.011491975882,0.674836009518867,0.0514055775627996,0.502243942571966,0.00158263479259334,0.65140738768622,0.0393557690819163,0.513688769444004,0.0116008725432713,0.792097838673914,0.115786840082422,0.519347749517516,0.0123114986992513,0.63422440542415,0.0387046898373704,0.506777499334718,0.00492940703796491,0.687282286353658,0.0498190319575767,0.513770212231011,0.0108261360320645,0.779903609396124,0.110775557838511,0.511230784759134,0.00769159651397625
377,50.5,29.011491975882,0.674587192191718,0.0502984631020083,0.503183458701304,0.00305836790976764,0.650940035570059,0.0387003638506651,0.512932483531057,0.010619648832831,0.791339702968953,0.117190349547459,0.519105335099798,0.0115662627904521,0.634879682794738,0.0378274176469258,0.507155479230528,0.00576455269159498,0.686799970092314,0.049723029007622,0.512589416356636,0.00928296756357707,0.781611168819855,0.114938411063181,0.510634821597294,0.00680665014843925
378,50.5,29.011491975882,0.67433438800979,0.049204646440262,0.50219050657485,0.00129659346876188,0.650909479205644,0.0388776575142543,0.513579901876481,0.0123507521989389,0.79024210602812,0.119040913766374,0.518231885929093,0.0109107083782457,0.635532679296841,0.0378496532636894,0.506722586303776,0.00437766775756762,0.68616192199269,0.0503224935040157,0.511518032293993,0.00818677960007434,0.778946127720844,0.116851914247036,0.513876466272256,0.00793421704760547
379,50.5,29.011491975882,0.673514081381185,0.0485334727501847,0.502938357967189,0.00319192638606927,0.65125441267115,0.0395344798188081,0.511749386379853,0.0117570203531121,0.790766052122817,0.117490999363168,0.518175815219489,0.0114253072016875,0.634410006269001,0.0369329017345868,0.507414868452696,0.00479786753412424,0.686359905133109,0.0510030976314746,0.51174777631883,0.00833781631361703,0.782464664753359,0.117019855679979,0.511587946378503,0.00624013477331814
380,50.5,29.011491975882,0.67320787303486,0.0480355176301718,0.502047970107481,0.00106188400974631,0.651677262582472,0.0396994749821471,0.51324265508448,0.0122825782800853,0.7898922593408,0.115476348494285,0.517145633313785,0.00936679715365803,0.635095657041324,0.036569124860708,0.505106770183359,0.0031036495165268,0.687608238849146,0.0513756499807529,0.512172069290056,0.00897457891745542,0.783528270058644,0.114918492011109,0.512391204492515,0.00616741712409302
381,50.5,29.011491975882,0.67325288245638,0.047899702885933,0.502039222097713,0.000933969078156174,0.651544151363906,0.0401529515230287,0.512242403572857,0.0114123047168093,0.791385964298892,0.110635498803617,0.5162732530274,0.00878901026200617,0.634526173178981,0.0361946854816988,0.504654581056072,0.00269642262109275,0.688037161067946,0.0523330700558591,0.513962987740734,0.00948131237524261,0.783894077463302,0.10988231905686,0.511832260770832,0.00554979580515588
382,50.5,29.011491975882,0.673079989740648,0.0476166176830555,0.502110159096881,0.000806140041630162,0.651899230589937,0.0397430254975926,0.511665380359481,0.010308211879234,0.793641034112535,0.104715067206694,0.516249179465138,0.00785258719876961,0.635848914228098,0.0355700780971832,0.505058749158536,0.00281364211492176,0.687125103909798,0.0519678905355155,0.511055423060351,0.00804918470181676,0.788471036932209,0.10559208327022,0.511363783874172,0.00525009698006428
383,50.5,29.011491975882,0.673217597387968,0.0469672995301124,0.502169850591822,0.00118625353215708,0.65308303377335,0.0389210793045156,0.511467061639408,0.00940808526110013,0.794160319967621,0.098770455586149,0.515997971173574,0.00718869158953283,0.635780412323429,0.035661870425038,0.505111664033767,0.00320196584980578,0.687437522625816,0.0500330324365691,0.510588746308255,0.0080020664396749,0.790623035787481,0.0990226110419784,0.511136470897749,0.00497131830963903
384,50.5,29.011491975882,0.672910086451977,0.0453371308021065,0.503176652041958,0.00326203069437902,0.653927951276325,0.0374965893539694,0.510789541648146,0.00892713812444353,0.794489838436598,0.0933933603181219,0.514742462067034,0.00594955540737168,0.636236424970524,0.0358083971751568,0.504605810897564,0.00228783619683897,0.687456494157972,0.0478740750527292,0.510659809138862,0.00788210969973424,0.789009872083564,0.0915534136586767,0.513380158979471,0.00810878479135733
385,50.5,29.011491975882,0.672987436865819,0.0444191052096092,0.503705549931964,0.00357021214042443,0.654262024531471,0.035974251284439,0.514144308609208,0.0118722730388028,0.795370657149717,0.0912780115948315,0.514716647898756,0.00568140815687793,0.636709476630971,0.0351559776107277,0.505936644847519,0.00427721402256081,0.68757238033738,0.0452304487038264,0.51021596323368,0.00674134767509374,0.788904559987736,0.0886506509192032,0.513130921082459,0.00701489487712713
386,50.5,29.011491975882,0.674808082801267,0.0435166739087686,0.50377890595453,0.00357097160881986,0.654046241359859,0.0333593558474658,0.512828717216712,0.01057264532421,0.792964497534744,0.0915867775655633,0.515801732613023,0.00950390014745153,0.636338828530386,0.033911833096395,0.506226573284179,0.003977933290163,0.688643986188842,0.0439686099325321,0.512093054836744,0.0102229154128613,0.788287704261457,0.0885047341051834,0.510195383458872,0.00400233427468316
387,50.5,29.011491975882,0.675713143522855,0.0429990116537184,0.502977215102022,0.0028325174615918,0.655383262427494,0.030900881708961,0.518216878421127,0.0157714235387048,0.790878026762294,0.090211459258253,0.514602234945276,0.0092403142259253,0.637385628569264,0.0337013630221593,0.505410637402489,0.00269213135249707,0.689405944748701,0.0418972249925085,0.509253554543776,0.00716911530937117,0.791703499194653,0.0884374196159278,0.510947418363624,0.00465876468156973
388,50.5,29.011491975882,0.675395848009608,0.0429554604793881,0.502123313618891,0.00174708163135552,0.656251144497414,0.0295839130443573,0.516316545270719,0.0135684014369987,0.792273231868601,0.0894868295413742,0.516606296829581,0.0103191618352504,0.636144375480614,0.0334583661909253,0.505287965798375,0.00283132263921613,0.690429020946008,0.0399433585297898,0.511955360174152,0.00925337564528898,0.790857084020432,0.0878308972822708,0.510492541446451,0.0042976225812714
389,50.5,29.011491975882,0.674782791220841,0.0436957575353735,0.502026829304007,0.00147998158058663,0.656439396343198,0.0283004705805863,0.515374907830555,0.0126915246671164,0.792773576021997,0.0914984121499799,0.517259874649182,0.0113856790900104,0.635284910895225,0.0337549111303453,0.5059220334846,0.00396248894445938,0.690917787931347,0.0383616398595842,0.512986941348892,0.0114554779780968,0.789897623302249,0.0897072887062574,0.509818892983059,0.00409496185443765
390,50.5,29.011491975882,0.673512365432117,0.0443267928340734,0.5018961267415,0.000670494835741442,0.65671754947683,0.0275292860252692,0.514469676492251,0.0118079369272012,0.793276083493187,0.0935744737628861,0.51603714263079,0.00915091878120821,0.63502825798493,0.0341858902549887,0.50624548014699,0.00438195833618186,0.690707896302947,0.0368400061132915,0.511385432915433,0.00922779974530277,0.79251438983051,0.0908070094668063,0.509657943109719,0.00357195471973145
391,50.5,29.011491975882,0.670543506796543,0.0447903550364468,0.503831536712139,0.00376968928459909,0.656598472600629,0.0265638661973554,0.513377111002358,0.0114842553547435,0.794027930417464,0.0950951594461373,0.515956899047323,0.00839394562746801,0.635540424036349,0.0346843806086644,0.505747256749655,0.00278707759784508,0.69211796959949,0.0364757098707376,0.509608991930452,0.00658603403242574,0.793989615007526,0.0912813919247342,0.509202821378055,0.00358520410772425
392,50.5,29.011491975882,0.670949390137987,0.0472791083841174,0.501874113344945,0.00111203803444071,0.658076211070917,0.0260850428000649,0.514333520365199,0.0113592831562841,0.795477635626931,0.0941051512999146,0.517255369587443,0.0112441940363864,0.635304776924068,0.035997393317572,0.505723209595837,0.00270497846396679,0.693751291467502,0.0362002851278263,0.508590292527839,0.00611402065504049,0.795648054112007,0.0906633396976441,0.508871026689159,0.00315786062292001
393,50.5,29.011491975882,0.668413535548847,0.0483439559619134,0.503308065103922,0.00363475747359741,0.657637864127103,0.0260389052856359,0.51392637189334,0.0112900368073031,0.79566889561606,0.0928669255936559,0.517915520023293,0.0137284968792617,0.634164129011718,0.0370046453965162,0.505390204809348,0.00252880728197005,0.695257307869772,0.0353046720150824,0.510375557256694,0.00926389522111976,0.794490510381668,0.0927631497070801,0.508401380400491,0.00289653717418904
394,50.5,29.011491975882,0.668253183799569,0.0499112374389721,0.503778284197044,0.00366161675433853,0.658395813155611,0.0251164063529774,0.512459167058275,0.0127854851396364,0.79607051145704,0.0955074523519445,0.517331294199466,0.0107445354727853,0.632944290052007,0.037531083941606,0.50697869130705,0.00532894606760832,0.694351340764832,0.0335316417220707,0.510368834693106,0.00847918471593926,0.795736645334263,0.0930978401494905,0.508002286270757,0.00264668278682591
395,50.5,29.011491975882,0.668434910974631,0.0512674621646405,0.502881250426425,0.00299087369979018,0.658608977224204,0.0243162581110252,0.514626349123248,0.0137488626812663,0.797215700098507,0.097661867676248,0.52084144553257,0.0130143366258343,0.632558648303855,0.0384826685637246,0.507934164923347,0.00530092248312154,0.694947327034558,0.0318880305386691,0.512520254317818,0.011054178039282,0.796512586633568,0.0951597798984979,0.507719525492731,0.00264576811250483
396,50.5,29.011491975882,0.668434565192631,0.0521640010271136,0.501766934708366,0.00111216505627536,0.658933024948529,0.0239973444875095,0.515730538448717,0.0138189406689973,0.798120291995614,0.0975638814172104,0.520748375624761,0.0128077041488402,0.633198201964425,0.0397862546447831,0.506070755030798,0.00336456669160928,0.695673153672964,0.0307838278812475,0.510948356011468,0.0078153217717559,0.801196480831003,0.0949493976813126,0.507299781516669,0.00211176740198306
397,50.5,29.011491975882,0.66791083738166,0.05344614738808,0.501749032139191,0.00151441208055226,0.659375787729427,0.0236589770994107,0.514702582042941,0.0129092954293835,0.799332282520705,0.0960442624467157,0.520122491252079,0.0118849631057646,0.631952907845871,0.0404720738716498,0.507338848545076,0.0036011025689388,0.695305963637797,0.0296277600241822,0.512843498865116,0.00914885652021007,0.799318233458836,0.091453655346385,0.509868853601023,0.00756923755202177
398,50.5,29.011491975882,0.667415257388325,0.0540491580412998,0.501926282435561,0.00229659781101156,0.658996739925512,0.0236316695293085,0.514005465122107,0.0119852346560193,0.800682345248965,0.0938011300782087,0.519697831034089,0.011331790043486,0.632143234474993,0.0412329917995215,0.508201354875813,0.00461730454140707,0.695568578638759,0.0303981627821731,0.510784936716447,0.00660498218881309,0.804909560591941,0.0893956002366743,0.507066711385873,0.00368222627295596
399,50.5,29.011491975882,0.6684760357535,0.0546176549060063,0.501561222434128,0.000666222050555512,0.659151189604421,0.025048267889264,0.513691668957146,0.0121195929616714,0.803457888877368,0.0923038213017115,0.519427232190806,0.0108666521341552,0.632827102181888,0.0413663360823263,0.507080000732834,0.00558732833899185,0.695562341019863,0.0320415706107165,0.511021957318978,0.00710120974959937,0.806027060859994,0.0857811839212753,0.509382755272114,0.00510421999406203
400,50.5,29.011491975882,0.668835601274593,0.0533125080515165,0.501659419001277,0.00140104287466922,0.658699346403902,0.026940271931155,0.512796600858442,0.0112242259191215,0.805163535388445,0.0899538537075905,0.519289615663465,0.0100593112270148,0.633037306685032,0.0413522846099809,0.505656338149578,0.0029492961662086,0.695859204726481,0.034485975583147,0.510316193030347,0.00691312583058478,0.807151290486256,0.083531552951557,0.509991314853423,0.00552498202422919
401,50.5,29.011491975882,0.669073357582207,0.0519286599123601,0.502799539566244,0.00351569409366291,0.65842750137344,0.028882572080293,0.512487665148419,0.010834280536892,0.806662062886752,0.0862413725204666,0.519638020436444,0.00969101311160595,0.632266439877915,0.0408239514143973,0.506655605221871,0.00391176796979336,0.695692272234517,0.0365818408769674,0.512214745977173,0.00914679984149286,0.806818686471158,0.0810909622685207,0.509441811415836,0.00522061759245722
402,50.5,29.011491975882,0.671080402799166,0.0509508046016879,0.50279369645779,0.00311800532491304,0.658156826736163,0.0300841233694572,0.513551957845912,0.0125296668479815,0.803313460909035,0.0855093216875903,0.524617227451911,0.0227808699804632,0.631374851108961,0.0399408997552509,0.507501006765045,0.0043707648161692,0.695357964327322,0.0383518501958604,0.515454509539104,0.0125495200709625,0.807313272434992,0.0775195721386848,0.509209725189236,0.00486235360980425
403,50.5,29.011491975882,0.671435362255234,0.0493115465082595,0.502452647210827,0.00193288210790569,0.659687519702219,0.0314968764294054,0.515217578659809,0.0126175851456096,0.810709633876082,0.0831063164015566,0.51884456268062,0.00837724307647301,0.632028486900067,0.0398254877694632,0.507601172618534,0.00446223020135542,0.696742156708231,0.0407807333634715,0.514782295225426,0.0197319151128339,0.80932619416785,0.0780680787541751,0.508699769175128,0.00504345839523186
404,50.5,29.011491975882,0.671717882185272,0.0483617329501917,0.502284725377007,0.00128348714722308,0.660231750214973,0.0332042789223296,0.514476333882042,0.0117980329255283,0.81004003817108,0.0809795648383004,0.517903512223288,0.008082463067254,0.633419917965494,0.0393892681942115,0.507095227793031,0.00469895190383675,0.694516335463538,0.0418484456169757,0.510388108801795,0.00923940631177963,0.812847782040978,0.0747923541383975,0.5096617718579,0.00539651440916566
405,50.5,29.011491975882,0.672280292817067,0.0470561971043511,0.502192240189042,0.00117455214183114,0.660076641629259,0.0338194083963322,0.513527693500733,0.0107312580613748,0.809404527522799,0.0804124575285062,0.517632172064209,0.00730333975186457,0.633332352839124,0.0386518127699962,0.506832173540345,0.00442782489029284,0.693973444509175,0.0426129358684045,0.509981498332319,0.00867319404189791,0.811613584557079,0.0747457343435241,0.50968852754898,0.00489699986070448
406,50.5,29.011491975882,0.672484344024837,0.0454034769233956,0.503629285890367,0.00342319702724643,0.660638880957393,0.0346531055467576,0.512517336721281,0.0109164779303404,0.807311549425981,0.0827684143816615,0.517418488551518,0.00682895608512251,0.632974183155033,0.0377579396436499,0.50758404067662,0.00438747438315518,0.693661581847918,0.0433777465303594,0.511410730998414,0.0092629039273351,0.807451188108906,0.0765680434848423,0.509526766455447,0.00473598911378783
407,50.5,29.011491975882,0.672325736758883,0.0448529309286195,0.503711162284612,0.00348992409193018,0.659253255148112,0.0357739602949935,0.512757225531888,0.0125917039887792,0.809123340712914,0.0857043184953399,0.517387574836474,0.00751481378784572,0.63286689431059,0.0381785598974058,0.506615620067667,0.00424412625771354,0.693358176435636,0.0452185189057365,0.511424982937171,0.00916493020817427,0.805912951293381,0.0805586044123907,0.510353247803999,0.00676335756182893
408,50.5,29.011491975882,0.673094932756608,0.0446411546787071,0.502094416485217,0.00142911935450846,0.658978281407759,0.037318622139338,0.51480106372544,0.015193102874551,0.805245156042817,0.0896546419101205,0.516189584235281,0.00689498220203608,0.633474105477839,0.0379389985628737,0.507311036822312,0.00475616344730772,0.692060344645922,0.0467020268990415,0.511927026614456,0.0103856965218461,0.803562953523101,0.0849594712336494,0.510189111184998,0.00636315553779704
409,50.5,29.011491975882,0.673160033149739,0.043836069510481,0.503090025541601,0.00299803661327291,0.65745062162983,0.0386832781859373,0.513045341967466,0.0135216270116395,0.803746902375923,0.0907013498210767,0.516538151824337,0.00810141696153537,0.634741536949403,0.0380096512933983,0.507706923119936,0.00457385542110099,0.690677606311205,0.0481811555849094,0.508473059675291,0.00642215314461834,0.805462001131217,0.0865208048392307,0.510586819880117,0.00686799496907891
410,50.5,29.011491975882,0.673896167677279,0.0424520852242942,0.501884456469809,0.00100396730849802,0.657470249759751,0.0410136082733526,0.513687553023809,0.0146979747192027,0.805434326827267,0.0908760550355004,0.515419063606922,0.00553283365789251,0.636169565391044,0.03721062020798,0.506275566150202,0.0035140131569917,0.690922669514971,0.0506563503415388,0.509240306415188,0.00624398433259049,0.807721019583721,0.0859512767778079,0.510090566130744,0.00627686980987663
411,50.5,29.011491975882,0.673413159732252,0.0412200739583367,0.501888452603037,0.000975188029756124,0.656688967151058,0.0416546418228233,0.512765031270992,0.0137873699607807,0.805397409238657,0.0889630573939321,0.515970910524698,0.00700736390593226,0.63497424457018,0.0355397741452967,0.508323118763333,0.00527111445517676,0.689576070217528,0.0526123734029924,0.509045391286238,0.00750006198465266,0.80853455242426,0.0837452978552028,0.510497827073909,0.00651893402777562
412,50.5,29.011491975882,0.671796109353001,0.0408114751546319,0.503060166414439,0.00303256145640545,0.655697488291348,0.0414957404352423,0.511584521044561,0.0131217502958726,0.804556369002492,0.0853750015890731,0.515269585066401,0.0048322607348565,0.63420888720045,0.0349691195770518,0.506649122972876,0.00384301520528602,0.690698819114625,0.0546068820544233,0.511914515190858,0.010083852643919,0.807541733746775,0.0818126212073829,0.510915997843557,0.00610003482631929
413,50.5,29.011491975882,0.672480001318461,0.0416805483187294,0.50176437769918,0.000806584650382896,0.655687820375385,0.0419561961007316,0.510733210965831,0.0120570339650421,0.805222566521024,0.083678629033272,0.516810377451196,0.00852160416406112,0.633507329503317,0.0343454270664717,0.506546882607632,0.00334259241396163,0.690376377137995,0.0559042734073282,0.51313177324172,0.0106879852152663,0.803976093651046,0.0806991752647551,0.511502407317141,0.00611494124695965
414,50.5,29.011491975882,0.673317120160779,0.0427878520583049,0.501681967636287,0.000720097258045643,0.654950379202751,0.0418274691032869,0.51016520394187,0.0112144215292254,0.805043895816255,0.0819426635263926,0.516944966132167,0.00937582278103511,0.634029442782378,0.0343942646870493,0.507961139430597,0.00546725869889413,0.688984274850389,0.0560044331412068,0.510887996687486,0.0071460896413601,0.802848588285615,0.0799996412085704,0.512454591594967,0.00736535540094813
415,50.5,29.011491975882,0.67235472331553,0.0430453077111217,0.501632783426475,0.000882908154191721,0.653830112961017,0.0420275411762025,0.509362202382879,0.0104166802968902,0.805492948917868,0.0814332814658697,0.515956045763621,0.00715941658671252,0.633792999952287,0.0343706468500524,0.510282645005811,0.00605560653158183,0.685467181511572,0.0563447006210282,0.509182824504517,0.00647961845835637,0.804687567506255,0.0805740483175662,0.513256309497122,0.00840124453082826
416,50.5,29.011491975882,0.672172152181111,0.0439789646724242,0.501714013319861,0.00137220593078097,0.653470215461881,0.041944248900918,0.50862509835958,0.00962027332517496,0.803900121233407,0.0794991975395105,0.515593520863126,0.00671908560764877,0.634722708085736,0.0337658718102,0.505842329184779,0.00252746234471369,0.687393810708382,0.0569365864334786,0.514255028416746,0.0102595741605429,0.801834976301303,0.0789972202497975,0.513072674934081,0.00754496214045491
417,50.5,29.011491975882,0.671658671849909,0.0449023254143812,0.503602416329984,0.00425557366784472,0.651079068979023,0.0405807661742435,0.50800402050744,0.00867501284489927,0.793553856703518,0.0776888367243977,0.526670588902303,0.0208934862086938,0.633455837545662,0.0336657473634885,0.508958728918081,0.00715931866785453,0.686069627849976,0.0558641022905685,0.515400003307711,0.0109165087447587,0.79700175537597,0.0770884140443414,0.514083292107875,0.00832878012685496
418,50.5,29.011491975882,0.670752738597522,0.0459941351253696,0.503125843738773,0.00332516042344323,0.6532750858655,0.0402797764821692,0.510474719481994,0.0122810590834558,0.804292512770972,0.0742597230707541,0.517288662604223,0.00953643612424309,0.636376533521922,0.0347221212054764,0.50672251453145,0.00299354090682021,0.686363182747531,0.0546452004129513,0.512709004497881,0.00889146013676751,0.80490902255777,0.0750529613061584,0.512899901373302,0.00657555658129296
419,50.5,29.011491975882,0.670632141252666,0.0466155246062106,0.502392071291769,0.0025148562606949,0.654474842295794,0.0404255482093942,0.509272969758292,0.0102095246855488,0.803173340721456,0.0697457233375804,0.519671601926542,0.011378042388626,0.634375532019534,0.034792114927448,0.507194155375427,0.00448198614253557,0.686666371787574,0.0543420352549356,0.513768435204674,0.0131211063642156,0.802899293658271,0.0716288586442299,0.512361826644719,0.00624831489628896
420,50.5,29.011491975882,0.670262233861618,0.0482541602777272,0.503015426146933,0.00343766713699924,0.653757478822267,0.0403622630062843,0.508833931790154,0.00976009020518185,0.804986021959917,0.0697110610164356,0.519665710512349,0.0104274728097301,0.632589746092462,0.0351358741105923,0.50856517211914,0.00550725422820022,0.686556564178252,0.0535269252739517,0.514428922769337,0.00980069112465675,0.801501768064124,0.0710551803423474,0.511646428112992,0.0057266738631912
421,50.5,29.011491975882,0.670977326600409,0.0496858356033958,0.502886009347305,0.00297017769910277,0.655262995813216,0.0405233703930519,0.510330448336364,0.0120654362491894,0.805943117254293,0.0694021972934167,0.519613106754506,0.0100937539457256,0.633467605159182,0.0366196199891902,0.50769675131922,0.00394669691902529,0.687136436005903,0.052497016617272,0.512351887741535,0.00847289664020536,0.804480046986223,0.0704936577999781,0.512379573247623,0.00564642166406421
422,50.5,29.011491975882,0.671000556160911,0.0514353537228185,0.502826180730531,0.0032368309068697,0.655394705982887,0.0397963588542464,0.508924998836994,0.0111631331325011,0.808081570157594,0.0716126188660633,0.518320536071547,0.008469644163989,0.631569758355283,0.0376568478341154,0.508385550900674,0.00431507816416627,0.687947282480108,0.0508963519296141,0.515269383816696,0.0120058538545268,0.804143266922701,0.0692831260667482,0.51255301881543,0.00538452548528772
423,50.5,29.011491975882,0.671378386317874,0.0533972329854534,0.501951059646941,0.0017865108799626,0.65633784659956,0.0390664246158832,0.511323729678254,0.0137417745695179,0.810410236366999,0.0700679654100423,0.518387233194585,0.00924106029495372,0.632997985644741,0.0399000137999787,0.506441587211885,0.00252037371171354,0.689422576621023,0.0498168114101833,0.51242300434392,0.00868134138372986,0.80915974038768,0.0699209161567119,0.5120939696969,0.00589131122367261
424,50.5,29.011491975882,0.671594732482556,0.053629432744711,0.501992431419236,0.0017048378111785,0.656650565650096,0.0383724895794982,0.5107529551737,0.0130401736622321,0.812777457782298,0.0698992152770973,0.517607157947484,0.00729649596985408,0.632772151504074,0.0401288842178196,0.50865599733305,0.00622096405927672,0.688416067262912,0.0485565544900711,0.511409641855957,0.00797232389546629,0.811957459460681,0.0700044339823391,0.51166715973691,0.00552409195508313
425,50.5,29.011491975882,0.672303708596085,0.0526374968954446,0.501970622520768,0.00198302069093949,0.65764832683885,0.0378022486845823,0.510244895203397,0.012740444213653,0.814534877375897,0.0684056723727152,0.517578210349686,0.00662195757445749,0.634986344574804,0.0403341800522062,0.506011172660469,0.0022884191120948,0.690134709041728,0.0472669046554917,0.511706149445069,0.0083511620687267,0.813440168615475,0.0677844208106798,0.512262564500342,0.00680222866660117
426,50.5,29.011491975882,0.67347362784143,0.0510025156272222,0.501923135382566,0.00157184211461709,0.658206164250218,0.0372628330804337,0.510100405635233,0.0118634352826462,0.816670235395243,0.0684968685846234,0.516642901553391,0.00608031673926053,0.635110039011643,0.0391449646929177,0.50602254607591,0.00320258631446665,0.690436075860158,0.0461650616677071,0.511172122169571,0.00749775359402648,0.815162677250449,0.0662623456722534,0.511441173146707,0.00603276919698235
427,50.5,29.011491975882,0.673657053648093,0.0496491716208288,0.501877705035017,0.00132214875117952,0.658754689820666,0.0369608364564464,0.510454478478059,0.0112576534970848,0.817947483273015,0.0679870991953996,0.516581678506813,0.00791143823561837,0.635097617835345,0.0383670279357339,0.50563826702333,0.00232365167858665,0.690713953372037,0.044711452707011,0.513215028635012,0.00904649826738533,0.811511969039691,0.06306596946329,0.514113047889817,0.00887963247296073
428,50.5,29.011491975882,0.673300969736405,0.0487203104377941,0.501834787550214,0.00122196473132865,0.659161099254446,0.0362031805684778,0.509830585978207,0.0107956197759745,0.820455583871488,0.0678509138834148,0.515142562135965,0.00520453499389972,0.635718467013798,0.0380238305622249,0.506246694256833,0.00247000696180057,0.689759204475454,0.0438114262962844,0.51085565909779,0.00720085848803355,0.815206059160753,0.0625503081854357,0.512825455895467,0.0075324184481997
429,50.5,29.011491975882,0.671460542973417,0.0484863919165998,0.503832778014928,0.00405005522682748,0.658325814892438,0.0354635801670056,0.509378697005686,0.010572161854732,0.822342840280763,0.0667479948195147,0.514767929284666,0.00449861273255247,0.635311390482481,0.0381140109445252,0.507584085541726,0.00443234840908457,0.688801460777619,0.0430208893238147,0.509168716797312,0.00553414333011131,0.818875191592497,0.0624487304836382,0.510604470364529,0.00509640512386924
430,50.5,29.011491975882,0.670705262782199,0.0489516745883968,0.502674354757406,0.00287203788925969,0.658522902307947,0.0352079757467305,0.511231694538139,0.0121226697234718,0.82217941486973,0.065756558219305,0.516912275959363,0.00850936139423523,0.633271000034637,0.0380931730681728,0.509535354751232,0.0057471206498645,0.688713268856493,0.0429116432413765,0.511940772957162,0.00965477005618705,0.817906321035787,0.0606798215731314,0.510297279559759,0.00468032077635208
431,50.5,29.011491975882,0.670260870138934,0.0484864900176548,0.502946125670922,0.0031428158756928,0.658101877280502,0.0350198902662506,0.509924802201922,0.011015074180596,0.816038077316521,0.0649556333511728,0.525239645604442,0.014038958910734,0.6352795508645,0.0387323781313976,0.506544999757655,0.0026212984327972,0.688931281958255,0.0428207550505327,0.51083036514758,0.00775342503384272,0.819128722290295,0.0606767227367509,0.51237552671815,0.00946157037183324
432,50.5,29.011491975882,0.668615867859344,0.0471350045462436,0.504173605786955,0.00386497491610857,0.657280413107878,0.0350513323417148,0.510811066896585,0.0125049834385854,0.820874193817804,0.0690434123723219,0.518897856769857,0.00913524181077489,0.633566147518994,0.037997548339544,0.509437698699519,0.00481061992299048,0.686387699441947,0.0428086327883776,0.512352859157068,0.0106757819641512,0.817969538414105,0.0604983757007065,0.512805772733728,0.00890585225323061
433,50.5,29.011491975882,0.668664911370993,0.045837327432784,0.503064645933077,0.00371819251629104,0.657214919864174,0.0362726891147835,0.509972748391189,0.0110633344499667,0.821078042768616,0.0680661053752979,0.522893760587404,0.0121954387504749,0.634102838326729,0.0368196341110506,0.508828326111304,0.00500942098504024,0.686790231488015,0.0450317906692373,0.5116143761665,0.00684149769943588,0.823508179859295,0.0614766056221851,0.510828989312389,0.00509015400351443
434,50.5,29.011491975882,0.668689043554025,0.0447027128987569,0.504142837152421,0.00433501035756888,0.656205808305199,0.0383129786646707,0.508469410205183,0.00900691498497127,0.822021166186231,0.0653687824033373,0.522479821638806,0.0139932728678531,0.634331270692372,0.0357443446182913,0.507467651270787,0.00398994824072943,0.686849667783065,0.0471590857838674,0.512572713259941,0.0068605422386528,0.825426938218966,0.0597315267806164,0.510786292891948,0.00462629936211452
435,50.5,29.011491975882,0.669936931846821,0.0438849237665769,0.502997426503583,0.00312230065778984,0.656867442061658,0.0394728467348262,0.509400868803558,0.0106135944328326,0.82345267219643,0.0621730926043941,0.52270535262381,0.0185695977361692,0.633566642803238,0.0355564341013262,0.507162214055136,0.00400584482428245,0.687250501130039,0.0485587834677418,0.515074974766305,0.00918136308022648,0.825384636533803,0.0574848874631073,0.510428842654334,0.00417708614554148
436,50.5,29.011491975882,0.671528016090746,0.0437118136776181,0.501820485869135,0.00152966318407889,0.656500629720785,0.0397801447924229,0.5103000511556,0.0119618520931468,0.824401233611929,0.0589218407584423,0.523514976971614,0.0180905596812649,0.634264672098951,0.035444544801626,0.508607656781408,0.00455816583012648,0.687442490847823,0.048078700419121,0.511862172445318,0.00819166898130875,0.82873198442243,0.0543748954090467,0.509832837235233,0.00388577002785289
437,50.5,29.011491975882,0.672108186159668,0.0436729949135327,0.501704023386551,0.00126333692686881,0.656797763654431,0.0399183713125021,0.509960945114117,0.0114831620010298,0.824137891275807,0.0579767255880633,0.522440761029957,0.016991908085479,0.635266409572357,0.0358300824423227,0.505992410887401,0.00220758058012845,0.68977703955237,0.0483036637820884,0.513408149596837,0.008621839885597,0.827463091964572,0.0514965388876846,0.50951201338331,0.00343430068542877
438,50.5,29.011491975882,0.671667927748475,0.0434373597298825,0.504520654308383,0.00476525024218669,0.655443550733976,0.0401684413516131,0.508204016630231,0.0106322288170238,0.824653174513872,0.0603532221515279,0.522673436548795,0.0162869125424378,0.63656372502862,0.0354541338147291,0.505940034018524,0.0022496674753518,0.689119846173431,0.0484454843824381,0.512414228572521,0.00784574701912853,0.825897496538263,0.0519720473638667,0.509408577632739,0.00387919487767059
439,50.5,29.011491975882,0.673847055509693,0.0436010653818179,0.502630435006491,0.00286727885210981,0.655711926645692,0.0396579802728032,0.510232849438752,0.0113181407124767,0.821927941130637,0.066397676852032,0.524428555832862,0.0158750126962841,0.635961485780163,0.0347015274186528,0.505677651798228,0.00205787624495641,0.690114808505211,0.0484829271978375,0.517219689981259,0.0117847894368374,0.819701720937374,0.0551488793033937,0.509352352613507,0.00443260535643899
440,50.5,29.011491975882,0.673838249724758,0.0434544924035259,0.503689632741009,0.00545902881096593,0.654903113249219,0.039711841686301,0.512468252507435,0.0142940384537609,0.818976024606895,0.0748316893715996,0.523179645150848,0.0156295223384987,0.637456602021255,0.0353974215686216,0.507467679720825,0.00397776714417062,0.688582863128113,0.0493528818497165,0.511411487283315,0.00676001100598393,0.822398775502534,0.0643942002794264,0.508385855529261,0.00315130344810929
441,50.5,29.011491975882,0.675034904801177,0.0437652269299217,0.50257573924383,0.0029818883712967,0.654873497543588,0.0404989853183117,0.511334846803451,0.0121069205218233,0.817309159287941,0.0827120120633174,0.525170365888251,0.0180440198948051,0.638620422138058,0.0365088175419811,0.506223323701018,0.00335339913182089,0.68943600280895,0.0494996858651008,0.510591752121352,0.00638862043067716,0.81992801976658,0.0724759357089793,0.509077880049757,0.00475936721244232
442,50.5,29.011491975882,0.67532463054578,0.0448930612485816,0.501655899920422,0.00139201512349074,0.654383673455519,0.0413277338791155,0.512325165645076,0.0135069793750444,0.815238493411842,0.0891298077581521,0.525322306038475,0.01763179353977,0.637357235108022,0.037409331044194,0.506638092148534,0.00438820856972655,0.689897877012188,0.0503717007148509,0.512899134201382,0.00903193376294125,0.815315003403141,0.0787684781141748,0.509183318632911,0.00576559594883325
443,50.5,29.011491975882,0.674647212157339,0.0449136860662157,0.502496309466025,0.00293055917166203,0.652504011204041,0.0417254928738316,0.511885122995111,0.0128987744229133,0.814251296055642,0.0957589954711906,0.525191577816845,0.0166703256606662,0.638711357416979,0.0383362932360777,0.506996701832744,0.00421839440790995,0.688135788699863,0.0512611560259796,0.509974078400396,0.00792540813240127,0.815458523688712,0.0844557160056061,0.508469353101898,0.00498190491597756
444,50.5,29.011491975882,0.674094107488965,0.0448836892651654,0.503660995415554,0.00382611687840285,0.651669889463848,0.0425251824896109,0.512638856621216,0.0129125606510062,0.81227061406689,0.100867292683526,0.522968420614981,0.0147306251802128,0.637467651599836,0.0380199312274542,0.506648358346115,0.00392406599145411,0.687634242454012,0.0512722722808049,0.513156953165221,0.0101326960875982,0.810847314367452,0.0892660366349019,0.507849531394209,0.00469781267489565
445,50.5,29.011491975882,0.674878055988208,0.045378171224534,0.501436044612352,0.00117308581722899,0.652032755671732,0.0431247830427547,0.514822107481252,0.0142434663151457,0.80848625800542,0.105753320278166,0.521785918413911,0.0139608957315571,0.637798873620544,0.0377432107709525,0.506978298426575,0.00482025061832565,0.685823960613047,0.0520269083003088,0.51055870650185,0.00735051489386667,0.809723644959263,0.0966846314716332,0.507571750622952,0.00429335957085208
446,50.5,29.011491975882,0.675215920683542,0.04558695920263,0.501395819138792,0.00106204216438348,0.651787301083305,0.0431308626366684,0.514199740028013,0.0130012315711107,0.804042732669815,0.111305290770849,0.520929433612343,0.0130294153947736,0.637033618736193,0.0371262120899701,0.508940264396228,0.00628550028595165,0.683795069515328,0.0525364774933365,0.510024867298414,0.00730683244520358,0.805062073787248,0.103748360573455,0.508745661090074,0.00507759698660585
447,50.5,29.011491975882,0.674194442091485,0.0461527467481718,0.501454184901005,0.00112995239032046,0.652449648855963,0.0431558506689088,0.513111473929697,0.0120399456324275,0.79885065076986,0.118007904723605,0.51993236530037,0.0123127033671145,0.637358743926978,0.0373202022129186,0.505392417707598,0.00311449455158682,0.685342070037588,0.053681260119044,0.510901766178876,0.00773511822366771,0.801046582533969,0.11122678405187,0.509899089915573,0.00609673406016967
448,50.5,29.011491975882,0.673723574182853,0.0467687319630027,0.502392396114726,0.00295134258637824,0.651253329010449,0.0426795782624312,0.512810798920791,0.0119569368632832,0.788961352280477,0.122771680818478,0.523892598794965,0.0171014884786582,0.635634250705142,0.0369433324933795,0.507824542654696,0.00568209299433031,0.682786206008242,0.0535832444531112,0.510781570037808,0.0080703769584677,0.797187392132834,0.118183755612594,0.509561201535897,0.00572264256775011
449,50.5,29.011491975882,0.671685857066903,0.0475033289625196,0.503610637722876,0.00388852694095185,0.651232389810323,0.0432544769151728,0.512188828382298,0.0101371201517311,0.791256332055951,0.128892989792952,0.520810194891641,0.0135284593557838,0.63526576980545,0.0372375274630761,0.506876162153453,0.00577422281955143,0.683354950800133,0.0546389947099527,0.512613418381562,0.00887329107179943,0.791163173020512,0.121885006344351,0.511360095616755,0.00608118129288777
450,50.5,29.011491975882,0.671789336357968,0.0488454229700992,0.502556400062977,0.00291378954353503,0.651395343975806,0.0433917836248685,0.516798586861161,0.0139052649373417,0.786648094055568,0.131181807400715,0.519755151571697,0.0120586332857521,0.635883803919861,0.0386339665769559,0.506245906390286,0.00395001874503152,0.684001491123677,0.0546808743419177,0.51146307525729,0.00798429554125981,0.790924376070121,0.126491759390569,0.511131073592993,0.00565852742048593
451,50.5,29.011491975882,0.670563904107915,0.0491922372060874,0.501907317456155,0.00214835653833745,0.651503982816905,0.043714596393789,0.51575215922665,0.0130222062030297,0.781942489139146,0.131417120505395,0.5211359057241,0.0120931807047963,0.635787602476528,0.0393897452891439,0.505216366248853,0.00294766069227072,0.684981684359176,0.0552262922940619,0.511398145517281,0.00750493301155879,0.788025065369859,0.126676724603295,0.511591276118454,0.005607081116191
452,50.5,29.011491975882,0.669743162542042,0.0493836699532089,0.5027508532288,0.00379763259346665,0.650395054435174,0.043595179350262,0.515702347531306,0.0125937369250894,0.774153480701145,0.128904261396694,0.525464108709958,0.017467491941375,0.632958282441099,0.03979648705241,0.507881487876917,0.00536174574604347,0.686472045523247,0.0549413684333336,0.515298179084321,0.0136370880755469,0.782823172612858,0.124932973160208,0.511225433997797,0.00533649246199154
453,50.5,29.011491975882,0.668927075692821,0.0504420380065448,0.50310067801252,0.00344736096090819,0.65134086476288,0.0432976283741954,0.513631156123299,0.0115463958859988,0.780904641357564,0.130078878435256,0.522606002247874,0.0140023029601133,0.633772272972616,0.0406585821468015,0.505481011065201,0.00411900683894369,0.688251835562499,0.0545441732179603,0.517469190328451,0.0130447412944989,0.782786592370488,0.12244351928992,0.510967037343349,0.00536157455983522
454,50.5,29.011491975882,0.667832012863047,0.0523752337007306,0.501965395896921,0.00190085654408603,0.651373047356477,0.0432114170357076,0.519194944781945,0.0150028274986196,0.777858322093929,0.126257434775062,0.521274780200002,0.0121409935034607,0.633011933168749,0.0409470922854853,0.505011161103478,0.00346032001797661,0.687786432916749,0.0537707513955503,0.516446373713479,0.0127311824543814,0.783270352686058,0.119946003601127,0.510396278408941,0.00514869583860475
455,50.5,29.011491975882,0.66640646635432,0.0532305102684097,0.502149108706853,0.00228562724950134,0.651007860829068,0.0423846914477135,0.514123856388569,0.0118847550426491,0.782633902992401,0.122859320096678,0.52072767131839,0.0119880456152119,0.631673168775367,0.0416517965980836,0.507364020721627,0.00597181162845182,0.686074294958108,0.0532012511878559,0.513512396666385,0.00878704862913233,0.78676540311978,0.116439174615394,0.510001340831394,0.0048227618444483
456,50.5,29.011491975882,0.665551988253746,0.0544286181717726,0.502282390680933,0.0022040324721627,0.651422868593747,0.0407181353605261,0.512926559316209,0.0105504209480882,0.7846410224783,0.118501051765849,0.520962545332944,0.0110975651111787,0.631773341245834,0.0431164577097791,0.505157549641488,0.00312959135088173,0.688367795031942,0.0520528274635704,0.513776614064628,0.00930170030444836,0.788214995575171,0.111565711007351,0.510893285163025,0.00648976981354306
457,50.5,29.011491975882,0.664687316031231,0.0551378777067269,0.503994362437087,0.00481903057978101,0.650549699721202,0.03828761395503,0.51245206261689,0.0104655238157843,0.780791278249055,0.115560189239585,0.524412045521803,0.017083965803235,0.631070091329156,0.0438514877025704,0.50603859384179,0.00408144913105405,0.68788447728777,0.0504008956396106,0.512840058325189,0.00787013253328805,0.788595163126573,0.109467909479373,0.510838800195757,0.00614656721552663
458,50.5,29.011491975882,0.664837046785729,0.0554124756708601,0.50341439839897,0.00339641898265722,0.651671399250807,0.0373514023800241,0.510395259264547,0.0121306108740564,0.787508626211503,0.110486504318117,0.522181051766235,0.0106682006961728,0.631457846416582,0.0445063964713185,0.506187459446145,0.00423989641325509,0.688397163572934,0.0491480610575278,0.512563169933674,0.00774826648337909,0.79065100157815,0.10558998093939,0.510183694992027,0.00663578450054171
459,50.5,29.011491975882,0.664871362572172,0.0550325541824098,0.502365428214015,0.0018674383699794,0.652863903711292,0.0366114034450677,0.512680380559436,0.0130484255112013,0.789850379139805,0.107371021508964,0.520732428452446,0.0100395911945807,0.631300648449154,0.0439630177303422,0.5048904134077,0.0029134636276795,0.689457788345425,0.047651898409968,0.512368597139845,0.00849932888961527,0.792415544229097,0.0995092503095401,0.510274739744139,0.00626445871726606
460,50.5,29.011491975882,0.664695433371798,0.0540173050034575,0.503347201846465,0.00315357137760668,0.652492820275074,0.035216954558534,0.509323627235367,0.0102393636630347,0.793294749786215,0.103317857610181,0.520517257497135,0.00949794169427587,0.630954794028914,0.0424319357372764,0.504817654497775,0.00289785433020639,0.690080166585323,0.0456272464133483,0.514098839371944,0.00896953982700191,0.791874246290935,0.0943773759869667,0.509738473113929,0.00587405012597342
461,50.5,29.011491975882,0.665555830027658,0.0535140176818312,0.503415533762199,0.00336919035687956,0.653014575064744,0.0341260468585099,0.512464043530101,0.0128379549870919,0.78923327740264,0.099175437066885,0.525102755750071,0.0152532636349861,0.631760740680083,0.0421727491558627,0.50697992909891,0.00451752261385512,0.687942466372871,0.0439730038288553,0.510164916917994,0.00762009934021117,0.795777760964181,0.091509115012623,0.509276773086402,0.00553022984060233
462,50.5,29.011491975882,0.666405273216592,0.0533591836126783,0.503650127759903,0.00414286115832012,0.654504672754031,0.0338597958716184,0.508151440340011,0.00856038783652064,0.797042037735119,0.0979819532885835,0.521452578116854,0.0101223810804084,0.631445116574531,0.0417191855453275,0.506888864169384,0.00498554865889544,0.687435787881811,0.0437125821798839,0.511481650809969,0.00708560275463485,0.79514907361543,0.090309519319806,0.51011119206921,0.00621949371105963
463,50.5,29.011491975882,0.66677426562945,0.0537650754214938,0.503429792077537,0.00349214973056509,0.65505218332127,0.0340551920426303,0.511256643258473,0.0126674717476813,0.796424120971682,0.095806106903662,0.520782432223191,0.00900349174329223,0.630522393665043,0.0415814547077271,0.506629568202655,0.00413052606967751,0.687922572350056,0.0447489185436291,0.515085591065847,0.00937477749326594,0.793310307707054,0.0897277623083504,0.509730113053909,0.00532703633502799
464,50.5,29.011491975882,0.667455059719925,0.0540907527855443,0.503855138557851,0.00324593176433797,0.654783887652993,0.0342834555106726,0.512881961978585,0.0120380283157284,0.79700043831598,0.096328068813852,0.520550534946208,0.00949953316779649,0.632174708077993,0.0417475115918541,0.506712857007078,0.00477249209256779,0.687016405193608,0.0454746536508376,0.512006069267233,0.00738235189893867,0.79587104904191,0.0909018585843398,0.509878336121228,0.00588961075039275
465,50.5,29.011491975882,0.667186779207499,0.0541371533216253,0.504233364797209,0.00517028903814905,0.654844975968473,0.0357489759744525,0.517568093749219,0.0235246551319516,0.791363158823988,0.0967974902626141,0.522157400462225,0.0111051232640793,0.632509498883587,0.0407143166374369,0.506116336450269,0.00494733014182276,0.687116070049369,0.046675350403582,0.513090481539841,0.00786139299065804,0.794653748001687,0.0923844611042561,0.509329612603602,0.00555587710941929
466,50.5,29.011491975882,0.668478611878932,0.0539700795898525,0.503595237234427,0.00475339243248277,0.65543024026975,0.0362666870799329,0.514537035908212,0.0170085968165708,0.793943299254991,0.0979982705711925,0.520773100220167,0.00935935119497921,0.63264608257319,0.040253083854158,0.507869303647561,0.00450143238547112,0.68586573507183,0.0474582499652381,0.513111426423703,0.00877251807841888,0.795187471206139,0.0943020268980562,0.508771756770981,0.00521601692128287
467,50.5,29.011491975882,0.669452214684963,0.052549346373103,0.502456032146234,0.00214406769770666,0.65627100641121,0.035912727109892,0.517416511238693,0.0177499559405327,0.792532265133118,0.0975478447705874,0.51906341462471,0.00827091023776011,0.632249086931172,0.0383052238117049,0.507481264857996,0.00445029074741978,0.688850516878538,0.0472598048681308,0.518593861717926,0.0143481353407781,0.791691392871503,0.0943503699552678,0.508527840266115,0.00500843379448979
468,50.5,29.011491975882,0.671040667776151,0.0506155733699041,0.502409119597194,0.00199781937844608,0.655815084895264,0.034794336734486,0.516256711110465,0.0169580560999386,0.787395531734947,0.0978863129538618,0.523642507114689,0.0185628187198182,0.633909177646883,0.0379714333347802,0.505281779802262,0.00344262661055332,0.690296723180704,0.0465277150984785,0.517711441641223,0.0114188537790514,0.79160048712448,0.0959121424591387,0.511382734262307,0.00825655858405194
469,50.5,29.011491975882,0.672023505739786,0.0477097970793391,0.502471472105083,0.00232175352465021,0.655682676948594,0.0339334469270529,0.51496911175289,0.0160333642982098,0.787979501335802,0.0981425485926738,0.522473439414816,0.0151567888027521,0.635444966119273,0.0370293451360319,0.50582465784918,0.00298378379715503,0.689449797681106,0.0441657947846371,0.512947864855112,0.0092105359554351,0.795987755145728,0.0966882043653795,0.511070105458098,0.00771013616720474
470,50.5,29.011491975882,0.671589248081357,0.0453777357725368,0.503703735250301,0.00416777414671562,0.655350021951513,0.0330540006029897,0.514487959364112,0.0152809013899913,0.793078321185864,0.100041723769354,0.51685842301598,0.00632470088797252,0.635100455892381,0.0355325081081199,0.50773609441696,0.00484427514329211,0.688044258369693,0.0424264288357725,0.512128967589155,0.00844733954654685,0.796534727119295,0.0969121853802117,0.510534022981595,0.00760193697750274
471,50.5,29.011491975882,0.67295012555317,0.0432481261184236,0.502811746893672,0.00236745932924957,0.65636016487769,0.0319333174703441,0.513473142918668,0.0142247000107213,0.792393613114275,0.100348057073953,0.518934836644641,0.00820938831248753,0.635519370651741,0.0335722939896472,0.505564155157482,0.00329318717663784,0.690725093172325,0.0423366066917673,0.518342613599228,0.0122537551193276,0.794056631771422,0.0962858591488547,0.510537046393408,0.00726461923530178
472,50.5,29.011491975882,0.674414642222042,0.0413730470345309,0.503840055746828,0.00425567064778931,0.656411277234347,0.031810798002556,0.51209345306843,0.0134662558409881,0.79362874461774,0.102216340804,0.519219310724288,0.00946977319382776,0.637632760404862,0.0333759848874455,0.506616508633339,0.00346029246532208,0.69059482287551,0.041083082707057,0.513210637497265,0.007846784484103,0.79676650990236,0.0984750683862789,0.511110854933721,0.00686362770243943
473,50.5,29.011491975882,0.675075324269302,0.0399210578954432,0.502860498424537,0.00237772384234745,0.656680242573706,0.031185301079182,0.513612115636123,0.0137336488747039,0.795889154442544,0.102347870712717,0.518537054580301,0.0076727225585002,0.637951516538214,0.0326338274579368,0.506452149811488,0.00412459395047258,0.690533686082298,0.0402228778545743,0.512830950034423,0.00819014346049864,0.796500757641165,0.0988462669160631,0.510644573883901,0.00628022825107969
474,50.5,29.011491975882,0.675418479425615,0.0394127384706561,0.50264214972866,0.0019576741112998,0.657386553962358,0.0309575575092332,0.513143005514116,0.0130276306257631,0.797615687957754,0.10334286461361,0.518141005683402,0.0070860724766241,0.638199022815123,0.0326793229361424,0.506091923782545,0.00463554988800824,0.690952569626579,0.039840720484274,0.512179518356225,0.00758707991514022,0.797127167865258,0.100337251064778,0.51188905576051,0.00496125805149012
475,50.5,29.011491975882,0.676826034718469,0.0391527276032515,0.502271075472542,0.00146671454451147,0.657883081489957,0.0309936456588787,0.512192345739462,0.011800003158433,0.796196070659645,0.103171459187528,0.522618539806072,0.0155233981982115,0.639059143351231,0.0332490929826064,0.505233985537686,0.00283640572384135,0.692059195770745,0.0398624196005097,0.511515227120613,0.00700794392637885,0.797707451466135,0.0997379818656692,0.512655561755014,0.00532103427396667
476,50.5,29.011491975882,0.676905767239978,0.0389969821699874,0.502665966073212,0.00204957556363159,0.659169073278216,0.0313975513122557,0.511802417512497,0.0111016694207873,0.802791625556543,0.102952616822383,0.517159478340703,0.00522667972498012,0.637568883742537,0.0329495377336276,0.505930929618828,0.00472024501979701,0.692606940534415,0.0401674319867028,0.513056590336141,0.00955424258533557,0.796568660755268,0.0995139942664216,0.512472767274707,0.00476468911481951
477,50.5,29.011491975882,0.676370807700203,0.0390741242880374,0.503483841429867,0.00377888389401851,0.659147177595503,0.0319339440537442,0.510872422991521,0.0104423488508587,0.801787128554515,0.103243128702766,0.51602001667939,0.0056869195730521,0.638480343213695,0.0336354649816662,0.506261406622112,0.00403223343961961,0.693158963101049,0.0413901569899557,0.510377872692312,0.00693065801040278,0.797950041908074,0.0989948245708582,0.512173214855414,0.00605403860219316
478,50.5,29.011491975882,0.676057535501615,0.0390714594471059,0.504127658716468,0.00503694984734451,0.658475561414874,0.0332382091092467,0.510282947557298,0.00951937116125032,0.803142164808329,0.103862061173515,0.5179720867879,0.0101296222469144,0.638031621599667,0.033726938152621,0.506096237181425,0.00471035669554455,0.693096740590658,0.0429670179935137,0.510173670175075,0.00585230515095049,0.797135256870704,0.0994457768987881,0.511867183799744,0.00569763573926338
479,50.5,29.011491975882,0.677840893284132,0.038849078088726,0.502439852786645,0.00179134041881895,0.658737924574539,0.0349223835574508,0.511695696034059,0.0102255882448832,0.801476581657274,0.105069053328148,0.520715299705618,0.0111018327029642,0.637721251284662,0.0337978457762202,0.506362515088138,0.00401593816484918,0.692380117491573,0.0445644978906375,0.50979769069752,0.00550715825286067,0.79584367800326,0.0991604959955861,0.512433550782851,0.00622494422465108
480,50.5,29.011491975882,0.677934042938269,0.0387816816514551,0.502541278084598,0.00173114721446282,0.657775400753659,0.0363619576350235,0.511212213040236,0.00956073832363357,0.801181189910132,0.105090029401132,0.520129149073027,0.00935239479539964,0.638009996025316,0.0335377537752707,0.506904131673421,0.00596424546397379,0.690208165827061,0.0458307357622751,0.50946631135415,0.00506412306957348,0.79479724179618,0.0977123769396757,0.512970735917076,0.00670157643281436
481,50.5,29.011491975882,0.6770981866592,0.0388015007686631,0.504122436661153,0.004212781361143,0.65590281713662,0.0377985604831503,0.5092691179088,0.008546617539121,0.799903052019868,0.102883751190416,0.520026691071396,0.00861400382624923,0.637966884178005,0.0330432127455332,0.505908044806988,0.00308510956382129,0.690546786964767,0.0474804518105204,0.50957575009603,0.00535190171014359,0.792845145467408,0.0967857870002186,0.512686756546994,0.00700625275123527
482,50.5,29.011491975882,0.678437757779522,0.0392548954195429,0.502232574814313,0.00158300646420859,0.655449684921519,0.0386451961399088,0.513283488266532,0.0111884045735119,0.795854956126018,0.097769021335095,0.524332377638896,0.0204836958328764,0.638117007659613,0.0330899342248473,0.504601443728099,0.00212552626399108,0.691270205818345,0.0491604914570513,0.509078408649694,0.00493397367327127,0.793166813959431,0.0943214459216616,0.513054956840682,0.00668978916973469
483,50.5,29.011491975882,0.677451561812287,0.0404194761985801,0.502480347831079,0.00219949936246397,0.654700355685137,0.0395429066835721,0.51246535352274,0.0106004740722934,0.794773999202877,0.0958892321669929,0.522095321924123,0.0145894255046677,0.635753777308965,0.0329568772117191,0.507193877302651,0.00799888945202589,0.688404426970238,0.0497982893002154,0.508962074878425,0.00525516358814283,0.792712296797126,0.0932069705040464,0.512916247592128,0.00655223309323298
484,50.5,29.011491975882,0.674866542350706,0.0412847063602764,0.505385963460688,0.00490373569248475,0.652712210187372,0.0400012082868801,0.508839819621222,0.00980362537642021,0.798933058580954,0.0949657009598106,0.518065565437616,0.00737559325087865,0.636137149783903,0.0339712095716195,0.505158761364062,0.00361371462382169,0.688506844730682,0.0505416221561553,0.509988529246441,0.00840573842005508,0.793948475936525,0.0906735975601301,0.512220871583745,0.0058043940868948
485,50.5,29.011491975882,0.674129983922365,0.0435756865378815,0.503105207333862,0.00350901218385384,0.65412479634859,0.0419644683429012,0.512420895105696,0.0131293284299455,0.801157132243768,0.0924122689450907,0.518171979240946,0.0108673814778285,0.635729107674859,0.0354121124444204,0.504303091487268,0.00219030621980313,0.688545509109403,0.0519636912904021,0.510610915404477,0.00833192723975671,0.794917959727379,0.0885455159616635,0.511897360056232,0.00568242833622237
486,50.5,29.011491975882,0.673145374659747,0.0450527247239945,0.503433672760384,0.00298179221077107,0.653469764300455,0.0432018513209668,0.511231318060882,0.0135885323033398,0.802475184354409,0.0919666754407322,0.516863004821258,0.00980522918931653,0.634506496343974,0.0359864554126849,0.50401620962298,0.00161671035776489,0.688984559819896,0.0536827539800769,0.512128444870012,0.00943168127717309,0.794276659492019,0.0871376499640266,0.511409711422856,0.00520274889907454
487,50.5,29.011491975882,0.671892347852299,0.0459496798073063,0.504680808579088,0.0045238478005037,0.652821020432513,0.0433288908294525,0.511965306027174,0.0144918650215466,0.80011994769373,0.0917468815495446,0.517046483974516,0.00896929391468557,0.633504675048103,0.0365519740720571,0.506819435424087,0.00570602401827,0.68728358279428,0.052669137800812,0.51164679368948,0.00914513807695344,0.796387148266545,0.0840325792512592,0.511235174542257,0.00499971896233752
488,50.5,29.011491975882,0.671462773626371,0.0457167991669652,0.505343362414286,0.00547223807675557,0.651236905813169,0.0430708868279071,0.515470071403472,0.0155234127556219,0.800065979108797,0.0935237145820493,0.518913478411802,0.0104810584196237,0.635533528307748,0.036991053353261,0.506232114642583,0.00422757046083968,0.686566687068211,0.0525180651942393,0.509431600407389,0.0072655301939085,0.800293030689631,0.0838218012408554,0.511648303570848,0.00583112836199111
489,50.5,29.011491975882,0.673609545233553,0.0454092645619909,0.502187233861394,0.00158278333136418,0.651829662641741,0.0427856289719769,0.516850388807429,0.0151984010535575,0.796777269993857,0.0921535527359243,0.525604347308489,0.0179147226172989,0.635083970366296,0.0365367739168156,0.505353322506511,0.00326107098834966,0.686041096937701,0.053331542396104,0.511580514954311,0.00899270001934139,0.800840310711903,0.0836362680188664,0.51138678753458,0.00586302097891129
490,50.5,29.011491975882,0.672989686069092,0.0437562075095454,0.504421392232885,0.00355285308851965,0.65094037703435,0.0430460531943826,0.51585607228943,0.0161706585913687,0.802254611749236,0.0916778961272588,0.520547499879115,0.0127947660064658,0.634362363972169,0.0362569823585084,0.506457498804158,0.00373367651919667,0.685679220100847,0.0534658650387067,0.514297252938515,0.0109020520398651,0.800304049249832,0.0842737688754339,0.510489689289571,0.0049078158182626
491,50.5,29.011491975882,0.673527289670026,0.0431736767598105,0.502650239416666,0.0023846779372433,0.652116650688444,0.0441539082735493,0.519366735971831,0.0171935995616428,0.802530046010208,0.0918296063708842,0.518076701188859,0.0094782425079123,0.636182922903392,0.0362577751745365,0.504889454114011,0.00328544626768045,0.686261959687365,0.0539230306802013,0.511479998406759,0.00737587944462966,0.803427606947823,0.0848623992898401,0.511317075634609,0.0072436184409003
492,50.5,29.011491975882,0.672512357708327,0.0421736588836853,0.503496122474784,0.00352484565987566,0.65222549118282,0.0449736186885567,0.516249044261561,0.0170299764177534,0.803313717305456,0.0905614406127336,0.517678144472837,0.00902393797058706,0.635129404681654,0.0344575597898526,0.505454143617437,0.00411790017528602,0.686185262341967,0.054567429415417,0.513621146443544,0.00810263949231124,0.80219123160478,0.0855167217902737,0.51094872348651,0.00676350052273276
493,50.5,29.011491975882,0.671395199137211,0.0411096321355929,0.502454422492746,0.00211304663530105,0.652633871660208,0.044840093615449,0.517815602001488,0.0157052779980993,0.804894789184651,0.0901326231262909,0.516792270973957,0.00881966614048258,0.635209059487973,0.0338197868418675,0.504271864719332,0.00243353360935357,0.687517992100799,0.0538339640631986,0.514057476854745,0.00964768947089611,0.802031540859644,0.0861034573953338,0.510332789979252,0.00621120181184594
494,50.5,29.011491975882,0.670975003454682,0.040090608074862,0.502957312768856,0.00386374924367829,0.652066606666659,0.0433982945563204,0.516467766016815,0.0137422318534362,0.800876646378237,0.0880866574956296,0.521777261478097,0.0174346824236431,0.636001299614595,0.0337151011210245,0.504790883821077,0.00248298739834661,0.68770753575004,0.0530015165741309,0.511210445016348,0.00692563136680615,0.804566461063602,0.0881122996942601,0.510292046261779,0.00579610280138727
495,50.5,29.011491975882,0.671106280139077,0.0397482576150274,0.503672748039111,0.00395856685066038,0.652185160429483,0.0426220277900109,0.515821261689551,0.0131231788575929,0.799852581308914,0.0899082846655909,0.524566341432509,0.0205846867701395,0.634886731750802,0.0333844787698182,0.506753243418881,0.00642630537847958,0.687763778993962,0.0527940753366067,0.512978539242477,0.00883642367674144,0.803898595182532,0.0879183496884719,0.510183992611401,0.00517772077259388
496,50.5,29.011491975882,0.671231519864888,0.038209345665813,0.503970499085771,0.00478304988249583,0.6526280587752,0.0417917971843752,0.514706759248216,0.0124506194496395,0.807531690479651,0.0902979132169898,0.51864703871197,0.00987554110877048,0.635355431373161,0.0329661437467878,0.507905849151393,0.00426313335340259,0.687768677851848,0.050703594904557,0.511618140431083,0.00946151577835213,0.807636190691053,0.0870046093176674,0.509407753684917,0.00518104305334798
497,50.5,29.011491975882,0.671375878540614,0.0376860590222668,0.504096527537401,0.00323886665578255,0.651796787235637,0.0414733533180421,0.517814181863435,0.0185738056179246,0.80260828207886,0.0883278593728211,0.523236751900663,0.0180261732316188,0.637068175129066,0.0323407837530215,0.504829508498342,0.00226298366478786,0.689817850549056,0.0515861717109914,0.513346581111874,0.0111537372777959,0.807820894193488,0.0862875950838974,0.509840457368947,0.00439145182849639
498,50.5,29.011491975882,0.671240747202468,0.0370699533229252,0.503267424915851,0.00266442983406154,0.651666583784074,0.0405417091015809,0.517188934029891,0.0175721143524533,0.810996954776156,0.087086255109876,0.519017185408701,0.0113097046317515,0.63659011024664,0.0312543139056978,0.504830615252363,0.00318858990032057,0.689694455510327,0.0514742722978547,0.514927633270745,0.0107427268994532,0.807221499918621,0.0826061326104432,0.509840712320298,0.00386448825924697
499,50.5,29.011491975882,0.671300008409185,0.0368729804133605,0.502958903910663,0.00211786117365699,0.651310613836853,0.039147407016958,0.515914514813516,0.0164686955369709,0.812208400819124,0.0826052768746175,0.518260976168582,0.0102923278261017,0.637715806809302,0.0312970183277751,0.505194915955448,0.0028510823481455,0.688322558472404,0.0515200451515925,0.511983565321109,0.00915008894362157,0.810979599751045,0.0783148717506249,0.508832213536001,0.00364980116005501
