"timestep","episode_mean","episode_sd","group0_trust_in_sp0_mean","group0_trust_in_sp0_sd","group0_trust_in_sp1_mean","group0_trust_in_sp1_sd","group0_trust_in_sp2_mean","group0_trust_in_sp2_sd","group1_trust_in_sp0_mean","group1_trust_in_sp0_sd","group1_trust_in_sp1_mean","group1_trust_in_sp1_sd","group1_trust_in_sp2_mean","group1_trust_in_sp2_sd","group2_trust_in_sp0_mean","group2_trust_in_sp0_sd","group2_trust_in_sp1_mean","group2_trust_in_sp1_sd","group2_trust_in_sp2_mean","group2_trust_in_sp2_sd","group3_trust_in_sp0_mean","group3_trust_in_sp0_sd","group3_trust_in_sp1_mean","group3_trust_in_sp1_sd","group3_trust_in_sp2_mean","group3_trust_in_sp2_sd"
0,50.5,29.011491975882,0.5,0,0.5,0,0.5,0,0.5,0,0.5,0,0.5,0,0.5,0,0.5,0,0.5,0,0.5,0,0.5,0,0.5,0
1,50.5,29.011491975882,0.588557056905083,0.00213528748612504,0.500906837606838,0.00223191632683609,0.57591432748538,0.00253142719880952,0.501657738095238,0.00548199322791543,0.660755952380952,0.00938509816953595,0.503297619047619,0.00573290528196857,0.568851433417223,0.00172337733277515,0.500768404031562,0.00159175828279089,0.592794543531385,0.00174962415037727,0.501677655228758,0.0033164364624197,0.658633700980392,0.00550328124733159,0.502367442810458,0.00366962854341084
2,50.5,29.011491975882,0.62583543598895,0.00460359191180244,0.501552927683582,0.00282178976487784,0.60519739430839,0.0182965845931941,0.504769157088123,0.00810427910237919,0.732305812386847,0.0140026015612719,0.503289674118984,0.00435303244227868,0.597181589874166,0.0042830643772702,0.503104115484942,0.0036370970313877,0.629203625707533,0.0233437495985394,0.502433306616192,0.00430759921015397,0.727169647562827,0.0127397629608972,0.502876196342817,0.0043270472892799
3,50.5,29.011491975882,0.645903404456782,0.00744669478355937,0.501099894384243,0.00231096502407683,0.620690300433209,0.0301915963088572,0.505598991037051,0.00808426069042129,0.76715134514988,0.0275889108525716,0.506121045984796,0.00815874795425143,0.612300243647367,0.00673752301458053,0.503151478088812,0.00327496288477896,0.647105972744925,0.0372963461937429,0.504172114726687,0.00574522677152615,0.761613421488947,0.0244334945961278,0.503482406904547,0.00473363305578475
4,50.5,29.011491975882,0.656351349435902,0.0129451760540012,0.501326730805821,0.00212868264835459,0.628684710437662,0.0367375511332299,0.505969044369653,0.0084496378662486,0.788246943861511,0.0409888078461665,0.507855424565823,0.0116384766669344,0.621472509860769,0.0107364409556821,0.503123158066954,0.00357166138020461,0.657953567999015,0.0424957456764718,0.506379898949413,0.0085493570342272,0.781301487505409,0.0361960605706849,0.504727851352761,0.00535066552420122
5,50.5,29.011491975882,0.661386123723107,0.0216477643641417,0.501747457246066,0.00271112082216009,0.634118036555745,0.0393630690189298,0.506902298957865,0.00940591048742585,0.803666333236746,0.0450473144180052,0.507331284353141,0.00759979130763202,0.625252709503998,0.0170225451604634,0.504815274157882,0.00519069717069544,0.664244008416826,0.0458729970814704,0.505742405966694,0.00683780314306583,0.796441840892291,0.0400121352724876,0.505134266483148,0.00551231584268507
6,50.5,29.011491975882,0.664913924648924,0.0306995295252417,0.501316540748372,0.00189809852292201,0.638919274887403,0.0413391312270192,0.508751039047397,0.0122083014806083,0.813384351115519,0.0468392914205689,0.507420501211523,0.00662494495268094,0.627874737701734,0.0236875270692943,0.505171468995622,0.00411116733330442,0.669700393770076,0.0488993478444713,0.507055192596992,0.00701348887583618,0.805239000329448,0.0441191359981502,0.506531653691631,0.00660269110686563
7,50.5,29.011491975882,0.666236790726738,0.0381332513019578,0.501769205845006,0.00278117585783384,0.642354977395617,0.0427035023331204,0.508662364735116,0.0114518305789828,0.818971046964447,0.0489325650384141,0.508487176661445,0.00730237724279765,0.629703136367019,0.0298594636664287,0.504697587201935,0.00430990250474377,0.674064768984839,0.0517963875448563,0.508677001830275,0.00772553440233626,0.808930932048976,0.0443349079825953,0.507231527219489,0.00622881540465075
8,50.5,29.011491975882,0.668087407273097,0.0430332990274367,0.501806711576333,0.00281821484475566,0.64400335105837,0.0435089355442513,0.508376754471727,0.0107051288244198,0.823919357595182,0.0537357436392583,0.510200389522263,0.00799243816836335,0.632197119001032,0.0334699484980915,0.504493559566946,0.00365348561337749,0.676169269652283,0.052400216259217,0.507656152198988,0.00809139667706992,0.812051986143317,0.0498936025065488,0.507510627281112,0.00630128412733719
9,50.5,29.011491975882,0.667474223866768,0.045881483063991,0.503215456057414,0.00393932962672513,0.643947035007528,0.0430880420782803,0.511061943688685,0.0159410588070109,0.822682153414995,0.0617745132199726,0.510778264202476,0.00812937767074459,0.632656279245933,0.0352757788894744,0.505555544421139,0.0048937535584807,0.676483237567285,0.0539352288702693,0.509133114979271,0.00826819649112688,0.81138708096665,0.0570543236379063,0.508494185954748,0.00819268146364638
10,50.5,29.011491975882,0.669280626211593,0.0481386466209426,0.501821700970923,0.00287126269278952,0.644897700110076,0.0433443784949548,0.512330148761667,0.0123102667595234,0.827471421401503,0.0659987275402901,0.512250950801032,0.0097609361405178,0.634607467358896,0.0365498784304133,0.503859948903732,0.00274259714797423,0.678759456671977,0.0557818431887781,0.510912122395097,0.009751229304588,0.813588148104791,0.0609998877859741,0.50830142932232,0.00816911052571027
11,50.5,29.011491975882,0.67056277913957,0.0495044342777311,0.501514145318685,0.00187837882780152,0.645645249886993,0.0432673338334267,0.512441288432631,0.0111459788732734,0.829262269752368,0.0717327599953154,0.512146631767863,0.00994295998978606,0.634896061709694,0.0379852221360564,0.504623420752496,0.00350026777621597,0.678930153958569,0.0557515767840982,0.511189690612384,0.0101848041524043,0.814971827228419,0.0648930280568714,0.508588215426197,0.00801978144657011
12,50.5,29.011491975882,0.670288739285606,0.0495823422215104,0.502911631310541,0.00352019150157379,0.645320316951544,0.0425657681149584,0.511025609285922,0.0101227456801761,0.829795886489521,0.075980804766132,0.512399408253152,0.00992238077841602,0.63551515482944,0.0377175937828591,0.505534356960777,0.00456843809309999,0.678044168349924,0.0547801518358957,0.510749980803499,0.00775186035316997,0.818771410680108,0.0655347480903658,0.507659058483976,0.00678179068439205
13,50.5,29.011491975882,0.67120944063042,0.048907034189301,0.502772043163408,0.0032857558850318,0.645939186271732,0.0421638437761598,0.510965344921244,0.0106112941558926,0.82373076552348,0.0799043027622378,0.51649896817367,0.0176547233936343,0.635313503449518,0.036967787366417,0.506294411803727,0.00523600337395719,0.678114781592358,0.0547750442604546,0.511481274874705,0.010119957162482,0.817237774155302,0.0660221844578003,0.507988319018363,0.00791483124170753
14,50.5,29.011491975882,0.672191583569218,0.0479188935917819,0.502041197103721,0.00196440291555085,0.646496452336543,0.0433699086283525,0.511990855655697,0.0113440131644892,0.82614045709983,0.0813791291814438,0.51690096409306,0.013719058240336,0.636127161821179,0.0356564924214524,0.505824556443844,0.004877503445018,0.678685047968449,0.0553829701841649,0.51210856797118,0.00961768380214788,0.816186676035488,0.0696706275418568,0.507368921827302,0.00691914947468997
15,50.5,29.011491975882,0.673022940567432,0.0457757741997514,0.502716170967325,0.00298846406247383,0.64616005132188,0.0446171591378082,0.511716543088679,0.0112550790777184,0.82594485819338,0.0863667139553116,0.514775992427692,0.0107213160111508,0.636959290433339,0.0343814977033539,0.506369339245153,0.0048399072593421,0.67764834938821,0.055495059869104,0.511604804227719,0.00942629109761868,0.814891809051585,0.0762869232466306,0.50844695710399,0.00811348321458292
16,50.5,29.011491975882,0.673937721547125,0.043804510222941,0.503166221603124,0.00361188214103399,0.645418960692793,0.0455627013368018,0.510302239298661,0.00972733864315354,0.823930458652967,0.089577927578646,0.517214822728253,0.0127604913226193,0.637578938889291,0.0330416213231475,0.506096729289059,0.00413419284980842,0.677996419217651,0.0561950359429537,0.510562255286798,0.0078077985218705,0.815744805711819,0.0826690447934465,0.508561975911361,0.00689830241733737
17,50.5,29.011491975882,0.675707244483065,0.0421452623648843,0.502114818642636,0.00197482771157817,0.646069391019283,0.0468536957507471,0.511789170742255,0.0138456946232297,0.821627681005628,0.090148602842907,0.517302020574166,0.0145288301132989,0.638409917581983,0.0317188671460793,0.506488276678753,0.00510006899458818,0.677716464886083,0.0563329351126822,0.509736873340141,0.0073997954271902,0.815428869988532,0.0858783087075763,0.509353676451031,0.00674389934310091
18,50.5,29.011491975882,0.677347165584776,0.0399893867123259,0.502957772855358,0.00307246594149684,0.645890477211814,0.0466968120700138,0.510028117201949,0.0124396984606321,0.82141811389466,0.0951720702671284,0.517119475169835,0.0125018225129946,0.637899727536495,0.0304462157938437,0.506290634296152,0.00544257399776295,0.67810340408566,0.0570568860414447,0.513352940136303,0.00995908206189789,0.812344116092006,0.0898755176993231,0.509951894638342,0.006252764246767
19,50.5,29.011491975882,0.679262751754226,0.0381171022145237,0.502393065553235,0.00287847174687237,0.646703643498077,0.0470355103912162,0.511374739231567,0.0131876111574148,0.819218898468901,0.0985825859655033,0.518891129838959,0.0124429241102586,0.639872245652,0.0294560027156974,0.506582234748506,0.00409734107817131,0.678406031129647,0.0578886210869438,0.510979238216533,0.00850429615441234,0.813844127507776,0.0952284721136431,0.510460873403127,0.00715089919849512
20,50.5,29.011491975882,0.68194958038862,0.0358704584498833,0.502293478808617,0.00248183139191661,0.647377479154483,0.0471949971896216,0.511355930083427,0.0124523289188964,0.816443217690487,0.101095501207346,0.519897542668305,0.0139694918991293,0.640940431347419,0.0277150379050757,0.506197596795084,0.00463780360053215,0.679222776313173,0.0579976618403363,0.510833232441282,0.00743792590712267,0.81328182472243,0.0984034294963056,0.510483504784869,0.00663266084252358
21,50.5,29.011491975882,0.68258545430661,0.0333950974491684,0.503582529216301,0.00394932425140913,0.647687626920258,0.0469150213212468,0.5109744511277,0.0130176919100853,0.816243928790177,0.104407865901919,0.517425421950787,0.0108997274377458,0.641813524097131,0.0257050491098799,0.505625795932353,0.00384325538882803,0.680843299398507,0.0582593382930849,0.514011682524864,0.00991945741962939,0.808754764759409,0.101679771196898,0.510445419528453,0.00725628593550114
22,50.5,29.011491975882,0.684423007538976,0.0314733214563472,0.502647531962204,0.002637183988705,0.64813536599423,0.0463814406583519,0.511344710335745,0.0124662660257849,0.811305262722515,0.107157421307881,0.521289176621333,0.0155085625612262,0.643571535786483,0.0240735330652532,0.507082519362633,0.00460421167168524,0.680230861903702,0.0578333853900198,0.511456529013407,0.00742248875308138,0.810911719641199,0.104742241535031,0.510255665244785,0.00635856657627234
23,50.5,29.011491975882,0.684677030823834,0.0290818079636296,0.502885613812482,0.00319751839666282,0.648187750526999,0.0461276294237051,0.511508106138491,0.0122074453210702,0.810121620769334,0.110091795879577,0.518988458943993,0.0126822908361653,0.644196009014043,0.0225973727876204,0.506864726261085,0.00586191940489355,0.681614900639632,0.0574281490998078,0.512196342862468,0.00831032653159156,0.80828868437929,0.103944751673971,0.511045567693212,0.0072052105597085
24,50.5,29.011491975882,0.684330707706928,0.0300098637186755,0.502925233909387,0.00313702683686445,0.648722542917512,0.0455488831381311,0.511740305969842,0.0123578359073732,0.809503955423299,0.110493817639954,0.51866792876624,0.0116626696025641,0.644977025214692,0.0231084999561439,0.505989987033042,0.00376543659051154,0.682777994412591,0.0577412380304142,0.512816792203785,0.00806478751678992,0.806780756897323,0.103331057178201,0.511701551012333,0.00962553619475254
25,50.5,29.011491975882,0.683053133001314,0.0317198849445743,0.503246403557019,0.00299360068332289,0.648667188355978,0.0454191881618023,0.511094609705732,0.012797578849991,0.806499031699695,0.109264320729451,0.52044239354458,0.0159479738141835,0.643667445540527,0.0253311076853274,0.506793780657733,0.00452782536162857,0.682632169021248,0.0571579007327967,0.514663824172061,0.012256398191205,0.806011133254644,0.0999889139801956,0.510988396758868,0.00625725334346993
26,50.5,29.011491975882,0.682487941268764,0.0339560454564631,0.50287361239569,0.00285342932018146,0.649392768506575,0.0450322602841115,0.511311820396367,0.0134802313767288,0.809355600704836,0.107642522880824,0.517452188005857,0.0127604350811745,0.643141585223383,0.0263421521116847,0.507433276197886,0.00456910578072602,0.681844809551096,0.0567438955779334,0.514045389738805,0.00998023157960741,0.80810195666237,0.0975400265154661,0.510492422536978,0.00665361172407059
27,50.5,29.011491975882,0.681460963257744,0.0350491340298121,0.503617975807481,0.00373412323448098,0.649805107359641,0.0445505210776967,0.511706632798775,0.0141126031879037,0.809215286106771,0.104885306385612,0.517388970754324,0.011958304743251,0.642982434511174,0.0267425643669766,0.50628775720413,0.00377594645257037,0.6833284648847,0.0575685712735145,0.512161355306816,0.00787769652130801,0.81136867529024,0.0942143348406734,0.511304502200181,0.00699858858428615
28,50.5,29.011491975882,0.681772185499677,0.0360339787165352,0.502183717984436,0.00146565458053853,0.650892504980908,0.0436757968423369,0.514615289304821,0.0173046738834785,0.80474434127101,0.100398164526762,0.520931282779385,0.0209592385143993,0.641608175827635,0.027237258757014,0.506994194598654,0.00414635283554758,0.683834106369343,0.0575110854918708,0.512730878437487,0.00931688101533305,0.811404809578579,0.0904199125718045,0.511016655402773,0.00691776541762926
29,50.5,29.011491975882,0.681304638165963,0.0366402025286686,0.502687902790495,0.00240856398084148,0.651988165798226,0.0433439321366713,0.512193239313374,0.0143190567550264,0.813115202288209,0.0943167914730213,0.51703906023028,0.0127203658136757,0.641471522363159,0.0280936757113259,0.506781023470868,0.00440964894137119,0.685177752661923,0.0562710953421599,0.512906194022156,0.00807445885848254,0.813267229890516,0.0858692768573079,0.511484941960947,0.00660706710339164
30,50.5,29.011491975882,0.680620856069153,0.0363639753030834,0.503498691095407,0.00444290460237588,0.652517318225716,0.0421146926892207,0.510928593789944,0.013193811234125,0.816764472894658,0.0915751635077319,0.516044494171362,0.00968454184864268,0.641573533373212,0.0276327815719375,0.50637698766353,0.00403213363032818,0.687191215187469,0.0550142146297287,0.513728434033168,0.00931832159723677,0.813585115071388,0.0828228196462753,0.511652375214702,0.00771319828466418
31,50.5,29.011491975882,0.679828046134414,0.0360507119627,0.503470542568947,0.00376571139201184,0.65340230197144,0.04049493985669,0.510884589634896,0.0125328821852785,0.819236263129972,0.0883878393202491,0.516016926073833,0.0102722475168808,0.640897361881474,0.0278371776170323,0.506883427223316,0.00453149285389507,0.687996243624152,0.0525680275199811,0.512074304510665,0.00747398112859777,0.816257223601808,0.0813897791925141,0.511121825920489,0.00605478275970332
32,50.5,29.011491975882,0.680228832082366,0.0365959134155052,0.502724197115294,0.00381941415591356,0.653784811774452,0.0392511541938098,0.51322541921947,0.0138628724911598,0.815157825094003,0.0868917622374514,0.517239073059107,0.0124007688159245,0.640871877713372,0.0282305838510727,0.50635014222362,0.00465879975115419,0.687863200274313,0.0501031053119801,0.51214823633983,0.00766188545233565,0.814826358857391,0.081385293769712,0.510737283021687,0.0054719980051759
33,50.5,29.011491975882,0.679765042995664,0.0372328479710351,0.503125711473765,0.00467909439751581,0.652920279015696,0.038582426729714,0.512742852440728,0.0136080626307835,0.815194867806673,0.0880352311274845,0.515276486688877,0.00846544114968414,0.640032580697803,0.0292616098750535,0.50559770166086,0.00311885003458804,0.688346973066733,0.0484639298345238,0.512647479694556,0.00785786728988107,0.812970693628878,0.0830938679977107,0.510372719579835,0.00519289822719879
34,50.5,29.011491975882,0.679256993581267,0.0377736476708926,0.503732618855372,0.00427689250999091,0.652460354778974,0.0381055637880823,0.511142522508199,0.0121918182272017,0.814666512913412,0.089351316801172,0.515520934333385,0.00777024861200519,0.639858604832672,0.0302366648292721,0.506627322589998,0.00551071321690815,0.688178147553336,0.0467648722930268,0.511425844515157,0.0079659137845843,0.812130784164616,0.0853405850195433,0.509845344467522,0.00498590560694913
35,50.5,29.011491975882,0.678826050618074,0.0381621376658652,0.503299546199144,0.00375587392972163,0.653285760603188,0.0370705424471519,0.514310728294355,0.0156286901205757,0.809781414091554,0.0891263014665438,0.515603344477961,0.00779922948429117,0.638950138231854,0.0313101344777923,0.507136171417095,0.00542825620879062,0.689007123339829,0.0450057381090034,0.511212990009681,0.00817763238712459,0.809667566636158,0.087787942169115,0.509559060614922,0.0053394591194219
36,50.5,29.011491975882,0.678232080335953,0.0392900359732064,0.503311906223605,0.00315341323396465,0.65306029249194,0.0361644070144153,0.514034330696451,0.0162379148781957,0.809524123030547,0.0918951946284094,0.515594129836267,0.00930357211703415,0.63930869245239,0.0321594470584522,0.506375268138191,0.00447509094690115,0.689568590566226,0.0431995140226587,0.511023493409967,0.00728297552800339,0.807271021678785,0.0891720484173701,0.51036338286392,0.00657714901359394
37,50.5,29.011491975882,0.677711574119041,0.0403662421184551,0.502764513611336,0.00253447618370987,0.652326196762561,0.0368306497341281,0.514798170194226,0.017846555985588,0.807074810367887,0.0924867612594779,0.515531583001498,0.00942587344514572,0.639038955751234,0.0327852645483822,0.506025055000567,0.00374663425852287,0.688424920277399,0.0432176156495959,0.512044936458289,0.00778898308588991,0.805551899488998,0.091098408875793,0.509976035266637,0.00612076045085255
38,50.5,29.011491975882,0.677299966757748,0.0425950942249971,0.503290394664401,0.0034790388114906,0.651545640981146,0.0379400456442359,0.512806521636283,0.0152133308308851,0.806457732365816,0.094364839230479,0.515835479412356,0.0110267426591299,0.638955782253887,0.0337667351590325,0.505892721904134,0.00356136352706613,0.687856640326015,0.0440344552026344,0.513304526295738,0.00807995158261002,0.803328582948619,0.0928252165804321,0.509485326300909,0.00584703708890974
39,50.5,29.011491975882,0.676323356706157,0.0444584938266719,0.50231750405779,0.00185195965649133,0.651697372761522,0.039661930527129,0.513530127282808,0.0171619522019195,0.804724163082802,0.0967748127046229,0.515204381434377,0.0106128896932147,0.63901375004546,0.0359297644260204,0.505299621254489,0.00301421165333536,0.68733246865599,0.0464964858933743,0.513578013837056,0.0101595205422314,0.802018383870774,0.0959664175644178,0.509203157534001,0.00540540643264308
40,50.5,29.011491975882,0.674248732827418,0.0464645769691929,0.503825600275064,0.00373349673557923,0.650794850935228,0.0407983308866827,0.511666186524671,0.0161206364413701,0.800823211755565,0.100572129284373,0.516317280320523,0.011737694930076,0.638127524959404,0.0377734139481852,0.506341745158134,0.00411691156489738,0.686179075837325,0.0482825255444951,0.512443376672196,0.0100672486460598,0.798757767544447,0.0995979120184379,0.508975381177852,0.00534305745017572
41,50.5,29.011491975882,0.673212034525805,0.0484781289349852,0.503410067366814,0.00336736594623805,0.650648438847057,0.0424258441897393,0.514263422442643,0.0161118070930288,0.796002145579191,0.105517694306738,0.515990455526981,0.0108056183157826,0.637665491272482,0.039871111006613,0.505744785892628,0.003133676632409,0.685636432371081,0.0505932729608235,0.512750522130743,0.00938703812273022,0.795613290772895,0.103152798130371,0.508597851846856,0.00506054851998242
42,50.5,29.011491975882,0.672672102270529,0.0509955710110001,0.502965000934807,0.0034218476782578,0.649789266873044,0.0447677528745676,0.515158439059355,0.0153429040838718,0.794499174534615,0.107775792268147,0.514485364364232,0.00862895021459536,0.637129994389162,0.0409175909831833,0.506445537640438,0.00419029960717456,0.684113033588201,0.0536345284423648,0.51270736802688,0.00931682228910932,0.792535384624502,0.104919130301875,0.508867814013798,0.0050525914118861
43,50.5,29.011491975882,0.671368011339991,0.0523867661832791,0.503391572881949,0.00344343795002015,0.649473508872998,0.0462084567741543,0.514822670586728,0.014836050377572,0.791301648337545,0.112676518259971,0.515821101712793,0.01058847592782,0.637018012722179,0.0414082497056354,0.50625643518873,0.00375806897772179,0.684119003104066,0.0569822065144354,0.513468680548152,0.00849645009284945,0.790216394358882,0.108360305913792,0.508809554216871,0.00502844539579355
44,50.5,29.011491975882,0.67121778299157,0.0531409369407893,0.502096053237418,0.00157096946356208,0.649970953483803,0.0473250782979822,0.513601059467755,0.0133954972817234,0.789008592953748,0.115831869282641,0.51830094957311,0.0115974152102636,0.637600776054611,0.0415814542784726,0.506276983530873,0.00475557169036069,0.682953779578303,0.0581061830403222,0.512130770825785,0.00820206518761498,0.789799197362336,0.10935061588907,0.509151068576397,0.0050881800661869
45,50.5,29.011491975882,0.670998647490316,0.0536564427034967,0.502908745972568,0.00324065357387057,0.649838905715851,0.0478402558828043,0.512601345311252,0.0122408247413419,0.788068822920711,0.118141645259628,0.517186059609285,0.0105096389013297,0.637038191374329,0.0421042116866675,0.506641106079597,0.00500613367296655,0.682644861512459,0.0589798303254088,0.512884981109621,0.00834386856996699,0.787488535908108,0.109948814107785,0.509476840275484,0.00481169999831015
46,50.5,29.011491975882,0.671538998385525,0.0533138501783595,0.50275242618029,0.00283893476975573,0.649703418978036,0.0475284003060432,0.510658621302005,0.0119127652687131,0.790419324895862,0.116867175612179,0.519002359859707,0.014261185173909,0.637429926092929,0.0416085806021419,0.507306070688763,0.00455449263358525,0.682029454631404,0.0582292031330314,0.513246340251374,0.0110083615712603,0.788708365149639,0.108917010408477,0.51022749000945,0.00683082929625017
47,50.5,29.011491975882,0.672232450045871,0.0521284900723647,0.503194773803333,0.00345266546697591,0.649638701987479,0.046998925953462,0.512063203882758,0.0111566289764991,0.790922608590301,0.113162078467091,0.521205569303228,0.0182131346955604,0.638963883116981,0.040890630183032,0.505782310834823,0.00366131854694997,0.682756913970096,0.0582545771246647,0.512025542886222,0.00856155514419812,0.790508595922258,0.107124007994137,0.510126900365358,0.00598965775026666
48,50.5,29.011491975882,0.672760271154735,0.0494049776328331,0.504013244507875,0.00536721524311225,0.648903952897279,0.0463606741446305,0.510252235956995,0.0117635930127846,0.794983578996325,0.112197188677732,0.520429623846105,0.0167164810802799,0.63928337643229,0.0393388998331686,0.506300932892073,0.00511989044947005,0.682493473109444,0.0577320047578345,0.512148068375337,0.00874732193262176,0.791080228377923,0.103972183663733,0.509912630894327,0.00592915467998942
49,50.5,29.011491975882,0.674801227701667,0.0470040797162554,0.502113383152083,0.00228007453690533,0.6495894245333,0.0469134594169655,0.513138616199544,0.0117625758021804,0.799031405255264,0.107041520149708,0.521377432293864,0.0175014753200448,0.639817927433828,0.0377516006843937,0.505600337259128,0.00367249312239395,0.682801069260635,0.0580738442080457,0.511724645223536,0.00822566320883377,0.792555438694205,0.101350514930387,0.510277973436653,0.00638264429616153
50,50.5,29.011491975882,0.675802741066347,0.0435497137269651,0.503727753075502,0.00362695720782388,0.648644906815077,0.0460172286534396,0.511334290164253,0.010859712662412,0.802851209735123,0.106833461331693,0.52087145804326,0.0158017183990539,0.639886084013254,0.0352390185618403,0.505387192530831,0.00315620925389722,0.683862755574708,0.0568267443230441,0.514160968825982,0.00931162038443116,0.791592339748241,0.0970116254276072,0.51049873233414,0.00601858518940378
51,50.5,29.011491975882,0.676765837942446,0.0401533265621764,0.503429755685327,0.00354949614917191,0.648733751042147,0.0456236300081369,0.515516017662295,0.0167727304464388,0.800874215455678,0.102464737901832,0.523162477133284,0.0186170361734885,0.642291494689852,0.032450779852653,0.507325064272474,0.00530346699201102,0.683152409984966,0.0550777250064006,0.510735422957735,0.00741559470826303,0.794016106610265,0.0965546504364686,0.511781796423866,0.0079930479031887
52,50.5,29.011491975882,0.67851063325912,0.0372269948181984,0.502075590522522,0.00164748502971203,0.64953185239086,0.0443276403950221,0.515047044153014,0.0135043827993448,0.805565176673956,0.102096547036449,0.523248956273642,0.0166927874479746,0.643118300822904,0.0302546760631603,0.506108357699304,0.00369790389488435,0.684800572810168,0.0532426539633342,0.511723157645538,0.00763983530802305,0.798035989984977,0.0956493558748628,0.510027431186069,0.00513667036689083
53,50.5,29.011491975882,0.679928265634579,0.034567821986513,0.502912496533179,0.00298627650369879,0.649685767512347,0.0432066399891632,0.514616276580584,0.0144460679806696,0.807190457256495,0.101409767487939,0.521933413577244,0.0161667988313885,0.643198507753675,0.027888804590078,0.505792645127953,0.00387606531058614,0.685923366349844,0.0517819708312787,0.514065945483378,0.0101568331994073,0.797031996231745,0.0927386871668394,0.510722278704489,0.00676696748828336
54,50.5,29.011491975882,0.68150667996718,0.0315229636624068,0.502820480808865,0.00294476422764908,0.64897629798829,0.041082847308695,0.514173135347402,0.0124127262770631,0.806802732261896,0.0986914343961952,0.522933857484211,0.0174684092478485,0.644279277921679,0.0260585744452033,0.506224763700853,0.00349274354126775,0.685749734664724,0.0497051807200341,0.512275393042176,0.00877320408147982,0.800014238579975,0.0905473030091355,0.509585396398643,0.00471088537182157
55,50.5,29.011491975882,0.682151791974899,0.0291738219177343,0.503081411181298,0.00328965966444758,0.648727129656755,0.0392818633892701,0.513389512714833,0.0121664115758779,0.80780939139779,0.0983965781178243,0.522344317869214,0.0158784766010727,0.64494237073948,0.0245501398076893,0.505807073523423,0.00303881817857536,0.685775509745754,0.047653430041805,0.511177413314078,0.00815334935785409,0.799420090043213,0.0881300608924865,0.510119618960609,0.0068339139792009
56,50.5,29.011491975882,0.682592317489295,0.0272908247949197,0.503175718561959,0.00352716474424517,0.648259834653672,0.0375207554466655,0.513361303138344,0.0128421284019116,0.808381213647953,0.0974832963394296,0.522911030662868,0.0150433888293537,0.644707118813365,0.0233595092879792,0.506760294091761,0.00429511040780461,0.68535723439514,0.0456882145178776,0.511493848716025,0.00762226638493446,0.79941364925539,0.0864023527306855,0.510281240595518,0.00611802110741012
57,50.5,29.011491975882,0.68307100240632,0.0258560087126711,0.503639602331737,0.0040131802706252,0.648448243488337,0.0365120933599723,0.513434223897417,0.0116525424839187,0.807595989114928,0.0951776019188976,0.52541333671235,0.0147092458658878,0.64384863185669,0.0223036419716404,0.50711411396592,0.00493581565429215,0.685999157189315,0.0449213813407584,0.514883961990094,0.0115936400191815,0.799362188231049,0.0833433644846484,0.509174682289755,0.0046027316860458
58,50.5,29.011491975882,0.683247232536854,0.0246018050077698,0.502842372496265,0.00313836933514668,0.649730792299726,0.0358796141111655,0.517218840950094,0.0140105973657372,0.807564299415928,0.0955791739402025,0.52267858248147,0.0125772908895936,0.644874989863614,0.0213933892308523,0.506175833612122,0.00410339761641088,0.686917717454034,0.0445023591993628,0.512495177320071,0.00802008154667237,0.801622729302545,0.082311931287462,0.510944170559312,0.00655847969407171
59,50.5,29.011491975882,0.682545247421721,0.025065121551377,0.502715197893273,0.00289472795560241,0.649963806477839,0.035419958207768,0.515890247331484,0.014556534013911,0.8076353278082,0.0927920464988805,0.52624229437937,0.018842912677585,0.643196207977145,0.0212147021519077,0.506731221922393,0.00507321948995457,0.687383674424605,0.0448447365154443,0.51283933758229,0.00786422956276055,0.80140591870194,0.0812991322211733,0.510948731130545,0.0066104562766788
60,50.5,29.011491975882,0.680491462965477,0.0288871309832538,0.502514543952289,0.00275871656105197,0.651031441256503,0.0351998684566204,0.516931366161139,0.0139900356310051,0.809078006602206,0.0909780225059595,0.524434608931026,0.0161595357491693,0.641628299678395,0.0240717251967786,0.507239880768934,0.00501391619037532,0.688128123263996,0.0450751832767532,0.513881525880512,0.00956125103229672,0.803040192803253,0.0808005417166014,0.511300253581951,0.0069989232328237
61,50.5,29.011491975882,0.678376663279531,0.0321794126332854,0.502996021489592,0.00393303055282623,0.651532580423354,0.0341867247724139,0.51616502541875,0.0131241437668226,0.809823815742038,0.0916240880259309,0.522857597527327,0.0125682539835953,0.64027658591084,0.0272097932078685,0.507246666702026,0.004540887842263,0.688235484758086,0.0442609105520099,0.51364780063664,0.00786372489089547,0.804665693563185,0.0796809787004537,0.510633542842902,0.00611502421231962
62,50.5,29.011491975882,0.678126825671072,0.0355709722627905,0.502418268867831,0.00273595631656651,0.652613736143362,0.0336021497788946,0.517986398476824,0.0137984257518498,0.808350781675059,0.0899491244127772,0.521998019892564,0.0120587346532273,0.639467422660334,0.030602649766307,0.506840014607383,0.00430869809527713,0.688775848119335,0.0429786093923483,0.514409584561049,0.00859358311207039,0.803541740258753,0.079917975850042,0.51089336643454,0.00711844570300369
63,50.5,29.011491975882,0.677538655963623,0.0386717850882443,0.502657975272335,0.00309205986281337,0.653155444727247,0.0326681231965897,0.516947568556668,0.0134780200869328,0.80698770439802,0.0908798773814432,0.521436310641087,0.0127368227497248,0.638777236131512,0.0329867334999695,0.505945429242696,0.00315484575389515,0.689916645385783,0.0416834241864884,0.514195363919385,0.00714737201905206,0.804296330020082,0.0800464622441801,0.510065576526037,0.00535606063237514
64,50.5,29.011491975882,0.677441185032301,0.0418429399815608,0.502646960126149,0.00291765606071421,0.653538402033917,0.0316653729724063,0.516347679398464,0.0130829487140813,0.802510356593708,0.0903071465770117,0.522728467924061,0.0134763231253306,0.638264013373779,0.034930225800778,0.506487272119536,0.00378148922832319,0.689924245636686,0.0408072344711263,0.51340259416104,0.0076810349177413,0.804989536857382,0.0791536874246372,0.509778995549727,0.00527020495922745
65,50.5,29.011491975882,0.677128927802534,0.0431450898645574,0.502213227576307,0.00216358775366327,0.655343171771687,0.0316389979002767,0.517283098888294,0.0129663618823155,0.803606427670396,0.0910195632267144,0.52032553261063,0.0111966387454222,0.638565716850126,0.0362571759035738,0.505846255657566,0.00351977341356964,0.691396079591976,0.0407935491490978,0.515070654288935,0.0100533785622151,0.802468115631066,0.0783021067098519,0.510318565652037,0.00575108244437986
66,50.5,29.011491975882,0.677864116947137,0.0444807586948966,0.502442792553119,0.00280729276327662,0.654414896795796,0.0327294849426317,0.516136840411092,0.0119937205867013,0.799902703089696,0.0918888717163083,0.523633856414319,0.0161268863680567,0.638306087568296,0.0364425845997496,0.50704114489976,0.0059654289830128,0.691541602471439,0.0411128230063738,0.514857213965867,0.0106692831163134,0.801078466959914,0.0786077196658037,0.509299011804938,0.00529271451893224
67,50.5,29.011491975882,0.677005289278349,0.0447582026615872,0.503176116507608,0.00344926002876488,0.654497763793266,0.0333483107417525,0.515682127011296,0.0112133398182149,0.801295378251553,0.0939609807951578,0.520319855165494,0.0108147708121322,0.638646062407467,0.0372843672724219,0.506974663676257,0.00368594326959536,0.690532396201213,0.0425447559037308,0.513693010971602,0.00982628396502405,0.802456876464005,0.0812066668310493,0.510556179936538,0.00687779897304966
68,50.5,29.011491975882,0.677423064195987,0.0459161710987117,0.502282402355793,0.00232672778087336,0.654808862132764,0.0339905296527885,0.515732578088627,0.0109401594079141,0.801104175557931,0.0975917812538568,0.519906436020169,0.0113781516245492,0.63808581112653,0.0377198297719769,0.506506489737113,0.00425264612610878,0.692442162357203,0.0436308874455592,0.51714063879298,0.0111185505161189,0.79687428712745,0.0819224006154705,0.510550967755834,0.00742723251437718
69,50.5,29.011491975882,0.676559712529383,0.0467886269934374,0.501894642248683,0.00169577490848429,0.654970208327523,0.0330654671161426,0.51580363709538,0.0115749617219878,0.801711765259374,0.0983010776861328,0.518973708508401,0.0107195238748568,0.637869397731283,0.0383690300078765,0.506874700423526,0.00412909192420719,0.69220601789811,0.0436521878319337,0.514044025391247,0.00833643538818763,0.800798909950039,0.087463808137555,0.5103739817008,0.00622333558188557
70,50.5,29.011491975882,0.67524315479503,0.0472711848278383,0.502954462564807,0.00396159262433008,0.654384052396486,0.0325727782436193,0.51539622338607,0.0108838577686332,0.799582494461036,0.0986635741121968,0.520179611170074,0.0122534572447345,0.637709216267498,0.0378883032773405,0.507820974084741,0.00461945718971336,0.692355733139306,0.043739134680065,0.514249757046809,0.00863475914692992,0.801794658545991,0.0882961786177758,0.50930480984981,0.00514250027446669
71,50.5,29.011491975882,0.674709682731708,0.0469994735539632,0.50345405964308,0.0040308949388618,0.655038490573545,0.0322926751933064,0.516204909202647,0.0112980694321031,0.799823062611321,0.0976077975243056,0.517207014943651,0.0118858819072031,0.63748045991901,0.03644770796692,0.507303330412611,0.00500898395882761,0.692813172494619,0.0435074105770488,0.515977308742429,0.0122711504555873,0.80006855227367,0.0870230630702178,0.510661814307536,0.00640603019222961
72,50.5,29.011491975882,0.674818499239619,0.0455988908246154,0.502956321898407,0.00336126558531061,0.655000077739653,0.0323793548212528,0.513783684850958,0.00995122769017839,0.80254612301468,0.0945932161267831,0.521594702242213,0.0139113715653006,0.637467427384042,0.0348379448518432,0.508046854426666,0.00581625531790681,0.691896470980238,0.0436135887691302,0.514705256837231,0.00902338142705292,0.801742795965864,0.0842472489932618,0.510134376754302,0.00562344674666524
73,50.5,29.011491975882,0.67491606575908,0.0444697065910401,0.502777587896822,0.00321862390213509,0.654238188472116,0.0318252480023925,0.515553996124933,0.00974482237403011,0.801583385211183,0.0916706001234844,0.520049050606329,0.0130401534855803,0.638027683956363,0.0338240701423023,0.506890853343174,0.00387606519005904,0.690703603742188,0.0430143378802247,0.516062942222435,0.0115696519592523,0.799992407821481,0.0817548500511046,0.509730553666948,0.00546122695987888
74,50.5,29.011491975882,0.674861133810452,0.0428697493350795,0.502122205830631,0.00191661007232713,0.653980889507445,0.032783066612518,0.515036838906246,0.0106053161109068,0.801376688659004,0.090884662253649,0.520864923062018,0.0125755336982983,0.638420638512826,0.0334991311040517,0.50694358682282,0.00416036487530828,0.688166790854419,0.0440150888953572,0.513640085083553,0.00901036640550599,0.802744949078534,0.0815133580506148,0.509391895848029,0.00529841897924956
75,50.5,29.011491975882,0.675535684089978,0.0415846717591248,0.502172469917617,0.00262486907788136,0.651869090239028,0.0349755569945946,0.514029731927678,0.00995961945178596,0.799860983930711,0.0893086894812687,0.522960736793486,0.0141057444809053,0.6387747409452,0.0322512587783535,0.506474037446236,0.0035049213053276,0.685701978010475,0.0468629552656832,0.513806270100189,0.0100322552755034,0.80316181049763,0.0797567970646601,0.508774084719804,0.00538970870496126
76,50.5,29.011491975882,0.675766718215702,0.0406756148840884,0.502562195532506,0.00287600227416337,0.650774434994458,0.0373655719443503,0.512124490697423,0.0094137095430454,0.803280086704603,0.0872975127745134,0.523097238471107,0.0142392211547643,0.63853295483992,0.0314734743052551,0.508160020625154,0.00471635708460881,0.68243180515624,0.0499523786499938,0.512691967942074,0.00851801296887621,0.805521481420184,0.0780698621961474,0.508627976209452,0.00480858023889238
77,50.5,29.011491975882,0.676181722361197,0.0394778544117345,0.502293107974218,0.00270914331947896,0.649801181107708,0.0400025910616059,0.513652588412325,0.00913726819075116,0.804981250156786,0.0839144830383845,0.521991445010161,0.0117913194564787,0.639475936557024,0.0312211652618981,0.50720703431284,0.00405707097866208,0.680925253741197,0.0531282871780225,0.512127242391524,0.00879977347364131,0.805557935069559,0.0742523609086332,0.509086367978924,0.00596536770305424
78,50.5,29.011491975882,0.676579934407111,0.0395638479627677,0.502200013896381,0.00208050423089764,0.64844978609787,0.0418690560763553,0.511940520556678,0.00893162042332755,0.805483788379037,0.0827677889511094,0.522298156719233,0.013025706568823,0.639274898773092,0.030904285496847,0.50696300788501,0.00402128153881164,0.679656211043395,0.0554918746069638,0.514820711833377,0.01100862220264,0.80365199695669,0.0716717381202632,0.509082332551268,0.00643669943958777
79,50.5,29.011491975882,0.675924780115388,0.0398044896818035,0.502300430555689,0.00293691130340785,0.647345491453328,0.0435425100081271,0.514101585252113,0.0139785463715929,0.804828627596382,0.0820742657869174,0.523235152457149,0.0140085347236215,0.639951154616113,0.0315433842861872,0.507219553701947,0.00388424870862594,0.678215957018318,0.0582713231952552,0.512811352476102,0.00885165389475045,0.806176604663372,0.0699831941271481,0.508690920345059,0.00579006482410667
80,50.5,29.011491975882,0.676191936457014,0.0408931136438276,0.502052803054759,0.00174239565653267,0.64661394381075,0.0459767640333699,0.512357506236479,0.00969313314899057,0.809902232446861,0.0801808965193762,0.521169784756464,0.0110655899944249,0.639662347289353,0.032419194285795,0.507052633768491,0.00377849766779937,0.676884051948263,0.0603764949652839,0.512551780710915,0.0086800571558541,0.807371454918762,0.069146928518085,0.508528933066049,0.0056618347713116
81,50.5,29.011491975882,0.676958192424503,0.0419803912830483,0.502225613788167,0.00233946073377488,0.644750730931922,0.0480616810367747,0.511730693618658,0.00994193103291039,0.810559482611888,0.0799199291005099,0.520403230665389,0.00991032024897798,0.639281609530238,0.0327903357259497,0.505984890064923,0.00242523033161241,0.675957359475299,0.062196625582996,0.513753826262781,0.0113647991892046,0.807010451631213,0.0682451074428346,0.508292688952683,0.00538099278469387
82,50.5,29.011491975882,0.677321055261558,0.0422481711618166,0.502979446255861,0.0031144474813999,0.64326046514008,0.0498912468788612,0.510966220694645,0.0095795972721609,0.812070677196197,0.0811387465341264,0.519718428130571,0.010141950831149,0.639505002118323,0.0333143406009912,0.508011868936934,0.00433642766964396,0.673618724338943,0.0644198379462707,0.511803609330352,0.00745772139521786,0.809647759261434,0.0686583136310058,0.50815601917712,0.00496426430454007
83,50.5,29.011491975882,0.677556319218644,0.0416300779421953,0.502954358091375,0.00290086755833206,0.64214974136243,0.051230859218468,0.510990865890715,0.0099246185746735,0.813468755219087,0.0791350265273471,0.519958938447801,0.0107954635800685,0.640113587062705,0.0328052677821443,0.507366238451356,0.00449213261205769,0.672471374282216,0.0670139140696363,0.512057945945896,0.0070348145375041,0.810289163764283,0.0676296948459332,0.50895984393631,0.00684336322913384
84,50.5,29.011491975882,0.678308134650866,0.0406642753616982,0.502658645248951,0.00274184071113904,0.642048221070077,0.0526530464766921,0.51203006721227,0.0116766321714718,0.812642096590873,0.0773315948553247,0.522318000370777,0.0155691464643595,0.639713742751335,0.0319639247260206,0.507947461013186,0.00445174857878395,0.672705375504898,0.0691268130350058,0.513839895860471,0.00807188790655554,0.809118545455302,0.0659861253151902,0.507811338950557,0.00487724104982708
85,50.5,29.011491975882,0.679309592762948,0.0396182955548241,0.501845427352761,0.00143688955782212,0.64244103709667,0.0530425285057466,0.512515346111528,0.0112241871979784,0.813988667064896,0.0776967507614976,0.519730544670813,0.0107146938590122,0.640134031469159,0.0304859938350114,0.507579210051304,0.00419326729772913,0.672186373349068,0.0700457599728302,0.512457546732725,0.00869100692324967,0.81076878629675,0.0667466316117467,0.509238404264838,0.00614174040134168
86,50.5,29.011491975882,0.679656929257996,0.0376233723564196,0.502813646128292,0.00309283572237465,0.641893228038842,0.0522585004555086,0.511214485884973,0.0100543535423176,0.813468764982918,0.0797267031008759,0.519070391886024,0.00999473968792672,0.640428940006359,0.02895701933886,0.507028274227588,0.00414615156742915,0.672437545053483,0.0700070385458858,0.513896810709608,0.0103849875176909,0.809001206072718,0.068555203183951,0.508913738139643,0.00536226321590338
87,50.5,29.011491975882,0.680051811333154,0.0366555000519225,0.50208629572997,0.00232838942155541,0.642676956978399,0.0511738017745415,0.512780059842703,0.0120640150731405,0.81456443013529,0.0805273802491833,0.518526778650208,0.00918564232324319,0.64025215794281,0.0272172889212294,0.508107315573214,0.00478176684230989,0.671663377098612,0.068318622951343,0.513510832834253,0.00869576474593596,0.8090756542439,0.070077044904168,0.508457462288093,0.00522782381376708
88,50.5,29.011491975882,0.680253615188378,0.0361325958781922,0.501951704796516,0.00170932452868002,0.642624338504293,0.0503715273881242,0.512022779659906,0.0109847956090034,0.815416702889605,0.0810321348468597,0.519162310182519,0.0128927667525334,0.640535713082702,0.0271004842633663,0.507250837191199,0.00480918701747517,0.671890836742142,0.0658727467119814,0.513294199343821,0.00936940065165286,0.809586824198924,0.0727296498988983,0.508665311645171,0.00616662592781238
89,50.5,29.011491975882,0.678703597842331,0.0368948301328013,0.502430587567866,0.00255698589634376,0.642284349498584,0.0492966873752414,0.510932330689502,0.0112990071683142,0.817030050397616,0.0833831014762462,0.518909207038829,0.0108015755002876,0.640020119142056,0.0278076119644648,0.506585021975158,0.00362699720020968,0.672054557755116,0.0642424803335569,0.515293495680811,0.0101992387655439,0.808509526901205,0.0742136495928308,0.509339318138842,0.0071307864495827
90,50.5,29.011491975882,0.677407853741374,0.0382811077379997,0.503217630317781,0.00335493247386356,0.642251402445735,0.0483744052770015,0.511520792643654,0.0130845579683027,0.818253175240266,0.0818436193075072,0.516083977814217,0.0082677496838429,0.638572322717009,0.0293858817150695,0.508524224089314,0.00577303049042542,0.671049783459975,0.0620145902700669,0.514416108382798,0.0104840782760204,0.809887011167107,0.0764249383821096,0.508448956625519,0.00619719587223511
91,50.5,29.011491975882,0.676817096013936,0.040726284089229,0.502732640566546,0.0028023230023968,0.643002112552718,0.0478459610814405,0.510421443945533,0.0115003336833047,0.820060315478966,0.0789953935307739,0.517997494969994,0.010438994521904,0.638771993404061,0.0306834292119516,0.508021229060789,0.00481726798710031,0.671586407611574,0.0607402876144298,0.51279354121183,0.00790161017525279,0.812245206129963,0.0764978861618594,0.510072089244618,0.00794152904030939
92,50.5,29.011491975882,0.676021089659475,0.0432873999472688,0.502340946569819,0.0024493587566016,0.644559756380344,0.0476339644951112,0.510261027918266,0.013264100968168,0.818751384015296,0.0785980279203691,0.517251983841304,0.00981496206560056,0.638521168204782,0.0325148151496838,0.5062160012876,0.00434383540265425,0.673502342463516,0.0603951317476394,0.513451665977669,0.0087080609543759,0.811602309408893,0.0758381464841268,0.509856533162433,0.00666717271654661
93,50.5,29.011491975882,0.675513429471517,0.0454393215510472,0.503477357312207,0.00391388551019151,0.644130795900028,0.0468607635145167,0.510116390192837,0.0124616476437489,0.818559268465159,0.0800654672108809,0.517212082404683,0.0102166357551798,0.638023898086014,0.0337298729737662,0.506755651551693,0.00400567369507544,0.673031882119664,0.059364953515643,0.512111879414864,0.00807670020679963,0.812307182005894,0.0760972962460181,0.509820314098394,0.00642505836020803
94,50.5,29.011491975882,0.675256900897594,0.0466631634233019,0.502129615417932,0.00215084677658911,0.645518018350152,0.0463571005028316,0.514070046264111,0.0168682855504501,0.817301088964626,0.0801180178872419,0.517434646629119,0.0108954335808158,0.637541147666889,0.0352283816526957,0.505868606159123,0.00373600487747063,0.674588280945416,0.0588135852496553,0.51368488632041,0.00983958868596625,0.811452855120592,0.0754183296262723,0.510533897848426,0.00762508124046793
95,50.5,29.011491975882,0.675023592351326,0.0476256236899967,0.502187822958501,0.00232887138469079,0.646981265994382,0.0458033272801657,0.512424122704542,0.012050519598196,0.818862659407965,0.0822819831871447,0.51665214698571,0.0105894646116882,0.6366756434577,0.0354515270103797,0.507341489364441,0.00481567812505545,0.674689900221881,0.0578029778475475,0.511960867667575,0.0100153241023952,0.812897162267869,0.0753209713129937,0.509916460883979,0.00715880565217155
96,50.5,29.011491975882,0.673616485384671,0.0492590218038898,0.50301573541519,0.00344680078009406,0.647385608778563,0.045128243403533,0.510650303069535,0.0121435510708604,0.818251309426965,0.0857479782100766,0.515638799728789,0.0097302421668629,0.635521263110676,0.0368611224848794,0.507085691870796,0.00495899803213891,0.676366967217932,0.0566919957185346,0.514620705180387,0.0132330548179859,0.811348378954347,0.0745683132973914,0.509978678252071,0.00707286257146332
97,50.5,29.011491975882,0.672562027674563,0.0506157474169648,0.503630991618703,0.00526894975510052,0.647487581432241,0.0445459814587723,0.511275087031526,0.0124402434444552,0.819746575536782,0.0866646859656626,0.516535381829371,0.0103811881689222,0.636309481364445,0.0387517453001208,0.507640434960791,0.00449513315528332,0.676638225448525,0.0547669501343832,0.512262809824619,0.00784816002320508,0.812101432271739,0.0756047176363581,0.511343910845488,0.00850936039875025
98,50.5,29.011491975882,0.671472312283977,0.0514428548154621,0.502464664458133,0.0025573450900151,0.64913586294339,0.0439417579138135,0.513688489308066,0.013821398578725,0.817647965618897,0.0885448781022435,0.517134445981476,0.0114943456866154,0.634748020592413,0.039538293653773,0.507268186522333,0.00475133082768126,0.678593951306824,0.053483232495754,0.514026014657328,0.0101073147485264,0.810893997172978,0.0765944391640438,0.510808500446412,0.00763610722460232
99,50.5,29.011491975882,0.66970001874294,0.0525366348107925,0.503068310502249,0.0031249062388687,0.650033118667816,0.0422808583121468,0.513093794219629,0.0122057014309918,0.816843128071471,0.0894196519505936,0.517651737539397,0.0114910449839493,0.634364129122966,0.0409207588810371,0.506636717089109,0.0045391990027809,0.681368540789878,0.0511071600123613,0.515352971144936,0.0109721270226118,0.808382821530506,0.0762419896349369,0.510970380263531,0.00778211597222511
100,50.5,29.011491975882,0.668402778442385,0.0526467743860004,0.502342662226886,0.00237494106729448,0.651524883735487,0.0405831818452176,0.512947785502051,0.012529907557618,0.815996330322895,0.0893372574792316,0.517872103362445,0.0109768042204424,0.633675517387755,0.0417514058969635,0.506830801011621,0.00488692399116419,0.682745430424187,0.0481591900988942,0.513700106620382,0.0121123142637261,0.808124685368754,0.0768437270002782,0.510901231538218,0.00726582529172224
101,50.5,29.011491975882,0.666635605615642,0.0529729702995877,0.503045660473667,0.00341353870162575,0.651686621879923,0.0391537635085396,0.512652924500566,0.0113187480757433,0.814740940460813,0.0896641581241181,0.520373961236766,0.0132158588904002,0.633128690836999,0.0419718254807437,0.506565893122493,0.00450954144402504,0.684041370738732,0.0456573073910613,0.513059568960806,0.00985538043418081,0.808415172442527,0.0763916146482879,0.511610616513673,0.00738617228488897
102,50.5,29.011491975882,0.665070734648535,0.0519757753971265,0.503378919245405,0.00412494730573995,0.652003498210251,0.038258393648559,0.51312860304605,0.013254636925398,0.81373708246856,0.0888890846750719,0.519747954107217,0.0136882099664786,0.631655923444178,0.0410171905489116,0.507119604289274,0.00468579945806528,0.685107533897704,0.0445748657661846,0.513402362199326,0.0106766582826397,0.808446485092569,0.0745275792594833,0.510615350335045,0.00650980456823517
103,50.5,29.011491975882,0.664810359756218,0.0521071935297005,0.502377051608219,0.00292660662002655,0.65283838043905,0.0382470322867328,0.514121117315948,0.0135350808329749,0.816763926832994,0.0872309445923276,0.519384253447385,0.0111919134082232,0.631398145311028,0.0411809837980433,0.506102008208501,0.00354128595099826,0.686314668136512,0.045141861046318,0.512242109402432,0.00917380326763462,0.811916394604646,0.0741834213783948,0.510675819278599,0.00668135664037457
104,50.5,29.011491975882,0.664816724000816,0.0521199316448154,0.502753410734149,0.00324198172581217,0.652824340775047,0.0387115604242963,0.513065752493403,0.0126102223998755,0.816694551990121,0.082816969917206,0.520318671438787,0.0155408093658594,0.630356761389299,0.0404453230652559,0.506992749653073,0.00460989351428857,0.68638104551629,0.0462031316460892,0.512700860222629,0.0102163451376397,0.812156834181586,0.0718082558464615,0.510523292886981,0.00623127973492825
105,50.5,29.011491975882,0.664366479869388,0.0530555742513112,0.501901750086997,0.00176049321951885,0.653410538201962,0.0392074638095526,0.512588229838641,0.0131579222908793,0.817754232894203,0.0802596390251408,0.520180656995986,0.0138075030954613,0.630235984773927,0.0412450990468022,0.506727807240556,0.00507059548339206,0.686016057584247,0.04733732223552,0.511402916538154,0.0082554774674792,0.814104047943205,0.0699971266208337,0.510398064554115,0.00649996137526215
106,50.5,29.011491975882,0.663184546583783,0.0544638817839372,0.50241698154957,0.00254599710676921,0.653448713760709,0.0394318841531414,0.511662486901915,0.0124427612074118,0.819542865233403,0.0764388457252287,0.519039529188216,0.0116871473135414,0.629639069257935,0.0422446536005847,0.506567103843684,0.00388415501513509,0.68694740346283,0.0489916940441477,0.512239824995351,0.00949265444215047,0.813827989452839,0.0686574601912626,0.510125036201979,0.00630067724034699
107,50.5,29.011491975882,0.662440816482607,0.0566085071963437,0.502785532554231,0.00319891790659284,0.653356717736863,0.0406172444578513,0.511766249160451,0.0116289916453846,0.818856558146913,0.0752644408128999,0.518797828751739,0.0109284824752776,0.629238848769577,0.0438328791682635,0.505842726054328,0.00321640607451586,0.686486548746035,0.0512447617440259,0.512245458063823,0.00879672804859961,0.814537607267217,0.0677240252619302,0.510394206766701,0.00647610936793386
108,50.5,29.011491975882,0.661978550291467,0.0581827725657439,0.502359848511284,0.00262231367762254,0.652943526891614,0.0417409855206711,0.511853172139304,0.0108056408734931,0.819027340386169,0.0742633611760237,0.519960951525942,0.014274141976987,0.628670643599586,0.0447343002165227,0.507257411081418,0.00522828480666811,0.685064387197348,0.0533083575343947,0.511364566284067,0.00909404348079945,0.814662194107364,0.0665280175350214,0.510207763183708,0.00610971150098434
109,50.5,29.011491975882,0.661604793018836,0.059486238613649,0.5025695205859,0.00267555516688362,0.652496339635182,0.0431836229699072,0.51108788216042,0.0111539330932192,0.82030146376606,0.0779014964764718,0.519271215683573,0.0109468545448397,0.628552546027913,0.0456668484449947,0.505519226649786,0.00343617868237478,0.68652508220888,0.0564283383884899,0.513196059752663,0.0102673814768377,0.813099895004609,0.0675788374894007,0.510564474996349,0.00678669234892936
110,50.5,29.011491975882,0.661077466669427,0.0603058838932762,0.502936661897878,0.00317108769658461,0.65179334892762,0.0453481188052469,0.511168683335574,0.0107372051863688,0.819603069114308,0.0833062632225645,0.519900870585305,0.0113388952875779,0.629204902011287,0.0466839964435162,0.505390138422754,0.00277029607467905,0.685462697090225,0.058868142302089,0.511170533035323,0.00941806624676509,0.813708848310342,0.0715452796376428,0.510554084998648,0.00642919340161229
111,50.5,29.011491975882,0.661045721396744,0.0608421126335498,0.502425311188588,0.00260741230544108,0.650938616275584,0.0488172018666105,0.510146891034565,0.0100130156985761,0.819902854999732,0.0859042490270441,0.520377251557875,0.0127090859349946,0.628054680341482,0.0471001589222809,0.506284876296746,0.00394579322718028,0.68369263574521,0.062515979905168,0.511068783017481,0.00979169329790809,0.812541707339609,0.0738282560723807,0.51016248308709,0.0059070414446464
112,50.5,29.011491975882,0.660241219494264,0.0612307898609285,0.503375754439362,0.00348267210133648,0.649713625720813,0.0516646932168076,0.509412116755704,0.010443216055346,0.815705529988498,0.0889467750364238,0.520859908251841,0.0157125403270131,0.627904157256954,0.0481130863253634,0.506766742745077,0.00482930116389516,0.683163178431792,0.0655867000886818,0.510835699534792,0.01005319693364,0.810074499266952,0.0775479793922954,0.509705778885716,0.00565553157837022
113,50.5,29.011491975882,0.66051416528599,0.0604811125690694,0.502832511801298,0.00301985424692105,0.649389130607799,0.053584585988551,0.512605673380833,0.0134857272771487,0.815013446238125,0.0904270823461546,0.520709395958818,0.0128322303668449,0.627775444817646,0.0483095366762981,0.50620592418468,0.00367085600703485,0.682891648485298,0.0681154470411721,0.512815550300546,0.0119573059799721,0.806256929432936,0.0812501082200465,0.510111333093104,0.00599532016900192
114,50.5,29.011491975882,0.661376492733789,0.0601538553149752,0.502593278468989,0.00239377493673131,0.649023891666993,0.0544602050841554,0.511994501316335,0.012079297092413,0.816739219472367,0.0930954368925287,0.519426684543054,0.0129662886573274,0.629436732524595,0.0479557292712148,0.50623427788989,0.00409842284763885,0.681988659292423,0.0691691536140382,0.50934517952147,0.00738956190936434,0.808909303373749,0.0830388154189786,0.511226984346895,0.00803205647835858
115,50.5,29.011491975882,0.661470034433854,0.0595757013604936,0.5031649617676,0.0034904180258841,0.649350590419279,0.0546121926209546,0.512243819534389,0.0123372098924224,0.814841524373584,0.0930572198833001,0.520565714829421,0.0138316658740649,0.62909012440825,0.0469066187332366,0.505527915621622,0.00320873233804653,0.683940654605179,0.0694367584669365,0.513800374724597,0.0134430835747073,0.804501407548594,0.0842328076764935,0.510161030423279,0.00552058624547164
116,50.5,29.011491975882,0.662352732356744,0.0582518021013155,0.502981710216428,0.00337530194916058,0.649826807985225,0.054027372912572,0.510891147383375,0.0115751827253554,0.815563106886615,0.0935433219785216,0.521834826097503,0.0128602053210213,0.629829818270205,0.045611728244327,0.507464847415561,0.00541201900810719,0.68251457851043,0.0675427714408608,0.509848399870053,0.00730559284067098,0.805852840937757,0.0873207580582737,0.509849358566172,0.0055735055390836
117,50.5,29.011491975882,0.66284805303223,0.057028784130678,0.50228390633241,0.00235908096298852,0.650501121308556,0.0526053380086241,0.513407903885674,0.0121118695479804,0.814965885866838,0.0931733518920623,0.522569162851773,0.0147190738087176,0.630090585898481,0.0436114719558634,0.506691644659649,0.00398533966347305,0.684188884041121,0.0666714548629767,0.512459799751971,0.0105844829175577,0.802770330429492,0.0874467546791898,0.510467403673715,0.00664153623001328
118,50.5,29.011491975882,0.662281207592287,0.0558013539261017,0.50292434083723,0.00311910791548377,0.651503553799357,0.0511142661493309,0.512637176045235,0.0115291130382867,0.81793063887212,0.0910585435292323,0.520695789190529,0.0115491641267489,0.629848878327126,0.0427565840954979,0.507526858037518,0.00639188374477358,0.68429231500005,0.0652651165737188,0.51190748550269,0.00785191644627597,0.805604340505802,0.0871451745525306,0.509975170891475,0.00538314237722287
119,50.5,29.011491975882,0.661788009553255,0.0558822719161939,0.503330018529514,0.00419908430551642,0.652444497615474,0.0499716487520406,0.513293311511577,0.0110121173593952,0.819979046330207,0.0876786806078375,0.520925572799821,0.0108465910109248,0.629700133435305,0.0420896057669979,0.507685068951475,0.00517000415736688,0.684313797156542,0.0627535269287655,0.5119204409334,0.00912103736993228,0.806140676083255,0.0859198412757102,0.511023817069041,0.00695233261245554
120,50.5,29.011491975882,0.662226807543995,0.0565786245776541,0.503064709100972,0.00306068629533722,0.652828706776211,0.0481523259810165,0.51499995966713,0.0150975187973892,0.819461336222342,0.0889977248812787,0.520435025040454,0.011823808684742,0.630489858331435,0.0424510864752911,0.506357555554874,0.00468433082036632,0.685022347281151,0.0603704539215213,0.511915819018544,0.00928570468913641,0.807621907423704,0.0853429981835363,0.5118997338183,0.00726443972343494
121,50.5,29.011491975882,0.66258667244609,0.0572225558895853,0.501994483556878,0.00178370596727148,0.653488523506855,0.0473473547014929,0.514577621023806,0.0133198786782283,0.821865080444769,0.0863729418808873,0.5218453003559,0.0120975728885532,0.63043243663734,0.0433851948404435,0.507494812762063,0.00474119656632759,0.684462479707878,0.0586194274030073,0.510872188100025,0.00822752731153041,0.809299821085402,0.0858026604802736,0.511288298325676,0.00570615712802721
122,50.5,29.011491975882,0.663048460041562,0.0579833106727993,0.502255287602565,0.00229129167300552,0.653471948643287,0.0467874966229793,0.513186508098532,0.0128292395025496,0.820787183443815,0.0848487909128241,0.522728578431195,0.0131375105303855,0.630599562047652,0.0441398466143374,0.506116052087431,0.00434964983141451,0.685658775718534,0.0576034484679965,0.513102457678292,0.00979604397213769,0.808948195073357,0.0840365496033164,0.510990136596146,0.00555586288069709
123,50.5,29.011491975882,0.662348545455882,0.0574956453693739,0.504551430643377,0.00531251769902244,0.652250830260023,0.046032627657007,0.514308621524272,0.0125319119471179,0.824279939488203,0.0844209779984803,0.520861607063203,0.0104430173680396,0.630541147630913,0.0439684796372209,0.507255325712978,0.00537670477148952,0.684048131017966,0.0564563358322547,0.512242253902315,0.0102957634418678,0.810880196282384,0.0828057335183405,0.510360982280567,0.00497958218823878
124,50.5,29.011491975882,0.664896416034549,0.0568692759786964,0.502164117229789,0.00226350399314014,0.653157432780596,0.0460434016238418,0.51553296685792,0.0134387894751115,0.82479550327036,0.0811375250329898,0.522810498873138,0.0124431563935399,0.630994798949239,0.0437701078341332,0.507289152356171,0.0054983721305451,0.683778732487767,0.0568447769592648,0.512768874846007,0.010847901261462,0.812927863142779,0.0820135920418875,0.510190382360089,0.00442166690170138
125,50.5,29.011491975882,0.666413260907769,0.0554271144984022,0.502804508540745,0.0033441186499329,0.652661006390941,0.0467401532320279,0.514628685093714,0.0125024749390738,0.825159283272725,0.0777698419458766,0.523025583221112,0.0126667012683345,0.63150992399161,0.0433404869094385,0.50585676717219,0.00336469297937147,0.684460438877774,0.0580811371795791,0.514395491147837,0.0111224427988328,0.811830754452735,0.07999426176343,0.511549834451601,0.00661473614426517
126,50.5,29.011491975882,0.667182794642236,0.0538101453029725,0.502960363707993,0.00340644386016032,0.652569719079584,0.0468485224139993,0.514855960014227,0.0123181581264843,0.824327473470593,0.077431762462358,0.521761192140862,0.0119895646217069,0.631526049753648,0.0422704372306244,0.507044299722764,0.00471116753223673,0.683791264102923,0.058687022774356,0.512717935035676,0.0102151422519102,0.813187445652284,0.0803690901531917,0.510616804329545,0.00494997833291556
127,50.5,29.011491975882,0.668604737736161,0.0516128067816075,0.50204702518896,0.00205435555347871,0.65219736830392,0.0469508696476121,0.514067651309258,0.0117908108336157,0.825581199361693,0.0778754954164851,0.523006826361982,0.0134808110338038,0.633014409255967,0.0405406721521173,0.507678084535196,0.00526335771643959,0.682190305904806,0.05813397106174,0.511106898433398,0.00843058162552906,0.813573248034536,0.0800206158954604,0.512317311764777,0.00812302466018601
128,50.5,29.011491975882,0.669131804338111,0.0483981972954899,0.502480536647071,0.00292083543755832,0.65117510806082,0.0467701841596723,0.513775129324782,0.011517586551394,0.826607946266403,0.078235232699039,0.523126142128235,0.0125035847300199,0.633625801179784,0.0382807098591164,0.507002529039567,0.00428881112729907,0.682756520256358,0.057804189820491,0.511551139606797,0.0085912200907927,0.816418901738463,0.0792845906606106,0.51071011765954,0.00539253358444175
129,50.5,29.011491975882,0.67036359325561,0.0454525706767859,0.502261106710154,0.0023212104202703,0.650801023058424,0.0458551007137055,0.514424906088758,0.0121633047740992,0.826194866623459,0.0794195881704141,0.522014805557952,0.0119109132906321,0.633798331856344,0.0362105384559129,0.506338843732307,0.0042209152148331,0.682766716480421,0.0571402150530402,0.513153537010216,0.0115842195457641,0.816299580180154,0.0778512221040693,0.511036659336154,0.00661218059840453
130,50.5,29.011491975882,0.670925146677316,0.0431192358263117,0.502463959504799,0.00284093489510274,0.650603949838783,0.0458983001961306,0.513900412942508,0.0124519260236475,0.82130962871073,0.0815349917415558,0.522439696488201,0.0146248054809996,0.634031866730325,0.0340007172309672,0.507265608327964,0.00457482688485007,0.682966742199597,0.0582237675631769,0.512358688359111,0.0087620776987019,0.814189980350511,0.0784406031486993,0.510517376295132,0.00513055470801385
131,50.5,29.011491975882,0.672020243028971,0.0421169886786319,0.502245985125839,0.00246476500534711,0.651343589081235,0.0456944900239213,0.514398193352927,0.0126976714921976,0.818817314151001,0.0864632931137984,0.521036067234115,0.0113556758140512,0.634555048962377,0.032751761996939,0.506661768065227,0.00411613042947175,0.683038180776707,0.0586365241068581,0.514077719975514,0.0109157602488016,0.810705429579471,0.079779709111293,0.510511526345644,0.00585977042817365
132,50.5,29.011491975882,0.672388501005052,0.0415589559834348,0.50234052135782,0.00248172877573751,0.651324998870721,0.0454433836395426,0.513332908164931,0.0118181052689978,0.820290803724193,0.0915590016160593,0.520705542860598,0.00976032023386702,0.636419830102299,0.0321643681189164,0.507103850801025,0.00374284753219756,0.683039028079747,0.0583574793033084,0.513113037588934,0.0100414308501271,0.809758284164151,0.0830403306536611,0.51083209678265,0.00663067900497735
133,50.5,29.011491975882,0.673411913897237,0.0413822249203587,0.502253897194742,0.00266540556047203,0.651367314137226,0.0451370944390049,0.51248389305021,0.0110492923908865,0.818380178390143,0.0940966858849058,0.522509912828034,0.0115743477246037,0.637447679821949,0.0311351965938275,0.507272602356875,0.00497762317374696,0.683165198376351,0.0585242301813925,0.513982984193592,0.009322408885259,0.809325818624135,0.0863036151797246,0.510175328912973,0.00556338998325537
134,50.5,29.011491975882,0.673790505081336,0.0407111364132635,0.502137506286696,0.00217429477325273,0.651790860353361,0.0452085113844077,0.511799208076891,0.0101889430183721,0.81735734081166,0.0975593544419113,0.523684036637101,0.0152478748093054,0.637981124979296,0.0308899567042577,0.506895156331667,0.00516369052372018,0.683548938667054,0.0582563714143256,0.513549503753895,0.0107130821338935,0.808774906539768,0.0889799537966191,0.510577469392741,0.00670396735600171
135,50.5,29.011491975882,0.674041348329641,0.0395147074350955,0.502621433046599,0.00257352594856086,0.65129109586285,0.0449780094876897,0.510891105082176,0.0109331824985823,0.82142907795745,0.0977439038442532,0.521082127967072,0.00981657352364944,0.638493324091814,0.0308822000859419,0.506264739925986,0.00338884886004855,0.68480502553925,0.0585132393295753,0.514673960807922,0.0111896651184158,0.807258311473317,0.0885456977832014,0.510657053466086,0.00614232125203843
136,50.5,29.011491975882,0.675462610052865,0.0382630763243015,0.502237030625684,0.0023068490641748,0.651250367664092,0.0445251999466677,0.509709722291149,0.0102898946131169,0.821315675015978,0.0957522508531712,0.521081173227588,0.0109225049885875,0.6393238792032,0.0305001528803474,0.50779100485011,0.00432488817539314,0.683347393072459,0.0569980709032935,0.513345576101555,0.0118274887415983,0.80871066936379,0.0877386735100122,0.510684610345587,0.00587405936747512
137,50.5,29.011491975882,0.67532452017427,0.0380236834057563,0.50301968737751,0.00303755067328695,0.650671016427071,0.0439015841395707,0.511104720170611,0.0123059670005968,0.818563632060537,0.0925795508828557,0.521658179361338,0.0128426330788442,0.64080972006952,0.029962689944775,0.50649544229245,0.00358304113069146,0.683049088010004,0.0559990740874613,0.513150608334627,0.00964835621362775,0.811394074799221,0.0865955939982324,0.510809294976172,0.00607173575129601
138,50.5,29.011491975882,0.676204076545507,0.0377717512414601,0.503248209748772,0.00441873160658375,0.649861909348449,0.043838626849138,0.512330213779635,0.0118669862796091,0.820470775081727,0.0890170306571765,0.522482343457366,0.0147682582961598,0.641838738471346,0.0296739663341672,0.506149718179542,0.00397052151548201,0.682057724763644,0.0549681047709788,0.51340961332105,0.00985801010861868,0.81248182629056,0.0825461371435681,0.510321562610045,0.00548150159172577
139,50.5,29.011491975882,0.677001414079384,0.0372061648117171,0.502394286379815,0.0023710852289418,0.649271826166509,0.0433019135825556,0.512195691392452,0.0122269848711781,0.823878635471499,0.0844182032499713,0.521338291434563,0.0112474809815995,0.642360413060586,0.0293329540828948,0.505619743618996,0.00294994106863412,0.681419853299692,0.0550515335471203,0.514323981127779,0.0111657867523772,0.8116110007424,0.0771426157595293,0.51057837335565,0.00584057506028732
140,50.5,29.011491975882,0.677103625457849,0.0369328650869919,0.50259423819899,0.00268711928999628,0.648979593260555,0.0430917402647567,0.51125613539983,0.0122380932672048,0.826151352308885,0.0792492175585594,0.519015724883779,0.00923447169098893,0.642223834928856,0.0293639793752844,0.506730344886974,0.0045888391286588,0.680265165698285,0.0559361055378599,0.514761573255669,0.0114030694392811,0.811064426065403,0.0722520049345524,0.510705378679217,0.00684156455515733
141,50.5,29.011491975882,0.676527091149483,0.0364164455424814,0.50347664084208,0.00375018779734213,0.648599437461064,0.0433488174372584,0.510515307736546,0.0123803904233624,0.82661625675808,0.0764674293783848,0.518675029236581,0.00930291642952241,0.64239744344443,0.0290603515849875,0.507158497280011,0.00464293351025556,0.679138585899549,0.0560838047668982,0.513323030648559,0.0108620489916697,0.813748376624437,0.0689810940247065,0.510367901601745,0.00636605375196399
142,50.5,29.011491975882,0.675400690168824,0.0368840255177847,0.503029939077845,0.00317025088923416,0.648708293100875,0.0437015761400328,0.512125212237513,0.0140138299684392,0.827107533659779,0.075451284448584,0.517996668708395,0.00801771075921836,0.641723798254629,0.0302663545664991,0.506579508928257,0.00406208431230691,0.679579815048628,0.0558543214701669,0.514694114364827,0.0111253166184532,0.814067717971158,0.0669100385610429,0.510829392878125,0.0072794467561748
143,50.5,29.011491975882,0.672816966320017,0.039419318431018,0.503385081502268,0.0038837642252579,0.648670639207177,0.0439892293296862,0.512800685355296,0.0139730092674599,0.829584771429081,0.0706811735535062,0.517104880908135,0.00776253856431982,0.639794807369916,0.0331187088571211,0.508116574111355,0.00519567428159239,0.679409521481983,0.0557784748334855,0.515021555645671,0.0107927280523484,0.815250648632195,0.0627378937081422,0.509904170284795,0.00619413865458655
144,50.5,29.011491975882,0.67106896811844,0.0429482278726829,0.502154594976852,0.00254412081446198,0.650165031376271,0.0441390732210199,0.514545623647203,0.013699238983017,0.831819661970302,0.0686401539556833,0.518127445193606,0.00896458343884378,0.638471171300746,0.036037316530208,0.506416955831352,0.00351554835633476,0.68162172560431,0.0547503426489957,0.514749020537199,0.00886832199130488,0.817614027043229,0.0588873162866622,0.510507045199928,0.00643242893289825
145,50.5,29.011491975882,0.66933698024067,0.0463812943594664,0.502083063709688,0.00181993700541614,0.649847342793212,0.043558532181299,0.513540902877279,0.0127804491642065,0.831891339539981,0.0653057862337026,0.519337417287598,0.0128024197356578,0.636458554755715,0.0386044519680088,0.506124399521621,0.00339151247789178,0.683292022779398,0.0534082244175705,0.515700810324673,0.0111985712833117,0.818030677095507,0.0560666452549073,0.511008322714493,0.00615072201382006
146,50.5,29.011491975882,0.667786347583816,0.0489150960385074,0.50300965784711,0.00371970775239153,0.650252516173583,0.0425266387015585,0.513972091392322,0.0140028238260339,0.831543047564879,0.061291867921839,0.517991522538959,0.011402377938554,0.634918295553989,0.0402825137179166,0.507131966352307,0.00452948284441554,0.683337979403215,0.0518139605826809,0.514468015493199,0.0110592980634715,0.819738541429575,0.0528150593291763,0.510584425899321,0.00595451179996419
147,50.5,29.011491975882,0.667393029805867,0.0511535897426085,0.502217295749256,0.00161144303861253,0.650688387875873,0.0413818964709571,0.512267153810469,0.0127307453982119,0.835025522946836,0.0608083624282907,0.518302136399964,0.0103441223752761,0.634266025315435,0.0414101327961345,0.507270165559031,0.00442396860809031,0.683573340334555,0.0497499895726251,0.512357260810843,0.0081421637903866,0.822690869555008,0.0508139375819264,0.510681453118799,0.00628107479590895
148,50.5,29.011491975882,0.66657831761056,0.0534419336138149,0.50286293380622,0.00341657541628508,0.65087163851621,0.0402072072152366,0.511275234972028,0.0114571361247754,0.833169771166629,0.0584195289691668,0.519013721594777,0.0113946969828926,0.633342162725028,0.0425316900846384,0.506374692981593,0.00314169978750167,0.684426394022886,0.0486876180014073,0.513728361905232,0.00976186888866885,0.822921750194038,0.0496213929591651,0.51066327716165,0.00619139288325851
149,50.5,29.011491975882,0.667027121669446,0.0559187541089688,0.502262281227185,0.00180973596230119,0.652203750887576,0.039087997942465,0.511657751001256,0.011741214283086,0.835200078014291,0.0571875598255268,0.517240698895375,0.0087676462812102,0.632184990365546,0.0435816449476782,0.507345151470061,0.00466142860070242,0.68395082337498,0.04738705237682,0.513786109138693,0.00970410466989772,0.822858090433222,0.0482547721831167,0.511540043930927,0.00722962651111737
150,50.5,29.011491975882,0.666837076424273,0.0571472258010079,0.503434138030918,0.00354433362476135,0.652126923564949,0.0385873533786616,0.510731486700391,0.0108004370525054,0.834173690677241,0.0562333988831943,0.518252605674684,0.0120780683739332,0.632205822046928,0.0441101251380343,0.505883121455712,0.00336938178730693,0.685185745392995,0.046819666839528,0.513803156946522,0.00926458419546485,0.823616925943791,0.0473138124650908,0.511673605140818,0.00742275640254453
151,50.5,29.011491975882,0.667215067960111,0.0576167258324197,0.50402673957075,0.00403238272661395,0.651438042328258,0.0380911127695878,0.513480278474772,0.0138590061300377,0.833132030824525,0.0573749619410657,0.516005275757894,0.00859084100581988,0.63188634548512,0.0429061149905676,0.506417520058451,0.00411261944660746,0.684188030547359,0.0460574519175457,0.514345534970209,0.0112197188391669,0.821785532828084,0.047803215095103,0.511514468405668,0.0070028264185772
152,50.5,29.011491975882,0.668862791017351,0.0580493841746296,0.503041642998319,0.00303846837743671,0.650915271326974,0.0382149665395831,0.513252418343639,0.0110829279969808,0.83479320216067,0.0565202408614134,0.517743522596053,0.0104411039743901,0.631746598979426,0.0428783483633014,0.507260699457528,0.00451076184257577,0.68239935565062,0.0460426665657458,0.514951887615392,0.0120069997547329,0.823091353701782,0.0501798031120028,0.511112499518997,0.00643963471122007
153,50.5,29.011491975882,0.669198153811271,0.0574963308552066,0.502804605369798,0.00307984309311003,0.650321068405564,0.0382990844339032,0.512697442962716,0.0114643107272207,0.834125783935359,0.0561915015602183,0.517156733871619,0.0112285657092328,0.63308599254768,0.0429469620355322,0.507344393398999,0.00452116264303454,0.68100476575063,0.04564610263475,0.512610028956533,0.00815029779003632,0.825381730147193,0.0503349655305711,0.51096575689518,0.00610201590431323
154,50.5,29.011491975882,0.668928528134631,0.0581611403553948,0.502702812779498,0.00262079346431341,0.65033460690595,0.0386855520047211,0.511830985294883,0.0104870021265621,0.832758291036159,0.0610271684108061,0.518119006411584,0.0121692603094733,0.63268590131947,0.0433215164724316,0.506664146148253,0.00353259084029394,0.68077588242158,0.0467838892872404,0.513104800792282,0.00876203398537326,0.824355703228208,0.0506195294109226,0.511005660788001,0.00608715988952565
155,50.5,29.011491975882,0.668456933724545,0.0580123251903071,0.502444449755968,0.00214473471742632,0.649905015074399,0.0399222711645215,0.512161074055717,0.0115079913716552,0.831288115311604,0.0606302391589134,0.518378895428351,0.0123136777663222,0.63228420085458,0.04345724186036,0.507219672636559,0.00386067824583935,0.679281452177984,0.0480128759099639,0.512641481009479,0.00790209005774582,0.822849725696683,0.0536838337872016,0.51058930746571,0.00564236266363335
156,50.5,29.011491975882,0.667738241927302,0.0575375420471535,0.502618627356791,0.00261966904079308,0.648855407936713,0.0422184865541013,0.51253575860662,0.0112798231601697,0.828590104218835,0.0624154634586176,0.517447952365043,0.0117773171624354,0.63116180629089,0.0435730481962789,0.506394838984762,0.00310442583913959,0.679724381111951,0.0514225292872979,0.515676472871988,0.00935988493674225,0.81750206450523,0.053961379676783,0.509963940561455,0.00523178662400614
157,50.5,29.011491975882,0.666347129917687,0.0566695919293816,0.504282246966288,0.00405136585175522,0.648103297885593,0.0437899506659545,0.510880825991308,0.0102621264552315,0.825924740156038,0.0671277709621857,0.51827398042768,0.0100510501609326,0.630684822008818,0.0430471781796232,0.509139447542735,0.005620133012963,0.677218215611699,0.0523939704104005,0.513334841387032,0.00877153075235116,0.818461623323927,0.0589873426206458,0.51022657246436,0.00586742772567746
158,50.5,29.011491975882,0.66567372513445,0.0560925434363341,0.504754034520497,0.00472096132693947,0.647585953198813,0.044038948974073,0.51168464962575,0.0119382280934203,0.824544884707864,0.068031772236245,0.518662950788345,0.010741147349447,0.632330746568504,0.0429349686069134,0.507081246291451,0.00337341944258469,0.677738200833942,0.054118606447881,0.512669295991366,0.0079874400929269,0.817820111617684,0.0615790757471171,0.511251650772366,0.00746229405213459
159,50.5,29.011491975882,0.665977465656774,0.0556602434622747,0.503560815493382,0.00320408942851808,0.648914647878615,0.044234965378931,0.512863563469142,0.013926320892369,0.820890090074452,0.0712577354828623,0.520910731401361,0.0124094946599279,0.632094788558992,0.0427727554365176,0.507851495947998,0.00421203319877788,0.677110830045406,0.0546589462507899,0.512032247701601,0.00710579776466344,0.814522742919342,0.0668118148514316,0.511549873350012,0.00766990180773947
160,50.5,29.011491975882,0.666546256123115,0.0561866051562635,0.50251076967915,0.00230267649049573,0.649617277891817,0.0447007309884667,0.514548158542359,0.0145141301402915,0.817057962449136,0.0760947834907486,0.521731317684066,0.0138847808730161,0.632215862778228,0.0431796150813768,0.507318626988416,0.00441794277813359,0.677812114144059,0.0559181850062686,0.511137500235022,0.00657772193226318,0.813978376924688,0.0730476975719617,0.51137436982474,0.0075831447967703
161,50.5,29.011491975882,0.665649808730708,0.0559798047502046,0.502536063059273,0.00297958844121445,0.649924398489916,0.0446876839364572,0.513917522467895,0.0141653083124889,0.819288622062127,0.0804182328761497,0.519965449411645,0.0111460015357726,0.631589126008463,0.0432531467836281,0.506533173606529,0.00304475750114879,0.678630365862613,0.0563201144964264,0.51176348597964,0.00770889972289234,0.8123838571181,0.0792032730684991,0.511359318609137,0.00717075605851647
162,50.5,29.011491975882,0.664851820063016,0.0557063807307404,0.502618547515834,0.00260320109214561,0.649803122533434,0.0445783577825443,0.513091307519528,0.0137382926753425,0.815870972169828,0.0853089556098469,0.519530479720943,0.0103098000293249,0.631047883663038,0.0435208484313515,0.505857009506678,0.00268402589228832,0.679339254233956,0.0564071614107992,0.510573098806188,0.00694494779676263,0.810246789902385,0.0844077560478238,0.512066653595689,0.00851560662796313
163,50.5,29.011491975882,0.662961576229521,0.0556523421242889,0.503108004644472,0.00319195297102264,0.650431044743249,0.0448791696585183,0.513664509119109,0.0136681095367593,0.813616175806814,0.0905603554501713,0.518598554825406,0.00979916758863246,0.628422155030258,0.0432375173400045,0.506737102411932,0.00513236754463922,0.679186271893008,0.0559587161196426,0.512676742679697,0.010368787101831,0.806950551680449,0.0879619067444763,0.511010868419944,0.00669506276171782
164,50.5,29.011491975882,0.661339605477308,0.0565625373703212,0.50281122552083,0.00321475945541009,0.650832676337135,0.0452126420295153,0.512906914948706,0.012672501052501,0.81153367545158,0.093299308927763,0.519395524350188,0.0117141668346416,0.627373861115356,0.0441778417384668,0.507196512494351,0.00421332622174326,0.67931898339586,0.0560642600011635,0.511516104262641,0.00914389497358198,0.805207948213319,0.0914123800547798,0.511404499086213,0.00770699212457476
165,50.5,29.011491975882,0.659897182485123,0.0582308153959236,0.503937035505031,0.00495693437970979,0.650473985744107,0.0453712623048966,0.513310485654864,0.0128902927824969,0.809788732486989,0.0961431195892453,0.518752948591064,0.0112166167199906,0.626445802334707,0.0456399388580194,0.507018218034635,0.00475773485147517,0.680113595604204,0.0573399733236579,0.511523173101167,0.0080778626838496,0.803395815875276,0.0947161403781389,0.511920985364859,0.00726959006709544
166,50.5,29.011491975882,0.660022497266812,0.0605127290813707,0.503322240705416,0.00418344585772051,0.651303163515305,0.0456632555235922,0.513740422205372,0.0124566712675605,0.803453808811801,0.0975064668530886,0.522131077623123,0.0156085490196023,0.625305424540863,0.0469962462900321,0.508188607540959,0.00638775175804325,0.680201310629203,0.0575230033695594,0.511581008142809,0.00934926337778063,0.802010785607589,0.097443103083375,0.51110650930158,0.00673339672388261
167,50.5,29.011491975882,0.660293608622955,0.0620952618857681,0.502882959971932,0.00294241327111224,0.65160778734961,0.0456570307784446,0.513519903684366,0.0125129256485296,0.804826008800944,0.0981485880852603,0.521984062578463,0.0151678498413957,0.62597529016671,0.0490154150837736,0.50796472302614,0.00535515669705275,0.680502206962752,0.0563998600472306,0.5111289042403,0.00760417390654135,0.803695151039916,0.0976801559207736,0.511251452311775,0.00757341020916505
168,50.5,29.011491975882,0.661110495287726,0.0619009666746594,0.502381982109577,0.00220644088554503,0.652157963905958,0.0462148965603307,0.515243818012632,0.0128526248624472,0.803188261951371,0.098793582159545,0.520812130301401,0.0136798615731246,0.626134878075565,0.0491895635575667,0.506417526794735,0.00384503603190824,0.682008418529904,0.056443538464816,0.512851642060722,0.00954689007610467,0.802634699017556,0.0954330759106547,0.511010349232056,0.0071116459563509
169,50.5,29.011491975882,0.661802841125463,0.0611589175360615,0.502463779543411,0.0025871363842171,0.651165567832898,0.0460692024967077,0.514141209297061,0.011768365133072,0.803078745374157,0.098310761905309,0.52104517826685,0.0133847181628515,0.626396865920564,0.0493794685767324,0.506707780180387,0.00437941781233701,0.681449312962734,0.0555363180748539,0.512687371707887,0.0105958401425096,0.802725048978671,0.0936376641134355,0.510754816487805,0.00695665421963251
170,50.5,29.011491975882,0.662419707825275,0.0603721354825691,0.502413179246626,0.0022416787791528,0.650349774403696,0.0462734905839871,0.513123407261908,0.0109811491113146,0.803486434706328,0.0984667945351975,0.521572062874146,0.0124923853251465,0.626283267656713,0.0485110149235982,0.507833879899169,0.00656457732518034,0.679530321029379,0.0565789374970734,0.512975886041246,0.0090014362256224,0.802935337961362,0.0911373540892448,0.510305770540044,0.00644404746464854
171,50.5,29.011491975882,0.663419473948579,0.0592260746044599,0.501853835307052,0.00114555924568773,0.650005520434434,0.047170051414641,0.512549361956175,0.0100920324804811,0.804975184445477,0.0970599426939091,0.522264127032448,0.0116653342007063,0.62817729632668,0.0477981820612486,0.506866685842973,0.00394835529081591,0.678663488163371,0.0570645723457508,0.511647815088584,0.0082716842424812,0.805218887630674,0.0913810435950493,0.509964569277801,0.0064914182607566
172,50.5,29.011491975882,0.664829073619184,0.0571600528592501,0.502388162442568,0.00239662558728236,0.648869631263693,0.0482746079532748,0.512122234671963,0.00943277194289735,0.806486729886889,0.0952173949741297,0.522619552279822,0.0128115148218987,0.628368562775752,0.0465385263935554,0.507659569795696,0.00554480233731465,0.677814190331131,0.0579961485192792,0.511484875498766,0.007224680281271,0.806726999853602,0.0912611564555385,0.50987591528702,0.0067893665443296
173,50.5,29.011491975882,0.666017986684818,0.0551537627697179,0.503301833336685,0.00416231639531573,0.647569589743597,0.0488167167385007,0.511197033174276,0.0100493594447375,0.809441527575042,0.0931146355296201,0.52186256485078,0.012239572627406,0.629383312665758,0.0445210467517885,0.507157021886786,0.00477946040045975,0.67834632377019,0.0598570887263368,0.513367442354,0.00943403543682809,0.806329599460073,0.0887169369812118,0.509793609765092,0.00633967493819287
174,50.5,29.011491975882,0.667637483777087,0.0525932673619112,0.502833543216951,0.00314467872320891,0.648215549498912,0.0503252727305121,0.512311205078942,0.00945498956208221,0.810745324435061,0.0890739791424618,0.523262490953787,0.0130766611854661,0.630955339290193,0.0419347691149782,0.507652389372263,0.00576787511840672,0.678414751002032,0.0612978724129632,0.512194472299213,0.0104593158124089,0.809195501711961,0.086633985015992,0.50985909653408,0.00619964235568946
175,50.5,29.011491975882,0.669063359042333,0.0492454145629464,0.502743223431548,0.00253895323484829,0.648198507490981,0.0516306891099681,0.512839228512338,0.0103910036685176,0.810657815302249,0.0865272033733514,0.522863654576561,0.0128023055438834,0.63268259827343,0.0396804787114968,0.506623711000185,0.00386862836324753,0.679111145510471,0.0624963396207968,0.51190829925783,0.00836030755190316,0.808511723460659,0.084357601919172,0.510120072133947,0.00638801800748965
176,50.5,29.011491975882,0.670509712222506,0.0460653818305022,0.503055805552078,0.00333411472995829,0.648101169365563,0.051349365159695,0.512921052326714,0.0108872594055552,0.810369557619232,0.0865331815359172,0.52183015175396,0.0106554029743426,0.633401307763526,0.0366558428726975,0.506752180177029,0.00476830357078673,0.679390397946687,0.0633701090792365,0.513008942912125,0.0112325118418097,0.806546866861127,0.0829230745954386,0.509980501943241,0.00627433281855369
177,50.5,29.011491975882,0.672515741082,0.043366558464742,0.502401668528241,0.00219153874493824,0.64831293217639,0.0515920239780907,0.513075559038988,0.0100563559981306,0.807361346594231,0.0888887447199934,0.523662777832166,0.0124769563907986,0.634047663395905,0.034095572565372,0.507472826243883,0.00467620895524585,0.679774994976365,0.0629025182663062,0.512653534035321,0.0101236922729306,0.807671183617167,0.0846393002502481,0.510060051632808,0.00684207690580523
178,50.5,29.011491975882,0.672983465332528,0.0399343570652703,0.503088416998598,0.00329863980211288,0.64800576681343,0.0512922545628805,0.512018203027037,0.0105830462265694,0.807364305927262,0.0900504529038243,0.521665575110112,0.0103545117603426,0.635182086961984,0.031948026479495,0.506921739798489,0.00510082312287326,0.680245767583603,0.062808891654527,0.513948775239125,0.0088138715090161,0.806510981725023,0.0844072373078056,0.510410922269603,0.00767723689003387
179,50.5,29.011491975882,0.67427741572169,0.0380657019539379,0.502634397979517,0.00351129197326042,0.648129424130717,0.0518450533963792,0.513160028705607,0.0105581194984447,0.805936114684119,0.0892915117865865,0.522995385807417,0.0128206531573678,0.636052849260145,0.0298812286531805,0.505898840334459,0.00405586873240275,0.680648433145617,0.0636517942383571,0.514841774583833,0.0100683484562497,0.806516788066521,0.0843870078610524,0.510559193434397,0.00711346674403696
180,50.5,29.011491975882,0.674938073164496,0.0361531648231374,0.5029264039683,0.00327833626803525,0.647435600809248,0.0525715865218252,0.512857958549221,0.00950338680389656,0.806793943027505,0.0893957025523178,0.521990425653572,0.0115730344665879,0.635894968149581,0.0288974890416606,0.506661415430452,0.00437232138816205,0.680253364892218,0.0643236419802665,0.514925195645389,0.00972797041826368,0.807210688826963,0.0834334654323566,0.509142176530813,0.00582023082201765
181,50.5,29.011491975882,0.676543296771101,0.034445694361728,0.502206724871638,0.00207292791025643,0.646865770966657,0.0527950563005264,0.512842717458395,0.0101955244883901,0.807743687866545,0.0898586282821873,0.523068590361223,0.0129770346172634,0.637228458414242,0.0278047743614881,0.506905547830627,0.0041267080408875,0.679451437355295,0.0647376367842302,0.513549615510348,0.0084819035753687,0.809559528210813,0.0831400408549215,0.509992699635879,0.00632464088269509
182,50.5,29.011491975882,0.677409553951808,0.0334960302531221,0.502758692319305,0.00288144423854711,0.646392685949708,0.0525126620526457,0.511633376244918,0.0098517724429895,0.806341887552399,0.089894902560593,0.524685657125638,0.0141572074681629,0.637716800453795,0.0279238840561384,0.507220392794177,0.00396224372755973,0.678588662680588,0.0646305767421369,0.511826608879955,0.00704704309509703,0.811043526693802,0.0828444515174728,0.510092539735398,0.00653723152708368
183,50.5,29.011491975882,0.677168139409714,0.0331457705292383,0.502719285613112,0.00305371223961079,0.646439774834265,0.0524447928994993,0.511929423498839,0.0101233103668865,0.807457219388276,0.09177165598111,0.522476797158062,0.0133894439918018,0.637749526988537,0.0282755883900171,0.507080282699924,0.00428185885594812,0.678357873380632,0.0638943177720317,0.513834763247801,0.00846555648057336,0.810748178235397,0.0831937106017073,0.509816200375924,0.0060213631607305
184,50.5,29.011491975882,0.677111117949898,0.0336579336315001,0.5028135952708,0.00330654976815188,0.645953984030158,0.0520952075181527,0.511315061003857,0.00996321246612835,0.807313014918893,0.0915497649440728,0.523551566895867,0.0164382918541469,0.638962237636644,0.0291023141845512,0.506839440410673,0.00376112463310511,0.67814306591049,0.063001347528254,0.512538842730154,0.00799302577181245,0.810271280519053,0.0841995927227575,0.510968137969091,0.00710774448158968
185,50.5,29.011491975882,0.677173131207124,0.0350019770768872,0.502789486458872,0.00331599756543778,0.646302884350764,0.0514876098859857,0.512876211905577,0.0125583830130832,0.805262585082316,0.0931295725372589,0.521725320403043,0.0147501422508462,0.638813981950709,0.0302805310820058,0.507244901648533,0.0047147208443925,0.678342146355824,0.0624347349476748,0.513271362267332,0.00831073675466717,0.810284736727812,0.0846910658413564,0.510101758206651,0.0058621342913489
186,50.5,29.011491975882,0.675808285537429,0.0368037127132975,0.503756603751001,0.00471016465699423,0.645612589356422,0.0501438029088145,0.513372314870157,0.012909122529367,0.80442691308769,0.0936892413839302,0.523198478063115,0.0149895221088724,0.638489696701848,0.0311533416191284,0.506973530015239,0.00414781710900553,0.678529672312529,0.0611712225244347,0.513388655121131,0.0086474670630433,0.810087126450915,0.0841166416589315,0.509734444384159,0.00554415829518605
187,50.5,29.011491975882,0.676508500806858,0.0390213939538914,0.50200863058238,0.00199129843418178,0.646787773585367,0.0495961321127485,0.51437546950901,0.0119033947187762,0.802596976423646,0.0946820323730072,0.524381188112401,0.0160912275794989,0.638309689527609,0.0325223477219202,0.505884119480144,0.00348913105616905,0.679816630873614,0.0602382679937656,0.513951322187564,0.00960607503466481,0.808366445334722,0.083492411904688,0.509769519523666,0.00553679098744213
188,50.5,29.011491975882,0.676063522518305,0.0406546298571929,0.502761075297502,0.00343919026156763,0.64688561612993,0.0478548179392834,0.512162320227611,0.00996748131432536,0.803699494366889,0.09399912041455,0.524874261414245,0.0157791470236309,0.638290138341583,0.0334208963571977,0.505794735423797,0.00344268745396585,0.680713751492354,0.0575343264278935,0.514205133823823,0.010692583760651,0.807541592939622,0.0832704662192707,0.509244186732089,0.00478412401022233
189,50.5,29.011491975882,0.675015448332553,0.0412684145600526,0.503204167082605,0.0037218780232735,0.646834315619485,0.0459820016485522,0.512448451692675,0.0109289492798469,0.801237616098471,0.0945682387010385,0.528501207673108,0.0173500331625377,0.637234944333204,0.0336239054700648,0.508908923838182,0.00510944660997129,0.67978232031676,0.0544768464619649,0.511910296532594,0.0084470166647465,0.806767266010648,0.0832679419195892,0.51082604882089,0.00651239103637209
190,50.5,29.011491975882,0.674125562495693,0.041067871827155,0.502702052750993,0.00289971073261838,0.647080884858685,0.0440576588210774,0.512281856035949,0.0118848029548368,0.80461370219284,0.0969656590599118,0.524812646765403,0.0166011169736936,0.63731773358031,0.0343357027542694,0.506743888298239,0.00533860945284859,0.681171278825727,0.0511700462343748,0.514148933501247,0.0101787860063952,0.806818715591601,0.0852613806581675,0.509749066909122,0.00630938047706851
191,50.5,29.011491975882,0.672567009017112,0.0410360415690501,0.503596539108124,0.00371081824503715,0.646278061868506,0.0418354825348389,0.513332399929756,0.01247525509603,0.803571916442168,0.0997875606452708,0.523464219005688,0.0157864361850945,0.636405934483365,0.0352775103845972,0.507233994876849,0.00409890662815831,0.680357400848856,0.0491324788210357,0.514381099994895,0.00909622708128615,0.806731028423622,0.0881369156727095,0.509433965404498,0.00537772033181494
192,50.5,29.011491975882,0.672124224064064,0.0415099967455832,0.502470912627258,0.00278576385220855,0.646550474629114,0.0410246432825368,0.513155135815205,0.0109338547100226,0.80354738033471,0.102731233033582,0.525752055500315,0.0158775435081364,0.636123499126768,0.0358414270805305,0.506163683569534,0.00415701885794029,0.680705479785287,0.0488784295536319,0.515131140355336,0.0102584200019163,0.804629229449188,0.0909389430178866,0.510107565401036,0.00635387208202712
193,50.5,29.011491975882,0.670722795151722,0.042345776222185,0.502008404907406,0.00199878369868415,0.646898327148871,0.0411684350852421,0.513247611476331,0.0120370999080534,0.802621247435804,0.10476789494454,0.525276080112,0.0150596353056694,0.635142538626477,0.0362668331945965,0.508801322828113,0.00631571749538188,0.679006159642712,0.0489181990527335,0.512387477839632,0.00830366269940249,0.806490713374528,0.0941465326058804,0.50920550805289,0.0053421825285505
194,50.5,29.011491975882,0.668745215752172,0.0429238535498041,0.502197618160216,0.00248774922543762,0.64732214689653,0.0410111319317396,0.512216773909146,0.0111630534908856,0.803068024336189,0.10441244121172,0.524448148724884,0.0147428621944202,0.634073326678001,0.0365511800071953,0.506889621220688,0.00352803643207784,0.681424471211362,0.0494678000560675,0.514720410788232,0.0106069362739212,0.805258656003525,0.0970234147755215,0.509253149403065,0.00525058959399491
195,50.5,29.011491975882,0.667182218642411,0.0445569191626812,0.50253015358513,0.00281779125314141,0.647057306823411,0.040856249460306,0.513093793611614,0.0118532470654625,0.800690857152319,0.105052520798347,0.525118603037347,0.0147422999497559,0.632915184370462,0.0372475142470332,0.506986001719517,0.00481890913088915,0.681494773082643,0.0489418726768479,0.512980259487699,0.00938913012436815,0.804072566966261,0.0982136991523184,0.509976352527479,0.007022482554819
196,50.5,29.011491975882,0.666474331964674,0.0458839133171659,0.502196476726677,0.00205948012103817,0.647732518724703,0.0410641806672585,0.513856793481893,0.0115492868614979,0.799675227871685,0.104178977465201,0.522864963302001,0.0124894760218898,0.631372992734989,0.0379356408671689,0.507356322321953,0.00472122976949435,0.68184294943881,0.0485497343226053,0.513274833031523,0.00930407763407778,0.805207491050826,0.0986637885785383,0.508525032784811,0.00472270032312821
197,50.5,29.011491975882,0.66654759608373,0.0465648207477985,0.502306136705949,0.00234566450047002,0.647893134498947,0.0409737974833299,0.513276023868612,0.0128931490459738,0.797615410368692,0.103695627288237,0.524940889097841,0.0138509479555464,0.631366626246361,0.0385952335500135,0.506869666902956,0.00432565622817549,0.682589703259484,0.0480673424755267,0.514232885245718,0.0115802475424922,0.802933441244113,0.0984260991960117,0.508868612577914,0.00487616223150073
198,50.5,29.011491975882,0.666668194403651,0.0462333783329611,0.50302157302716,0.00408330697000313,0.648003002286567,0.040072532313625,0.512178404358636,0.0103812447488167,0.795369698806889,0.104783730649085,0.524381481082127,0.0134675901999355,0.631176002643775,0.0380800111814289,0.506307148087373,0.00363442776255816,0.68359562893121,0.047425755332428,0.515027310060212,0.011322512550788,0.800818408320912,0.0980505549465476,0.508288569124514,0.00445968075862671
199,50.5,29.011491975882,0.666606370492264,0.0460245288424804,0.50206716926375,0.00210093849175278,0.648451875757843,0.0394244420637559,0.512453914955934,0.0108209250260873,0.794021334705328,0.106994506401241,0.523440834147166,0.0141089601504523,0.631439909120776,0.0379868596330192,0.507127081612428,0.00532230711000354,0.683795994119803,0.0456225110657319,0.51312697185494,0.00901605648656658,0.800306994146816,0.0997270221418287,0.508447716193365,0.00484884385699461
200,50.5,29.011491975882,0.666867936987694,0.0463987633135911,0.502559889444482,0.00273649724840631,0.648012962395807,0.038840153662695,0.512715908286036,0.0106176786230389,0.793384502601083,0.110316558060556,0.522496099128416,0.013078184205405,0.631243093440575,0.0378387980371672,0.506198987378742,0.00376066135504663,0.683981256402257,0.0459604921193017,0.514277294686313,0.010404053421754,0.798357665230566,0.100641305748071,0.509091843879185,0.00523434775022403
201,50.5,29.011491975882,0.666542740332796,0.0475534113186042,0.50240751525257,0.00230971290512068,0.645874883897712,0.0388914307657729,0.513909565088041,0.0119688280455043,0.78447791774758,0.107147805499388,0.52234013028454,0.0130985693637029,0.631579883440231,0.0377982914360488,0.506143996587249,0.00414374821059777,0.681793002535959,0.0468972782936412,0.512429743179081,0.00778963921781138,0.792066019083276,0.100656773395007,0.508292413185414,0.00486125651931518
202,50.5,29.011491975882,0.665958088650355,0.0487731970937788,0.502084363900561,0.00233819629632327,0.644732357641056,0.0395634864153506,0.511317171820917,0.0127851969395195,0.786321527887731,0.10595845016037,0.520291249286068,0.0120296389448562,0.630867904107166,0.0380683565682427,0.506311333560162,0.00472857662419712,0.67955904073584,0.0485096959941803,0.512687889256186,0.00858505958287191,0.792548904596566,0.0994774730173898,0.508463188949994,0.00620941165008091
203,50.5,29.011491975882,0.665993934806439,0.0498139727645662,0.502527472391681,0.0034652640146129,0.64311582700665,0.0401296255407117,0.509918920620707,0.0121092383098282,0.786160815685822,0.103388925096263,0.52074070945224,0.0151499543379977,0.630596636084822,0.0380479015213286,0.506168973674532,0.0056097481633738,0.678580937645052,0.0502609651001968,0.513580339105643,0.00970266687872094,0.791878926832207,0.0976866851396441,0.507478151121783,0.00576098604373028
204,50.5,29.011491975882,0.666765876069749,0.0508925481390177,0.501692786799697,0.00219609474954247,0.6418141043233,0.041551301240357,0.511079624173363,0.0126512061561576,0.787474352537216,0.100204392014725,0.519786283954477,0.0140318920049175,0.630654995690101,0.0385699267373183,0.505767364328345,0.00420569464788252,0.677199456529957,0.052417714684464,0.513170476272166,0.00966397816491778,0.794917702825119,0.0957747152746644,0.506415044378778,0.00508869729395414
205,50.5,29.011491975882,0.66708833161387,0.0507617590376184,0.501337077957448,0.00177928163461988,0.640319304848018,0.0426984251377478,0.511128271591385,0.0121102973535266,0.78758826151735,0.0960172382043391,0.518810229040362,0.0151625403996441,0.630129171667043,0.0381731341877949,0.505551845954434,0.00465224184698217,0.675629310462787,0.0542446279399244,0.514232451611407,0.0105754992531651,0.794000808657146,0.0921817663083721,0.505435608028888,0.00498822562843981
206,50.5,29.011491975882,0.665705842826107,0.0509904655226966,0.501668514146857,0.00206400945385228,0.637743447627472,0.0441026661491907,0.511008020382949,0.0117601124990355,0.791012448672451,0.0913539220156968,0.518074148063025,0.0111685092883858,0.629649908977686,0.0383163947257556,0.506862066705054,0.0059812277392291,0.671996206014824,0.0570783663970318,0.510928229876954,0.00768620528110593,0.799244753563398,0.0854418967716736,0.505152099540674,0.00467316422289129
207,50.5,29.011491975882,0.665381695062461,0.0510306222758802,0.502366567948227,0.0044591502830639,0.635653785073087,0.0457632340273787,0.510835483531374,0.0115291990429221,0.79306701219142,0.0871568477645467,0.515357007459347,0.0092028005337952,0.630183384609989,0.038945538944945,0.505207571073896,0.0043823002719379,0.670721601736199,0.0602817024865953,0.513696441633158,0.0107353622408383,0.800410384969016,0.0800249987470134,0.504975233689075,0.00443454653089545
208,50.5,29.011491975882,0.666109706924521,0.0512978950684831,0.501823452642976,0.00244494742936043,0.634185761563702,0.0480836269271595,0.51076290799978,0.01157437482957,0.795651472112262,0.0817146243779246,0.514487047835084,0.0158527954150377,0.630119288433441,0.0384948310127715,0.50531317587623,0.00477610178591224,0.669273472828922,0.0631960845542868,0.51303585452045,0.00905462683635092,0.801705258701508,0.0750033028648912,0.504938106766321,0.00448734895093544
209,50.5,29.011491975882,0.666346824002592,0.0510276525271392,0.501265227804933,0.00204474365613375,0.63367519214917,0.05031099142998,0.510836701406839,0.0110702078225602,0.798716841817215,0.0749024357710595,0.51168017024009,0.011601715217746,0.630174262373055,0.0384466716557924,0.505253751833308,0.00407856135802716,0.667661382026078,0.0659943572315164,0.513209371064077,0.00978881252984043,0.802629691929567,0.0701113328349495,0.504919301470886,0.00427633119929277
210,50.5,29.011491975882,0.666335879640096,0.0499726841643031,0.502280946738369,0.00335636234046363,0.631825601210551,0.0518128152370246,0.510765135791038,0.0114220774191791,0.798159887327863,0.0729004788463659,0.513394891481122,0.0136236425095591,0.630329349594878,0.0379628327241648,0.505535731083325,0.00369986191068395,0.66689259571136,0.0682622240988158,0.514699081467185,0.0100008483992249,0.803856922436312,0.0670749854892504,0.504994054325035,0.00418862359666758
211,50.5,29.011491975882,0.666841676644205,0.0496053900141353,0.501252552020089,0.00260934273088133,0.631424965813303,0.0527412877640286,0.51380183602444,0.0130136150832696,0.802381182753905,0.0683661251364755,0.51260785964986,0.013292818752889,0.631308471233006,0.038610628609678,0.504551021367134,0.00390040592982743,0.667164330168076,0.0691409020694209,0.514385067839979,0.00899558947201263,0.805979327123656,0.0630917252207115,0.504571670470138,0.00406918286658255
212,50.5,29.011491975882,0.667916478141633,0.0497068460895363,0.501522842880159,0.00292077997196627,0.6317811048803,0.0529195600586057,0.51361583217167,0.0124734465495688,0.800845677759066,0.0677014520419993,0.513292262316936,0.0157696119542549,0.631038658257466,0.0390056412379291,0.505576930675431,0.00519945589316539,0.666354699130779,0.0696398600485317,0.51308691513294,0.00804592660810346,0.807227485764255,0.0597522276582527,0.505021771045074,0.00351740049184022
213,50.5,29.011491975882,0.668486612355851,0.0498232014580124,0.501768245975514,0.00361458817204537,0.631931764436589,0.0520236062454764,0.513674987663249,0.0119770138123088,0.802447135210128,0.068412676892315,0.510628214173568,0.0106055427540137,0.630826584116945,0.0394331556452766,0.504800966633823,0.00429669052715154,0.667182701374474,0.0693754258522558,0.516152529027881,0.0111574875458427,0.80154040126379,0.0592112878587181,0.504544089843553,0.00432246832834042
214,50.5,29.011491975882,0.667870063439727,0.0504391801224979,0.502173078446908,0.00362492916619036,0.632016666214993,0.0513163808213932,0.514559896116929,0.0114499867237032,0.798396344096034,0.0737499600715369,0.510336960159799,0.00979001518393736,0.630713562564813,0.0401662517644222,0.505935280714579,0.00431616061881194,0.666589250718483,0.0676269243667909,0.512982532993023,0.00881641697168049,0.80113350226534,0.0630541733857402,0.504753237746103,0.0045583822530326
215,50.5,29.011491975882,0.668411890422311,0.0514082885642648,0.502067562252458,0.00399474783449994,0.633148684539027,0.0503770876719736,0.51430403094792,0.0124822583691895,0.793038546679929,0.0821047549636346,0.511531408653458,0.0132145188649784,0.630852799728937,0.0414269814266484,0.5049839528138,0.00457117303580359,0.668795705946698,0.0668031197915179,0.515148316992587,0.0102009642272181,0.796037136874119,0.0691438697773006,0.504938345291148,0.00648671299081601
216,50.5,29.011491975882,0.668691694608066,0.0519009211256044,0.501842189224615,0.00337294113195037,0.635055867938774,0.0480122716283382,0.513775515914197,0.0128248877280187,0.794263713727576,0.0849463040899263,0.50776393211581,0.0104989214021065,0.63154364592271,0.042468226254154,0.5048293615165,0.00427149905641737,0.669532003115897,0.0641339648511195,0.513254368400168,0.00772119118887685,0.79684229467022,0.0758541773102143,0.504216231605921,0.00443502131755447
217,50.5,29.011491975882,0.668360989322321,0.0531347538398614,0.50093582745372,0.00207466731781636,0.636651081759476,0.0451730207665629,0.51573568897624,0.0132503809134223,0.794337885159891,0.0901655680627713,0.506090637437534,0.0106020335220441,0.631811412554321,0.0431248524837862,0.504384880033007,0.00370080907511166,0.67052461258484,0.0607330352792108,0.512673644692263,0.00866636391063086,0.793373631962017,0.0796150569833703,0.503883951653936,0.00492384503925585
218,50.5,29.011491975882,0.667135760555747,0.053618357228536,0.501506712981132,0.00266106010131529,0.637319952264526,0.0427553646999132,0.514914348988558,0.0119400481612778,0.795381485332116,0.0929790783894635,0.50615583063757,0.0103423937547979,0.631373177213938,0.0438919623932193,0.50529410065333,0.00475882016359739,0.670741835111035,0.058508235286362,0.513672196297514,0.0106019500391332,0.791403982622862,0.0816985301532256,0.5035471931679,0.00467096956945745
219,50.5,29.011491975882,0.666046665350819,0.0556392347063148,0.501835913742216,0.00338174406554353,0.637372895366712,0.0407174890547828,0.515423037643782,0.0125053989688665,0.792283181144742,0.0925897303680037,0.508969868863543,0.013618024636157,0.630505769599116,0.0454929019461563,0.505551141195978,0.00486188647883519,0.670223113603947,0.0558399553858606,0.512257033615037,0.0088852897647763,0.791471948310535,0.0838708231627549,0.502546089947964,0.00562509938192974
220,50.5,29.011491975882,0.664706763701595,0.0569827675155833,0.501630851784511,0.00354125452869464,0.637365158837013,0.039926712371985,0.514527437899926,0.0122166990912166,0.796499773730259,0.0942523989551412,0.504212757872835,0.0119243149226126,0.629405334626881,0.0463912505351193,0.506516336434726,0.00515672717976062,0.671064691592208,0.0548963568855814,0.513021029904185,0.00969338978974654,0.788279201314394,0.0843547042600528,0.50080414647189,0.00593467297493412
221,50.5,29.011491975882,0.664152830501961,0.0588112582863425,0.501613064130041,0.00344223241400038,0.637456277008424,0.039964034050135,0.515443096535435,0.0143770714928708,0.796138653594449,0.0947577905271207,0.504371384312908,0.0109087641568897,0.62932549967387,0.0482619891308648,0.505468679512333,0.00500101941463149,0.670731977299524,0.0542799882000868,0.513188503459358,0.0078858257953337,0.790323539188771,0.0860751076490206,0.501133287642328,0.00575915661523118
222,50.5,29.011491975882,0.663751929886629,0.0600654147025944,0.501535763692642,0.00315913312699065,0.637498676373186,0.0388788772023815,0.513470368961514,0.0127439399337751,0.794295653655891,0.0958078462608638,0.504660118606977,0.0148965350174031,0.628880823233897,0.048844519298054,0.505466889294018,0.00520633560568219,0.672000543544109,0.0528015953068998,0.513740631249833,0.00925640929297917,0.79116592546016,0.0863939851406238,0.500124022638914,0.00646454783999209
223,50.5,29.011491975882,0.66379136113666,0.0606652280917157,0.50099267111794,0.00222959109413097,0.637744776890476,0.0376560413061109,0.513572215046018,0.0139690221580831,0.793675492827316,0.092962758887926,0.503560411949348,0.0125358399375168,0.630106734190925,0.0494280045632476,0.504440375027263,0.00346152240116459,0.673165682468117,0.0505606010325741,0.51341271641309,0.00925073486796601,0.792151166420475,0.0874565799355754,0.499938161214097,0.007241539694185
224,50.5,29.011491975882,0.663248953283077,0.0610170023736654,0.501720141648063,0.00300705594437525,0.637799060999934,0.0360089066130201,0.513375235473156,0.0137292715860368,0.790004558664182,0.0962049733366737,0.5025949883022,0.00908340739648446,0.630271141129969,0.0489388311143742,0.504829440043542,0.00461255631635516,0.674405100788572,0.0474909343256629,0.513751605021153,0.00866580071849746,0.789022588977138,0.0890782581146455,0.500270002873946,0.00724868313109486
225,50.5,29.011491975882,0.66332730743322,0.0616657360069061,0.500968039200071,0.00247066109182181,0.637732723725795,0.0353278651897679,0.511991486335837,0.0127207209492693,0.787571619139324,0.0978701395354354,0.502001516226103,0.0133874367321481,0.629267688262283,0.0485101658935069,0.505009367819059,0.00391088615765165,0.67569790108081,0.0472165061925897,0.515933259074159,0.012569076353163,0.786164537648445,0.0896989778611606,0.500164503755815,0.00787828484297207
226,50.5,29.011491975882,0.663375101351673,0.0610232233965853,0.500990403683217,0.00231778469194082,0.637818883670944,0.0358059464944864,0.512824672325204,0.0123772480648011,0.78774151173816,0.0987106197470349,0.50143564268482,0.00948622379380478,0.63042527358042,0.0483721535133382,0.504528791087867,0.00321140158164148,0.675575847983184,0.0466554937548216,0.513114913065858,0.00864789648798863,0.788134984617899,0.0915562823792235,0.500450409338033,0.00733394558413315
227,50.5,29.011491975882,0.665020157680371,0.0600286228118336,0.50050997882185,0.00142736616621028,0.637489739104361,0.0364115038318617,0.512492553881397,0.0113847641742248,0.786444984431145,0.0981877037088969,0.501401762335812,0.0110398387685128,0.630220874128896,0.0472319073842282,0.505443249488243,0.00421946261221864,0.676047656822492,0.0462424209644124,0.514181255903525,0.0102931228552795,0.784942502428976,0.0928090533438694,0.499878790538115,0.00701992891412775
228,50.5,29.011491975882,0.664297631345977,0.0587339866276052,0.501670721199827,0.00270990033632196,0.636919666408905,0.0356176429971705,0.511793805644788,0.0103950448068072,0.788540190375048,0.0998565417050688,0.501725395998797,0.00979963650971392,0.630319375919371,0.0467252276267096,0.505980673254793,0.00456826346365021,0.67627106515195,0.0449931492099321,0.511650922559916,0.00840463268828167,0.786573143633586,0.0945307753578319,0.500104382809242,0.00685071184994288
229,50.5,29.011491975882,0.664867878748442,0.0575239703774963,0.50174702869528,0.00308541456749022,0.637409903606032,0.0350544844016226,0.512340044394561,0.0113744194985897,0.78730996063683,0.100413398072977,0.502442936442974,0.011564967352036,0.631250901152031,0.046121536571218,0.504512208250774,0.0047325396639325,0.678082217528177,0.0442682038115601,0.511120343545692,0.00860969993296703,0.784830405420393,0.093525803184609,0.500292375379902,0.00780195286988243
230,50.5,29.011491975882,0.664879956272914,0.0568069867434287,0.501218029663639,0.00268737884028717,0.638521292774709,0.0340929154468546,0.513531324468118,0.0132793442078648,0.785957409521132,0.099402497010295,0.500553430950519,0.0121423654700231,0.629595188759007,0.0455366919184363,0.503994510711007,0.00359268376722893,0.679524474896506,0.0437574625615137,0.514473239091479,0.0125591681566304,0.782445564861283,0.0916457566305135,0.50013645654315,0.00615144164145155
231,50.5,29.011491975882,0.664741285401317,0.0563309451738769,0.501053748273012,0.00272333911529682,0.638472558236102,0.0340109591706474,0.511895883309903,0.0124307281187095,0.786689582892058,0.09897226904696,0.501333341938913,0.0102526284766999,0.629921722608609,0.045490224320916,0.503506403859626,0.00388432138657695,0.679049516551512,0.0431237551298046,0.510929090098653,0.00907248130617801,0.786101780310638,0.091323680325044,0.500540164324293,0.00792809020541352
232,50.5,29.011491975882,0.665185800470355,0.0566438077973205,0.501236424672044,0.00357425159590692,0.638037178575445,0.0342594981515923,0.509632394204141,0.0127794079606487,0.786236321729332,0.0978706662962508,0.501906920975768,0.00910709071197215,0.629131000904949,0.0449890700795307,0.504185890309965,0.00428848903804359,0.678629316014675,0.0435416233154951,0.511537708191507,0.0101439376983085,0.784186187821713,0.0899959798379413,0.499819067975935,0.00901010661574797
233,50.5,29.011491975882,0.665199744375275,0.0564384848773938,0.502001983128447,0.0033014876416489,0.637976668002704,0.0347895499611717,0.510946527755086,0.0127638389885986,0.78658730293606,0.0972596535841559,0.501342684261998,0.00898849043983851,0.629513614783154,0.0451344260273173,0.503830513848968,0.00471782313974672,0.678499854380245,0.045529033710745,0.512141148672341,0.0105460258819021,0.784351732752739,0.0887695008559052,0.500314291961054,0.00788864032758442
234,50.5,29.011491975882,0.666295290142235,0.0574529820853678,0.501330958235277,0.00284013721177132,0.63838827250116,0.0351266808237303,0.513035963384531,0.0131834426787522,0.785927890060624,0.0967743868174496,0.503050347510686,0.0138441061672726,0.630316110448482,0.0455267624881164,0.502642088801455,0.00353896948644212,0.678330990053712,0.0460632186916956,0.512140912928275,0.00969297948607515,0.784394907878406,0.0858180570634193,0.499945351195724,0.00663614600510585
235,50.5,29.011491975882,0.666589748256979,0.0580552019835966,0.501427647761764,0.00278536753647333,0.638239822552094,0.035876305593196,0.512712119992099,0.0122490386423814,0.784161384102597,0.0945566598159648,0.502306899934376,0.0162114501504622,0.63051500258482,0.0459728558812861,0.502731684172638,0.00461143538943041,0.677628688309436,0.0468764049028503,0.510850814162327,0.00806831708158741,0.783693269169617,0.0842087498877018,0.50008661586249,0.00583944237629956
236,50.5,29.011491975882,0.666238445218361,0.0581406198655965,0.500778113580427,0.00179888496004342,0.639305112535797,0.0364802859417495,0.513747925093244,0.0135140992761438,0.783828024393388,0.092083794697862,0.502553589254447,0.0167754273263739,0.6306667492352,0.0460065840698554,0.50221217611322,0.0034043417238351,0.677484192322194,0.0472121597291542,0.511276132938195,0.00938099624233913,0.780823052262932,0.0816894137714395,0.501052540729134,0.00657524931026028
237,50.5,29.011491975882,0.665738143408475,0.0584674618230982,0.500670601571437,0.00209820821503261,0.640378388103985,0.0366187552923102,0.513043617335394,0.0126595395238979,0.785790498871443,0.0900445496651007,0.500505700911699,0.0115642517994403,0.630260536249925,0.0461133894510185,0.503131424009429,0.00420036189271461,0.677265345685667,0.046921851219335,0.510856271559665,0.00783674375786632,0.779669560179895,0.0803430501817606,0.501279575735782,0.00652698270816962
238,50.5,29.011491975882,0.665370685527867,0.0583502978262038,0.501678866784205,0.00368175222667253,0.640889317040137,0.0364879962562329,0.511952175145364,0.0122072102236329,0.785758213235395,0.0879833389688478,0.501573735809322,0.0141603824894928,0.630578891360391,0.0464954847822375,0.502001607255328,0.00297579496672493,0.678493977048484,0.0472796319673005,0.512036950158772,0.00912825058036909,0.779717710738449,0.0791333664844535,0.500640545879211,0.00544063156422347
239,50.5,29.011491975882,0.665254892492647,0.0579863334544799,0.500630268590781,0.00176963627987534,0.641398822447741,0.03589667168953,0.512690055322387,0.0104410706779824,0.78549657590146,0.0856263304660824,0.501469035788402,0.0152827247377764,0.630289212843066,0.0458623180289655,0.502066143281168,0.00340716179417199,0.678879324306844,0.0475294838030264,0.511794924635375,0.00739586070331378,0.777705019820091,0.0776764249341431,0.500701795188613,0.00557107665218601
240,50.5,29.011491975882,0.664774094736057,0.0577242490166086,0.501132803273846,0.00299197472908042,0.640551254307362,0.0357776895942382,0.511968486645353,0.0106834281543265,0.78289711524793,0.0837884581334671,0.504362609484694,0.0162303867818336,0.63011308161887,0.0451288824231993,0.502746296404873,0.00360632085466373,0.678302600417311,0.0478983520622248,0.511533730316799,0.00845744833208255,0.777282050615126,0.0782622169310652,0.500855904336052,0.00539081928325054
241,50.5,29.011491975882,0.664589097849258,0.0584082287261597,0.501141805960013,0.00358928907921111,0.640624457802108,0.0370853287315668,0.511779508602745,0.0108260263359918,0.784479398190452,0.0862579640650352,0.503377532688435,0.0109954814902683,0.629699675832074,0.0454195050416632,0.502938549041896,0.00392798512096564,0.677985198253116,0.0495616757063057,0.511012003488402,0.00893864423311934,0.776986640151373,0.0796198306033095,0.500346402717856,0.0056665783097216
242,50.5,29.011491975882,0.664185967094308,0.0581677261162818,0.50161144511185,0.00471751405500779,0.64032044911201,0.0387907598503599,0.511936227306197,0.0111295309000857,0.783796227782613,0.0872479950574834,0.500523496310905,0.0140195680009756,0.630286158751133,0.0452775936291433,0.503117334188918,0.00459257061848879,0.677924228629266,0.0514534287250792,0.510198513284346,0.00809176277483809,0.773700106570267,0.0809244721009335,0.500461057327532,0.00775013352565813
243,50.5,29.011491975882,0.664112092213942,0.0575147493255832,0.501757922410584,0.00368724764628345,0.640724006275511,0.0403076159788347,0.511405303153263,0.0114030073583623,0.78041271602409,0.0903743791561125,0.498696370996918,0.0149007207573655,0.631143370492978,0.0449412484997763,0.503400650965909,0.00475038641604545,0.676849419155926,0.0524186256506339,0.510557180668002,0.00818047335128052,0.771983159143123,0.0843692287461403,0.501299159744766,0.00866413054837492
244,50.5,29.011491975882,0.663907974119084,0.0564915126712132,0.502251244681212,0.00352065856978974,0.639057321867448,0.0412906991815855,0.509771059870834,0.0108118913926255,0.779765297463541,0.0947449680870151,0.497648463914984,0.0164731299432678,0.630153150304481,0.0434477412850508,0.503550689595392,0.00367253746215383,0.675512429014256,0.0537709957711591,0.511939447945753,0.00991184896203989,0.769685297798887,0.0881953491475543,0.499996824512596,0.00740445619004892
245,50.5,29.011491975882,0.664051830212004,0.0564214182487995,0.501574904513877,0.00331431805055498,0.638714446160403,0.0427897681443492,0.510369791763852,0.0143537899905397,0.779528273364234,0.0976458282878261,0.497516771027062,0.0172965144667865,0.63081224197932,0.0422203799854079,0.503144071651658,0.00479321992855234,0.673911012162444,0.0543789990514147,0.510823067077683,0.00811657257330235,0.770899540344743,0.0922167239970166,0.500273122597159,0.0073188624346185
246,50.5,29.011491975882,0.664820068986716,0.0560472071274221,0.501117024763725,0.0026044441865708,0.63804961301014,0.0441495097386762,0.511919053314592,0.0149961203618469,0.77838265573858,0.0997070018765941,0.497362313785736,0.0169108177675086,0.630021013340636,0.0415516149416718,0.502974109296281,0.00385353303081554,0.672481186502782,0.0564989769153543,0.510456339358042,0.00865580494218671,0.770534221125512,0.0950052700473857,0.499393948537218,0.00685477629463751
247,50.5,29.011491975882,0.66425278194065,0.0558232345354128,0.500872463169863,0.0022845826220678,0.637962207589203,0.0454638349496259,0.512610047451601,0.0144427204170654,0.776527132365016,0.103255214342955,0.497317771339492,0.0160197377372858,0.629455914019904,0.0415614244174899,0.503738645559064,0.00439619254705935,0.671831161027292,0.0579851170120374,0.510492943074386,0.00919458175114248,0.768858880930578,0.097065657374618,0.500032001315922,0.00611414444985529
248,50.5,29.011491975882,0.664089472325152,0.0557799290755333,0.501141566411285,0.00239756515145983,0.638445459045007,0.0459510752404398,0.512204553053649,0.0139343247768077,0.774535441494189,0.10492855291253,0.498667432052561,0.0149221416107412,0.629164877055926,0.0422689481237393,0.503905074370921,0.00531670632599806,0.671090119709949,0.058537761734292,0.510408022555238,0.00806470745830921,0.767320646888917,0.0976795681788967,0.499773916892669,0.00598645882409421
249,50.5,29.011491975882,0.664355571039005,0.0559720481831617,0.502030788796314,0.00360161017132058,0.639161989716692,0.0450873860290744,0.511275173699717,0.0126874265430277,0.771321530391658,0.106556898248656,0.499785807024596,0.0141497336930738,0.629057779325672,0.0427942254054827,0.502878797493094,0.00553374342291563,0.672550533895175,0.0581310762822867,0.511527809323485,0.010628252541949,0.762553966513537,0.0991943096296414,0.499455159915819,0.00630635810368935
250,50.5,29.011491975882,0.665185490650268,0.0560385002797938,0.501780050814074,0.00365933941687666,0.640117973910871,0.0438408703036954,0.511240507691132,0.0142480616694387,0.768806311202873,0.109905597168595,0.500171370690075,0.0120581140349101,0.629673900717724,0.043577204190485,0.502539209943254,0.00343225341421495,0.674175101222651,0.0565989475310125,0.511349627820069,0.0105714481238963,0.75932578700935,0.101352349806643,0.499486744571555,0.00672373442002288
251,50.5,29.011491975882,0.665023749447596,0.0565505028101813,0.502440914706426,0.00347639172545748,0.641030790576763,0.0418689521226219,0.510755230185335,0.0139765506006136,0.767505395720625,0.111998970062964,0.498058888471842,0.0147550790890298,0.629992179963967,0.0444341262201259,0.502671055694383,0.00369262648708313,0.67426503584574,0.0538002043884299,0.510503125511889,0.00853503532386141,0.755619411768999,0.105138114076629,0.50007064207748,0.00573202800121983
252,50.5,29.011491975882,0.665851991181581,0.0576508011384163,0.501814944683527,0.00300730622018895,0.642003127371391,0.0397609946554073,0.510397452283471,0.0135899827476277,0.766854519751799,0.113538504047484,0.494892040859287,0.0127931737986008,0.628276237451472,0.0446272070898799,0.504636262284976,0.00597774728493159,0.672745110715026,0.0503350300036399,0.512922420868438,0.0124911545922303,0.75340448179592,0.107211305007069,0.500682101364543,0.00517589130128806
253,50.5,29.011491975882,0.667437029488787,0.0577435070045464,0.501659466961722,0.00236382348789902,0.642416956603479,0.0397637113019268,0.509434474557072,0.0131983706423735,0.766995567490977,0.116112868592628,0.494924077048037,0.0113787431757659,0.628750301876243,0.0444049132097187,0.502560563281875,0.00296447253709142,0.67555064072443,0.0501979055478659,0.515715272699599,0.0127012482740229,0.750550799761355,0.108961299832216,0.499689296414966,0.00657909407699913
254,50.5,29.011491975882,0.668218105758417,0.0572167495563623,0.501113894381177,0.00113964840399798,0.6423345933702,0.0399074555078364,0.511618614643381,0.0147436383764678,0.766502288066901,0.115091208311671,0.497322039095975,0.0139823037119493,0.628843112964277,0.0439329185766254,0.50355998882542,0.00375153542022651,0.674675364316213,0.0498965107826739,0.513490366798633,0.0115000079132915,0.753252507722768,0.108938588322931,0.499680154775199,0.0056549694784125
255,50.5,29.011491975882,0.667156080921665,0.0561121981139736,0.501417459185093,0.00324445883136502,0.642305164426766,0.0394603707094402,0.51110147246125,0.0131153124193168,0.770369186858094,0.115573311068197,0.496434007578195,0.0113752732400406,0.628469197864926,0.0435379332435608,0.502937336710346,0.00434802633353717,0.674262849531442,0.0494453042602651,0.512383261845608,0.011848559018223,0.756288785796044,0.109098858867252,0.499510525120245,0.00480507159395178
256,50.5,29.011491975882,0.66736816222751,0.0550016270495061,0.501424424747167,0.00247397706780147,0.642487114763375,0.0392090740266777,0.511305729166632,0.0123302524191832,0.771127710616365,0.11626638800759,0.495851555899648,0.0122896329376071,0.628396802690239,0.0423197998698652,0.503594990992053,0.00392764459102667,0.673962177279858,0.0490588454449992,0.510869056445602,0.00957826176754178,0.759567424471554,0.107405137694317,0.499495205938423,0.00513748429165009
257,50.5,29.011491975882,0.6683184264929,0.0527197826828841,0.50201221674748,0.00310716513428509,0.642590601860215,0.0385261591581814,0.509946311682338,0.0124342080379809,0.77010256593448,0.114581756624084,0.497051273143398,0.0153127902909432,0.628759932293061,0.0405588918192009,0.504065847719949,0.0056364166480495,0.674017959695051,0.0480640163554661,0.512609524136895,0.00882812334691233,0.759832799506751,0.106662361671384,0.500242755839692,0.00471693438287223
258,50.5,29.011491975882,0.668480611825613,0.0503100975524772,0.50241419389259,0.00326106410222214,0.642880495160898,0.0377117144772217,0.513049571286066,0.0117194515628243,0.770293387779586,0.114892927830971,0.496957654702653,0.0117009983493091,0.62948380300867,0.0388402589696685,0.504115196691399,0.0049926006027338,0.674425546594703,0.0468552912779197,0.511878266357779,0.0092837762354887,0.76069900779769,0.10743085630202,0.50035282209778,0.0047395072355769
259,50.5,29.011491975882,0.669312650338926,0.0479650401258645,0.501970808976924,0.00351580399999282,0.642510504237676,0.0374913439232099,0.512749738463341,0.0114700023370357,0.770604822421354,0.113854983522475,0.496441837032734,0.0124415247928214,0.630388075199006,0.0375678711607609,0.503248683630879,0.00384054279129322,0.67537965237269,0.0462959126374851,0.511768715588612,0.0094444308980593,0.759707231117987,0.107359540523183,0.500301325121651,0.00558451085542043
260,50.5,29.011491975882,0.670859671918838,0.0463988585903884,0.501650488361084,0.0027987086184741,0.642521851999324,0.0380088819155862,0.51415090994824,0.0128632231332402,0.769208913770888,0.110322971919754,0.497698410681416,0.0123888381400709,0.63114454322656,0.0363506971749458,0.50309254605679,0.00369875518402191,0.676703792206263,0.0462753787931324,0.512770745459194,0.0112599021440375,0.756683115794388,0.104704093296695,0.500162734807537,0.0056330254159416
261,50.5,29.011491975882,0.67060213648129,0.0455829479701069,0.501488202003808,0.00232675501148187,0.642474605480408,0.0378204422768769,0.513740557744306,0.0125883810187854,0.76992972159035,0.109518998599593,0.497749730560641,0.0128328932225759,0.630454008577195,0.0353153362359536,0.504267036390926,0.00440653009822487,0.676400698242423,0.0460320963801064,0.513314724084029,0.0100642695285203,0.75666424161359,0.103670693407533,0.500624172251302,0.00550343491506785
262,50.5,29.011491975882,0.670855561662488,0.0455248629549597,0.501395057692689,0.0018246322513658,0.642840213978694,0.0372844715534635,0.514179319611266,0.0160172225956514,0.76626388307826,0.107648361568054,0.502403518271409,0.019843924376358,0.630329491915916,0.0353776957212352,0.504700505299381,0.0057361512249842,0.675281383465478,0.045349394601761,0.51147704281335,0.00810579283989766,0.759072208185909,0.101427354790784,0.500639056346853,0.00510467423670451
263,50.5,29.011491975882,0.670632513950854,0.0444935476677286,0.501717345106145,0.00393273171940196,0.642790512970647,0.036487557661373,0.511760210078801,0.0115800541261062,0.772276779494281,0.106554418923317,0.500540485065044,0.0124666959679025,0.630608090751697,0.0347691760552674,0.503794680604454,0.00451841009434951,0.675961831818787,0.0448250470530373,0.512399909108262,0.0105755652904812,0.760055536982227,0.0990526712917943,0.500030164345786,0.00545527049539333
264,50.5,29.011491975882,0.671961652522087,0.043462316891473,0.501439164319855,0.00328430046326181,0.642736420545094,0.0353247670390087,0.514239946241443,0.0138075741661314,0.772487907190053,0.105281133302857,0.500402266023346,0.0147348442958768,0.631578590605595,0.0338054542074153,0.503778790581334,0.00455203559851626,0.676141086553288,0.0431497594377069,0.511907334182302,0.00936633329409438,0.762717293803082,0.0976233403068522,0.499506159835506,0.00544475581191606
265,50.5,29.011491975882,0.673009709512421,0.0417161610322733,0.50095516737807,0.00322326449290322,0.643622764188887,0.03460129431851,0.514116752860254,0.0114087917805778,0.777456124731993,0.103976534569128,0.497341476535711,0.0120272488445495,0.632580031368874,0.0327676108091658,0.503223463923916,0.00372227311497504,0.676858313265352,0.0421427915470513,0.512530310389149,0.00912674435999879,0.764672465229072,0.0945268015497724,0.50027236120706,0.00505122159145237
266,50.5,29.011491975882,0.6738822946728,0.039555082006984,0.501239868844609,0.00323779394183448,0.644176979940989,0.0337939273836418,0.514239149174148,0.013783329295657,0.78036823110443,0.100840272748273,0.497956409017962,0.011208575397632,0.633509792843225,0.0313021450358379,0.502814418621611,0.00364244709312865,0.676814436215908,0.0418216600865493,0.5124818559361,0.00817368525119617,0.765962801295662,0.0892550649884333,0.500976970096037,0.00700296357305121
267,50.5,29.011491975882,0.67412671735466,0.0376327478789922,0.501509843702563,0.00374020893464975,0.644648296154284,0.0333411414455268,0.515601736434453,0.0148103004077223,0.780122343396368,0.0970985257647398,0.497978021653054,0.0131375043968088,0.633389993470078,0.0300486459936977,0.503434927606418,0.00451301809794531,0.677834018018772,0.0414543530459994,0.51358656943639,0.0103366253115203,0.767326051363917,0.0852260759060134,0.500860390313239,0.0055543899854322
268,50.5,29.011491975882,0.675347335497396,0.0359631994568117,0.501021444840924,0.00287812480158155,0.64550792424072,0.0333694394655331,0.51378212759993,0.0105944728239465,0.782661259710886,0.0934508859683026,0.496661546942562,0.0151942132675429,0.634105378465856,0.0291131010442094,0.504980048194535,0.00603656261168715,0.677053374515792,0.0412770223683816,0.514490086890931,0.00951581118447101,0.767471668528583,0.0826304485468393,0.501044705223791,0.00610084567747757
269,50.5,29.011491975882,0.676056312727778,0.0345586354165344,0.501716894918435,0.0030531877752935,0.645299200851886,0.0335548099274799,0.513390769429772,0.00998482445474616,0.784024093135108,0.0910327454710919,0.498458973648339,0.0168023268270946,0.63610876527852,0.0289370557803764,0.50328235606473,0.00470493602466279,0.679014559891646,0.0416609677635161,0.514763645250213,0.00926875958579279,0.769898215512289,0.0799442284854364,0.500773922182608,0.0066763744890102
270,50.5,29.011491975882,0.677975031352772,0.0331651873255518,0.501518577382765,0.00337844958430788,0.646085416119528,0.0338270381222289,0.512400594272752,0.00918729860929143,0.784737379342791,0.0890641337836216,0.494738379645553,0.0148828161597068,0.637199108692766,0.0277573742979389,0.504145334511629,0.00551523077567059,0.679551962943894,0.0423252852225977,0.513878755627488,0.00875329346165734,0.769238718493638,0.07997777101077,0.50049391240345,0.00675493573056136
271,50.5,29.011491975882,0.678128638128558,0.0308988653312446,0.501408707292947,0.00287479775398861,0.646024843092739,0.0341113647087601,0.513342033222666,0.01207024456175,0.786798294145297,0.0882443096902835,0.496334207435816,0.0136015541265233,0.637843546962062,0.0265071092452978,0.504107270046381,0.00467365208164522,0.68010535889008,0.0417237097249629,0.513372508437239,0.00865182458140594,0.769302089973954,0.0795969955525154,0.500074902654422,0.00628810254705029
272,50.5,29.011491975882,0.677887967277211,0.0298236311118075,0.501994499785358,0.00356074160380932,0.646149811136879,0.0340652420090991,0.513949557829089,0.0117443519494586,0.786402622004368,0.0880894619148604,0.495982620059166,0.014097585733382,0.637260779891925,0.0253150306274469,0.503286389391128,0.0048214599457413,0.68097628640634,0.0412085547842028,0.514872178653799,0.0104257332774696,0.766041029554894,0.0810931762347388,0.500095816221142,0.00681125732538172
273,50.5,29.011491975882,0.678332937743732,0.0289523667057483,0.5012143400453,0.00251702212880653,0.647206935027762,0.0334197381413319,0.513080025783241,0.0105929838300904,0.786734890436987,0.0876600430506621,0.492865085871006,0.0154066516069905,0.637653996282932,0.0250550717593795,0.502728659851326,0.00433161285987903,0.681979363443624,0.0399616784234829,0.512958259519197,0.00845115333476873,0.768261961709485,0.0825554814998255,0.499841542269076,0.00582073472952507
274,50.5,29.011491975882,0.67692844026236,0.0296859634332764,0.502447181150052,0.00367074760355239,0.64743896240107,0.0315305794758464,0.511878720722059,0.0101103331698502,0.783572530481145,0.087687134757551,0.495509608526572,0.0178099939054721,0.636659900005678,0.025244211755892,0.502435917635543,0.00475149843029436,0.683403157085311,0.038143239910888,0.513283242435821,0.0102000254917056,0.768256225050672,0.0836303359926908,0.499847604761545,0.0051391366568459
275,50.5,29.011491975882,0.676832663944247,0.0321403586732274,0.501490282841561,0.00279471418692983,0.648450343823831,0.0292891832585032,0.515712380493324,0.0171682531881928,0.783620834947036,0.0874332604416044,0.49452221209932,0.0159442727610612,0.636178854382908,0.0270232189582397,0.502584497056518,0.00386880796686485,0.683464163094563,0.0357563324932849,0.511828614626881,0.00744159649236122,0.768916509673265,0.0851852789967358,0.500271773474762,0.00504874489686576
276,50.5,29.011491975882,0.676861520398739,0.0348137808089059,0.500300117333912,0.00166643569721809,0.649091332400567,0.0280359979975521,0.51252128407298,0.0110544839503124,0.78789268203038,0.0896552905172904,0.491673071318502,0.0128537306450128,0.635413881701015,0.0288317860750976,0.502750277084819,0.0038555901025618,0.684850986358891,0.034294022103395,0.511960536812722,0.00823010426184969,0.766232578131576,0.0841143325694922,0.500887281962678,0.00635344443298866
277,50.5,29.011491975882,0.676176594688303,0.037657231043364,0.501140468767379,0.00299842947904523,0.649110323879576,0.0264822206140704,0.511242013048764,0.010143683539125,0.786971340751348,0.0910564167805958,0.493273870898152,0.0123980103564181,0.634152122813128,0.0307108509032222,0.502600147306635,0.00371610261033872,0.685051695069115,0.0327858353225906,0.512640153019096,0.00836797474291188,0.765053717279745,0.0855595798705324,0.500328114907043,0.00533456178000518
278,50.5,29.011491975882,0.675539135651343,0.0407716463615787,0.500962929599882,0.00202381650250007,0.649153042098749,0.0253150450052243,0.51203852170953,0.00979610446132424,0.784787538134969,0.0931093653109456,0.49453366720833,0.0114743016712556,0.632810037317028,0.0329522846263722,0.502625027462239,0.00378328374298003,0.684999198127024,0.0322845227911624,0.512576421205745,0.00837093499956351,0.763347980805535,0.0876171609968513,0.500835371175437,0.00521078617665795
279,50.5,29.011491975882,0.674590463267624,0.0438779546205424,0.500965958084361,0.002303881788278,0.648961504257844,0.0259757678034464,0.511698772094366,0.0107393829451506,0.785243368883258,0.0956492564855465,0.495385178364803,0.0105095177527011,0.632147716769593,0.0348656069899093,0.502912419488962,0.00395715893513896,0.68425243592771,0.0328050901211685,0.511102991300715,0.0070197246125728,0.764571812180664,0.0907165636173035,0.50091686986802,0.00503897121597916
280,50.5,29.011491975882,0.673799086000263,0.0467301872876406,0.501127179798967,0.00238297606016856,0.647173735796458,0.0268618952226418,0.51067723523704,0.00890533381585781,0.782464864694219,0.096336004849276,0.498382829417647,0.0177014222828691,0.630810691005743,0.0366834129644451,0.503205267850536,0.00393227346367053,0.683500054502846,0.0334864228219032,0.513963041412607,0.0110206720905932,0.761553057100572,0.0902925096555588,0.501346157826471,0.00525904209528784
281,50.5,29.011491975882,0.673316800024029,0.0473883243802751,0.500795637324227,0.00212474299568577,0.64667806478537,0.0282032966870231,0.51118032862255,0.00998595408473533,0.781174103262283,0.09717306834492,0.497542314673011,0.0106473926621488,0.630227565033991,0.0383176415195012,0.504071338297473,0.00519544403241707,0.682034429298728,0.0361189869485432,0.512899141447347,0.00939645907997717,0.759761510879343,0.0907261034227305,0.500962406560554,0.00526878578069514
282,50.5,29.011491975882,0.673054950508179,0.04747614302858,0.501042819223933,0.00251831919303923,0.646373195401851,0.0287409915828141,0.510253790260947,0.00964864011170333,0.779841262226024,0.0976025974376109,0.497307033092419,0.00974441171135302,0.63120180047821,0.0378593027110396,0.503175368674877,0.00445064183829007,0.681884889822865,0.0367040603857033,0.512095301581561,0.00954805659774646,0.760373373178479,0.0917302525314089,0.500586021463138,0.00530226873659683
283,50.5,29.011491975882,0.672367536763677,0.0469935702723544,0.501625977466506,0.00323127571915823,0.645977979863504,0.0294038888924767,0.510973219713222,0.0101272969444991,0.778693273240871,0.0970806025454361,0.500462709824493,0.0128047585748461,0.631824092934075,0.036647169434307,0.502071925352369,0.00314698577265703,0.68173062235446,0.0379936781743197,0.511565707663171,0.00801781080284752,0.76142423489453,0.093474373884478,0.501008810866981,0.0052401783359146
284,50.5,29.011491975882,0.672429376968954,0.0458274401798751,0.501046551863983,0.00215526883357962,0.646628612894875,0.0299818284104876,0.512302020425239,0.0113813693311315,0.779996877848204,0.0984603715451119,0.499772859821032,0.00921627033763217,0.630886501949081,0.0349852784087077,0.502990687566968,0.00413762604058214,0.680520414063358,0.0387910769765174,0.511733955207093,0.00882749421774263,0.761814125559311,0.0943556781249042,0.501418100991765,0.00507028652275389
285,50.5,29.011491975882,0.672708848985924,0.0452674026297142,0.501208140402235,0.00259369314981267,0.645685883038293,0.0317132154834393,0.510921036767913,0.0115248089137418,0.777303566276521,0.098775124889586,0.50095892316989,0.00902891712403953,0.631946938728703,0.033738725483489,0.502825975098087,0.00358888976951752,0.68079817089356,0.0398130172353787,0.511429868693394,0.00775313206110113,0.761613858937691,0.0947068661541699,0.501342447359771,0.00536836473939766
286,50.5,29.011491975882,0.672925760146054,0.0444820502451388,0.501444182450515,0.00259880819170796,0.646243180543513,0.032834614263388,0.512028350704939,0.0115623377733959,0.775045576946876,0.101115163300925,0.500318507789925,0.0104327669462432,0.632414502608168,0.0328682493885997,0.503163684506167,0.00496855699484729,0.68027690817761,0.0401687568388128,0.510321542757669,0.00734935606852826,0.762453880398052,0.0971914130552741,0.50124398680896,0.00505877355259425
287,50.5,29.011491975882,0.673799531923144,0.0438620722599754,0.501232661745996,0.00263081655613562,0.646060069070163,0.0330759258600729,0.5121325359463,0.0116223073262467,0.773502324148334,0.102000166805695,0.501377251314199,0.0139009457179064,0.633693163803316,0.0324946392438241,0.502366291822926,0.00293666975863985,0.681771066490815,0.0406823329841741,0.511576118048939,0.00745651124357604,0.760106757497786,0.098565577894427,0.502428004375127,0.00614904226811069
288,50.5,29.011491975882,0.67423430650638,0.0438318625464571,0.501297580271807,0.00271347616399771,0.645570610360377,0.032697648075858,0.511000386288283,0.0108408997982789,0.771841917672863,0.104016166837112,0.503637006591118,0.0143524999335007,0.633882857570205,0.0320136357153829,0.503186295494443,0.00455719159627998,0.681152660075807,0.0404274874161674,0.511201559443661,0.00851767028766698,0.758874322870158,0.100963484396549,0.502740043114233,0.00538558688863201
289,50.5,29.011491975882,0.674562539152844,0.0431883751605172,0.500997179587165,0.00254592621673865,0.64603012360642,0.0322266608280431,0.5117627107397,0.0127043745883741,0.770523689579703,0.106342847654156,0.501126845585949,0.0105083379368652,0.635161615841253,0.0317895428311386,0.503167542963579,0.00455009877066113,0.681696957706659,0.0405995477961307,0.509784424132575,0.00668937185771562,0.759013118022409,0.103332800385627,0.502149359648208,0.00484326903289674
290,50.5,29.011491975882,0.674953567381392,0.043547082835715,0.500894995136087,0.00233286225478881,0.646248736042917,0.0319953071000821,0.512201218553006,0.0131169421248471,0.772130449281711,0.107952618536839,0.501644645060054,0.0106851661855061,0.635023865428287,0.0319597534873686,0.502402133792941,0.00385036261439446,0.68187674470818,0.0398837591307423,0.510401131763526,0.00713229000627059,0.759861929828018,0.104319623565796,0.501996342170877,0.00463681180914902
291,50.5,29.011491975882,0.675132117091375,0.0441623142515857,0.50118292861742,0.00269516798354394,0.646183919387663,0.0312161769614133,0.511511451924768,0.0125081359242669,0.768672275288773,0.107625189213475,0.504192574047812,0.0181366919128086,0.6344004858376,0.0330365950641364,0.502895325585834,0.00466868703594477,0.681631021087274,0.0391594222567437,0.512172310376136,0.00942339390315196,0.757790593907192,0.1030171879799,0.503721675580049,0.00722939393499085
292,50.5,29.011491975882,0.674783797062051,0.0453795489261324,0.501045222384138,0.00280218055104637,0.646645410988626,0.0302756493582162,0.51120924807483,0.0121384301653531,0.771415476593903,0.108749893822249,0.500504164466764,0.0133636241965659,0.634540500301792,0.0344251767070405,0.502167916263701,0.00467160231503653,0.683370638506009,0.0378878648064438,0.511117196401899,0.00952974708590124,0.758166560041195,0.100987761626011,0.50164297409189,0.00521904931476918
293,50.5,29.011491975882,0.675006128280724,0.0468861778922397,0.501308148578191,0.00255711114622255,0.647072230990071,0.0293557965925865,0.513514373531082,0.018096101614278,0.768457117380353,0.10801680156582,0.500553475387226,0.0131787936058188,0.634356519574323,0.0362505516337051,0.5034127263947,0.00552760224835815,0.682110869554609,0.036616066213857,0.510241642679238,0.00875145651677398,0.758912727615155,0.0992898810687164,0.502698476213962,0.00664353139639675
294,50.5,29.011491975882,0.675530511435796,0.0482531206936979,0.500962003280988,0.00279138181188189,0.647415336234322,0.0280475274166467,0.512474514070668,0.0133718479412686,0.768691735312317,0.103303360633567,0.500827077745695,0.0155465291235671,0.634584460699845,0.0373560294101745,0.502465721448516,0.00491234457031041,0.683050411299873,0.035348984837642,0.510668724600001,0.00894278109920239,0.760004591943335,0.0974846689712125,0.501876538271473,0.00786287866319625
295,50.5,29.011491975882,0.67509105853886,0.0491725964357394,0.500571775658249,0.00227994873353615,0.647790946189594,0.026924382198639,0.512624377729771,0.0131585381022033,0.767878537727743,0.0993033511344466,0.501025781682974,0.019088883502087,0.634185072287865,0.0383601926056293,0.501837963173274,0.00430755409188662,0.683787294978971,0.033815084205256,0.51033884217676,0.0069797594461436,0.760207760017846,0.0967423384448395,0.500986251336104,0.00507076163430182
296,50.5,29.011491975882,0.672767385865482,0.0488064376985483,0.500685639051761,0.0028974701132755,0.647794408206245,0.024981691679706,0.511763184063287,0.0128570081530545,0.768352183509164,0.100187215152651,0.500229897552439,0.0151864213396591,0.632048951430974,0.038176504879803,0.502689202683125,0.00484208934894576,0.683890606651383,0.0322283015436776,0.510159142011852,0.00740967066515628,0.759597957230463,0.0964016877615541,0.500778897595742,0.00589579579909046
297,50.5,29.011491975882,0.671290998534685,0.0487437578905104,0.500915884287476,0.00281622956985246,0.648453094738123,0.0235187441463379,0.511432665142379,0.0125508534014282,0.766093245056995,0.101580489149744,0.500456327309157,0.0147404907714752,0.631706843044319,0.0389978817581173,0.502097628619526,0.00409816875013098,0.684874757277236,0.0312378721011127,0.51187186212132,0.00826035443107565,0.755725206209062,0.0963328202669496,0.501328401441403,0.00646480156919269
298,50.5,29.011491975882,0.670187877086379,0.0486800353267777,0.501329232394448,0.00262904324201222,0.64880075483861,0.023007757855192,0.511604866841664,0.0126572390204374,0.766572218538775,0.102863367291894,0.500273029950848,0.0139864706239533,0.631103295882994,0.0395841200138994,0.501971056851682,0.00445567272819139,0.685337739966268,0.0297540278086312,0.51194028732931,0.00989908526319946,0.754519118104106,0.0967076919203507,0.500615829790981,0.00573279919577493
299,50.5,29.011491975882,0.670152525465825,0.049405165751638,0.500679807068595,0.00156468320051706,0.64937350432521,0.0223572626120673,0.512328470471346,0.0120068084418311,0.766680153891287,0.106474628899617,0.499106109510187,0.0148550838281142,0.632306164163868,0.0411620930756858,0.501676623999201,0.00320073506964554,0.686861452244128,0.0293756896659965,0.51072464644936,0.00790619575764026,0.75670073466904,0.0997751575824705,0.501267798706542,0.00584005952984514
300,50.5,29.011491975882,0.669645523834527,0.0500875478629965,0.502029863825099,0.00368068051028453,0.648399739578522,0.0222743216728532,0.511252203522137,0.0116735534125426,0.768861838535661,0.108703497140661,0.499117846098728,0.0135690934958612,0.632622164589801,0.0417565852001815,0.502744132004314,0.00415644157803516,0.688282631306613,0.0283057976564737,0.510420762560283,0.0089867572437139,0.759046663898501,0.10193500999448,0.501561703555736,0.00559064576845562
301,50.5,29.011491975882,0.669631629540962,0.0514486596177581,0.501230446088919,0.00256330349346755,0.650053243928024,0.0230894553008793,0.511871699787574,0.0130857792456084,0.771793872302236,0.108510255776202,0.501181784724545,0.0148658966668805,0.632816160463083,0.0422238434680583,0.502982459737835,0.00420120827493765,0.688994345701986,0.0275934963641476,0.510185277278609,0.00823222620725739,0.76223984423567,0.103313807066529,0.502853717678767,0.00641260385663968
302,50.5,29.011491975882,0.66992621082639,0.0530326691847793,0.500662507989669,0.00115887289168464,0.650069702735354,0.0241239606274203,0.512333483506029,0.0117403337785643,0.775610805200392,0.108258517930294,0.503405173960032,0.0163966020887031,0.632718643413234,0.0432277995268919,0.502275839743667,0.00376009887354014,0.689584081402948,0.0279512649272578,0.510572459707026,0.00772377910026535,0.767063648581217,0.102288682547241,0.503331042959619,0.00565108052855519
303,50.5,29.011491975882,0.67011246197153,0.0546953215570227,0.501181457709937,0.00216761179029327,0.649699306596062,0.025980218393747,0.511343970043995,0.0110345580493321,0.777219487321732,0.10874416296367,0.505659555151958,0.0181913623239973,0.632200896035625,0.0442899783993512,0.503723884862631,0.00456076278606372,0.688255880680863,0.0307874410581882,0.510324368915478,0.00759119087463241,0.769610932986952,0.101806506838635,0.50354914089146,0.00553691583147612
304,50.5,29.011491975882,0.670644432374292,0.0539521841647419,0.502280956419917,0.00384933389621661,0.650594273185094,0.028162441799912,0.511642565758871,0.011182378694499,0.778811701203416,0.10923919580042,0.503990684966518,0.0128372004468805,0.632461270665333,0.0440266697725439,0.503733995761796,0.00406828135053975,0.689107587481439,0.0326115212998182,0.513535538981384,0.0112688298165272,0.769208128347506,0.10229232388316,0.504011651374038,0.00549554481452932
305,50.5,29.011491975882,0.671584826641511,0.0532153170901565,0.501398559842161,0.00285781723119427,0.650644949852665,0.0292117072782285,0.513130560752883,0.0129612240601941,0.778986660608591,0.110231298083379,0.505523276082214,0.0137613953776351,0.633312234016468,0.0426997440995388,0.50404273108957,0.00414250651503653,0.688900462788133,0.0339129588256343,0.513178534390744,0.00887186976052652,0.771427839663046,0.104811703714024,0.504759592922249,0.00585281684831476
306,50.5,29.011491975882,0.671941660026014,0.0523212023366725,0.502219768113644,0.00324459261175058,0.649811549181665,0.0307961726944356,0.514246556278949,0.0127025469674538,0.778708021084811,0.112050201886484,0.508071123127333,0.0150553365067006,0.634324955469284,0.0417435261728656,0.503693461086248,0.00397278955758071,0.688111919529107,0.0354815179689729,0.512767623527332,0.00930395575268028,0.771832708914182,0.106266559128467,0.506292525279336,0.00736838321079866
307,50.5,29.011491975882,0.673656191458595,0.051332694374205,0.501414313330588,0.00257151994208151,0.649282498150833,0.0316091589360744,0.513367301476982,0.0125676756412028,0.780379414891305,0.11280764719791,0.509366681328004,0.0145927920696071,0.634405385627394,0.0405303892022272,0.504190933139829,0.00484076506925111,0.686827906542346,0.0370295054059882,0.513261682355591,0.0108343774986078,0.773689674101369,0.108130895313893,0.505679378960175,0.00606090340329004
308,50.5,29.011491975882,0.67380919059031,0.0505333272916111,0.502283842909811,0.00349272753515422,0.648887882628639,0.0320815931529753,0.511523154667598,0.0119788544130752,0.782073557721202,0.113264943768729,0.51020869055301,0.0126220484531906,0.634976525952735,0.0397427133772432,0.504262288080719,0.00408294231634683,0.687488564462973,0.0390043823342926,0.514110844442988,0.011739132624658,0.773259420787653,0.109322026518102,0.506504933185554,0.00648009903184919
309,50.5,29.011491975882,0.674066925547113,0.049652685102654,0.502333710067195,0.0034182104572098,0.649387584623689,0.032285709756713,0.511846138366168,0.0129550158044832,0.785846054399827,0.111787407485236,0.509794871763543,0.0115898924260939,0.635560340190859,0.0389832661008215,0.505381441782141,0.00585373650154262,0.687043685396845,0.0397879594264778,0.514331356741571,0.0111251603158072,0.773601201120012,0.110713286996228,0.507256680607356,0.00721153165296128
310,50.5,29.011491975882,0.674326973680492,0.0494868901178388,0.501640523989753,0.00241160778777448,0.650133644310124,0.0329036031243123,0.51325364075278,0.0130603904852657,0.787251867969673,0.112529834897211,0.510676523461165,0.0121297066602767,0.635919864381839,0.0380046048420464,0.505908162035566,0.00548084562011733,0.686952564553549,0.0407149074426334,0.513176864134646,0.0101971505040088,0.77633731467843,0.110088815972607,0.507303905021788,0.00678204187011776
311,50.5,29.011491975882,0.674264146019993,0.049792885801471,0.50229711676786,0.00302782263977098,0.650226760335259,0.032809504154777,0.512367529422793,0.01286414623256,0.786164266732633,0.113145240727307,0.512837701369227,0.0155630093515928,0.636190950315247,0.0381704114084288,0.505114946919004,0.00479951439299349,0.688073992666548,0.0411030610617992,0.514329564688755,0.010028710041503,0.778542040403268,0.109164148569797,0.507328652062109,0.00630988530138683
312,50.5,29.011491975882,0.674771649458784,0.0505453153513347,0.501572102021201,0.00146560139679646,0.651574005921892,0.0318989359046064,0.513004654656584,0.0123037849937221,0.787956852301737,0.112653871732753,0.514662198436117,0.0147284206444324,0.636479896733935,0.0388634823152949,0.506006096263542,0.00596264901986666,0.688090107160303,0.040023997738248,0.513356487738714,0.00894985703284781,0.781507303910003,0.107197306084808,0.507255859851709,0.00591008488311033
313,50.5,29.011491975882,0.672985414204429,0.0515361858712653,0.502475630606892,0.00326157736858156,0.652497140076622,0.0307811424447351,0.514102998425312,0.0140862753978163,0.78968011598315,0.110919473980089,0.513110779553094,0.0129529763651826,0.636142027883273,0.0395655833428669,0.506049200160581,0.00473570522846598,0.688908134412577,0.0393876541640958,0.512519778813287,0.00949080064480587,0.783052732583184,0.106734422120788,0.507458045724548,0.00558866275946418
314,50.5,29.011491975882,0.671976882445579,0.0529915398947058,0.502312700313824,0.002845369640351,0.652859650576651,0.0299959019689153,0.512942138824839,0.0128577137896478,0.792130298306606,0.113380789119094,0.512426566566317,0.0111228125045185,0.63527285802101,0.0408429483460094,0.504973114331662,0.00406112010953806,0.690077152338928,0.0387483897982182,0.513663606644326,0.00909756315080493,0.78377820758445,0.107050107079109,0.50821171810875,0.00688532621846224
315,50.5,29.011491975882,0.67135465685654,0.0545620206757807,0.502798304273181,0.00333394963179668,0.652544215314962,0.0295158696542143,0.513033443039206,0.0136438308315531,0.79316133670119,0.111388088646598,0.513444840526197,0.0126983666823275,0.63557177840658,0.0421685620250322,0.505336152069705,0.00465630813998262,0.689732441246115,0.0383005679015854,0.512769145169611,0.00859996583457026,0.784838616130723,0.106933644088557,0.508186161144776,0.00644920604015623
316,50.5,29.011491975882,0.670620569397366,0.055592225149473,0.502381916768041,0.00261968571616442,0.652779640620086,0.0308008943906382,0.514507004811138,0.0123828198916354,0.7929050521528,0.112007910750174,0.514281278147082,0.013671671758443,0.634818625007757,0.0429622158290915,0.504815766682121,0.00457797621677555,0.689175748543103,0.0394399485686844,0.51352107435007,0.00898567889557686,0.785073179870974,0.10582470527446,0.508169016182046,0.00576598051966031
317,50.5,29.011491975882,0.669790158185433,0.0559773984829237,0.502683288567386,0.00334145605211489,0.651648900438541,0.032244308366815,0.513465221773877,0.0120474258422776,0.793206924351497,0.11095288675227,0.51535080813363,0.0148017643901329,0.633769041343108,0.0429522062028602,0.505788555709391,0.00477003324789126,0.687022587724951,0.040977840839726,0.514441462880654,0.00931929308439241,0.787272331513884,0.104367045173308,0.508365634308334,0.00627693836223051
318,50.5,29.011491975882,0.668942609733169,0.0560634333520426,0.502649244440574,0.00315017333245007,0.650745369414373,0.0347074349798691,0.513490914004142,0.0116348761090415,0.793684875350673,0.109525798687537,0.515416772138561,0.0133907236610501,0.633229066312902,0.0423023137515426,0.506183600783482,0.0050086129493359,0.68543874411881,0.0435377699962062,0.514500973215447,0.0108683305197402,0.788476418325094,0.105418232327548,0.508814961966,0.00607651010064095
319,50.5,29.011491975882,0.66712820638598,0.0549603414569372,0.503825003899876,0.00466003654212655,0.649199142074475,0.0367555812554574,0.512881712072294,0.0114899362856408,0.793981212652096,0.108669882545766,0.51798166566585,0.0154964652067904,0.632980740210936,0.0420530271663234,0.504873814667979,0.00365435354579504,0.684253908191104,0.0463502783444764,0.513543645916889,0.00911766856653023,0.792371235368194,0.10609664913576,0.508347211337646,0.00519458445152476
320,50.5,29.011491975882,0.666889539036102,0.0546143603416886,0.502983732548246,0.00326530434446959,0.64911262316308,0.0390770948398464,0.513710776634322,0.0136523307019443,0.796336458303647,0.104866167262348,0.518473726629069,0.0151258245750108,0.631484533478483,0.0417378829434515,0.505581801459534,0.00444051176897237,0.683914398079633,0.0489244773168478,0.514656594615343,0.0108110503449742,0.79126360602103,0.104540446572054,0.508680994645723,0.00694184403576309
321,50.5,29.011491975882,0.666914257204606,0.0548144112208461,0.502416561511431,0.00279189439738401,0.648903461428174,0.0409449640613276,0.51241821953998,0.0125899064170243,0.794396293618251,0.103250931459337,0.522085588973217,0.0186192088677513,0.630287176049533,0.0416694829794472,0.506356264616299,0.00504107110326791,0.683489079911196,0.0519372710854608,0.515444284424826,0.0115196876081883,0.793106950168357,0.103263896693301,0.50828336676502,0.00519992009605774
322,50.5,29.011491975882,0.666210093174975,0.0554790110740655,0.502848617215053,0.0031623569223277,0.648494461245132,0.0427810309310718,0.511574361054051,0.01216078213601,0.797461066403558,0.102556536561917,0.520890126667082,0.0157226816429376,0.630350413824768,0.0420894367889106,0.506507650153078,0.00571350265201376,0.682885925928569,0.0532847218221416,0.513775543325095,0.00889032829796073,0.797708589240514,0.102640505649333,0.508217429172125,0.00516138175803251
323,50.5,29.011491975882,0.66516973763923,0.0568192825758459,0.502852575202672,0.0033489287180696,0.647801816448724,0.043301685207666,0.512620406576214,0.0130624974956982,0.797569674410282,0.101688005571165,0.520149863947399,0.0154235849895104,0.628934880618539,0.0428355033695637,0.506394698267218,0.00506388422913378,0.682080310191861,0.0544138983376893,0.51493529327332,0.0113096219147246,0.797617739525027,0.0997419371940625,0.509044394756541,0.00519091937154971
324,50.5,29.011491975882,0.665216385444454,0.0575669559811628,0.502131911326562,0.00238519527262368,0.648163303884335,0.0439953432651505,0.511886542460301,0.0135696748394369,0.797074125601377,0.101812957490292,0.523342316485088,0.0172979818899184,0.629263688361685,0.0438704427527877,0.505365819159236,0.00352285449562959,0.682029728913962,0.0554848404799055,0.514176245580451,0.00968739964982595,0.800715455524744,0.0999175989686089,0.509194518854727,0.00616475009572226
325,50.5,29.011491975882,0.664571025375727,0.0571554380841241,0.504433017811466,0.00517422279767151,0.647640045891587,0.0440704114367265,0.51094205296488,0.0127844738894288,0.795743286589684,0.104427941897689,0.523584415340288,0.0223429557008287,0.629465987274256,0.043544648558679,0.505835054991815,0.00411304306475216,0.682175705394455,0.0560259361242233,0.51304797790683,0.00873086729914408,0.80207430712064,0.100113807834162,0.50883492430452,0.00587598473641096
326,50.5,29.011491975882,0.666229766673057,0.0564192092165052,0.503313211067122,0.00333536348526323,0.649187035687074,0.0450257918095376,0.513101979159387,0.0140474075445258,0.798193756079662,0.101989173128073,0.522520117547863,0.0136017069877749,0.63019360175555,0.0435054818977323,0.506215678835792,0.00505876408485931,0.682923404472203,0.0567843836536175,0.51405580528767,0.0100094509837957,0.801873948813281,0.0981086799631952,0.508879787103131,0.00559121829314615
327,50.5,29.011491975882,0.667502467917465,0.0552297167397366,0.5029065911697,0.00312767597483966,0.649327199443849,0.0450079216711412,0.515150044051393,0.0151171972711721,0.797889422977536,0.10127753752353,0.522878666588242,0.014002952287932,0.631668775608971,0.0425152243962768,0.506795932913238,0.00488265941010782,0.682639307287032,0.0564112461137287,0.513130020588819,0.00969013946555125,0.8023037844806,0.0958949556705707,0.50904635046303,0.00527892036670973
328,50.5,29.011491975882,0.668065511667498,0.0534472782715698,0.504246912598336,0.00392198449046526,0.648220419857267,0.0449590544530544,0.514273172545443,0.0131357439759015,0.800776912517622,0.0995582442435072,0.522559517373584,0.0163867669799913,0.632587903340069,0.0409084991128432,0.506549052751015,0.00440027270581155,0.682096620259086,0.0561714951867246,0.512360929645584,0.00734452639930154,0.804425735292858,0.0928295956249954,0.509628542264206,0.00541007923834844
329,50.5,29.011491975882,0.670043476119036,0.0522341213710832,0.50256983986656,0.00265968947603056,0.648224190680556,0.0454266562616765,0.516025315181372,0.0141525253563309,0.803523759473491,0.094950883859253,0.525170320507887,0.0157523538557538,0.633133577563815,0.039997214488997,0.50632315982032,0.00392298679402476,0.68166120893903,0.0562514491322354,0.512780233790232,0.00875385824681882,0.805129480029506,0.0895389941438882,0.510444698584834,0.00532343733966575
330,50.5,29.011491975882,0.671378667447171,0.0515800924295836,0.503372288544785,0.00319775580649721,0.646942480374011,0.0447933626501284,0.513362372337453,0.0118086734128942,0.804107445454671,0.0911324644167636,0.524638616642486,0.0136512521576402,0.633274639229138,0.0394936827197487,0.507042655963974,0.00566056003890533,0.680772895703097,0.0569258677669015,0.512419454289625,0.00833238065182599,0.803729787713845,0.0871822846699884,0.511610863227109,0.0060821750734541
331,50.5,29.011491975882,0.672421389651752,0.0512100147758299,0.503474197236173,0.00323377905469267,0.646193453088612,0.0439347848802316,0.514392948177022,0.012571417514262,0.806247890001183,0.0858156032346713,0.522467051845579,0.0117261642380872,0.633800970529142,0.0394721356106424,0.506319896183444,0.00466364397927123,0.680374548956696,0.0572610447113704,0.513454236046817,0.00945439403458778,0.803256901027317,0.0857805904773359,0.511590108472872,0.00569594706736374
332,50.5,29.011491975882,0.672825875617712,0.0516435841489991,0.502137669489097,0.00161858647289005,0.646298127294074,0.0452060733965212,0.515729996093281,0.0133012187805534,0.805408699303936,0.0837616798695344,0.522028438157737,0.0107339853795547,0.63533827993268,0.0397774924405938,0.505837815189704,0.00414274707738435,0.680072291917589,0.058411563915271,0.512641536629313,0.00827907484512875,0.802713317379799,0.0836719428831564,0.512124361199542,0.00699382520256951
333,50.5,29.011491975882,0.674289894589915,0.0508751118443643,0.501933471738905,0.00142989832232171,0.645696350146398,0.0464809321165326,0.514723345363252,0.0126294198130863,0.805512105454135,0.0831346558971708,0.522440063215786,0.0127145575139494,0.635619947294658,0.0391040192446309,0.50556393580404,0.0036980954609298,0.680453066843731,0.0593785654992902,0.514750545809285,0.0110882037155447,0.800277522516011,0.0824507958482002,0.511373067058804,0.00619951595785499
334,50.5,29.011491975882,0.674571048573797,0.048375599287268,0.502864536127544,0.00316218537477237,0.64527352733223,0.0474419073794921,0.513419037310262,0.0120684504620433,0.803927085932496,0.0849826351496699,0.52202170565377,0.0124179217400882,0.637239516467953,0.0375218546610638,0.506046145867792,0.00354715563332826,0.67998779861963,0.0600185458355546,0.513330346055825,0.00997194576257913,0.800179509227181,0.0832738210080301,0.511566492433344,0.00654035591463482
335,50.5,29.011491975882,0.674637562432735,0.0459484394540358,0.503546544431478,0.00408249959080594,0.645512881477942,0.0478229040681864,0.514415267644064,0.0124222927312872,0.806010778833175,0.0877242961826201,0.520091441222924,0.00903345947506899,0.637600133208849,0.0355794316254943,0.505926018646127,0.00343114139520751,0.681323170125783,0.0601912872758296,0.512979213382189,0.00993383215156485,0.799018059477275,0.0841107208360844,0.510684742774136,0.00601175602179596
336,50.5,29.011491975882,0.675365612169891,0.0448470416698674,0.502948711556349,0.00299280350574835,0.645817468279726,0.0478860933973841,0.515008834223681,0.0126663922364838,0.804214715210428,0.0889275614497015,0.522387123624094,0.0122366095522799,0.637644332849368,0.0336915482225281,0.507301207640952,0.00514531193406052,0.681039719497072,0.0596406561436926,0.512201711354032,0.00880581954123621,0.797586979525335,0.0864041971551112,0.51085384058252,0.00681592081169089
337,50.5,29.011491975882,0.674510397223212,0.0432766169569729,0.502611748311162,0.00249673779116023,0.645789519813575,0.0470997466619406,0.514596152427691,0.0131491941359756,0.804952895572617,0.0865287795684058,0.522741016009014,0.0143460554910484,0.636824893255822,0.032715053299086,0.506517029501387,0.00457593990471032,0.681901560188546,0.0581043000767842,0.511981834537475,0.0119417251903747,0.798215119358531,0.0861507714820514,0.510063532614281,0.00604744306692205
338,50.5,29.011491975882,0.672332324336483,0.0430252692461594,0.502943892400929,0.00330051813054013,0.646389985634443,0.0464457375016925,0.514626620181231,0.0133391107612472,0.804437038479174,0.0870586566182867,0.52142175733325,0.0125006050274133,0.635656044505036,0.0327035421304061,0.50721859457021,0.00480729786465906,0.681593575336146,0.0562826808905788,0.510027247786401,0.0071703021715217,0.799839478191176,0.0851473692571354,0.509939129219714,0.00610734312616946
339,50.5,29.011491975882,0.671157262074078,0.0439139681061752,0.502464075677015,0.00261452679599868,0.646917509344198,0.0455930103487756,0.514040524758344,0.0134267712828941,0.805667905780845,0.0853584849432447,0.522200558621194,0.0128938402020571,0.634293264801044,0.033532176515298,0.507610006388422,0.00452043489252487,0.681235787381731,0.05538080711408,0.51104517044009,0.00719373317634727,0.79929286879349,0.0830888393744485,0.510705666822384,0.00802829600345926
340,50.5,29.011491975882,0.670846300850237,0.0453402024467495,0.502227610715055,0.00204030406857649,0.647461120208214,0.0455477307070905,0.514139710845665,0.0132158642290722,0.804418671653069,0.0870800999689084,0.521043522524743,0.0118964158218963,0.633760147907014,0.0349252791439312,0.506189417513136,0.00409857941408597,0.681850238188307,0.0554795437295756,0.511357555811962,0.0079764185148112,0.802757899266388,0.082960011638808,0.510642344469436,0.00651222576518781
341,50.5,29.011491975882,0.669299598569621,0.0456988790849108,0.50363924886903,0.00347223183238588,0.646870532239028,0.0457897177461086,0.514524108863921,0.0139213551812582,0.79990900005217,0.0874787417915831,0.521044132397529,0.0136611440612111,0.632336485155165,0.0355651669167089,0.507837574773649,0.005070769947653,0.681540513088854,0.0564072095369467,0.512278047928551,0.00895715052317403,0.801488383052949,0.0807611682580584,0.510967578809037,0.00817650433464832
342,50.5,29.011491975882,0.667967288782538,0.0472507840695461,0.504086930348149,0.00399474022626759,0.646776464402522,0.0462915290301212,0.51400904533876,0.0127791148640663,0.802644844975464,0.0891810051497906,0.521778515615991,0.0126818935686945,0.632079483479645,0.0376481749325482,0.506222317961625,0.00359003083947506,0.682938617025839,0.056865539957302,0.513201958367223,0.0089176026724129,0.803061636394921,0.0795688312358695,0.511090469318654,0.00902112242463116
343,50.5,29.011491975882,0.667971232303328,0.049050110259274,0.502439972244561,0.00207852767390743,0.647315709884382,0.0468952317930249,0.514420856668528,0.0123381257297063,0.801871776048934,0.0892083016237483,0.522989421247585,0.0148038021022549,0.630304228391957,0.038658499092819,0.508082701289975,0.00596483502986736,0.682315233634249,0.057543257437509,0.512695028788819,0.00907176189814437,0.804617857030798,0.0789443582396603,0.509984228817141,0.00682621518012389
344,50.5,29.011491975882,0.666840268097012,0.0491444346540124,0.502914802541864,0.00302510678751533,0.646925967136746,0.0472055054675942,0.513373364645979,0.0121705497287761,0.802843109902636,0.0879381942996014,0.523070937662417,0.0141748068870408,0.630401778226727,0.0391670209219627,0.506759149445699,0.00422372838515688,0.682726748548695,0.0579061702370178,0.511190699627107,0.00912225311405733,0.805840179461638,0.0784782520159592,0.510158633004773,0.0070823181530036
345,50.5,29.011491975882,0.666536377592812,0.048849417987684,0.503418451679394,0.00332437487237258,0.64676811220842,0.0477061810241992,0.513419531106358,0.0140524043739046,0.804721055300216,0.0872740682345241,0.521465504406432,0.0131853596424019,0.63037998697832,0.0392969408819318,0.507171941847257,0.0059316202166985,0.683096438443331,0.0583194536789352,0.509996430535016,0.00784437508616916,0.808072027874727,0.0785254871099307,0.510098676580152,0.00687555363970955
346,50.5,29.011491975882,0.66669000019731,0.0493634730218452,0.502451622442308,0.00290972083901016,0.646762823912952,0.0485800643135702,0.513954324335702,0.0133789159733681,0.805241628791322,0.0865831476934935,0.521637682012046,0.0125807828362613,0.629697289226345,0.0400925290831472,0.506575084423344,0.0039591329501112,0.683834161811145,0.0593091567650632,0.510980550367062,0.00820525912601804,0.808022319086849,0.0781053022502803,0.510267147767002,0.00722754714595957
347,50.5,29.011491975882,0.666586094665483,0.0498532694384214,0.502725059889465,0.00284973085113653,0.6464795861862,0.049566162653246,0.515610600494813,0.0148897609011322,0.804464929091338,0.08946354614835,0.520808844651169,0.0125875244614337,0.629421277728336,0.0404626564316159,0.507350612005149,0.00409308437058374,0.682864131368018,0.060545426310844,0.510766697587091,0.00850743921675091,0.808477093149207,0.0787147753645311,0.509983932258014,0.00882900878053694
348,50.5,29.011491975882,0.667457381196365,0.0499403055154318,0.502611650814617,0.00246607979666958,0.646532691647003,0.0507473361233183,0.512938923319071,0.0119258273996373,0.804322796266127,0.0911035867617606,0.520942684087978,0.0139789566655427,0.630312895899318,0.0406813475889744,0.506556811180745,0.00550103920739459,0.683566740813793,0.0621033284999564,0.510448396687643,0.00855064199804964,0.807214289377819,0.0818815680116884,0.510185282055547,0.0077640323892127
349,50.5,29.011491975882,0.667274275273101,0.0497696373945284,0.503272928559153,0.00318115923975928,0.646538351703209,0.0514011310810333,0.511790230070818,0.0118657584611297,0.800913502612648,0.0944980562968218,0.520644944063672,0.0133540122973842,0.630032261948766,0.0404108205685172,0.507306537414535,0.00628659385282128,0.683784363945549,0.0631587211009642,0.511192398250151,0.00838313034456833,0.804994295935672,0.0849476133025554,0.508882190516134,0.00693804908650317
350,50.5,29.011491975882,0.668110649744996,0.0500184851862723,0.501982658308487,0.00137367332597562,0.647020925340946,0.0517068064473641,0.512972543631526,0.0123735462464523,0.798009209421692,0.0947686107384506,0.523233214944256,0.0161409760211639,0.6295115486787,0.0395367857396282,0.507202964786884,0.00494179757836259,0.683802542573642,0.0641829017538434,0.513838419583408,0.0124339791218481,0.80164177668077,0.087519691642044,0.509096193016752,0.00652471373418763
351,50.5,29.011491975882,0.667461630866009,0.0508510388718565,0.502793192994789,0.00296535202992235,0.647619186277667,0.0508376121305189,0.511067373174114,0.0111830666012995,0.800319905150258,0.0955181301486421,0.519822851590796,0.0127686639429527,0.630712250261094,0.0395882087352215,0.507565396487187,0.00449998169880933,0.684009858219222,0.0621679486904693,0.510238490360538,0.00968362489479564,0.803116241030137,0.0900336746024245,0.508527373455206,0.00619694694670704
352,50.5,29.011491975882,0.667079542299052,0.0515019928857487,0.502740392759994,0.00293498973534614,0.64830387979647,0.0496877244804675,0.511143694198492,0.0118949810413547,0.801479245546152,0.0947775739487334,0.52196103381629,0.0146412661860832,0.630807453467698,0.0404310325478155,0.506382033859105,0.00350677241994564,0.685066322754989,0.0610364722464008,0.511456891439635,0.0104930798958587,0.800722395211698,0.0898663693241498,0.509686074946721,0.00769602924052842
353,50.5,29.011491975882,0.666665842650018,0.0512151647489716,0.50352373982701,0.00375502738750117,0.649485302949276,0.0477305205989125,0.510783967727047,0.012841330663108,0.804171812310718,0.0932669473402992,0.519312226895666,0.0131435594362147,0.629764059241067,0.0404028904766927,0.507926625114416,0.00444316597647542,0.685527416662229,0.0587012091769686,0.51154026240851,0.0100402662776805,0.802184939586127,0.0910762022822587,0.508771661351116,0.00581235465362755
354,50.5,29.011491975882,0.665915165938501,0.0520266639411117,0.502373666548141,0.0022442822962503,0.6513456911198,0.0461613193971005,0.512342695294783,0.013164061320597,0.805373576773923,0.0946717749089262,0.519260468680372,0.0126612589703417,0.628870317963717,0.0406897176221437,0.508308873782925,0.00586593562623684,0.686415773871829,0.0564853499454134,0.51141518908045,0.0107248538065152,0.801736167272147,0.0907041720561838,0.508738730025102,0.005823963596512
355,50.5,29.011491975882,0.665490480256913,0.0529737577034619,0.502684199990137,0.00269204306589598,0.653252872727763,0.0440549108854623,0.511283925226053,0.0123325393278438,0.805176083602167,0.0938359499000883,0.519384574600206,0.0126376253383824,0.62882206327117,0.0408629834660636,0.506212851097813,0.00360472812524389,0.689486641523322,0.0541825945006493,0.513638192392449,0.0124018313102397,0.800171339314252,0.0900695548922698,0.509665212147333,0.00596980972104938
356,50.5,29.011491975882,0.665493060449585,0.0546691948708822,0.502858868237524,0.00283964226105843,0.65448987946174,0.0419383965821524,0.511090518069879,0.0130693116009758,0.803346815217127,0.0964721082307253,0.519480935612796,0.0137205850500522,0.628221565129256,0.0422334184375259,0.507332370884679,0.00526190745101872,0.68906486104245,0.0513784254684204,0.512028593251806,0.01004924594379,0.802363212254457,0.090025788574977,0.509497961895284,0.00565247170429696
357,50.5,29.011491975882,0.665875348726852,0.056326015176924,0.502616544131056,0.00262339573644218,0.655494919451578,0.0402419974600559,0.512884470294047,0.0142441751184589,0.80533858780881,0.0951492829154338,0.520305561178841,0.0164854876209171,0.629290892575415,0.043158935614518,0.507918072711442,0.00514508325680998,0.68985717288267,0.0493684043417841,0.511674597711622,0.0106030983004944,0.802083962902436,0.0888319636198437,0.510490780299555,0.00687699889839879
358,50.5,29.011491975882,0.665832382799045,0.0567446215081042,0.502159141365719,0.00182094445382778,0.656802223297662,0.039708095821928,0.51276520692789,0.0143496150150615,0.806222161060269,0.0931107795039473,0.519883034953996,0.0127110323376227,0.629216029632236,0.0437721620618965,0.506985375407673,0.00448188147804397,0.691340248159355,0.0484500150270191,0.511652860338527,0.0105601509473081,0.804651949442472,0.0882990743883247,0.51012714945859,0.006380259879231
359,50.5,29.011491975882,0.665451559318155,0.056573906187868,0.503575593357984,0.00363455482126916,0.656604370627616,0.0387629953587971,0.511085499589457,0.0133312161916435,0.808201844770871,0.0929853384401261,0.519288418527822,0.0119536596592234,0.629560008795107,0.0441611355455946,0.506600304203792,0.00403432010229258,0.692620809246442,0.0480037019145413,0.512030263361283,0.011679803188975,0.804512348556856,0.0882359963924409,0.510571125588739,0.00743072600234782
360,50.5,29.011491975882,0.66501756908062,0.0574373180233666,0.502595760610957,0.00330621902894173,0.656806922948702,0.0389642936540655,0.513703389194924,0.0143980911800445,0.805658182510693,0.0942053604069817,0.518751974006529,0.0121359245793281,0.62830696314793,0.0442923464245165,0.506907226643114,0.00505938758702591,0.693352018238754,0.0483801865575621,0.512803029221272,0.01206151566328,0.802409760844074,0.0894596038379218,0.510697111041232,0.00768687908484736
361,50.5,29.011491975882,0.663836266842762,0.0582366453939155,0.502651246283467,0.00333889902649261,0.656995755589981,0.0394427558900451,0.514589819306391,0.0161494312595517,0.802165525881036,0.0973886312812692,0.518535088929954,0.0113326472684799,0.628889001805758,0.0452946364333205,0.506399361257156,0.00384321147431699,0.693605534572041,0.0480865090808716,0.511704287083923,0.0110365381452873,0.803728287595045,0.0920714536336353,0.51133670827402,0.00823592140907246
362,50.5,29.011491975882,0.664104432266932,0.0597399497245331,0.5022678294797,0.00257194233264128,0.656603605025985,0.039474380946019,0.512596961265309,0.0135805385328284,0.800715840120618,0.100034405504173,0.520503032276006,0.0135001678316985,0.628522454531938,0.0458027169544037,0.506789737376631,0.00490316375187004,0.693285145490097,0.0480658778134724,0.51246704608355,0.0110516014064867,0.802518463336513,0.0945915302738593,0.511390156825817,0.00755767565002394
363,50.5,29.011491975882,0.663697816011682,0.0592034884884403,0.503276619045254,0.00382264461695384,0.656229102083078,0.0397991823375826,0.5127742195003,0.0132128194273482,0.801433435471878,0.102766731548152,0.517933808035303,0.00963607663736023,0.629178157105459,0.045849223824417,0.506199585947937,0.00400351340970968,0.693594367289302,0.0490511086238928,0.512787585594922,0.0119787303039284,0.802017899018112,0.0965764579989428,0.511368897545326,0.0074601931518736
364,50.5,29.011491975882,0.664010617034744,0.0586271941026236,0.502502114640013,0.00299450908372865,0.656260775924081,0.0402756715034332,0.514381660298892,0.0131332190183803,0.799684815499742,0.104150487561941,0.51910756529313,0.0128868736850793,0.629655931389468,0.0448189085683757,0.506035374886524,0.00329692961851057,0.692895811115437,0.0497843625937225,0.511207428997376,0.0111658498938611,0.804000720218491,0.0973311051380604,0.511314063331622,0.00698771643959869
365,50.5,29.011491975882,0.664924318049683,0.0571254417076606,0.502924814349574,0.00344566950856137,0.655977635075386,0.0405748191856112,0.513852320473489,0.0129121069243343,0.797154733717961,0.103085506731006,0.519873481050309,0.0121178298170899,0.629873655170768,0.0433848762281702,0.506024243022325,0.00361056046981109,0.693242875484192,0.0504262292413519,0.510908308341765,0.0111801118181217,0.802172671926118,0.0986561449552593,0.51088597970007,0.00721375488913084
366,50.5,29.011491975882,0.66575529090121,0.054814531697299,0.502747391809835,0.00305623804274457,0.656392632380683,0.0397408964998398,0.513950082036837,0.0122461875694143,0.800767891922587,0.103280927786982,0.518285708794942,0.0100034911683105,0.630638114117959,0.0418912996857302,0.506445091223637,0.00495955299356517,0.692795143249711,0.0505781626818441,0.511368976937579,0.0106533149150471,0.801519175227796,0.099715652821737,0.510661162154347,0.00693460009452654
367,50.5,29.011491975882,0.666725081384495,0.0530747740637087,0.502651902273094,0.00336572185688958,0.656252383441644,0.0390990172501505,0.513592525422515,0.0119446254660988,0.797082209743891,0.1034858071208,0.521192241999899,0.0149411218904695,0.631280817082322,0.0405826159708345,0.506298992467293,0.00401494933468018,0.692590907622683,0.0499904985785751,0.511099408202754,0.0097383741950036,0.80223900367928,0.101913195104583,0.511614227184422,0.00777428871649105
368,50.5,29.011491975882,0.667025196939327,0.0517646200641593,0.503247130847403,0.00469947435665726,0.656339778895849,0.0379176525141614,0.513017203568469,0.0109490278618129,0.798831584020933,0.10113020201242,0.519966109073556,0.0115764466918681,0.631337584619876,0.0398121796459352,0.505937402315041,0.00320891388177336,0.69387245325254,0.0486106797500042,0.512157048951917,0.00999191471698308,0.801526940035352,0.101547513780154,0.510611536917399,0.006685092042722
369,50.5,29.011491975882,0.668018298123745,0.0507282368152176,0.50268639070654,0.00277068770966617,0.656978434412379,0.0363421315464972,0.514842889316507,0.0162832504077123,0.799521348718403,0.0974214583419853,0.51903162498566,0.0102340264715423,0.632045315815255,0.0388225749814028,0.505674989405543,0.00337666263223149,0.694068817260447,0.0469020276426874,0.512003555369862,0.0106862502047002,0.800845732548705,0.100053946552152,0.510180043992571,0.0063712156814535
370,50.5,29.011491975882,0.668611520318575,0.0490148721904376,0.503436010126517,0.00347965813920902,0.656673017864695,0.0344684284154,0.51291083876888,0.012815532048744,0.800425479027782,0.0961028272489469,0.521364651751354,0.0133106088594127,0.632216283814004,0.0372219724226077,0.506292562917325,0.00415003443128357,0.694366830825902,0.0450283787167866,0.511708967663434,0.00998341277456153,0.800976510009025,0.0970223781390466,0.509787654032016,0.0057838448008424
371,50.5,29.011491975882,0.6691459726885,0.0474067243122284,0.502896230769487,0.00283515873757436,0.657980312152191,0.0330280349862485,0.516083863090955,0.0175754474074639,0.802367931697275,0.092057999004343,0.520006506511775,0.0111696710387844,0.633707702624564,0.0361635461538882,0.506453504999043,0.00356322476450846,0.694983762350422,0.0432263375786522,0.511015554940294,0.00881765581830342,0.802107789494514,0.0943842721839595,0.509571143959301,0.00600359510819288
372,50.5,29.011491975882,0.67008435673056,0.0456745501898288,0.503133334526479,0.00347314943448581,0.657744724233283,0.0321102255360996,0.512506838550274,0.0127106423812866,0.802001099132396,0.0897885309212127,0.520908611997453,0.0111072529240709,0.634000129095951,0.0344097395755177,0.506425193798138,0.00418161552286626,0.695510802785944,0.0415229727132032,0.513304947998436,0.0105648963095338,0.800483287284224,0.0924603942185834,0.509381358109714,0.00566196161269786
373,50.5,29.011491975882,0.671621756793399,0.0443047189951952,0.502086428190582,0.00185134188813604,0.657734688831982,0.0310929374030168,0.514717561104676,0.0139192203626036,0.7989101307442,0.0863334816124479,0.521620155637458,0.0149420166303005,0.635716074065501,0.0331233004902095,0.50611993235389,0.00365021828600283,0.69470327412432,0.0398037096151302,0.511763797852894,0.0085068465202419,0.800540708847244,0.090218508197065,0.509501250411967,0.00496801988137679
374,50.5,29.011491975882,0.671941768138627,0.0424943580130129,0.502474565531007,0.00233790469208293,0.657651327797917,0.0308560315401483,0.513875896589814,0.0129596363892664,0.800005198659567,0.0878542818392822,0.519692393763862,0.0101772936879252,0.636015064886979,0.0320554581186449,0.506229290177063,0.00488156488366724,0.69496767143655,0.0392729748581969,0.511446736132238,0.00853182733563107,0.799211794473974,0.0907074685098739,0.509878907215704,0.00570620468198352
375,50.5,29.011491975882,0.672557810274255,0.0409522588629484,0.503663910205269,0.00420849254501681,0.656806505264095,0.0303151247835187,0.512398411443253,0.0110239567444009,0.799361683519104,0.0901095511181943,0.520756311730266,0.0137341396292829,0.636474382908628,0.0309391753099419,0.506296825492113,0.00434328577177331,0.695049109229746,0.0393572384134275,0.512195492052756,0.0094114334806135,0.800216685683297,0.0918600418899834,0.5096050642432,0.00533784257229151
376,50.5,29.011491975882,0.672280233172182,0.0391358778305424,0.502792353936362,0.00288742859082143,0.657243901617113,0.0304394860429824,0.515306561296443,0.0144487988137452,0.798255877880303,0.0909687217561834,0.519444289625909,0.0110092141513906,0.636597381291847,0.0297252315364412,0.506468032613272,0.00471297216974017,0.694910009161759,0.0391682071294347,0.512864863531381,0.0109939192651061,0.798305800967355,0.0912495960672866,0.509153971449915,0.00496235276437523
377,50.5,29.011491975882,0.672420553369193,0.0386107325777841,0.502388766277962,0.00194855313992374,0.656618060239991,0.03109734301954,0.514552031825637,0.0138880945827629,0.799366657452665,0.0922774578106792,0.518787530128876,0.0100612485059014,0.63727240811273,0.0286626601645289,0.506542198564654,0.00528434832172401,0.694275234426153,0.039765984596741,0.512066924895366,0.00858861808736579,0.79958640740212,0.0916316829604298,0.510576435774013,0.0060647547731546
378,50.5,29.011491975882,0.673141551519005,0.0383516576086691,0.50242418195218,0.00174501368064146,0.655849537542701,0.0327229774250954,0.51402369429615,0.0132636785392562,0.800003038739607,0.0923193524681945,0.518383463157014,0.00920019272232456,0.637279703288196,0.0281042870964663,0.507015414614228,0.00505663550954286,0.692868933452568,0.0418086719767275,0.512040276812255,0.00786326197899348,0.799631525151543,0.0916811545067179,0.509322856260701,0.00530883480139211
379,50.5,29.011491975882,0.674060602061598,0.0381152350194465,0.502132243853346,0.00138688184953566,0.655065528720923,0.0351075493221815,0.514531369604159,0.0147195772388623,0.79980742723747,0.0922511744245702,0.517798984404116,0.00929774674158759,0.638054862585805,0.027897770758078,0.506809442365695,0.0042363727129489,0.691722020325745,0.0441671608231324,0.511660267424876,0.00973366365514848,0.802348276944029,0.091212362570429,0.509474709130231,0.00525458770717832
380,50.5,29.011491975882,0.675111556839963,0.0382574670150896,0.502577207401355,0.00257585133845426,0.653878148934604,0.0365659957460864,0.513556962791342,0.0129348554075384,0.799619075434769,0.0915176977510456,0.518762491611654,0.011191785303183,0.639269298802431,0.0283037211678895,0.507201987375765,0.00444292369401817,0.690421285656464,0.0460832372468617,0.511104514441766,0.00839942489191202,0.803048812775879,0.0902806091708852,0.509858829754321,0.00610684448042124
381,50.5,29.011491975882,0.67480025399991,0.0387128240699328,0.503603806266572,0.00382414486803328,0.653572820873177,0.0373249599623271,0.513308665715551,0.0145739421886543,0.801698620051907,0.0915335338077475,0.519081189693306,0.0121125146908783,0.638857354285013,0.0293170829114815,0.506508412884573,0.00485016923871861,0.690904618187589,0.0473145162407932,0.512146559658112,0.0100624989254247,0.805364113915264,0.088809520272737,0.509010483949987,0.0050424465053928
382,50.5,29.011491975882,0.675400455178246,0.0400297844093754,0.503243038438549,0.00292084120898935,0.654285725105073,0.037044945975669,0.512090519800604,0.0108310044249699,0.803464534867306,0.0922718692638313,0.518381157724914,0.012465656949877,0.63914790731492,0.0301412197767859,0.506251080554682,0.00408020853093208,0.691532755521587,0.0475151632674652,0.513613189757516,0.00984808951372276,0.804665252456292,0.0892413000974865,0.509491790134301,0.00534238889647322
383,50.5,29.011491975882,0.674922203837049,0.0406977027335775,0.503801485580779,0.00462265929816903,0.654016142951029,0.0362035551227093,0.511221589352527,0.0101967259565398,0.801951926001884,0.093472645574605,0.519215948307833,0.015289147465945,0.638792203043439,0.0306533356727935,0.50664784166683,0.00416472101878837,0.691334826999286,0.0473801818147291,0.511755220485673,0.00842096369067242,0.806763257995771,0.0901250471840981,0.508802051709441,0.00490922999623978
384,50.5,29.011491975882,0.675732908724814,0.041692337335873,0.503476340811267,0.00346082400734275,0.654878771864219,0.0360258421061395,0.509761341252442,0.00992504163338533,0.803067529139825,0.0959382243902802,0.520396095125428,0.015816494420918,0.638791622469907,0.0308907895869495,0.507057445362746,0.00413342401652294,0.690370243602622,0.0464647849804594,0.510285084350082,0.00693870569482791,0.806818678421467,0.0908192772140316,0.510076846396268,0.00683937198806462
385,50.5,29.011491975882,0.676464628358069,0.041907210088612,0.502905392034886,0.00216307042246433,0.654559046475992,0.0356171272920523,0.51193965514732,0.0118703962775859,0.801463752629556,0.0986017489556391,0.519785415852611,0.0134565439834232,0.638793166738613,0.0310005037872372,0.507037069478692,0.00517736793227315,0.690110740951661,0.0462104262033533,0.511680640772422,0.00696788699493248,0.807136229613483,0.092439037086631,0.509596355024528,0.00565797814389064
386,50.5,29.011491975882,0.677084893735001,0.0412595569214665,0.503011203414861,0.0025888765031195,0.654205546951139,0.0366238056030625,0.511645494255999,0.0119065896672233,0.802055118159791,0.0988166587566994,0.517694594935516,0.0114094244013367,0.639678211183254,0.0309565633754339,0.506784127206573,0.00478901858606026,0.689673993263237,0.0461559327076718,0.51114573738064,0.0069431436421076,0.808047124207814,0.0929554938253606,0.510389063580945,0.00705076464881621
387,50.5,29.011491975882,0.678448076349746,0.0409687881260303,0.502796880010141,0.00256586850988647,0.653529750791445,0.0373583843942292,0.510957507038167,0.0110857833988194,0.800082270961286,0.0983998633194087,0.519290016081482,0.0144806159793879,0.639922928506949,0.0307015193638339,0.505899846861002,0.00344257261074608,0.690449061028185,0.0464246709722079,0.510958356735782,0.00594133987944331,0.81019660309738,0.0937577145568422,0.510537431985123,0.00636191543107836
388,50.5,29.011491975882,0.679014399328525,0.0411471865339846,0.502580995077248,0.00178283147779227,0.654389278276598,0.0373788834168748,0.510381712087642,0.0102792136667274,0.799699920485649,0.0990117143158488,0.519225064735976,0.0129705313575375,0.639174022036222,0.0313815817852969,0.506870903158822,0.00485089852494427,0.68941458624638,0.0461634693886496,0.512266580589371,0.00810333024476921,0.808368518166018,0.0933689769248294,0.510453185713446,0.00664828838389777
389,50.5,29.011491975882,0.678764639210533,0.0405308786487873,0.503235040408883,0.00288900914587143,0.653708949143769,0.0372695459538498,0.509978446474531,0.00948703246984616,0.799245785403115,0.10017474404553,0.519227087895536,0.0142167816706516,0.639506202463791,0.0313284466762652,0.506071365615788,0.00416329749293078,0.689776936963201,0.045836453418566,0.512207293506601,0.00785424823622445,0.810467186142722,0.0947486339440148,0.509865410865043,0.00634333419613965
390,50.5,29.011491975882,0.678372188565002,0.0409443093206879,0.503632973180868,0.00353344005145686,0.653739654471618,0.036695125096209,0.509386729593908,0.00865623077799594,0.800122773224753,0.101288781427698,0.518482252225425,0.0113767132981691,0.639602070422167,0.0314778457219803,0.506958862375501,0.00505851383579854,0.689112536492906,0.0453089266771203,0.512345388719406,0.00756130633417727,0.809503300710043,0.0945425419166332,0.509697230251965,0.00598481750540306
391,50.5,29.011491975882,0.678205369879916,0.0418362709827098,0.502716982779297,0.0021121150693782,0.653824381947475,0.0355928846666774,0.510492032069045,0.00994557589849566,0.800530365329331,0.101855286882324,0.518013531887897,0.0115892034554338,0.63949043795135,0.0315829597161455,0.506746938138206,0.00418037143784301,0.688509373082034,0.0448043574770876,0.512965360667386,0.00802336494837184,0.808488281849801,0.0964904037456791,0.509936281156972,0.00662720435256632
392,50.5,29.011491975882,0.67656264986189,0.0419303298487989,0.502948646627757,0.00253284035892974,0.653739577321415,0.0352587078520141,0.510031391805536,0.0095995825000089,0.803304580965018,0.100773922742952,0.517106125618248,0.00931417552199137,0.639268392356466,0.031728729407481,0.506461022729881,0.00469166876896206,0.687472346208865,0.0439978584204228,0.512180877763067,0.00758874869964562,0.808674955298858,0.0950893924813023,0.510305656697555,0.00732261343885088
393,50.5,29.011491975882,0.675561968550443,0.0419142061198833,0.503803851230973,0.0037359076667198,0.65326654730355,0.0357933111340325,0.509788069462032,0.0101990438041438,0.804430011365386,0.098196128810703,0.517876778271197,0.0109763686112335,0.639048253784408,0.0316108469248445,0.505655969862637,0.00323707111349499,0.68740004778306,0.0449701427430538,0.512954674798943,0.00906125371277081,0.810241659666221,0.0918599487688549,0.51003852178065,0.00711159810165658
394,50.5,29.011491975882,0.675270276757349,0.0424494057378883,0.503967846443911,0.00431631226144251,0.652919042369737,0.0362511110405932,0.510713683317916,0.0117967951938935,0.805631163600149,0.0955638396524216,0.518507112488641,0.0106844384600795,0.638815396475182,0.0317685847336757,0.506527026229554,0.00403654360606118,0.68662963861941,0.0457423115262821,0.512332206439265,0.00845753720500901,0.8110245758292,0.0891337000323479,0.509597603780576,0.00676414953321541
395,50.5,29.011491975882,0.675741251996661,0.0427319736944137,0.503242164928597,0.00312215377654701,0.653207476461779,0.0366549423468497,0.513732857730248,0.0128633201199165,0.804900661800337,0.0907623285519594,0.520467563165274,0.0142497827536746,0.640133652636204,0.032386741439809,0.505628913712032,0.00371806642902641,0.685875027895247,0.046104571420181,0.511787215357349,0.00783633233012663,0.812528396454594,0.0856016153628674,0.510045184529076,0.00642870035804926
396,50.5,29.011491975882,0.676055108071473,0.0417254395734851,0.502538355707404,0.00235273858360141,0.653185992763275,0.0372161475218727,0.513538214638575,0.0124879610446053,0.810451514732978,0.0886361119317702,0.51890049657806,0.0117925358579571,0.639225238978774,0.0323992018641161,0.505593887093874,0.00379415809416717,0.685870945278254,0.0468434726161593,0.514012890535678,0.00921474533075286,0.811193827559526,0.0827381940203075,0.510149188587377,0.00608335326532385
397,50.5,29.011491975882,0.676055450377393,0.040589355626206,0.503077067369909,0.00307273265634218,0.652037536592477,0.0388249413855996,0.513501353940782,0.0129532964406055,0.811339064346006,0.0855652944540328,0.519719681426621,0.0128060857719181,0.638999307326517,0.0320797485586618,0.506165960464829,0.00394818877253366,0.684750962934668,0.0473811391824677,0.513155220290972,0.00855161951108704,0.813226208970902,0.0793146756302963,0.510110788208458,0.00622447637684794
398,50.5,29.011491975882,0.675255544510503,0.0396730454616445,0.503445067821006,0.00354293300339302,0.651150803457025,0.0402793989475584,0.513801839157625,0.0129725027451157,0.814531272884563,0.0835814044953786,0.519208220270876,0.0127829344426391,0.639372862942194,0.0322438327242772,0.505423487403758,0.00367968368981268,0.68407114486515,0.0493016091460087,0.51379040296968,0.01020498051915,0.812677579990172,0.0764107286243718,0.510241326988385,0.00664892896543193
399,50.5,29.011491975882,0.675655627718672,0.0390750824071428,0.503298083621969,0.00354075580270023,0.650547896267211,0.0414888787469561,0.514065804752663,0.0128904913802968,0.815035466889416,0.0830560842623899,0.520666511156925,0.0124615945990337,0.639612291260284,0.0319227534461247,0.506162194757165,0.00369321663881579,0.683118060563948,0.0512124146769775,0.511658602071395,0.00732411689570673,0.814754445482911,0.075212152237466,0.509729222745138,0.0054092039013758
400,50.5,29.011491975882,0.675763739998355,0.0390340054039046,0.503360027572516,0.00338831848911205,0.649916485367354,0.042277565742685,0.515504736225609,0.0132298037517349,0.815247662220058,0.0801512456881759,0.522231466664905,0.0123351468865805,0.639516552484753,0.0317289525584179,0.506496398785741,0.00466384836774799,0.682844300595572,0.0522587695655304,0.511134731304817,0.00718853739892428,0.815209550199339,0.0735502190679552,0.509608994706359,0.0050687341617914
401,50.5,29.011491975882,0.674597800763787,0.0399309332916085,0.503006363705751,0.00326062406717447,0.649911773198714,0.0414792906948037,0.514155424180186,0.0154364830841233,0.815469787540299,0.0784854632191589,0.521986078061929,0.013095171413171,0.638291613684516,0.0317707794250551,0.506518404742364,0.00456351975001257,0.683350201390318,0.0519708517265923,0.51223265823079,0.00775940953473796,0.814091934341912,0.0711230617092957,0.509245783345694,0.0050600361338754
402,50.5,29.011491975882,0.673365287944125,0.0414438324248624,0.503494577675306,0.00371475963380428,0.650024381532405,0.0409514192962302,0.513682353583543,0.0150263384971703,0.815994540587154,0.0776232313359952,0.521514546390122,0.0134013762867091,0.63761864388773,0.0320575068077267,0.506649425981163,0.00462374246459537,0.683633459675846,0.0509532775038868,0.511117365343887,0.00688210342465014,0.814292110724,0.0702807879401628,0.509573821710994,0.00525953414139552
403,50.5,29.011491975882,0.67297166615966,0.0437504671140724,0.502385650671272,0.00239603141401287,0.651460411774331,0.0402248912697342,0.515354734932258,0.0158763085448507,0.813296605303856,0.0768148154874484,0.522712249272035,0.014416383620029,0.636013542962164,0.0334270600432778,0.506484995006767,0.00394447835372633,0.684831896202068,0.049943557581096,0.513463200810397,0.00927135702108272,0.812513203159684,0.0713944915498875,0.509272891184231,0.00488280020492311
404,50.5,29.011491975882,0.672449859873443,0.0461048890658455,0.502535254187806,0.00293575065935941,0.651666136570648,0.0390816182370235,0.514256944542805,0.0153401294738832,0.813438360271226,0.078497638015228,0.522769075703126,0.0129071953517115,0.63640480350716,0.0352499448705571,0.506123244443796,0.00358933252622793,0.685436943484793,0.0475945742896354,0.511803915899925,0.00731538547692586,0.813516520951244,0.0723729335634012,0.50951683382477,0.00487868968461225
405,50.5,29.011491975882,0.671721560530719,0.0478154023185391,0.502624651176304,0.00293412718199371,0.652701248197688,0.0376996744764905,0.51478357667734,0.01318823577729,0.814826468068356,0.0778019356142193,0.522066995486982,0.0124104285436163,0.635857329066299,0.0361481436708598,0.506659072257618,0.00411048820811826,0.686183170584962,0.0467806883642582,0.513051607861781,0.00740338947107337,0.811926590835883,0.0735282749576272,0.509183756478793,0.00447755695799698
406,50.5,29.011491975882,0.671677216934337,0.0490041658046012,0.502994385244424,0.00295388747527173,0.652786432456734,0.0364644737028456,0.514187828231939,0.0136321967475208,0.816575328210257,0.0784829052918006,0.521620444409051,0.0119238360444936,0.635709167377871,0.0367807420974193,0.507125790130994,0.0046814683627377,0.686424372919548,0.0456942186238674,0.51254628035074,0.00811315659720254,0.813301062941098,0.0739558299308665,0.509125632588633,0.00486756127007663
407,50.5,29.011491975882,0.670661133059754,0.0497065678572547,0.503028210414501,0.00324465777223837,0.653650421986598,0.0351990471666385,0.51421108071817,0.0151205368408383,0.81679757056723,0.0773190930189775,0.521813480812067,0.0125842784976355,0.63498576299335,0.0369951294622502,0.507525625626672,0.00562178378868168,0.686705298647468,0.0449016769803255,0.510967909952546,0.00784392452422708,0.816256502081488,0.0739330600883361,0.509931449069752,0.0049276580884082
408,50.5,29.011491975882,0.669821508353746,0.0503894860856253,0.502860605864897,0.00384340749759297,0.653436264515695,0.0341290092840781,0.514362043791206,0.0154625437762313,0.818677784677479,0.0767388673468091,0.522134100491615,0.0137131267777361,0.635412652439097,0.0373112150047138,0.506535388058125,0.00562158909834274,0.687467606002759,0.0443116219550184,0.51207067838826,0.00949412068102526,0.815541669273201,0.0752317896467368,0.509475394840842,0.00511595288199116
409,50.5,29.011491975882,0.669001301890385,0.0515633762263101,0.502402756855271,0.00249686040793079,0.653618470267595,0.0338046364563784,0.51403138088692,0.0139537123436041,0.819015027767987,0.0772825064516231,0.52200017015427,0.0126399814092364,0.635196677583014,0.0380738849228776,0.506521201211961,0.0041986571906407,0.687348679209114,0.0445059835439344,0.512449179550974,0.00900415868841811,0.816940211684192,0.0753657625971454,0.50977966521479,0.0049978178108361
410,50.5,29.011491975882,0.66750666066887,0.0528375964794553,0.502626124002988,0.0030630524680031,0.653538990355362,0.0342439706050934,0.515156849892227,0.0159978829441417,0.817736241305504,0.0772092651087785,0.52088743107994,0.0116650460449653,0.633711498718928,0.0389395661090839,0.506459943177517,0.00455732305536282,0.687738978247075,0.0444066694862814,0.514400544851394,0.0115484198672737,0.816774325358618,0.0731214645270985,0.509979572066433,0.0053167132566307
411,50.5,29.011491975882,0.66592464548063,0.0535998361789344,0.501944870288377,0.000984224160203344,0.653533778189152,0.03467203644446,0.514720161865109,0.0152386750362949,0.820524008177373,0.0772228694076522,0.52025666270857,0.0111033580374162,0.633343586340621,0.0397722551328376,0.507770985110153,0.00620550451442612,0.687009163551421,0.0450586246120398,0.511182293509141,0.00871670515433959,0.819995723207297,0.0716913892463202,0.510193715415228,0.00538894520546661
412,50.5,29.011491975882,0.663949156722761,0.0541660290651313,0.503105000724184,0.00321257568676668,0.652942197019655,0.0354390899296961,0.514222399669687,0.014753722324754,0.822075862298527,0.0774611501996317,0.51986155006307,0.0104795847207094,0.632364262809123,0.0409496598981049,0.505783275169907,0.00357333842241177,0.688073264967258,0.0464326892772862,0.51164059431236,0.00874635993047565,0.82197550015192,0.0704586107287085,0.510831888111622,0.00572879558873725
413,50.5,29.011491975882,0.662430274187296,0.0553396428040927,0.502119670051932,0.00182527343252553,0.65344352060376,0.0361301093375824,0.513903806917256,0.0147817175320562,0.821964313914744,0.0771634671027963,0.521791076094556,0.0127929733952557,0.630775274041662,0.0417294527297248,0.50666938061472,0.00426915789747034,0.687053553728018,0.0461544552539394,0.512147079901397,0.00961500138477051,0.821212271176587,0.0693134840893021,0.512077862149815,0.00845999584910531
414,50.5,29.011491975882,0.660600592090088,0.0558058315033743,0.503000415417304,0.0038615864065266,0.652632556613698,0.0364703199381136,0.513233036365837,0.0153888822649346,0.82658861513136,0.0771507749665006,0.519953902088706,0.0103537782431802,0.629320870083171,0.0431425832735349,0.507762657006423,0.00586289767972255,0.686442593387165,0.046117777506286,0.513942478896773,0.0115829386355161,0.823500269201596,0.0683045602523162,0.510332703104827,0.00598037649124764
415,50.5,29.011491975882,0.660343106500467,0.0570787047058883,0.502332433766647,0.00219047408947631,0.652680609879315,0.0368285196427166,0.514276585053287,0.0158321493390483,0.825464539091462,0.0777764232123115,0.5203120073526,0.0114480849831544,0.629447128894905,0.0441523041522814,0.506693983362792,0.00443059138430777,0.686692642333936,0.0472196629071758,0.513058130674417,0.0120945230132769,0.822981105742509,0.06754212222784,0.511201707734379,0.0076671914754699
416,50.5,29.011491975882,0.659927524771092,0.0574374573271696,0.502766445230559,0.00291867137720816,0.653076098635493,0.0374482996476234,0.514165603959721,0.0152433261002727,0.825663969068858,0.0768433491765785,0.520078948575901,0.0113345242801904,0.629584768641799,0.0453429089147242,0.506821967033618,0.00549536887012796,0.686256121383028,0.0477783272670222,0.512873991826404,0.0109009135135972,0.821531499443715,0.0686307012837162,0.510950421602796,0.00611640567412437
417,50.5,29.011491975882,0.658374348109467,0.0562775798491098,0.502983287163625,0.00321370300658168,0.652232660733871,0.0378751981813792,0.51549742576484,0.0158196435782827,0.822193438878653,0.0747494766240004,0.522562044759016,0.0141964759580221,0.627603534184623,0.0443931305903278,0.505401169740476,0.0040892167064067,0.686856749758809,0.0486056706759476,0.514359775048132,0.0151894216289645,0.819448020098863,0.0684939697175278,0.511392132202405,0.00641294296300056
418,50.5,29.011491975882,0.658149638109778,0.0557438957223269,0.503456276864971,0.00371325194576333,0.652084230281337,0.0390866222126216,0.51615884776473,0.0165596487340618,0.822428447275336,0.0727979529284225,0.52010317898783,0.0107597620311629,0.62766499854654,0.0445173331337159,0.50574325469827,0.00351279423844179,0.686013518272721,0.0495078000285688,0.512291435645426,0.00963823362996751,0.818235206757412,0.0703580912207679,0.511339988432397,0.00687425551494445
419,50.5,29.011491975882,0.658398273950807,0.0552578084054919,0.503334036376518,0.00420125778207896,0.651708491110308,0.0402006637770993,0.516504149017449,0.0158122682131023,0.825677731741164,0.0715667617485673,0.518940720404664,0.00990020779631778,0.627793041110163,0.0439785884242614,0.507353753504299,0.00490919253033695,0.684549560504114,0.0510291948431568,0.511357333787065,0.00885769852583734,0.817681978420392,0.0700443227772393,0.511007608242775,0.00604370729680181
420,50.5,29.011491975882,0.659615395508842,0.056470268601931,0.503173997464399,0.00401882208585675,0.651896151628224,0.0411386031743415,0.516286835139478,0.0158641921383261,0.823510015256592,0.0733227716608911,0.519167834133865,0.0109561209823382,0.628132107836401,0.0440893150083596,0.50572939537367,0.0031548072719972,0.684932113132333,0.0531170775901915,0.51083731249035,0.00873013493960885,0.817377419079326,0.0714509466567667,0.512496093988095,0.00707615003957193
421,50.5,29.011491975882,0.660283809298071,0.0575354864090468,0.502133188532474,0.001692056750583,0.651903603546283,0.042568205114394,0.515574491745833,0.0151646344291957,0.82099374756608,0.07497721848083,0.519705024421919,0.0114762753241328,0.627744197390368,0.0440925625355758,0.507580354682035,0.00568767933203329,0.683129370520361,0.0547736875303054,0.509763368059445,0.007831740091497,0.8153215194643,0.0704965693545679,0.511887214118547,0.00593789202817827
422,50.5,29.011491975882,0.660169139532227,0.0590186320515272,0.502751156222148,0.00294251956735344,0.651154726354352,0.0440465210564312,0.514510651530778,0.01426052854953,0.816703333394024,0.0766315933991818,0.519162913376382,0.0107138272086087,0.628327505325544,0.0455847577419738,0.505632877254965,0.00272237145336102,0.68375875684668,0.0573836010796003,0.510713586816369,0.00779052476304771,0.814577763457749,0.0709453673869255,0.511131218472183,0.00567742306459127
423,50.5,29.011491975882,0.658951586796865,0.061101532579483,0.502431560623211,0.00224478952799153,0.650640031152768,0.04523426300939,0.513939630116073,0.0132496842268081,0.812391061171741,0.0778678694407381,0.521250303848843,0.0132895153104682,0.626542627995789,0.0473294586431833,0.506523996683841,0.00466110816133011,0.683919031502127,0.0591651992675586,0.511866117859536,0.00965193546750269,0.811394400308104,0.0726124317233419,0.510950361262686,0.00559956004889078
424,50.5,29.011491975882,0.656815202587815,0.0621888767337763,0.503077644502832,0.00399927726451258,0.650654798077424,0.0461126151671819,0.513519544993718,0.0136466280730004,0.811552040079578,0.0815498609211368,0.518498474449887,0.0100876407826119,0.624582797853371,0.0486836902864261,0.50737693402828,0.00440351225087832,0.683885435139596,0.0604990787097454,0.512289118883881,0.0114284012036221,0.806945339707509,0.0756050796211832,0.511508509327426,0.00712420574252342
425,50.5,29.011491975882,0.656153568644886,0.0637123632540971,0.502394344222309,0.00214532707616844,0.65035194046562,0.0468933605850777,0.512454402689423,0.0130270782751776,0.807001516287354,0.0847277904882552,0.520427841438434,0.0132781190007797,0.624120820454057,0.0499057650769394,0.506231017095678,0.00340740566696568,0.683914745999718,0.0607229927081775,0.511268227103056,0.00894192042370351,0.80703799325095,0.079086342527663,0.511210764790639,0.00659330106661529
426,50.5,29.011491975882,0.654900135994566,0.0650049476348398,0.503155953103834,0.0034854243838899,0.651006799820178,0.0471837898014127,0.511997838437782,0.0124460442562362,0.806443331557293,0.0913280560987524,0.517881736417369,0.01049064222333,0.6233202326324,0.0512569180567614,0.506291699894227,0.0031033663017324,0.684380301871071,0.0595124492582375,0.509892270717636,0.00738471171809448,0.807239278915723,0.0821868744744203,0.510490637784171,0.00549138874500653
427,50.5,29.011491975882,0.654404587572716,0.0667783732246784,0.50244727020259,0.00226483268654287,0.651574609482277,0.0461556321566545,0.510865165464518,0.0115989945689325,0.806488498510088,0.0939137483936223,0.519750811905632,0.0113162269183483,0.621639044026738,0.0521715059791976,0.507700004368198,0.00466447320338705,0.685102601802338,0.0575844973368297,0.510832896959727,0.00844928605172204,0.805850288381727,0.0859646687473021,0.510263710413444,0.00482543756675125
428,50.5,29.011491975882,0.654127757124686,0.0682488309298213,0.502598116724135,0.00238129641064215,0.651820257137907,0.0446537619323024,0.511008120163465,0.0120153688827755,0.806914270919656,0.0944471973477558,0.518904838238322,0.0106448589167389,0.621901814672805,0.0529524277597744,0.508231339435055,0.00524989924235515,0.685041210093703,0.0561119447756248,0.51126915298398,0.00754499420201184,0.805903321322732,0.0880362501670708,0.510189450016353,0.00594655896893605
429,50.5,29.011491975882,0.655004721305579,0.0692061534683968,0.502408626889935,0.00232736791266364,0.652377649721419,0.0436411952672261,0.51158697605484,0.0113792132075306,0.805472656443182,0.0946367028606175,0.520661775668,0.0138764246236087,0.622603134190806,0.0541013103064769,0.507183288593082,0.00473224926347425,0.686186710816876,0.0548141801550401,0.510552779477646,0.00665539230219774,0.807275450205767,0.0902072672843413,0.511182901032054,0.00673670554137609
430,50.5,29.011491975882,0.655865088431258,0.0690509253365744,0.502470564492496,0.00258613425211455,0.653890501269622,0.0427279720701289,0.510746048318494,0.0109225709917175,0.806529831177807,0.0944877973764466,0.519968912494953,0.0117807104105419,0.623375117195234,0.05374503795207,0.50659527916725,0.00363290711187615,0.68799218508742,0.0542808425219787,0.511675139876052,0.00942850140132227,0.805306609772737,0.0910379787107091,0.511571760622336,0.00693903908560935
431,50.5,29.011491975882,0.657752211855635,0.0677875411965573,0.503186865572555,0.00359683325272353,0.654508671460199,0.042043669953134,0.508002538419217,0.0102254039163888,0.804968154844899,0.0972945288700141,0.51985255167424,0.0100545391731697,0.624889668609371,0.0533596396128416,0.506148324378428,0.00373024029237644,0.689050488174109,0.053236123688477,0.511383215449748,0.00784716338497858,0.804887096735506,0.0917751130141124,0.511497229721388,0.00710333436703161
432,50.5,29.011491975882,0.659320176769904,0.0658496694239148,0.503021717115996,0.00343657288979714,0.6554236035668,0.0410689424213884,0.510959801408756,0.0125406842504739,0.804377555787703,0.098234049312005,0.522281237347036,0.0145090713228798,0.62604724859135,0.0516916067691669,0.505638698232196,0.00340848302946933,0.691069079457233,0.0521443642403489,0.512315912820267,0.00955311761760994,0.80290386520579,0.091855897592998,0.51094550971662,0.00659197560700242
433,50.5,29.011491975882,0.661176177023777,0.0638958947202269,0.502905379642264,0.00318336531912458,0.656151670223813,0.0398202055355376,0.512174887800352,0.0123794366962095,0.804779878807399,0.09734654793424,0.52109164326452,0.0112366187975853,0.626645193470593,0.0496804422686492,0.506087602959771,0.00344439945592084,0.692226517157944,0.051134274576981,0.512709972403267,0.00991687511028396,0.802906811372993,0.0907188210320712,0.510856645669684,0.0066820418412739
434,50.5,29.011491975882,0.662367157887845,0.0626035740478231,0.50194453430846,0.00151164129598268,0.657239068590713,0.0393565069617799,0.512105951007856,0.0145319410874202,0.805548222128707,0.0939865539353821,0.522380944998252,0.0123391133108358,0.626821334122063,0.0490068225876926,0.506488012576842,0.00396433103444224,0.693159708270164,0.0496716090141842,0.512301162679904,0.0078423508377591,0.804053918783212,0.0907307724292372,0.511099652654028,0.00756917533768313
435,50.5,29.011491975882,0.662481982633026,0.0618787576487713,0.502247301717955,0.00297220296123311,0.657580685867978,0.0386768522617565,0.511771744411217,0.0138078076175355,0.809678597280866,0.090519387786324,0.522670950017746,0.0147136044278895,0.627332965983164,0.0488872398708348,0.507955951646206,0.00524558391779811,0.692573452299955,0.0489962663593434,0.510603986173211,0.007185861782386,0.806994176917242,0.0909784020922537,0.510534876154867,0.00671517860190289
436,50.5,29.011491975882,0.662879954491394,0.0605750086995593,0.502636577944939,0.00265550459295021,0.658424310159212,0.0382687329399433,0.511878274417384,0.0141931329573896,0.809544287394576,0.0906955169804794,0.5210738190714,0.0136847560201255,0.628065856438897,0.0486951621508207,0.506712273620667,0.00394059817701447,0.693440031317699,0.0489071270310995,0.512293394743823,0.0073366308741878,0.807512078971187,0.0873195062061383,0.510663663592359,0.00685936773313441
437,50.5,29.011491975882,0.664178224046845,0.0598024935158161,0.50226598131683,0.00212546551883184,0.658554258385308,0.037415013582345,0.510873815130312,0.0126597434320235,0.811340866593599,0.0900905008593985,0.522569321844456,0.0157383348270552,0.627908721978055,0.0480184480119133,0.507470453948232,0.00479509298568226,0.693483064983336,0.0464941780532281,0.513049080699072,0.00847840033680245,0.80677978706084,0.0864899867821972,0.510781810233445,0.00659989982194615
438,50.5,29.011491975882,0.664452543934087,0.0578836730909432,0.502881788196252,0.00288785953868281,0.659493080447285,0.0360568408140097,0.510276647965435,0.0125973058325085,0.811227489357611,0.0917605878197022,0.520816907216073,0.0141589739294573,0.628038505023918,0.0464264265247134,0.507794144679444,0.00507738504841491,0.693399019627989,0.0438911694221354,0.513373045048866,0.00861170506854319,0.805687103434389,0.0857648087708741,0.511006787453056,0.00733715827181541
439,50.5,29.011491975882,0.665720450290121,0.0561782986850393,0.502836193618033,0.00275183701835319,0.660413420093997,0.0338410121672273,0.510540320936879,0.0132583633978949,0.809238432536472,0.0912055964964858,0.52308966224693,0.0172617292276263,0.629738624601675,0.0448182420176784,0.506182761600677,0.00394137365660638,0.694538826999293,0.0417624887893915,0.514355245117748,0.00928429217462774,0.806460727439777,0.0859964524348423,0.511110692764279,0.00701789511212757
440,50.5,29.011491975882,0.666669987457058,0.0540419968078751,0.503562019362559,0.00358180004156974,0.66005683046801,0.0322164648298393,0.510305638581269,0.0123532308999873,0.810897024561378,0.0916230669823771,0.521317077223954,0.0154469113792576,0.630153303530974,0.0430883697568456,0.505738747668112,0.00385748864486194,0.69482118678414,0.0399748975369922,0.5169422212066,0.0123192032745173,0.803068926218629,0.0849163989494077,0.510895529312414,0.0064494426315736
441,50.5,29.011491975882,0.667770657351526,0.0518723270985096,0.502249511277526,0.00222919602949712,0.660588261706704,0.0307312775628407,0.511537968767091,0.0147698880203693,0.808776993434654,0.0947131053320093,0.522936695271777,0.0173721968276988,0.63066605704126,0.0408720055349519,0.506494237167807,0.00430890373257257,0.694210759471412,0.0384590817280724,0.51622522909708,0.0098796777434731,0.801993594702787,0.0860513132299394,0.510647354470822,0.00669274855567904
442,50.5,29.011491975882,0.668286179625787,0.0496981952599629,0.503556799233337,0.00358608345174033,0.660862222293089,0.0295364080712189,0.510465332421548,0.0137681366178006,0.809218769047109,0.0983406770068566,0.520828412240338,0.0143568273628967,0.631878122279742,0.0392910668157018,0.50630775739861,0.00392093998065371,0.694103877333584,0.0371889060254157,0.514409082819503,0.00988389096028509,0.802679303340132,0.0890071898282724,0.511217372024432,0.00649962275308684
443,50.5,29.011491975882,0.669339545168795,0.0477835482072077,0.502669742381432,0.00247502511902922,0.661502390658801,0.0287467351596183,0.510764924254183,0.0144728263856509,0.807616122726035,0.100848733995404,0.523241434764163,0.0153251903059747,0.632539512293951,0.0374133867144524,0.506959634273423,0.00450148761378287,0.693951249202753,0.0362413801726805,0.514928664086435,0.0106897691156974,0.801051226359275,0.0936436244521175,0.511550313489081,0.00735117571097877
444,50.5,29.011491975882,0.669605770552003,0.0462801642503236,0.503106521130638,0.0031325963115684,0.661701955081718,0.0287350092582964,0.510131999344448,0.0135537872055246,0.809183871582917,0.103559527862171,0.521844248892114,0.0134370877181224,0.634045951160764,0.0359479155983713,0.50639569976993,0.00410553135092379,0.694217611089508,0.0356835325788855,0.515104981536328,0.0109098633550848,0.800612676263017,0.0969513005287431,0.511211612057542,0.007585924148391
445,50.5,29.011491975882,0.669450132036788,0.0449935122729504,0.50361423123869,0.00376383614707349,0.660753514674752,0.0289069774163028,0.509943747357541,0.0128774621845658,0.811089455761905,0.107131297175357,0.521791865443175,0.0143049005195367,0.634346588082467,0.0350652763819912,0.507038009523017,0.00529275805308649,0.694154866785952,0.0362966084282347,0.513447865703469,0.00830361382127805,0.80198092063991,0.100405078741596,0.510469713941213,0.00588395674118954
446,50.5,29.011491975882,0.670199368314506,0.044815606364207,0.503602572351064,0.00356980633507318,0.660142620353851,0.0292931047399491,0.510377461783976,0.0123190293869439,0.811177858961115,0.10808639310844,0.522273583173212,0.0156579641159293,0.634465375691625,0.0349533037179609,0.506808549381562,0.00418777430189957,0.69433246516729,0.0371199999055998,0.513544837462659,0.0088234302842834,0.801943279540265,0.103067044406865,0.510646560509465,0.00580149111328618
447,50.5,29.011491975882,0.671059580348988,0.0451121529539626,0.502550241022604,0.00264805711068747,0.661105711187002,0.030003822914351,0.511243446694013,0.0123742856131256,0.814607872768941,0.108215573736669,0.522645151902311,0.0157008440901522,0.634472988839378,0.0342025292698845,0.507273836962005,0.00502408813476862,0.694478509190931,0.0371358064028478,0.514649743400524,0.00924337600557979,0.800786632802226,0.104067637736399,0.51181147666772,0.0070195879146023
448,50.5,29.011491975882,0.67221022248863,0.0449955117614428,0.502532607198797,0.00306898621013742,0.660570145923417,0.0303408896809442,0.511800542735471,0.0129071295354962,0.812763919273555,0.106504132237909,0.524930510548076,0.0185978607262692,0.634814311333431,0.0334103656927622,0.507448558396383,0.00514854324677366,0.694879901668352,0.0382543888908189,0.515404359629659,0.0110765300083163,0.802636126691911,0.103213020717629,0.510607211707991,0.00523918673550582
449,50.5,29.011491975882,0.673178694410634,0.0445498006446529,0.502413316541253,0.0020625069274416,0.661180080919107,0.0304172141117168,0.512097755671243,0.0123619913776095,0.816363068309519,0.101556695534671,0.521568309942218,0.0137608045559225,0.636714152247789,0.0337465154294374,0.506128300739528,0.00348303463215153,0.696128858942654,0.0379821714058584,0.514260335203717,0.00801608185006559,0.803845104541819,0.0997502632030782,0.511168680008965,0.00635918826513944
450,50.5,29.011491975882,0.673612227504111,0.043447576311818,0.502408581034873,0.00223460269991402,0.660783676754627,0.0296212152770245,0.511705768506681,0.0118288807602842,0.819517904143744,0.0956207248429405,0.520444660745574,0.0129878553040084,0.637603211822857,0.0330072859902639,0.506190577233286,0.00362370939126981,0.695987658682444,0.0372807714116721,0.513156910067687,0.00916983648620448,0.805885823593948,0.0949086099645012,0.51079934278182,0.00597520079648919
451,50.5,29.011491975882,0.67437004521721,0.0425279542592594,0.502498828206861,0.00226386108769203,0.660232493443888,0.0297412470825434,0.511995096327944,0.0111901234256891,0.821776903318289,0.0891483935508054,0.52003171690787,0.0118780032311212,0.637377227292856,0.0314981693290433,0.507908113073711,0.00568637282603742,0.694803175748589,0.0371996734398117,0.513886804684282,0.00884098325759832,0.806195907462335,0.0885618969816485,0.510376714004255,0.00560675897241283
452,50.5,29.011491975882,0.675003872301931,0.0406354565941064,0.502840012760586,0.00329739756267407,0.659723975586649,0.0304811522044833,0.511433468530197,0.0105187709731575,0.824336360274428,0.0837614341935678,0.519791670189228,0.0118387619833764,0.63887608485931,0.0303347273647247,0.506931164540711,0.00421351098734169,0.694460742802807,0.0377561666223052,0.513217144607333,0.00769920719703708,0.809212389898182,0.0841094858000045,0.510641446561452,0.00724381207221165
453,50.5,29.011491975882,0.675069637264663,0.0401566387810454,0.502260529588831,0.00191373714320159,0.658768091675943,0.0314643727738442,0.511458262826279,0.00994717432296688,0.823482632343276,0.0798714406645466,0.51939738013117,0.0119694283262785,0.638874153715048,0.0297964893429435,0.507369264488219,0.00537469847873033,0.692914050541061,0.0392727686298191,0.5122214716743,0.00697176062001457,0.810187832447823,0.0815249538514033,0.510094128000719,0.00547432797423249
454,50.5,29.011491975882,0.674670284976456,0.0402581095940002,0.503045594093839,0.0032512169836341,0.657056036775625,0.0328221987531613,0.511778784145027,0.00966792562416992,0.824100546766611,0.0783739339424608,0.518800658015153,0.0106513913224012,0.63802634677473,0.0296944436743117,0.507347710599639,0.00577045512303022,0.691866944371375,0.0413313898949825,0.514794206867389,0.0104499326542473,0.808804614361523,0.0789357379730176,0.51042076651458,0.00529822783539912
455,50.5,29.011491975882,0.675135639552509,0.0404308012766672,0.501865644113484,0.00113439717318505,0.657110898786187,0.0349879244735337,0.513301526914581,0.0125555967741802,0.821275899428736,0.0798817876793383,0.520257245187983,0.0124312479000832,0.638711414345414,0.030803500195731,0.506668527764212,0.00414458703626648,0.691056772015729,0.0432120151101843,0.512637740972941,0.00769510382477618,0.811422257832891,0.077517624136072,0.510541816041057,0.00517761263780033
456,50.5,29.011491975882,0.675294169993907,0.040930391970322,0.502300943960557,0.00237183917043676,0.655317632162978,0.0364468152474399,0.511297181618608,0.00926712511472799,0.821183501211554,0.0797337812497365,0.519327031010602,0.0114334673999575,0.637603698482601,0.0313593224419749,0.507272500862953,0.00453178824519675,0.689026668066487,0.0448751801993417,0.513797461155332,0.00982238764058526,0.811594912851716,0.0770922139509626,0.510230386338201,0.00516613474180751
457,50.5,29.011491975882,0.675791872706515,0.0409165163552629,0.502466455351143,0.00246671493973543,0.653668026565658,0.0388799084987823,0.511276772733976,0.0086991199510755,0.820001398214651,0.0813569666876924,0.518295361866004,0.00954204690907939,0.638008173205489,0.0323043108053474,0.507953218740179,0.00531937427635184,0.687799018212043,0.048327687950715,0.512865449313394,0.00703646540271282,0.809744134470607,0.0770321905938668,0.510671787724631,0.00540395244760538
458,50.5,29.011491975882,0.676717399713663,0.0406955908596071,0.502383124493662,0.00260202875423615,0.652930863844536,0.0415245446143945,0.511175584166007,0.00926644485102418,0.817687918016675,0.0855975382035374,0.518211125997267,0.00914828405034977,0.638255106917689,0.0320811585446595,0.507052580160415,0.00512478721191166,0.68744395055561,0.051387040243594,0.514002006518347,0.00913341918859762,0.806952471259795,0.0777364817022556,0.510830117339086,0.0058982026043763
459,50.5,29.011491975882,0.676581139753528,0.0405590245209824,0.503106399955096,0.00470451963799228,0.652713662924522,0.0431319996336142,0.511230283894101,0.0094916010959241,0.81233978437592,0.0903466813217047,0.517890469062247,0.00873359485922136,0.638476106940888,0.0324564006781902,0.506281570667684,0.00444552415051557,0.688450877168187,0.0530600054263449,0.513951948212091,0.00908025885184479,0.804181462091312,0.0810018166982546,0.51048418027771,0.00581790197040648
460,50.5,29.011491975882,0.677151620682067,0.0398475917605347,0.50300221022653,0.00334544511452566,0.653436472576288,0.043145036411229,0.510542488980904,0.0101367596137682,0.809149212212588,0.0966598945648194,0.518302677812924,0.00924133701677471,0.637844077561751,0.0323196363234511,0.505464338094431,0.00333602973582287,0.689934934020741,0.0538220997856072,0.514805148294437,0.0102554564960381,0.800867967360552,0.0844193818404719,0.510121063150445,0.0059231220089187
461,50.5,29.011491975882,0.678398661858805,0.0390702547146151,0.502038592481047,0.00174023737269234,0.654571075401721,0.0436618304692106,0.512965979167067,0.0118704005351247,0.806085589500139,0.103070239380079,0.51725622024377,0.00816263458498981,0.638660757533537,0.0318160231174321,0.505877964784826,0.00389291121350612,0.689616496647367,0.0538637732296565,0.512530448693059,0.00779725044913236,0.800079474392453,0.089504371273681,0.510233444533023,0.00504125184025186
462,50.5,29.011491975882,0.678543417637215,0.0379714449173101,0.50286709798084,0.00325898761819559,0.65487842636741,0.0427787220307638,0.513394775576517,0.0117153151884578,0.801822385683942,0.106920943994203,0.519304732510743,0.012686380499438,0.638532991844591,0.0314792161465914,0.50526439351489,0.00325330001926899,0.690840223929877,0.0533390222739985,0.514592258768389,0.0104355184885002,0.797032302837553,0.0927986038158075,0.510357723873555,0.00514324904344103
463,50.5,29.011491975882,0.678882422478927,0.036821674832402,0.503080411840405,0.00329698288758911,0.65542190742142,0.0425289038287107,0.513656156766836,0.0121945295010484,0.800450990342738,0.108626948765707,0.519814871090796,0.0125982744224688,0.638088102771773,0.0305358747855571,0.50647502675883,0.00446202923691535,0.690958492318695,0.0520139434996417,0.514535909672001,0.0107668115498161,0.794828625085725,0.0959362196132027,0.510029314252976,0.00534618435797384
464,50.5,29.011491975882,0.678661689608333,0.0358685251470932,0.503048359157574,0.00373336296420591,0.65573851920049,0.0424101613802785,0.513903632441474,0.0159844371798707,0.800373063776779,0.109230195678891,0.517176136748291,0.00978509949876962,0.638782128242457,0.0310086187031639,0.505830295948625,0.00405914617313539,0.690896928440685,0.0511805083607059,0.514308922164076,0.0102857979412159,0.794651562644606,0.100011683671491,0.511186025598712,0.00711564059502875
465,50.5,29.011491975882,0.678999403696794,0.0355937782493162,0.502584844674087,0.0029920314447083,0.65584073967928,0.0421390493919737,0.514062683716513,0.013815310821693,0.799295318310526,0.112868164087371,0.518180137174185,0.0113070764593627,0.637932857270205,0.0313555931268357,0.507357004720745,0.00472810927900009,0.689611778679919,0.0497054681596235,0.513141899963463,0.00771625534221915,0.795110223774743,0.102051424391206,0.509773137098915,0.00499394230658311
466,50.5,29.011491975882,0.678750321229671,0.0357323671839562,0.502900325385734,0.00371727032644843,0.656016666110116,0.0417940030933024,0.51407909757687,0.0156000670483423,0.7991641884842,0.113312748970325,0.517452218872925,0.00956138259131841,0.637445140896643,0.0308750728547632,0.50737226194451,0.00540845773882265,0.689379867601431,0.0489735637538792,0.513949307359559,0.00996477654964542,0.792935065959292,0.103443323959604,0.510163333621307,0.00554525706473095
467,50.5,29.011491975882,0.679711464693303,0.0361121878874868,0.501967436852279,0.00162532966032941,0.656073770837655,0.0418825544804935,0.513760786873645,0.014165618443247,0.800379665171315,0.112197250226575,0.519148284669586,0.0126048747894736,0.639497990164272,0.0311788538868317,0.507317699108979,0.00393655481955233,0.688693028638132,0.0487943252725634,0.511458708032573,0.00695314555262665,0.796383102018511,0.104783342388406,0.510998890802607,0.00715944412162095
468,50.5,29.011491975882,0.678955858814791,0.0365206366415899,0.502430710421457,0.00240413569535486,0.656003981562814,0.041937061552744,0.514551187386539,0.0148254650708589,0.800829452052425,0.109519827129004,0.51714180133031,0.00971645142585493,0.639539494716964,0.0310956787932948,0.507043828298858,0.0032728749258756,0.688783664744558,0.0490997271427819,0.512855308196036,0.00945366128495978,0.797393465336852,0.104466529362179,0.510596635039238,0.00657804979293736
469,50.5,29.011491975882,0.678377523040941,0.0370401735092481,0.502960900774577,0.00337916992156256,0.655651470161572,0.0417874328702171,0.512218694153738,0.0128736531856481,0.804437870753274,0.106174206503786,0.51793228998331,0.0107003294085679,0.639610073546324,0.0314686128075808,0.507021566713343,0.00498833823702049,0.68994630731064,0.0480617726938729,0.512155971063627,0.00833168033327574,0.798190057864918,0.102558827649841,0.510573738762753,0.0062083208925926
470,50.5,29.011491975882,0.677347443979488,0.0383255781086132,0.502716257915572,0.0026129150706657,0.655247242315882,0.040803209466742,0.512740358573874,0.0121132489806936,0.801056236182306,0.103366502635793,0.518907497747954,0.0142532471067653,0.638572289631073,0.0327472022093657,0.507020196622985,0.00514074120544275,0.690252382236574,0.0466281887274045,0.513340162769508,0.0100352235694379,0.796109042213378,0.100478645275784,0.511245586672616,0.00600145605868904
471,50.5,29.011491975882,0.675991726953118,0.0400526894424628,0.503207047206095,0.0034767597585259,0.654728231418734,0.0393884230973978,0.512615966355522,0.0127912284252374,0.800312815553083,0.102731802494835,0.518000597393598,0.0110430607351476,0.638092463024519,0.0344831901107601,0.506978983159779,0.00519091411712192,0.689791725869604,0.0454842060608395,0.512022722182711,0.00817479021365768,0.796040129481456,0.0996465340423923,0.511078375630898,0.00620744661432317
472,50.5,29.011491975882,0.674619156873282,0.042348978779247,0.503680577166846,0.00373215866737954,0.654162362032461,0.0382991043466997,0.512671017815499,0.0130626132229432,0.799858450160393,0.102303592805461,0.517665031310785,0.0112346509257066,0.637683540023892,0.0365407155730286,0.506134418068247,0.00431067184197347,0.691139129643884,0.0444050617969902,0.512641466195674,0.00934420972687809,0.793322135570457,0.0989539104687365,0.511290157795455,0.00601081117849069
473,50.5,29.011491975882,0.674903466306892,0.0434859449197637,0.503780419944896,0.00382676979934396,0.654512951762706,0.036591505831474,0.512560138189773,0.014285072565001,0.798658261280976,0.101960197911436,0.519148570218173,0.0130509824669965,0.637110858901732,0.037310054319806,0.507410799651303,0.00514281955241372,0.691196708250778,0.0424904718026323,0.512464052912225,0.00893263717831233,0.791196515663526,0.0979828619591726,0.511710748722285,0.00688388464720465
474,50.5,29.011491975882,0.675423703796586,0.0439385677868028,0.502532563252593,0.00200849926771241,0.655815592050835,0.0353261307140701,0.513254621829262,0.0139034437034089,0.797663738349888,0.103179325815977,0.521088726767826,0.0148951284330506,0.637023856031864,0.0375171239734049,0.507239678413913,0.00488457327264694,0.692610802582447,0.0410049965373641,0.513519745131464,0.00893934927621646,0.79138905760929,0.100413474826953,0.51060418725005,0.00542997970582684
475,50.5,29.011491975882,0.674570529616407,0.0431723468164579,0.503594829924292,0.00366399360978638,0.656159159269177,0.033299707963745,0.511912061313883,0.0127332194390226,0.796591486138704,0.105568456656857,0.520824320806103,0.0129698698227433,0.637359471395215,0.0372472408839094,0.506168278443353,0.00385119927920407,0.693890713642842,0.0398952331577477,0.515061592052929,0.0097543329331269,0.789313714744671,0.100582337812463,0.511429702828503,0.00630939323619643
476,50.5,29.011491975882,0.67402487677894,0.0425201523476778,0.503819639469227,0.00438916944327423,0.65651391501046,0.0322324807302876,0.511734136655661,0.0124519290050532,0.793190094948996,0.106605343731875,0.522816898734154,0.0161649668873071,0.637110047217758,0.0367172655909356,0.506376682826279,0.00417353240929879,0.694430641686312,0.0385246529257916,0.513631938002957,0.0075337854228914,0.789555851429864,0.102276410701258,0.510442768679591,0.00566860633706925
477,50.5,29.011491975882,0.674745981282032,0.0423443345951933,0.502832196384582,0.00271755742273272,0.657865580763471,0.0318113799656458,0.512033668554374,0.0133470183178888,0.793821170239414,0.109785615879355,0.520375617515458,0.011261159409545,0.636559502654208,0.0362190361306456,0.507153006585381,0.00473101223664181,0.694818009085097,0.0383664305826504,0.514320356253916,0.00917282431300863,0.787536262138118,0.103723364616292,0.51021753464641,0.00542998587060712
478,50.5,29.011491975882,0.675368322678121,0.0416664001603639,0.503211056884599,0.00290652002826209,0.657442036538983,0.0316583872536573,0.512336315539165,0.0133260749963222,0.7924243734111,0.112278018860069,0.521114100655296,0.0142705529940518,0.637096588029921,0.036067169640749,0.505839415454774,0.00339002096518862,0.695694385207941,0.0376932219124327,0.514267010235386,0.00915337515571904,0.788007609642432,0.105319918616721,0.50985990317372,0.00532790531157526
479,50.5,29.011491975882,0.675803898229863,0.0413749130947102,0.503421569268988,0.00349299833779725,0.657699530605669,0.0310787737390776,0.513037281062693,0.0133492670975482,0.792053527921546,0.114781854132386,0.520459153285257,0.0104051219871716,0.636583175114385,0.0357743241656916,0.506036252803028,0.00339701864596002,0.695800533071851,0.0383840983039916,0.515198575232546,0.0111843038314915,0.785642174853054,0.106862216345214,0.509398351858896,0.00485885504421923
480,50.5,29.011491975882,0.676421902214979,0.04075436562063,0.502884491821691,0.00249276155566142,0.658286276773174,0.0307855999566178,0.513868717928834,0.0156249581547929,0.787039821183611,0.115581087287246,0.522721087665299,0.0147358407814356,0.636197922451062,0.0345958573777371,0.506309185924213,0.00418539713638114,0.696355600337831,0.0387214401935574,0.515264261010008,0.0100118681376801,0.786257250987387,0.108967368145844,0.508790918556892,0.00429332792789039
481,50.5,29.011491975882,0.677054232966017,0.0405295500818223,0.50287208746966,0.0023369154052857,0.658387276788258,0.0302211770204887,0.512362385936772,0.0131633931461867,0.790040988332218,0.117943391098782,0.520691345330379,0.0130478139265936,0.636419123916673,0.0337036310840712,0.506219420355711,0.00348728204957198,0.696493434846537,0.0380913761840143,0.51475060622453,0.00902924983920081,0.787530251805937,0.10950276304415,0.509440321620703,0.00550421075444653
482,50.5,29.011491975882,0.677777020789991,0.0397530146114072,0.50319644471413,0.00390643270757145,0.658400879747145,0.0285392992830549,0.512252899814313,0.012943448654739,0.789168764250558,0.118374609748921,0.51924902089219,0.0110853242082703,0.63663514301553,0.0325132164297662,0.506534734205704,0.00364162459391723,0.696601038072209,0.0364989895131654,0.513931168324057,0.00902103126743673,0.789279574419913,0.110789765660076,0.508779697316543,0.00465596570417417
483,50.5,29.011491975882,0.678179838722687,0.0385008299673246,0.503488275741193,0.00421231340409528,0.659213789507103,0.0276122595404438,0.511929421977296,0.0123510553088497,0.789786035561967,0.117405587537328,0.518007578242209,0.00910819760987268,0.637523709121641,0.0312942817580155,0.506561589027237,0.00372866597796808,0.696719995816641,0.0346411082018398,0.513355062162369,0.00899357743059226,0.79045622356317,0.108490605292405,0.509417943754186,0.00601138278558897
484,50.5,29.011491975882,0.678784369460229,0.0367691934050159,0.503429609943487,0.00393084980325457,0.658891625654996,0.0272588345372175,0.513430759420997,0.0134524711638358,0.79044183153494,0.114030767896883,0.517971712768089,0.00903666684339423,0.638548137446353,0.0297056044968291,0.50634765927899,0.00412529655028712,0.695603332649707,0.0349964243510291,0.512626337134897,0.00817237148645104,0.793129150033455,0.10606843685889,0.508550225263652,0.00433776978252391
485,50.5,29.011491975882,0.679363453956011,0.0359118109572914,0.503524856592159,0.00402038112413864,0.658570596808528,0.027391355062806,0.515744200893189,0.0140292735926831,0.790568933318308,0.109169169120237,0.517244155202912,0.00890303243005123,0.639805157688127,0.0284211286739488,0.506567390285376,0.00327925471603657,0.695109034045323,0.0361439773599544,0.511102262307833,0.00614174640225722,0.792978323293279,0.103719281316988,0.509026287800363,0.0046549646271398
486,50.5,29.011491975882,0.680258593153592,0.0346620178330101,0.502485164887027,0.00206443997664618,0.658326248679095,0.0302973423910335,0.514586374619176,0.0132600628567893,0.790280001503726,0.105815619996121,0.517623205960314,0.0111547799910697,0.639310359746199,0.0271440528543848,0.507012160508591,0.00473100185682942,0.694032666737903,0.0392725305040581,0.511503249593064,0.00660103715654281,0.792343244521492,0.100836963663833,0.509382782211249,0.00485878588555885
487,50.5,29.011491975882,0.680924603796367,0.0335880648185607,0.502793931305519,0.00303139468644458,0.657312418246958,0.0329625175908435,0.514170134564746,0.012849861148315,0.791312495522252,0.102099341587271,0.51696295602685,0.0107944135112926,0.639013960724727,0.0266910995079399,0.505978453837635,0.00384636485152711,0.693568400894453,0.0425668278405333,0.513030823338254,0.00829389078779513,0.791681969037081,0.09556111296288,0.510285878672116,0.00590027896473257
488,50.5,29.011491975882,0.68082108474288,0.0334628348237308,0.502735863843576,0.00274840924231907,0.656557143384431,0.0355925321078368,0.515385270116709,0.0140196171857075,0.789940021767788,0.0976765345065319,0.517550837430627,0.0108647535910809,0.638003355117743,0.0266879649044373,0.507104674553548,0.0044000443155564,0.692132886532762,0.0461896193192454,0.512531177010286,0.0087186208876186,0.794862407018455,0.0912669302892437,0.509733225998081,0.00509730628462121
489,50.5,29.011491975882,0.68156500306391,0.0344818881606871,0.50282084538357,0.00270217379544471,0.655359820542002,0.0376096443526838,0.515810618685578,0.0133691705326115,0.78988509566449,0.0945576934139031,0.519317250957747,0.0119148244769061,0.638676942500356,0.0267112019157882,0.507990183945217,0.00543480252435403,0.690191631672044,0.0484622920367307,0.510694617918491,0.00650980049471041,0.797801185510049,0.0885127883424267,0.509733042462484,0.00497408851576129
490,50.5,29.011491975882,0.681099718639105,0.0349856929893587,0.502884503903904,0.00273256879042054,0.65404754137121,0.0397581483848895,0.513723764763104,0.0109602176717903,0.796612445278387,0.0917056507334705,0.518545422578773,0.00975480664050623,0.638669348016978,0.0271073600406985,0.505927303038738,0.00328967258535169,0.689690294460319,0.0508713752781499,0.513630349647675,0.00979384874311332,0.798394689382351,0.0839218139036838,0.510046765399328,0.00596219759452274
491,50.5,29.011491975882,0.680021752095073,0.0361532522776344,0.504257528903939,0.00511095353242524,0.652648466024936,0.0398546826780143,0.512015588210409,0.0116659365172254,0.796422297139184,0.0894341642242092,0.519909642798605,0.0127601681075962,0.639291747007045,0.0277078258960985,0.50549901935405,0.00307092972880956,0.689192525155481,0.0504895569992101,0.512514617388675,0.00777475274968608,0.801300749047801,0.0804150248196597,0.509993913289468,0.00551915091863065
492,50.5,29.011491975882,0.679718434035801,0.0379907437713273,0.502868470285075,0.00276569123262235,0.651768434888673,0.0399043985555314,0.514523861177367,0.0148981842186311,0.799235525174637,0.0887654647598343,0.521833116102483,0.0144099250996722,0.638526747562006,0.0295510994952149,0.505846604742148,0.00342321699481585,0.688224857270509,0.0496731190634961,0.512732194836309,0.00840843078652314,0.802642930784081,0.0777135164660162,0.509665225163423,0.00520458586739024
493,50.5,29.011491975882,0.678307064868103,0.03992242998869,0.503451813738675,0.00391478971606207,0.651099777334232,0.0395747305261085,0.514166113524122,0.0135633244950263,0.802033803738167,0.0881176222460875,0.518549787923791,0.0116157923753659,0.638249885347205,0.0308604444499156,0.506395839911897,0.00382436281264697,0.68734343198332,0.049622712272027,0.512143121022893,0.00845091762714952,0.80365175382408,0.075619510253625,0.509489145625101,0.00478929406911016
494,50.5,29.011491975882,0.677208011779792,0.0422162698871135,0.502788026168592,0.00266583239792559,0.649995329565739,0.0395239676049989,0.514035627782827,0.0136143492150789,0.803461070858501,0.0895101244458099,0.518978568589678,0.0110137611195591,0.637462019860352,0.0328703824866315,0.506084673387028,0.00366595097896241,0.686264483926775,0.0498404866477084,0.513526162720211,0.00889398728003415,0.802768843696025,0.0772728882889667,0.510308180140415,0.00617704575311695
495,50.5,29.011491975882,0.676883208839875,0.045429034982077,0.502394535965186,0.00222051497227661,0.649494993890927,0.0403834233561874,0.514582822727107,0.0131737455795019,0.800963800005264,0.090801280370439,0.518391367287672,0.0106340632748373,0.636682857079623,0.0342146385813651,0.506818637739549,0.00479184923816131,0.685233949488206,0.052176688759715,0.513809448597214,0.0108577815419674,0.799924851232796,0.0804562010039514,0.509616223176361,0.00457504699726371
496,50.5,29.011491975882,0.674610910710389,0.0479909957238241,0.50264471942025,0.00272436565425253,0.6494919699628,0.0415947966373885,0.513930491550698,0.0129999184857866,0.800051799337794,0.0922499248430536,0.518654261446749,0.0114553804073626,0.635380333981013,0.0367780493266667,0.506494348689399,0.00361670595825013,0.685052989869185,0.0535211919031761,0.513910277552788,0.0106372393885172,0.798195381012411,0.0829291873759587,0.509920460445786,0.00505297881664924
497,50.5,29.011491975882,0.672515414174501,0.0491164534953029,0.502758850729586,0.00265798023897394,0.649908242736801,0.0424413201136759,0.513926261259837,0.0129284134316745,0.797511557377111,0.0959572909725988,0.519600275652116,0.0125616679474112,0.634488297659323,0.0380933248202249,0.506959443052463,0.00351072170236435,0.684046991655993,0.0539418572133266,0.511838805889905,0.0078770460593462,0.799354182155836,0.0870099036011604,0.510055267512165,0.00569551340835532
498,50.5,29.011491975882,0.671983920519003,0.0504750682547549,0.503150519587587,0.00343964384072308,0.650763818465459,0.042026872827319,0.51288081832677,0.0113725524854219,0.799540155196791,0.0957390407289516,0.519918191689056,0.0123670005901327,0.633056768136718,0.0388417375014282,0.507352608919316,0.0041985773625615,0.685521270747436,0.0538988112131636,0.514692083932314,0.0108358662524701,0.796259316619695,0.0903393962960764,0.509804752982888,0.00562334716458576
499,50.5,29.011491975882,0.672028603772689,0.0499171768438634,0.502116968147708,0.00167454683374104,0.651304955401092,0.0416222734047028,0.515263378517081,0.0124221887153348,0.800471951000445,0.0934253516363142,0.521328295051038,0.0134620494328728,0.63378112118934,0.0394485879115841,0.509092185187161,0.00584762185625155,0.684440020429721,0.0524131203345698,0.511791620353432,0.00841408655511614,0.799222327580343,0.0900726971925876,0.510441005987611,0.00579920903171869
