"timestep","episode_mean","episode_sd","group0_trust_in_sp0_mean","group0_trust_in_sp0_sd","group0_trust_in_sp1_mean","group0_trust_in_sp1_sd","group0_trust_in_sp2_mean","group0_trust_in_sp2_sd","group1_trust_in_sp0_mean","group1_trust_in_sp0_sd","group1_trust_in_sp1_mean","group1_trust_in_sp1_sd","group1_trust_in_sp2_mean","group1_trust_in_sp2_sd","group2_trust_in_sp0_mean","group2_trust_in_sp0_sd","group2_trust_in_sp1_mean","group2_trust_in_sp1_sd","group2_trust_in_sp2_mean","group2_trust_in_sp2_sd","group3_trust_in_sp0_mean","group3_trust_in_sp0_sd","group3_trust_in_sp1_mean","group3_trust_in_sp1_sd","group3_trust_in_sp2_mean","group3_trust_in_sp2_sd"
0,50.5,29.011491975882,0.5,0,0.5,0,0.5,0,0.5,0,0.5,0,0.5,0,0.5,0,0.5,0,0.5,0,0.5,0,0.5,0,0.5,0
1,50.5,29.011491975882,0.588283974358975,0.00277059359095462,0.500773717948718,0.00185947553382399,0.576283867521368,0.00248909509505365,0.50247619047619,0.00636024973536126,0.661440476190476,0.00725423449214595,0.501515873015873,0.00278285799445723,0.567194655992024,0.00264329787089379,0.501420049148339,0.00246278306328442,0.593753621992438,0.002564338214559,0.502124142156863,0.00405991901576148,0.659276254668534,0.00470913407039747,0.50125216503268,0.00238327540330471
2,50.5,29.011491975882,0.625636911102997,0.0132888654449832,0.501121306831402,0.00199772448707637,0.608989617914234,0.00472186554245281,0.503984229611385,0.00788572960223095,0.724006420782283,0.0354957363785521,0.503788685213254,0.00568853995262963,0.59523462965645,0.0105790675190511,0.501500674392968,0.00190300070846208,0.634677869258771,0.00590953082917469,0.50381774631161,0.00512159954605819,0.725164704690453,0.0326426423091207,0.502130442541738,0.00252172286116632
3,50.5,29.011491975882,0.645349517405308,0.0206084311006549,0.500875254149731,0.00164494071107394,0.626129749025114,0.01091326845548,0.505458370136429,0.00929912942327832,0.755233537829439,0.0604327285234084,0.505690063250244,0.00748383028315158,0.608966136603477,0.0167744829247967,0.503363457159247,0.00340498985144314,0.655080999194653,0.0133484650091866,0.50438869169113,0.0056190655070278,0.75643287950989,0.0563591741416906,0.502638807972994,0.00274553869692959
4,50.5,29.011491975882,0.656743663664133,0.0222403530241608,0.501606634886332,0.00277527188525218,0.636959258513976,0.0168332896600619,0.506279275299156,0.00973587802033248,0.778720184942718,0.0696436179729072,0.50614557275889,0.00673861509909771,0.618001557468126,0.0196044151693792,0.503264678719732,0.00315365270042294,0.668599295439227,0.0196294724022831,0.506255762494826,0.00714355894238284,0.774950041764453,0.0648149486932151,0.503258482463898,0.00284187641292465
5,50.5,29.011491975882,0.665373171275628,0.0217630369543754,0.501709303766918,0.00311853145270095,0.643460067144088,0.0195876982823802,0.508477336885572,0.011074761145937,0.791247190686703,0.0757200960596628,0.507321426446749,0.0073625539302718,0.622744528887332,0.0218879713771995,0.502993563543607,0.00291240897060764,0.676747574597296,0.023088290921369,0.508098715287522,0.00926413157785997,0.785499336376763,0.0710276124184684,0.504129659725546,0.0037864408787189
6,50.5,29.011491975882,0.670797023265448,0.0212605277281861,0.502379877411474,0.00371888132816941,0.647266324221537,0.0225421202742226,0.508378223586357,0.0118280219208799,0.796924346611421,0.0810092758701483,0.509792443189477,0.00946599328579733,0.627762821704835,0.0214595838710183,0.50406615824658,0.00349077591907458,0.680573943347443,0.0275851141997653,0.506058817057418,0.00658217797249394,0.791822513564882,0.076667306745637,0.505037005088441,0.00406021506235474
7,50.5,29.011491975882,0.674825948332952,0.020456074098015,0.501264484061882,0.00211099752759936,0.649881901543159,0.0260292100186157,0.510131506558157,0.0136995746217672,0.801930720006751,0.0846616326687007,0.511585280936348,0.00941192116685464,0.630313299345501,0.0218632371047339,0.504170593356812,0.00369562254862167,0.68328254404846,0.032452247497406,0.507412434731932,0.0065353990783893,0.794291924647601,0.082656474370662,0.50536693851676,0.00433050214189838
8,50.5,29.011491975882,0.6772265624935,0.0211659448658535,0.50196212097689,0.00300758246735971,0.650633790744572,0.0302898217634361,0.509218752628829,0.0113795105493057,0.804660055255414,0.0907528255250869,0.511991824252301,0.00909778852984481,0.632221815818689,0.0215160354885108,0.504670099943905,0.00576192881393954,0.683045063195257,0.0378361232115656,0.508360282329967,0.00714222930416792,0.794066931809228,0.0887284455256449,0.506159618685601,0.0053162878740269
9,50.5,29.011491975882,0.679793609727385,0.0217854281303395,0.501754811586872,0.00257367846009133,0.650002676503016,0.0352165160859655,0.510359328738731,0.0130180982365009,0.808029401391112,0.0947800509778859,0.512939488280828,0.0120270155348524,0.634903817022421,0.0210092188343464,0.504848438164963,0.004048539534443,0.683042027868639,0.043712463400256,0.508171709398632,0.00721948107315611,0.796327871841047,0.0938057292840516,0.506674661648221,0.0057681590571515
10,50.5,29.011491975882,0.681187123898514,0.020812265905192,0.502285453520632,0.00326925610065359,0.649040082094219,0.0407994291688294,0.509683544515045,0.0128635564133739,0.811828362333812,0.0966070254040024,0.512798664724821,0.00984208713651353,0.637723064912908,0.0203061492717083,0.504514288431495,0.00361597339394375,0.682994368331358,0.0510346839744437,0.50834776077372,0.00696014992164711,0.798444275769387,0.0964067318932864,0.507262769896692,0.0060325686453093
11,50.5,29.011491975882,0.681782271901527,0.0213474449871495,0.501963663354524,0.00303212525303862,0.648186093564086,0.0455175622758274,0.511750328936789,0.0139882550191319,0.812967148510564,0.096641171844139,0.513328467484956,0.00985304383342288,0.638341587796278,0.0195562887352859,0.505226887062052,0.00448358845628991,0.682439105379224,0.05653607184484,0.508193933297337,0.00676968599373491,0.801429479021535,0.0968002670876288,0.507708860567879,0.00645343154089525
12,50.5,29.011491975882,0.681198397270507,0.0251033165254434,0.502501875894987,0.00357768137032056,0.646828213587245,0.0492550340080704,0.512218408982354,0.0152383269879042,0.81564070331631,0.0944969218100624,0.513469502799291,0.0102162858883334,0.638103066663872,0.0204297601501335,0.505698459499822,0.005019254965891,0.682177550810699,0.0606573128665228,0.509728479024402,0.00859061854927845,0.803407871157472,0.0949687865426684,0.507631065025198,0.00568405592692269
13,50.5,29.011491975882,0.680514759445542,0.0297652219308908,0.502172677276675,0.00268924159838406,0.64629839677692,0.0522552211977574,0.512784314706862,0.0144846842311889,0.817660068964862,0.0908447134360445,0.513961256366714,0.0121062041525802,0.639142170389701,0.0232284351719511,0.504071601163821,0.00308711994475414,0.682346215853708,0.0646406416428286,0.51087643461158,0.00769536081051312,0.806979637550569,0.0917312092795882,0.507593002826265,0.00575389100204934
14,50.5,29.011491975882,0.679513304970741,0.0339559330906519,0.502979004704472,0.00456393286199458,0.644943430796597,0.0541244688505913,0.512550141339602,0.0137319193332262,0.816547610387854,0.0896901719783745,0.516899476490597,0.015388447902644,0.638819361029946,0.0255445761252271,0.505307974709602,0.00434133166176889,0.681900044694061,0.067085185373709,0.510726370331967,0.00794085953644805,0.806546221165907,0.0902457947173372,0.508908630739327,0.00749098945956739
15,50.5,29.011491975882,0.678396440065659,0.0385361129509764,0.501959289361726,0.00241330539590169,0.645154517187187,0.0557924620609144,0.515309467597406,0.0161716563262813,0.817314189303618,0.0882083753903898,0.515951469159662,0.0114985379215965,0.638995966616789,0.0288018606514597,0.50547246626939,0.00406120822202953,0.681643434383468,0.0689866535702985,0.511194534634937,0.00973377870276301,0.809502358602294,0.0869763393465598,0.507789196593778,0.00565557020455513
16,50.5,29.011491975882,0.67633024172479,0.043123051535426,0.503712562753762,0.00440953594920024,0.643924449396562,0.0569472567715087,0.512943325050061,0.013588505458496,0.816697269941469,0.0852850493900647,0.517555363915729,0.0124800371770465,0.638862726174882,0.0323778825165233,0.505216685711142,0.00328889849637773,0.680604741536819,0.0705970200653931,0.510625513527704,0.00846550200650809,0.808488697107994,0.0842611833662065,0.508155943737876,0.00621511054319783
17,50.5,29.011491975882,0.674983847049485,0.0468086535427984,0.504097472506709,0.00544906759803178,0.643723916590131,0.0571891862527741,0.514625577677724,0.0159368532516516,0.813554739860159,0.0868757151909022,0.517192994618065,0.013830784719586,0.639022064330504,0.0356611622702773,0.504960250306835,0.00361903433844724,0.680560745515111,0.0709616821740703,0.51146257312559,0.0090663774191299,0.805041688001233,0.08308632994588,0.508910900951634,0.00761975912369461
18,50.5,29.011491975882,0.67443589711061,0.0496845842966587,0.502062485645905,0.00248887709941617,0.643131702033961,0.0589412818463605,0.51537389788427,0.0156699627113623,0.812135579657052,0.089937558756565,0.519062541556628,0.0158961906350687,0.637504291768932,0.0370367219863534,0.505374561036431,0.00423400901745492,0.678908479948577,0.0726484219190072,0.513144360497288,0.0109723073742366,0.803833949003367,0.0867478350235047,0.507904275599298,0.00587200565790319
19,50.5,29.011491975882,0.673115984946676,0.0499576026103214,0.502401593212066,0.00284109224085392,0.642749613788169,0.0604831148109567,0.515277295708815,0.017918517063656,0.808597782479962,0.0949344703987772,0.518802318319997,0.0153442693544103,0.638511746583843,0.0374813363500971,0.505578626685327,0.00387395398661951,0.677879909296272,0.0746775026142007,0.51147336801015,0.00914872190240732,0.801816499023967,0.0918941310643618,0.508481046293245,0.0070931604175498
20,50.5,29.011491975882,0.672686742481375,0.0499216757821396,0.503148208690493,0.00413273967085086,0.642603804218148,0.0612189175500476,0.513876582199761,0.0129086362039897,0.806672292368714,0.0974454330973357,0.518939103655853,0.0156398144353966,0.637875582814184,0.0367672569230399,0.506129862892314,0.00455266470450792,0.676975139468251,0.0761441870307477,0.512249358731595,0.0101886259012311,0.799911872304267,0.0971940414882804,0.50831942897294,0.00612900807100742
21,50.5,29.011491975882,0.672787909423088,0.0492061240722035,0.501919528057959,0.00231034480986212,0.64340931525595,0.06169535557704,0.514691581235922,0.0149156198385156,0.804819414693435,0.102232161028,0.519056417888483,0.0154111013536731,0.638787396082332,0.0368876170984852,0.506558817287484,0.0047070043393741,0.677342395315723,0.0760803695434069,0.512132986773354,0.0090417079174616,0.799421274899679,0.099499450910433,0.508004233147962,0.00553417187980004
22,50.5,29.011491975882,0.672360323949414,0.0488034116407801,0.502514114656243,0.00334493670052716,0.643515652450259,0.0613603767872725,0.513281459457994,0.0144730733358968,0.80440984789052,0.101042882386849,0.517881117732808,0.0132847268339682,0.637843764295131,0.0363966565002547,0.507015321159831,0.00504901316297951,0.67771127783324,0.0749465677047708,0.512978963139597,0.0106327449264849,0.798819907039622,0.101600040428185,0.508231526173641,0.00619864515205858
23,50.5,29.011491975882,0.672267018004027,0.0483808740039372,0.502278604484728,0.00280800052811736,0.643338251125085,0.0595516494048116,0.513845835962572,0.0135443346312875,0.804003675707094,0.102912843014601,0.518187915142894,0.013161365120473,0.638291123924548,0.0358600875154731,0.506332285583984,0.00356495757775503,0.678120983862723,0.0727776397990876,0.512193008047602,0.00737717338443662,0.797802891908659,0.100891636792588,0.509341173149836,0.00705293387736988
24,50.5,29.011491975882,0.672477522831417,0.0472953788088719,0.502132372797946,0.0029738093523303,0.643313237187297,0.0573423649135445,0.51413260090743,0.0136652289694044,0.805145262482861,0.10200966928338,0.517020611309587,0.0116346327992597,0.638501294897116,0.0351739239245776,0.506423347970149,0.00457127080813485,0.678593975634414,0.0697257018080823,0.513670774592209,0.00864344910193089,0.79725947027319,0.100747242187439,0.508525436834199,0.00609214066384853
25,50.5,29.011491975882,0.673145181953587,0.0470627795675304,0.502717483087748,0.00320835434877757,0.643973967197354,0.0543339899594779,0.514446927734292,0.0139834616261852,0.804865327527412,0.103968067108838,0.516945403950247,0.010490489677661,0.639465002374705,0.0349997156145665,0.506069471304389,0.0037569346834128,0.679213839298751,0.06617635970508,0.512722019290728,0.00861252879176538,0.799076739939225,0.100587298173038,0.508461138036489,0.00573788645320948
26,50.5,29.011491975882,0.673658600010258,0.0472029494900469,0.502556963455322,0.00318827876255168,0.644644749482882,0.0520170864007792,0.514514228173943,0.0130155535399949,0.803807200923658,0.10429122378753,0.518899534018904,0.0129521844447361,0.63920595010594,0.0353859521830018,0.506031537635416,0.00409498965359293,0.680317843596416,0.062698560827929,0.513216567438511,0.00887949969670262,0.798469573533883,0.101286529820289,0.508600009222873,0.00599019034382738
27,50.5,29.011491975882,0.672050518179105,0.0476837922220055,0.5026132222597,0.00301264988240282,0.64613402938022,0.0498448196588286,0.515763173185222,0.0129041639702967,0.80689145910667,0.10450682181158,0.517675067149288,0.0112216185255465,0.638854446173744,0.0357556629131925,0.506588580809819,0.00447225022337117,0.680975054273578,0.0600451957014502,0.512891049779578,0.00698307780549544,0.799622816146229,0.100545065146084,0.508577846118173,0.00543499142977077
28,50.5,29.011491975882,0.671707724714448,0.0487524386230606,0.50238815882241,0.00277008727999086,0.647008380801955,0.0479568914014278,0.515983478028862,0.013167459412938,0.807247414991966,0.104558873212376,0.519607831636866,0.0135364585525494,0.638033529865892,0.0370440347044458,0.506189606747309,0.00504774806611715,0.682227787570885,0.0575675095840534,0.514644485170106,0.0103301560904391,0.799903396673055,0.0991439829881966,0.509015896885116,0.00546911953604431
29,50.5,29.011491975882,0.67073199160562,0.0501869572318253,0.503051598382707,0.00349244706836407,0.647509958411186,0.0452658741596212,0.515264273957873,0.0123548228994797,0.809539774612082,0.101735836019644,0.518942893357534,0.0113488797254098,0.638062204659732,0.039124272446556,0.506245876488176,0.00384355823867331,0.682445407865657,0.0547073445996315,0.512727414554692,0.008238126931868,0.803203366377041,0.0957050285530214,0.508723402579142,0.00570101373062137
30,50.5,29.011491975882,0.670395721040142,0.0509032977161178,0.502981548304401,0.00416881226942624,0.649040910275342,0.0435578528105821,0.516021644975863,0.0125974072534629,0.813064974706217,0.101253562278672,0.51979622302154,0.0136487548980652,0.637647535952774,0.0395161124719902,0.506575017463579,0.00455491979682045,0.683059692174998,0.053118315424158,0.512803715261082,0.00908859933620792,0.805381597325874,0.0908931049288397,0.509238776789358,0.00603035479421018
31,50.5,29.011491975882,0.66998398907552,0.0519805008096226,0.502600516219987,0.00313678937156344,0.650562659648284,0.0421623316009082,0.515579363496829,0.0122663344503833,0.815409581568405,0.094125051227093,0.52077977278366,0.0126188514140959,0.63672139092335,0.039702278908031,0.506736910888131,0.00483613221192998,0.684305789620715,0.0512931308481128,0.513900277501459,0.00958461240901767,0.808259997265116,0.0854918676391586,0.508934692054919,0.00534454672674184
32,50.5,29.011491975882,0.66996537246116,0.0528369792842688,0.502218765649681,0.00242409826037683,0.652207077438623,0.0400990926199479,0.515961884804969,0.013373473497136,0.817857463744562,0.0893122157720972,0.520613508875297,0.0127603927925434,0.636420221745409,0.0401871851556462,0.505309664561313,0.0030472493124245,0.68654832344681,0.0489438460111367,0.513959689919891,0.0107631156813,0.810687991134924,0.0802700076123208,0.510062796743127,0.00698989803403611
33,50.5,29.011491975882,0.669958204656909,0.0524189378800133,0.502074600275736,0.00216676058641794,0.652443583530026,0.0378931335177624,0.515010660480339,0.0128290182879098,0.820341789241768,0.083672768072231,0.519539542961048,0.0109305201623414,0.635096861425127,0.0393250068955092,0.506740532554961,0.00481667955974262,0.685462417275954,0.0464686630559576,0.514526681287047,0.0100775783194309,0.813784249854743,0.0749828487119324,0.509352731154205,0.00588133680419932
34,50.5,29.011491975882,0.669219509590325,0.0522682509257944,0.502251415926777,0.00245692109403788,0.653169369335715,0.0363410382288876,0.514770680923924,0.0123330217006804,0.82240205112663,0.0795601850551856,0.51968400967583,0.012104891231814,0.635365574490021,0.039148206739712,0.505446148602749,0.00343308510429068,0.686339386915862,0.045932978575033,0.513812618338566,0.00873872503862512,0.818625844313623,0.0697920868597639,0.509553080884828,0.00573503141424029
35,50.5,29.011491975882,0.669458853647137,0.051642778156721,0.502412246557479,0.00252789979971841,0.653775197569223,0.0355657608689906,0.513175658884262,0.0113636429166049,0.823657464396903,0.0741834755903522,0.52050607448805,0.0131363989655785,0.635486283136823,0.038773651644449,0.50573231969712,0.00362112223427082,0.686478461489141,0.0450898608372888,0.513394826150458,0.00838074755272974,0.819057848560376,0.064988779496936,0.509447350720121,0.00575968815988239
36,50.5,29.011491975882,0.669538965240689,0.0502161463279344,0.502964397499966,0.00346166166104778,0.653566205267984,0.0352981516091838,0.51313315937903,0.0132265289374991,0.82456452794164,0.0693142071311554,0.519808560975465,0.00998251020331656,0.636092418556814,0.0377292743150182,0.505687786554943,0.00349513586627708,0.686230982891739,0.0447272903599671,0.512228450216457,0.00805695830219308,0.820728756919731,0.0620321808217638,0.509875466015392,0.00628147817546069
37,50.5,29.011491975882,0.670155310914274,0.0498722774779945,0.503655027580879,0.003809556065059,0.653241153437707,0.0356685533906067,0.513906030337761,0.0136154066197171,0.826290853146943,0.0631455669692525,0.520580819542706,0.0118655306277268,0.635287409642808,0.036434410559579,0.50687805508502,0.00476130083226764,0.686434945031755,0.0454844905340667,0.51386473838955,0.00998202177396807,0.819521404062037,0.0585093024583653,0.509432597908209,0.00573170026871079
38,50.5,29.011491975882,0.67103478582977,0.0490045724618212,0.50239832360735,0.00260084323573418,0.653912961538788,0.0373077062088503,0.515634796462354,0.0141639508890428,0.827493376078223,0.0614880139068868,0.51958699380093,0.0123511248505172,0.636808259050821,0.0361369371351468,0.506168435605245,0.00377412238483813,0.686007230623527,0.0461609251123916,0.511587808332729,0.00698502567317544,0.822522769128717,0.056663515081506,0.509241540014087,0.00556434668944491
39,50.5,29.011491975882,0.672145927151307,0.0478754195683608,0.502096391373904,0.00203627309195142,0.653010046028729,0.0392693406773924,0.515450369435434,0.0139116323385264,0.827946312716782,0.0601747911672259,0.518481480144819,0.0102824828110053,0.636798430986389,0.035902451476486,0.506108569291037,0.00376995301618338,0.686360237379185,0.0481278375158727,0.514054464214457,0.0100051349398734,0.820647545281378,0.0576119096475321,0.509584948794897,0.00585083993535824
40,50.5,29.011491975882,0.673114485400469,0.0469807023359033,0.502163200835306,0.00191511507695021,0.652043102619335,0.0418014978395005,0.513778336931825,0.0133066673488692,0.825383907339707,0.0629758420694683,0.519523021385007,0.0119346494931204,0.638075296777023,0.0354844105835487,0.506897267139113,0.00492695848820189,0.68468746350773,0.0507304388906638,0.511435001529951,0.0074078227551895,0.822501394134487,0.0592882591550454,0.509755466263746,0.00623389527371991
41,50.5,29.011491975882,0.673718918295906,0.045726591191815,0.50268069564248,0.00266013014242984,0.65056227063899,0.0437805564725544,0.513315328175172,0.0127581257309417,0.82351451267427,0.0654536413439834,0.519098121436326,0.0104974063357373,0.637211130759547,0.0345946209579659,0.506939671064412,0.00464103761536425,0.683654165700031,0.054054914621496,0.514137647602509,0.011529277728799,0.81880742798674,0.0610224600091238,0.51053671648451,0.00689680815809511
42,50.5,29.011491975882,0.674305687208132,0.0449825936787751,0.503103601811444,0.00339571280033396,0.649227934957513,0.0452504975572737,0.513127694631006,0.0125725008580217,0.821921312829679,0.0701995041531127,0.518738724586923,0.0124376326769634,0.638860265388021,0.0347330596180394,0.506733913708022,0.00408409186911196,0.681270902210354,0.0559350600627603,0.511675331910999,0.00798712663062674,0.82110178892626,0.0628228488158539,0.510426778328445,0.00653293292894164
43,50.5,29.011491975882,0.67471700499727,0.0436419568568119,0.502779234921581,0.00283833625959169,0.648688897359994,0.0477344616398312,0.514356250279315,0.0120448724059476,0.821074691594836,0.0739320624329792,0.518124275607123,0.0111625585274115,0.638578306705431,0.0341751263779841,0.50662124280995,0.00449580584331339,0.679759609900504,0.05902881946191,0.512583311439108,0.00886587309317441,0.819822559722701,0.0659799355510165,0.511302496947534,0.00698714634940237
44,50.5,29.011491975882,0.675434812108034,0.0434965539175071,0.502847376565909,0.00315032578146424,0.647951880496834,0.0500061197596557,0.51410491961992,0.0117645005840883,0.816854501941113,0.0776545241753614,0.518149479048748,0.0123110037792184,0.639223556032175,0.0341873517110327,0.506427051788981,0.00426735463617809,0.678589425200416,0.0611305093538284,0.51189377952863,0.00804319109740701,0.817130083448037,0.0704702121084927,0.510764119005091,0.00711695885828748
45,50.5,29.011491975882,0.676382855133431,0.0434482495708343,0.503184194896376,0.0037350698024039,0.647006573228353,0.051636676624085,0.514023358897605,0.0122732729666869,0.81130032588349,0.0848936913789785,0.517254574258685,0.0116580122582547,0.640043547031378,0.0342140552604503,0.505619761072109,0.00406762970684493,0.678687730814126,0.0632059525974207,0.512245123517139,0.00792388045379756,0.814368850027986,0.0766214887770729,0.511013128734824,0.00748962384693018
46,50.5,29.011491975882,0.676984720939204,0.0425088683737684,0.502897391744581,0.00297792311539958,0.646820072964169,0.0521937856160689,0.513528709910861,0.0110008095723316,0.809099472664111,0.0910628155708271,0.516712996643986,0.0103802642952782,0.640143103820871,0.0334685255275469,0.505558316019879,0.00362822461695359,0.67804940183015,0.0641764796196165,0.512009203715556,0.00770018961990721,0.811239987469356,0.0840534763155053,0.510893376666469,0.00708529978621756
47,50.5,29.011491975882,0.677299123978121,0.0415395921006492,0.50341508098022,0.00361774219508545,0.646970563859158,0.0518680346801091,0.514756038507439,0.0136786585600021,0.804663354723823,0.0969271029056207,0.517342196782227,0.011155796887351,0.639761264918204,0.0329044287977514,0.506181145918559,0.00461029644815503,0.678417657576322,0.0639827655296282,0.512327836478954,0.0101310468886223,0.808735561499208,0.0897404786804021,0.510866258319767,0.00721282179951928
48,50.5,29.011491975882,0.677878345987652,0.0405513835895119,0.502957135151064,0.00302629331780618,0.647822917047548,0.0503433818888565,0.514988906824532,0.0141514961739135,0.802108443471662,0.0999729384569379,0.517291056511225,0.0121730019823011,0.640175221579209,0.0327484371794918,0.506197933724063,0.00414335271873495,0.67922684569611,0.0626749317119957,0.511508920491932,0.00856426525798155,0.806749816500377,0.0957876375603231,0.510349122510999,0.00673498468272773
49,50.5,29.011491975882,0.67818039866207,0.0392896006924889,0.503378436641773,0.00323946953239755,0.648806267040804,0.0484871651539028,0.51434282366792,0.0130317324676549,0.800204288517478,0.101124063095122,0.517425991303084,0.0117251183612222,0.640633404907645,0.0328055930491401,0.505906623587756,0.00412141477247167,0.680710528218769,0.0610852974545442,0.511010773299049,0.0078842629315424,0.804862530809225,0.0981153513763632,0.510506768634741,0.00635797629992809
50,50.5,29.011491975882,0.677983740956336,0.0391023206309729,0.503109082928294,0.00310407578574051,0.650243046298224,0.0461599255743106,0.514630416369505,0.0128251960979444,0.798171164301678,0.10088230218924,0.520773391813613,0.017103101646818,0.640519308889475,0.0321149908367738,0.50619975710555,0.00521061363478615,0.682684769362657,0.0578601174124997,0.510776478637722,0.00837308160037005,0.805599239248461,0.0985036254379673,0.510339130351381,0.00608948035673761
51,50.5,29.011491975882,0.677642948790468,0.0388522571002408,0.503141375049203,0.00355628133711336,0.651916379359633,0.0431414145136868,0.515568309981562,0.0141627612228347,0.800058539517531,0.0997974860208948,0.519920697780731,0.0145200613429654,0.640718617831846,0.0317330914275921,0.506351058231276,0.00491912594903843,0.684672399525669,0.0542791040680743,0.510458630558399,0.00638331512191912,0.805439209683756,0.0976060663375927,0.510723732369544,0.00706123575979853
52,50.5,29.011491975882,0.677757862525723,0.039547898084301,0.502947387201553,0.00322978258651104,0.652183784730859,0.0407484389363879,0.515962974201841,0.0128974339437213,0.802602044386545,0.0975769339299785,0.519960741834265,0.0138319223170542,0.640917036575347,0.0316620593009759,0.505863899981791,0.00496000672241142,0.685991699458457,0.0524155337319675,0.511487385744605,0.00746447545411627,0.806141134329278,0.0947224072202338,0.511283952147244,0.00666602803161326
53,50.5,29.011491975882,0.677951076409882,0.040475517950208,0.502273436033058,0.00241638825731186,0.653258396135652,0.0391814028651386,0.516127048520902,0.0118704539437548,0.801328982921401,0.0972359900697996,0.5207178485638,0.0143781664129719,0.640839149719947,0.0315750518303991,0.50599673531425,0.00488134777515335,0.687008991243704,0.0507413509477295,0.512614362544725,0.00906811149222367,0.8043601191347,0.0918019780210103,0.510590366462431,0.00538834290091241
54,50.5,29.011491975882,0.678239969798601,0.0409873500376028,0.502122253276888,0.00198540057976073,0.653418244793362,0.0378984542461835,0.515641269042819,0.0114873469653951,0.802961088304355,0.0950428441774609,0.519486212262856,0.0130875265026043,0.641561250022892,0.0315024756889032,0.506877605988871,0.00515649252216855,0.687222728925648,0.04852280277501,0.511589942710377,0.00750137615350708,0.805043596715345,0.0906927568487946,0.510236439160608,0.00551294552506397
55,50.5,29.011491975882,0.677919178585841,0.0416323432221211,0.503094611216072,0.00402611428977998,0.652850750563652,0.037173114106533,0.513462972162059,0.0108448967584139,0.804436013561778,0.0958614535301873,0.520224373826259,0.013049866688392,0.641620869711919,0.0314900263817097,0.50613513685199,0.00421208699745863,0.687576084269917,0.0480366970342798,0.512530800044853,0.00944820036447662,0.804109905009808,0.0900910332900155,0.509933642121831,0.00546460453322585
56,50.5,29.011491975882,0.677832061662102,0.0426209689576088,0.5018783701466,0.00150074580958165,0.653992397629051,0.0378809278317029,0.516410051609179,0.0123947306897625,0.802013042996837,0.0943135683212152,0.519365949170605,0.0118619841171081,0.640938733428814,0.0325932998004563,0.50664660568359,0.0046729715309378,0.686325626578072,0.0480105430156529,0.512983158571985,0.00977642275831124,0.803165128149457,0.0876794049799574,0.509840995306405,0.00538371757272472
57,50.5,29.011491975882,0.676870024429345,0.044431673362678,0.501964779128448,0.00160950493856549,0.654018990118476,0.0382811903864538,0.515332448417909,0.0119212006149124,0.80055298134077,0.0931355088328556,0.519221253365415,0.0113894226825463,0.640924551879017,0.034378438020755,0.505508306563649,0.00360160843913684,0.686057934032274,0.0483988138024522,0.512119955472176,0.00856021006975364,0.80287004472655,0.0876722829937412,0.510251150501514,0.0054139841654093
58,50.5,29.011491975882,0.675173543739118,0.0466153648100517,0.502581446923522,0.00289475892173384,0.654503298946044,0.0380531411099416,0.514773763011097,0.0119816560596517,0.800646568644638,0.0930893145323795,0.518710758304012,0.00988560771556347,0.639387705225088,0.0365183660927584,0.506351537452837,0.00429338951675157,0.685873116053416,0.0482892722482199,0.513765984030799,0.010351600046466,0.801462737418899,0.0866080961434027,0.509946772081692,0.00519094569420437
59,50.5,29.011491975882,0.674175598500949,0.0493900285008327,0.50256417986421,0.00271915656706286,0.654158994863069,0.0384595508099462,0.514696804483298,0.0121235313281106,0.800580824059585,0.0920896212082769,0.518368611279581,0.0108286382041332,0.639575671188338,0.0390020959087009,0.505159842390145,0.00323688627539843,0.686456991587765,0.0482551958378233,0.512690321409013,0.00866061548930087,0.801797341839978,0.0878641181242522,0.510227185958655,0.00567901056164795
60,50.5,29.011491975882,0.673498304899555,0.05151423455305,0.502516304945809,0.00306656001921432,0.65336902908738,0.0398974902674062,0.514182709055693,0.0121646047061326,0.801345770707048,0.0882922523579625,0.518554610309919,0.0103497507837781,0.638195783441726,0.0407255890208391,0.506393261304936,0.00401677023001481,0.685765474519757,0.0494742764717068,0.512535532015418,0.00820498534296027,0.802058865198797,0.087665637157379,0.509550554614554,0.00491194415438531
61,50.5,29.011491975882,0.67359015671965,0.0535155208163177,0.502230356469195,0.00232140549650063,0.65256721983351,0.0413863012975396,0.513511050850203,0.0129676825500077,0.801859084947079,0.0898706096763196,0.520622168531796,0.0125557519217163,0.6387317814196,0.0421552232588948,0.505199629377533,0.00372283533877764,0.685924829832285,0.0511604110883069,0.512436019733552,0.0083346250843001,0.801742392260549,0.0890683385399768,0.510083750941148,0.00617773309956506
62,50.5,29.011491975882,0.673478166755437,0.0552880189860809,0.50305616633023,0.00329794317447163,0.650310166852222,0.0435743226799777,0.512813095490553,0.0116343984810969,0.802761463602963,0.0898131817857231,0.519702126749735,0.0114967298344002,0.638532555883799,0.0433356150045156,0.505325658601954,0.00374216557152512,0.68413270593556,0.053734430465889,0.51290352355937,0.00898705749647527,0.801441808828842,0.0880111913018491,0.510518739864955,0.00593923849385784
63,50.5,29.011491975882,0.673568259371003,0.0566156955316432,0.50276589958436,0.00311209608109887,0.648646035083164,0.0455600573724321,0.512560666845887,0.0119315445008822,0.804919434960671,0.0879692261698085,0.521868665202961,0.0136560640441607,0.63881564583252,0.0442813565783269,0.505046923191292,0.00356135700213222,0.682786561748357,0.0569969270375763,0.51359757076203,0.0107616438474041,0.800751372952146,0.087388403767235,0.510001701380978,0.00583140638285869
64,50.5,29.011491975882,0.672827943497618,0.0570784984126857,0.502719289939774,0.00266096415260967,0.64788644102978,0.0475485649810525,0.513656104364182,0.0126724553727637,0.807238115722652,0.0874948650816662,0.52035179212401,0.0121957752583328,0.637760461239564,0.0443520045851646,0.505884062257626,0.00438030666148233,0.680390575208644,0.0586999789463331,0.512045789700458,0.0083290914135167,0.802972329866234,0.0869006916238585,0.509593632318686,0.00570576005979591
65,50.5,29.011491975882,0.67254442239222,0.0578734932775044,0.50229167035851,0.00242361494217801,0.646786573322752,0.049313998012479,0.512572537349422,0.0130161980525569,0.809144011542425,0.0872798527512883,0.520328240699368,0.0127518590138795,0.637748942119798,0.0448015806590166,0.505727778496408,0.00391040130502235,0.679277457753874,0.0612327424076446,0.511813527894693,0.00871668014969721,0.805232729938559,0.0874368237658592,0.509623832274042,0.00512076119322984
66,50.5,29.011491975882,0.671756358475066,0.0585841700789764,0.502762506406087,0.00273988238857023,0.646685032210363,0.0494836682574392,0.510568141331435,0.0115438324777634,0.810984113265842,0.0897817952886706,0.51912735099041,0.0107679684106994,0.636984639897955,0.0453021409684161,0.506327225130966,0.00484926540355373,0.678722657204947,0.0620906233754783,0.511836396127848,0.00818777091540503,0.804698053356971,0.0868492491121187,0.510083962801866,0.00649496850213944
67,50.5,29.011491975882,0.67067484209701,0.0583296489222822,0.502797563654377,0.00289668296298943,0.64668683200065,0.0494432650179184,0.512195057010133,0.0134234270116262,0.811235847289931,0.0920985506676396,0.518183146678348,0.0101554698639641,0.635880024776054,0.0466033348174433,0.50577112321648,0.00394282229056302,0.678928544364551,0.0628311477577528,0.511584411641918,0.00881591741898099,0.806423890593205,0.0884927848306727,0.509530008707577,0.00531670296190305
68,50.5,29.011491975882,0.670419074768257,0.0588332212307637,0.502781274616864,0.00297049316295374,0.646751798215662,0.0492759671606692,0.512182613499534,0.0130676649796439,0.812421701371109,0.0945478419910025,0.517850622522476,0.010128658152579,0.635227052666766,0.04739958940821,0.505801918935476,0.00416335278886916,0.679322614282959,0.0622819910922488,0.512370021097614,0.00748051555623728,0.806678229476234,0.0908866452187915,0.509322516214931,0.00493758157205491
69,50.5,29.011491975882,0.670182126784555,0.0592160940243464,0.502750799058089,0.00281376292044533,0.646785667088951,0.0489941990253316,0.512936052890082,0.0145995525335723,0.810805182593077,0.099608259103741,0.517731206091946,0.0107537191928313,0.6345857437948,0.0472775748114518,0.506156988914569,0.00399316250283507,0.679857552905713,0.0622189948100159,0.512469841119654,0.00721498178476825,0.806221058979539,0.0925342815700276,0.509340585254248,0.0049496681754055
70,50.5,29.011491975882,0.670000395831073,0.0592022920803619,0.502280616703297,0.00221149043672636,0.647336250737661,0.0487961178212897,0.513459042707737,0.014268800544841,0.811199845249562,0.10181611212543,0.517114266915729,0.009350793087657,0.633671059309982,0.0472646131363478,0.505849584738607,0.00411263533367274,0.6805184202126,0.0618054238385325,0.513812598323981,0.00871837452648744,0.804443537278434,0.0944553618834697,0.509680627564574,0.00483690216143009
71,50.5,29.011491975882,0.669393684875638,0.0595181724237463,0.502115781487505,0.00160563370069478,0.647954394510362,0.0483603233228893,0.512370592219158,0.0142797544955473,0.811007484637154,0.10471705390098,0.517011892482112,0.00984561049283836,0.632799130383105,0.0468649672145314,0.506749609886304,0.00489169504696259,0.68094967397983,0.0621746438218954,0.513080266588632,0.00866566944414038,0.804136471076898,0.0953288769539785,0.509666557002059,0.00521715880586546
72,50.5,29.011491975882,0.667896279823798,0.0596941691245547,0.503493565336604,0.00350000708554045,0.647086694377302,0.0473170603848787,0.511485928345387,0.0134427040106289,0.812445074160646,0.104870206288817,0.516471661328831,0.00816796394233895,0.632261164968423,0.0478565391844549,0.505224172789278,0.00366740208398038,0.681590820153227,0.0614697958466141,0.513315408309095,0.00812348211764254,0.803280361830237,0.0950846807219902,0.510609374807143,0.00631673308551587
73,50.5,29.011491975882,0.667705084293795,0.0607972588809932,0.503236808191476,0.00320579044807733,0.64713564621763,0.04707154300487,0.512339632215094,0.0135039898887889,0.812843815427417,0.103464563579259,0.517398372782788,0.0104674517821776,0.631131974603307,0.048015991625899,0.505584127730203,0.00441977837243353,0.681756234268176,0.0602874842846813,0.513691449343449,0.0103371725669412,0.803376276546806,0.0931416714247592,0.509924562661427,0.00524967224234083
74,50.5,29.011491975882,0.666625032825495,0.0610644632764695,0.503004208984821,0.00349368591307444,0.646680979417936,0.0466530212809723,0.512298745418784,0.014417878812881,0.81506910381924,0.102691800196024,0.517551141177911,0.0115650647975292,0.629906227375053,0.048096176474084,0.505585017852179,0.00362392649530552,0.682209138764986,0.0593777706271443,0.513915481866758,0.0104424387510903,0.804302618240265,0.0899833063941287,0.509952097278952,0.00505581267944098
75,50.5,29.011491975882,0.665781502864622,0.0618388748076997,0.502666574150682,0.00278557102000093,0.646951702921533,0.0460227500024717,0.512305844078955,0.0145951302783498,0.817058508893306,0.100959115123175,0.517805255902584,0.011713248101423,0.629859375412089,0.04854284115524,0.505898406136291,0.00415452450696057,0.682390149616103,0.0582136789423133,0.5116684274779,0.00725377689521854,0.808142067755886,0.0878672475150674,0.509433443535883,0.00491210432167024
76,50.5,29.011491975882,0.664899860659276,0.0623913378008898,0.502920506162542,0.00337145303888289,0.646781809221982,0.0464899061447223,0.512391735282679,0.0145581033405694,0.819184710761142,0.0991882284285491,0.517080399623454,0.01094741127332,0.629019768449694,0.0487609891045039,0.506602182255124,0.00516725228003188,0.682193431206399,0.0585582302506285,0.511112749586595,0.00646154935924552,0.810169828799457,0.0862783841864572,0.509475592721133,0.0051620768297689
77,50.5,29.011491975882,0.664166525812987,0.0628646147790612,0.503171936762804,0.00339135118516544,0.645947450636331,0.0471507546550376,0.511986108423142,0.0129805064725665,0.817166164190941,0.0997025045138261,0.518815411712726,0.0117622712720713,0.628281803041292,0.0489193703969624,0.506235250265564,0.00440225610605934,0.681336408288257,0.0586050631032701,0.511194849597581,0.00622902144117782,0.810630426598805,0.0860630770581031,0.509730053617773,0.00515228167123387
78,50.5,29.011491975882,0.663556543035432,0.0627316239863428,0.503395819578511,0.00408673307441534,0.644246692332354,0.0475478246320311,0.512438924939119,0.0144682602708782,0.816777179797231,0.0996909418182683,0.520845931276785,0.0127266274886543,0.628151953018282,0.0491803484812777,0.505597249625057,0.0043000130205671,0.679828296917937,0.0591414219908623,0.511952893211222,0.00815129546041391,0.808578261471793,0.08379032320953,0.510461256959547,0.00603234937891923
79,50.5,29.011491975882,0.663441180566277,0.0631195390751726,0.503047498853138,0.00347781434244505,0.643538528714956,0.0480902491032599,0.513840324178504,0.0143008274551746,0.814511891099678,0.0982407973323668,0.521292484711,0.0131956997142841,0.62828403271191,0.0498414415593723,0.506330179194027,0.00441815310297879,0.678303006865288,0.0606499886460825,0.511809567778159,0.00762951884890883,0.807521634915009,0.0853181307034024,0.511058721567486,0.00777245535918214
80,50.5,29.011491975882,0.663902379695181,0.0627034111188343,0.502054008762723,0.00203473666221565,0.64352740739331,0.0484633938674598,0.515862769496912,0.0145864002966637,0.814925921415347,0.0979298524666612,0.520471076249076,0.0123385550777441,0.62867275875844,0.0491915444600719,0.505655643658969,0.00354614674802736,0.678436189324651,0.0617888904410509,0.511300922638775,0.00690827990707189,0.808361574841571,0.0868335983292941,0.509665444391428,0.00585038387785321
81,50.5,29.011491975882,0.663848855011462,0.0615823791611744,0.502225358910617,0.00237738747292016,0.643460207907981,0.047854187242955,0.514540329286257,0.0141043101202234,0.813642697371716,0.0962369247776419,0.520019142990411,0.0122563458054192,0.627579130485943,0.0480623865403249,0.506218908240048,0.00463311307164066,0.679232476296212,0.0612156870773714,0.514147184278171,0.0100380986208052,0.80404629072644,0.0844258827994553,0.510218695988128,0.00671794929062903
82,50.5,29.011491975882,0.664603801299477,0.0601252146292588,0.502110246578756,0.00263565483004596,0.643253464982897,0.0460925543419355,0.514822139046515,0.0137889039728348,0.811906371133143,0.0934991867432587,0.521675821016502,0.0143419159207959,0.628232075176523,0.0471307775076037,0.506734605601809,0.00491038176573544,0.678908713769445,0.0598413610754512,0.512768166715976,0.00932911290370667,0.805431575063933,0.0854336690131126,0.5097236423382,0.00592666019511032
83,50.5,29.011491975882,0.665162681882091,0.057540284961554,0.502406601960468,0.0030214858247586,0.643762418366066,0.0444874546007617,0.514810867068062,0.0129750541114952,0.813098373713504,0.0932773802216568,0.519876042714358,0.0126303508048832,0.629086413824996,0.0454954326281619,0.507685301398317,0.00541126648566811,0.678189966261134,0.0588206406574645,0.510754808303477,0.00786890916496069,0.806702820739155,0.0849223128282745,0.509818334962833,0.00615778773569889
84,50.5,29.011491975882,0.665476465119036,0.0542904778030286,0.503288077358711,0.00389062727598553,0.643864324809176,0.0433024055909658,0.513530591134261,0.012164757377874,0.81286880077165,0.0934127446323086,0.519049466373206,0.0127118420483204,0.629950651366942,0.0442915976632084,0.507218352642301,0.00478864243129095,0.679064811752655,0.0580198737278312,0.512180021387479,0.0098024554272537,0.80634040331293,0.0860049682602926,0.509819184280396,0.00577081697656386
85,50.5,29.011491975882,0.666807744891143,0.0514705951796429,0.502819881837657,0.00302253965021608,0.64400655297559,0.0423248649155635,0.514955377261558,0.0125946873356116,0.813776032643486,0.0917747338352372,0.521141461150944,0.0162797208127235,0.631261862475493,0.0420246352675364,0.507379353542691,0.00429730070019728,0.679466968769685,0.0574700750972339,0.513259381697592,0.0108813225797727,0.805444019216189,0.0877176107413691,0.509637403054224,0.00572390342215868
86,50.5,29.011491975882,0.667870662418077,0.0485651200784599,0.502973770982903,0.00303391219865994,0.644191169973284,0.041565172086299,0.515535344965116,0.0126821455657279,0.812678922090881,0.0938446200669076,0.51970896148968,0.0124878326981116,0.632482967175686,0.0404907288116515,0.507747244586552,0.00560676423710939,0.679179183915185,0.0569849407822598,0.512505466622311,0.00932054956632493,0.805266234331591,0.090142048409945,0.510191374750863,0.00594203077663966
87,50.5,29.011491975882,0.669368189483447,0.0459194770678557,0.502241391382445,0.00188358022687511,0.644398538939992,0.041291461534162,0.516256069215009,0.012932535812455,0.812474420217756,0.0942983196303252,0.518678034968487,0.0108322378426868,0.633662482963975,0.0389737219145412,0.507419737447694,0.00551852457948379,0.67915267612811,0.0571322955502164,0.513505679902364,0.00970361515858971,0.804228493770255,0.0898059032244669,0.510100845601462,0.00591499355887687
88,50.5,29.011491975882,0.67034088569763,0.0433342991665717,0.503236910730277,0.00344721235958729,0.644118833569247,0.0409424455560592,0.515000607759073,0.0123430802072799,0.810780264471051,0.0958371258377895,0.519829676089272,0.0139949591053292,0.634888149431,0.0371755872430164,0.507287970215398,0.00488026180567095,0.67895967494017,0.0570290935053381,0.51252339160233,0.0079923454576791,0.806826150482729,0.0919539535842254,0.510348024204554,0.00632960458747686
89,50.5,29.011491975882,0.670764095400889,0.0414482273747422,0.502614811012113,0.00307651663746516,0.644465307408102,0.0409745229167349,0.515918494408219,0.0134639420722875,0.810054662884678,0.0952013290243595,0.519626110859915,0.0128427196947517,0.633889821776368,0.0359504665495297,0.507566070201044,0.00570347233486627,0.678837443488949,0.0573464525741759,0.514300321195772,0.00878360013494638,0.807239508851059,0.0914132186146659,0.510587634683778,0.00635547275852712
90,50.5,29.011491975882,0.670939094880663,0.0402898053196975,0.502383710221932,0.00230461716282282,0.644514142505531,0.0409878116425246,0.514539044452695,0.0129592351719353,0.809860216407824,0.0936893771491112,0.518832198787851,0.0110593944186239,0.634571878116793,0.0348980391470696,0.505848488907045,0.00325976541035418,0.679954255514236,0.0569215465384094,0.515447981175187,0.0111026217957723,0.806757598128974,0.0905271967810003,0.510345831574206,0.00581687620705805
91,50.5,29.011491975882,0.670706121936861,0.03999843972454,0.503097800516529,0.00385864117846074,0.644978239722408,0.0410951272373663,0.515226067432241,0.0128436685729685,0.807516670817169,0.0956565156445911,0.519028651115207,0.0117028344143888,0.635016811492278,0.0343433896805667,0.506999202520088,0.00527871076594688,0.679934605209562,0.0563256538698659,0.513060330368084,0.00840511529744419,0.806596412162004,0.0903112925223866,0.509782744747695,0.00543959237220488
92,50.5,29.011491975882,0.67093108937329,0.040943009128293,0.50350068191573,0.0036732890914232,0.645132484103388,0.0406604343249954,0.513989375605119,0.0119367717383096,0.806085604035363,0.0988883636061671,0.519840128556051,0.0126908587953811,0.634705652602625,0.0340579247301984,0.507210861437998,0.00443537963128082,0.680105123124432,0.0558424683857715,0.513502142674616,0.00910474504226459,0.804400342606311,0.0950287109268613,0.510187402160871,0.00670726809007024
93,50.5,29.011491975882,0.670353192249441,0.0422476504784438,0.503032116618593,0.00346792912254292,0.646050094151914,0.0407113511661978,0.515180502011881,0.0120825844472359,0.80357250005036,0.103897978406341,0.520658851351049,0.0128204354691398,0.634284897320939,0.0342139055774484,0.50694135568211,0.00419056093450381,0.680894765281564,0.0556898432174768,0.51468897427142,0.0101588159964492,0.80054978485983,0.0991717791066661,0.509314681925733,0.00595745436963149
94,50.5,29.011491975882,0.670037674689605,0.0441983116744368,0.503094455115714,0.00347185032890651,0.646702726768207,0.0407443802753963,0.514834320871724,0.012881974466324,0.800557160413641,0.106158588538296,0.520719771243424,0.0128087336649413,0.634335893539583,0.035576439354272,0.506809967941516,0.00445102390683505,0.68158215712315,0.0547823590860998,0.513727835639382,0.00901909353417026,0.798471645162826,0.102133823342496,0.509511529611146,0.00606974665143758
95,50.5,29.011491975882,0.669028567915728,0.0457118787603699,0.502713789539028,0.00327326485817213,0.646951912271094,0.0406432788932326,0.515901731040836,0.0131583696590188,0.799234298745616,0.10600137774066,0.520501503526776,0.0116864706826649,0.633171795536724,0.0361584427325466,0.506927007045753,0.00422697360361532,0.68114147404628,0.0533824673626578,0.513500511494376,0.0101962715174891,0.796395774078461,0.101176612546573,0.510125601340058,0.00652590974416401
96,50.5,29.011491975882,0.668432781133359,0.0473014771981573,0.502842835858692,0.00293309650084006,0.646885449042759,0.0408337063410948,0.51419068534748,0.0115608851408657,0.798046980098388,0.104907269974826,0.520733430691266,0.012184201495831,0.632268261569873,0.0372867204862824,0.507314601890496,0.004756770125099,0.681352031718598,0.0528728685565108,0.513665411677505,0.00883602261298608,0.797115079249296,0.0980535030867333,0.50933373439382,0.0062437268658883
97,50.5,29.011491975882,0.666714445008395,0.0480154017554538,0.502945197497032,0.00330311335679527,0.647502366532687,0.0407188975016379,0.517275543285015,0.0145310574924252,0.797598710718338,0.101548195167023,0.51988945713429,0.011427918521045,0.631790544430399,0.0378707877293142,0.506596338339424,0.00490563395077883,0.681683003304102,0.0513598898174103,0.514209379105486,0.00881233597445304,0.797278181716467,0.0957662636958805,0.510236370627276,0.0072992477909939
98,50.5,29.011491975882,0.666335614046373,0.0484856683341753,0.502637345234469,0.00256390797961701,0.647694565116738,0.0415510607194297,0.516336803756434,0.0136568415220782,0.800211253088797,0.0999619767416168,0.521512840392522,0.0135220489333717,0.631279448540721,0.0383273405560605,0.507014103369843,0.00404680006169205,0.682262815882051,0.0522302189062736,0.514103953554079,0.00938214579315597,0.798203303661207,0.0925079778215562,0.51108873970807,0.00687140239490172
99,50.5,29.011491975882,0.665793406041633,0.0485528427090258,0.50254322179904,0.00278952104993654,0.64841129188448,0.0418270785804169,0.515385213130705,0.0130670090117953,0.802529496661686,0.0959005436877784,0.521752512150535,0.012977171015433,0.63091887330116,0.0384273571229152,0.50724539748223,0.00459165946088995,0.682563869548564,0.0524577196844166,0.512537714297197,0.00843048310764339,0.802571720747314,0.0889867135538522,0.51022683702862,0.00627785760792069
100,50.5,29.011491975882,0.664703044163328,0.0494636599944133,0.503164370973955,0.00309362574063607,0.648475371221609,0.0416098676716192,0.516377345777584,0.0145229760306749,0.804183938627144,0.0909047936688782,0.521258302903033,0.0123478238485878,0.630145963593109,0.0386773561443494,0.507322067971437,0.00480623382869556,0.683545520243571,0.0530898607179607,0.513097572573854,0.00986041846983586,0.803762078334967,0.0839341588601369,0.510347121956983,0.00708527266380376
101,50.5,29.011491975882,0.665131437701103,0.050851591890321,0.503259923422517,0.00348309724764194,0.649277592008607,0.0419410926776045,0.514684826286133,0.0118121141882661,0.80766380921011,0.0844005457572236,0.523549314755627,0.0137833857921386,0.630801457675028,0.0394315257290144,0.50826155491242,0.00551296585863287,0.683330754367643,0.0534284039912493,0.511849477626282,0.00792497723614454,0.808125230538642,0.0803129478831332,0.510359395026221,0.00646839175269465
102,50.5,29.011491975882,0.665343915124014,0.0510344492670175,0.503283272691673,0.00347929208609376,0.649816708361004,0.0421672924066095,0.514831835241982,0.0125415038329325,0.81139736121381,0.0800568807800906,0.523357152595775,0.0143832926512688,0.63113254956894,0.040628367632539,0.508925732098401,0.00573881644879112,0.682751913747177,0.0531292709235043,0.512200983436565,0.00847026186623732,0.810168354672112,0.0754874272262239,0.510145521195595,0.00677067242373646
103,50.5,29.011491975882,0.666034783821655,0.0511710439390999,0.50414156353862,0.00469138991681226,0.649696846305713,0.0419398513886231,0.51250076680221,0.0128414296702277,0.813800626417725,0.0743311434495571,0.524743688264617,0.0155653330083801,0.631657159399521,0.040873191438512,0.507232477468283,0.00495747605861743,0.684239830999388,0.0536711339843069,0.514411537148709,0.0124054082931916,0.810755764262731,0.0730277115216829,0.51032331758103,0.00663794526005937
104,50.5,29.011491975882,0.667299781891961,0.0509779068831058,0.50257280835921,0.00264446123955569,0.650310609089342,0.0417955785971828,0.514687254355714,0.0140128944857993,0.81609061695263,0.0709972276465241,0.522223871747819,0.0152625645157462,0.63310426942638,0.0413105480374259,0.507052794649729,0.00387786256105004,0.684190737678403,0.0524474935181745,0.512683874685052,0.00899381182158254,0.811936273070242,0.0702712997536116,0.51032352800358,0.00668836640361866
105,50.5,29.011491975882,0.668090945033818,0.050076869270683,0.502630105508977,0.00247788997782742,0.65062110612908,0.0406054228801264,0.514211607630283,0.0136129371628135,0.814811877873794,0.0731814079387231,0.523281989299853,0.0144416349762576,0.633270985490291,0.040468552586845,0.50658306948671,0.00417341834585951,0.685418026477752,0.0513317806444235,0.51378478202259,0.00980725737316825,0.811123650120601,0.0702790692773402,0.509878964595098,0.0061274019681017
106,50.5,29.011491975882,0.668073168296247,0.048487508373479,0.50269727986611,0.00257527134097609,0.651594702125948,0.0401366108097838,0.513392276045996,0.0134412207231276,0.813395432698725,0.0755143797401634,0.523143695880619,0.0151187959565752,0.632959011352361,0.0390487592749712,0.50737143538332,0.00405897097136914,0.686239100523727,0.0498646975462144,0.513192531729483,0.0102067008529502,0.810554987270619,0.0710768694377515,0.509873005074562,0.00603345992045643
107,50.5,29.011491975882,0.668070549670726,0.0477651076433459,0.502494014090398,0.0022837316017922,0.652579994631386,0.0392690926494526,0.513015959949178,0.012965176605388,0.814597347681654,0.07522010849955,0.521159618053542,0.0129410369005064,0.632798739242388,0.03800511635065,0.507876992495954,0.00589813504214364,0.687136298273681,0.0483509737398955,0.512959268518843,0.00961691349868077,0.810732573918552,0.0722492184169056,0.510208136154917,0.00569530885646895
108,50.5,29.011491975882,0.668694881122798,0.0466261996147267,0.502306870894114,0.002098533251108,0.653643996768752,0.0382260804073193,0.512037252242858,0.0123235602711672,0.81597804591528,0.0748498155580015,0.520902633116483,0.0135789170517476,0.633046027987361,0.0376150431867062,0.50672726777389,0.00465427066101497,0.688529545702092,0.0476087996534545,0.513906809435438,0.0101564509469372,0.811819716280511,0.0722077374398051,0.510536319168986,0.00683296014314822
109,50.5,29.011491975882,0.66781297506368,0.0459014884052141,0.503226980003481,0.0032052974900962,0.653983643326819,0.0368262967871705,0.511210970836561,0.0119419969816795,0.816680419205108,0.0753761453326771,0.520488602442926,0.0117627638445223,0.631960433430944,0.0373440462636906,0.507180725992659,0.00437588272665754,0.689644569105574,0.0460215524901708,0.513038586904133,0.0103176636751661,0.812503082824019,0.0717329377224431,0.510344805540868,0.00638161990374306
110,50.5,29.011491975882,0.667718846242479,0.046838696771348,0.502334302638914,0.0022321497297798,0.654367557942024,0.0351490630944251,0.511212414798095,0.0120635964854002,0.815931129859795,0.0739048342113441,0.521795241741881,0.0158357729231473,0.631076836851621,0.0375372737545345,0.507623444766119,0.00493806698137725,0.689401554410585,0.0439951031422482,0.513928308891259,0.0113768511222397,0.81248951860634,0.0722901676910638,0.510448555061016,0.00667743135623544
111,50.5,29.011491975882,0.666794872729499,0.0477877199086924,0.502655016997263,0.00260697854289701,0.65440733063821,0.03464966218592,0.510353195618083,0.0116441669846647,0.816489329421089,0.0763953350768256,0.519940110623334,0.0120144032545047,0.630356318146862,0.037837001006912,0.507110933435473,0.0042478897424863,0.68988790126073,0.0424810848483734,0.513190334856185,0.00883999746820133,0.813351191411949,0.0732626759238482,0.509832686667773,0.00643248989514308
112,50.5,29.011491975882,0.66647734540911,0.048882479391762,0.502532554346984,0.003202997576006,0.654998085278324,0.0346585253480032,0.510582613167883,0.011170284119549,0.815147537721332,0.0753152564463753,0.520005666135159,0.012998939253342,0.629932127025778,0.0391708716110782,0.507239347373449,0.00520997332057999,0.690691565079555,0.0424900422398345,0.513593088364159,0.00842510008616441,0.81095083042222,0.0725845010834538,0.50999347416188,0.0067377102810578
113,50.5,29.011491975882,0.665845342274724,0.0504369242009568,0.503404377142225,0.00371489254125612,0.655036579549984,0.0349808455129929,0.510611417474539,0.0109276495362264,0.814952981220636,0.0767779134459728,0.520963511567024,0.0137711278753669,0.629309478447108,0.0397427234596024,0.508282732319955,0.00531485009958701,0.690498739965032,0.0428044450802712,0.512937468130761,0.0101419817394094,0.811226008996342,0.0726326453467375,0.510479278317526,0.00753739678516257
114,50.5,29.011491975882,0.664856204392881,0.0530005394207183,0.502186444862832,0.00209889372152761,0.655965675587317,0.0368951348867694,0.51122997204363,0.0119104226176225,0.81488062839136,0.0760314748085145,0.519640159070661,0.0120553579920856,0.628921352128701,0.0419816430056923,0.508459437062279,0.00619851718662499,0.689966705279935,0.0440570568552597,0.511460767637251,0.00833043291710664,0.811688192225334,0.070110330366811,0.510921977406615,0.00666744024527534
115,50.5,29.011491975882,0.663319207517429,0.0552113742856802,0.50311736204463,0.00416395168571918,0.655476933010839,0.0383855224814773,0.510687229451261,0.0107903440866205,0.815041983563573,0.0753880724977015,0.520648808144067,0.0127152286229197,0.628690155743941,0.0434551241326622,0.506978171482883,0.00408419062007433,0.690811125126118,0.0458035675864725,0.512093148736618,0.00960545008920909,0.811789016883427,0.0709165541445095,0.510784725599572,0.00632925910915482
116,50.5,29.011491975882,0.662340110057065,0.0584352224784677,0.502915187993723,0.00306561038009751,0.655287784412867,0.0394652172895037,0.50984802480106,0.0103124345704971,0.817245915825147,0.0764208470258173,0.521748571905032,0.0134276097811741,0.627522087566194,0.0451577945244516,0.507083160992599,0.00442197666143198,0.689994839869305,0.0479172790835237,0.51243728248694,0.0101169714412923,0.812630710024434,0.0706319712643878,0.510597156301705,0.00642353716837284
117,50.5,29.011491975882,0.661409997624482,0.0613800925257397,0.502810200601421,0.00273885922018459,0.655428637175479,0.0412029822100856,0.511252543927583,0.0113215964747107,0.81607620521366,0.0772013084874818,0.523148388853576,0.0145516669251931,0.626989539940857,0.0465829599043956,0.506740634366308,0.00461107914224101,0.689906345374629,0.050649152793915,0.511545086122221,0.0103345518088094,0.812868812214098,0.0700865013661946,0.510769452995856,0.00653891279406376
118,50.5,29.011491975882,0.660072177890205,0.0631692229764151,0.50278440629415,0.00283923514445386,0.655291771217203,0.0425408511508315,0.510700735657074,0.0129995777925928,0.817599524957223,0.079316112744727,0.522794901309905,0.0146138362075524,0.625289377877062,0.0485498852839792,0.508205644199618,0.00721060325652577,0.689223974851752,0.0519862047805118,0.514242505102299,0.0104949952600858,0.812487891344276,0.0709893683911899,0.511237662365277,0.00802273997851885
119,50.5,29.011491975882,0.658701181168888,0.0645655687906456,0.503593070201835,0.00398556440681151,0.654972928894705,0.0434523539032333,0.510072538098736,0.013795415175867,0.818493267015193,0.0793487691655136,0.521643609002111,0.0126166194036218,0.625634634586658,0.0494912581236399,0.507443412901143,0.00515972279311374,0.689759591735756,0.0529409135586965,0.512884725651274,0.0121715574331798,0.813550325469271,0.0723347671272784,0.510519893594116,0.00784277960004828
120,50.5,29.011491975882,0.658776693521287,0.0649649750514496,0.50253904481556,0.00291117010455667,0.654815641516274,0.0448700238887341,0.510568341696257,0.0144358759155281,0.816029201334633,0.0811273968827971,0.522524548440842,0.0136095390235787,0.625758641269319,0.0500819702798465,0.507024626770558,0.00457721885515306,0.689180510296797,0.054383360679062,0.511188701543277,0.0102788717065132,0.812978082901777,0.0747653288311762,0.510917593845017,0.00770688940276927
121,50.5,29.011491975882,0.659226998447269,0.0646879172613299,0.50357079294066,0.00379184638003533,0.654010985106279,0.0458621483492134,0.510288020835465,0.0143499306990755,0.816590421394065,0.0840145157274736,0.521755331144429,0.0129500010363327,0.625784877197808,0.0499368937034316,0.507853966716864,0.00542090617989861,0.688609278486447,0.0550129680012933,0.511441992465128,0.0102381572404398,0.812687343107105,0.0783333267826341,0.510019223812685,0.00689260565711284
122,50.5,29.011491975882,0.659711376291128,0.0650931014947053,0.502422224203858,0.00225691439781641,0.653819703935527,0.0468159815781675,0.513388925943852,0.0143496779637135,0.816478166849825,0.086257983909766,0.520676847193711,0.0121064046019463,0.626036682379257,0.0496467468961213,0.507825355399596,0.00526265363209194,0.688776170697868,0.0557908747613973,0.511009007341297,0.00952975850194094,0.813406738172093,0.0804910653955847,0.510027219051488,0.0067851666224193
123,50.5,29.011491975882,0.660140947718685,0.0653570777141423,0.502567236658402,0.00282797627064401,0.653629738576666,0.0458875558980099,0.512637751786979,0.0140107705879526,0.816728088702534,0.0899764310018692,0.520369881227354,0.0114179485596668,0.626391165280758,0.0498788570385712,0.507332807815411,0.00434311710648065,0.689330947414121,0.0550852845737167,0.511209987834031,0.0103384762187666,0.813550737472668,0.0821756197272341,0.511487908220943,0.00721762327146092
124,50.5,29.011491975882,0.660511916976271,0.0665485448317036,0.502413498713209,0.00254230744055244,0.653882196909524,0.0446771996222458,0.512589096289038,0.0131623296683513,0.817011960045514,0.091650184675074,0.521168499762813,0.0130692175697741,0.626486052245615,0.0508320574585423,0.507083575052436,0.00516607451650327,0.68966204727628,0.0544507090487675,0.512753692663481,0.011235928526708,0.812163692597594,0.0830271474881533,0.511636831118719,0.00732105511675475
125,50.5,29.011491975882,0.660344875639897,0.0666361063592021,0.502966546919509,0.00321722527775002,0.653390174888352,0.0432179946019876,0.512387816670392,0.0125710238188178,0.816116809146101,0.092829427741672,0.521618959909159,0.0135612543156734,0.62701871869245,0.051835686273493,0.507800273470651,0.0046526885238572,0.689559014306973,0.0529280480535015,0.510835604068143,0.00951591904054435,0.813993898054126,0.083852973031249,0.510753894063852,0.00656939149203437
126,50.5,29.011491975882,0.66046031402952,0.0669128304329764,0.502691955219448,0.00313213409400253,0.653118487989049,0.0421499085270268,0.512495305181995,0.0130766955656318,0.817038485677734,0.0936739908372288,0.520157895589901,0.011821895659822,0.627252236995068,0.0525432491051184,0.507018752057451,0.00398775555375873,0.690201911326496,0.0514185678615434,0.511694974138945,0.00974643543540985,0.813265431192195,0.0814089399111386,0.51095017784212,0.0066958243282109
127,50.5,29.011491975882,0.660330421879482,0.0671750398404737,0.502592375990011,0.00265443872321524,0.65232285476447,0.0416442905863266,0.512386099332388,0.0128861642730195,0.817146459976429,0.0935568392710708,0.520083527378014,0.011607327040867,0.62702283590417,0.0525945676592908,0.507656590929634,0.00462911185012634,0.688428331704902,0.0509548546661674,0.512038565645323,0.0121911651896976,0.810955696400135,0.0800181877744963,0.511681537501957,0.00831722464397959
128,50.5,29.011491975882,0.659884688159576,0.0673647120403451,0.502043204173151,0.00192241488344691,0.651102522131076,0.0417141026724526,0.512263499027125,0.0140338957798516,0.815092429931893,0.0935374173315981,0.52048064519373,0.0132505465305003,0.627290321399047,0.0521971947353538,0.507203126131248,0.00516780669421835,0.686687769432746,0.0520504638148733,0.511337759301527,0.0101806897284275,0.812185284821865,0.0791922149080399,0.511055180058147,0.00626494015462546
129,50.5,29.011491975882,0.659463998606932,0.0666794025123293,0.50246769272215,0.00266004043541161,0.649617405459101,0.04253339654602,0.511782762985183,0.0137443326964838,0.816809893109086,0.0918790357636261,0.518755387815703,0.00994139281787876,0.627572908541605,0.0526550536623138,0.50665800091154,0.00394510312046121,0.685438230549652,0.0533833655887224,0.511210407223292,0.0109421650118316,0.811423238439534,0.0782502566183657,0.511000238460615,0.00674125495621916
130,50.5,29.011491975882,0.659747953985767,0.0665111989542014,0.502543987378186,0.00296335454135814,0.648708428898462,0.0440285447503277,0.51246598178804,0.0136323074598193,0.814828622781461,0.0885737391636264,0.518104823831801,0.00998997514764197,0.628647160194703,0.0525085191196444,0.506411362199589,0.00391693968148114,0.684110899161674,0.0557428164252522,0.51129191708875,0.00991824483688097,0.808666606419834,0.0770435389769816,0.511132582900969,0.00664636774443966
131,50.5,29.011491975882,0.66021612618857,0.0658103521707595,0.503331185962111,0.00376967062926229,0.647608435679395,0.0458974412951248,0.513248638603856,0.0136912752072012,0.812438740076172,0.088383938952061,0.518496921588794,0.00963240991077823,0.628996639280936,0.0517121490015979,0.506808849419383,0.00431730923344217,0.68227501718239,0.0576873321421305,0.510419999644177,0.00891500055651824,0.806688074358531,0.0779999172845346,0.510900342066421,0.00620420092665792
132,50.5,29.011491975882,0.661686629820607,0.0636033615433136,0.502047312234491,0.0018864501141421,0.646972854696803,0.0478177092035809,0.514887511910104,0.0160709454554872,0.808687198729553,0.0886673863149186,0.520171497349511,0.0123670306247337,0.628602526066183,0.0503912999785026,0.508104388442981,0.00479237442129568,0.679888870171284,0.0595325941466187,0.511032916993038,0.00879949503419104,0.805365338689892,0.079736931479372,0.510458649416241,0.00592593073928608
133,50.5,29.011491975882,0.662719948350969,0.0613646342084406,0.503450041489231,0.00380087870616622,0.645208470682373,0.0502387366125495,0.513075987791474,0.0139893719681922,0.810839260717342,0.0890165103003103,0.518789290944396,0.012536875019587,0.62966249070026,0.0488512245243614,0.506640273120635,0.00423168610789615,0.678825090889195,0.0627455693494562,0.511638327573719,0.00940864868112511,0.803669721142054,0.0812334871209359,0.510751145664115,0.00655818864965784
134,50.5,29.011491975882,0.664810528273316,0.0588273100187395,0.502615764714055,0.00297962828592033,0.643365967683408,0.0522985543078581,0.513269425084432,0.0138156903848417,0.81267580289328,0.0876290027082033,0.51874218936001,0.0116612010977189,0.630156488854466,0.0472167329715535,0.506597302251205,0.00396367017463586,0.676043897344257,0.0651550266322008,0.51265370686014,0.011279560026906,0.803065958420045,0.0808414270646495,0.51083786209989,0.00641444174771831
135,50.5,29.011491975882,0.666405482722271,0.0558278558565318,0.502589791696764,0.00273162856945325,0.641080089811836,0.0544199934575519,0.512978052610199,0.0140687804624549,0.817448563217061,0.0838198930637034,0.517779084658263,0.0125775291119193,0.63143321817722,0.0443140014208752,0.506860063797404,0.00448972416863809,0.672379529774398,0.068007945058875,0.511282813467737,0.0102348022166222,0.805182761657692,0.078545861529775,0.510979220995072,0.00636468263918234
136,50.5,29.011491975882,0.668383527004299,0.0529626271315428,0.502997286964299,0.00339584000402497,0.639279442894392,0.056729323815422,0.512972581480033,0.0143153060284729,0.815912688513283,0.0824193008270512,0.518746663335492,0.0140705744100322,0.632682845095563,0.0409165396829213,0.50755130855636,0.00494129617154919,0.668826307816163,0.0708822563524675,0.510607456539045,0.00945010312255424,0.808044069332123,0.0775679349430665,0.510577846611586,0.00622317513051184
137,50.5,29.011491975882,0.669926884998047,0.0490651530729446,0.50299195416261,0.00408394070195119,0.638094114506802,0.0585975023890147,0.514231878084801,0.0158056227857615,0.819302921207737,0.080471253224013,0.517231004487444,0.0113876255368576,0.634796542656456,0.037725983254392,0.505960055540377,0.00334610886212526,0.667891357831817,0.0740517104295388,0.511198444353596,0.00884970242591391,0.809471591807743,0.0766945765952577,0.510459186007031,0.00596272998691025
138,50.5,29.011491975882,0.671546214720411,0.045666103276758,0.503368477171823,0.00361984027844932,0.637030150734713,0.0608015528755835,0.512725972394602,0.0154122858176927,0.820169261953919,0.0783159316873207,0.5177027927464,0.0130987437856896,0.635603648068215,0.0352161638372969,0.506306682068987,0.0049004163688711,0.666260015163569,0.0763715341840439,0.511161882073869,0.0086841263467754,0.811520778534305,0.0741174375185079,0.510230124900405,0.00596754095272357
139,50.5,29.011491975882,0.6729124851775,0.0422471114067396,0.503238643629044,0.00345256411546643,0.636310126620471,0.0623280572468185,0.513009014304015,0.0151413655995923,0.82145332705575,0.076728783245269,0.517088008236108,0.0133159471881756,0.637393979471317,0.0329093949819266,0.506048365708087,0.00377404364272247,0.665813767155282,0.0784778892778219,0.511389035962542,0.0087600283569853,0.813557631360463,0.0713364457134722,0.509796636749197,0.00608386350657309
140,50.5,29.011491975882,0.673586134587753,0.0398944897868743,0.503581704289018,0.0037590760043003,0.635631451087732,0.0624589699161515,0.514239132400222,0.01587099003227,0.823936497001276,0.074620161796082,0.517000270169248,0.0140161083148293,0.638407781362546,0.0307925584379628,0.506318766306496,0.00443508358099313,0.665234193376255,0.0801299675611696,0.511994672146068,0.00957952821020318,0.815531485189157,0.0693926094924055,0.509848030475591,0.00639698501036728
141,50.5,29.011491975882,0.674361513869195,0.0376236536135698,0.50313390173268,0.0032527635970574,0.635038917450353,0.0634101731225784,0.514463928991223,0.0145031462060016,0.821487786497964,0.0754211562385691,0.518937439482649,0.0170156252205991,0.638299925644703,0.0290501814875295,0.506728567085745,0.00444045652883707,0.665101750473468,0.0816144090445259,0.513172197867841,0.0101210094481724,0.816061512910576,0.0679163893462398,0.509490582184936,0.00566599487720411
142,50.5,29.011491975882,0.67285345753131,0.0378551328118729,0.502510312667953,0.00220384755283919,0.635217335221951,0.0647980981218401,0.514038928849801,0.013711709975883,0.822024792111527,0.0772393874205085,0.519092625899761,0.0164819094808163,0.637367596267979,0.0293101282757869,0.507082622260516,0.00500659540312321,0.664099341434844,0.0822072759728794,0.513551022520077,0.00940822459150579,0.815618904216267,0.0679756714184829,0.509758874029585,0.00589868579773395
143,50.5,29.011491975882,0.670230794356797,0.0385322638486316,0.503709553954924,0.00415636861071231,0.634848427659328,0.0656183120204332,0.512990110415557,0.0119715945665958,0.824186049904883,0.0775421230058413,0.518542517785338,0.0146768822711579,0.637065433445923,0.0310538357512163,0.506082279295762,0.00395396029459682,0.66441813791842,0.0829180339253702,0.513244516635349,0.00944885793743627,0.816471430892979,0.0680466650422491,0.51025940214776,0.00741787647125572
144,50.5,29.011491975882,0.669345227586954,0.0404661979342108,0.503050414609843,0.00313323570192182,0.63503078321604,0.0654899940545015,0.514533741613058,0.0145433903809321,0.824710950559818,0.0781932429211956,0.517791150696241,0.0132044537409086,0.635945310424184,0.0329230655049094,0.505249660065431,0.00309649128560261,0.665778170303866,0.0824889060509297,0.513582891045451,0.00987516337335846,0.816266893054863,0.0678100707785727,0.509437102991729,0.00566789515413367
145,50.5,29.011491975882,0.668218414691541,0.0434465273214383,0.503230538568564,0.00352664851979115,0.63517531766669,0.0641245883773993,0.513446578260195,0.0140011807075663,0.823288146398829,0.0787511493749234,0.519561350717436,0.0169463653664248,0.634395672529997,0.0353642376288689,0.505867808377018,0.0045194159047232,0.666563003377838,0.0805025712132143,0.51340654913447,0.00931018215353786,0.814771097389107,0.0684757018443435,0.509302744799247,0.00544675978714761
146,50.5,29.011491975882,0.667956901496283,0.0468698191287834,0.503097253141345,0.0032970103527608,0.636357408080227,0.0623686102288358,0.513737698672968,0.0149157475432234,0.822851930474573,0.0769830496995,0.518694178251753,0.0138910233449894,0.633578252832774,0.0377356993504184,0.50628957140837,0.00406524812271224,0.66843126530599,0.0781544726575652,0.512638011076103,0.00896544276036567,0.814676985493937,0.0704019328107832,0.509226584595974,0.00534654823608388
147,50.5,29.011491975882,0.66756649767212,0.050265068187196,0.503004976359613,0.00290470509300651,0.638115257417701,0.0592904078476253,0.513675967381625,0.0146317206366941,0.824271150009453,0.0743163577455486,0.517183496978377,0.0129963309072255,0.633839657536445,0.0402218730281292,0.506735059878512,0.00432992902545984,0.67001947744979,0.0750222472724093,0.511490139420606,0.00879927052423022,0.816157901153825,0.0704214602753072,0.509204059674488,0.00546663999201873
148,50.5,29.011491975882,0.66717316699812,0.0530432612622278,0.502538826517206,0.00206387741525675,0.639491804523449,0.0570234924444559,0.51399158082004,0.0136013190129975,0.826327153499631,0.071389288065393,0.517559469552917,0.0133647604424147,0.633544600484447,0.0425163866186973,0.506147467077627,0.00418712561967992,0.671466265366086,0.07298641957854,0.511567837041371,0.00864682599056583,0.816694109981472,0.068443156292588,0.509982672971044,0.00727858933236785
149,50.5,29.011491975882,0.666200064261012,0.0560162413728023,0.502852524297362,0.00287011011073233,0.64030700247177,0.0548838055922523,0.513004554059229,0.0133141491401794,0.827911683889807,0.0665432164873845,0.517698108200577,0.012321926380045,0.631730812932305,0.0439430014953421,0.507125697093643,0.00560037283490023,0.67301327849921,0.0705968452463371,0.511184389935031,0.00850110408508568,0.819348596005665,0.065408318408401,0.509585418127207,0.0058335562697399
150,50.5,29.011491975882,0.665732796539765,0.0590908945335453,0.502154648117468,0.00153208721570975,0.640785102072687,0.0537477555078261,0.512948715659428,0.01161364830107,0.827214610567521,0.0655258028053302,0.517688190826256,0.0123428233434934,0.631606600048727,0.046217858493197,0.506153364215497,0.00429562326517626,0.674551807953,0.0686677976571457,0.511490908179793,0.00905542917432115,0.817410484969769,0.0620860868665449,0.511119034018068,0.00660731037260195
151,50.5,29.011491975882,0.664900834175248,0.062272828420904,0.502789583044254,0.0028854617027914,0.641045059125221,0.0531741310558208,0.511644998050276,0.0110882793788607,0.826305335279842,0.0656588102496961,0.518278536242013,0.013410554492779,0.630831380114456,0.0487055223746187,0.50612710863262,0.00416089487703986,0.675230325781792,0.0672285819314472,0.511502974449408,0.00894919252334466,0.816059523171076,0.0615588306722053,0.511122282114566,0.00600815459671987
152,50.5,29.011491975882,0.664845343227118,0.0641810431079798,0.50327183143201,0.00325466093645344,0.64182282622621,0.0522769302444827,0.511586415930284,0.0111415246060946,0.823305338117506,0.066944227541789,0.519229687890757,0.0136387510234698,0.630427250660272,0.049373202200494,0.506884134062583,0.00499222951636087,0.675561378474065,0.0659278215638469,0.512772274429401,0.0103629311506827,0.813549301610776,0.0604589891561093,0.511384708315893,0.00672795489903126
153,50.5,29.011491975882,0.665652551087817,0.064515533214281,0.502807080978652,0.00299915852055753,0.642989856305142,0.0515347364578235,0.511458972895618,0.011117044878234,0.823757306673067,0.0679186088067053,0.518142098597623,0.012875019737083,0.631906293770788,0.0502231046064484,0.505849735926549,0.00351315090100458,0.676053708073061,0.0654169231196881,0.510865388226511,0.00764801053044589,0.816252782787552,0.0631510710967932,0.511240144258702,0.00695008780642451
154,50.5,29.011491975882,0.667014526206325,0.0641514429740225,0.502557436958457,0.00251288219758594,0.643913495848471,0.051577026500233,0.511230025937273,0.0115364510124695,0.821649766895108,0.0716001362036817,0.518205356984518,0.0131204848251589,0.631494946610644,0.0498457853372912,0.506890972285306,0.00490788959536353,0.675857518901121,0.0649319693617577,0.511685680171898,0.00845251307113267,0.814812257017512,0.0644567489098945,0.511246109285922,0.0078396046826173
155,50.5,29.011491975882,0.66734656411522,0.0633776315190597,0.502120174662813,0.00159918993069873,0.643789178309822,0.0514686165255836,0.512407246691503,0.012816826889222,0.819060678860446,0.0738707791085503,0.518985149808399,0.0155445794740927,0.631504503812202,0.0493439162964854,0.506987664412722,0.00514178566029789,0.675234982718555,0.0647244501217092,0.511849871677749,0.00927570294505566,0.815027105306497,0.0648937081752473,0.511730602667647,0.0074087376103694
156,50.5,29.011491975882,0.667881847516975,0.0629333275564099,0.502525901392835,0.00240843694155627,0.643187056711285,0.0523810454252675,0.510366890258848,0.0107348454759872,0.817350521389836,0.0761534049808907,0.518029718067645,0.0124614095443869,0.631319851874024,0.0484536916491356,0.50683687003037,0.0050258177762874,0.675149018110067,0.065746824133239,0.513566388711332,0.0115179137443854,0.815360488135492,0.0665900554989137,0.510051715801746,0.00582086003932268
157,50.5,29.011491975882,0.668077458968352,0.0623619470526939,0.503393011155901,0.00359108649913011,0.642196537316374,0.0539662361092036,0.509875462435855,0.0105249737921449,0.811639299379637,0.0806588182655589,0.520619658008814,0.0144059827274087,0.631872203514336,0.0480332332934069,0.506418821873587,0.00443202962689813,0.67396322938582,0.0679052383889342,0.512522048683308,0.00934288512949551,0.814592317283474,0.0702246549122628,0.509548135049265,0.0059034539689178
158,50.5,29.011491975882,0.668462789607729,0.0613348978291737,0.504189710882949,0.00496933934305523,0.641338070620308,0.0553724209810916,0.510488173903572,0.0115470531331197,0.811937427337011,0.0835931933470381,0.520071499354947,0.0136988722810774,0.632533399713249,0.0469983242782714,0.505857798335772,0.00437201507833645,0.673320272452843,0.070501331597334,0.513332865438974,0.010571054302137,0.812800035304898,0.0722346245974348,0.50976157583655,0.0061149986828623
159,50.5,29.011491975882,0.670413869397113,0.0604196153028145,0.502813492921896,0.00332180451012722,0.64034754993058,0.058425278254792,0.51198361263332,0.013957800604767,0.809059642980149,0.0840614593220215,0.519280769360419,0.0117656618152002,0.633882401184195,0.0453851603313894,0.505769132942688,0.00389685266959061,0.67229885692255,0.074105464537307,0.514416176126912,0.0105782343073961,0.810232575399656,0.0748192459845271,0.509831215549399,0.00727290706192847
160,50.5,29.011491975882,0.670999310711185,0.0584751333328585,0.502773700195309,0.00289869066681027,0.639982123899731,0.0603063489950936,0.512770113324901,0.0150375266758625,0.809376144387627,0.084233579359098,0.519179528956128,0.0130242647254578,0.634337817228511,0.0437412381034223,0.507270406390608,0.00520221954511673,0.670361961655348,0.0765215716583584,0.512164882216776,0.00888723805108599,0.813052023671709,0.0770339209220193,0.509816083197495,0.00712517761146959
161,50.5,29.011491975882,0.671853587558695,0.0565979837726265,0.502865315965793,0.00334379851231222,0.639888380568264,0.0611837624612608,0.512465483517398,0.0142318485505981,0.809039271113645,0.0829221866215823,0.51910805046589,0.0130143995967815,0.634909557402005,0.0425455137292228,0.506817308858983,0.00505493594278592,0.670610706704991,0.0779763598391901,0.513298154171175,0.00856239373077409,0.813333360540347,0.0765318729387179,0.508862694770768,0.00595599800718018
162,50.5,29.011491975882,0.673271967116279,0.0546652819098006,0.502531004672644,0.00234088582159856,0.639701483147105,0.0613041094977773,0.512945211447811,0.01552934383938,0.81092732463155,0.0857825788557916,0.518617502723872,0.0121320805996728,0.635569964764793,0.0412154867319497,0.506308773401852,0.00412361027811843,0.67010913113416,0.078173565495634,0.513535725873474,0.008407162490785,0.813517953768766,0.0765281725672883,0.509083028031053,0.0060870085773386
163,50.5,29.011491975882,0.674186879673784,0.0527135196381499,0.502793889682861,0.00306278167677891,0.638483663508737,0.0610621970570197,0.514074574043874,0.0179413892070383,0.809456277608488,0.0845629513573352,0.51885698348348,0.0128524281981746,0.635602645800799,0.0398989315615993,0.506504197245798,0.00478024124381392,0.669410984762732,0.0784342540197349,0.515559947647441,0.0113865790329476,0.812941854732031,0.0767759539461874,0.509246247444595,0.00589950262287026
164,50.5,29.011491975882,0.675448006200037,0.0508793218854586,0.502720417618136,0.00269281909880014,0.637965568634985,0.0610160356286829,0.512151923907707,0.0142652575557619,0.811315987647852,0.0854170740213271,0.518249336402042,0.0120463234912823,0.635729960166984,0.0383338538152077,0.507679289789078,0.0057129252184527,0.66802240958371,0.0770840925656266,0.514501825013762,0.0102221646526849,0.813897917458597,0.0774781714865322,0.509171493085936,0.00587624432999822
165,50.5,29.011491975882,0.675728817271532,0.0498574334253534,0.502446192107201,0.00223004021439477,0.638006279617165,0.0601852206951718,0.511946504836029,0.0132189650558992,0.811921917494215,0.0852825885099816,0.517815922221968,0.0111117363375439,0.636569072478638,0.0382976400436261,0.506639545520511,0.00479299882190317,0.668707110558826,0.0758952047129756,0.514866808526167,0.00886466126629864,0.814664098927111,0.0764324623084042,0.509053028478308,0.00560741521745951
166,50.5,29.011491975882,0.675819591658006,0.0485444718550741,0.503037763951888,0.0029068385714099,0.638350511988349,0.0596911628831938,0.511665805414081,0.0125151701138759,0.810824582222556,0.0875940455611948,0.517548912755077,0.0114178403859909,0.636385083619062,0.0374547070744625,0.505477198977072,0.00355760699223645,0.670258390553778,0.0747952951903663,0.516503938036129,0.0109875732035284,0.812017157107914,0.0778683186732856,0.509356471103051,0.00635551436688285
167,50.5,29.011491975882,0.675503446378959,0.047948580396841,0.502864617422224,0.0027128435283599,0.639046899366343,0.0583425435415568,0.51278407824168,0.0126838780760165,0.810248765312327,0.0862226403387431,0.51800113866472,0.0129271422090535,0.636072049548158,0.0370953857016772,0.506349117412998,0.0043727994900833,0.67086055220067,0.0721425996095817,0.514775182848325,0.0100997475370023,0.812964446065615,0.079973279905247,0.508536558907026,0.00475477196650883
168,50.5,29.011491975882,0.67423152036626,0.048393540421059,0.502704529375127,0.00255032501699291,0.639418932630942,0.0563972649730471,0.511981987360977,0.0123326526081727,0.812642260207255,0.0899920202841308,0.517427227572107,0.011871809140383,0.635101509755417,0.0377203322496804,0.506636187735706,0.00499542793298832,0.671924412625029,0.0691406844729949,0.514237067064815,0.0101900017647468,0.812728376504496,0.0833201834168495,0.50833410203866,0.00452226876092276
169,50.5,29.011491975882,0.672682663363212,0.049463916388199,0.502631491645098,0.00262288239872182,0.640774595462143,0.0536343038305546,0.512156745300259,0.0116006312264734,0.815037115935753,0.090689467033988,0.517459755589522,0.0107443182290028,0.634375762637698,0.0391017692337154,0.507540103219968,0.00537450779348188,0.672938640518727,0.0651510425163172,0.513913599447521,0.00978996583141342,0.813422010347711,0.0848780465070975,0.508259677663499,0.00431083102123946
170,50.5,29.011491975882,0.670870532186875,0.0518134217447473,0.503392107203485,0.00351590980062177,0.64112636996534,0.0503825981192699,0.512675033446874,0.0118496030147535,0.815410885950196,0.091171663577791,0.519772350033418,0.0125482031914699,0.633086506294232,0.0406945599808233,0.508335464878527,0.00558141134154963,0.674305611200153,0.060826446288142,0.514761135927612,0.010166870561845,0.811719617777816,0.0857160194849792,0.508561009313195,0.00557048562719941
171,50.5,29.011491975882,0.670475747976442,0.0535345494237499,0.502754167151164,0.00243653852348656,0.64190050775743,0.0481710818451922,0.512680879644186,0.0117524416269618,0.817868634090844,0.0880781619450441,0.52007242881916,0.0130817682710616,0.633903698893526,0.0433073419947436,0.507472284758825,0.0049278938815026,0.675643520325194,0.0587147361002602,0.513598813376652,0.00788193239615271,0.814554136512396,0.0849166518761218,0.508345197946255,0.00564299117392246
172,50.5,29.011491975882,0.670144800756501,0.0551906795966051,0.50252749307234,0.00215241874742344,0.642673938672489,0.0463884590781703,0.512862136524236,0.0117235150244984,0.818083161238784,0.087257320122528,0.519718433990293,0.0134449592343132,0.633546846494345,0.044471248446256,0.507405498614843,0.00496403019646744,0.676063061623452,0.0558685281096208,0.513256627339998,0.00784774561771966,0.81588665558505,0.0815485750457744,0.50793207156433,0.00545757226975199
173,50.5,29.011491975882,0.670418292210077,0.0572283296601872,0.502498943967063,0.00219776321131802,0.64306982858022,0.0453815798069593,0.512672850476291,0.011065273124931,0.815402318728431,0.0843230953027547,0.520068956962586,0.015532355607244,0.632841718921065,0.0455978104828909,0.506639168342347,0.00415344162627891,0.677311162241235,0.0545909859721241,0.516276615703558,0.0116286082482587,0.813079530679061,0.0789622298808385,0.508151100637972,0.00643769403531117
174,50.5,29.011491975882,0.67043881245595,0.0584088657211481,0.502321414118397,0.00190962465647791,0.642834585041859,0.044854098629724,0.512072691447298,0.0105139140489771,0.81715208662448,0.0843100478075044,0.519193864807718,0.0130532743073918,0.633265092970711,0.04626648558879,0.506720403006128,0.00343540519839761,0.676354727276039,0.0531653694777486,0.513479238128607,0.00890019571760696,0.814826664700174,0.076372701262705,0.508150605781902,0.00578287972272496
175,50.5,29.011491975882,0.670636559172242,0.0593756049889073,0.502713423384105,0.00256876938513721,0.642458383225105,0.0446653377447329,0.511737790243574,0.00992076214588836,0.818616912562155,0.0839101551459047,0.518097094296985,0.0116106216999719,0.633931576706311,0.0464607309810683,0.506467838595247,0.0045632666914221,0.677046528446967,0.0534881854150262,0.513831505309835,0.00922321501842248,0.814403280032513,0.0722765707434331,0.508176152944204,0.00546760680879639
176,50.5,29.011491975882,0.671284335983089,0.0590709336383573,0.502904694411488,0.00333687738673288,0.641483835831441,0.0455362717267404,0.511268629970413,0.0106099482834433,0.81706283456371,0.0808704744643884,0.519053028116695,0.0134875682391569,0.634161707843525,0.0457836625199452,0.506703629994179,0.00474069885983353,0.676466752455636,0.0551524597317203,0.513890594160428,0.0101411309637093,0.812622809946177,0.0701253425676617,0.508295714508672,0.0053828042265123
177,50.5,29.011491975882,0.670704124046855,0.0588781844790173,0.502956025261896,0.00328720105826909,0.641438833735074,0.0469897897706607,0.510687983850071,0.00984301942056641,0.815364279599494,0.0796048930738591,0.520636359002843,0.0149583692742695,0.633977361569541,0.0452863421329368,0.506395626768769,0.00357589484257291,0.675233102179024,0.056177510732515,0.512937709671057,0.00969715314603901,0.812326256659172,0.0692771311399823,0.508917268221635,0.00535054812796364
178,50.5,29.011491975882,0.670187147681023,0.0588472006689079,0.50207200661707,0.00136683355619459,0.6413435324546,0.048690324044374,0.511814401932423,0.0121026042757969,0.817504656097352,0.0781604862198572,0.518620770253372,0.0124666782002188,0.633675281364968,0.0446761401717003,0.506227971627658,0.00370836802432115,0.674555473354123,0.0578252468528681,0.512768367036228,0.00897806362895844,0.810741833649807,0.0683254301946356,0.509064906160777,0.00533380175272813
179,50.5,29.011491975882,0.669892096415557,0.0581901775319443,0.502992921897635,0.00357568355036037,0.640731864262069,0.0503660466478243,0.510452875554919,0.0098368876667213,0.815566000582795,0.0790988434766679,0.518376425893362,0.01163912177738,0.633685322652313,0.0435830679423368,0.506216024493147,0.00434524857829535,0.674727176775561,0.0605793807021318,0.513358732934507,0.00926116359204416,0.809588352381726,0.0688481155317921,0.509093484151398,0.00531635335319718
180,50.5,29.011491975882,0.669899297526815,0.0563236080808065,0.503923948186608,0.00416759536813989,0.640288678521419,0.0511739012039258,0.51115812497309,0.00981067238296175,0.815956141000951,0.0808581696709933,0.517432498505689,0.0122730617922471,0.633689057613578,0.0419038011563355,0.50685541733822,0.00461655653701002,0.673606863770544,0.0619283363416648,0.512850087905102,0.00875114043960916,0.808258631989913,0.0706278123998534,0.509301759392325,0.00513461406486876
181,50.5,29.011491975882,0.67139095219871,0.0537067904918199,0.502459017560233,0.00281091216485033,0.640472478999771,0.0521704549922112,0.511957842162784,0.010129719802291,0.814810716980093,0.0834269034365395,0.519173283406873,0.0134552705261358,0.634200465065135,0.040022083871973,0.507275991469421,0.00575410702635972,0.67314736151831,0.0632073758114628,0.513495538145941,0.00983748571502933,0.807142040070227,0.0720514945235464,0.509469736818949,0.00604154186642222
182,50.5,29.011491975882,0.672671415600724,0.0508025623746709,0.502829580042123,0.00308552602057749,0.639794883823873,0.0525579085721082,0.510770065285646,0.0088845859895666,0.81139941135774,0.0871277458065419,0.519517766387883,0.0138299527094711,0.635244426164642,0.0386967160058759,0.505846208895118,0.00364887899500041,0.673368422573779,0.0642591901268631,0.51449496952448,0.010093208569609,0.805085048559429,0.075526220519451,0.50981020283902,0.00631916101890315
183,50.5,29.011491975882,0.672854376911021,0.0485537879383513,0.502656874892781,0.00291065933335891,0.637796123407324,0.05269568100894,0.511041775350189,0.00991654388855212,0.806966296837623,0.0909567476250335,0.519438602419118,0.0131616653382376,0.635411756709616,0.0368206707194145,0.506434097989223,0.00427021781643412,0.67091297303295,0.0652538146101889,0.513899475348552,0.0105061601901178,0.801887809705729,0.0769936361861566,0.509844997394305,0.00625437959947679
184,50.5,29.011491975882,0.672732998730942,0.0461026424344189,0.502824163408622,0.00292756964256636,0.637078132062814,0.053122084853501,0.511061139614331,0.010447926583177,0.802609986192813,0.0948634580946859,0.51929943289732,0.0133884552070468,0.635618225290044,0.0350001646406117,0.506304901460301,0.00425481204251658,0.66935054000692,0.0664144250556164,0.514284430046531,0.0114571539997701,0.798392282407921,0.0807693559170346,0.509914662348499,0.00726342920088525
185,50.5,29.011491975882,0.673102999660578,0.0442450164887521,0.50254547438654,0.00261015653266018,0.637124641293411,0.0541781192516995,0.511554623931624,0.0105304926027757,0.799629822523001,0.098941419685386,0.518278459831162,0.0126352462925418,0.635818190156153,0.0341599267895567,0.505459575224475,0.00322385861350383,0.669262183936467,0.0684059736168657,0.513666559825508,0.00959081627565193,0.796388953952229,0.0843672708045055,0.510087341083835,0.00735150832093118
186,50.5,29.011491975882,0.672534246773146,0.0448902888295728,0.502410835347974,0.00234513584519418,0.637448947778051,0.0543588391373127,0.512385825333566,0.0103053657608056,0.79706054833073,0.100917642168249,0.519013127160162,0.0143412934063352,0.635055522513868,0.034327998809801,0.505498115142614,0.00387616332167726,0.669011979965338,0.0687265111111608,0.513656553664692,0.0103055487107564,0.795042214076467,0.0870525267340323,0.509819842016479,0.00676419239777474
187,50.5,29.011491975882,0.671410930253305,0.0460458518857806,0.503565554642803,0.00403530644129809,0.637971708467414,0.0531673249806715,0.512313721577101,0.00996062214664632,0.796026106486044,0.103926940146783,0.519011532579336,0.0135965588169525,0.634839426966497,0.0354769298515382,0.506220864052209,0.00540147031963,0.669474825890063,0.0674662843807433,0.512894691828918,0.00874571218658366,0.793430553273988,0.0903341601421636,0.511408489900006,0.00877739357614183
188,50.5,29.011491975882,0.670511631288261,0.0482096449549837,0.503233378087204,0.00378404362879463,0.640120452478425,0.0516929174696445,0.512509212041331,0.0106738347681053,0.796097842142126,0.10577303640432,0.518508850113602,0.0128147843107041,0.634144524021765,0.0366856016692833,0.506097964513956,0.00417376630475744,0.671948643349341,0.0654446579632293,0.512948346586676,0.00831107250383749,0.795424550428439,0.0930468047308358,0.509831519121625,0.00682209847985872
189,50.5,29.011491975882,0.669992238306438,0.0495757183787059,0.502462152493753,0.00248035667283911,0.641180302816715,0.050211831986058,0.51248962138179,0.0117234116671969,0.796953303834315,0.106752687245719,0.519862411494399,0.012191075770371,0.633923851092208,0.0378100012938697,0.505703541576013,0.00378879196035346,0.673182215382348,0.0629573888564051,0.512017971909325,0.00669286613029651,0.797124984365017,0.0945195071181758,0.509576435088151,0.00576981475042046
190,50.5,29.011491975882,0.66987928951692,0.0504862027636092,0.502816734228057,0.00304244852369988,0.641425230076549,0.0486724362943809,0.512450892848843,0.0117353390160887,0.7973962049332,0.106915562190346,0.518973693659935,0.0115772585043993,0.633302904567628,0.0387226000382569,0.505829520981165,0.00333159624124443,0.673998149521579,0.0616111083174176,0.512817976782144,0.00712347569941192,0.796225716490206,0.0962922479783416,0.509632044914168,0.00537021782520404
191,50.5,29.011491975882,0.670693680370795,0.0510951253441732,0.502655975030829,0.00288302083757492,0.641733089497375,0.0484938688796931,0.511913250585697,0.0113055893717355,0.799187370355927,0.108063370699688,0.518755478633716,0.0108751962659876,0.633115788323249,0.0389011194631504,0.50666663718065,0.00445679979635563,0.674086738156117,0.0610627719061243,0.51216941175971,0.00784532499729408,0.797148021073037,0.0970813328574731,0.509459351386514,0.00540997358304863
192,50.5,29.011491975882,0.671359883692986,0.0510916462364654,0.502189780627119,0.00210363594415558,0.641367594174699,0.0479672908147191,0.512232013617183,0.0113428670457149,0.799069527675745,0.110703009247681,0.519269549177473,0.0118222589457569,0.633107579872314,0.0394915307810287,0.506045158024222,0.00344811728800538,0.674829449534158,0.0605142662133313,0.512967278211673,0.00842050457620646,0.796432900814168,0.0990856556165986,0.510423849285736,0.00504818732149119
193,50.5,29.011491975882,0.672422488796427,0.0493864801285402,0.502599411935238,0.00283693875315349,0.639754138195876,0.0476231195955527,0.511245172994483,0.0108373912509383,0.799339767550994,0.111578604290616,0.519787837213867,0.0130596276483777,0.63422167179084,0.03841899740972,0.50598980037676,0.00415124511985334,0.674445026474743,0.060976804287338,0.512171917541302,0.00747498543004921,0.79663082994027,0.100689257407483,0.51124593815821,0.00673156220162236
194,50.5,29.011491975882,0.673632219808576,0.0475096428568249,0.503250703036129,0.00375516061093733,0.639245593840887,0.0485296684163646,0.512019023183992,0.0101846354733765,0.796775420095199,0.112952942258638,0.5202457613227,0.0133701769396788,0.634564069519914,0.0376540324745164,0.506229098426754,0.00382851349667827,0.674956022430412,0.0615215614238205,0.512484080348092,0.00719637715740738,0.796723249534213,0.101645111376329,0.510315939415016,0.00562025865025072
195,50.5,29.011491975882,0.674387463993953,0.0456253681064495,0.502739857118588,0.00302675678856744,0.640614924695612,0.049657802478921,0.514513804572972,0.012262909331109,0.796612511672708,0.112556837159044,0.518945606077098,0.0119366586740729,0.635240469230422,0.0362444292701813,0.507190475070256,0.00533820143900835,0.675079443997192,0.0618727205649555,0.511561222724965,0.00707273062372094,0.798201629648785,0.101526828268957,0.510069387658108,0.0047360584762804
196,50.5,29.011491975882,0.675104966799895,0.044399486962186,0.502307581547171,0.00309374411140025,0.642140114798002,0.0501693552317569,0.513962905869267,0.0126738768483411,0.79449295213549,0.109869881164876,0.519835792065248,0.0112520725274227,0.636430806711374,0.0355714224488422,0.506204785945664,0.00423744508902157,0.6770171812137,0.0610576456975312,0.512292620897746,0.00822857655541182,0.798949830978707,0.101000271696161,0.509889339991287,0.00499289886113119
197,50.5,29.011491975882,0.675655020452124,0.0442009283672948,0.502554331328331,0.00262089765977226,0.643137182866663,0.0492680080190636,0.512712125016778,0.0127869070675708,0.791883451557039,0.108734981580129,0.520713407572833,0.0136401032103445,0.635874691769024,0.0349449478453878,0.506784083039161,0.00456706422579783,0.678528063463935,0.0594581472222699,0.513449969918223,0.0101644707117043,0.797282190332926,0.0989697780709622,0.510112978000974,0.0046624622802069
198,50.5,29.011491975882,0.675756277620499,0.0448307898151406,0.502087335078153,0.00221921312758155,0.644283995369722,0.0480325428223001,0.512710620211363,0.0120388345599212,0.790410104201546,0.105545584762072,0.520395969648813,0.0114471905238187,0.635539735320258,0.0354929650212932,0.507310228497216,0.00566436068501289,0.679271340621828,0.0582211459054673,0.512826278533873,0.0097738711552034,0.797113795892082,0.0963472282898605,0.510217338286674,0.00481134443426884
199,50.5,29.011491975882,0.674273707857836,0.0463363165960705,0.502424292361078,0.00232920213198457,0.644702076500601,0.0465840953254836,0.512242461180247,0.012276796115073,0.793027416129787,0.102266571709457,0.518696210580341,0.0102321576161212,0.635053329040068,0.036308811257675,0.506111466905868,0.00404406436934188,0.681664061545009,0.0562730425529506,0.513477497395111,0.011186072115482,0.796524900840809,0.0940704367479326,0.510614168668143,0.00634030774030282
200,50.5,29.011491975882,0.672805079356919,0.0480696093917867,0.503090368295701,0.00352786423281455,0.64490710794872,0.0449289786181425,0.51182521122271,0.0111425795394734,0.79230457631992,0.0980602827716909,0.519622056354308,0.0110890630822036,0.634616214156659,0.0374509813666554,0.506425980424573,0.00389930498209469,0.681693932371856,0.0539804915113887,0.511645552909813,0.00866481204829005,0.796771792363586,0.092184993137223,0.51130568300172,0.00691775250625892
201,50.5,29.011491975882,0.671508046150723,0.0492942110887147,0.502634660829463,0.00303115841958311,0.644526378069989,0.0440410996630519,0.512714815732686,0.0134801085045484,0.786841108002954,0.0945330114426489,0.517490491950697,0.00949232012405138,0.633821123800812,0.0385697936281571,0.505816542814299,0.00358801785503775,0.682241733966084,0.0532598074107454,0.51192285206409,0.0103969681708097,0.788730942025771,0.0885472358793842,0.509383361975634,0.00532786346621016
202,50.5,29.011491975882,0.671729356297323,0.0501206741588756,0.502903004734892,0.00320661097313856,0.643929255633039,0.0431821003274412,0.511609151061365,0.0119944559948957,0.784853010284143,0.0925403241807554,0.515549429891809,0.0123089998495556,0.633725254157765,0.0393527436387474,0.505523942383146,0.00402690651350079,0.681470034082692,0.0518773483059186,0.51105178022543,0.00931320510905244,0.789612375913831,0.0869983502463973,0.508195172624019,0.00551844152271046
203,50.5,29.011491975882,0.672220828560918,0.0503305934841499,0.502042191368063,0.00213233291983219,0.643768999566077,0.042704605578343,0.511529845345674,0.0135966683806644,0.782838446874064,0.0967976161589549,0.51414913602583,0.0117383206725717,0.634536738056172,0.0396350854579747,0.505122310814463,0.00353593283155344,0.681878742283574,0.0512401349067284,0.510783866124197,0.00826530872254458,0.787649924966471,0.0903516477931161,0.507207295197755,0.00539940045121343
204,50.5,29.011491975882,0.671098148433128,0.0503289123239711,0.50302467226121,0.00325052018963567,0.64376110775267,0.0417715097709645,0.511932451721095,0.0133643585069876,0.781470557059377,0.0996392994634877,0.514153387750776,0.0114308198438231,0.633915692385057,0.0392257651426984,0.50564001497293,0.00425673123876518,0.682244547943943,0.0505166978666977,0.511821214849299,0.0104413568473532,0.785122376353726,0.0942281666521694,0.506792663099043,0.00588357075950731
205,50.5,29.011491975882,0.6708419173376,0.0508675058980537,0.502731163507903,0.00330634411985563,0.64461149978275,0.0406156843694967,0.512187662445073,0.0142938920407304,0.778485517626123,0.102050521809454,0.513073177241966,0.0124754589156777,0.634459941912509,0.0386237082227228,0.505266023939635,0.00425310246094172,0.68322575243826,0.0491372008069371,0.51117981645382,0.00797941574258646,0.783741520446459,0.0988275559110559,0.506919417354425,0.00809411598464591
206,50.5,29.011491975882,0.671285144132803,0.0502497045929802,0.502441167449904,0.00277864150113977,0.645146516446996,0.0397805010970257,0.512047783902733,0.0151662693124371,0.777232286467744,0.101527333453571,0.511615137768135,0.0109502706454768,0.634460638214647,0.0380152392958155,0.505310484235628,0.00421032033782006,0.683192508574638,0.048969871451899,0.511516970860114,0.0091877541390991,0.781704778200317,0.101940424604958,0.505910612032408,0.00633635391021808
207,50.5,29.011491975882,0.671563774186622,0.0498693163292386,0.502214845822804,0.00207815087635113,0.645265630359659,0.0398689632999792,0.51252851207323,0.0144524650260409,0.777709024084648,0.0998544145064589,0.511355575680867,0.0120791493360285,0.634470593212062,0.0371571218137685,0.504387677396763,0.00345982202356277,0.683816232460894,0.0489886924307916,0.513233905886729,0.0115178463792821,0.780192354184912,0.100275189725492,0.505583128017203,0.0056651842174991
208,50.5,29.011491975882,0.671032353677376,0.0489493113764708,0.502355929606346,0.0032129027136843,0.644989210147277,0.0404351578109656,0.511987071708287,0.0135220387171941,0.778672396169947,0.0983775434829978,0.511074048856772,0.0132119497607722,0.634939429964801,0.0366785058746089,0.504781153551052,0.0049907469475179,0.681089659210196,0.0494282994257591,0.51108968130723,0.00898849425905973,0.78163746468758,0.0973150719366719,0.505574513806192,0.00593321952342705
209,50.5,29.011491975882,0.671489001445057,0.0497367402218757,0.501929349948828,0.0027565130301321,0.644945114283497,0.0409496182027989,0.511477591097424,0.0119701446459035,0.77936567064932,0.0980685646556413,0.509774720645783,0.0151837296623328,0.635543291643169,0.0373287330344062,0.504353164171702,0.00381423814497539,0.680515591118528,0.050144837532764,0.510391593406786,0.00783210726808844,0.782159330396406,0.0970636774495201,0.504897010651249,0.00602737088224414
210,50.5,29.011491975882,0.671175616827482,0.0495515269781302,0.501964375084701,0.00284942404335583,0.644512708203172,0.0421864197209231,0.511873761634981,0.0132192337334433,0.782730832905099,0.093747844244149,0.509035043281957,0.013329582416834,0.635230722415029,0.0377649946108718,0.504845912973271,0.00437637166069472,0.679911327831018,0.0516670082589805,0.511444892254871,0.00906773932452163,0.784630416415632,0.0931760454074662,0.504920460980656,0.00511266812885716
211,50.5,29.011491975882,0.671983697041894,0.048409378388784,0.502015967809259,0.00269701099447005,0.64372008213424,0.0429800107328585,0.512860173074531,0.0145115787579035,0.78695672393561,0.0898528547530434,0.507735152141761,0.011533758934547,0.635156970679918,0.0374742941785842,0.504873601534815,0.00427254515335427,0.679615688987845,0.0524069739816908,0.513141920526077,0.0103345658928709,0.786671661094347,0.0881600705271212,0.504484614240358,0.00505505840742841
212,50.5,29.011491975882,0.672315823051235,0.0475657760508178,0.501565490813857,0.00267435153290594,0.64260192919522,0.0433556483260839,0.513210201576455,0.0155113337509837,0.788143557468277,0.0827323832059048,0.50705936013112,0.0117515355990289,0.636229806750857,0.0365441393421507,0.504572806034105,0.0039364801185974,0.679095425765183,0.0524029483145662,0.51182018458313,0.0092471493890749,0.790494496546672,0.0833566251066081,0.504143260134148,0.00524287772294635
213,50.5,29.011491975882,0.672746875078502,0.0470637734376587,0.501668044103966,0.00242546515604557,0.641848003473326,0.0440951446382575,0.512099360718296,0.0141577955558825,0.788411359539252,0.0807456175426635,0.507495373250208,0.0129916064335571,0.63577719602251,0.035838718176832,0.505252022011033,0.00494287202872742,0.677997959371075,0.0534139726277411,0.511763939316835,0.00884334439009034,0.790115212251796,0.0787227377207558,0.503676253483938,0.00481705311817475
214,50.5,29.011491975882,0.672813130015555,0.0459280293414193,0.501884632193444,0.00309457899748838,0.640953536119109,0.0445109163259093,0.511594339539326,0.0130178978981051,0.791048098768278,0.0753904246491113,0.505229639953955,0.0114985240459139,0.636679004580287,0.0346846114872532,0.504890802619769,0.00402344759291418,0.677813395945352,0.0536296209072889,0.510802550352518,0.0077795894911266,0.791073168726182,0.0744511750373828,0.503405567252779,0.00463739434897532
215,50.5,29.011491975882,0.673770262843847,0.0444488853750153,0.500885129624379,0.00126465039593941,0.641300496019109,0.0442508607701989,0.513674020311408,0.013636952468796,0.791215778801233,0.0771027424200896,0.504579672907412,0.0122812826862017,0.636448868246453,0.0334624283937221,0.504300478221006,0.00380866231573923,0.677243164265464,0.0533100273876421,0.512574067614856,0.0102874276301184,0.789964381228275,0.0710382597693391,0.50356797466955,0.00534743257571038
216,50.5,29.011491975882,0.672775000478538,0.042874326893524,0.501901180035444,0.00284598866117274,0.641077326345367,0.0430353457138169,0.512824316250179,0.0127113704754579,0.79352193768002,0.0777522336650935,0.505326302274109,0.0117118733926304,0.636697733214621,0.0316086408977807,0.504795429880327,0.00461652160186817,0.676395436684095,0.0518882243747936,0.511384319414819,0.00793802725244796,0.792129065510468,0.068789594242134,0.50380177447674,0.00490481331988285
217,50.5,29.011491975882,0.672262964550118,0.0421122838217948,0.501730815931581,0.00245169153873431,0.640693215466846,0.0415226679853858,0.512767850545896,0.0116923388806542,0.795970648301098,0.0773693462881119,0.505207178579499,0.0115600856193193,0.637123112281723,0.0312918933815083,0.504147291904205,0.0035858317020515,0.676745929866734,0.0501409917584822,0.511332759647095,0.00872437432631466,0.791926600988445,0.0673928766728171,0.503559916862615,0.00532666118743477
218,50.5,29.011491975882,0.672033957195884,0.0419484676439934,0.501683367122274,0.00270968795627653,0.640087104233033,0.0403705071536684,0.514041215210734,0.0117516753922819,0.795124555128263,0.0752113838227562,0.506464054974694,0.0156412048371692,0.635487137891278,0.0314635741642653,0.504919824011944,0.00442254199123837,0.676173988496268,0.048482441538235,0.514927231712416,0.0101059058718492,0.790360998478169,0.0626061767728812,0.50409030670819,0.00465881005411341
219,50.5,29.011491975882,0.672136971356556,0.0430821805419633,0.501888335717412,0.00305247204018301,0.639897060498145,0.0389725269218572,0.512621758751161,0.0115964149824566,0.798978002686801,0.0729800230713624,0.504473338903218,0.0121942154710473,0.637029430555975,0.0330182968972313,0.504533274005448,0.00341773550350306,0.676302114036732,0.0475403963652382,0.512283069835645,0.00876891878420014,0.794613028538679,0.0578599899455941,0.503662690672266,0.00630899683019358
220,50.5,29.011491975882,0.671878344354938,0.0437500953349494,0.501884103745195,0.00372127919772171,0.639849391994062,0.0395127442472853,0.513309825420747,0.013763812350968,0.800647708344902,0.0697518103291543,0.504707491938976,0.0112309709428521,0.636355630634709,0.0341259385766177,0.504262961966337,0.0041626374696678,0.677305692709603,0.0481131381114971,0.51383638781514,0.00892699141228909,0.794892888900645,0.0526767841483675,0.503025270648475,0.00624677233587926
221,50.5,29.011491975882,0.671036842832808,0.0451439850407014,0.501875732949024,0.00304103557417756,0.638955539312314,0.039897759478695,0.513541518095204,0.0136935153113934,0.798612314466984,0.0694647635146465,0.502378909343282,0.0121438587324893,0.635761927418407,0.0352546033984402,0.504715213223013,0.00491342624480778,0.675251778699526,0.0479955720711694,0.512944016448927,0.00855789240358436,0.797104212364938,0.0497449878476198,0.504270707999432,0.00748351733429392
222,50.5,29.011491975882,0.668841594618514,0.0469396788035691,0.501136868423605,0.00254690346907366,0.63862733322322,0.0408832930655203,0.514113306922043,0.0135355943279111,0.798521507675028,0.066486872489331,0.502202559153662,0.0121379825969376,0.63438794945372,0.0360966801521875,0.503979255371128,0.00394474042613922,0.676078612605602,0.0497355413302332,0.512255706593784,0.0088145002294656,0.798285743437309,0.0467924623282289,0.502224226088352,0.00624622025515139
223,50.5,29.011491975882,0.667229451269671,0.049091205555043,0.501529913714712,0.00298872474208267,0.637951125731059,0.0417510129077543,0.512009721852567,0.0107295615997494,0.798834687672428,0.0687108790736007,0.501123298344339,0.0122949347546194,0.632291215730908,0.0377237522978339,0.504707106300407,0.00533739224369634,0.675944541309037,0.0503655616450912,0.511712894209079,0.00928625966422296,0.798373718480807,0.0469038575485572,0.502332174857376,0.00511026500077984
224,50.5,29.011491975882,0.666487020488903,0.0508183729500885,0.50109444187539,0.0027325585555351,0.637208580541203,0.0427444852486768,0.511011803664602,0.0110386428474031,0.800375941857118,0.0684657878837016,0.501502402765615,0.0133282406888876,0.632276828395699,0.0394503783442355,0.503999415130889,0.0046563213611126,0.675129678138651,0.0512101769125737,0.510950508264074,0.00760133984829409,0.800353660000938,0.048894206839138,0.501828885539675,0.00804659908183214
225,50.5,29.011491975882,0.665690931922451,0.0515038595734409,0.502151458066433,0.00348429469577862,0.635921363818222,0.0432062187861109,0.511278108587592,0.0122812796893492,0.798033812574092,0.0688707041567832,0.50380292241736,0.0153520742155009,0.631243684807615,0.0404807986595634,0.504169394414316,0.00388363858190422,0.67482864089324,0.0521377895096086,0.51223277648726,0.00926883755889216,0.797589300843841,0.0506870572274018,0.501842487258418,0.00744028442195007
226,50.5,29.011491975882,0.665129833104526,0.0524614939626063,0.501087960394062,0.00271543767245916,0.63621287196251,0.0434888087886293,0.513782748299219,0.0149452083218989,0.799603252124584,0.070052432127556,0.504292929915356,0.0134088028760449,0.630946173800472,0.0410794764078866,0.504072377709191,0.00431202628098927,0.674285384489794,0.052062853140853,0.510145941961451,0.00688846608324336,0.801021713673012,0.0537805409694395,0.50182943561291,0.00698807730429704
227,50.5,29.011491975882,0.664463281925776,0.0535665709635043,0.501151513050989,0.00294298648121665,0.635463126210895,0.0434212899700324,0.512889345689337,0.0140611985608384,0.801971577277908,0.0720432822353504,0.504675286139431,0.0151197902162286,0.629967671141543,0.0419471174508713,0.50372864251372,0.00492454816643665,0.674955762268639,0.0527425966875337,0.51074453497655,0.00909339756189826,0.802053078271323,0.0572364135910403,0.500959652587883,0.00661406512281572
228,50.5,29.011491975882,0.662964055154347,0.0550549238610201,0.50091052112859,0.00327601600733138,0.635758969152497,0.0442212541069469,0.512988742182912,0.0134659203148372,0.806715410887203,0.0733598020225243,0.502445647704203,0.0121457550885413,0.629716904088557,0.0431478500206099,0.503208924374845,0.00373870967092907,0.675015435272748,0.0534216987444415,0.509868160440423,0.00713875127683597,0.804246795859596,0.0595111237641308,0.501341731810767,0.00643943209372906
229,50.5,29.011491975882,0.661802667634579,0.0576304578761595,0.500918437710793,0.00302506112559893,0.63606296609343,0.0444373721835854,0.51191803439259,0.014489475840628,0.808718243758322,0.0735552165922736,0.502933681227643,0.0113541822597078,0.627908181481035,0.0447042808132551,0.504720474374854,0.00542739996196928,0.674742418024159,0.0541824407345126,0.511048580387982,0.00910303693741918,0.80379775918309,0.0635696293848171,0.501687672556946,0.00601051065854937
230,50.5,29.011491975882,0.660846155918238,0.0591329291241838,0.501202199116051,0.00278702464819858,0.636084320982765,0.0451072213277725,0.511947252602337,0.0147963582365845,0.809205456170263,0.0753377767029776,0.504086176870713,0.0127648043914564,0.627774349898657,0.0463171496472421,0.503700764439852,0.00458511809205424,0.675314556944029,0.0553269092908852,0.511171333991043,0.00951022985688571,0.804138586680853,0.0658961253873705,0.502540424744317,0.00563822138946581
231,50.5,29.011491975882,0.660156671110393,0.0600383929350331,0.501423143871757,0.00357551738724445,0.635521396969298,0.0461199542991261,0.512094981744035,0.0140736536021849,0.807620110470865,0.076601444506685,0.50322753545426,0.0127000615882366,0.626600636013768,0.0462267257408678,0.504067456645558,0.00429294080402404,0.676069062130609,0.0563457099988826,0.512701816191772,0.0104820213315229,0.803551708982189,0.0679114085063916,0.502191022982553,0.00587771703347584
232,50.5,29.011491975882,0.660497997221413,0.0601309129291584,0.500857157984608,0.00251072189713045,0.635560945052454,0.0459720534574824,0.511985392002502,0.0143181649152943,0.809557497246362,0.0768968743427773,0.503450592554341,0.0118733917588888,0.627017429400142,0.0468927834231754,0.503776458843615,0.0044296614073988,0.675944373868313,0.0556528845547599,0.511677199869953,0.00982158197799136,0.805010123201031,0.0696295979842506,0.501392286458982,0.00593199353727044
233,50.5,29.011491975882,0.659779342457313,0.0584935226524867,0.500891456782395,0.00290395400041217,0.636113677196132,0.0449684587055406,0.513825131942341,0.0166056212150601,0.808272536074101,0.0758092044090032,0.502331808967769,0.0120692574799036,0.626445397634609,0.0460874158354304,0.502897066850579,0.0029928115986312,0.677425449164523,0.0547520925878991,0.512458810022432,0.0101080185506159,0.803539594133307,0.0702990306146227,0.501189416072913,0.00667445350646385
234,50.5,29.011491975882,0.66060836062328,0.0572945690555792,0.500856484462539,0.00257988188740309,0.635760033050443,0.0435204720164477,0.510830172287244,0.0125838523970701,0.808077799032199,0.0798898162903805,0.504923110122851,0.0175979189116953,0.625972917344206,0.044958016240027,0.503299872106158,0.00388835179985216,0.677861385949704,0.0530265233635806,0.511791460660383,0.00938989138868795,0.803211497878264,0.0727742474977561,0.501146347859063,0.00581332194725163
235,50.5,29.011491975882,0.660965917681933,0.0553395035482333,0.501217892743025,0.00414870183019892,0.635869631656186,0.042122298431163,0.511601679944646,0.0129403642565395,0.807004105420005,0.0795178399965115,0.504249228681665,0.0134929221681515,0.625859332259432,0.0439704785273616,0.503877510743243,0.00472471412327827,0.678491666291201,0.0505573628148577,0.511591626150551,0.0086528961050139,0.803513945967385,0.0747951944156982,0.501604897563313,0.00610179489341312
236,50.5,29.011491975882,0.661914739351146,0.0534690833811171,0.500539961123404,0.00319211807743018,0.63566554584848,0.0407833248611966,0.512052998268585,0.0129795257109074,0.806455584355607,0.0797678208548147,0.503145905697704,0.0109452674009782,0.626631439727589,0.0423874123016012,0.50258820851966,0.00347289743318376,0.679214187734186,0.0489519007526997,0.512926146163074,0.0101300517706268,0.799318592160395,0.0757912747383789,0.50194357798166,0.00713691892139383
237,50.5,29.011491975882,0.661947372425932,0.0513135565845493,0.500697410579077,0.00209011582762153,0.635534013208681,0.0410540026274342,0.511843432803052,0.0124675578476172,0.804367285252645,0.0818621035888639,0.503616179739262,0.010115776710943,0.625934537133426,0.0416299773190371,0.50276136536236,0.0034790238983657,0.678756763545625,0.0496469676042454,0.512598000177194,0.0100590991273057,0.797857919589228,0.079676971093152,0.501729333234516,0.00653913514387698
238,50.5,29.011491975882,0.662727282093256,0.050185520797377,0.500693060845055,0.00260304836367119,0.635599746911196,0.0415236662387041,0.511233743391546,0.0128609028867461,0.796591490440456,0.0851133956129642,0.50664920109875,0.0133799216666016,0.625799638158653,0.0408696530504581,0.503406858989624,0.00461729526578203,0.678817823734128,0.0496659195519006,0.510585869162043,0.00936153072905491,0.79662308413702,0.082979671844151,0.501431273361373,0.00598811114667387
239,50.5,29.011491975882,0.662968279968898,0.0490863809914085,0.500950060211839,0.00340922585394308,0.636199128810545,0.0411410300355808,0.510660813761704,0.012366920853892,0.796444668323323,0.0910291637652342,0.50401194883383,0.00975901966602405,0.625905438844126,0.0409192160049084,0.503387635300624,0.00404991148942458,0.679566005091588,0.0496058466333898,0.511940590846619,0.00950422397520597,0.791875736471244,0.0864406993892263,0.501732773537429,0.00629839538090821
240,50.5,29.011491975882,0.663467295608043,0.0474710203882861,0.500830671310869,0.00309090770830566,0.636922070737021,0.0408028881081867,0.512218450753451,0.0128764766254854,0.79130105298387,0.0922069671273846,0.507192772188429,0.016235053531273,0.626830384638468,0.0405719263250291,0.503229955258684,0.00461069716648778,0.679893733268266,0.050093782230068,0.511911364917836,0.00859743262996085,0.791091103847361,0.0889764266782075,0.502624455917967,0.0055860187345447
241,50.5,29.011491975882,0.66378031718022,0.0462749934253407,0.500917467137077,0.00367203177658464,0.637103115401008,0.0410549026133334,0.510973118908493,0.013289752212262,0.79600239852958,0.091836094051456,0.503978119776816,0.0105370132827137,0.628186283665153,0.0405418557102528,0.503175621070356,0.00406068143567612,0.679984978960573,0.0504252144837557,0.511878284301745,0.00937526002015356,0.789848708198766,0.0886062780507375,0.502490435480225,0.0052068313926939
242,50.5,29.011491975882,0.665123849068957,0.0464804001254755,0.500225181821099,0.00217493257334053,0.638250757312896,0.0422846721583287,0.513309309341406,0.0146277316490857,0.795213774872246,0.0884342505407624,0.504501128353152,0.0112990676721286,0.629078827274845,0.0398098404995492,0.50288355852034,0.00371072699552446,0.679785972412573,0.0527183147832652,0.512228136709859,0.00927769091783579,0.789235709971972,0.0870897087550227,0.502527824166543,0.0054894808200951
243,50.5,29.011491975882,0.665797867567742,0.0466828040138852,0.501072928148434,0.00348356392815502,0.637809648745483,0.0436500803050582,0.512409954823991,0.0137673359768127,0.794396331459848,0.0874726068881597,0.505106999156215,0.0110247668384911,0.629830111320297,0.0395558826263549,0.502712189821632,0.0036253184705034,0.679444489378647,0.0552275578698377,0.511796787514476,0.0107170291314021,0.788637084222474,0.0855928917944342,0.502745217532874,0.00526967400349733
244,50.5,29.011491975882,0.666353722581414,0.0463776345425067,0.501089190045084,0.00313634602868923,0.637380953120617,0.0450877472667394,0.511013947180997,0.0149440064004232,0.795316125301819,0.0893901425055645,0.505451527977916,0.0100403058966348,0.630330811979553,0.0392547733842069,0.503197308389519,0.00490954463535924,0.677851213949058,0.0572530799794139,0.510865143753973,0.00859403073083378,0.789542423185501,0.0881889301344065,0.502335968376066,0.00414517164418315
245,50.5,29.011491975882,0.666812482983941,0.0476058901229712,0.500265836921152,0.00186667424518553,0.637478178702526,0.046670999323533,0.51186355347655,0.015274958150355,0.795292921795908,0.090202395293696,0.50497163676969,0.00969819344370871,0.630717753257857,0.0392909509485043,0.502783721300156,0.00433024440281656,0.67711272323222,0.0584503773331237,0.512058416139699,0.00941790334305295,0.787693183053064,0.0904846708150122,0.503175152086812,0.00604329724901189
246,50.5,29.011491975882,0.667005526454618,0.0484234369445204,0.500948762585978,0.00294340098838333,0.636381042542755,0.0474984804226313,0.510577848593964,0.0139882045093793,0.793928317744498,0.0913117335921029,0.506881740248689,0.0110661050103762,0.63139262599706,0.0395411961590354,0.50251692832681,0.00414259365357243,0.676274336433219,0.0608222281415301,0.511709544984015,0.00958294233230014,0.786805962529897,0.0926299879421181,0.502213349033401,0.0039499776667713
247,50.5,29.011491975882,0.666838075691487,0.049219576623236,0.501297584830658,0.00373163974737724,0.634876926805644,0.0491644234969175,0.512379439303549,0.0138603855366661,0.794561331894141,0.0938632434401547,0.506665429147042,0.0100940290115883,0.63151345551702,0.0399010848805368,0.502726074420966,0.00428045378576666,0.674664729195471,0.0621473124049177,0.512835868901674,0.010304304761134,0.785726385501248,0.0942279612653272,0.503259031930963,0.00533022983991608
248,50.5,29.011491975882,0.666989006263977,0.0506194061492571,0.501778330629692,0.00385140794480972,0.633420686796685,0.0508533878936511,0.511589919191262,0.0141837530735319,0.79828282006402,0.0934531677709692,0.505500123688955,0.0119210476234742,0.632170914153971,0.0410820287646858,0.501953692444282,0.00390485441624975,0.67253540425313,0.0641901517111465,0.511364673216009,0.00824053754137888,0.788177044584106,0.0957145805533846,0.502926350212091,0.00373755905316639
249,50.5,29.011491975882,0.668365815073429,0.0518371160773257,0.501212089180629,0.00386577970453481,0.633325436529628,0.0519293544112055,0.51382982350569,0.0150049584673837,0.797779024729838,0.0940372779285028,0.505967540740552,0.0114863389637195,0.631422716681955,0.0419100101353698,0.50254099758231,0.00488250739968924,0.671120688054946,0.0661774463566202,0.513078050573066,0.00990812723585765,0.784897553333832,0.0951985500862927,0.502924394058942,0.00373754942496269
250,50.5,29.011491975882,0.668351708808166,0.0529014698131469,0.500927768130335,0.00308407588230459,0.632247065181875,0.0539506375800492,0.514477867900346,0.0146497347627441,0.799898479101656,0.0942862662294098,0.505460067725927,0.0115034119174589,0.631701813846801,0.0427979190775416,0.50225614078347,0.00464997482052206,0.669254109567819,0.0682450708122752,0.514669548568935,0.0123515658646146,0.784048116061137,0.0947788996332035,0.503523087955753,0.00366934202726251
251,50.5,29.011491975882,0.668633445613745,0.0526942909221366,0.500432117906845,0.00202429491174855,0.632770900274816,0.0540450860571554,0.514058536967899,0.0131563844324877,0.800355236246973,0.0950608675457844,0.504624352936547,0.0135174453184319,0.631838130843929,0.0430499046412019,0.502475356723784,0.00436965796103094,0.668335676534743,0.069049618948954,0.512333646963545,0.00905906192054443,0.786714039880322,0.0952269858051604,0.502842969280783,0.00385270915649602
252,50.5,29.011491975882,0.667819677822132,0.0535490756806151,0.500506596900669,0.0015875764228073,0.632979063750478,0.0542196645407933,0.513504455457247,0.0123765548659263,0.801018204484819,0.09731741806616,0.504889327449884,0.0114203210346835,0.632044138817028,0.0436546644728421,0.502036890491943,0.00417166095734902,0.66802025768946,0.0691672999445019,0.511660531053862,0.00866962772921214,0.787762384419137,0.0953283688687555,0.503052640934427,0.00496860770385055
253,50.5,29.011491975882,0.666999311900214,0.0540616889463283,0.501092434564362,0.00279195899573173,0.632927544678771,0.0538280960840116,0.512398484781737,0.0115547701094439,0.799943121982587,0.0956764806206734,0.505840725704403,0.0130248727874784,0.631006946905315,0.0432203589290639,0.502685450555381,0.00480804411311398,0.667612632356556,0.0683092501927094,0.511646836124128,0.00833543667493142,0.78863852560554,0.0949572583688503,0.50291004136501,0.00455144465479821
254,50.5,29.011491975882,0.666927425336726,0.0538748843228982,0.500967905393857,0.00261555389279425,0.633465774600796,0.0526176693077955,0.511543177724897,0.0109286825600506,0.803843313819765,0.0929318391632643,0.504726738985133,0.011936534423879,0.63089081826172,0.0426431040407382,0.502363837254318,0.00437234523308885,0.668333378220716,0.0668757413879495,0.512759294364939,0.00968467586787165,0.789423629829969,0.0895885012423678,0.503201107016426,0.00463414325385752
255,50.5,29.011491975882,0.666629717796517,0.0530515905925918,0.501517110867826,0.0038231667963048,0.63389515750485,0.0516550697561746,0.511891703614697,0.0110371379962857,0.805036444258878,0.0906080770085552,0.504581840675109,0.0116354946999339,0.631766930710572,0.0421541173559077,0.50206011954576,0.00417150985293782,0.667921606722165,0.06528279634705,0.511235210380754,0.00803142360148951,0.79367744542545,0.0861304019702658,0.502831022846971,0.00409319676015461
256,50.5,29.011491975882,0.666986387308517,0.0541498722183339,0.501470256261193,0.00300280299045051,0.634780417720025,0.0503387640036135,0.511928282581338,0.0117101376204564,0.80482795664612,0.0851886975913888,0.504100145402602,0.0133762592563118,0.631745693875902,0.0427586368802316,0.50155128046893,0.00340752289494857,0.669473925855166,0.0641148622889014,0.51285706060371,0.00982330084746894,0.794144440954379,0.0817174063995751,0.502534504735255,0.00428181094917419
257,50.5,29.011491975882,0.667097171305007,0.0550304673485581,0.501234776173453,0.00236232829170719,0.636042084583977,0.0487440740028352,0.512372266543023,0.0123215570270645,0.802404205012268,0.0851414604961291,0.505227104203943,0.0120929779705368,0.631351581820633,0.0428065938328775,0.503578299940586,0.00525786216877479,0.669196549058159,0.0614695349892189,0.510573892566561,0.00687391149903231,0.796427544892965,0.0808737109638167,0.502736151927138,0.0041807418561194
258,50.5,29.011491975882,0.666806229360854,0.0552859411960501,0.501691542205594,0.00319240837246699,0.636802361162799,0.046478381095472,0.512104571958253,0.0116270399124796,0.805466194336333,0.0853931473635622,0.504871269255289,0.0125186369434502,0.631708458524293,0.0430352518568276,0.502215613588028,0.00354793091947796,0.670772695643612,0.0588394237353076,0.512644172753696,0.00892700399085387,0.795860742007896,0.0792385493043114,0.502410426854416,0.00454604758484521
259,50.5,29.011491975882,0.667258294874551,0.055042031404487,0.501093738933447,0.00220688434684362,0.637922108155508,0.0439854586833475,0.512261381320358,0.0111857511208446,0.80748320994886,0.0850494865860474,0.504136145035214,0.0113647149673209,0.631354297313626,0.0428223262709911,0.50215311519509,0.00419336734776889,0.671928170514291,0.0559586818719576,0.512261719209451,0.00800693468284464,0.796463586012999,0.0772959426292312,0.503176209811477,0.00599116501196484
260,50.5,29.011491975882,0.667985724124621,0.0552124535585395,0.500915838095862,0.00189939403667935,0.63932829673876,0.0417331505166458,0.513058668278788,0.0114458371664249,0.806997338704021,0.0842627451201034,0.50437472163894,0.0107474237941919,0.63049190103606,0.0425358578166972,0.50292484431761,0.00490839677660862,0.672618304120961,0.0531023589726557,0.512397133499382,0.00980205722212945,0.797748620899683,0.0757393733467415,0.502438847161011,0.00460472777174595
261,50.5,29.011491975882,0.66857842092625,0.0551651972701531,0.501350022155804,0.00242992735308876,0.639545582569508,0.0390890372729817,0.513985917910179,0.0124184727080053,0.804117388495297,0.0864852566510618,0.505321511179643,0.0112541359234866,0.630593049852028,0.0425197615607622,0.504247374322862,0.00567053569967258,0.67186337530008,0.0499089650721674,0.510590073247004,0.0080337870124689,0.799146206914183,0.0763587135565682,0.502531790418524,0.00426995836520836
262,50.5,29.011491975882,0.668914557044604,0.0550874418389109,0.501391586320757,0.00272408904884404,0.639855253863698,0.0379908763218416,0.512377808140497,0.0109624467125193,0.802845605732999,0.0879995979963378,0.504485184496896,0.0112174249147333,0.630948811686158,0.042768901135243,0.502998542859334,0.0042850027570388,0.67342429890498,0.0482653706230598,0.511624680788625,0.00859134615373076,0.797368536807052,0.0772308522026429,0.501105179172263,0.00575344162271794
263,50.5,29.011491975882,0.669711466554231,0.0548323318997319,0.50120905457525,0.00246890061044371,0.640612574477916,0.0372242816955185,0.512899316936439,0.0109000773634565,0.800836492570437,0.0906965174613034,0.504397055869558,0.00911155661310088,0.630883112914467,0.042717525176464,0.503542385245781,0.00472772880550432,0.67339045215675,0.0475769046977279,0.512169803740126,0.00871931914471555,0.795215652554095,0.0798500030202721,0.501262954869346,0.00558274590853975
264,50.5,29.011491975882,0.669760597815939,0.0540788581015705,0.501556590177384,0.00289293311660256,0.640653237552591,0.0370918301003861,0.512625428569491,0.0104423128498972,0.800218158711459,0.0940170792061842,0.503673509575456,0.00903913182735045,0.631695477243545,0.0426549521468723,0.502675858552755,0.00414026386813075,0.673941628961108,0.0473415222554383,0.512742432654815,0.0105662154975171,0.796448280760994,0.08354674246456,0.501340911615272,0.00524435240588494
265,50.5,29.011491975882,0.670569526468181,0.0533482442960023,0.501478844935809,0.00291451548933034,0.640256111100223,0.0371307570428297,0.511255945561555,0.0122396488586871,0.798364650333134,0.0964657353285869,0.505127814385635,0.01045076865489,0.6313517957248,0.0422150408651499,0.503435555298781,0.00445461331499571,0.672934073081716,0.0476114731187372,0.512416032179187,0.00928221477220446,0.79492703593424,0.0865659124539667,0.502886804319764,0.0064176994004594
266,50.5,29.011491975882,0.671033281315479,0.0529545248251489,0.501169299100921,0.00233247821781618,0.639738958213457,0.0381601463358595,0.511115894343568,0.0129735192538273,0.79914360584475,0.101444662943309,0.504534141024712,0.00854914882314679,0.631202340217217,0.0421255759878358,0.503649538735583,0.00461222258450569,0.673206855900524,0.0488671722122623,0.512536922319355,0.00891876652403028,0.793995962157358,0.0919755083114004,0.501488771539282,0.00570195084960128
267,50.5,29.011491975882,0.670731085024386,0.0530190954526816,0.501704013433078,0.00304645797412455,0.639058224062813,0.0390745276783397,0.509835273883309,0.0114944205301989,0.798140278081781,0.106301345507957,0.503957995393018,0.0103210467075581,0.630980742809757,0.0424766523134064,0.503471738023067,0.00511214024930612,0.67381964945965,0.0507070920099564,0.512989329609241,0.010088050652751,0.791184915539449,0.0985810771969953,0.501362286987563,0.00694233148369752
268,50.5,29.011491975882,0.669911084378838,0.0535280692446503,0.502113780454027,0.0039740733130626,0.63946981720235,0.0396062958052558,0.510849457747743,0.0123436137426611,0.795499659579249,0.111472253114469,0.504234212994265,0.0114811906284638,0.631737105499474,0.0428933189093573,0.502712130529374,0.0040887265732391,0.674289124226897,0.0518788341532346,0.511735447994827,0.00925856186110998,0.790321714408999,0.104607121285629,0.50113544428282,0.00611920360275288
269,50.5,29.011491975882,0.670058419839431,0.0527312098784999,0.501746416023746,0.00325535107486849,0.640673784113541,0.0399657893402774,0.511846160909678,0.012721803020192,0.79355793406794,0.11435379253833,0.502555362817864,0.0115161755100237,0.632553955752647,0.0426203335446981,0.502969389091171,0.0050271260318215,0.67486850366187,0.0517544321164386,0.511176088426434,0.00924454408654571,0.786557574338624,0.109471702783844,0.500448646185336,0.00664963077494608
270,50.5,29.011491975882,0.66973141260309,0.0512552804238978,0.501751622859021,0.00300014840483937,0.641242403824903,0.0394125628004448,0.511470128346865,0.0133843225654579,0.792691911544901,0.11831763284421,0.502387041092809,0.0124235554207006,0.632798949780105,0.0411881429482203,0.50300491780238,0.00518673346572993,0.676169102180336,0.0520715731139365,0.512045272316943,0.00882485584791684,0.78451214730041,0.114547433504803,0.50085556917874,0.00622638416251297
271,50.5,29.011491975882,0.669756249701407,0.0501175838390966,0.502083166376513,0.00324788823470042,0.641752105713173,0.0395149421219768,0.511353531179844,0.0137666227329965,0.792273651681893,0.118566704353868,0.503093183081238,0.0107839801478705,0.633566085289207,0.039652659237673,0.502180495243093,0.00408421964345383,0.676745740703323,0.0519314350819259,0.5125160008572,0.00978140172353146,0.784705375681875,0.115316184101435,0.500225014884868,0.00660672897306249
272,50.5,29.011491975882,0.669458681505921,0.0483684177348373,0.502198323632405,0.00331993474209783,0.640919252951615,0.0395628396539908,0.511221387456694,0.014392607610563,0.7912206934432,0.119153072093206,0.504874843084043,0.0101739228145303,0.633617477209689,0.0374963859838602,0.503154619366182,0.00486413177823697,0.675953026717682,0.0517703221376848,0.511851310909252,0.00991612683064547,0.785841300847276,0.114958356596251,0.500274237970796,0.00668855817138839
273,50.5,29.011491975882,0.669216441454015,0.0468823993530958,0.501331217204423,0.00224590648051051,0.640993427014719,0.0405302980106965,0.515181597585373,0.0140359300381019,0.792041534817658,0.117389793079866,0.50367636793948,0.0112084423793087,0.633421398437135,0.0363293522910222,0.502851609310038,0.00523415299670139,0.6751828252346,0.052963655173963,0.51192518003932,0.00921248137083419,0.784703426247138,0.114040386787703,0.501812226589425,0.00958226972263918
274,50.5,29.011491975882,0.668851737870392,0.0456007574920908,0.501493285219348,0.00258748876110393,0.640618522061868,0.0411056991559571,0.514890607654833,0.0140147618629486,0.792420241534772,0.11463623801869,0.503011371765874,0.0109405417863264,0.632856151204684,0.0354400611250014,0.502107357070644,0.0043955454349469,0.675562646845897,0.0534019191290055,0.511948205065018,0.00985670613279152,0.785116706484062,0.113520292830047,0.501197695819189,0.006236238979275
275,50.5,29.011491975882,0.667705857314933,0.045056504076077,0.502013570904458,0.00325873402421223,0.639769887356085,0.041007424176871,0.513937265723699,0.0133542498346454,0.792743073093654,0.112575117750636,0.503060827590632,0.0113686240602971,0.631400452372718,0.0351289154608696,0.502635650921284,0.00615509681260113,0.674617162600564,0.0537754485657149,0.513286152721737,0.0123793879989769,0.783665518506682,0.111578707347757,0.501223012321459,0.00619612030312354
276,50.5,29.011491975882,0.668322079010366,0.0445971946807014,0.501205278968458,0.00163565657834876,0.639501148554231,0.0409867118369149,0.513993353938476,0.0123764082381951,0.794110459341768,0.110180830140225,0.503828438517197,0.0134892300047591,0.631406347166133,0.0351559334402426,0.502729671195142,0.00510965849933834,0.674560799228298,0.0533601699501271,0.513100354498166,0.0112652835773223,0.784569844087769,0.109802160072171,0.500598341317034,0.00513496144923272
277,50.5,29.011491975882,0.66791143329506,0.0456254737896717,0.502212496500267,0.00382187204075812,0.637931741897145,0.0411732423728927,0.513847887943859,0.0119490769425196,0.795521233230877,0.106376168494973,0.503951809935579,0.00904770766661799,0.632368534885302,0.03603243696892,0.502133720465528,0.00422543623376776,0.673904841044401,0.0534848435706844,0.512772838962517,0.0103232350233669,0.785438441843438,0.106467463631686,0.500601056585546,0.00644826200005305
278,50.5,29.011491975882,0.669210598152729,0.0451297564863714,0.501760379736288,0.00290473658939247,0.637354743560124,0.0424542745808844,0.513552931483638,0.0130110412908521,0.796763878318221,0.103405064539622,0.501705438800461,0.0134546521230459,0.632394552924769,0.0352412345575091,0.502896623702141,0.00500090634839353,0.672015589640833,0.0549565193704724,0.512180410467022,0.0100293373349238,0.787160074914585,0.100771145314241,0.500754181068598,0.00613364792153995
279,50.5,29.011491975882,0.670824231034043,0.0436297382377726,0.501615209179973,0.00264195965070645,0.635905332284848,0.0442396054931173,0.513448836201153,0.0125548178071937,0.798172753430674,0.0993718296796506,0.503760303678639,0.0165690846814669,0.633242129805249,0.0340449147168072,0.502908309422308,0.00435704509683889,0.67062626051834,0.0568109864634981,0.511735289719942,0.00974726702690854,0.78979128605775,0.0964518478527616,0.50064289174576,0.00597451577888999
280,50.5,29.011491975882,0.672692996609992,0.0417502581248967,0.501216796656085,0.00203492136436628,0.635631312899755,0.0446503307599038,0.513116982900548,0.012172815900955,0.797907059709118,0.0975987617919132,0.505107181790311,0.017253444648396,0.634540217147232,0.0321759814086612,0.502022707191681,0.00326661462948318,0.671533494007228,0.0587845703377056,0.512724656521546,0.0126640024211909,0.789768919358807,0.0908612201137337,0.499953883906872,0.00613681047952432
281,50.5,29.011491975882,0.673523111859799,0.0391327760249591,0.501228611901171,0.00287850683959873,0.635750530405252,0.0451474811743899,0.512987016014073,0.0122486323914052,0.802622662175992,0.0932140734918404,0.502864986038557,0.0123998629494025,0.635626004660936,0.0301336973859835,0.502726364901692,0.00298337029757998,0.670930470346379,0.0591823909093042,0.511182040697577,0.00929790155299041,0.791227593205312,0.0866839605272029,0.50076829753294,0.00630331124176606
282,50.5,29.011491975882,0.674100559032041,0.0364980901465403,0.501958380590763,0.00420471466263607,0.635678269076466,0.0452750209172879,0.511971924481817,0.0118555650784442,0.803579368507295,0.0898839298032839,0.503415556146683,0.014180433146844,0.636127122801281,0.0281181875721183,0.503806055239049,0.00493143565445742,0.670744929229229,0.058429890331072,0.509876654753761,0.00833062736807518,0.794672041895498,0.0838846313633637,0.50041381666983,0.00577508343890676
283,50.5,29.011491975882,0.675141334333468,0.0338166287338607,0.501219932839017,0.00277824876347,0.635254080795166,0.0446518961302968,0.513299495071213,0.0119893847802698,0.803845748614939,0.0865439730924876,0.502630485127287,0.014597686972436,0.636779745499709,0.0262819433312872,0.503158629625657,0.0048547750218594,0.670870275166904,0.0574132436600565,0.510877913878723,0.00902867394798162,0.79356113483461,0.0816049465072867,0.50124973716131,0.00653504768528557
284,50.5,29.011491975882,0.675987354301458,0.0323245451765577,0.501705985235644,0.00353737991504197,0.634139366635707,0.0434196704340631,0.512923326996589,0.0122507057255442,0.803303437403328,0.084007562747699,0.502795273250038,0.0159165460857161,0.63661999710206,0.024267396803998,0.503635014471481,0.00553880803663224,0.670866826597785,0.0564397417983794,0.511154229944697,0.00853807721839875,0.794639508164393,0.0801717989400142,0.500716728666979,0.00553017096021084
285,50.5,29.011491975882,0.676825864432875,0.0303378107566681,0.501528035773631,0.00309521033760657,0.633877982368404,0.0431265883140155,0.512515964456483,0.0116383450956128,0.800994644886897,0.0823297778461746,0.501907053611709,0.0188614186971846,0.637931244898315,0.0231038883568666,0.502764298898168,0.00383349509771419,0.671046838070175,0.0561239175853961,0.5100459460107,0.00863225242700963,0.794377382720171,0.0800217432603024,0.500508244172475,0.00632628864812029
286,50.5,29.011491975882,0.677617900159089,0.0297656653651305,0.501014766570063,0.00246010815035777,0.63403388978831,0.0423551910318882,0.511406343589469,0.0108730576235553,0.80331291437876,0.0824024122101479,0.499931068814998,0.0193540935576058,0.637788516955671,0.0224847969490134,0.502163837396067,0.00348380865368795,0.672160119762744,0.0561088076247876,0.510411570924364,0.00869280834946064,0.794630850674468,0.0791853695686266,0.500661643185875,0.0061832853341926
287,50.5,29.011491975882,0.677566020477827,0.0293487303995262,0.502154583278284,0.00444925547372881,0.633277335063716,0.0438339259712667,0.510633833857151,0.0117506718604496,0.804445680211455,0.0838684614744517,0.501823598529796,0.0185181114909699,0.636667067147616,0.0219929918458472,0.502996526650014,0.00448711780714712,0.671722542609974,0.0576454227459781,0.511694954996475,0.00996805953353559,0.793279605714807,0.0790550636758513,0.500943663749477,0.00651592905225206
288,50.5,29.011491975882,0.678729497693037,0.0291620476085118,0.501427637239303,0.00280836024163884,0.632698894663183,0.0452968842118534,0.511015375339187,0.01338763479073,0.802144627659949,0.0825855511784519,0.503364088191381,0.0151347373627444,0.637237525398341,0.0224093224162121,0.502896651415095,0.00375435651362306,0.670417388072119,0.0592165175949278,0.510632170748489,0.00913493138882796,0.795695738872456,0.0801650345386757,0.500703079435499,0.0055838255483198
289,50.5,29.011491975882,0.678431472254559,0.0293458262822183,0.501091962249763,0.00295554035638482,0.631899065830179,0.0462680295518561,0.511779619219071,0.0133535525519808,0.806545467104773,0.0814424356684518,0.501029891707358,0.0159933089793971,0.637699007436815,0.0226370215800438,0.502226097551259,0.00318683047032611,0.669070922062387,0.0609472550528088,0.510181503562719,0.0086492029771239,0.796397899727787,0.0792617358049367,0.501213620956896,0.00675857653453641
290,50.5,29.011491975882,0.678200656922248,0.0298627783683585,0.501403222097074,0.00275245734379356,0.631085594597843,0.047218444924416,0.511626237845442,0.0133857748506598,0.8056860796264,0.082684213750569,0.50092419945521,0.014894986201213,0.637229989721622,0.0235887662707082,0.502772021615215,0.00411477898891671,0.66803971187232,0.0613654033998424,0.509196109967285,0.00792922791002828,0.79758997578494,0.0800162305432092,0.500912147932285,0.00585833259139253
291,50.5,29.011491975882,0.677638659582531,0.0303194351669477,0.50147219469414,0.00315894392854667,0.630810870731214,0.0471034466167517,0.511186039884713,0.012608150926491,0.805689739748434,0.0832773119777513,0.500931954811779,0.0171787976203351,0.636505538172189,0.0244768167153828,0.503032395616968,0.00404793899822925,0.667988122578551,0.061213227531943,0.509886450105933,0.00856050337286158,0.796303818700725,0.0817116665233656,0.500689960410754,0.0061141146900665
292,50.5,29.011491975882,0.676130815417333,0.0309485990691147,0.501777429989162,0.00364186479251062,0.630784516196442,0.0470074283923746,0.512753547681785,0.0135158152766365,0.803307140848028,0.0848233744306482,0.502609491384942,0.0183239384422644,0.635561303746831,0.0267784494058747,0.503420959657129,0.00484543872636975,0.66738140739811,0.0613970844581015,0.509029844427581,0.00727269530869521,0.797489652107646,0.0848589887872277,0.500871677641341,0.00586018415397094
293,50.5,29.011491975882,0.675096911159435,0.0335017167000209,0.502052704587293,0.00396734126699715,0.63148646141111,0.0464865887805324,0.513796991207329,0.0167531539780579,0.801818146614627,0.0883358316936871,0.499942940895217,0.0143042726203962,0.635135481684883,0.028573157276141,0.503152322891924,0.00451012813937412,0.668400910125137,0.060342581377159,0.510211148806838,0.00789302650970413,0.795298729724596,0.0859861477592363,0.501186567257346,0.00656981571331997
294,50.5,29.011491975882,0.674662366584278,0.0358176656217888,0.501892329209097,0.00386619733929513,0.631529159843477,0.0455047393996306,0.512513142624378,0.0138439747179037,0.804218808799215,0.0908195911162602,0.498950607939077,0.0151213515154026,0.634679748961368,0.0307496018679975,0.50310359367097,0.00437282554790054,0.668825899202818,0.0587549618933083,0.509208468918424,0.0073732614224525,0.796151121242068,0.0876409029145912,0.500814819748295,0.00687744783391136
295,50.5,29.011491975882,0.674038106535354,0.0369293634531395,0.501344066356579,0.00350347410708935,0.631592212877723,0.0442182592371982,0.511891013400545,0.0141259823960678,0.802401843657382,0.0942408392146473,0.497958055388822,0.0130185548661401,0.63364894737883,0.0316063917388522,0.503522232389851,0.00469613052023954,0.668964360790042,0.057228006198887,0.509927578886308,0.00797312999653581,0.795774394598888,0.0890949294848212,0.500564218311189,0.00723182778444691
296,50.5,29.011491975882,0.673494232576791,0.037950220066367,0.500717425937361,0.00238689019123875,0.631942630746176,0.0437183237287371,0.511660240575954,0.0134700885946834,0.803090160431039,0.0965090037241558,0.498366914803966,0.0140926467308727,0.632438287989284,0.0323861357299166,0.504094015882279,0.00543101186501615,0.668486115590122,0.0570926091620244,0.510877200063686,0.00945649139228754,0.796665785076837,0.089815599626327,0.500020666740162,0.0066067195255222
297,50.5,29.011491975882,0.672792913123957,0.0389790804303624,0.50104939503362,0.00255342892365529,0.631725868267125,0.0434793566977967,0.511976718426649,0.0133326139072791,0.805529424660611,0.0973389806145923,0.4981879543234,0.0105517478141645,0.6325387617405,0.033523354175764,0.503162026291827,0.00475991356271273,0.668395849043436,0.0572865674569383,0.511044631046433,0.00917013041928183,0.797702354877501,0.0893583295816316,0.499665057376598,0.00736873115769524
298,50.5,29.011491975882,0.672513231630616,0.0406409358934222,0.501673522305324,0.00414884244106333,0.63099846940788,0.0437135914270105,0.510727891470923,0.0125157177300035,0.805327676199422,0.0930066618895708,0.50124664242915,0.0132911956470095,0.632353946312145,0.0347659729654881,0.50321887983696,0.0043191682612463,0.668155325651361,0.0582959439264999,0.511402012984323,0.00966546295489037,0.798416060206374,0.0881411013000112,0.499262880915504,0.00692434130497036
299,50.5,29.011491975882,0.672325524975482,0.0416944992665192,0.50068600264563,0.00259666388835105,0.631330575383051,0.0440279755315854,0.510681311109594,0.0132627390219762,0.810232476055044,0.0905042460093555,0.49784492334515,0.0111676067833244,0.633306593216248,0.0356925695126582,0.5032414144693,0.00399720133512188,0.667966523245058,0.0583040346639971,0.510926090989168,0.00853363982968387,0.800349198284552,0.0855048036904704,0.49984270979801,0.00798395652303079
300,50.5,29.011491975882,0.671855004045084,0.0417673956309702,0.501839125706794,0.00381722750682639,0.630487664857211,0.0446465512615566,0.509897863803046,0.0133602295516025,0.810483429668406,0.0898634427005329,0.500718924229312,0.0156140462383181,0.633203719631243,0.0361768449392741,0.504378864728545,0.0054919531504849,0.667884922574173,0.0576714767059679,0.51154554909783,0.00871175033224203,0.800111266089943,0.0849952695723307,0.500115674924424,0.00771537923965824
301,50.5,29.011491975882,0.672930283556308,0.04205494828541,0.501158279399946,0.00268912882575003,0.632272675062168,0.0451648491232428,0.510595430611096,0.0142436783346274,0.808993337976595,0.0919459781930477,0.501366186525217,0.01169228993461,0.634790807065604,0.0359823455885227,0.50319215104858,0.00453991594573836,0.670423685475542,0.0582056781595362,0.511621471209763,0.00932048661672746,0.799177684898945,0.083403050561461,0.500851491708136,0.00756178718677768
302,50.5,29.011491975882,0.67330513089157,0.0424260674423785,0.501423486504869,0.0029716846756908,0.633899942407328,0.0454365548125713,0.510068232831276,0.0137549755791277,0.809964313515894,0.0927353995153627,0.501088277249334,0.011541753169587,0.635495118243063,0.0359602147185845,0.503606308847839,0.00433526856005346,0.671734935173658,0.0580511357242789,0.511229689741229,0.00966436300280744,0.801079009091291,0.0842514207856532,0.500981899083759,0.0069466251031489
303,50.5,29.011491975882,0.673912914906072,0.0422005404782792,0.501768570426546,0.00365402594102303,0.635337576604679,0.046270472370322,0.51045642084967,0.0138459654881526,0.811958677362556,0.0929959273877921,0.502741964006262,0.0133982772317371,0.635841826092576,0.0357131557443481,0.504866834853837,0.0054653487902821,0.672359790040266,0.0582003699657337,0.51164699830937,0.00905964994068829,0.800243217570821,0.0843447723176771,0.502705568221855,0.0079216395888813
304,50.5,29.011491975882,0.674582804177088,0.041437580373118,0.502115177874147,0.00380319888323212,0.637176023991961,0.0455146057082561,0.511415503156865,0.0135329953293445,0.812431390625831,0.0936443479094409,0.504676433016622,0.0135105945241382,0.636434861555605,0.0350077044619565,0.503992852904886,0.00389251942250129,0.675303968572274,0.0573082120514341,0.513675908156995,0.0120454270014702,0.801918281796288,0.0839631753956049,0.502798763288694,0.00737999419442395
305,50.5,29.011491975882,0.67406979804837,0.04187626315195,0.501679438007096,0.00274540132031159,0.63933513601003,0.04369327060171,0.512133614285984,0.0136759707368656,0.812816041469145,0.093397209069386,0.507484109640888,0.0162744104855473,0.63525356049758,0.0346959674002452,0.504815474416706,0.00519856413525867,0.677603567953841,0.0549705960424078,0.514971930486244,0.012524218076238,0.801274284268854,0.0843892152162534,0.503481256873726,0.00706529462650007
306,50.5,29.011491975882,0.67179271508235,0.0432197950363633,0.501945243573108,0.00293543636696875,0.641671110186226,0.0417199077437283,0.511799733450048,0.0135972405162112,0.81569874585513,0.0947233725025569,0.504899377631249,0.0119538311062946,0.63460199179818,0.0356440408493723,0.504873972939433,0.00413208222518683,0.678958244491123,0.0515482486556948,0.513981170140078,0.0117228618815745,0.803568218321818,0.0851669999260675,0.504376697207088,0.00851287047639653
307,50.5,29.011491975882,0.670606378932806,0.0452721902409279,0.501963681365893,0.0026039517715074,0.643502548083466,0.0405723393652627,0.510975260562412,0.0130684549695556,0.815659433794878,0.0937308547531382,0.506840388704529,0.0123777720346422,0.632862411048423,0.0374370963136,0.505992386007315,0.00514850317007875,0.680338290400067,0.0497592684589152,0.514860061170379,0.0113941400810735,0.802533223036471,0.0835111704590877,0.504807362010013,0.00653030467186539
308,50.5,29.011491975882,0.669841146815985,0.0476050314846429,0.502557275003014,0.00369308199853447,0.643915892751116,0.0399979495972724,0.510527747553803,0.0129078128928515,0.815208442499289,0.0915329904237764,0.510066049225613,0.0179620137347923,0.632899579009958,0.0391276123224352,0.504394856457863,0.00386842001600102,0.681965973513441,0.0490434502314499,0.514004826487287,0.0101261968311452,0.805053201175913,0.0796632441577013,0.504755364294895,0.00633921811671811
309,50.5,29.011491975882,0.668666676242994,0.0497067929481767,0.502528339628614,0.00360693504480454,0.645322517582738,0.0399256078305484,0.510867047681657,0.0128338779782313,0.818411103300851,0.0890385939878499,0.508650433601858,0.0130187390813811,0.632105391730613,0.0406813552900566,0.505430876854634,0.0047195511280074,0.681812440949111,0.0493856908070297,0.514404273572856,0.00925414227197172,0.804303015919395,0.0764670958250799,0.505187105673023,0.00644338438485275
310,50.5,29.011491975882,0.668598107907256,0.0517658345486114,0.502071048494876,0.00280403684723162,0.645584935367278,0.0407305494008777,0.510050754466732,0.012702114385787,0.817715965774592,0.0867896919882226,0.513623093566267,0.0150959818397098,0.63223138572506,0.0416787701397163,0.505552376010109,0.00464754939830657,0.681155281676183,0.0498442335200304,0.513155661248279,0.00989454176015564,0.805745488048078,0.0744616522424792,0.505877469528076,0.00673459932415022
311,50.5,29.011491975882,0.667250163651305,0.0532410325958903,0.503339499086993,0.00390375356827313,0.646171038471755,0.0413635714581382,0.509312195720345,0.0119818223351687,0.820491838801935,0.0861553117778276,0.512856961512818,0.0146713374468574,0.631873947309824,0.0424692647632309,0.505155877935216,0.00443251805217847,0.681863222584553,0.0511839892727706,0.514355212826816,0.00997903011388578,0.806618908538163,0.072974292579246,0.505808621791475,0.00636134074251761
312,50.5,29.011491975882,0.66728853201854,0.0537216437419387,0.502856952472551,0.00389927625386457,0.647426655734624,0.0421847935475658,0.509989085534376,0.013317270711191,0.820973144916198,0.0840720727585042,0.513390062455121,0.0145287341938957,0.63200098003149,0.0418309194563515,0.50591569039949,0.00485048182832088,0.681524760609291,0.0519234004660849,0.51456314086917,0.0110139976765982,0.807672693390506,0.0728509908642891,0.506804381719093,0.00720443451334537
313,50.5,29.011491975882,0.667572519090409,0.0532430568641755,0.502287836064839,0.00296198559959996,0.648286946561542,0.0431274626326891,0.510958285673903,0.0129779577079134,0.820670460118373,0.0835974824979719,0.514428393251694,0.0157209811420132,0.633574066147682,0.0415058755627322,0.505197818522095,0.00374487379024275,0.682441212294675,0.0527217115529388,0.512834509419462,0.00866010086528231,0.810307358706824,0.0716391838897789,0.506581240804541,0.00615455753522574
314,50.5,29.011491975882,0.667194033198382,0.0529002855157908,0.502546614821025,0.00308338746329519,0.648379675196368,0.0430842055493392,0.510981006121145,0.0125179675596518,0.819723038579578,0.0834905339407483,0.514652927786413,0.0153513700109626,0.633191847967597,0.040744855127957,0.504999178972794,0.00329913521334326,0.6831102588194,0.0529470650436891,0.513235700670103,0.00974420487908135,0.809401092864358,0.0710508695304745,0.507470727991394,0.00716002838836638
315,50.5,29.011491975882,0.66753649206153,0.0529993911458828,0.502019593552096,0.00279781115745086,0.648046129468451,0.0432471843398899,0.511332065969069,0.013517077639872,0.818036378454438,0.0820673908163674,0.514487235526187,0.0151944077682334,0.63304069992505,0.040152155268061,0.506085194839281,0.00484767193838555,0.68298884538946,0.0532706706326946,0.512827246808907,0.00960764062379616,0.810111958702834,0.0712154260817567,0.506923318518084,0.0056662663917567
316,50.5,29.011491975882,0.666920519268385,0.0526622756674784,0.502488557191979,0.00284363143689908,0.647847722144242,0.0431831348563163,0.512428497459785,0.0163417247242409,0.816713811164766,0.0812729652755953,0.514710431294372,0.0138846730490893,0.632874077526729,0.040163247004893,0.506160717662578,0.00469566629305513,0.683799887586603,0.0532877943438986,0.51510518652309,0.0117869807745914,0.808870357841695,0.0708903569731596,0.507151889437322,0.00602726133547596
317,50.5,29.011491975882,0.667287942648628,0.0530617260648729,0.501967535634976,0.00187459109295811,0.648167979924221,0.0426867864357392,0.512512050067937,0.0141245890734253,0.820472634712715,0.0787098444797624,0.515080181110634,0.0134339549962445,0.634043694822987,0.0399503720072999,0.506092443256679,0.00423512259406487,0.683655770073772,0.0530748367416989,0.513195271676359,0.00864176077321794,0.811064584996424,0.0713016702889704,0.508378217292745,0.00747875273766544
318,50.5,29.011491975882,0.667014705261151,0.0533234090898487,0.502198089983868,0.00226382201590407,0.64819702936245,0.0427250969032554,0.511018691977239,0.0126909274079794,0.819506532548694,0.07764717506241,0.516819867974836,0.015906202734822,0.633729453600232,0.0397808621135094,0.506832377231595,0.00616770244713599,0.683790389400087,0.0521124432358854,0.513955829462765,0.0094278337230191,0.812025398838391,0.0698528314811502,0.50847976453501,0.0068190300754794
319,50.5,29.011491975882,0.667145506786744,0.0531386492445184,0.502692403730063,0.00295600708449891,0.64783484715891,0.04332021380503,0.511016561549283,0.013078642222283,0.818886801769343,0.075809956892551,0.517526189922793,0.018807024241948,0.633811776047144,0.0400355810663292,0.506731544585423,0.00489339441026815,0.683427908810858,0.053084042985937,0.513635881418536,0.00840440801317605,0.814049301498577,0.0683529185185206,0.508880455982876,0.00703085612562318
320,50.5,29.011491975882,0.667410993354571,0.0536145194099545,0.503280670758275,0.00381693501841729,0.646764252337224,0.045792357830889,0.510801291898143,0.0127685577745323,0.820711189121621,0.0723584692554135,0.516881425854709,0.014398414519049,0.634689027482509,0.0401336455487577,0.506487539936646,0.00445835013927492,0.682030383280559,0.0557183066776601,0.513569705584732,0.00781220409233224,0.815651965832642,0.0656091933379835,0.50952432217215,0.00745083622691695
321,50.5,29.011491975882,0.667682589705871,0.0530434462775619,0.503500697128752,0.00440879579812509,0.646141534840354,0.0467399078613582,0.511115075472791,0.012198399188888,0.820757811238381,0.0719036322798703,0.517243624439181,0.0132274568505047,0.634342515067198,0.0399975451622348,0.506798199267104,0.00508969193965714,0.681721608783177,0.0567773460816045,0.514478803825113,0.0084570399307495,0.81554817450226,0.063480251108523,0.509636662972604,0.00683264134412326
322,50.5,29.011491975882,0.668516150770644,0.0509863391268265,0.502938383045769,0.00295069201774053,0.645682500554244,0.0479231910473563,0.512001288714042,0.0118926870745691,0.817959275706328,0.0723889655742983,0.517183372816522,0.0150820024968808,0.635368687395199,0.0389928320120783,0.506802768157958,0.00427510850139032,0.680762254506589,0.0577056783352487,0.514565321230254,0.00806226592205004,0.815711994827532,0.0626803090549917,0.508889478766032,0.00598445344219585
323,50.5,29.011491975882,0.669812710389758,0.0496963708263963,0.502385041509327,0.00258143370245657,0.64539440133453,0.0493122705520586,0.512392343683683,0.0115557354992715,0.814646079167312,0.0731867098379119,0.518336773092939,0.0155094297361166,0.63546104810726,0.0380865591814871,0.506734375831941,0.00478808409365225,0.679696258357012,0.05990295780197,0.515317518654757,0.00961677874137028,0.813750645654421,0.0639472494375965,0.508284207368035,0.00596645941857821
324,50.5,29.011491975882,0.67068663507828,0.0473672398919871,0.502474102632285,0.00271643362456879,0.643927603528,0.0505626099565768,0.511665447255066,0.0114333870221422,0.812708518805425,0.0783875886462913,0.517374070939634,0.014246524569424,0.636004454490946,0.0365466912237859,0.50661139608601,0.00393524372004732,0.677951767260758,0.0622985439106971,0.515456378447847,0.0101876538272819,0.811706959165351,0.0677459685956689,0.508718496393049,0.0062938943337794
325,50.5,29.011491975882,0.671319030403867,0.0444488150639737,0.502515645486402,0.00294316898230924,0.64267501516744,0.052345872227567,0.511176985047856,0.0115329154620768,0.810259179142021,0.0822042446208502,0.51723237120148,0.0141272040827814,0.636192830889481,0.0350642514867297,0.506837023293166,0.00521354029319231,0.67737268977244,0.0657427819963982,0.516853676047284,0.0101069604032132,0.80803548400095,0.071649930840375,0.509955353872286,0.0070463906638577
326,50.5,29.011491975882,0.671339569237404,0.0416809339679434,0.502264805532579,0.00201817352505533,0.641959498741862,0.0547644772204297,0.511742090158065,0.011392446991277,0.810088808740271,0.0867953544506697,0.516584844970113,0.0128068029312216,0.636902880106238,0.0332577741523709,0.507095534737258,0.0055242212176303,0.676520045372682,0.069245906683379,0.515063512189311,0.0106783395862159,0.809469967736601,0.0762952034433342,0.509164014484276,0.00606061825185512
327,50.5,29.011491975882,0.671485652337931,0.0403153256415679,0.502308356517154,0.00268612944115613,0.641784617101449,0.0567623500548794,0.512040919449517,0.011604869347339,0.807066104605334,0.0902129250510433,0.517749183738187,0.0150530975182834,0.637142944087244,0.0320474643705647,0.507135391923225,0.00450933224458282,0.675538069151342,0.0716539652130826,0.515451576127212,0.0117471918079759,0.807059748875695,0.0786808821482244,0.509076237782515,0.00572918046306709
328,50.5,29.011491975882,0.670523248887753,0.03974923578723,0.502524210013304,0.00277871355153802,0.640907558103086,0.058696991509066,0.511293276291766,0.0107723103212727,0.808499044948633,0.0897427626271202,0.516510373000719,0.0121895993903395,0.636901761526372,0.0314419331351826,0.506588669474098,0.00357892276849343,0.674606338423811,0.0741602240955273,0.515737803552256,0.0127775610546357,0.807770793947725,0.0787554384227967,0.509494948612478,0.00622656350967838
329,50.5,29.011491975882,0.66994510737487,0.0407753846992282,0.502415983358652,0.00271793283681369,0.640342606509638,0.0600257992622363,0.51060399512148,0.0115343599741953,0.809638451677125,0.0895511271317318,0.515909967883726,0.0113866806240937,0.636129559516523,0.0321612363905848,0.505913704298686,0.00382851970182073,0.675029713508087,0.075952408988354,0.516686802461697,0.0138949240636544,0.80502943894706,0.0795192596861204,0.510955434732519,0.00737587149648767
330,50.5,29.011491975882,0.669493650110615,0.0426025932100111,0.502975271805466,0.00341515675367472,0.639901343832437,0.0606396938339907,0.510815587931475,0.0106175063257498,0.807989505430227,0.0874675904490211,0.516446265321019,0.0118363248831902,0.63626636790455,0.0333868038706517,0.506978961549411,0.00401759326641782,0.673792696679803,0.0763650386354957,0.514341897865565,0.0106536867440937,0.805013245541651,0.079577973446308,0.510569233331281,0.00751934384357977
331,50.5,29.011491975882,0.66985277968527,0.0439168123207976,0.502385239998464,0.00230884313966881,0.639706212324612,0.0603850644655959,0.511022652268607,0.010939609493434,0.807594228283796,0.0871455474305192,0.516420720020143,0.0119572054113496,0.635550453921415,0.0341359251856107,0.507414999007899,0.00458675095305878,0.673483488991422,0.0764062466947102,0.515325149888787,0.0104006004143534,0.803195595117189,0.0796404715891783,0.509376894817787,0.00606234804213315
332,50.5,29.011491975882,0.6701746426322,0.0453739139356795,0.502784094760139,0.00300301056291118,0.640238746484239,0.0597151196511399,0.510984565173921,0.0108431193355584,0.805122702886704,0.0879090358616839,0.516040536199308,0.0108143700522012,0.63615361892504,0.0351914943295653,0.506757456413728,0.00372514000601028,0.673210855115673,0.075419052209365,0.514617811027058,0.0099378741183696,0.802121977560586,0.0819259037136026,0.509941520800642,0.00671187965103168
333,50.5,29.011491975882,0.670903788433243,0.0460197659939413,0.502378253384077,0.00259961916829191,0.64024602697429,0.0586664948520821,0.511378560919178,0.0115626801277289,0.800822058562749,0.0895328456058925,0.51989540166263,0.0176348727898918,0.636044530250628,0.0353812710327118,0.508116124548286,0.0051041639297936,0.672415611410968,0.0746801490942511,0.513429420191922,0.00903647502153883,0.800828677960633,0.0858341629570922,0.509240997884442,0.00571391633204281
334,50.5,29.011491975882,0.669534595972274,0.0462753014841137,0.504016947299318,0.00459871277447268,0.640987888189217,0.057680508279428,0.511635595281698,0.0115677935592269,0.803616075049882,0.0952065055284235,0.515947008550829,0.00958937819309483,0.636201701729419,0.0352445774712002,0.506929195019337,0.00431480525029229,0.674172376142108,0.0733504811002564,0.51570085210835,0.0114744920009594,0.799407231238791,0.0896482864575054,0.509773999863449,0.00578093835327794
335,50.5,29.011491975882,0.670430800799077,0.0465466823296217,0.502699563044074,0.00325898005847771,0.642401521445115,0.0563128112005797,0.512982596163927,0.0142485223505026,0.80434152256227,0.0979485037750014,0.515824936496451,0.0113181421042079,0.636952933619914,0.0350966482650991,0.507653635558764,0.00525128347001929,0.673723595230653,0.0711923048838823,0.515151315767467,0.0100607939721487,0.799836555152636,0.0940401190535461,0.5103063195803,0.00628020001552691
336,50.5,29.011491975882,0.670821110116883,0.0469369687508012,0.503100099888665,0.00381066568644929,0.64310326748444,0.0544913330713337,0.512550153806401,0.0140375715856463,0.802529307650911,0.10126630447984,0.516633274526974,0.0135035316339504,0.63778240483665,0.0352924659445239,0.507667785768029,0.00497007829577597,0.675133440798929,0.0690348509000445,0.51425371668829,0.00970077926118487,0.801914587399948,0.0969415797080888,0.509991283240681,0.00552201146359616
337,50.5,29.011491975882,0.67115312939674,0.0472247346568358,0.503045868594113,0.00361068999465743,0.644317650648901,0.0525789339920678,0.512451492681725,0.013003401975163,0.801296155300456,0.102533510777698,0.518748937960103,0.014829446309703,0.638371052871692,0.0353702375550786,0.506753292605464,0.00357286620083217,0.676245503981841,0.0671457446870843,0.514506447168857,0.0111634861229244,0.801124792210882,0.0986443030147669,0.510252106606145,0.00617935259020422
338,50.5,29.011491975882,0.671312981698892,0.0480191062686576,0.502496117557411,0.00261781751987477,0.645796227686011,0.0507779566298539,0.514752701160248,0.016840842098032,0.796371522294172,0.104470970154188,0.518289695038514,0.0143840849797261,0.638399768073052,0.0360287628768829,0.50676334206295,0.00377958209440577,0.677084698819117,0.0650833239630822,0.513159919743845,0.00908300343192039,0.799990758906535,0.099643164335303,0.510676383846824,0.00656112110807378
339,50.5,29.011491975882,0.671927791723948,0.0484502465500718,0.502558287526643,0.00267229058307927,0.64620777673811,0.0484886124744563,0.512905856632671,0.0142544590991959,0.798033704627144,0.102759659029225,0.518659913303574,0.0138870795641587,0.637519902882692,0.0356355772041932,0.506452608225573,0.00409059699898908,0.678571901177978,0.0629827470301811,0.515558322361403,0.012501439342636,0.796854558881473,0.100355994901774,0.5101537919419,0.00595761602460731
340,50.5,29.011491975882,0.672650393022648,0.0488509402081357,0.503007143676316,0.00342136609344206,0.647048113729034,0.0460970008444158,0.512416633071528,0.0131413207989256,0.795163611853736,0.104598961828256,0.519245523089306,0.0156449741026045,0.637549970679651,0.0367681767913713,0.506594575871051,0.00402148541946253,0.679199389278414,0.0608059979577329,0.514512183071972,0.0100455523257005,0.796204672661544,0.100013752349255,0.510560832025634,0.00606445308102019
341,50.5,29.011491975882,0.67227999632902,0.0490407713811729,0.502895832862014,0.00302060672311652,0.647364485868398,0.0443022247023699,0.512712788259665,0.0131117499435038,0.794519419033701,0.104799158747473,0.518525892710865,0.014418392119282,0.637063167205592,0.0375126638517074,0.507017436636811,0.00415549253375994,0.679202916598474,0.0585192288242676,0.512460289885224,0.00838988930899051,0.79541184735496,0.099455337291995,0.510480220274527,0.00615245529176671
342,50.5,29.011491975882,0.672283740268284,0.0491092341791334,0.50254496805148,0.00232497072371196,0.64785165906838,0.0431235817799848,0.51205621887925,0.0130699669971863,0.792673303534884,0.105198254821827,0.519392887287628,0.0150811009412492,0.636420986311831,0.0378168423066051,0.507342556160627,0.00466740458461118,0.679677521194072,0.0577511771805372,0.513424702678735,0.0121237367936337,0.792182909607535,0.0991704692097552,0.510049732351248,0.00537336888116406
343,50.5,29.011491975882,0.67301096406487,0.0499363642999992,0.502993099283956,0.00301213708782973,0.64782312405518,0.042432380305275,0.51162246649821,0.0127223087979986,0.789655142569915,0.108280180709751,0.518629774877629,0.0137077834737939,0.63668527849683,0.03843302011726,0.507691864616901,0.00488524664845115,0.679877028881757,0.0566669672217859,0.512095515503017,0.00844336896602008,0.790062850228705,0.100658414892137,0.510928260039844,0.00672692824917403
344,50.5,29.011491975882,0.67369249027652,0.0514062995246639,0.502596392832416,0.00263825423925935,0.647507518389342,0.0417206606094781,0.510518650422759,0.0110329912646067,0.789185196371294,0.109621800720897,0.520384580920961,0.0163414341696192,0.636403345894833,0.0391403767557245,0.508053827695361,0.0051024196024499,0.680495575069266,0.0551576733699888,0.511832004185832,0.00877878683399441,0.790512581992556,0.101419642760719,0.510958398649993,0.00662439094199417
345,50.5,29.011491975882,0.673810107566469,0.0519364689731265,0.502657061994335,0.00275563043602302,0.648313490436375,0.0408114613641724,0.510625639082073,0.0114896289261127,0.79344094285721,0.111296127208915,0.516526371374707,0.0104884785269179,0.637279469283729,0.0393183500904976,0.506042127760147,0.00322385506538799,0.683213170084877,0.0542918943455746,0.513081607201493,0.00911187393918293,0.789982215453988,0.100998193769602,0.511210360523743,0.00634404729800103
346,50.5,29.011491975882,0.67456619850843,0.0516405418522859,0.502912463502852,0.00368204686341106,0.649001965128144,0.0396980313767881,0.510362915607587,0.0116689981737274,0.793476031650334,0.109614984282393,0.516842042210856,0.0109380878125003,0.637736699245264,0.0389435224628679,0.50594923753522,0.0030693916238949,0.684287556444215,0.0536469117158419,0.513254073457594,0.00931684765017136,0.787610881814566,0.0988809616496974,0.510981092036424,0.00665959363434181
347,50.5,29.011491975882,0.675309621032696,0.0506926254773804,0.503431394643477,0.00405582880901685,0.649651698273614,0.0407615674260177,0.510985292007122,0.0131608313213199,0.794364089571435,0.107160018212628,0.516479984263523,0.0098130506416114,0.638178012822426,0.0371175178833582,0.506343594180181,0.0039540177181799,0.684659307649338,0.0539856161510195,0.513922286620654,0.0100292137263081,0.786946337472082,0.0983278754171765,0.510388607751115,0.00604469423524437
348,50.5,29.011491975882,0.676418730620509,0.0490098725052266,0.502690981183203,0.0027089699943999,0.649990047597631,0.0414751687028234,0.510102121346426,0.0117296258097264,0.794641358337378,0.106530293267891,0.518582375062361,0.0134055456998457,0.639081391829273,0.0361378050566011,0.506384447711904,0.00413172822485413,0.685096698814237,0.0547360559527143,0.513074641668077,0.01065778076484,0.787089725294963,0.0966357453393141,0.510642557459444,0.00687262066708422
349,50.5,29.011491975882,0.676733929093205,0.0475531926114991,0.502813323759298,0.00284882209731243,0.650210121810178,0.0427502918031845,0.510408167843194,0.0136172809434329,0.797905714270322,0.103358996539238,0.516907744807515,0.0105516843285436,0.639688523904163,0.03504381955703,0.506851732613512,0.00474729292546495,0.684584478670966,0.0560801306061981,0.512430073653798,0.00897925252293247,0.787867397704553,0.0939153711414247,0.51101344048414,0.00618810196616256
350,50.5,29.011491975882,0.676239236571513,0.0461168403039905,0.503427546028833,0.00458914602569272,0.649443874144222,0.0450079123992722,0.510970309518164,0.0133535395978364,0.800412841302261,0.0974699658931451,0.515715747034215,0.00965404865931125,0.639657110129802,0.0348136190750154,0.506719034034404,0.00392632655395651,0.684486817541245,0.0585897472817371,0.512318726669041,0.00958319181676872,0.789915441908636,0.0902651929686798,0.510077924381994,0.00605676914828855
351,50.5,29.011491975882,0.675934411647913,0.0453028642553955,0.503523662329292,0.00352402998682091,0.648994925542696,0.0461687744228284,0.511397412049688,0.0135898415762521,0.79801921849629,0.0912862158745095,0.517692345056179,0.013479661004098,0.639511393832508,0.0355502437843961,0.506216260312946,0.003517821008668,0.684635075058752,0.0597325944450617,0.510767944422193,0.0076341402222848,0.79067329326322,0.0858103362551634,0.510336725135614,0.00678574222335982
352,50.5,29.011491975882,0.675336674941712,0.0459618563780754,0.502585063974632,0.00213168077964901,0.649288216242127,0.0472109065727317,0.513202483962926,0.0140138183521101,0.797161447112798,0.0874814479313189,0.517122834151532,0.0106859155721032,0.638030335189496,0.0362846325330629,0.506803179855409,0.00422206846760408,0.684564102044143,0.0602391219696214,0.512211735623999,0.00999951693179351,0.788796437535548,0.0832764962034858,0.509740076491483,0.00623744968106188
353,50.5,29.011491975882,0.674790152123678,0.0468538060304102,0.502917800706664,0.00297485519299109,0.648486026283274,0.0471607770281106,0.512269803857686,0.0126663811539272,0.798413349514214,0.0863028009301877,0.516832572169241,0.00952740620205518,0.637913543538515,0.0370715573959349,0.506502638428976,0.00336204779358279,0.684513539987252,0.0591189485275635,0.511245120122431,0.00752754421203186,0.788140064073674,0.0828960565664189,0.510631290272242,0.0082647816220448
354,50.5,29.011491975882,0.673391877677485,0.047666383454292,0.504126901471205,0.00415803537877367,0.647770750171413,0.0470280684523142,0.511739002005207,0.0127837558653617,0.794686456188234,0.0877733090724536,0.519162400465739,0.0151146741276404,0.636960019511095,0.0380937228523485,0.506317742406222,0.00320912871162666,0.684499457278589,0.0583978181787663,0.511200488250924,0.00814122822727004,0.787261654854028,0.0846336334634778,0.510189709197279,0.00631719079650405
355,50.5,29.011491975882,0.673916797096718,0.0488080004775022,0.502554705146548,0.00223388313252432,0.648019873665025,0.0464377932363152,0.51331184848024,0.0125405983711311,0.796048763198797,0.0895211382706161,0.518949213857668,0.0106030564106351,0.635852650458848,0.039225718046626,0.507089237143794,0.00427103650676822,0.683455449010883,0.0573729901319351,0.512540804550828,0.00975684800314931,0.785124572301509,0.0853408352324636,0.510071459859318,0.00630034136938429
356,50.5,29.011491975882,0.673219501189037,0.0501108486723374,0.50345512943087,0.0035535446384443,0.647982935195289,0.0450701695717455,0.512594348686723,0.0121629834040754,0.795557757417317,0.0900477724623146,0.518399637972698,0.00984724263027334,0.636172710335092,0.0399518634768882,0.50767459133917,0.0052640877653144,0.682824418943432,0.0560393826412474,0.510726153045223,0.00697209578434402,0.786343274644661,0.0871019218899353,0.50998109792434,0.00624547784099221
357,50.5,29.011491975882,0.673606757357521,0.0511088343739796,0.50256686846158,0.00238628222692075,0.648177587013502,0.0436986474298374,0.513650479118875,0.0116379437992267,0.794480232764515,0.0900973396386073,0.519408111094547,0.0125042449670148,0.637377550238763,0.0408853664120334,0.506462233450648,0.00378537972915424,0.684164956548258,0.054904881264357,0.511089187700574,0.00833715775950933,0.784434621572793,0.0870848655811959,0.511023172739556,0.00780349815221672
358,50.5,29.011491975882,0.673175909920083,0.0514368004242228,0.502399469723513,0.00248740915323578,0.648326712501619,0.0423473521475891,0.513076957479923,0.0116992674854885,0.793409275459566,0.0895031056760887,0.518248404354238,0.0107768503632487,0.636929138912391,0.0412132986112694,0.506205908676959,0.00292972278481002,0.684855859287706,0.0531869101120477,0.511601791337477,0.00781738999868414,0.784779765284381,0.0874290899282527,0.509864528437475,0.00605637196042286
359,50.5,29.011491975882,0.672715001102225,0.0523054949235982,0.502929461694433,0.00275962957227596,0.647404085410758,0.040710733970162,0.512574542296475,0.0113203822529579,0.793765461843287,0.0914280521845142,0.519306786859785,0.0140920585712226,0.636679213251038,0.0416872284686236,0.507120097933791,0.00412715052502375,0.68427648360599,0.0516597540242704,0.511158292070585,0.00902618743743928,0.784888245235549,0.0880754795213764,0.509616753211181,0.00568574548639047
360,50.5,29.011491975882,0.672682137312845,0.053191316662378,0.502863601375153,0.00271062562698361,0.647238012009311,0.0392256884942722,0.512853479739471,0.0118233211040949,0.795315700381332,0.0922402240565886,0.518532203010059,0.0116033175167846,0.636672192745391,0.0422237509427737,0.506311882395649,0.0032138352704304,0.6842000284426,0.0506551112237234,0.512205815573287,0.00959765251592184,0.783894223582305,0.0868126748958754,0.510534328055351,0.00669641406307148
361,50.5,29.011491975882,0.672133773222064,0.0540806675510644,0.50362788115761,0.00381181963423303,0.646068376240836,0.0382602587301891,0.512551018002325,0.0108601208593892,0.79676887756892,0.0914827068107874,0.519478060430704,0.0116269109234574,0.637029595344957,0.0426189223435847,0.506775401409304,0.00393501510547017,0.68268549808294,0.0502996679502984,0.511029722725823,0.00849345661755441,0.785228967715148,0.0873591286895434,0.509656452931287,0.00599738065653063
362,50.5,29.011491975882,0.67143091750934,0.0556649053423103,0.502829885263981,0.00305099990506014,0.64563036406148,0.0386859122108009,0.513637524127036,0.0134615893497646,0.79583717864845,0.090487307204901,0.520697621595076,0.0155494698469045,0.636447000682873,0.0438901428765434,0.506907386214116,0.00444981075961908,0.682311660960211,0.0514048120813123,0.511558810330011,0.00898930085979694,0.785073081939348,0.0875345971551723,0.509358591437243,0.00642484884991456
363,50.5,29.011491975882,0.669609675299904,0.0568489457340317,0.502975118485261,0.00365323214191996,0.64507581569948,0.0407203857541622,0.514018144531392,0.0132845856011685,0.796334791180299,0.0895277911989295,0.519754739125102,0.0123364512937761,0.63620388707252,0.044892762203323,0.506403422720153,0.00394744376097668,0.68131543799984,0.0536810254219667,0.510541106627691,0.00777781739561101,0.78705501922097,0.0894399393768,0.50945510085006,0.00656222412383916
364,50.5,29.011491975882,0.668578555596133,0.0583636961112096,0.502578035066379,0.00256099816557263,0.644196139921294,0.0411320167206477,0.514098403884544,0.0126170715492941,0.799013981447509,0.0906607090801506,0.521016997954651,0.0139602628921771,0.635577626402367,0.0457940059371426,0.506654945244064,0.00433239938748062,0.679911181598046,0.0545546239515715,0.510951842331437,0.00843560226037888,0.787530403185265,0.090730761260189,0.509669060305964,0.00723457944777784
365,50.5,29.011491975882,0.667937441452772,0.059621303760794,0.502315380368658,0.00204867132570728,0.64419889897063,0.0416972388596414,0.513647543319486,0.011222227326878,0.798474111054935,0.0922011919254839,0.522662504588372,0.0187442352902153,0.634191312805166,0.0467210797583645,0.506956416563166,0.00416855391555314,0.680060252716609,0.0541970647157061,0.512031540111815,0.0083723857821057,0.7902562029409,0.092016775514074,0.509513411743811,0.0061367797086648
366,50.5,29.011491975882,0.666534160843896,0.0594272197610014,0.503505160605834,0.0035586823607578,0.644280164233609,0.0409924103651034,0.513647635167369,0.012764751432514,0.800859340887131,0.0937397498919564,0.519916335974753,0.0135574356032196,0.633979276583907,0.0466013010476209,0.506963127239219,0.00417782659004748,0.68112214943171,0.0533530555744692,0.512661579630369,0.00964753241675296,0.791315577816394,0.0924979313685315,0.509553983014917,0.005948044289939
367,50.5,29.011491975882,0.667700083528007,0.0576024201161664,0.502449892611458,0.00252929475567177,0.645454800711517,0.0409690810259994,0.514904567651204,0.0130193516328763,0.800987373900547,0.0955844244207698,0.519204366928964,0.0141340683651472,0.634604488732331,0.0451119639463696,0.507037156376441,0.00504568483064849,0.681453388231214,0.0524035552088761,0.510804593518256,0.00720602768739373,0.79410729118714,0.0953731523413093,0.50948808384072,0.00597545735644787
368,50.5,29.011491975882,0.668276468672031,0.0553672865931148,0.502554009705295,0.00302350670999684,0.64651537099828,0.0395792147163843,0.514414962968033,0.0137208433674345,0.797413667378183,0.0971716893892675,0.520522398326582,0.0170527185615219,0.634842833212548,0.0434005365507146,0.507169600917789,0.00475400893289528,0.682689798472405,0.0503151498073554,0.511023489400903,0.00763772462385947,0.79389907686121,0.096580352361674,0.510154141466985,0.00582787032718483
369,50.5,29.011491975882,0.66966939969625,0.0528778275880692,0.502768547663299,0.00326035349033679,0.647161937567931,0.0388496351717818,0.513562820436525,0.012440209998593,0.797865803617022,0.0967404856086837,0.520629278576189,0.0179590789112104,0.635676871539032,0.0418948459782677,0.506450036335413,0.00409383399380551,0.683803600964468,0.0482737155038835,0.511913168412086,0.00878862091860474,0.792773930396615,0.0979017122068858,0.510698122790155,0.00709104568196804
370,50.5,29.011491975882,0.670503242674776,0.0504291083282848,0.50335162456898,0.00410596841824171,0.647476746586408,0.0380394932122544,0.513770477218212,0.0138444884751406,0.798580049009977,0.0969990147154065,0.51693783652685,0.0105973530753118,0.635802043212153,0.0404759539407553,0.506623586127258,0.00459511013678761,0.684242870780632,0.0466331398755017,0.512136361947631,0.00919083095156216,0.792359385742108,0.0995648710219105,0.510687487461153,0.00730856695024168
371,50.5,29.011491975882,0.67182324794421,0.0489311522839172,0.503276238002995,0.00395128341932523,0.647790731081845,0.0385626068488166,0.514261664718517,0.0141396808866237,0.794024810033032,0.0997106483995377,0.518439474447145,0.0122656898741766,0.636453758890348,0.0392615955400457,0.506437461552054,0.00462839637802605,0.685281045175881,0.0460003940298816,0.511188619666519,0.00689195867607674,0.791406881903842,0.100328570827041,0.510077048131281,0.00630877901181589
372,50.5,29.011491975882,0.672861815855644,0.0475911356565288,0.502623714174889,0.00269581183324916,0.648626820891108,0.0384752327674767,0.515291121789884,0.0130909923671174,0.790652637912385,0.102788358999002,0.520873665696184,0.0134252393934049,0.637081905194853,0.0385901281727837,0.505957091311593,0.00386056293838302,0.686836288143115,0.046094270308883,0.510820158750581,0.0074979501397536,0.78973215542722,0.10107628919307,0.509765420926316,0.00607982182277362
373,50.5,29.011491975882,0.673821286218567,0.0457419300523068,0.502510511271492,0.0023042425033493,0.649020964808748,0.0384866618187452,0.514881155381141,0.0136313302485332,0.789404951958385,0.106793284068888,0.518830140103784,0.011056803930577,0.637408791056699,0.0379403901030972,0.506483203803224,0.00528382415529092,0.687807933799908,0.0454279161718563,0.511841364783202,0.00882166581086072,0.789016857057642,0.100709795119069,0.509395811288021,0.00582746643396554
374,50.5,29.011491975882,0.675249398257885,0.0433523930104973,0.502557317318075,0.00264118161379039,0.649411979558097,0.0384503719712946,0.514291470548086,0.0130383599179346,0.787734150045402,0.108296842699186,0.519570045274723,0.0140325976017241,0.637593502782805,0.0359614079235299,0.507162754330938,0.00538782537135507,0.687870569966912,0.0448089931998688,0.511655420364012,0.00911000263206151,0.790118292695894,0.0990754937777772,0.509818397951368,0.00582068079358013
375,50.5,29.011491975882,0.675303104365794,0.041532533163022,0.502902781996647,0.00303364498874278,0.64873452105318,0.0389133728048423,0.5137193351478,0.0127318450287725,0.790779302503867,0.106051402935923,0.51800960155754,0.0106055482509444,0.638066205805603,0.0339896398137999,0.506952761359615,0.00457118702519733,0.688032283347666,0.0454752230079967,0.511369956907742,0.00930369588394534,0.792306071141171,0.0981923680021383,0.509737724862481,0.00578571087928859
376,50.5,29.011491975882,0.67582177653407,0.0403911514927166,0.502946559547279,0.0031793002672929,0.648006816759903,0.0393566663102141,0.513802451578613,0.0126985947736472,0.791441362714485,0.102950184258122,0.519555498812067,0.0125878658235047,0.638654640493995,0.0326960575202334,0.505815099898186,0.00362461108918654,0.687964014556745,0.0461153654866804,0.51179946183288,0.00867928250909134,0.792619047716721,0.0946253182997037,0.510346548433256,0.00609405468565764
377,50.5,29.011491975882,0.676024552254574,0.0404304161997749,0.503081783789198,0.00322807706600127,0.647511281495886,0.0400905123019565,0.513221856185112,0.0141628967508183,0.794859822047115,0.100547381074089,0.520412510933064,0.0128188551729478,0.638215456884835,0.0316983975832362,0.506189276819322,0.00460542367882306,0.687643053698736,0.0476500211938754,0.5117912068349,0.00812920869306708,0.793929321793073,0.091797193987476,0.509879805393826,0.0058759237454312
378,50.5,29.011491975882,0.67648194513384,0.0410838437638601,0.502369371308973,0.00244065564804291,0.64835426548566,0.0411053372179291,0.513520337387113,0.0135886338541276,0.79773115242319,0.0970343960513639,0.520675389098924,0.0130576602851938,0.638055509477979,0.0314666364209552,0.506820656942615,0.00578950222096688,0.68770477614343,0.0486172105321968,0.511442123028654,0.00886164273597218,0.795992604151351,0.0886252480379436,0.510558795016265,0.00676637893095315
379,50.5,29.011491975882,0.676131434181873,0.0420918578861795,0.502799046710823,0.00318621898642829,0.649007996142196,0.0409777280136368,0.512214915155422,0.0134233382330446,0.80050615871249,0.0938912465710831,0.51908228327525,0.0103694508790209,0.637879688059845,0.0317639735401449,0.506586910443915,0.00398090883264058,0.688873031284865,0.0487738881534367,0.511333731666965,0.00812768672608403,0.797717808576091,0.0884519220449581,0.510288445918969,0.00579662647115818
380,50.5,29.011491975882,0.676022737134032,0.0421423332932548,0.502637818846863,0.00269621160939206,0.6503335804774,0.0402716588104407,0.512982689573552,0.0136903148403975,0.798968080004994,0.0921506931046004,0.518601176356765,0.00995604134846495,0.637577776114823,0.0319686576298942,0.506215692174953,0.00370341217745774,0.690208855529252,0.0479526125619095,0.512640410902543,0.00917999211165824,0.794692721798638,0.0868866402369566,0.510752242412152,0.00598522414302782
381,50.5,29.011491975882,0.675953824630673,0.0415031653733538,0.503280102244909,0.00334705742384421,0.65174416579707,0.0390265875846607,0.511724382934974,0.0133562419012428,0.798439458764276,0.0906338435466741,0.519174233658423,0.00876190494996232,0.638392165245794,0.0320002890633681,0.506584494247631,0.00431625929110404,0.690968874625478,0.0461441748119057,0.510668503893889,0.0071806224531782,0.795587760969833,0.0885926407063847,0.510981376801249,0.0063321058817322
382,50.5,29.011491975882,0.675877507106197,0.0409654428196325,0.502597907748911,0.00300744748922874,0.652327063379836,0.0374188932133948,0.513573574897417,0.0161992894237243,0.79753459500549,0.0936254654567716,0.519522443888832,0.00991002837496388,0.638061810234611,0.0315248121409446,0.506267190964451,0.00408592213133669,0.691861608132874,0.0438525105810569,0.51303779637774,0.00954669904049859,0.793123021353075,0.0918176799643419,0.510899230245164,0.00690297039475246
383,50.5,29.011491975882,0.675841603333914,0.0403686147035545,0.502556558583226,0.00283555976196938,0.652371585442501,0.0362171420610648,0.514184696124126,0.0144538441268569,0.796631339338715,0.0971039635176784,0.519399216292431,0.00976732223431284,0.638551675195501,0.0315699851847998,0.506681382471306,0.00464154547068856,0.691133052137738,0.0431752562321813,0.51260751341096,0.01012530033711,0.793242710193753,0.0946290890748941,0.510772267905,0.0065503427843577
384,50.5,29.011491975882,0.674348909041214,0.0390583103124969,0.503562887724221,0.0038597833055165,0.652511515844976,0.0353372867443769,0.514615006352863,0.0157354938317201,0.793823754490615,0.0985515835930893,0.520943769562899,0.0115330889822923,0.638466231311587,0.0312009158878325,0.506274648040132,0.00429495421243926,0.69160204236744,0.0429342487064578,0.511630226995806,0.00915953888600566,0.795270615465687,0.0978261820981083,0.511288127157665,0.00665849180998652
385,50.5,29.011491975882,0.674038004117937,0.0408382112729367,0.502990186292216,0.00309450282090456,0.652453458409688,0.0351388989527765,0.512859606037243,0.0149645983565482,0.796009936180379,0.098772523373174,0.521945221178206,0.0124053313137277,0.637271361989929,0.0330410923012461,0.506776346611427,0.00452845116477794,0.690971855359433,0.0436294069719494,0.512459380093546,0.0105228085699444,0.795622522226579,0.0971010882416804,0.51084359323332,0.00611689173726594
386,50.5,29.011491975882,0.672596874511282,0.0426417560533092,0.503142376914375,0.00344822947781338,0.652851886143252,0.0364949147905919,0.513715127574282,0.0150732380966493,0.798324206215861,0.0978750611754165,0.520236659896783,0.0111347164340019,0.63702986942526,0.0348115890147628,0.50676092107822,0.00438563682195503,0.690294209030283,0.0464445773267597,0.510526728779178,0.00911624379718764,0.796702017991584,0.0951307278129808,0.511115312930522,0.00608887016242486
387,50.5,29.011491975882,0.671683639376689,0.0450150811856499,0.503033842664123,0.00289383555612135,0.652427799444633,0.0376807932100429,0.513469104762682,0.0140488238142626,0.800413383243272,0.0955598864019665,0.51965371855028,0.0127263087675154,0.636503853623717,0.0368204065268641,0.506996932732285,0.00455152555831474,0.689531591322105,0.0484810195640882,0.511088598398507,0.00841212310237208,0.797544630509309,0.0912836978770429,0.511026945730871,0.00662479001498355
388,50.5,29.011491975882,0.672676993343304,0.0473746851671875,0.502707491839097,0.00258941095904231,0.65278160650145,0.0390909174332101,0.513592342196625,0.0137357538382526,0.800527978251006,0.0923532673294347,0.521866417924608,0.01685061293317,0.636397622927481,0.0387410607439197,0.506599528774533,0.0041679671844896,0.689727784406065,0.0512304927530833,0.512566355573632,0.0109973792950183,0.799087452370941,0.087838083360696,0.511220377826149,0.00748664695799243
389,50.5,29.011491975882,0.671862264171175,0.048472008895145,0.50271978728142,0.00273116466369133,0.653066517603369,0.040169953595601,0.513375175594187,0.0122277879696328,0.804112194827022,0.0890919852721775,0.519160311300846,0.0121102211713915,0.635409900553741,0.0397621181309918,0.50784652035254,0.00639382962560387,0.689344286969453,0.0523632309920192,0.512894385711285,0.0108389067936039,0.799065421051965,0.0828823611385711,0.511451689396248,0.00767995967334082
390,50.5,29.011491975882,0.671221712276474,0.0504989262552631,0.503329223338134,0.00341299425338723,0.65222918537155,0.0408473809670326,0.515327404265001,0.0133741794082172,0.802762135028173,0.0858208325075806,0.518890529128408,0.0115260909160814,0.636066568762289,0.0405903609845212,0.50639826013133,0.00404581691047239,0.689068534678373,0.0538506382836118,0.512780968858457,0.0103960852095523,0.800904348018423,0.0790642570064828,0.511039818077899,0.00665882735086502
391,50.5,29.011491975882,0.67035309581905,0.0522482889347197,0.503114083099441,0.00289526776089527,0.651274271191108,0.0416261957740083,0.513934071308882,0.0118382625775482,0.802406028857741,0.0817504153420134,0.520517343296084,0.0159641764810526,0.634303172660005,0.0412140686940303,0.506132984808456,0.0036834565077621,0.688023822118945,0.0547396943757526,0.514927426449794,0.0113817118759407,0.799681267998312,0.0768005885459219,0.511011440123493,0.00592829123139806
392,50.5,29.011491975882,0.668524937997815,0.0545034905323079,0.503515804030614,0.00370153735451111,0.649941572238126,0.0424470961520337,0.514052643507624,0.0122943899945968,0.801438654165857,0.0816775250142652,0.520570057125423,0.0137381899535784,0.633329685755741,0.0430238130113432,0.506754508354971,0.00445302334282498,0.68600155507417,0.0562863159738132,0.513324414091598,0.00945017271454385,0.79948366323851,0.0776300709651951,0.510574410598001,0.00569157252595098
393,50.5,29.011491975882,0.667128156752558,0.0576526509652516,0.503788281047906,0.00374816552494153,0.648515191187792,0.0444624083550051,0.515682745014853,0.013644471097643,0.800496320082662,0.0842816910706475,0.520096649939886,0.0126713500951229,0.632587376384901,0.0453236473081492,0.506646774805592,0.00363263696503342,0.684421933697734,0.0583681172402248,0.513586889411856,0.00946558290581672,0.796554482779119,0.0804672115320892,0.511003862758606,0.00697841867871072
394,50.5,29.011491975882,0.666808474528082,0.0597494218359827,0.503765477923651,0.00427379445768274,0.64741137544589,0.0462495100161364,0.515589725108113,0.0127660630534134,0.800024125053688,0.0875058977162471,0.520079646885481,0.0137005300653639,0.631081659165749,0.0464723256439704,0.507558881471963,0.00544106275117021,0.682877574069342,0.0600998449883326,0.514559751740991,0.0110009083432441,0.796252124230199,0.0851880929869437,0.509787926057345,0.00556844750572675
395,50.5,29.011491975882,0.666071919964134,0.0609250465790564,0.502947077218124,0.00296204865250778,0.646691821745896,0.0486414224830384,0.516497215017833,0.013462498494585,0.799878968965089,0.0938383664128535,0.520030786212643,0.0126491222040919,0.630861291225194,0.046943261466121,0.50819528451572,0.0058287498338556,0.681207880316848,0.0622272977644033,0.515098704620532,0.00971661526207857,0.794128443660399,0.088269673525474,0.510306006682874,0.006357727078824
396,50.5,29.011491975882,0.665479495324287,0.0624021208467085,0.502839129244542,0.00291336987985643,0.645788703921601,0.0506255487432418,0.516326242449862,0.0146564305425957,0.79736841188452,0.0988851320775765,0.520160885507779,0.0131092968619299,0.631300596310318,0.0482208508089799,0.507050721275417,0.00431915440229382,0.680724540290836,0.0636153866437548,0.513875882565734,0.00892788815008595,0.796324788405405,0.0919461397894232,0.51032417439121,0.00772432478135127
397,50.5,29.011491975882,0.66478181241595,0.0625436565783042,0.503760685427524,0.00385643152771576,0.644867113796141,0.0510091950328524,0.515113709744056,0.0134364186633744,0.799754215498158,0.10297175749496,0.51930130354222,0.013355300023126,0.631233114935489,0.0488468854511616,0.506546834932877,0.00469465599399079,0.680004871527933,0.0641168922939292,0.51273662760274,0.00867606301044293,0.797184153861839,0.0941304236951546,0.510433401518125,0.00772318506461264
398,50.5,29.011491975882,0.664095827545589,0.0635908338893286,0.504049679245597,0.0039940551520521,0.64434882560962,0.0509077390646841,0.514614123026039,0.0137405409855855,0.797663999952663,0.106178002623558,0.519256719171437,0.0126357562337696,0.630312228145501,0.0500635093930516,0.507731909849577,0.00465892618932219,0.679802126759533,0.0642332789439686,0.51427704676055,0.0099511371971448,0.79464765059989,0.0961373074443745,0.51045776565539,0.00786607305724877
399,50.5,29.011491975882,0.662936661057787,0.0646592440236919,0.503524981220547,0.00395884121784827,0.644432791175874,0.0506051068333631,0.51552197002869,0.0142856164248443,0.797820639538713,0.108541496729124,0.519007545931648,0.011979122989963,0.62991855554974,0.0507434380572173,0.507513732544932,0.00512579138963955,0.679171596324643,0.062591216591125,0.512687680745938,0.00871835704203167,0.797102455122553,0.0972370879335605,0.509963776036735,0.00821914735839128
400,50.5,29.011491975882,0.663810580826721,0.0655383735443033,0.502689669353399,0.00247419922022715,0.644456817457436,0.0492990639698656,0.516332714724218,0.0152928976201791,0.795664273907224,0.109550571775354,0.520886066196809,0.0160713030455761,0.629893876138269,0.0511948086426386,0.506977839394438,0.00470315396939893,0.679606545299523,0.0618895828584185,0.513550323470244,0.00845008195300777,0.79659034440189,0.0962923777518462,0.510296898942167,0.00805889048703145
401,50.5,29.011491975882,0.662846208952249,0.0657996490150786,0.503416189881402,0.00326494911790096,0.644285900760833,0.0490623778344613,0.516283544477463,0.0153662926087271,0.796607301418671,0.109690451305125,0.51877873110774,0.0117577033496444,0.629281417558216,0.0522332741092446,0.506618181132265,0.00510635949171367,0.680479602895253,0.0612644242998724,0.512510729894116,0.00987521912174776,0.797658846218144,0.0973492640005208,0.51082957666715,0.00809911257643021
402,50.5,29.011491975882,0.662493908513348,0.0661057369481828,0.503587369900453,0.00362497246459221,0.643844812989896,0.0491474240941949,0.517658865409754,0.0151611360556254,0.795647369398343,0.11021466475852,0.519256497402473,0.0118682884120185,0.628580544172322,0.0527782646647957,0.506959342781994,0.00490114362527741,0.680032637188455,0.0616656851068752,0.513726814628118,0.00992123039305029,0.797622815019613,0.0984407999100164,0.510243868298176,0.00755514767971684
403,50.5,29.011491975882,0.661535127168822,0.0670960620172934,0.502912671697271,0.00320236900023351,0.64314033223059,0.0498602600459348,0.515215687071198,0.0148778558207538,0.800792928020243,0.108379090651963,0.518714782346696,0.0123633420898569,0.628165267341474,0.0535441928541676,0.506693071748672,0.00529148843896042,0.679589642713985,0.0621756187922607,0.513662430788126,0.0105173754458381,0.798161196293799,0.0979897806187367,0.510121063812983,0.00710035841672901
404,50.5,29.011491975882,0.661018194816789,0.0674123628206757,0.502930726365104,0.00314381020324454,0.64174410781466,0.0517182016384898,0.515902886957682,0.01515053799905,0.801575860749132,0.104614067639648,0.518556321740292,0.0125186820013935,0.628416494882166,0.0534201919314297,0.506712464505367,0.00433937913041869,0.677719932604174,0.0649209686964386,0.511959076150092,0.00868161736043646,0.801947426569116,0.0952384368111307,0.510231871424545,0.00695176183602621
405,50.5,29.011491975882,0.661361082470973,0.0668911833224206,0.502979990852029,0.00274718495737784,0.640888954904143,0.0533931151619656,0.515371280022554,0.0150425151533393,0.800037773882818,0.101177830768029,0.518922983429489,0.0125834305439782,0.628444817865797,0.0532114965662879,0.506458892699646,0.00408797398493879,0.676777956083593,0.0674391185744529,0.513641321278527,0.00951140583525706,0.801763815228716,0.0906737064816895,0.510428720831863,0.00734152281662
406,50.5,29.011491975882,0.661153321318784,0.0654180924370475,0.503113052746049,0.00301624506022483,0.640359375844347,0.0547474777654826,0.514838173926785,0.013939872186214,0.800952819740179,0.0977582441931473,0.517909026711343,0.0119081370423565,0.62865935790195,0.0520293497960136,0.506723337483377,0.00410036491881491,0.675096677178247,0.0688330946374087,0.513028849709972,0.00910082638807073,0.802984591057223,0.0878794272559185,0.510056643564709,0.00697317631370917
407,50.5,29.011491975882,0.660107168745245,0.0636536748402515,0.503917614933261,0.00429964669617284,0.639558149934383,0.0554328283678319,0.515199876846059,0.0142141664371609,0.801026982739914,0.0951508078209399,0.517581458805743,0.0105445254176443,0.628559096279946,0.0510379007805039,0.506894998864915,0.00459933300889696,0.673916618746243,0.0703491769601237,0.512820496705273,0.00935846583738094,0.805180392901941,0.0867917185797073,0.510015242662623,0.00684707426386515
408,50.5,29.011491975882,0.661095121728177,0.0627146511060897,0.50299209158705,0.00304376845577193,0.639149568889798,0.056539881904048,0.515068258483406,0.0144537007923357,0.802808729529918,0.0876422694948123,0.522430725719957,0.0174533835026926,0.628514461329295,0.0496693604814036,0.507687094341536,0.00424229987556182,0.672654518605955,0.0707900180897223,0.51262705612177,0.00844798370059656,0.807473540693787,0.083522337884197,0.510222617778768,0.0072248415218707
409,50.5,29.011491975882,0.661050583740683,0.0620537277431808,0.503619127596297,0.00316220280182055,0.639024017244255,0.0569318450292796,0.513522054233272,0.0147662755410146,0.805959470429899,0.0847678043731117,0.520857966600493,0.0145845762988685,0.629444559430283,0.0480173890154849,0.50638153206077,0.00379042343634267,0.672470132613134,0.0718045349710743,0.514054640038279,0.00986999985747801,0.810420799648095,0.0792884167630339,0.50994637792569,0.00706041678122761
410,50.5,29.011491975882,0.661321152460481,0.0602551937275386,0.504425920584741,0.00392291746797233,0.638223041130583,0.0569131987871019,0.512234274675005,0.0145671055720234,0.809368432289624,0.0778392968887223,0.520863197689407,0.0132247636697647,0.629984429187401,0.0468171844935864,0.506971306268366,0.0048632591452478,0.672046374206676,0.0705925171531561,0.513537145578988,0.00942325279806595,0.812001870158505,0.0743428304783148,0.51027249111485,0.00744123805622941
411,50.5,29.011491975882,0.662222620597439,0.0602476553511321,0.502830128778024,0.00268888926362,0.639047587767956,0.0567336068721361,0.514759424624648,0.0145714775603873,0.811148546230844,0.0744745641920666,0.521508493022268,0.0134054368026257,0.62976464115943,0.0462015125106841,0.507452061235693,0.00461383862504313,0.672149637727211,0.07031338241272,0.51481312793038,0.00974396196024937,0.814836782913757,0.0698165810484803,0.509748344701238,0.00724692215548992
412,50.5,29.011491975882,0.662027630021326,0.05952147368792,0.503039568632823,0.00310017021035254,0.639094959292266,0.0559190028063347,0.513850737188576,0.0141605647721932,0.813723492809247,0.0686584022112612,0.521309690385147,0.0127051561373778,0.630516002285163,0.046290199487882,0.506891548660424,0.00420905688799313,0.672435017661968,0.0680169887118744,0.51384434939335,0.00986378628888708,0.818354027763552,0.0653701397715228,0.510050644958353,0.00701353593777538
413,50.5,29.011491975882,0.662091586010948,0.0586144631296959,0.503402076158757,0.00340224141397996,0.638978417757148,0.0560189453893102,0.513794662731097,0.0142160304513842,0.813648206610428,0.0650594226532448,0.522892500476104,0.0141167747836481,0.630804964701256,0.0458723203084448,0.506584689077326,0.00355656306873047,0.672387870535197,0.0664399854555256,0.512972244090483,0.00888930034724952,0.820634955375382,0.0623407596286111,0.50989340370331,0.00739374702786866
414,50.5,29.011491975882,0.662710379872297,0.0565313993777343,0.50261701274782,0.00231522896876527,0.638939922148015,0.0560173341097324,0.513539143667076,0.0133511203982535,0.817227550854905,0.0636187588462546,0.522399534950934,0.0140085203755138,0.630291360403135,0.0449210417086075,0.507002579392118,0.00451753115904485,0.672290916328032,0.0657130410897351,0.51328031231247,0.00883275910895888,0.823029607515232,0.0578988347926483,0.510489795738429,0.00784205187055468
415,50.5,29.011491975882,0.662114368343184,0.0542964760473477,0.503357333865491,0.00329327482731054,0.638586473467572,0.0547376346395024,0.512334193078771,0.0123877627778562,0.81937288249794,0.0592290174731589,0.522181323356806,0.0135011881556528,0.630240871504815,0.0428393219776558,0.507311762431644,0.00440062160357211,0.67250287767751,0.0652742360779995,0.512476389199477,0.00889426838426668,0.82524885576867,0.0542602040880345,0.509795224774,0.00728887367345486
416,50.5,29.011491975882,0.662476408535805,0.0524539320649255,0.502559583932082,0.00245456286197764,0.638564863009752,0.0544025352930522,0.514093974591053,0.0129551673431592,0.818399093698222,0.057319595967341,0.521690041341163,0.014038853747714,0.630162546162978,0.0410544402771593,0.508185640299625,0.00542391901721082,0.672088577175004,0.0649830622048634,0.514636332256135,0.0108204447648034,0.82397098983753,0.0530360727004437,0.509767573047649,0.00695222894969145
417,50.5,29.011491975882,0.662389377432494,0.0510513676797771,0.502317056804064,0.00192215153017801,0.638814920855935,0.0538547441157621,0.513825107791939,0.0124254833299191,0.821072724734762,0.056463263636472,0.52080829067713,0.0124072453704366,0.629722228129254,0.0392999119335954,0.508091346289629,0.00582433713045406,0.672351413220248,0.065715840169493,0.515548616546274,0.0130926548449611,0.82347701671863,0.0490346042841064,0.510033694674762,0.00648794806898014
418,50.5,29.011491975882,0.662870306870575,0.0499856231042454,0.502647208605231,0.00277347686007033,0.638831429486775,0.0527497921679498,0.512706564713121,0.0120549191657526,0.822261673439895,0.0573862106410676,0.520749098888524,0.0124469216550009,0.631910797837607,0.0385555761642475,0.50766220178629,0.00457584040046018,0.672042410822803,0.0644971697805386,0.512783500575351,0.00857889916803385,0.825733063982246,0.0494211462349906,0.510454300034127,0.00720933901821314
419,50.5,29.011491975882,0.663953867358018,0.0488895272454204,0.502760728086423,0.0033034772502859,0.640011909528611,0.0516923893785177,0.513850377494255,0.0117337184518278,0.820909279283744,0.0578015772180742,0.520465702872543,0.0125873970882656,0.633107333552614,0.0374668330089754,0.507682074265201,0.00405180061522035,0.67209972267688,0.0633651636699206,0.512049993829444,0.00811615028533373,0.825356365517247,0.0484116739851372,0.511320976217326,0.0088838231183286
420,50.5,29.011491975882,0.664669709395823,0.0482291615273508,0.502795159110725,0.00275099124006642,0.640499181575493,0.0498422166792758,0.513938031168125,0.0123288036891969,0.823715900787256,0.0571596683833017,0.51995032570049,0.0120010641737741,0.632710116695058,0.0365936421487586,0.507750652543642,0.00437065492520663,0.673345498324174,0.0626902508204392,0.513561476720953,0.0106920030765633,0.82521494418435,0.0478761195598536,0.510823125703837,0.00753133204207285
421,50.5,29.011491975882,0.66511583799747,0.0476092085393022,0.503289706864375,0.00390287694824591,0.640399054611464,0.0496026380548438,0.513623754658877,0.0124356572173248,0.822537870490082,0.0579249789383377,0.520576375653632,0.0131983653911462,0.632969111909198,0.0366057545505622,0.507817159278107,0.00461829001346397,0.673584247909609,0.0626117309541754,0.514284581398209,0.0115797743562634,0.822549100083987,0.0480940510989816,0.51142764030514,0.008186571192639
422,50.5,29.011491975882,0.666155593029215,0.0474819635291584,0.502592928753076,0.00279996658316168,0.640656445735878,0.0498160045412029,0.514987266192104,0.0148470951915156,0.822584995664495,0.0577337841638084,0.521058009978808,0.0133359401693473,0.633889462962232,0.0370863473215414,0.506897297137495,0.00404170436172825,0.674587438508371,0.0627666907794932,0.514004919190516,0.0103356765668097,0.823806323321195,0.0493848417975641,0.511367509676999,0.00767958250808906
423,50.5,29.011491975882,0.665620266880986,0.0471605989628885,0.50342030897844,0.00387598600908404,0.640982539862849,0.0499351739677491,0.514093810163985,0.0138619890537528,0.820603345203929,0.058920308718667,0.51977668768452,0.0130069378863466,0.634045466328793,0.0377074141180786,0.506742033838532,0.00343997378317894,0.674084729092631,0.0625798898593975,0.51194636529134,0.00817365076606062,0.823025232480771,0.0498973321818896,0.5110156660379,0.00768078948916934
424,50.5,29.011491975882,0.665441160557707,0.047763334799143,0.50254265660397,0.00212216408076977,0.641786807743301,0.0500665225794579,0.514694596930454,0.0138228224249722,0.818836339334302,0.0630955432367842,0.518970015050055,0.0117369441340934,0.632435618598306,0.0378625706512973,0.507629087882468,0.00500236557124706,0.674425497583633,0.0626868961764686,0.513180463183909,0.0101977519503488,0.820098725748315,0.0514129003946986,0.510642194686434,0.00751929255850626
425,50.5,29.011491975882,0.66487360273231,0.0487394249571502,0.503010000908614,0.00281728719031972,0.641754156804924,0.0498052339608138,0.51430417615873,0.0133736309081334,0.814329521584297,0.0674438492226527,0.520423560001979,0.0132353587811194,0.632105943666145,0.0387525256174553,0.50632976413351,0.00310154053517246,0.675483256335885,0.0630834745044572,0.51440636284369,0.0110282848842219,0.818825892325369,0.0550089133138294,0.510316072019254,0.00701310661974526
426,50.5,29.011491975882,0.663903240408357,0.0508024514065139,0.502915078507831,0.0028562225965124,0.642532686687022,0.0494059695172421,0.513773666100923,0.0133935280884631,0.813670515916734,0.068673631710817,0.519259607006627,0.0115885496200455,0.631980479078439,0.0403607805750412,0.505906810226468,0.00274176939821801,0.675958904647115,0.0622706942938101,0.512928456206204,0.00808112525574595,0.818838094807751,0.0578392838255065,0.509879018909415,0.00638865473853726
427,50.5,29.011491975882,0.662263392306717,0.0520843090158664,0.503118313137499,0.00386506149448379,0.64265030605767,0.0488413584201504,0.513625086930665,0.0135760624905418,0.811153144716012,0.0680339174679925,0.51987666974641,0.0123210310566366,0.630645823198708,0.0413273975560066,0.50648109649972,0.00326855559373733,0.676065908188672,0.0611772348953923,0.512877501192231,0.00870686475016748,0.81617393150956,0.0585196285293149,0.510258348339578,0.00635215764768388
428,50.5,29.011491975882,0.661486284316507,0.0543127129245327,0.503143201572697,0.00342357574898037,0.643203129024619,0.0476426245764092,0.512163509851641,0.0134463945154414,0.81092986866361,0.0695182693376199,0.519797712594096,0.0121083848600351,0.629051311085247,0.0426978356356439,0.508354890940254,0.00479110527247419,0.67545354486712,0.058676581930053,0.513720282131537,0.00928417036184508,0.814520947674012,0.0604607490914217,0.509482799367905,0.00550364302454991
429,50.5,29.011491975882,0.659787349980975,0.0562687415360911,0.504038559712722,0.00422010554204831,0.643252206992013,0.0462489636627287,0.511979093652969,0.0128244762607181,0.807341576013623,0.0697637225100167,0.52152082684679,0.0145476158125121,0.628714991545165,0.0447644360090533,0.50709406406685,0.00408534532856683,0.676738199450008,0.0570549879159932,0.512898714106407,0.0101387751916721,0.813443474833109,0.0632986739454323,0.509845715115876,0.00603799861804699
430,50.5,29.011491975882,0.658355473794082,0.0585519672012405,0.502871955774197,0.00265133506934875,0.644598033783993,0.0453810475328456,0.513606746536598,0.0141712329398235,0.807320470179006,0.0697199860020205,0.519945529153861,0.0126147921223843,0.628311813093031,0.0466219385188609,0.505895990459806,0.00321856267710763,0.677684408749403,0.0549650747198448,0.512666149402982,0.00893765016197238,0.812735387371187,0.0664111553880308,0.509296691445389,0.00544319911800056
431,50.5,29.011491975882,0.657613282527571,0.0611072131273309,0.502588240101199,0.00209092852150477,0.645773778957726,0.0444720188579756,0.513717065931419,0.0142250557311009,0.805435232333281,0.072013886328903,0.51920773309151,0.0111075882463954,0.62786166492288,0.0480041801275724,0.506084934817916,0.00346181473516933,0.678150206752831,0.053369125197538,0.512356054279924,0.00858862937384969,0.810565277852886,0.0685210133128956,0.509067777014141,0.00498490696734915
432,50.5,29.011491975882,0.656218421281543,0.0634795669459786,0.503433115673341,0.00371089945602029,0.646426503170066,0.0440916491423519,0.512987787867878,0.0133253257622535,0.804705598398918,0.076125708531754,0.518852734235704,0.0107450258511556,0.626714576994306,0.0497712546355982,0.506195809244594,0.00393514937644501,0.679497463424938,0.0523491031082532,0.513327976083124,0.0107475564036424,0.80755620086969,0.06962280006743,0.509413951911524,0.00514900769439108
433,50.5,29.011491975882,0.655716378614704,0.0655378708675596,0.502395145749619,0.00171556595836353,0.647254399593925,0.0441115825830772,0.512759947565238,0.0127926539157184,0.805222124889084,0.0759530436672291,0.520434652210549,0.0116338494916198,0.625707989036869,0.0514966821745835,0.50664466858077,0.0044433888256394,0.67927039210776,0.052448210778479,0.51309679673968,0.00973277923703872,0.807991161369391,0.0702795646157421,0.509675111987839,0.00697293153291645
434,50.5,29.011491975882,0.655086964429147,0.0661047798168687,0.502882579125886,0.00273783804890369,0.647363112386575,0.0441672686161037,0.511271380225683,0.0124340160903161,0.803958927428759,0.0781097030542698,0.522128589833489,0.0161428865469706,0.624688127818746,0.0517823130068893,0.507350854881325,0.00530956861288316,0.679684765084352,0.0522884202950313,0.512410201811359,0.00961037826016167,0.808532593153013,0.0701786320102998,0.509286090562728,0.00487247636579868
435,50.5,29.011491975882,0.654513413475431,0.0662607593080113,0.502521583597006,0.00216466672168966,0.648174196355548,0.0444286240266161,0.511318348967945,0.0123697494718831,0.807159983473896,0.0774038545935944,0.519377970356408,0.0106352122662038,0.62395020274827,0.0517764628404543,0.507361326867256,0.00486509606189384,0.680777389538444,0.0516344115867571,0.512829295153474,0.00989423288972099,0.807970793786899,0.0713391728548296,0.509316552562423,0.0044431445179708
436,50.5,29.011491975882,0.65371903850655,0.065322676084646,0.504159272383396,0.00458754175515816,0.648376669771536,0.0444659437476894,0.511126573120325,0.0123025199142901,0.809191166077027,0.078349520679714,0.519090186083385,0.0106731044695752,0.623869939240876,0.0515338524812317,0.50641287381316,0.00422748505455431,0.68257902086706,0.0515137609875213,0.512635701239875,0.00922357834992181,0.808358651498715,0.0731921141288433,0.509701081773248,0.00506354000555494
437,50.5,29.011491975882,0.655130641427433,0.0647396314502978,0.50265445547031,0.00244275941030728,0.649847593798565,0.0442737913175994,0.512641547618925,0.0143336754327133,0.812163680804178,0.0781713891023187,0.520121618872214,0.010944537011983,0.623940370819897,0.0506151994207075,0.506127445974964,0.0043626969729266,0.683549105816682,0.0508064655625017,0.512255931070186,0.00893010736100143,0.810364008458431,0.073796015909345,0.510119197803032,0.00583846607910787
438,50.5,29.011491975882,0.655821379755992,0.0627367675232214,0.502911853161545,0.00264936897950039,0.65080412147482,0.043502831151946,0.512199282149289,0.0144739361249084,0.812736288121245,0.0774251719961972,0.52008092476909,0.0114650643001824,0.624072892832804,0.0494190527112978,0.506439428593234,0.00466741005672697,0.685153729173283,0.0506699417316061,0.512903582873455,0.00970581067403496,0.809071925897458,0.0755813458691024,0.510688537985599,0.00568626725704352
439,50.5,29.011491975882,0.657248352298988,0.061233807293261,0.502832134727045,0.0028021643539575,0.65176939346454,0.0423222477076448,0.512189084370051,0.0137592860787483,0.812696816612342,0.0769462998596066,0.520975608509437,0.0132271052400139,0.624876986317483,0.0477206890044076,0.506599662898045,0.00469833715947043,0.686538840452261,0.0489505514773128,0.512270153552364,0.0087118089476829,0.81093542842539,0.0765162992904171,0.510356370355612,0.00542328321625021
440,50.5,29.011491975882,0.658383120655932,0.0593876229314916,0.502566939249341,0.00231795654386644,0.652814295955355,0.0403175312001875,0.512173602818691,0.0132994141574205,0.812862248609887,0.0775141236295007,0.521078809229819,0.012713548608067,0.625099781930707,0.0459188431289012,0.506114783025455,0.00400124728735548,0.68827526146412,0.0488100734376861,0.513963726453663,0.0104736923082841,0.810003506384888,0.0764765255914678,0.510196490348631,0.00589238026749248
441,50.5,29.011491975882,0.659262704856386,0.0575824068149275,0.502487476783678,0.0022255090296211,0.654218484198311,0.039259545890882,0.511546408569919,0.0128309016580528,0.815563442051149,0.0782147603224333,0.52097392419426,0.0110420775698547,0.625016172004712,0.044785182922999,0.507525400291346,0.00533838432991023,0.68867593252321,0.0475867332975855,0.513792455958529,0.0103226635633694,0.808721653765948,0.0767173267761332,0.510730204896694,0.0068172486447306
442,50.5,29.011491975882,0.659745036649166,0.0564592643176854,0.503322569079317,0.00387093234391222,0.65468798147841,0.0386809018285954,0.511155356255338,0.0121806667421479,0.81404383106396,0.0802910706090888,0.521139930168155,0.011913184877199,0.625670572883169,0.044287608429336,0.506942502994946,0.00473307252779431,0.689877153282006,0.0464159763138045,0.513699775537778,0.0109865493818007,0.808516293971955,0.0773852631532568,0.510558756901394,0.00631540317047474
443,50.5,29.011491975882,0.6603528301684,0.055491941392376,0.503147048487419,0.00358755451088815,0.655090971078474,0.0384393592570247,0.510698357746623,0.0126534996480675,0.815275539368843,0.0822643568376202,0.519971851602962,0.0127094487862002,0.626228444414253,0.0436505324787839,0.506811388465611,0.00444283677223159,0.689719703388217,0.0459289049478369,0.512656587750344,0.0102537105786353,0.809101492840793,0.0791283338387752,0.510675968504221,0.00612482065397563
444,50.5,29.011491975882,0.66205915699172,0.0546437068194028,0.50287982488023,0.00347809468852426,0.655378738252467,0.0382641761196891,0.510702865448152,0.0144240387449513,0.812793124351622,0.085739194728651,0.520293804535422,0.0115688595057995,0.626915782844405,0.0433496821487899,0.506376737090729,0.00391487646818057,0.690452589855533,0.0459797400636359,0.513872659364757,0.0113396789951815,0.807922457656663,0.0810181345628741,0.510638834527631,0.00579144668439205
445,50.5,29.011491975882,0.663196977112875,0.0543525780131938,0.503019603504766,0.00321153300218544,0.655190818530714,0.0381928360284974,0.510816672022196,0.0137729564111681,0.813555438571894,0.0843914624531271,0.521563708950791,0.0131977644637384,0.627985386024168,0.0431703655397635,0.506523380675374,0.0041607277104835,0.690064477893441,0.0464432412758807,0.51389274761715,0.0111119627540073,0.809847188001591,0.0815669663091919,0.510393301529874,0.00557895440485251
446,50.5,29.011491975882,0.663837406682211,0.0540140864423484,0.503122118006187,0.00320867200772829,0.654991668809721,0.0395830764984683,0.510190905220112,0.012518872731037,0.813737176275582,0.0848535983718669,0.522377433807452,0.0151367406642567,0.62807217219,0.0432885626814205,0.507259938817423,0.00439484361950825,0.689428837740072,0.0476975149764839,0.513133146865262,0.0111310710172151,0.809445505663647,0.0799600403380423,0.51065118996699,0.00573143999855673
447,50.5,29.011491975882,0.664401557658728,0.0533276142312977,0.503105293750811,0.00366170055089027,0.655103407819852,0.0405538664589379,0.510778391874473,0.0120245865087223,0.815925800455899,0.0832241769859883,0.520979696195013,0.0121772312122298,0.629206330972607,0.0435378300916596,0.505972976336017,0.00414082209829959,0.689600328922933,0.0501733643684789,0.512980906769513,0.00946355844513631,0.8103629316618,0.0772306084660943,0.51060792513588,0.0059312203044026
448,50.5,29.011491975882,0.664950732626339,0.0524358983302924,0.503590617094957,0.00377351866152433,0.654567671739615,0.0425569502736718,0.511676550482285,0.0145283096539293,0.813999893288681,0.0820928789013203,0.520322558849043,0.0115638739625804,0.62895022260937,0.0431006665513882,0.506369814536289,0.00400774456406379,0.688986374807149,0.0525578480097772,0.514199530169629,0.0113457572217036,0.808399309517356,0.0756664406535243,0.511210355586562,0.00635109735235891
449,50.5,29.011491975882,0.665438831047963,0.0521066017018489,0.503048217036958,0.00361817126694811,0.653715160955983,0.0444847693252573,0.514340399746507,0.0172472760673505,0.811608909157648,0.0829220809880687,0.520712723472864,0.0125566845416795,0.62931738928191,0.0429528234494829,0.505733073947522,0.00390581182373799,0.6884738647796,0.0558394236253278,0.513736930272103,0.0109706166080828,0.808405864952832,0.075137592665102,0.510688583159893,0.00595099909418018
450,50.5,29.011491975882,0.666176965405536,0.0509682302554923,0.503523577400115,0.00363847017219781,0.652013442671072,0.046567985121992,0.512610300382274,0.0137900128882326,0.810324616970549,0.0830500985066493,0.520218622080705,0.0131915836060305,0.629856309261335,0.0420838525115637,0.50537767530759,0.00331004038283858,0.687007412842412,0.0576470563298725,0.513313656987234,0.0100734382250036,0.808995391970488,0.0763948455466992,0.51039607147719,0.00597178961635045
451,50.5,29.011491975882,0.66701339854761,0.0508992432094315,0.502944613821494,0.00284068969171964,0.650849101779981,0.0483249519055892,0.514419439082517,0.0159869805515203,0.80840982012421,0.0867098908617839,0.521872874477045,0.0148878576957764,0.630171877125681,0.0416239109297252,0.506099404979898,0.00474236227607553,0.684986437408092,0.0601938233587302,0.51273056368707,0.00914949806488746,0.80780432261823,0.0792695644735524,0.51048165965305,0.00612064622136671
452,50.5,29.011491975882,0.667864008515425,0.0502544715526497,0.503339723914241,0.00419119494763879,0.650363002215412,0.0502012825183837,0.513377199716856,0.0150624213199396,0.808391773482147,0.0871213851079183,0.519805341456201,0.0115655724806007,0.630428051093115,0.0409508445377848,0.50639860989761,0.00532735995820615,0.684357631647017,0.0618371003121568,0.513680239892093,0.0101347397879871,0.807928178043264,0.0816776941982611,0.509974320271011,0.00619588135582468
453,50.5,29.011491975882,0.66842311301295,0.0492497461758526,0.50322642319156,0.00322012992275646,0.650648354575079,0.0506257573246465,0.514063293252254,0.0144845575162424,0.809052172790313,0.0885055122224301,0.519965774090324,0.0135642372122211,0.631546457800171,0.0397174371321218,0.50713721050581,0.00486584238652308,0.683135850075562,0.0620165031196163,0.513248403822196,0.0088973481406557,0.808653894553482,0.0841219618940238,0.510167375343737,0.00652335890004462
454,50.5,29.011491975882,0.66895329685631,0.0478858744591116,0.503090512211058,0.0032965468645864,0.651019777353465,0.0506653128579749,0.51420826398556,0.0158654420170516,0.808759397898841,0.0904287008468699,0.521274434626293,0.0139363919829675,0.632613694206178,0.0380480764195742,0.506478599974758,0.00469983822853999,0.683917826870081,0.0610749448702457,0.513641037471403,0.0106133388958508,0.807906484484589,0.0862798654472575,0.511544466467828,0.00773153234030537
455,50.5,29.011491975882,0.670759211313205,0.0469129884264225,0.50235011523761,0.0022173002308704,0.651119806984809,0.0502843148799788,0.51382703046716,0.0137277245737939,0.808606518149455,0.0929365462443066,0.52112535458544,0.014778402006124,0.634002530754378,0.03684362660121,0.507816358096372,0.00604254596080946,0.682356893930111,0.0598781242113242,0.511229651193443,0.00805190648189345,0.808853549884753,0.0887654945940774,0.510769119170343,0.00639751571990804
456,50.5,29.011491975882,0.671743836698856,0.0465250292916795,0.503091607666615,0.00345262344332579,0.650147727678193,0.0504654232644884,0.512524885843854,0.0127855665331086,0.805216959976632,0.0954227789014702,0.521135052216212,0.0144363464161336,0.634307327124887,0.0360638948523614,0.507171340733546,0.00567226901030973,0.683666295151658,0.060506366882901,0.514804856211326,0.0116468737974078,0.804631842548127,0.0909225565554945,0.511335210158757,0.00633121933407685
457,50.5,29.011491975882,0.673222773174486,0.0466233845715062,0.502025230046171,0.00177603716562517,0.650893245686861,0.050349225880206,0.513919349413347,0.0133643212637345,0.804304025024485,0.0969648618540476,0.521036277626037,0.0155030632895556,0.635811385553582,0.0361225913755939,0.506114511295168,0.00444013760044065,0.684610249696941,0.0602941466843379,0.51320343055156,0.00903436240902166,0.804979404391578,0.093976314290589,0.511599954300696,0.00648669330732859
458,50.5,29.011491975882,0.673448160609093,0.0471273148352366,0.502969599316678,0.0033534453658818,0.651015082533532,0.0491420145248401,0.513192556313177,0.0126164181426866,0.801056037090527,0.100513566325205,0.522881534101552,0.0165961749146071,0.635372792529091,0.0365331322628988,0.506048592956826,0.00423212180896922,0.686383167283948,0.0587843905725033,0.514995100321543,0.0110009436890208,0.801626390695752,0.0945910945466453,0.511484167838682,0.00608009544478663
459,50.5,29.011491975882,0.673004317652598,0.0487391928816527,0.502814319652991,0.00276873495484665,0.652102530676,0.0472241783274804,0.514211849086499,0.0158738748756617,0.801171970549813,0.0991638856630414,0.523299839506133,0.016474166608081,0.635832911501192,0.0378907011224239,0.507645958198352,0.00535589182611042,0.68645217288096,0.0559260327752468,0.51251423047997,0.00913019984943346,0.802963300839009,0.0954522596139424,0.511270121441797,0.00547469116801802
460,50.5,29.011491975882,0.672193100314785,0.0502161319868539,0.503042924173334,0.00324320088527547,0.652976199434634,0.0449633074873435,0.51424913065526,0.0142803374656017,0.803521676575759,0.101493532200832,0.520275868699138,0.012800201351332,0.635206218685304,0.0393962743513225,0.506577525672643,0.0042244900693734,0.688466066312987,0.0536065707856042,0.514066283284904,0.0114230943256706,0.802445475358834,0.094696722141297,0.511638156937344,0.00613287705431556
461,50.5,29.011491975882,0.67129726107071,0.0525630931368013,0.503158892067663,0.00320296655471282,0.654012868213721,0.0412505965957065,0.514081712615518,0.0141493592239699,0.800972537627621,0.101486576308435,0.520985542061095,0.0138201983042847,0.634711236519442,0.0408197509364689,0.506272849153613,0.00394695985905948,0.689882948358832,0.0502653725623792,0.515124851624517,0.0101199953757082,0.799702097440072,0.0953800104715225,0.511838660627968,0.00576286004276836
462,50.5,29.011491975882,0.670794585341325,0.0549091218006839,0.502516476333504,0.00308702826198971,0.654850382717196,0.0382460321502479,0.512516995094524,0.0129247477234215,0.799749442207816,0.101368172505608,0.521828684980931,0.0150364390048644,0.63457253490496,0.0424267473357505,0.506481951819617,0.00447779072333118,0.690534610306565,0.0469679939546457,0.512885634977338,0.00821580791621206,0.80191316212166,0.0965286078193073,0.511316006736735,0.00550483848804208
463,50.5,29.011491975882,0.670374221543991,0.0568199275168266,0.502786572425619,0.00325922932960043,0.654883798501662,0.0350952141636178,0.512769768448495,0.0133221183907225,0.796870464014232,0.102167812085087,0.523685795636515,0.0159397699204855,0.633534003590131,0.0440495314134724,0.506467462758244,0.00432829152003811,0.69021959261975,0.0438026442135283,0.513415656737102,0.00949060618487704,0.799831567643504,0.0955742648742951,0.511768241002966,0.00587385600232408
464,50.5,29.011491975882,0.669085697533824,0.0578894651491587,0.502951989605474,0.00337521767372667,0.655731136336381,0.0331005729962815,0.511994550611608,0.0121829601659603,0.796356811181818,0.102279728920014,0.521009267343425,0.0136168633394797,0.632466988549814,0.0447764172479784,0.507402875395883,0.00533198560422658,0.689974929370464,0.0406396462298577,0.513477361572943,0.00858902181430481,0.798185840251996,0.0960199397862755,0.511410902875472,0.00604119140960182
465,50.5,29.011491975882,0.669285215605425,0.0581111999071194,0.502717326263724,0.00285236091791195,0.656738089067555,0.0314452787910822,0.512426953249631,0.0129511543986692,0.793855200664977,0.103796175216494,0.520713515769352,0.0128038659228312,0.631729844500551,0.0456368204610709,0.507108159526209,0.00493664680697453,0.690910756166055,0.0384721734193314,0.513636949193344,0.0103711195131988,0.79615907568284,0.0980945014135748,0.511937355641758,0.00670585893212422
466,50.5,29.011491975882,0.668765593570341,0.0583727917404771,0.502717171994224,0.00298359542634765,0.65744389841829,0.0294510921921969,0.512004961723433,0.0124269077702195,0.792913402237869,0.107811522059544,0.521239489161457,0.012195685727167,0.631379682147761,0.0463783363973283,0.507072062591501,0.00438047591421197,0.691886841568865,0.036117417198933,0.51347509999051,0.0115734451941081,0.794761541430469,0.0997066968893485,0.511882033135386,0.00676004983678183
467,50.5,29.011491975882,0.668693431660037,0.0576617847215462,0.502831983882932,0.00294187849913465,0.65797890526031,0.0272635273822018,0.512031435331158,0.0125221774381061,0.791803892397379,0.108918621872683,0.522339673035818,0.0136129433400248,0.631698887676939,0.0471042634171669,0.506726177756854,0.0042212547500165,0.692841886686217,0.0333154697012309,0.513327486191092,0.0091427730655614,0.793947934266987,0.102594927819432,0.512263626734633,0.00683328218967607
468,50.5,29.011491975882,0.668343267733061,0.058725073892657,0.502446339578424,0.00257916368910664,0.658251795880521,0.0262751220855254,0.510888701629765,0.012448800496546,0.791006639050114,0.107520554826706,0.521228770846517,0.0132813953856418,0.631741282956058,0.0475103685471166,0.506903567964671,0.00585827066967805,0.692757893337013,0.0330859372554796,0.513003369720287,0.00937488874882931,0.793489454487031,0.103936713299294,0.511796843165601,0.0067206877571453
469,50.5,29.011491975882,0.667599021785281,0.0603485312169752,0.502105106317479,0.00218604527922905,0.65854902899165,0.0262440005411998,0.510593009350423,0.012879350128371,0.790844920989931,0.105514863346483,0.520775737111895,0.0124658854383551,0.632129782205576,0.0483147725763276,0.506470371933086,0.00474689764157677,0.6925792439339,0.0344522984719002,0.513024709193332,0.00995431460850493,0.792184008965942,0.103309972816341,0.51172711159211,0.00883059211782327
470,50.5,29.011491975882,0.666722545297956,0.0627184374803691,0.502704027694166,0.00286657844653631,0.657834287229012,0.0274044874672318,0.510438887276813,0.0112954018555598,0.790035304134331,0.10621965133031,0.520533694193313,0.012611101439918,0.632106349650199,0.0499787178654864,0.505814393222992,0.00414289354545838,0.692693448212955,0.0370744393113188,0.513350440829853,0.00979543109540012,0.792293889192399,0.10315115470657,0.510867666970298,0.0063385230478921
471,50.5,29.011491975882,0.666888595257174,0.0647640369216622,0.502944077474514,0.00328238456261698,0.657040033143109,0.0292609922897799,0.510420134843764,0.0112863238259555,0.789524151241467,0.105877857562023,0.520461415801343,0.0112032162367889,0.631702460725493,0.0511030910448512,0.50637818182316,0.00475517557116712,0.691744899204245,0.0393658715737028,0.513749594434665,0.0108195618451274,0.792147095651021,0.101805626372761,0.510641023315106,0.00612417927307738
472,50.5,29.011491975882,0.667301526802608,0.0653345671484679,0.502387207047145,0.0023880432323895,0.656896581257013,0.0307494698500198,0.511028188331677,0.0110622503608413,0.791112476582476,0.102597515241449,0.519734197494748,0.0111391233903221,0.632011217061133,0.0511435132349998,0.506307647181715,0.00414935298868383,0.691624093181912,0.0410515697409236,0.513207155085619,0.00996534970039238,0.793486793367223,0.0985481651727944,0.510157703467284,0.00537015603545904
473,50.5,29.011491975882,0.667421236600182,0.06543579237609,0.502872808212897,0.00324455834880986,0.656210219227589,0.0313192980494121,0.510832918249064,0.0105667701922436,0.789797468919751,0.0993345550785517,0.520952104715537,0.0137589645789959,0.632142660357985,0.0509311889409705,0.506595821803942,0.00456449101032436,0.690953864952361,0.0416169394913942,0.512452094705596,0.0100532476487939,0.795910925486131,0.0945796282116842,0.510648615048969,0.00635914510299405
474,50.5,29.011491975882,0.667935135103483,0.0654679716787507,0.502339075033045,0.00209277072435034,0.656677493174016,0.0319503223753805,0.510419884657511,0.0100427765428314,0.790761834314494,0.0957096022955778,0.520175668049692,0.0115936647367393,0.633358565370956,0.0509076819886299,0.50608306104445,0.00403517750232227,0.690784498889504,0.0419143246030973,0.511743497418894,0.0083828407036478,0.798541616717519,0.0916267685149771,0.510471718124035,0.0068322533867696
475,50.5,29.011491975882,0.667847626218282,0.0655595675911928,0.502988939419604,0.00315728135993835,0.655806902070268,0.0317383948287559,0.510821305083276,0.0104520021414605,0.787685786150957,0.0919756677957553,0.521087072024753,0.0135884189227906,0.633697304369251,0.0507883705560442,0.5059413043896,0.00407609022562064,0.690393020714757,0.0417065127376163,0.512099863318559,0.00810832264295633,0.800112058680212,0.0874826249833634,0.509842269289677,0.00624080570175574
476,50.5,29.011491975882,0.669375725106106,0.0647192753487655,0.502505298091755,0.00275666987608573,0.655820128235915,0.0321641403220856,0.511442304705112,0.0130658171688346,0.788385340786419,0.0879676517871422,0.520636141381255,0.0118005558138654,0.634769379923124,0.0496197906905583,0.505841167191559,0.00365428548692105,0.690197777600302,0.0428008006296683,0.512313242424173,0.00848020611838685,0.800515644186743,0.0856242239810548,0.509596371541812,0.00590185357486772
477,50.5,29.011491975882,0.671520456005106,0.0620427144415957,0.502999148875813,0.00283982758426568,0.655409094204394,0.0326222856979041,0.510566382476436,0.011136034539774,0.787583435618392,0.0873814338602478,0.519920311331397,0.0116900753156599,0.635420910810787,0.0467762391268285,0.505824193620546,0.00369107690510319,0.690126715293104,0.0437849703266088,0.513002452772618,0.00974143591171062,0.79914742059227,0.0842979864843085,0.509518249473735,0.00563456114457155
478,50.5,29.011491975882,0.672884213757891,0.0594761459470666,0.502599887642432,0.00226778358872207,0.65531346767097,0.0338445043354228,0.510756657235916,0.0109037882942496,0.788464017539362,0.0892526481429176,0.520448118211728,0.0115543068949445,0.636311325996431,0.0440856164745527,0.506130213632699,0.00372734403006942,0.689950660591554,0.0445592851970637,0.512013731384483,0.00863422320104334,0.798512424267434,0.0846235543425753,0.50957232103968,0.00610445878559065
479,50.5,29.011491975882,0.674309270144328,0.0561446055413814,0.503010331927112,0.00279908384268475,0.655461302881572,0.0340461013779388,0.510389373937937,0.0104142192929596,0.787618515252837,0.0910176395964889,0.521560778086407,0.0150287707986186,0.636462656571942,0.0412635193366641,0.507320982832209,0.00530252404313631,0.68969642379823,0.0447509640715599,0.513214918867279,0.010171833820703,0.796731067120074,0.0852762524176977,0.509540244054602,0.00569033346031227
480,50.5,29.011491975882,0.675001536180536,0.0530545288609173,0.503036495503333,0.0027848116390177,0.656479115239866,0.0341607082746875,0.513046838948955,0.0131834822344118,0.788895003550987,0.0908674920927052,0.520034662710683,0.0105064865293922,0.637967845991643,0.0385640543147941,0.506764300888499,0.00415538738383168,0.690551119450545,0.0447214855964773,0.513084122101781,0.0098589075919642,0.798905486329721,0.0870255399899559,0.509412851953096,0.00545182587501604
481,50.5,29.011491975882,0.676129354728484,0.0504294146686875,0.50284191111183,0.00249521303460564,0.6563312392804,0.0335874970327284,0.511602963266219,0.0106667936518744,0.788893501577061,0.0931955657356661,0.51961733293105,0.0111454833509317,0.638525159465599,0.0353075089355121,0.507336814093564,0.00472871737600518,0.689516998360784,0.0448639801959515,0.513779771329671,0.0107011076983289,0.796275956354991,0.0897689003386487,0.510094764229742,0.00670265133587756
482,50.5,29.011491975882,0.677138712484287,0.0475498259849694,0.502728329423032,0.00243184542580036,0.656676321460222,0.0339796953795511,0.512062657981091,0.0115948107277308,0.787576212065147,0.0961340080524172,0.518931839483982,0.0101927310117738,0.639637856653869,0.032946738339024,0.506356965844472,0.0037361977104658,0.689698300285844,0.0456012209179256,0.514649070429674,0.00988602942119648,0.794911020641909,0.0923958603694566,0.509645840473634,0.00551462950486058
483,50.5,29.011491975882,0.678453087800346,0.0441977319826594,0.503104293060308,0.00304312446298493,0.656094906759359,0.0343844788181257,0.51161436943919,0.0113410928380674,0.786446961098784,0.098688026553205,0.51969429107389,0.0108316717575536,0.639723180403127,0.030504123210281,0.506260925374591,0.00472584449771643,0.689642557193553,0.0466091350336809,0.514734674564327,0.00966066058281592,0.793321063970941,0.095110271004597,0.509153450112148,0.00485227974446462
484,50.5,29.011491975882,0.679860031805417,0.0411701175588317,0.502947689999023,0.00311875019481516,0.656268870372246,0.0354121323742294,0.512431492818964,0.0129753530805532,0.787628644719235,0.099183509267744,0.519596875199354,0.011082691135777,0.640762754408867,0.0287183519945856,0.506856409051101,0.00541225380632734,0.689252003401238,0.0472378631463953,0.513650809288434,0.00839054039153997,0.79272597871815,0.0963584207885469,0.509791760169504,0.0065583984997124
485,50.5,29.011491975882,0.681301456203494,0.0381874902360515,0.502666311306113,0.00247893756822176,0.656263598309786,0.0365567593512169,0.51304743256089,0.0130279374622691,0.785980436570452,0.0981146862855992,0.520412729189981,0.0114276506521137,0.641256966957843,0.0262580488437379,0.507600604996401,0.00540979843639014,0.688944924855403,0.0482430018867786,0.514760450035428,0.00842686091315764,0.790618130633066,0.0944409559335665,0.509863644012878,0.00642142232171271
486,50.5,29.011491975882,0.682554835008248,0.0351585601094309,0.502291425143332,0.00213907233039021,0.65617156062237,0.0379786260430367,0.5123642966748,0.0118641472904586,0.786447563401853,0.0947839738388444,0.520690878883039,0.0124173178928615,0.64236875081045,0.0250807586902017,0.508845137102678,0.0076113804325544,0.688734862646076,0.0490338520650717,0.514258417544017,0.0101033709112998,0.79065642215031,0.0961693815804265,0.509628098275868,0.00593467539153729
487,50.5,29.011491975882,0.682375238472584,0.0328617364275606,0.50261887822416,0.00265947995791803,0.655598433796012,0.0382564189908629,0.51183535504448,0.0118278079446779,0.78783214162468,0.0925156074967211,0.521511485573367,0.0125172982860801,0.64232010687627,0.0235519298214729,0.506600025208484,0.0039489926571803,0.690405498636149,0.0500342406683164,0.517164172855498,0.0125409110019354,0.788998898871815,0.0930941209413512,0.510608989036915,0.00711602211522325
488,50.5,29.011491975882,0.681598905717263,0.0329252332724435,0.502989501634324,0.00313046437371179,0.655521290144464,0.037934967884359,0.511937626440385,0.0111815926114032,0.787715556477729,0.0906293009801924,0.522799718722484,0.0148702251998937,0.642169689547137,0.0237758915574577,0.508357066327919,0.00547960649090678,0.689486540577207,0.0498094312036861,0.513980603471306,0.00951377606316905,0.7924817070454,0.0929705950751831,0.510514681147758,0.00638601109566483
489,50.5,29.011491975882,0.680172522684778,0.0342998331481363,0.502445693347723,0.00211384041878948,0.656625144472546,0.0367569909545619,0.51340608738194,0.0118063957936965,0.791297862071883,0.090981019593901,0.520792701916693,0.0113175125017053,0.641711112914498,0.0248644519725751,0.50714354016275,0.00442216159627331,0.690025074061498,0.0485576438931448,0.514972068327134,0.00991043873446761,0.793625084489278,0.0903302001789955,0.510561349256978,0.00633023029774551
490,50.5,29.011491975882,0.678009026003874,0.0370117868048017,0.503679940986677,0.00384593014118941,0.655762800774418,0.0355642395157121,0.512909417851646,0.0107998155475167,0.789168076484216,0.0911968091937201,0.521361672320736,0.0128649321591076,0.641333288312317,0.0268143073510128,0.506508554526562,0.00352259948327496,0.689917328313185,0.047726103188281,0.514084519845955,0.00875725282872013,0.795766198012238,0.0883599066571587,0.510902084130885,0.00689356143271389
491,50.5,29.011491975882,0.677300355321715,0.04021566005118,0.502559781498022,0.00226281251596968,0.655935042799715,0.0349154007711603,0.514710924802162,0.0124990981142906,0.792821790929261,0.0893555234211702,0.522083821527841,0.0119307613480173,0.639489735590647,0.0292412445982886,0.507698227437052,0.00498419235665035,0.688763054034993,0.0464597636989918,0.513721026364305,0.0094645280235267,0.797211695960442,0.0870581290047918,0.510865167476173,0.00686041723878638
492,50.5,29.011491975882,0.676210728906972,0.0427884330894038,0.502318092913408,0.00153841168538987,0.655673807763615,0.0349331215824124,0.513505821760478,0.0114429741744262,0.791968646898372,0.0887608396155609,0.521230213187114,0.0118813206646168,0.638368354503171,0.0318590703162842,0.506980112751872,0.00428099388609661,0.688727166610674,0.0461862027934177,0.514287516870687,0.0103796359301363,0.798445598402806,0.0865658926661649,0.510981645030975,0.00720165895630548
493,50.5,29.011491975882,0.675101874258941,0.0453069585126536,0.503374145632826,0.00360926094265151,0.654058668819769,0.0348300839212545,0.513011499766435,0.0101348327285802,0.794546859371052,0.086801067257261,0.521044862457285,0.0111371132211448,0.6377163188832,0.0336129198102662,0.507470483513562,0.00474403294443785,0.68718398110175,0.0459938931387489,0.514358753456586,0.0103348051497826,0.79833161466948,0.084489063829022,0.511352180768931,0.00745616070114831
494,50.5,29.011491975882,0.675553267011028,0.0464039953842068,0.502921356234108,0.00292184435498735,0.653691301118325,0.0356047349430256,0.513218205156398,0.0121342364682836,0.795312717313923,0.0846882404972309,0.521785782141965,0.0112981062075258,0.637946747587669,0.0353539672735591,0.507483320992829,0.00505246850860783,0.685674353438789,0.0465345392684719,0.512789870645677,0.00811842657393411,0.80067313398195,0.0827787023455072,0.511827039051082,0.00800214305084827
495,50.5,29.011491975882,0.675733454041986,0.0473266205582384,0.502481981014782,0.00235347785433851,0.653385483862887,0.0360460152211457,0.513253951208883,0.0120742313600871,0.79691304517105,0.083212500291426,0.521159827645425,0.0104310312742126,0.637426057542257,0.0358770141525127,0.506489373424054,0.00417147705992456,0.686347613337983,0.0474105929484544,0.513755230224826,0.00932311580047056,0.801637943516605,0.0809037366358705,0.511743298316494,0.00814128079802724
496,50.5,29.011491975882,0.675763216296971,0.0477120475579049,0.50282768049235,0.00290974611981038,0.652307970299901,0.0360957957402424,0.513630627638424,0.0122078816218713,0.797024754064297,0.0820323986974151,0.521706209135653,0.0111143335872019,0.637409350671959,0.0362560703508521,0.50735613701593,0.00484148285279977,0.685162554164623,0.047035200091995,0.512699639968286,0.00748505836428122,0.802602722518864,0.0813957600127072,0.511776525955294,0.0077853499858012
497,50.5,29.011491975882,0.676285479185903,0.0468628359979223,0.502286670235356,0.00162708089859567,0.652616107129916,0.0363149363334693,0.514645515872686,0.0120582850087482,0.79801009356753,0.0836220898865479,0.52147753134877,0.0112343938783021,0.637416447164305,0.0363384414424821,0.507708601229026,0.005157160384959,0.685593471198717,0.0472161673642253,0.513447696517679,0.00897020417476247,0.803421595824956,0.0817772495544973,0.511617502705448,0.00736912619994187
498,50.5,29.011491975882,0.676627028320884,0.0452246908789242,0.50304874449792,0.00344015499319713,0.653086516590116,0.0358951129986074,0.513351993572319,0.011059175625432,0.797565289052072,0.0850462492614744,0.52115029859255,0.0106140021774358,0.638059276758218,0.0354012124121561,0.507584094353045,0.00488948777666613,0.6858619568013,0.0463203481338187,0.513214018415567,0.00838332479478126,0.804893156630671,0.0815437236953836,0.512243637959559,0.00913722263028922
499,50.5,29.011491975882,0.677672681196868,0.0438909011865863,0.50307712794082,0.00293005676533507,0.65329617633028,0.0354976584879761,0.513511631968347,0.012124324778273,0.796320528219297,0.0853377335391926,0.521254100829074,0.0114503127105119,0.63899840876041,0.0346386612175328,0.506674763779324,0.00330161041644377,0.686459935882787,0.0457056838365006,0.513531847623761,0.00774289133360296,0.806311743037057,0.081692886001501,0.511887348461204,0.0076213727715915
