"timestep","episode_mean","episode_sd","group0_trust_in_sp0_mean","group0_trust_in_sp0_sd","group0_trust_in_sp1_mean","group0_trust_in_sp1_sd","group0_trust_in_sp2_mean","group0_trust_in_sp2_sd","group1_trust_in_sp0_mean","group1_trust_in_sp0_sd","group1_trust_in_sp1_mean","group1_trust_in_sp1_sd","group1_trust_in_sp2_mean","group1_trust_in_sp2_sd","group2_trust_in_sp0_mean","group2_trust_in_sp0_sd","group2_trust_in_sp1_mean","group2_trust_in_sp1_sd","group2_trust_in_sp2_mean","group2_trust_in_sp2_sd","group3_trust_in_sp0_mean","group3_trust_in_sp0_sd","group3_trust_in_sp1_mean","group3_trust_in_sp1_sd","group3_trust_in_sp2_mean","group3_trust_in_sp2_sd"
0,50.5,29.011491975882,0.5,0,0.5,0,0.5,0,0.5,0,0.5,0,0.5,0,0.5,0,0.5,0,0.5,0,0.5,0,0.5,0,0.5,0
1,50.5,29.011491975882,0.58493952991453,0.00159645315350867,0.500178525641026,0.000413192746687554,0.580416346153846,0.00168967089842655,0.500690476190476,0.00108582862279064,0.663138888888889,0.00263036493978284,0.501051587301587,0.00247359641691174,0.568291160593792,0.00329920955471639,0.50167183985605,0.00186662639120963,0.592456702654071,0.00419168338533766,0.500890277777778,0.00131589101519116,0.661180555555556,0.00201261860553065,0.50059375,0.00086653907941326
2,50.5,29.011491975882,0.62347773696978,0.00569021939573478,0.500332154435603,0.000177384799600737,0.612324877009227,0.00615850325082139,0.500714285714286,0.00104684071382036,0.725648793735001,0.0264884069576143,0.503772072754831,0.00342459397356353,0.600385916240342,0.0055655409668514,0.500964984567037,0.000963125725277143,0.633652561454914,0.00585069048590844,0.503742582046081,0.00455590835089797,0.725826727280214,0.0231168881374659,0.501660948795964,0.00214796803623697
3,50.5,29.011491975882,0.64435125088028,0.00802927260922355,0.500713614797901,0.00140926860538621,0.62761463034217,0.00963330000899564,0.500714655318502,0.00105426087254148,0.75205451188585,0.06069403660925,0.504541041215362,0.00519545969740534,0.616428822729715,0.00783638390192538,0.502808641161296,0.00285342697201123,0.655634243802849,0.007484586514665,0.503573969795203,0.00434072311240756,0.749329551375014,0.0561642064521134,0.502259393365745,0.00176576769309229
4,50.5,29.011491975882,0.656684604304087,0.00969054604072812,0.500530449122889,0.000916934326321317,0.638574415152808,0.0113061092949342,0.501553742482725,0.00430317530952007,0.75568416953605,0.091367760926393,0.505614169825852,0.00540802815100072,0.625582924327247,0.00917684874072022,0.501603935719963,0.00194272729322344,0.671833124935361,0.00877010093392253,0.503582140649651,0.00437542747639126,0.75076127296669,0.0871983793251595,0.505420120391974,0.00393002152068851
5,50.5,29.011491975882,0.659226818135066,0.019253354017731,0.50295832648319,0.00363080854790828,0.644276263245257,0.0126680647982643,0.50240967745148,0.00454130503975622,0.755905095308968,0.117519117036833,0.506392194633489,0.00449661395177718,0.628163009215456,0.0150155245446855,0.502858913686331,0.00314056856353887,0.679821971509553,0.0108642059243441,0.503651568882074,0.0043522798436376,0.749407339381946,0.114186107022382,0.506058012222314,0.00412652924163883
6,50.5,29.011491975882,0.663490652498879,0.0303663815986221,0.500667517783465,0.000476854620688478,0.648936282041154,0.0156252774427334,0.505424439651054,0.0121925585480411,0.760008271595798,0.133262809784362,0.506573862352858,0.00486040051446646,0.62850291543048,0.0232740497914694,0.501806797798894,0.00176731115568647,0.689446721825787,0.0148004094790648,0.511748387526306,0.00729011193152926,0.745367958884785,0.129423927908447,0.505757233908461,0.00403481457651079
7,50.5,29.011491975882,0.663526944837731,0.0382826876131937,0.50321841866151,0.00417380295162506,0.651357248303513,0.0191905668992662,0.505972377851378,0.0124147314887403,0.760770076372219,0.145943667684201,0.508291287491841,0.0062353343527766,0.630939242080971,0.0303090232097806,0.503041276934911,0.00315924428205987,0.68935617475006,0.0201048025691581,0.506301070468696,0.00476183462467467,0.75193570409123,0.143918593909524,0.506387052263264,0.00410373631959885
8,50.5,29.011491975882,0.666344680126001,0.043998619447787,0.50106720714478,0.0015265956615267,0.653435355577502,0.0232124024232283,0.505089070180927,0.0110179901035499,0.760031507449037,0.156221376008862,0.514307164743618,0.00965092340918481,0.631738044538169,0.0348436060700018,0.50295742550984,0.00215164229618126,0.689927783739439,0.0269120530846626,0.506865448009597,0.00578214717494515,0.750895482743225,0.153357078031052,0.506415101771995,0.00372252784472706
9,50.5,29.011491975882,0.668162560423411,0.0457302574096909,0.501001803226664,0.000688651301496886,0.653481755006672,0.0271748612089934,0.505167594476065,0.0107577890297714,0.757943646440291,0.165041153848936,0.51454592057948,0.00952657982966692,0.632079757991683,0.0362582782474591,0.505325932076345,0.00562830580546314,0.68699710196958,0.0331889563888594,0.506223102326655,0.00345860977262904,0.748554028115902,0.161183648801359,0.505952121967316,0.00338282429403868
10,50.5,29.011491975882,0.66942298184173,0.0465680868206419,0.501042188092416,0.00114136268183158,0.651608261773363,0.031335486011396,0.504788649538991,0.009978178146966,0.758383326015078,0.169628420105804,0.514773912281402,0.0088040890519788,0.634091481789595,0.0380812810482356,0.502651163010428,0.00203880303998689,0.684870380765503,0.0385785895528636,0.506608829333038,0.004602766201066,0.743029452018275,0.164547993049436,0.514636927790593,0.0137153595806333
11,50.5,29.011491975882,0.668821913954407,0.0476344910912689,0.503400253065554,0.00386222944786472,0.649821763987285,0.0348472582172323,0.505451196975678,0.00981401465142441,0.756430421647706,0.172620577501682,0.51077662666091,0.00417698981892583,0.63332800046603,0.0383564572881235,0.503723587508649,0.00384210174266978,0.684288852638639,0.04405501687918,0.506182119874078,0.00436137604830089,0.748078703592912,0.169573063696738,0.508636442425247,0.00493528879485594
12,50.5,29.011491975882,0.668467915878243,0.0476143218341201,0.503129978991713,0.00382475401556424,0.651228545009935,0.0392239712741471,0.505051481076514,0.00908446155734183,0.758174519572903,0.171425617911638,0.512105783835392,0.00425193215375473,0.633379742713743,0.0388819630589022,0.503572143288129,0.0035122686681934,0.682982553624986,0.0471959812356244,0.506229530840013,0.0033842515074115,0.749826272995598,0.170505368726944,0.50865883236185,0.00431202419322092
13,50.5,29.011491975882,0.669449050671831,0.0484210849437519,0.503569100176985,0.00410071535512926,0.648089598524807,0.0406687856137552,0.504508543909997,0.00873316154167447,0.749595747252286,0.163491120122548,0.535914244732946,0.0382877516088639,0.633036490555201,0.0393920839483711,0.503635942559608,0.00287079322105137,0.682901871016268,0.0488915494165217,0.506452969078276,0.00424238432023146,0.752691422411698,0.168816705323611,0.509171545875128,0.00378818353926939
14,50.5,29.011491975882,0.668773338098612,0.0490465382901884,0.502080199519571,0.00211546029712608,0.652098891155518,0.0424693762824005,0.504752369459643,0.00824121296941887,0.765753578279466,0.159265235909908,0.525071529712493,0.0229407643097248,0.632675474193941,0.0403695215574726,0.503767174304379,0.00337682210973506,0.683020145975285,0.0501691559749785,0.506676157421405,0.00300701142377381,0.754935640272166,0.165582555646854,0.508861416705824,0.00353880076154848
15,50.5,29.011491975882,0.666034527775958,0.0493836199999896,0.506559864655991,0.00534502517886611,0.650248260172621,0.0425499241534365,0.503462335814604,0.00457405698498715,0.770184436891083,0.154103476517883,0.521921176106412,0.015180095910807,0.630744915294238,0.0400864400202934,0.505144893030653,0.00419057939489489,0.683498400226271,0.051018435424467,0.507147649444758,0.00512906797435202,0.757547895873732,0.16036744348687,0.508134989011014,0.00331742352359857
16,50.5,29.011491975882,0.668474253324934,0.0493090372224036,0.502008144343327,0.00198222103595166,0.651974343467992,0.0427777739816178,0.507896633438284,0.0121456989983679,0.771110186870428,0.144790821092242,0.526026396073227,0.0239675000606839,0.631726681715466,0.0403309358752614,0.50369016946814,0.00253793717178323,0.685397981945716,0.0519073654655086,0.50706391131179,0.00460545543652278,0.759497277987612,0.153821234570216,0.509807508777425,0.00562590884298277
17,50.5,29.011491975882,0.671124174071789,0.0491645823257783,0.502000126455641,0.00175253767667758,0.651521124850145,0.0425065869627085,0.508417975812111,0.0119710221607058,0.764613912319847,0.136639761278624,0.534744151575602,0.0253289222194261,0.631438918131397,0.039323331993901,0.504619181806751,0.00412164543423861,0.685100556224923,0.0517682091111465,0.507095078291837,0.00391300351238756,0.762842127940678,0.148025990752687,0.509567268983416,0.00574828537334266
18,50.5,29.011491975882,0.670075753660363,0.0471828181845098,0.503820154071401,0.00449855428242862,0.652010250051213,0.0421910510426606,0.507827531957967,0.0110335736618639,0.774683916556016,0.13693575855868,0.525136248681733,0.0222141546647338,0.633037047731942,0.0380546602571394,0.505980796051776,0.00398105781310418,0.685077546894207,0.0525258111782943,0.505756358509747,0.00340047056942939,0.764676467151455,0.143896517492622,0.510497061383345,0.00824313937227574
19,50.5,29.011491975882,0.672948100218004,0.0462157596256388,0.502556677678603,0.00234945437722877,0.65250217525736,0.0418785375590105,0.512399709044455,0.0133438333741277,0.774285965407373,0.128650779881248,0.523854875323336,0.0214754200804615,0.63497085434214,0.037489995759497,0.503364362341985,0.00229533625115789,0.688149314278453,0.0526781332976752,0.508111762278647,0.0064433436879358,0.768278355425209,0.137019485312244,0.510463056926513,0.00779361531099084
20,50.5,29.011491975882,0.674006849801061,0.0441598543678402,0.50486396942701,0.00376475417853893,0.651524302438049,0.0410791358529852,0.512260773208883,0.0132008317571113,0.776626301732374,0.121442698952934,0.524098073377651,0.0196238457341548,0.636355586600593,0.0355775845424619,0.503285208185903,0.00232845639684411,0.689285056230353,0.0522346950648878,0.508126023393016,0.00658382793585623,0.773740794160385,0.13037270608071,0.510250640053064,0.00726156063017174
21,50.5,29.011491975882,0.676712649075285,0.042075946292993,0.502229670483229,0.00211727043696609,0.652873753185137,0.0399768730691993,0.511884222518174,0.0134200977292336,0.783956666378227,0.115533125315005,0.52619599530621,0.0197240497784646,0.637073069556585,0.0331766347120588,0.505638010371025,0.00538073882164466,0.688652681443014,0.0500904380319732,0.507613114449419,0.0063133458821712,0.778742663062145,0.122741379344053,0.509951976780564,0.00649688492425806
22,50.5,29.011491975882,0.680015662164329,0.0394738919769698,0.502175493296589,0.00248425506308556,0.654145459943516,0.0394413693819217,0.511189442951842,0.011979034504867,0.789471013109809,0.109591806934608,0.525374217934201,0.0196414468817895,0.638294171144888,0.0307202461166311,0.50585016167637,0.00416232359185684,0.689600934167234,0.0490207375881298,0.510219382362323,0.0060642984066177,0.783832196457809,0.115563083125339,0.509555096831591,0.00666676950426093
23,50.5,29.011491975882,0.680800970070759,0.0366243152006587,0.502500663325988,0.00220855632997533,0.65530268735254,0.0387285340836762,0.511207643027746,0.010748108820785,0.793631477364603,0.103743453226797,0.524147403268707,0.0185597798951643,0.640005968894868,0.0286449756748677,0.503542140874142,0.00353440494495648,0.691457601342468,0.0479432886026257,0.511426902060687,0.00717970915518356,0.788545389492811,0.107054162365722,0.509441608869641,0.00615584849098722
24,50.5,29.011491975882,0.681307921398087,0.0346011410042132,0.503913536609342,0.00430848613803637,0.654656350472288,0.0374881869031617,0.508131956698845,0.00902716012092621,0.797941569375455,0.0985396791004415,0.523597823379073,0.0168147499779824,0.63862314340961,0.026313221060051,0.505335622841681,0.00480248691750193,0.691855912489915,0.0463643262060553,0.516741169216794,0.00833063954883662,0.789388323916247,0.100388323671196,0.510288231478718,0.0072600343944801
25,50.5,29.011491975882,0.683345348036031,0.0334029416776913,0.502166164161181,0.00197502891117864,0.655277095648835,0.0377097172094431,0.513186426315927,0.014095490170307,0.799772578533364,0.092300998920528,0.523249375430225,0.0159995600964341,0.640973979860546,0.0251045937903434,0.503521635759849,0.00257528264789101,0.692047798896665,0.0463342750885403,0.512866920605182,0.00855705839158577,0.795556894322042,0.0934604219637168,0.509214753369658,0.00500644786089792
26,50.5,29.011491975882,0.680909754661722,0.0318075627162501,0.506435651618873,0.00777140004938399,0.653033531349556,0.0377772118606749,0.513063453700503,0.0132874594674768,0.80170034167875,0.0893528136554854,0.521594533100235,0.0141101778451527,0.639604566650613,0.024578315300888,0.503633197009081,0.00277634844415281,0.692992278890678,0.0476048813574947,0.517459286578261,0.0126636002727985,0.79119457603021,0.086517417082371,0.509239602269274,0.00445787011176287
27,50.5,29.011491975882,0.68320579493287,0.0325312859833945,0.502045736029359,0.00197090303974709,0.656095924261779,0.0400366314804763,0.515739063262821,0.0144881665364454,0.803779733206277,0.0845668181802784,0.525080459765222,0.0181855016075024,0.641075485055336,0.023646498045456,0.504186052960163,0.00312627798639933,0.691513601273079,0.0484913203447681,0.512122370190934,0.00818639949719619,0.798711753465499,0.0845770624845372,0.508669634499192,0.00433160011901299
28,50.5,29.011491975882,0.684887025531018,0.0332267251188177,0.501760406920361,0.00114326535050585,0.654572982696049,0.0410514035913008,0.514401258874273,0.0132355148904844,0.794954049137989,0.0802651417273824,0.534922379872611,0.0332409806356007,0.641943117563508,0.0236754449172659,0.508219076336941,0.00519425287302391,0.68942171235115,0.0485715535499325,0.509891804044939,0.00619549363808079,0.802372199439811,0.0818631252827661,0.508139220371813,0.00305624541152941
29,50.5,29.011491975882,0.684392188375958,0.0315782266700882,0.502488479812272,0.00263268023604998,0.654832210067846,0.0421522534925053,0.513917155178588,0.0128600614501471,0.809357914027788,0.0782447040949381,0.52295393692202,0.0158642704506675,0.644772408725249,0.02351654947425,0.50630502309645,0.00465020258356622,0.69017303493679,0.0493917633355392,0.512545141976982,0.00929492808233947,0.804368786813125,0.0771692989046819,0.50966131888992,0.00673319330429859
30,50.5,29.011491975882,0.685209465159831,0.0318682357843573,0.502240129224303,0.00231863370145171,0.656027518173156,0.0422588177457679,0.513402012628993,0.0122196727542215,0.811903330953071,0.0748406548950403,0.522100342984911,0.014954733377533,0.647599036663032,0.0239928061065968,0.506518865183711,0.00511173460241607,0.688374898494399,0.0490357112641587,0.514394008056797,0.00685107132721628,0.801476216287997,0.0733797726735571,0.5151788117633,0.0102347970505911
31,50.5,29.011491975882,0.685225085346505,0.031837409127187,0.502220306999959,0.00218124059040521,0.657797221911779,0.0411890155236856,0.512637368817649,0.0116330645858039,0.814080987101673,0.0712749169486192,0.520274825787017,0.0138537270882497,0.646518722808482,0.0232593835746622,0.506765434514297,0.00464160391635854,0.690005876034947,0.0478589531353099,0.515408105598562,0.00757076648272592,0.809120477545428,0.0717031765282059,0.508825858017248,0.00607799297064402
32,50.5,29.011491975882,0.683039638572745,0.0319546269712042,0.504471345046853,0.00539103556252348,0.656832889433109,0.0388687372992099,0.509421840758455,0.0100081177381318,0.814970406713732,0.0719925537910718,0.520829871236059,0.0150804545382736,0.647562822102106,0.0241976150494158,0.504548005694957,0.00295166707484631,0.690608486633838,0.0467616250586804,0.514463693440588,0.00708007387175791,0.809682125080407,0.0677686567902431,0.510795648510572,0.00691001052697223
33,50.5,29.011491975882,0.680368985987093,0.0339032691919495,0.504452870878206,0.00494955647725076,0.656967019283151,0.038604468661196,0.515000157867778,0.0125705118299371,0.818554577067043,0.0715356304284922,0.517088816327226,0.010482735421226,0.644798967535476,0.0252814538731513,0.506940484273965,0.0041574393900633,0.689267691460483,0.0462611878312559,0.51357230393326,0.00692201312174395,0.811840513625472,0.0653169960924117,0.510485190863625,0.00564759059225801
34,50.5,29.011491975882,0.680097691191456,0.0370980001578278,0.502218107640148,0.00177849948135592,0.658114056192359,0.0383162830282562,0.513375579264492,0.0113733128345488,0.818820948697007,0.0702884974432393,0.520976881991959,0.0173297036301417,0.645227740274406,0.0280793638527591,0.504588394969052,0.00264837267231522,0.691961065647832,0.045425886173392,0.514049938146906,0.00752044670361729,0.813313071979562,0.0616183572153017,0.510049482289072,0.0051415804570091
35,50.5,29.011491975882,0.680072039347031,0.0398058307280898,0.501961601013256,0.00154065238463881,0.657690697981961,0.03697334719797,0.511588189142821,0.00989479613017382,0.80955627271858,0.0699781785926229,0.531149855680675,0.0318265995337287,0.645115923667113,0.030246587655348,0.504331584164323,0.00238308883802571,0.692580424759407,0.0442619922830474,0.513850957280247,0.00718882723926093,0.812917397958927,0.0599453331919705,0.509496179095764,0.00470581463187628
36,50.5,29.011491975882,0.677636209500195,0.0408495311165681,0.502798387175459,0.00292544218860391,0.659020301631235,0.0361036980338747,0.511919943141892,0.0100681561017176,0.820168894377223,0.0697875633496423,0.520341718774434,0.015573728147759,0.644498341224363,0.0321648000612824,0.504363737974207,0.002582156660937,0.69360470579358,0.0431384945688007,0.512971504970605,0.00668192449814918,0.812890932699228,0.0584107582802787,0.509365435888363,0.00500345315210468
37,50.5,29.011491975882,0.67723292542341,0.0417833514634606,0.502620732594397,0.00269234654169143,0.65972953456256,0.0345835371550622,0.512323766394232,0.00986135838279628,0.822508051471743,0.0694218629413109,0.519537107027411,0.015335928272609,0.64422662342772,0.0333856774059925,0.504487954011654,0.00304290512399094,0.694290239368091,0.0417495206143821,0.512335009882513,0.00608986586732831,0.813910878754864,0.0587600627087517,0.50844710422915,0.0040091813042845
38,50.5,29.011491975882,0.675459609443971,0.0429961336748084,0.502789970347709,0.00268340462843605,0.660195575535307,0.0328866170224085,0.511514694844934,0.00936796361083284,0.823307235255694,0.0705060707849002,0.517996120302805,0.0134783724585929,0.639867133916876,0.0339818522278351,0.508622992017202,0.00445946452522329,0.693238603932964,0.0397967884629661,0.517668545795582,0.0119727150479378,0.809936197288643,0.0592753297306778,0.50808441770269,0.00396895672115294
39,50.5,29.011491975882,0.673990078581639,0.0450949209044695,0.502468837065956,0.00219149995441767,0.66097344003654,0.0316634305381773,0.511105054841265,0.00902495887128295,0.822538105101436,0.0710804713550857,0.517327256042867,0.0124556651934755,0.641604164413381,0.0366319121131734,0.505362702111894,0.00289732708701156,0.696120298143841,0.0381329061650785,0.513073507699049,0.00791092384553357,0.815713505893336,0.0600213767171513,0.509230054789871,0.00639265930335171
40,50.5,29.011491975882,0.671997066689997,0.0481820638027713,0.504542728993135,0.00429807310537073,0.659220162775627,0.0305382519129811,0.510625148770231,0.0090696374739938,0.822450840455533,0.0712444572691781,0.517002213289057,0.0114438098751195,0.638702868278297,0.0380375887164239,0.50503649114364,0.00241567582346247,0.699227755104584,0.037143756508227,0.517034124118936,0.00973923984607589,0.812963857104307,0.0622896046938108,0.508760820080378,0.00592869144464728
41,50.5,29.011491975882,0.672127732936583,0.0515104941769112,0.504712484955147,0.00529130675467212,0.657447435941782,0.0293706046788018,0.513000176573201,0.0203107284222372,0.810730728513712,0.0718216197291395,0.527803261810046,0.018916040552828,0.638051596916649,0.0401033925690959,0.505951641389095,0.00343479512504369,0.697032752492903,0.0365836316673921,0.511565558108043,0.00640130270718493,0.81941616489079,0.063920615467409,0.508594689841555,0.00537994520930709
42,50.5,29.011491975882,0.670236116337043,0.0549774758837702,0.503339670912204,0.00298897471976961,0.659918678935178,0.0298993739847646,0.515463156538214,0.014775426940382,0.818385853847225,0.0724455621727955,0.517082173161695,0.0105439765677104,0.636818059738045,0.0418570553281421,0.5054123822885,0.00313248557421762,0.696423729812557,0.036983349840171,0.511687802936289,0.00626239719708052,0.817428861651939,0.0661742918588456,0.509189175444026,0.00548769586563733
43,50.5,29.011491975882,0.667689687357892,0.0579258262629588,0.502853306553109,0.00252051163444709,0.659813344107785,0.0304651327600608,0.514436256038704,0.0141376540248194,0.816068087715564,0.0753529178652079,0.51735812169269,0.0116949394262899,0.633747784702654,0.0429543198575842,0.504451683026207,0.00279754928485546,0.696639258438322,0.0388326535058675,0.516067541481611,0.0128279471688112,0.807380610975439,0.0690369822505685,0.513055761100195,0.0107019256327009
44,50.5,29.011491975882,0.665549082250706,0.0602477650781929,0.502667289758311,0.00244621304401972,0.660111738328818,0.0309791761753093,0.514351291645013,0.0134946743204318,0.815872689025713,0.0797339229870529,0.516717937356221,0.00990872974338604,0.632297045668998,0.0448000573468951,0.508833181357171,0.00640918355357391,0.693322552407678,0.0389002344969772,0.511039192913535,0.00666831811674107,0.808944623666437,0.0741970976327129,0.512846541886968,0.0107597107531984
45,50.5,29.011491975882,0.664738375695754,0.0620320769318195,0.50257216176358,0.00222582868517213,0.659592426896269,0.0327959123899838,0.51314659091794,0.0128165509225691,0.815131270287758,0.0839297654195525,0.516474874379048,0.00960622074693897,0.631016106805093,0.0460875140713724,0.506802211711041,0.00465919899257742,0.69366790310193,0.0413829498620894,0.512224914216414,0.00779323619970998,0.813198649903538,0.0801705185113104,0.50828281850464,0.00497121806354764
46,50.5,29.011491975882,0.664266322520145,0.063001636199633,0.502629919999603,0.00293499679506946,0.659510369347094,0.0360774778157794,0.51232455626444,0.011659566056046,0.813283215846575,0.0874235995728302,0.51634496261157,0.00957325303859224,0.63165224936123,0.0471331540515695,0.506683121165818,0.00459989488597094,0.692384442762728,0.044116027648433,0.511307381109185,0.006958223470668,0.813298693383433,0.0841615317885984,0.507899983007256,0.00360865877631438
47,50.5,29.011491975882,0.665034231210582,0.0625976660222193,0.502319933718175,0.00206782280376819,0.659147395925385,0.0384636333508564,0.511656158833513,0.0123755195904677,0.813405352351685,0.089179540737883,0.51566746183657,0.00931405215163442,0.63178610550929,0.0474182959636496,0.506432707428653,0.00447221070238329,0.690894801724758,0.0464813970895901,0.510540172468461,0.00640719137229034,0.813306423702341,0.08742034779852,0.507712317500578,0.00349642313695448
48,50.5,29.011491975882,0.665780158159832,0.0612641800836035,0.502245652403729,0.00176153381329089,0.65959009425395,0.0413790652780772,0.510725412104559,0.011331568867714,0.812337465355446,0.0908506733738362,0.515229166167812,0.0083518234421824,0.630707648689163,0.0465684869754147,0.508774850670349,0.00606721832929319,0.68909781653809,0.0482276030294429,0.510228457379693,0.006368600801602,0.810995256750524,0.0886981412404049,0.507121037026068,0.00310692894886893
49,50.5,29.011491975882,0.665651293701363,0.0596005538901632,0.502264509420862,0.00151518383044357,0.658814255509708,0.0428629043500087,0.510361551073192,0.0106967613756058,0.810508023863203,0.0909018902785433,0.51562162180942,0.00828645407082347,0.629624251692303,0.0454497682807848,0.507889041044078,0.00678724276913065,0.690024058847204,0.0508500982631358,0.514193354504114,0.0132595233455744,0.803312694346209,0.0875354125300853,0.508899065045957,0.0051554407679809
50,50.5,29.011491975882,0.664621608590083,0.0580167908513948,0.502376065981633,0.00165399179041876,0.657121467567045,0.0441622057489666,0.509616543081103,0.00996969889685156,0.810696212410452,0.0922929243509091,0.516429045146624,0.00926622280332842,0.631857462302453,0.0451804501031782,0.506476574433333,0.00441589401449816,0.688567948824572,0.0525481917652721,0.510392665291011,0.00671654787614284,0.807318696804211,0.0899908458080237,0.508732027414814,0.00544247544157904
51,50.5,29.011491975882,0.664909315857838,0.0566185338232007,0.502238666506344,0.00176042654278239,0.657394834030704,0.0454474377606338,0.509315653994623,0.0110437486621077,0.810948037683387,0.0916745660197022,0.515042692057092,0.00751705892989197,0.629832557901364,0.0432318361548869,0.510885276635621,0.0065153846439443,0.686737366202018,0.0540319688050657,0.514156196040374,0.0107597456488499,0.803912521183088,0.087964546150732,0.509264607493315,0.0051530307195369
52,50.5,29.011491975882,0.665257884600812,0.05432893136458,0.502130949670941,0.00183584239540523,0.656576967146429,0.0460372660392154,0.508999953269071,0.00982285691704764,0.811743272851396,0.0926260371256432,0.514750823788324,0.00943329390175667,0.631803554457869,0.0428269307863644,0.508912110733283,0.00644290719409018,0.686319655222895,0.0547018105743809,0.512113850805174,0.00655406478335877,0.808187935731937,0.089163561582533,0.511716935868544,0.00743777962568248
53,50.5,29.011491975882,0.664838424767153,0.0517294127297243,0.501959950163282,0.00125881074870168,0.655747876987845,0.0463451243354252,0.508434564841713,0.00944542611581244,0.814259983979456,0.0915306361076372,0.513612045955579,0.00701642931084924,0.629989321691841,0.0405516537842163,0.50606528463659,0.00344386462081805,0.688115760894377,0.0561394539049488,0.519017807139393,0.0156289749628276,0.802532195516784,0.0857011658774545,0.513158316331747,0.00761060699494931
54,50.5,29.011491975882,0.663238896114436,0.0498071283525144,0.502067125811829,0.00158762034291703,0.655641967053331,0.0472007561202648,0.507539337516742,0.00869218000406929,0.815973649476038,0.0903933207062506,0.514074317081666,0.00643091589997939,0.630552358499204,0.0400151472191264,0.507792031342667,0.00503403111503208,0.684191698608458,0.0554292341488251,0.510597727861262,0.00528817789157811,0.810683455362677,0.0865826318792704,0.513013865585781,0.00727689877414021
55,50.5,29.011491975882,0.662116958418914,0.049368610866401,0.50419495497113,0.00430126400651541,0.654123101764753,0.0476032871930086,0.504613193376014,0.00815344566828606,0.817903807413415,0.0898661127867522,0.514861601229541,0.00681456789593271,0.628989006337973,0.0396957293886072,0.507534275235549,0.00472724446672325,0.6827826863609,0.056255536028002,0.510043273653119,0.00511950628864561,0.811827532383786,0.0853782241141019,0.512542657355698,0.00654415448528517
56,50.5,29.011491975882,0.660944665106663,0.0510026250869143,0.501758297291632,0.000951646371854477,0.655605182369719,0.0480559992370133,0.508504236538883,0.0124548306143598,0.819104872306406,0.0875735262103167,0.513607941765926,0.00571179041839498,0.626912035968452,0.0402902115083886,0.509324049561329,0.00431662127451577,0.680738524106319,0.0554593468628018,0.509754024063102,0.00552832705481135,0.813099532034546,0.084059482348181,0.512390121113517,0.00650199095006664
57,50.5,29.011491975882,0.660008542951354,0.0535093933779157,0.501852867343518,0.00147519189934257,0.654595656282954,0.0473490363417205,0.507813468349458,0.0116272075441311,0.820564635903817,0.0859177022499447,0.513321445249938,0.00564088606288811,0.626341681809213,0.0418858269537334,0.507604869770009,0.00455872476455411,0.680330017361914,0.0552182519081033,0.510357649629308,0.00684195745324739,0.813300918160854,0.0843106373223093,0.512234660258554,0.00599202821802955
58,50.5,29.011491975882,0.658916012965006,0.0561770808066892,0.501732264182862,0.00114740256854459,0.654668643524599,0.0471203129947176,0.507475040177641,0.011021067847585,0.821968123068397,0.0846622760717153,0.513235729311245,0.00485287174370401,0.623475942343881,0.0421804000697,0.508781149867191,0.00387689605393862,0.680592728279028,0.0547749966030923,0.514482630356742,0.0128674142625035,0.80948658579638,0.0827628998596941,0.511875042356396,0.00579158267707551
59,50.5,29.011491975882,0.658836116136617,0.0580028842004922,0.50156457966884,0.000835773540457024,0.65360332496787,0.0463654652606426,0.506846952121246,0.0102068834258297,0.823427233446763,0.0845530161323671,0.512776212975717,0.00505127500904491,0.623991945263007,0.0435384599078008,0.511566329008221,0.00670366340571859,0.677610648649461,0.0531078457543899,0.510372963129979,0.00936082245078174,0.815291117322264,0.0846337748253224,0.512368391067689,0.00633782128523909
60,50.5,29.011491975882,0.659141531287944,0.059180768418103,0.501671506535254,0.00148967629890754,0.652097437219125,0.046079970000061,0.506568909459591,0.00979304570404585,0.822670927532672,0.0830260385866587,0.512623876456737,0.00686349278348969,0.625013133157275,0.0446766479325901,0.506983591526569,0.00296120281231967,0.679308777999455,0.0535627392106027,0.51338004077447,0.00801215117132109,0.815663474042863,0.0842507741816988,0.511546140950344,0.00516973614695401
61,50.5,29.011491975882,0.658727616506234,0.0591331141184249,0.501642962445377,0.00148700782117693,0.652134021645583,0.0463719805199304,0.505956548640678,0.00893005986053989,0.821715101219367,0.0815346715880394,0.512358433169487,0.00494360511340197,0.62441994368121,0.0451950891487411,0.506603330807981,0.00302014996512973,0.678621696798196,0.0530701138036115,0.512849085566094,0.00795191239193012,0.814357663891868,0.0841263006393523,0.511233946426416,0.00488549597325084
62,50.5,29.011491975882,0.65943280023497,0.0588092647783195,0.501692120236073,0.00189424213736175,0.652052541659094,0.0470998372008365,0.506481792998216,0.00911008952027543,0.818989385694076,0.0802264144191491,0.512108431059943,0.00675258694588179,0.624420084314441,0.0456022306254244,0.506584453736412,0.00300817749680311,0.678171988328462,0.0527359612845366,0.511718390313621,0.0070481750094635,0.814296769255545,0.084158924167727,0.510738044282761,0.00459150600061653
63,50.5,29.011491975882,0.659788778374702,0.0593987839230165,0.501702142871804,0.00193983889412976,0.65105178924599,0.0468064399531412,0.505803183887536,0.00815796947819386,0.817854873782047,0.0810552071623177,0.513121683456642,0.00778033300610193,0.624867138277346,0.0463430348947075,0.508516699695344,0.00505136875344462,0.676262844456112,0.0524302018997406,0.511427825118707,0.00668906287120182,0.808453128923072,0.0846598893766144,0.514531894938028,0.0101007345292395
64,50.5,29.011491975882,0.660272024948332,0.0590694314099134,0.501715488946456,0.00217003484863913,0.650096984564483,0.0479079763026648,0.505430511399744,0.00795553354375743,0.815436663409373,0.0823301154424626,0.51297166825441,0.00698476359145044,0.625593966576353,0.0465917216737125,0.506847926973598,0.00315135581031549,0.677525028638657,0.0539794031537115,0.510673754763296,0.00634601269953835,0.81362640484491,0.0848152186376811,0.511461836151288,0.00619321250141433
65,50.5,29.011491975882,0.660906147882852,0.0591754917093619,0.501312407644927,0.00112551473267398,0.64933169123383,0.0480877597079181,0.505727181556092,0.0084982690375333,0.814930511959645,0.0814194135029927,0.512762149679052,0.00795252101131309,0.625273433056646,0.0461163382312951,0.508993347268247,0.0046957845168768,0.676659246690863,0.0545514958080613,0.510777459304708,0.00705454536880431,0.811349934023357,0.0852366739251992,0.510766924858006,0.00587603199685186
66,50.5,29.011491975882,0.662440055342026,0.0589318957948426,0.501413896750016,0.0014408293939685,0.651308493647005,0.0478153678398739,0.505586521644342,0.010444343318516,0.815742711338753,0.0812772734926929,0.512899931745866,0.00773688380534799,0.625884685841541,0.0451027303127016,0.508871501711165,0.00579757665306332,0.677675879579368,0.0535772042466918,0.511693387622131,0.00881409732267449,0.811786547028127,0.0836785460865219,0.510403885270568,0.00543553217626499
67,50.5,29.011491975882,0.663005789604302,0.0578791968435213,0.501634211437403,0.00172944355382935,0.652109245468335,0.0467063127421718,0.505327810815504,0.00824736563241911,0.816482198631152,0.0831727995765283,0.51341388414422,0.0082603041607533,0.626821774973964,0.0437565182518479,0.508573698892045,0.00531474315232919,0.677938111929431,0.0527072192138415,0.51110731919637,0.00797274827279688,0.812987441493103,0.0849693968748325,0.512599524663858,0.00873992612611063
68,50.5,29.011491975882,0.664149515101385,0.0565080992093782,0.503442810310652,0.00377327174684418,0.651369208863872,0.0455750429643295,0.505117113457618,0.00762603014112358,0.819952922451775,0.0844538896706152,0.513225948812814,0.00844086968220568,0.627572514335548,0.0422271823992995,0.506030145821916,0.00290858849942495,0.680328968116241,0.0529205114267723,0.516040211976326,0.012536236519702,0.809834658783971,0.0828031874626654,0.512340899183922,0.00836812960363266
69,50.5,29.011491975882,0.665297986955364,0.0548607532047244,0.505548016246886,0.00432743136084318,0.650384774864726,0.0444089339448103,0.504953819475888,0.00777924985671258,0.819835633859962,0.083036185771699,0.518110300374409,0.0123032162940851,0.627669256709486,0.0415513925615142,0.508385661488791,0.00436623513605946,0.679911884632861,0.0526506250356561,0.516103776355665,0.013173238328413,0.808691243240681,0.0805771509759976,0.51050468767576,0.0055234269635497
70,50.5,29.011491975882,0.667502690994053,0.0543377071349353,0.503713135065972,0.00359726496614538,0.650857231385195,0.0443463702246802,0.504546978550765,0.00705572557276427,0.815600030222043,0.0832984961050008,0.526923558625973,0.0155746946365759,0.631241723632252,0.0416082440901931,0.506978657822363,0.00317613900504753,0.679162886405028,0.0526553007608711,0.511023506572591,0.00792287159409402,0.812281746113189,0.0796344166797631,0.512337432958839,0.00838872703186446
71,50.5,29.011491975882,0.6708034008476,0.0542202740756268,0.501264040415064,0.000817964455198924,0.651256953341577,0.0443522803208648,0.508424580734907,0.0109546464555458,0.815031312534807,0.0840532128976436,0.525695915858918,0.013844127514294,0.631718251133539,0.0402619382206209,0.50909268755229,0.00523590599357293,0.677307776596133,0.0525699396968717,0.510807104010056,0.00759577608884914,0.811750448797105,0.0792321727203033,0.511631035724705,0.00789997219134994
72,50.5,29.011491975882,0.671594535214295,0.0524056944371415,0.501695402126337,0.0017597830135236,0.65146077421984,0.0443428136263218,0.507483501572125,0.0101736861491776,0.812747440353739,0.0876811795918673,0.525857608380425,0.0134839184365115,0.633558936891582,0.0392568244377165,0.506648660148472,0.00306724461815051,0.678641547406897,0.0541397476129761,0.510501212946124,0.00712295915191097,0.811550792024376,0.0794327334312422,0.512533239188741,0.00789741035112926
73,50.5,29.011491975882,0.672696258300103,0.0509080120507197,0.501604583719142,0.00143912742313708,0.651199784870463,0.0431675719769424,0.507771214201468,0.00959033107287138,0.810252176984929,0.0905045647915251,0.524693815492213,0.012104948139464,0.634177889164053,0.0379457455783448,0.506063848531825,0.00262347393185805,0.678680858213785,0.0543273599286938,0.509941344890978,0.00616830055210733,0.810217263824474,0.080946094470845,0.51198591127355,0.0077966924553562
74,50.5,29.011491975882,0.672135592616463,0.0492137942561664,0.501711886340586,0.00167921712721422,0.650133013523658,0.0422819445564766,0.508733931625548,0.0093157511796273,0.809317918563901,0.0921872402934516,0.523218958935304,0.0113302781526793,0.633843855807215,0.0367991556132516,0.506100804764496,0.00277075127451085,0.678142205289011,0.0537557376306099,0.509852554368477,0.00545100523158546,0.810190763547004,0.0819098352441935,0.511542193373336,0.00716126165476387
75,50.5,29.011491975882,0.672772631791058,0.0481977149030655,0.501577000750678,0.00100018066179123,0.649583639665212,0.0422998425849326,0.508684733086264,0.00890410405070713,0.80876906394167,0.0935470414014922,0.522146430164417,0.0104648186063917,0.63312657266195,0.0358193423505123,0.508099438879919,0.00433835489404793,0.678623266957345,0.0533872745686532,0.51003879419766,0.00576654944350528,0.81012984917317,0.0822739469585693,0.51118106303394,0.00640762145003302
76,50.5,29.011491975882,0.673242393520633,0.0475141570027079,0.50142528161245,0.000765677669827124,0.65007630668548,0.0426135484702488,0.508225018659788,0.00841603331169859,0.806629577219198,0.0936709412562027,0.521183818860448,0.0104204207992383,0.633558577786484,0.0363401608584423,0.505574654508734,0.00233518376456758,0.679729345022696,0.053377299415684,0.511914596903389,0.00731199201593483,0.807729527465996,0.0835400671237082,0.510970715687957,0.00600553203906945
77,50.5,29.011491975882,0.671302352650337,0.0481809077278774,0.503605761658815,0.00364886115953402,0.64918884855793,0.0427730461304941,0.508529864157951,0.0100344688963368,0.808001436084131,0.0933119747424561,0.521067085369073,0.00920506980862369,0.63275608041784,0.0370039743579852,0.505273929889237,0.00208709559005111,0.679281861343254,0.0533855545529205,0.511204839144164,0.00739999601629513,0.807448728602919,0.0854137720006373,0.510850541356,0.00587543498947582
78,50.5,29.011491975882,0.672014625227276,0.0503609917586171,0.501617340962124,0.000966047377307878,0.64933881420885,0.0440400824761589,0.506869688856656,0.00740069894714696,0.806201801750834,0.0951694131928716,0.525082607683532,0.0135262920964153,0.630145611995884,0.0377026909374895,0.510088347542159,0.00495363381896632,0.67790220617162,0.0546350520811584,0.509076937491258,0.00671715905328798,0.806312422761593,0.0859500665567958,0.510350249947271,0.00570391725836301
79,50.5,29.011491975882,0.670376440112095,0.0518657090393794,0.503916483446809,0.00379945699155778,0.648073202760491,0.0447473725072611,0.506509490570226,0.0069284677783301,0.806921334011901,0.0938494452498475,0.523774877805198,0.0134995335132694,0.63135523225677,0.0392796660029232,0.505060364537368,0.00210006864872403,0.679477629672648,0.056362212038724,0.513103647185498,0.00843900433826647,0.808117327190002,0.0857433451317121,0.509934603111534,0.00526332018771007
80,50.5,29.011491975882,0.672200195440827,0.0531522064434121,0.501734557233198,0.00100677454216133,0.647748509897087,0.0456511729969514,0.506121322664143,0.00667104485281047,0.806876349721914,0.0920142309676611,0.527276330286215,0.0133802439673411,0.630840191784488,0.0399541541496023,0.505000052691425,0.00259636005678431,0.67784059831572,0.056974388246785,0.512962964800297,0.00821952066204776,0.806748119508737,0.0833796102057977,0.509670767695856,0.00497950538541457
81,50.5,29.011491975882,0.672040566210158,0.0537978886981558,0.501577523008948,0.000894313346003917,0.647358354145448,0.046906602359353,0.505884701154713,0.00655699306361507,0.807287174120415,0.0891843212154122,0.525708475002513,0.0123000848593028,0.630703320268743,0.0409784204935596,0.504775807363886,0.00178082781718954,0.678308423218976,0.0589925387132351,0.512546666667013,0.00774364450667107,0.804894031051995,0.0810398655113947,0.509422434049138,0.00426290847062199
82,50.5,29.011491975882,0.669654217206766,0.0543529299436262,0.504286030267769,0.00456687896397347,0.646687925418871,0.0485679968398432,0.504926322918271,0.0057858743725227,0.807220309784855,0.0901488150718806,0.525460658923799,0.0110305218482348,0.629204392558011,0.0417396860451296,0.504601487045033,0.00213194893577923,0.679270614366332,0.0607731456683273,0.516445703475919,0.0123243519127673,0.798992619922686,0.08002679771928,0.508917564620241,0.00375043552144097
83,50.5,29.011491975882,0.669871798335804,0.0552877109904366,0.504072397097876,0.0042509118507262,0.646688612390847,0.0500093557977807,0.51192118895149,0.0131829966890179,0.806690917696678,0.0899288965175536,0.522938286272377,0.0105902903639402,0.628885150234314,0.0424313766446842,0.505064723458138,0.00246608381443989,0.678434671470662,0.0617595125968116,0.516737351422576,0.0122047419793997,0.798327885990078,0.0808065658095597,0.508606221725101,0.00367308636061536
84,50.5,29.011491975882,0.669533594470275,0.055459973570212,0.501722829010117,0.0012731465728972,0.646493660418076,0.0519006800175782,0.509938839658869,0.0107037737525657,0.805883152583807,0.0901090998576153,0.525231755719819,0.0136296141072718,0.629034599278958,0.0424566121298812,0.505793923969039,0.00381732481882593,0.67643680784179,0.0629967814947812,0.511777823063955,0.00721828369993879,0.803225903903529,0.0816469238051121,0.508630027284781,0.00342790047160536
85,50.5,29.011491975882,0.667246143013206,0.054375283223372,0.503948633245422,0.00372276434159638,0.644127267817887,0.0527064377200685,0.509463178802425,0.0102921726081484,0.805282306736272,0.089378649056734,0.525119141262196,0.0126790172464505,0.628064126111,0.042126521116506,0.505784414772632,0.0035845205392841,0.674725349280884,0.0646202807121403,0.511146333598526,0.00734034152416635,0.80311185977491,0.0811036866012003,0.50828782574965,0.00311733994414296
86,50.5,29.011491975882,0.667599221753267,0.0541731220295546,0.501559563057036,0.00125014986038389,0.643964112522312,0.0538114861284464,0.513086261322097,0.011442460333243,0.805779414381212,0.0895505825825306,0.522885611214614,0.0114896388987112,0.627434729269343,0.0419790601792002,0.505800795670982,0.00452081492104226,0.672980321974432,0.0653258471793287,0.510826058031566,0.00707615340620654,0.80374344699062,0.0806815036650625,0.507941614888789,0.00293983772558168
87,50.5,29.011491975882,0.669533913230089,0.0549629125015297,0.501415664958545,0.00124678388945208,0.641728408480929,0.054364180211457,0.513443575296059,0.00975846927023077,0.797186589182577,0.0884809608280544,0.531866067866035,0.0225534855946608,0.627626356312123,0.0421406459440681,0.505410322878547,0.00334844431168076,0.672256174106091,0.0668286532579859,0.51049035254832,0.00635760134248883,0.805358718586227,0.0802594855113864,0.507802387530524,0.00304387894253878
88,50.5,29.011491975882,0.667122277136033,0.0553607715495805,0.502013134901188,0.00223794244371065,0.642207193186351,0.0558851474211142,0.512536887866928,0.00896634471277571,0.809757195221433,0.0879202448194923,0.521634449842233,0.0101436323432092,0.626717228834859,0.042968339005357,0.505411683809323,0.00329235827005142,0.672021244548033,0.0683949865162298,0.51490614781888,0.0115309181253626,0.795829154937902,0.0765959548324966,0.512129593633536,0.00957331990127188
89,50.5,29.011491975882,0.66708533774377,0.0563307919275952,0.502061113811965,0.00230130821327376,0.641749036585229,0.0568787590932416,0.51203372224097,0.00865388608646256,0.809184674724622,0.0888596707094959,0.520636597376169,0.00941797709314791,0.626406586334419,0.0434094015305222,0.506889066183562,0.00391554193099545,0.671224586445487,0.0696463286658867,0.509724180477182,0.00582804494278729,0.807483201560903,0.0808888166333719,0.507457423180019,0.0035071735454458
90,50.5,29.011491975882,0.66453454738102,0.0562465736801904,0.501950110217634,0.00217671846948935,0.642801481834925,0.0581865279010594,0.521472345079499,0.0228355500237593,0.796944361483971,0.0880650936341368,0.520314513565108,0.0087266831957635,0.62805783487953,0.0437290562406196,0.506447919934533,0.00365583433880966,0.671807250014613,0.0708246988232835,0.509726338115197,0.00676337087683932,0.806863838379334,0.0826026361731981,0.507624767707098,0.00438506783425681
91,50.5,29.011491975882,0.664346465871705,0.0573603893129878,0.502536331702066,0.0022608324600743,0.642838419838275,0.0586515701525152,0.510460468614545,0.0078503678297363,0.807124545372493,0.0911144973999257,0.519503785057981,0.00814292024223394,0.62756477941149,0.0443037923800753,0.506174472617245,0.00353069931583394,0.673489885907713,0.0717075964899622,0.508566026445309,0.00546285008066136,0.806110349382426,0.0846139146188103,0.507481404700653,0.00363879473301246
92,50.5,29.011491975882,0.662702167655726,0.0574245115216,0.502647410810671,0.00245847423620601,0.643818097664371,0.0573450771284179,0.510105318089649,0.00795267613355216,0.80540572431114,0.0919163532255919,0.518725890798261,0.00768199399160591,0.627075027968785,0.044849750741821,0.508047033926004,0.00622981932238541,0.673960536107687,0.0699376780115617,0.508786240024553,0.00552338583774257,0.80565902661195,0.0840807561790099,0.506758971124881,0.0032370890099839
93,50.5,29.011491975882,0.661921488101782,0.0579552397245128,0.502423781570008,0.001937833477619,0.645069615489774,0.0547021551264801,0.510710489769572,0.00852344267910235,0.804542286869888,0.0924251430244286,0.518337391602742,0.00814724749462613,0.628412459138044,0.0466179184090193,0.505860645083442,0.00319317819715926,0.676962234105977,0.0672249266574961,0.508628521215194,0.00665738524535055,0.804582574547316,0.0841646180078129,0.50871205240512,0.00573100657115147
94,50.5,29.011491975882,0.660738339460665,0.0592075802210975,0.50440967881505,0.00471317008014246,0.644769052328908,0.0514526944725398,0.510137731770364,0.00781453051335326,0.802073383608754,0.0913652594878894,0.518889684687492,0.00782212137824073,0.628687511967112,0.0476856591297542,0.505453117255548,0.00280314588979114,0.679084138121872,0.063092339798319,0.507565168949136,0.00501385433364076,0.803173508517219,0.0845701531975993,0.508898222430509,0.00623627917700806
95,50.5,29.011491975882,0.662566887333156,0.0615897081409783,0.502443499301452,0.00215771528317966,0.646159995993734,0.0477550134546617,0.512600267711079,0.0119228944696214,0.787044438156103,0.0909468006141301,0.527021329355802,0.0212366872333283,0.628772987726954,0.0496058107992417,0.50776569290026,0.00417212617009986,0.679744740245452,0.0584537975708769,0.507894275750115,0.0058026835929636,0.800527981441584,0.0870544465170418,0.508724113044377,0.00627977426477127
96,50.5,29.011491975882,0.661023553565071,0.0625053948441738,0.502830928681688,0.00242254666217944,0.648173647868487,0.0448517256026583,0.511909065300667,0.0113579720513147,0.796182982393558,0.0951112929919486,0.516911193849734,0.00679997387075052,0.629491290241695,0.0513229465164979,0.505584179594649,0.0026602528192076,0.681917818612984,0.0547807980186191,0.509578999474126,0.00659380718464109,0.798463604244012,0.0898248124938919,0.508869844728702,0.00583058735088401
97,50.5,29.011491975882,0.660961365822512,0.0632652589831211,0.502722775823483,0.00227996138260424,0.648335837355554,0.0433635326092317,0.510950553827522,0.0105262697870563,0.79667578919574,0.0976531514034605,0.515792080250592,0.006597027715229,0.629037696889223,0.051664143409595,0.505472161949373,0.00288029901390836,0.682491257884255,0.0533062045540178,0.513985752240354,0.00881732152640394,0.79321651883677,0.0929109711373667,0.509367231192658,0.00529707809911954
98,50.5,29.011491975882,0.662433273817804,0.0648518224950441,0.50461956753052,0.00506559274896871,0.646494588643241,0.0432203519434955,0.509890277154403,0.00978288603452429,0.789674539721202,0.0981906309932882,0.525263267132486,0.0193289412927237,0.630470239931591,0.0527599350522704,0.506080675114161,0.00254156162563986,0.681854756217687,0.0516368349356557,0.509519827216122,0.00530946750938151,0.79777574757945,0.0963655714418532,0.508937609811632,0.00491108405866079
99,50.5,29.011491975882,0.662770854847522,0.0648758986777062,0.505022461025535,0.00427093944188794,0.64523468888361,0.0434303998468089,0.50716692354965,0.00620396237215935,0.79802396711744,0.0998921980653991,0.520898943116518,0.0120674680929582,0.630790665535407,0.0526639313935964,0.50571398988569,0.00234091246882235,0.680205474994567,0.0521331317696401,0.509052535713451,0.00508472981784268,0.798208408675549,0.0982862439481114,0.508556458681084,0.00495163319607929
100,50.5,29.011491975882,0.663707149622478,0.0650053758945026,0.503180714095825,0.00264063526461,0.644451418330648,0.0447109124487241,0.511366874853469,0.0121948832508225,0.798448231484827,0.103019094038583,0.518233117730306,0.0110575382437682,0.630938504734765,0.0517533960043211,0.50584219054732,0.00250229448579368,0.678019068116592,0.0543993403628722,0.508853404811828,0.00578182986558355,0.796729351794562,0.0999942505203839,0.508865389095607,0.00599125684167336
101,50.5,29.011491975882,0.664504043650505,0.0653849714509643,0.506863332522016,0.00714707694816567,0.641150537546196,0.0469037494123668,0.50662313863644,0.00672365753792498,0.798384657295954,0.101559717412224,0.519007022924121,0.0123148266623401,0.63193668462074,0.0516358669594143,0.506117585257301,0.00282707660609805,0.676226151297204,0.0589463424970134,0.50837367069011,0.00576818755150888,0.798474037345785,0.100378778014676,0.508079969285724,0.00475127275928912
102,50.5,29.011491975882,0.666360135591507,0.0652534836192556,0.502689032275675,0.00211256292274246,0.641913176357352,0.0505536066546973,0.512352942637966,0.013989996560568,0.798988252291365,0.105346246623387,0.520276909760486,0.0138750267104749,0.630355088100485,0.0501432627016363,0.507522978458613,0.00380063893198512,0.675197751898481,0.0627191568754717,0.513523094997509,0.0100872943575146,0.794394598188099,0.0997610194483415,0.507880095320852,0.00459780869391823
103,50.5,29.011491975882,0.667427026960641,0.0636733447510056,0.502757792548565,0.00248022340463501,0.641501025873104,0.052178914641872,0.511871054567171,0.0135746074911602,0.800570446094041,0.106091383622453,0.519554768970376,0.0131176061573952,0.633714730275025,0.0500040574108456,0.506224364492478,0.00320493684563987,0.674112122460865,0.0641762736788196,0.510214103434355,0.00824236902704034,0.798594581739377,0.100422660162898,0.507689672846893,0.00427513146476633
104,50.5,29.011491975882,0.666288111672947,0.06174619944614,0.504826992059793,0.00389787117491898,0.64172927992828,0.0537279642649953,0.511878565538331,0.0147653517106515,0.800022027777653,0.105279129935622,0.51742945644742,0.0102156819371472,0.634179388334408,0.0485954603429342,0.508115057184804,0.00482167736560365,0.672418629012331,0.0636963587764307,0.50964927358167,0.00705992613451073,0.79767107906559,0.0992745821717396,0.507780852171849,0.00458616062754615
105,50.5,29.011491975882,0.666798635522568,0.0610554291249577,0.502798930371698,0.00234334692808166,0.641553598089171,0.0532640239551255,0.511121776612064,0.0128729670749469,0.800374562886301,0.107067027346303,0.521038910498067,0.0157907761530194,0.634239633591773,0.0476472433204338,0.506048069794922,0.00303644109376383,0.673348963560352,0.0630331689018777,0.509246138167988,0.00691088392801508,0.797071419829972,0.0978037039993514,0.50893313891097,0.00587608840456648
106,50.5,29.011491975882,0.665636096318696,0.0593406378654073,0.50247863830248,0.00171799252986423,0.640952573616156,0.0522442681402586,0.51111396368236,0.0122980271823359,0.801113520916254,0.109189619393812,0.519682091710666,0.0146412423804463,0.630084579555435,0.0451882356926419,0.509669670900807,0.00478816974292728,0.672049264752596,0.0603135076527565,0.513946593674991,0.00994929353336743,0.792346786353422,0.0980747849581727,0.508411826676334,0.00544441152754936
107,50.5,29.011491975882,0.665011813839232,0.0586076627247472,0.504567004970778,0.003794675851745,0.638286414956777,0.0508229194106111,0.506216979247929,0.00737499701467662,0.797374703762277,0.113473492015397,0.520095142287655,0.0158959964731346,0.63052941638686,0.0447304237058136,0.506333021434703,0.00411667402636114,0.672817009214322,0.0590133240824779,0.516739899890096,0.0147621348468665,0.790758539527901,0.0989060247485559,0.507996659782774,0.00471518371313874
108,50.5,29.011491975882,0.664751433665615,0.057965473782404,0.502200781917769,0.00148662928620853,0.638316569897365,0.0505895261802495,0.512407623539344,0.014690955183795,0.794118894270657,0.116339260073721,0.519302251919285,0.0137120679326432,0.631060575449428,0.0438095855616015,0.505937138730909,0.00356134400838315,0.671923750889667,0.0582934135889471,0.516072979258001,0.0136359483622686,0.790487195391047,0.10244555356451,0.507678765207479,0.00468892645172893
109,50.5,29.011491975882,0.664252740696625,0.0573631100592159,0.502402794701441,0.00155715104163127,0.638131144741504,0.0504139389380131,0.511609396150854,0.0139689219883523,0.794602595231802,0.119341986296143,0.518003579639705,0.0123272276060026,0.632065660733969,0.0429880672876717,0.508559966567711,0.00556767162333752,0.669336339614629,0.0576991370850812,0.510815142972154,0.00786364034045125,0.788697108940458,0.103424961936195,0.512752165026439,0.0106055714543676
110,50.5,29.011491975882,0.665191005957583,0.0558318381602637,0.502297399912827,0.00128206662422263,0.637597990935113,0.0502142202339963,0.511705034779632,0.0129313645161921,0.795121948293144,0.12029376622838,0.517394939791724,0.0113375850476635,0.632664496382906,0.0421484092103874,0.506577307186725,0.00347342961720661,0.67166881088766,0.0583832156624507,0.512636822779045,0.00850632782821047,0.792793387435538,0.106424175565387,0.507708601810287,0.00403138899010829
111,50.5,29.011491975882,0.666785891462788,0.0536058090630065,0.502475779237392,0.00200634207571892,0.637895657617155,0.050254196615653,0.511011283287913,0.0121805275975565,0.796100308396466,0.121107701204385,0.516614897843989,0.010856058583186,0.634561087986316,0.0410710550930313,0.506565605837629,0.00355923134967472,0.671473192050021,0.0590646993868861,0.511660504463479,0.00716736267114694,0.793416005032033,0.107602533751797,0.507458677001718,0.00379241279425912
112,50.5,29.011491975882,0.667971348129269,0.0517673870643008,0.50227162942156,0.00158919037263758,0.637680779944223,0.049928862148963,0.510484935589996,0.0116096660422721,0.798466986753485,0.119380316443885,0.516787524830387,0.0102745399461284,0.634705564147924,0.0400961694480374,0.508389278840853,0.00575028491108554,0.669796470137006,0.0596241566663693,0.511530777901271,0.00701020442123091,0.794629677825223,0.105451754293185,0.507926862822396,0.00357836611552245
113,50.5,29.011491975882,0.66617209149376,0.0490375779222457,0.506120536341555,0.00507150727834437,0.636382913888894,0.0490039051631672,0.5104635357297,0.0109404602731243,0.79912097393263,0.116751865245144,0.516191445600709,0.00958196083501158,0.635091667919233,0.0390895334656009,0.508089589946122,0.00527455829043541,0.669869783569795,0.0603379302508833,0.510281454327345,0.00712398372306912,0.795077607313386,0.103861101929857,0.509569042854892,0.00555686638414597
114,50.5,29.011491975882,0.668957560278581,0.048254818631162,0.501991369855803,0.00143309549955973,0.639947931390039,0.049086188533723,0.514124906196892,0.0130998909911164,0.800650241052347,0.112416254336921,0.519706340781453,0.0133538206325112,0.635229965979325,0.0380977681991177,0.508081760627399,0.00513649173697708,0.670875936255324,0.0602497747850403,0.511720935473395,0.00773177432917067,0.795077877380619,0.101549920379335,0.509414795421846,0.00489124414259342
115,50.5,29.011491975882,0.669033066695306,0.0468821262261631,0.501932180398852,0.00116833060426803,0.641068072758532,0.0484932353904682,0.512908839644234,0.0125525322445883,0.799577460548187,0.110943351123964,0.51913514127224,0.0127064311718426,0.636064437064265,0.0375145544041319,0.505840578625882,0.00292777685753713,0.672999000144484,0.0602583871137318,0.511673177461315,0.00776365982488794,0.792826944899056,0.102154862991743,0.511075052471352,0.00565055450177318
116,50.5,29.011491975882,0.669090862699735,0.0455485655041845,0.501866786173949,0.00133308704015047,0.642161328426982,0.0480024090721842,0.512247891057864,0.0119585459428614,0.800303995218397,0.110636133091044,0.518180400182638,0.0118694508137659,0.635893201195166,0.0367683829556019,0.505563641098268,0.00266940538051132,0.675871610878923,0.0604696227722615,0.510818904080107,0.00706309276407585,0.792559094828892,0.103642842787579,0.510854297516121,0.00522882969440928
117,50.5,29.011491975882,0.669427782060672,0.0445451992538049,0.501760969427159,0.00102364174598201,0.642004738917685,0.0475934252288999,0.512126349803792,0.0109415365605547,0.800687558094702,0.111099185926705,0.517446882675051,0.0112277872044747,0.635095116345606,0.0359963125523576,0.509331986086955,0.00520728136165245,0.673341780438895,0.0592746281654156,0.508556435573726,0.00526163983027147,0.793403179361606,0.105773501923824,0.510225281625137,0.00553821794575752
118,50.5,29.011491975882,0.669245663110041,0.043891862833677,0.50160865238536,0.000767480688970342,0.642145673418874,0.0478648776414268,0.511536552126025,0.00986925120636035,0.801155569308161,0.111982972959202,0.517598208680741,0.0102805074885649,0.635081544926695,0.0357592019856337,0.506431275039942,0.00363791604274469,0.67443795225197,0.0599436051276154,0.512852778634672,0.00888993311411156,0.790009275467251,0.105706204782903,0.513518304516061,0.00715051174804172
119,50.5,29.011491975882,0.669442311364102,0.0432137528765459,0.501912188635163,0.00175954065902702,0.641867735385226,0.048274910082592,0.510680576700144,0.00913289190251887,0.800180201153018,0.111748271039459,0.516816112946968,0.00978648317347152,0.636065866897271,0.0353651710727476,0.505621057805879,0.0029020135026604,0.674890059551766,0.0609415824571539,0.510114914362994,0.00704226401192588,0.793539592712786,0.107500310255455,0.512809081575017,0.00679544317733797
120,50.5,29.011491975882,0.671370617439151,0.0432388675798911,0.501701381190643,0.00106673707896296,0.642245637045918,0.0492506935313195,0.51003989751602,0.00889848809847429,0.801414236256471,0.107411948789133,0.51633550647307,0.00958430116096739,0.636030759217125,0.0352951867240264,0.505244956320256,0.00258045762509075,0.674781272936273,0.0621428324335598,0.509086400003034,0.00561102527704838,0.793535439957441,0.105172440275852,0.512015243268271,0.00660716697179975
121,50.5,29.011491975882,0.670947026795943,0.0426818927631093,0.503641344125618,0.00405079818867215,0.641494989285964,0.0502773748224691,0.507273199960506,0.00803372011880431,0.801280359883905,0.104627949182852,0.515848740081308,0.00914602230317277,0.636243284939771,0.0351956695730718,0.505328464464488,0.00294320780130843,0.674955868327586,0.062700698925687,0.508720689302065,0.00533905662785839,0.793346239257527,0.102656663676716,0.511257754944756,0.00606819951374478
122,50.5,29.011491975882,0.669920520259071,0.043739022673448,0.504017057861296,0.00441300396713853,0.642367553416648,0.0511120982519728,0.512733517809188,0.0136621878865864,0.798666587351798,0.102072270639442,0.515748385543284,0.00970965217700163,0.633443121029576,0.0358696358683921,0.507323510336859,0.00440166110229646,0.674879349368461,0.0631121104142805,0.512205515069388,0.0117962878242951,0.788456437320846,0.097310313537438,0.511117182064069,0.00612176907955482
123,50.5,29.011491975882,0.670907778830621,0.0465001511363977,0.502315085687456,0.00284758668162321,0.64334967940336,0.0520652062140518,0.511348387578029,0.0110612801904479,0.799147461639569,0.097994785629003,0.518239117091067,0.0121008889319893,0.635134504229722,0.0375362436345192,0.505581711401725,0.00363136396427475,0.674334787383303,0.0636700048849139,0.509631763309926,0.00514066010411941,0.792803294081141,0.0957600604471208,0.510200505783939,0.00519696073063934
124,50.5,29.011491975882,0.670133211964921,0.0487973218029602,0.502018209059367,0.00149744917580245,0.643227000964858,0.0535324184993138,0.510761522285622,0.0105695742886792,0.79790480553992,0.095630314599397,0.518860754893603,0.0124938955636408,0.632778941349209,0.0383455005934376,0.505188246272397,0.00371236601089254,0.674418925708908,0.0659556131059835,0.514547304872,0.0086398751334546,0.788081438148063,0.0914891009258927,0.50982654381891,0.00480985689079554
125,50.5,29.011491975882,0.670531509354968,0.0506597556313084,0.502105569475767,0.00189671176876727,0.642715132604737,0.0548154222733292,0.510034113859372,0.00987643094822217,0.796867805317589,0.0932774137709202,0.518625890160888,0.0128179556526014,0.631652728723443,0.0399033376082605,0.507978855743808,0.00530325788602174,0.672267624942723,0.0676050568384891,0.514398349185832,0.00871977630997731,0.788316747693994,0.0876203046224535,0.509592536236001,0.0047569123300621
126,50.5,29.011491975882,0.66943361975225,0.0525284312563997,0.502109188665702,0.00151491053567564,0.642810676100968,0.0559168881564224,0.510008849702628,0.00944673487959417,0.797625079267168,0.0914179164642898,0.518399133696471,0.0129703382901306,0.633237861009239,0.0419982361840491,0.508944274660314,0.00436681447717886,0.670932199453064,0.0679876049253762,0.50931966889147,0.00785120191381831,0.79161612385495,0.086050469507243,0.509248690431392,0.00472872977294771
127,50.5,29.011491975882,0.669303262557867,0.0540308418775643,0.504355458982651,0.00423621461822919,0.641536267819273,0.0565497486817535,0.50544479057561,0.00568643441973393,0.797152509019049,0.0893226928637763,0.519281077277091,0.0134329687585149,0.632132808442792,0.0424066327684554,0.5103733136441,0.00668890245728056,0.670493391857828,0.068601420545871,0.509844373988411,0.00623624028659715,0.794695023377667,0.083806285145279,0.508159455809186,0.00380344266448054
128,50.5,29.011491975882,0.671348443659888,0.0547338024638081,0.501914949529603,0.00183224263214977,0.642180817928391,0.0577978857039669,0.511038195262783,0.0123745174292104,0.796242630323632,0.0875807171511995,0.517620701331075,0.0124443160199671,0.633871872701594,0.0425518475866679,0.507976613867941,0.0060571433906773,0.67022311861211,0.068995907583331,0.513382887381301,0.00782036196573065,0.788363159844047,0.0815662419029574,0.513824304005803,0.0114685231845613
129,50.5,29.011491975882,0.671654017613109,0.0548621769496002,0.50179096184083,0.0015026945477187,0.641708949613867,0.0577877186633439,0.510510445427147,0.0120130765126683,0.795876647360941,0.0866906745731152,0.516692393579627,0.0109759913672028,0.634377770098795,0.0426350679803517,0.506585690237474,0.00417641136820686,0.672344578016809,0.0701041566643179,0.514515968532469,0.00878289569692587,0.79231772296453,0.0836874522185185,0.508102628550888,0.00441476065419879
130,50.5,29.011491975882,0.671937469086398,0.0549705811465858,0.501748445523085,0.00129071652254208,0.642632278918682,0.0576516905695252,0.51020392431358,0.0116767461490376,0.796588381918154,0.0855726023098197,0.516093077026793,0.0104004842869987,0.634175545116162,0.0425625080354133,0.510175456575004,0.00958927633011711,0.669714287577633,0.0683009667115294,0.512265161262905,0.00835759542089964,0.79404713487059,0.0828076351394942,0.508280648155291,0.00396593379028052
131,50.5,29.011491975882,0.670498392935727,0.0541908811845656,0.503670243161116,0.00345555361146025,0.642432889263183,0.0570247859045539,0.509459951856754,0.0109132868386365,0.798564116597423,0.0845186123377926,0.516202685523081,0.0102754899608117,0.636796182648858,0.0428862544530021,0.506359837168245,0.00397957308189845,0.671990289233434,0.0681531244400407,0.515582761719691,0.00982301610637817,0.788863670743021,0.0800319507723505,0.513121693830187,0.00887748543236354
132,50.5,29.011491975882,0.670875007509243,0.0543029106904198,0.501586779382924,0.000605156661324598,0.643559082602363,0.0560882082386758,0.509467396031515,0.0106214222476275,0.79720057561142,0.0795980422099657,0.521731055943051,0.0131201147013501,0.634030499288881,0.0419639149395372,0.507273914992104,0.0044148170614162,0.674392694644641,0.0672827298919104,0.519927966897679,0.0159550263753609,0.788811898152144,0.0764839111831294,0.508973519943552,0.00486638389349828
133,50.5,29.011491975882,0.668890913622259,0.0541777875193319,0.503972187160171,0.0040136987121793,0.643405376062751,0.0545310095899297,0.50962970356804,0.00960044552422156,0.796097698299176,0.0765872902550824,0.52210749531988,0.0144182210544514,0.633085214170254,0.0414752312241887,0.510499098134577,0.00777056371494314,0.674019624380413,0.0646518163220166,0.519120590915333,0.0127075507542986,0.789537608224775,0.0736091630897059,0.508795347009109,0.00488950698180087
134,50.5,29.011491975882,0.66923172490804,0.053574979129734,0.501682305817257,0.000580612386403098,0.646232235333827,0.053422073163483,0.511666495981338,0.0131670518433172,0.797801503469,0.0734645311685352,0.519955433681651,0.011637023139602,0.635399797387827,0.0420747401463588,0.508696346998533,0.00478479070909245,0.676326678804005,0.0625976611814011,0.516147850631648,0.0111385058937534,0.796047602089544,0.0722092754485967,0.508422165036973,0.00442113649094357
135,50.5,29.011491975882,0.669026513193284,0.0535207492382205,0.501811842267487,0.00136915313819039,0.647069336969822,0.0516826759188609,0.510947278891819,0.0124543666918143,0.797588637690676,0.0733507847196688,0.519005864607092,0.0119918231591814,0.632762607188016,0.0411841080274024,0.508054852918757,0.00437179477920178,0.680400231608337,0.0608296971692479,0.523787920883151,0.0163588674095265,0.789514274267075,0.0696924643136521,0.50801378171964,0.00406949672001188
136,50.5,29.011491975882,0.668252328788373,0.0536386303626937,0.501698931440086,0.00140982354207495,0.647583526241196,0.049578497296256,0.510174505253582,0.0119662089182575,0.797904662655863,0.0722311071603328,0.519001905981597,0.0102610695045245,0.636230310495299,0.0416574813866918,0.509051936218421,0.00398365777760058,0.677797242762895,0.0581282067149848,0.51363252878395,0.00927387372150398,0.793053811565233,0.067564491446623,0.513081460824375,0.0111514029339321
137,50.5,29.011491975882,0.667538228656314,0.0532732629399433,0.50173830067847,0.00133316589757989,0.651269758600042,0.0476535953295673,0.510013644023167,0.0120264510501286,0.797884831190183,0.0725822222640703,0.518897907372661,0.00991554610304724,0.634756375176626,0.040475540019176,0.509497720165591,0.0046497016718499,0.680474736038644,0.0567026038836468,0.51340605893259,0.00922487444443275,0.799629728496692,0.0696713613849124,0.508255907160195,0.00359550400625319
138,50.5,29.011491975882,0.66806307148652,0.0520059336789047,0.501571068489306,0.000792733918742719,0.651750942949374,0.0468357675362975,0.509614885841247,0.011261194176694,0.797605477337511,0.0728420704958599,0.517633985762982,0.00848930171498786,0.634965592933318,0.039698600968223,0.509120869749541,0.00422978548362077,0.682057668509391,0.0559327839820851,0.512753625377234,0.00812040369404725,0.799870890424664,0.0699600418447853,0.507702014911255,0.00339445039787702
139,50.5,29.011491975882,0.669647418459687,0.0511287546749921,0.501720857856512,0.00144319006273684,0.65127131983697,0.0447741192053339,0.508505150502243,0.0102061860151215,0.786359308173429,0.0737255019122095,0.526822320049263,0.0191560856209098,0.635053059423477,0.0387637982352275,0.509003891097404,0.00408952095705559,0.682924712064041,0.0539121125504394,0.512001795727192,0.00738909454892123,0.800369611930755,0.0714983522664722,0.507600995129423,0.00329601967792686
140,50.5,29.011491975882,0.668664787885459,0.0484984258229992,0.502305512412251,0.00226068768581694,0.652845576204734,0.0450797892522377,0.508210016018286,0.0100199913764683,0.796662501102458,0.076916092796208,0.517617998636986,0.0100639909446532,0.636219851101328,0.0379962869725495,0.508567880965411,0.00362396270174038,0.683615271251019,0.0529498953550763,0.511622758469314,0.00711492281593884,0.80112239507538,0.0731851015592893,0.507988690544053,0.00324379298992823
141,50.5,29.011491975882,0.669731579347856,0.0471646741307999,0.50215190883232,0.00184879009394747,0.652892526780047,0.044689773418564,0.507762214925642,0.0101357323378024,0.797623750230534,0.0786145860647491,0.516316281567058,0.00746592652653144,0.635136815482616,0.0372187097205133,0.510524915417546,0.00623499525481736,0.682968949150236,0.0514857637860687,0.511935678327389,0.00796972029438392,0.801466663535689,0.0745999065919973,0.507960465115185,0.00313169827807513
142,50.5,29.011491975882,0.6715986674504,0.0464613078978258,0.502130764362849,0.00216619581620507,0.65146120530231,0.0437252894633754,0.507519653965088,0.00920275707117156,0.787524617294086,0.0772690039752824,0.527453985441989,0.0199784894331802,0.637123044088447,0.0368812336595536,0.507506142413418,0.00338105442018293,0.685015495829298,0.050797930343642,0.512481306304035,0.00869685421887587,0.80246971844687,0.0756624295382461,0.507311233285595,0.00280467527802745
143,50.5,29.011491975882,0.669640128677051,0.0448122136588719,0.504838061047142,0.00398929929369851,0.653198439392217,0.0430886475568843,0.507789429638002,0.00915448712581728,0.800662393089424,0.0812870417207358,0.514667645553255,0.00596198121962759,0.637087627331708,0.0363149846700493,0.507095386733999,0.00306996951685288,0.685938826914936,0.0497849000910204,0.511926909332436,0.00840624985564529,0.80344641265925,0.0765177732014395,0.507331009519149,0.00263004249605279
144,50.5,29.011491975882,0.669722069372393,0.0448584781264564,0.502564197311896,0.0025500427889754,0.65390014703013,0.0426924710063025,0.511682997886197,0.0119256477331626,0.799789207376454,0.0821148255588132,0.514283706583604,0.00527877788017832,0.63621641308132,0.0358850615270539,0.507015154840381,0.00336304938881136,0.686617262091481,0.0491685286909269,0.510780613110681,0.00794982831995432,0.805418485447308,0.0771028406427408,0.50720822785144,0.00233970561521149
145,50.5,29.011491975882,0.668570094375279,0.0460572926064147,0.502538743253004,0.00251926691561163,0.654599065299196,0.0417564115227619,0.51069007500563,0.0112942306998816,0.800515301446012,0.0832441406581108,0.513794616876433,0.00476226127790362,0.635612694163944,0.0371001141208109,0.506360800895344,0.00313358981737725,0.686696678030188,0.0479401621947557,0.510736450964648,0.00816250334826906,0.800919269882273,0.0772579343743183,0.511758210160543,0.00780438317800597
146,50.5,29.011491975882,0.66707555146571,0.0478030975408728,0.502579905193287,0.0025800980413427,0.655268113105748,0.0407023135677115,0.510910386354743,0.010181609690168,0.802503228412855,0.0836227095759902,0.514309849975651,0.00488855213977634,0.632325212705685,0.037688313322122,0.510976592277531,0.0049455306236449,0.685097536072133,0.0458403348027273,0.510425897275007,0.00760718087327172,0.807046260694118,0.0797366845371513,0.506679068568376,0.00255844323477159
147,50.5,29.011491975882,0.668112082468902,0.049887378348978,0.502280734097937,0.00227975774055804,0.65537516649402,0.0392377471645462,0.510445156651976,0.00951337071562575,0.8042735463779,0.0837279052886755,0.514274404706323,0.00462910140149471,0.633034466677701,0.0383388420034585,0.506867135184066,0.00313046332023869,0.689417049474017,0.045296132515181,0.516883902944655,0.0110130489340944,0.802278489463749,0.078530843442674,0.508910595115765,0.00477746161414687
148,50.5,29.011491975882,0.667349695364719,0.0511990896314103,0.502363076750607,0.0024587016068998,0.655209470591482,0.0384643944240416,0.510481025025395,0.00824230962605071,0.806043805478071,0.0848838674122812,0.514435344406843,0.00560452602479121,0.633712175840703,0.0397837489900859,0.507104753420747,0.00378372975449318,0.689428104020976,0.0444010751120199,0.511072972122842,0.00980639089264389,0.807723915741128,0.0793676911155411,0.508416444448225,0.00435213873194572
149,50.5,29.011491975882,0.666671279083428,0.0517294468809987,0.502172182068917,0.00245519854871979,0.65467256517747,0.0381654389905584,0.509399082004101,0.00824480979822729,0.807143092680818,0.0837320351006717,0.51473519393933,0.0061937602389469,0.633762876262801,0.0403792182361651,0.508957306899708,0.00462405648486945,0.688349657394398,0.0438433486189203,0.509873289115797,0.00992265058840868,0.807991739637865,0.0787558476770177,0.508083844340678,0.00437023079549653
150,50.5,29.011491975882,0.664659040765085,0.0512305755318906,0.506724511693688,0.00537248736027998,0.651705489324547,0.0371846770054541,0.507053153407863,0.00724552341160589,0.809014903183725,0.0830718356884907,0.516438571052644,0.00738533480760333,0.63481645344699,0.0401299591945934,0.50592939721496,0.00228208568267748,0.689859258210757,0.0438314186474363,0.516737490727533,0.00988581277786818,0.800605714501212,0.0770959968433258,0.512082527791386,0.00776203371238939
151,50.5,29.011491975882,0.665670173489497,0.0511039962434931,0.504398060597263,0.00554323179945658,0.652657320406349,0.0376357933877732,0.517866360378176,0.0129328294738059,0.807612075546028,0.0830434082861738,0.515497576693159,0.00897347436464612,0.635102471419011,0.0399256970763308,0.509437536501321,0.00764944101580987,0.687753190620153,0.0436644063450187,0.510966443629842,0.00855005203991198,0.806843820781304,0.0788202116829042,0.507609124957352,0.00400568791104056
152,50.5,29.011491975882,0.666913484400761,0.0513963523184499,0.502010629397058,0.00166270075617063,0.653484791993679,0.0383852245703553,0.51579750836096,0.0112334722596492,0.808097290445501,0.085366327562024,0.51778799558772,0.0118376451304658,0.636220261008905,0.0399142085481268,0.509196268287437,0.0048688425687986,0.687576496985431,0.0440831572687094,0.510528182420155,0.00882827488174857,0.805393315233917,0.081045585004272,0.507538818886231,0.00371748515504158
153,50.5,29.011491975882,0.667549450361212,0.0522364598107261,0.502036876168236,0.00171891094808674,0.651965625184547,0.0377060001256758,0.514626706907427,0.00981786742798911,0.795508095384158,0.0861596540637957,0.528382544524209,0.0208900918921428,0.635541344988792,0.0400492072528282,0.510825802639436,0.0101370411179746,0.685880718739969,0.0440327529507349,0.511640384002361,0.00820369691638367,0.803971216135189,0.0841988747651679,0.50726503291627,0.00354699151590731
154,50.5,29.011491975882,0.664374650258114,0.0520426085430018,0.504734471598352,0.00470278964549839,0.651933954966589,0.0380239619920668,0.514884093201867,0.0103935568769153,0.806470091202642,0.0929509536899672,0.517661000156453,0.0107160343943529,0.634768043295952,0.0407416926851025,0.508652328084173,0.0042350129130631,0.68948628430238,0.0451745234952445,0.518322981406193,0.0134752290197264,0.798066348312443,0.086384010564879,0.50927929619317,0.00449245968522925
155,50.5,29.011491975882,0.665594172548131,0.0530509199654079,0.502725152012013,0.0022476695480974,0.653875354708583,0.0386398356724579,0.513689598185924,0.00934000170340592,0.804403981562304,0.0941581512661199,0.522896169363304,0.012321913309615,0.636138092502382,0.0416487858196047,0.509130674322116,0.00520770509831038,0.688225035778123,0.0454656984136479,0.514581014161761,0.00955506297226372,0.801056219426269,0.0876541214267742,0.509439442910466,0.00406030913334942
156,50.5,29.011491975882,0.665637245720467,0.0541736123396144,0.502607008772428,0.00191869963654107,0.653718999675264,0.0385094325085522,0.513175296761955,0.0091263688516763,0.802716516888462,0.0938230550248637,0.522762103221523,0.0121569273502191,0.635285070234265,0.0426643678465461,0.508498372458524,0.00653191666604927,0.689178301362007,0.0464024561230697,0.51689782376935,0.0156360447343644,0.797269722518319,0.08694018933482,0.510811504552123,0.00579772582017131
157,50.5,29.011491975882,0.666066492684154,0.0549276819736762,0.502742353793187,0.00198028724747751,0.652969242338137,0.0386726669115407,0.512633389868805,0.00844080498878788,0.803474271087252,0.0921483162125141,0.521339209690082,0.0109219372035989,0.636350773978953,0.04359713834286,0.509306524447251,0.00600790850120536,0.687510376211512,0.0466560864266196,0.511509650173322,0.00865242602399143,0.800887877958826,0.0874548799831331,0.510042517548362,0.00519398252070438
158,50.5,29.011491975882,0.665761480296457,0.0552124260497662,0.502542547253148,0.00175782124734126,0.652624260239925,0.0390634051786423,0.511881695215387,0.00787775806351123,0.802850877330657,0.0916227517169285,0.52131016786906,0.0106602256239334,0.634918223757032,0.0439170632846454,0.508611237111849,0.00566511785872921,0.688147131527862,0.0470303403782288,0.513335231642648,0.00981745239300515,0.802178173111545,0.0873335878257157,0.508387033491727,0.00528926288417885
159,50.5,29.011491975882,0.664505007452165,0.055495030725364,0.504699621708043,0.00453630384591348,0.651522526963396,0.0390632810031047,0.511624699063129,0.00798531298794879,0.803107898395174,0.0920792781655894,0.520568744600979,0.0110810769560419,0.634795791062836,0.0446606263984832,0.508438243478152,0.00568158157975398,0.68768471499432,0.0479196114578611,0.512464025556926,0.00945117007763182,0.801864967467743,0.087951736481388,0.511312095870516,0.00607481926537309
160,50.5,29.011491975882,0.665542036958503,0.0563586313837721,0.502425998458487,0.00177192332171375,0.653555868109389,0.0392592103869271,0.511041641724652,0.00675150701188139,0.803766273011665,0.0928285851004922,0.523826452369464,0.0158642685003273,0.635753870207912,0.0461225740230068,0.506224058973025,0.00310403802406581,0.690135595665899,0.0482782854012528,0.511938567769518,0.00899943080032054,0.804354265760933,0.086352116349074,0.51327158432675,0.00827648676573194
161,50.5,29.011491975882,0.664623197472108,0.0574045288111169,0.504478453582281,0.00440115474612905,0.65356580181626,0.0390634672886146,0.512533656405628,0.00902795382804848,0.803819234662821,0.0959078930803527,0.522923851437475,0.0160622062479703,0.634632096908877,0.0466625989357453,0.505963280524136,0.00277274821634409,0.690422506844957,0.0484782088710879,0.51145738380641,0.00848671572331053,0.806206536823652,0.0862081283789975,0.512698898652161,0.00758868601193405
162,50.5,29.011491975882,0.664865919489274,0.057577796639256,0.502310506160697,0.00153679578858394,0.65496673448587,0.0389621053883764,0.510872961045865,0.00678183731860637,0.805381211908034,0.0967017941429485,0.525136146475269,0.0186109312321285,0.632374514386744,0.0462978384537948,0.508124651973689,0.00416602198367,0.690006228135707,0.0478516662319084,0.511281443950171,0.00896249078261504,0.807568380446445,0.0861263890286015,0.511629558852043,0.00719846832109431
163,50.5,29.011491975882,0.663660699015556,0.0574100287023743,0.502295051770399,0.00178787265781472,0.654972354710892,0.0377998922148098,0.510337381553289,0.00667648186157514,0.805427365476863,0.0951244210378482,0.524339979476635,0.0171732394049512,0.632536414093659,0.0466266998719685,0.506012835535004,0.00312866126961309,0.691539831519599,0.0464303420149482,0.510832315237533,0.00857971944981472,0.809283850698828,0.0846058463515528,0.513199986584712,0.00685820226270626
164,50.5,29.011491975882,0.661397399392196,0.0571570495562081,0.506407830054264,0.00472612472675995,0.654468762289576,0.0362987146721483,0.509064857260603,0.0063506492751207,0.806634457181202,0.0985450276656313,0.523133965553752,0.0200359474205245,0.632897517204745,0.047059426875043,0.505724965720814,0.00307739503104207,0.69153330316763,0.0449785077608423,0.510138582709317,0.0073257218496329,0.810032363875622,0.0867579002106366,0.512668290930471,0.00634142445277395
165,50.5,29.011491975882,0.663478938765861,0.0577578999472474,0.502114596718902,0.00138286049646372,0.656622932261201,0.0359627680042289,0.516973453844527,0.0148794358547594,0.80752816585525,0.0979422151835228,0.522301242804705,0.0147388348874546,0.632695418263404,0.0473313993910566,0.505502877151623,0.00298926753851965,0.691980233458614,0.043612346940115,0.509757697731274,0.00702353024933545,0.809887428652477,0.0866821803314073,0.512212891939897,0.0059553434656755
166,50.5,29.011491975882,0.663423454382606,0.0570965969790187,0.502022465304602,0.000908861835607674,0.657862533803867,0.0362851386601279,0.5155933445154,0.0142107618849754,0.807652444928938,0.100176618524305,0.521315657317275,0.0140780924657942,0.631928283155539,0.0469748583423598,0.505635898303597,0.00338846515997626,0.692167466001568,0.0428206595483897,0.50949750193256,0.00783493599242327,0.809127444332573,0.0874435613524972,0.511476636257118,0.00550537446479485
167,50.5,29.011491975882,0.662930048983822,0.0563178177663564,0.502282476380474,0.00272305822255966,0.658285664050145,0.0364828488774842,0.514718178190438,0.0135099709819535,0.809265608265658,0.0994974132178125,0.521081440727861,0.0124052487030228,0.632387940558566,0.0472307178393998,0.50496621667625,0.0021284683973855,0.692458700245561,0.0424620039571859,0.508970578299529,0.00708398495942697,0.809363876259838,0.0869864386694765,0.511370343234784,0.00493939070017704
168,50.5,29.011491975882,0.662636878839138,0.0558968935584207,0.501974133688938,0.0015510030257596,0.659029881097553,0.0367814586672001,0.514121165065855,0.0129159773578716,0.810794102018696,0.097955263783343,0.520085844495222,0.0121445651988889,0.631220586044971,0.04624099123767,0.506989558211105,0.00421402224151734,0.692010864010861,0.0429365647373481,0.508712482940247,0.00716495572118872,0.80982438945603,0.0864359058981441,0.510655504366924,0.00462350655538936
169,50.5,29.011491975882,0.662666520708881,0.0557179900762352,0.50191625604024,0.00153431075162733,0.658998172979987,0.0358122586459,0.513727598073631,0.012203453194806,0.811337178782741,0.0956134713991743,0.519416239174021,0.0116141302810216,0.632267540942396,0.0455811737644156,0.504592158368257,0.0020478673387772,0.693083630348823,0.0425987609639641,0.509878530740025,0.00797154791965488,0.810238675341553,0.0838722181423703,0.510528366060911,0.00447848410818247
170,50.5,29.011491975882,0.661492921457406,0.0544613447396343,0.503735285401071,0.00377384948306573,0.657720610718988,0.0353241201089965,0.513257223698049,0.0115971657918785,0.81078005434662,0.095271584528348,0.519199011785,0.0110490624328174,0.632883567124435,0.0445434655789285,0.504521792622463,0.00209441429216629,0.692335892715741,0.0423355549706729,0.509463955851277,0.00719500257252286,0.81169089353134,0.0832651521949439,0.509740446468769,0.0040761388553391
171,50.5,29.011491975882,0.663036484501492,0.0543887484897285,0.501529373929008,0.000748838801226203,0.65805895670724,0.034899886049436,0.517427598585073,0.0112114966955969,0.809918705620733,0.093663362593058,0.517882426134328,0.0107019494035003,0.630724479695475,0.0426970280734669,0.508851429618097,0.00499367334291498,0.690533915115828,0.0415210932383811,0.512513991073289,0.0103153687356699,0.808243470298935,0.0810381315603038,0.511051990206286,0.0062587740311366
172,50.5,29.011491975882,0.663648144513595,0.0553917479438052,0.501567605499926,0.00142033494478766,0.656813835042409,0.0347245193232627,0.516195775926631,0.0107399928566213,0.809145810453069,0.0909928462365046,0.517717751322577,0.0100112155370218,0.632816812388104,0.0433318552607747,0.505510345150475,0.00329251978856434,0.692095364291873,0.04287899238331,0.510356007490374,0.00728514688222312,0.813766928336452,0.0779915804161924,0.510323715814649,0.00607488043176718
173,50.5,29.011491975882,0.663720999307141,0.0548952991464447,0.501718889539666,0.00154599372094142,0.655818080017148,0.0355319267046961,0.515225224542603,0.0102507832156394,0.808152422535867,0.0888444732017205,0.516642218925612,0.00939093506827442,0.631536376911908,0.0420189326172968,0.505423155206468,0.00346889161446575,0.692015933378993,0.0445842832664168,0.515375684973182,0.0114058437269582,0.809043803965112,0.0732308898150887,0.510091365349532,0.00573114714685606
174,50.5,29.011491975882,0.664010668333898,0.054848638744175,0.501677732116665,0.00179740766850392,0.655611767472011,0.0368538762187624,0.51459987649397,0.00977280516426069,0.81012367041558,0.0837585145700324,0.515714165146979,0.00887133027161807,0.630388781527912,0.0414570009869206,0.50841996593065,0.00582749774680908,0.69024956797028,0.0459154315426953,0.516057080521549,0.0121756599237471,0.810966434700286,0.0699811396633589,0.509058052783734,0.00461493274850031
175,50.5,29.011491975882,0.665145607543156,0.0547823528625699,0.501367846625945,0.00109619472203509,0.655997675251999,0.0383432929162577,0.514062002554096,0.00925618298701665,0.80126733773241,0.079076283127214,0.52513256738892,0.0215481978716649,0.631923957061218,0.0408835320744702,0.509250069511811,0.0072547413965549,0.687947293289384,0.0479518956886073,0.50961309846811,0.00596221058124215,0.817025721121817,0.0668081616157511,0.511294423480021,0.00802336220124001
176,50.5,29.011491975882,0.663018247765086,0.0537695522932119,0.504436991295249,0.00522411615107674,0.655530360447346,0.0394334206040385,0.513395929797706,0.00925138597139392,0.81337347003766,0.0758522228848335,0.514985784592414,0.00814182499343686,0.632950750821987,0.0405822123584236,0.506192000113294,0.00330713879605587,0.688614377974256,0.0499238498594725,0.511708525627198,0.00736182489939803,0.818713966809702,0.064173054685247,0.510171685274154,0.00672983847220597
177,50.5,29.011491975882,0.663306446832904,0.0530788250926462,0.506247573789333,0.00500906931785422,0.654292055765697,0.0404792563667152,0.509460703261529,0.00934113406257157,0.814988718876487,0.073675251038131,0.516401527231757,0.00644299296649732,0.633825539648219,0.0415783660827472,0.506013997007522,0.00316996265676388,0.687178919069275,0.0513546868637652,0.511342687168947,0.00754747237542385,0.818860929195185,0.0629638070100433,0.509392212158183,0.00624769679614529
178,50.5,29.011491975882,0.664969309711533,0.0528753671503518,0.502299767434746,0.00213236612204495,0.654817167153734,0.0414675622173525,0.518947888455158,0.0138508651363734,0.814187644112321,0.0721909059503068,0.519774120623466,0.0108399644946382,0.633776532134601,0.0409258838658878,0.506002121176617,0.00319957599627441,0.686606595725403,0.052410037375557,0.51062159030302,0.00641851088626045,0.819893728488143,0.0626647911510678,0.509424938494365,0.00607645878851501
179,50.5,29.011491975882,0.666002915733614,0.0519409833952428,0.501933422238593,0.0016599528315729,0.654956257878478,0.0426432883732465,0.51804652015988,0.0133202257460071,0.815218630874232,0.0712778538367124,0.518931142661454,0.0100710662085085,0.633954299862521,0.0403076060005313,0.505643797486138,0.00274038474957642,0.687127149587945,0.0536389953336634,0.510114585763997,0.00610552958917958,0.82058557858544,0.0633473948340732,0.50921316310674,0.00580137611112248
180,50.5,29.011491975882,0.666761510146297,0.0513931360116032,0.502055737405362,0.0019894692910665,0.655113897567826,0.0435912135501062,0.516634498324489,0.0122393217781738,0.816089741045584,0.072254776032839,0.517791865743294,0.00935338682487439,0.634690659061343,0.0392336700558307,0.505425582440408,0.00262421631096782,0.686870653582418,0.054730113121193,0.50980693020556,0.00567099286163596,0.821254462773027,0.0644658887598255,0.509393836041007,0.00570466368331145
181,50.5,29.011491975882,0.665356820958931,0.0494051325308434,0.506388859835013,0.00514379693581469,0.652989462472944,0.0441738950802243,0.513664253357179,0.00975066143301864,0.815127587082038,0.0765049726009108,0.513403953127464,0.00501455463428063,0.635144208077073,0.0383011129634895,0.505408954322175,0.0025196514357054,0.685602155985272,0.0556132099231977,0.50984319168004,0.00585650136323834,0.819232445933525,0.0674085698415408,0.509688940545536,0.00593021703211672
182,50.5,29.011491975882,0.666958032265348,0.047504943860281,0.501922045709444,0.00185133103769828,0.655231695799546,0.0464422889772387,0.519009679807822,0.015092370325228,0.815791442427214,0.0760505509803894,0.520739615325209,0.0119455512833055,0.635569957636418,0.0372497579887591,0.505202683920295,0.00212978817378313,0.685478902924284,0.0568525745573022,0.509616571838084,0.00511941647626682,0.81805750266182,0.0714704503976454,0.508973815755007,0.00536787622538735
183,50.5,29.011491975882,0.66761509438153,0.0456791001793621,0.501880181386613,0.00155245110395154,0.654103301847096,0.0471069238993446,0.517639960060655,0.0138203430659572,0.816913087203247,0.0779754993450406,0.520743061552578,0.0115356071782165,0.636189212139442,0.0363018794815415,0.505336620732052,0.00239646340595706,0.685659366510934,0.0581144981461864,0.509225582953192,0.0052332778736783,0.817221648467447,0.0747088934951996,0.508658381515601,0.00484214065772937
184,50.5,29.011491975882,0.667450151111766,0.0444684569887784,0.5019763730464,0.00161534211285855,0.653609777312865,0.0476433557513807,0.517540954836599,0.0119630125086835,0.815702744513264,0.0800202595953264,0.520504253782534,0.0120825822777001,0.63476972700671,0.0350600353319318,0.505097757262035,0.00201181780127793,0.687162156131782,0.0598020436118453,0.51381678349587,0.00942637900107094,0.810227769464462,0.0770904630059235,0.508382898324668,0.00458809041153045
185,50.5,29.011491975882,0.669160465696462,0.0444705872152276,0.501847457363664,0.0012128371314095,0.653542485520197,0.0487342347612413,0.516953291898766,0.0117898004363561,0.816140195893858,0.0818789206874191,0.51930125670615,0.0101817575260203,0.636087905181022,0.0349582155741701,0.505768589647992,0.0026139236615273,0.686211629346923,0.0603900160446913,0.508652748205337,0.00579800227057455,0.814056406231489,0.0809830940354344,0.508192234471064,0.00469424795610814
186,50.5,29.011491975882,0.668696848065178,0.0445955930707269,0.50186081603242,0.00150077221683933,0.652671739198551,0.0492080443851916,0.515807611666431,0.0111950203320898,0.817373621791026,0.0829219708313997,0.51829614257825,0.00952092098765448,0.636556023260957,0.0348731920380866,0.505798302978932,0.00279519593810654,0.685461053475296,0.0607464519247939,0.507941336459515,0.00485720974006537,0.813566306821883,0.0803147809871114,0.507946428525115,0.00447905178497676
187,50.5,29.011491975882,0.667562459943865,0.0449447112913907,0.504157206951448,0.0038076564193569,0.651865894377426,0.0493004890254852,0.515174568501443,0.00992519227978425,0.816034031769648,0.0853622425472619,0.514614578805189,0.00973374238108595,0.636368827116675,0.035295381440424,0.505835549558,0.00238945121729157,0.685612088265389,0.060818473739114,0.507766300159777,0.005040512214131,0.81361747317478,0.0784870483306368,0.508014920044345,0.00460447028824857
188,50.5,29.011491975882,0.669186237272112,0.0455464912718588,0.501947932043631,0.00141991269201651,0.65192257286874,0.0499866453873354,0.51459765181159,0.00940414766800886,0.81572770799212,0.0853476563504982,0.520405123880855,0.012867165052688,0.637010772258644,0.0361961577401861,0.505726024002375,0.00276303042335363,0.68535467792582,0.0605521677089759,0.507445142621896,0.00506510914911021,0.812446115747646,0.07684848774455,0.507889796432838,0.00464550707317627
189,50.5,29.011491975882,0.669258148754241,0.0453895448653359,0.501981869511795,0.00177983095324868,0.652003895608079,0.0497822957500221,0.51311844562361,0.00864472935596489,0.816415427070906,0.0858447074270621,0.519790615535807,0.0121566198815587,0.636589847409998,0.0362310010798179,0.50548456800818,0.0027701289214209,0.686069995438863,0.0599083401172646,0.507476302862766,0.00421915152464798,0.812861971744778,0.0754864816786832,0.507328899622091,0.00459988180806319
190,50.5,29.011491975882,0.668791833812329,0.0453077592821945,0.501732929186693,0.00132959707808903,0.652103906384686,0.0489045830627626,0.5134201070078,0.0111015715653424,0.817018358135472,0.0847765849771827,0.5192191227195,0.0119158428208644,0.634867828110611,0.0358846271318462,0.507268426183591,0.00580086498455048,0.686472721300395,0.0584983311326538,0.512166303853262,0.00942626868056877,0.808078386930903,0.0732119445242847,0.507693876410166,0.00475882390698419
191,50.5,29.011491975882,0.66824786941164,0.0455851084538888,0.501827979616773,0.00177735620273409,0.65192046228582,0.0477156819976279,0.51258461092002,0.00818857607714309,0.818125301669701,0.083939764566726,0.51913955737012,0.0118506868450526,0.63610554639648,0.0371129043214777,0.505249670908487,0.00277094304403266,0.686952378296535,0.057112706840658,0.50935025797259,0.00573466161890371,0.812601731206467,0.0743925766615982,0.507161717809477,0.00445886704531042
192,50.5,29.011491975882,0.669391666229442,0.0469472653053553,0.501649839930429,0.00107662896004383,0.65123003747095,0.0460790045039019,0.512180517277321,0.00831460285616529,0.805889341397132,0.081110125761972,0.52846838701099,0.0279094856232019,0.6353139943063,0.0378131655704845,0.505459505148536,0.0033179099667305,0.686927821903198,0.0556042105779151,0.509212750570712,0.00556737070415176,0.811699974423817,0.0749551669733572,0.506816127843482,0.00436452370246078
193,50.5,29.011491975882,0.667270801527927,0.0476496000633315,0.502596891713316,0.00205237165493087,0.652861621402795,0.0456282189969934,0.511927478101418,0.00777622323073962,0.814195298309888,0.0836762562417264,0.518853168279934,0.0114550164020967,0.632806791596633,0.0377022226741231,0.50717533141108,0.0053340959103424,0.6870209293953,0.054667808073259,0.51388136211465,0.00966260335470889,0.804357490972933,0.0752872146502276,0.507396362839804,0.00449577334261987
194,50.5,29.011491975882,0.666085016772754,0.0482481576508824,0.502632114769836,0.00184858938988213,0.652711780555726,0.0450837174137171,0.511570618990211,0.00953626494422905,0.812359949373906,0.0850986108012708,0.519078688162378,0.0111967223454321,0.633716679844519,0.038540789941518,0.505326952279853,0.00252266019670606,0.685902039761726,0.0546258056089312,0.510139712580758,0.00852800206832842,0.807454342768566,0.0773775346339493,0.507252312080557,0.00412764782686101
195,50.5,29.011491975882,0.665195992865822,0.0497343003392244,0.502591394057317,0.00187263536209612,0.651954430297397,0.0453952152650028,0.510460102614952,0.00695176180011388,0.809380315921947,0.0869537034940426,0.518269458658402,0.0104212334064378,0.632455227860083,0.0391403894971464,0.505567906788629,0.0033844013662096,0.68488176081575,0.0551431325949336,0.51008754560871,0.00872730691308824,0.804077229121859,0.0807999135207056,0.50684422239308,0.00392894255077069
196,50.5,29.011491975882,0.663020968064773,0.0496550311881386,0.507049542903341,0.00714903591999178,0.648877230101226,0.0458188582068704,0.507478932732498,0.00800216416300208,0.804382846177562,0.0917214367783587,0.518153421518215,0.00892700039694459,0.631738137460302,0.0395246506799473,0.507122149057757,0.00497806668259064,0.682635746807763,0.0562803803302167,0.509157560455858,0.0087849902764313,0.801184890697511,0.0857665927546724,0.506476457361047,0.00359244180574651
197,50.5,29.011491975882,0.665423565768475,0.0506926068114393,0.502417109583944,0.00137274434399544,0.650448462607368,0.0473011373208499,0.513670675764333,0.0104438641143964,0.801805178812237,0.0951331758188407,0.519754821678082,0.0130018636627484,0.632996386079878,0.040269530690975,0.507088635371971,0.00424740574352141,0.681754919340236,0.0568890256877373,0.510357819580597,0.00978800759699472,0.797563206967675,0.0922761602173155,0.50619071558955,0.00374853947286177
198,50.5,29.011491975882,0.665766937605263,0.0511399968797688,0.502335346089908,0.00164943888409633,0.649697210410337,0.0478730278848256,0.512721928116033,0.009836014019377,0.799498642014498,0.10117658632676,0.520179780844288,0.0121700895845706,0.633865172576807,0.0406099044104337,0.50441715747625,0.00200991216142841,0.682114700999765,0.0579969744792581,0.510299108992308,0.0104735585168353,0.79567633666263,0.0996116060237802,0.508781854253915,0.00650930742695257
199,50.5,29.011491975882,0.665802540483986,0.0515146074978533,0.502492364874204,0.00192671720533678,0.648065831928846,0.0478315978930477,0.511729835108127,0.00957409866118139,0.798003979100564,0.105949882762747,0.519025844469248,0.0114016400889542,0.632387788483671,0.0397442980462092,0.508359885713408,0.00481069134553785,0.67850221982181,0.0577678940161154,0.509926566793466,0.00922646682626881,0.794818087769073,0.105559645437926,0.508358814058962,0.00648034871001821
200,50.5,29.011491975882,0.666168649398434,0.0512002723579707,0.50453278744204,0.00375621072487745,0.646204359982478,0.0474135050053533,0.506788703972171,0.00713383783575864,0.794753398000396,0.108714641779985,0.519489638854551,0.0116757254557643,0.632894414190828,0.0397302998624752,0.506697451521142,0.0045380588871964,0.678460767979401,0.0581964326576023,0.513995185113839,0.00749837089943349,0.791977140265905,0.109450122986834,0.508319393251313,0.0053514581455754
201,50.5,29.011491975882,0.666363026274991,0.0502832184763544,0.504310563936751,0.00373028263779812,0.644866030126316,0.0478379047181498,0.506264937773047,0.00665218671936028,0.783760746220271,0.10864660275749,0.518959510961169,0.01122495535628,0.633184090504533,0.0391529566169978,0.504485827955809,0.00292454507377049,0.678698272541865,0.0585801456557171,0.513139344795874,0.0071876115700365,0.779143878429922,0.108489770540627,0.506298588443218,0.00732219375575692
202,50.5,29.011491975882,0.666513564835051,0.0505483757754869,0.502242669074334,0.00143238122774206,0.644934164552925,0.0474306897352783,0.514682707925036,0.0156603771814065,0.782161987340304,0.109377918090088,0.517528564699803,0.00939479477590193,0.631349629553203,0.0386674541807508,0.507904861327379,0.00458787838944883,0.67418724370126,0.0570892295266198,0.512365363570055,0.00729184742061428,0.775169552724959,0.109338239825035,0.506418338087165,0.00715864971761231
203,50.5,29.011491975882,0.666658055734465,0.0501541504902544,0.501978574052692,0.000838342442449256,0.644197258300959,0.0471863511071301,0.514303761387134,0.0150348446568286,0.781503849696721,0.11002789465419,0.517516380398532,0.00851032670456643,0.632586462851768,0.0385443711648144,0.503361159519203,0.00220847916838121,0.676656871121619,0.0578379187300592,0.518261864130786,0.0100693092921535,0.769479481108392,0.108082545200999,0.504055902163601,0.00488386873261264
204,50.5,29.011491975882,0.666420920293204,0.0485748491128378,0.503812949717056,0.00347605883582122,0.643494455584769,0.0470403797553851,0.512498292383518,0.0147509819890158,0.7805620189344,0.110678174077239,0.517595883051954,0.0079944779563092,0.632904368135792,0.0388730368466907,0.503926204912868,0.00259529303802029,0.676075483333427,0.0579591948606335,0.517922836613063,0.0124180221035108,0.769194744334975,0.107663802991661,0.504272640432479,0.00482786885248511
205,50.5,29.011491975882,0.668686667052582,0.0487099732678907,0.503888131203219,0.00359692851900512,0.642826707536819,0.0463286156992884,0.512793893951899,0.0133573182374649,0.767244508829604,0.107916865102561,0.525689933893608,0.0194611206270371,0.634574444384088,0.039484876710401,0.504555848328993,0.00304236135374995,0.676226577302543,0.0577978465860743,0.517440614089474,0.0118442862096036,0.766105928407508,0.108682185081786,0.504155644422337,0.0039432339216569
206,50.5,29.011491975882,0.669353698120236,0.0483634167952215,0.50067831366279,0.00193509769486369,0.645164225262422,0.0457176645443657,0.519983523128708,0.0166676185523631,0.776539674462493,0.107818483306251,0.516663806005467,0.00913760806607803,0.634680691694957,0.0385232252266117,0.506278269633766,0.00488656311976936,0.675943930912376,0.0563289585026683,0.516651419093796,0.0115128990413859,0.768954534995685,0.107898413863483,0.504431678285527,0.00356209953180515
207,50.5,29.011491975882,0.66912177168209,0.0472044308318555,0.500684266778308,0.00196028137434111,0.644881923972082,0.0435752454429473,0.51871681472083,0.0157448112185059,0.778353900894389,0.106268474762744,0.515857117421296,0.00656693313812905,0.636722532252673,0.0382177223794844,0.505964699357234,0.0048952179511974,0.675606443808142,0.0543119320909346,0.512596347424144,0.00675796811299108,0.771658532416144,0.105886786365488,0.504719664229746,0.00346444090695156
208,50.5,29.011491975882,0.668949102795596,0.0466606942487331,0.5027036551296,0.0025795543514628,0.644239168734137,0.0413070988702235,0.511906084270643,0.0132629976037324,0.780880305759165,0.105807837163371,0.515728312327498,0.00677712417837547,0.635740769399213,0.0378721295555171,0.507729342752866,0.0057950049565782,0.67573368268764,0.0520466293184489,0.511020017179765,0.00536351174276403,0.773235628912858,0.105250765689885,0.504906313010175,0.00350065270265671
209,50.5,29.011491975882,0.668331734359461,0.0468779293103734,0.502968270957482,0.00324280025744548,0.642398827700407,0.0397453637415147,0.511164767791809,0.0125714022802485,0.781682714801656,0.104499789571849,0.516058649705935,0.00640696080371064,0.634652708195344,0.037656972481791,0.507171070290018,0.00673063766476577,0.676512938843238,0.0504561913494951,0.513011564501632,0.00768585119865057,0.774925770167588,0.105295452534675,0.504542565001843,0.00304727112261588
210,50.5,29.011491975882,0.668648493461816,0.0484011746575032,0.500675221745519,0.00157098073321502,0.643156465577677,0.0382931605891875,0.513544497711086,0.0151651106224683,0.772207994295025,0.100682071990731,0.525683320199318,0.0179457648424018,0.633806588707559,0.0397401137911907,0.505103074676725,0.00367138022445105,0.677694295098492,0.0490886304057803,0.513644859932922,0.00799051696838063,0.774251018568357,0.104455028806668,0.504160633608521,0.0030598380483564
211,50.5,29.011491975882,0.66425641275546,0.0491465433144586,0.501550599109055,0.005509134189458,0.644088300119066,0.0364414759277208,0.511479053687066,0.0158706050756907,0.782409480308317,0.105475641554721,0.516617514225437,0.0070296056552203,0.631622097678914,0.0402976405710894,0.504885805459458,0.00364744738005153,0.678020253902375,0.0475354921389143,0.51266700612418,0.00782079595982895,0.774810553326585,0.104507312429351,0.504342456192744,0.0029461368734025
212,50.5,29.011491975882,0.663286321918765,0.0499916103924942,0.500120051939295,0.00364020901821345,0.645258223317457,0.0363968736426515,0.518909738650385,0.0180925219153929,0.785106762882411,0.106890222886592,0.515145490171512,0.00482094269193719,0.629539707458994,0.0408646158569533,0.507103947616598,0.00530012005812412,0.676246990233495,0.046088705192406,0.512126527292989,0.00727709285538292,0.775412765626066,0.104372009626392,0.506297411177722,0.00527684116819435
213,50.5,29.011491975882,0.662355760643898,0.052043868484251,0.499894470486352,0.00277966230713379,0.645590974836142,0.0364184762881471,0.517517626955056,0.0171863417501754,0.787878341230234,0.108068793154654,0.514509153403068,0.00626740914296085,0.627902153215142,0.0420089801664106,0.503497766844031,0.00234247390625097,0.680187390385164,0.0465399467595657,0.517614547284821,0.0129114003607533,0.774560738078605,0.10320602792169,0.505624998535803,0.00324502147801935
214,50.5,29.011491975882,0.660653583444768,0.0543484117260848,0.504453036537973,0.00429246569240505,0.643572568135692,0.0356603210473465,0.511404934132227,0.0153564927712954,0.790759434519729,0.109900124975437,0.513714164192701,0.00516936351147347,0.627835113235348,0.0437352164311686,0.506828068305942,0.00464524961580514,0.678622322604379,0.0449603635197205,0.511976562888244,0.00867524744801579,0.778974117005478,0.104406953376913,0.505667949426088,0.0031732917248808
215,50.5,29.011491975882,0.661725333532798,0.0553988608535126,0.500348549138794,0.00278415701257134,0.645783165419427,0.036101565040545,0.518177798200727,0.0177905548409961,0.791485489456747,0.107537373528579,0.507856623808347,0.0109265765200263,0.628421967166253,0.0450250569283358,0.504504873512758,0.00404477147445964,0.680359645149499,0.0453613335236428,0.512517660311253,0.00893054993764872,0.781019689235647,0.10429037000959,0.505729497822561,0.00287297512956873
216,50.5,29.011491975882,0.661996874037204,0.0549611814386601,0.502387428535274,0.0048038040020709,0.644201808612976,0.0348700052531349,0.516972620763145,0.0171176180735134,0.795207372147187,0.10796365103508,0.507727103908218,0.011134357337622,0.627215155155153,0.0448802805569722,0.504190096450327,0.00387137894303012,0.682702430354609,0.0449294100497436,0.516902887462317,0.0142786014484047,0.777740795635388,0.10493959923314,0.506400413506799,0.00275282917887164
217,50.5,29.011491975882,0.663160065042791,0.0551705247461453,0.502630200253529,0.00461220763402593,0.64302932121708,0.0333052046493721,0.51663516957324,0.01642123092934,0.79518011913106,0.109268809620757,0.501728969694147,0.00956728929334213,0.628496632660937,0.0450949695645814,0.505029936066673,0.00334622702478615,0.682142878281606,0.0434004744255824,0.512068431045607,0.00787030417215315,0.783712554262147,0.106366820876465,0.506547056657045,0.00265607829084553
218,50.5,29.011491975882,0.664095637245823,0.0555813247368428,0.500525824385382,0.00159005826906317,0.643989919130215,0.0322188157047861,0.515802212480172,0.0154168658400214,0.797092545394258,0.110614648066033,0.496889353592246,0.0166107336398993,0.627353043565915,0.0447263883995009,0.506114373928769,0.00564851466373613,0.681783462773151,0.0415152344274292,0.512013853165385,0.00773858109397078,0.786331232757255,0.108557291196902,0.506799720159938,0.00271582552616731
219,50.5,29.011491975882,0.664106365867229,0.0555960864226407,0.500711080981697,0.00155742559407213,0.644766117107193,0.0308161132054503,0.514840286733779,0.0145502810174991,0.79811666758106,0.107669916922295,0.497661383312934,0.0152558363433008,0.628398658983951,0.0451767369075997,0.504562734125892,0.00298063244053155,0.683933693181695,0.0401094303915307,0.513483317091322,0.00774099513645362,0.785581972864903,0.107399734506311,0.506266196813304,0.002589718869385
220,50.5,29.011491975882,0.664107896669916,0.0553460961841266,0.500963267108242,0.00198912385231499,0.644938688856094,0.0294350888472978,0.514539648436205,0.0139968653412907,0.7991859788765,0.103993782601181,0.499028872359776,0.0135449576766988,0.628301908094685,0.0451711332565371,0.504407897404889,0.00267855656456261,0.683062787568079,0.0385441786630859,0.512846360311164,0.00773742780160417,0.787305490832538,0.104395203422135,0.505816834242247,0.00284300028172602
221,50.5,29.011491975882,0.664676518043696,0.0536364011980922,0.500679364524474,0.00137935061181332,0.64563124266192,0.0290435341846752,0.513728689679754,0.0131754620673525,0.801308319886001,0.10043498603952,0.50080210772951,0.013540819395227,0.628426914118632,0.0442586956260528,0.504393032035973,0.0029012620057768,0.682881600453771,0.03806020429937,0.511765754496502,0.0064280111505075,0.789506146285933,0.10188798655403,0.505729924237715,0.00259166155383201
222,50.5,29.011491975882,0.666070120487041,0.0522682596886678,0.500802640175034,0.00173669513787614,0.6433504468223,0.0289299046757893,0.513462274334357,0.0125217001915839,0.804968366445619,0.097657611018221,0.501198888825238,0.0100892472451625,0.6272992808265,0.0427944881907594,0.503862952394985,0.00363545862233288,0.682968321510314,0.0376637415510979,0.515838511390767,0.0101677705880103,0.787971701214679,0.098664238241984,0.505654803345796,0.00296841250667697
223,50.5,29.011491975882,0.666307755861136,0.0503027701266483,0.501228012707762,0.00225058839879159,0.643613082038882,0.0292419081843361,0.512933124480522,0.0124040827337554,0.808211389517278,0.0958229543214545,0.501592489878015,0.00937070507479082,0.628731514027522,0.041609805842611,0.504677090487878,0.00299871838598103,0.681216134294093,0.0368305701809254,0.511053032011333,0.00552328363079482,0.79229111508966,0.0960256717038823,0.505528872438493,0.00439861823241409
224,50.5,29.011491975882,0.667139621339265,0.0492368220412743,0.500923373847888,0.00247004466725171,0.644127030886393,0.0295941707708706,0.512711590885189,0.0120098907032064,0.810109551273541,0.0928238585258069,0.502446718501833,0.0102190823784726,0.628732848854715,0.0396707244991074,0.503759647366556,0.0026637241965057,0.682436589588438,0.038418840599535,0.515735798302475,0.0124543601718369,0.789915184692898,0.089743820671631,0.505588271259505,0.00432863243372645
225,50.5,29.011491975882,0.667302615009027,0.0473007040758544,0.501115582141269,0.00247531043947774,0.644609199374712,0.0299198601892779,0.512362170628683,0.0114676535404855,0.811224040906159,0.088738114234454,0.503700981369735,0.00995100264220564,0.630020653541947,0.0383658782535752,0.50502992409929,0.00334629398972855,0.681345725433443,0.0389779342793167,0.510350004949197,0.00511455365138467,0.794578345808388,0.0881782543758591,0.505381022064943,0.00419075192917162
226,50.5,29.011491975882,0.667426871456826,0.0456827422439719,0.500836366645953,0.0016319297928987,0.645122758442937,0.0300000166578715,0.512356132211831,0.0105337538954813,0.812358084855505,0.0859980824906164,0.503171863282938,0.00770478315887368,0.628738709996639,0.0364223327513262,0.508645740679984,0.00463376422776201,0.678298986221309,0.0393198798296631,0.510348221528857,0.0054665062397217,0.792501307597078,0.0850935574255424,0.506269954374794,0.0041868035142272
227,50.5,29.011491975882,0.668749283850926,0.0443234106948499,0.502920276504248,0.00370153440775746,0.644379934388162,0.0306737394341726,0.5092075637508,0.0100755170268249,0.812511365870713,0.0868909976535987,0.503438102589673,0.0073096054109625,0.631026768882896,0.035336727392853,0.504738664456222,0.00294609957150438,0.681574392442171,0.0410160096006979,0.513734925934546,0.00629293233078495,0.792188530621924,0.084685605667886,0.505253017932943,0.00397343509763719
228,50.5,29.011491975882,0.668020750988005,0.0434378500775661,0.504856682056799,0.00508650965298338,0.642629644203462,0.0318338010747523,0.515845476768489,0.0123414590330118,0.798199602632706,0.0846801433499887,0.516686089283842,0.0211883171946169,0.629155235215306,0.0343326885333472,0.508773786272521,0.00532410740117305,0.682215833568949,0.0419841948961421,0.52069693250802,0.012701279980983,0.780305498408075,0.0831087781394843,0.504562480398199,0.00418656232620631
229,50.5,29.011491975882,0.668134994007526,0.0433982666978084,0.501354107960263,0.00432112487797859,0.645162632185937,0.0336482797528604,0.519652392512997,0.017394364339594,0.809936004314923,0.0903841217386898,0.500126237545792,0.0118556139283587,0.632839595082737,0.0349233219075124,0.505791452428719,0.00347863277590356,0.682962071715127,0.0446780845373985,0.514813649555878,0.00832999743403819,0.788881517086751,0.0842680634569193,0.505424418979853,0.00463458755777916
230,50.5,29.011491975882,0.670751914490792,0.0437933763959455,0.499826498281908,0.00144784905897354,0.645367205788235,0.0355539370512594,0.520732841070657,0.0208665080818995,0.809009936269194,0.0881227402160969,0.500568229535298,0.0111208791258378,0.633005244617551,0.0344335657715999,0.50742749539914,0.0050589017388189,0.681872542577559,0.0463973528928242,0.512782623691446,0.00654796015841059,0.789263415009143,0.0848180521509636,0.505248490768375,0.00439701085947732
231,50.5,29.011491975882,0.670203338281784,0.0421023554700461,0.502145072148153,0.00428502093808746,0.64403605297955,0.0372933645987523,0.519749837394692,0.0199313195853234,0.810004253220461,0.0853497824228939,0.502694414217225,0.0118970836905474,0.634529200030358,0.0342681505680597,0.504881525527274,0.00288292169896409,0.68295509909218,0.0490851399550004,0.51557638443949,0.00879547984186351,0.79050126421042,0.0841098491132702,0.505607200073116,0.00447484456132617
232,50.5,29.011491975882,0.671176452708574,0.0405549877305263,0.502092087517317,0.00306017893889087,0.642309933790729,0.0394383730860789,0.517259707817337,0.0184906136681864,0.808744331743497,0.085776339347368,0.501820949239856,0.0106384230530759,0.633716899531714,0.0331445721939971,0.506331396651654,0.00431623915853439,0.679720751098257,0.0507551608670067,0.514400331284399,0.00827301547039488,0.79149798164372,0.084985880044129,0.506009741684281,0.00436427496165777
233,50.5,29.011491975882,0.67210324501888,0.0397040123858881,0.500546725859202,0.0020747450331301,0.64230638186715,0.0417978690307575,0.520317614890233,0.0165692927613093,0.806496133449924,0.0835104338771165,0.497097245864507,0.0108470664606714,0.635434015858831,0.0328450645243763,0.504725387422426,0.00305427391863783,0.679761746130655,0.0535001978791913,0.513141928779516,0.00735271735508416,0.789584709665642,0.0861951230743952,0.503134267452103,0.00597410095150616
234,50.5,29.011491975882,0.671791601330461,0.038957617874759,0.500362769390406,0.00137422318548278,0.642133953202465,0.0429850526213554,0.518831201208769,0.0153203252520039,0.805534096391443,0.0839224776797166,0.497821030180813,0.0102630247354478,0.63647695138094,0.0325236252678794,0.504282974667945,0.0025763014094967,0.678746458362164,0.0543613819520353,0.513226534026493,0.00757149557720679,0.787270421135129,0.0881231372607786,0.503794649500282,0.0050101083655704
235,50.5,29.011491975882,0.670723853502382,0.0396277196429325,0.500531873218498,0.0016401767057576,0.641505565357182,0.043126574625023,0.518255326219704,0.0140421568700112,0.805837468156344,0.0838010479251684,0.4989161615861,0.00956503406743632,0.635808758149483,0.0335082038444789,0.50411842934281,0.00246392180483715,0.678463771704602,0.0552872567882112,0.512376730916227,0.00775048784521816,0.786847342176898,0.0902383140702305,0.503678679091026,0.00452632427573799
236,50.5,29.011491975882,0.671346665129452,0.0420378996407734,0.500465520506488,0.00156384192785978,0.64186133287154,0.043113023344167,0.51723321677551,0.0130097894577832,0.805897460313716,0.0837858109962605,0.499867765852834,0.0113919115300826,0.634766419499446,0.0343868953870943,0.504074934672666,0.0026373632642899,0.678041872076768,0.0559844905228247,0.511773423950905,0.00725762694207361,0.787135319683925,0.0905783833251708,0.503742148468153,0.00423495125235815
237,50.5,29.011491975882,0.670537719632808,0.0436444579667156,0.500725471351425,0.0012289309534371,0.641707261533852,0.0435713494715817,0.516779162262363,0.0116111970366094,0.808107675699485,0.0837721257887348,0.5008668861261,0.00882057264698571,0.632995468505613,0.0341973137704061,0.505499183874158,0.00428518804224532,0.675678717956231,0.0555958732284904,0.510801848828765,0.00629622503188405,0.78961601475581,0.0896570382966501,0.50396236898843,0.00456583285500555
238,50.5,29.011491975882,0.671383238882105,0.0452213315069483,0.501005537601187,0.00172940709231912,0.641048853051672,0.0429236791282014,0.514647393195497,0.0106159160999865,0.800523518063533,0.0843039893040058,0.512024408998673,0.0245040367205643,0.633506458404543,0.0347187850977505,0.50337951101566,0.00207566295537199,0.676964984072415,0.0559185485632356,0.510445087764006,0.00675791592494751,0.791760045141445,0.0876054785030044,0.501602082475812,0.00682618759188292
239,50.5,29.011491975882,0.669153034073836,0.045402324345041,0.500019617782479,0.00222699673323614,0.641950124911227,0.0417051189892781,0.514207516689141,0.0112950922516312,0.809888048728688,0.0827771634040858,0.502064606865374,0.00697887978273494,0.632243362446093,0.0350666845887666,0.505591522316817,0.00440050215042141,0.674902253965898,0.0540583471901454,0.509692749464767,0.00601429069154117,0.792068323905011,0.0858665638937471,0.501672120314024,0.00658874442728509
240,50.5,29.011491975882,0.668442296796328,0.0461127945921315,0.500129385723315,0.00200385279509863,0.641570765797728,0.0404007937903407,0.513511485673009,0.0102769955810133,0.809506244732318,0.0817949443729999,0.503534894705588,0.00796558285430769,0.632096725812579,0.0366987087863364,0.504889279330051,0.00396982348666851,0.674274793465837,0.0533072933821293,0.511627382363838,0.00865768684781185,0.793585759705269,0.0848121029741159,0.504501508885264,0.00423725325221253
241,50.5,29.011491975882,0.668112814282841,0.047624301765625,0.500377917377446,0.00206719371126478,0.640698961052409,0.0403978227909953,0.512362865400257,0.00969919113888734,0.809202135606838,0.0813084650733987,0.50391072427887,0.00756798145018455,0.631401672238324,0.0376112030358961,0.502543007581424,0.00185870207615616,0.674538521772146,0.0534351573998883,0.515335705076826,0.0144989576928043,0.78920914906699,0.0843871781982977,0.501315292741088,0.00800442028529015
242,50.5,29.011491975882,0.668893868209951,0.0484256818313664,0.500256365056745,0.0016337601632157,0.639453751394369,0.0406533227765985,0.512410215997785,0.00904404451351278,0.808705299626509,0.0811861554557121,0.504982323017964,0.0107308694733621,0.631100059550125,0.0385529159345436,0.504563616802323,0.0043670066068432,0.669916332025728,0.0531720896527061,0.510663579001119,0.0079384687782649,0.794672265770009,0.0830646658996396,0.502594313231726,0.00558096072694247
243,50.5,29.011491975882,0.667663071204918,0.0485326784255452,0.502460172743947,0.00464322480316769,0.635619702764344,0.0418325583759415,0.511691190337984,0.00910051518486431,0.807672790481198,0.0818135756845714,0.505633425186575,0.00559111352441772,0.631821330748728,0.0387360334548233,0.505101932218507,0.00436495751644426,0.667164433770044,0.054153922046977,0.511006776761905,0.00993066497640023,0.791253247319745,0.0839363248764127,0.501634060977205,0.0067989752971618
244,50.5,29.011491975882,0.669327332256708,0.048539622456266,0.500654200158145,0.00188126234592818,0.633163324590639,0.044122502569595,0.514435789925144,0.0130669496187634,0.809424384626538,0.07981745127467,0.505855713636312,0.00592299361197456,0.632311302375153,0.0387970809785997,0.502791103621311,0.00213116004693101,0.665433064440579,0.0561019544246444,0.510470483361039,0.0091888546427948,0.793240176945035,0.083717100529744,0.49951863452205,0.00596760906357896
245,50.5,29.011491975882,0.670927078520665,0.0488485891842523,0.500865379266424,0.00210898920053584,0.631184838688838,0.0449140105880382,0.514033143382359,0.0120673706558848,0.808977412497722,0.0795487673232821,0.506738075934356,0.0062572357422586,0.632221790274463,0.038443365264369,0.502678358401938,0.00263123260761523,0.664698561753975,0.0568229994819851,0.510163669866962,0.00862487060147945,0.79403174508892,0.0837672633955141,0.50088486626603,0.00623711695070211
246,50.5,29.011491975882,0.670665259190503,0.0483876566480891,0.503220914445737,0.00502839297937259,0.628256418989276,0.0455508305998,0.512025330753112,0.0137768639063702,0.808376174290717,0.0816687652331833,0.508315764641769,0.00536648690702812,0.631142232018644,0.037446603194081,0.504852627933712,0.00453132324278174,0.661465634662955,0.057787106900404,0.509516382961863,0.00847996738443143,0.795373995370297,0.084047680314157,0.503396437969192,0.00670914766928583
247,50.5,29.011491975882,0.671839425541536,0.0495131035142451,0.500767369187673,0.00174914853118017,0.629363874844791,0.0463324382760504,0.516725309839302,0.0133322828873286,0.807729825718357,0.0805482286198222,0.50855170345341,0.00650662210366987,0.632171106467645,0.037275211121397,0.502528202455481,0.00220899613202534,0.663426578424777,0.0597715647734464,0.509263569564172,0.00739603519643035,0.796056010656529,0.0810883951311839,0.4997368653907,0.00661780399300012
248,50.5,29.011491975882,0.669954763473863,0.0487712389103767,0.502977463958279,0.00429808372319994,0.629247275644222,0.0459683082050551,0.5172806365521,0.0124543867484493,0.806686490296867,0.080415545328757,0.507072700686629,0.00558258205811479,0.632758680298379,0.0372010531216092,0.502430540482853,0.00193155432326582,0.663597686876824,0.0601575481676174,0.508710359571915,0.00723859775500574,0.795269549620209,0.0797077862533083,0.500148304940545,0.00625873265744981
249,50.5,29.011491975882,0.670302089407505,0.0474992765371502,0.502958516262133,0.00415447122082823,0.628919880610302,0.0467113001342419,0.515877228054938,0.0113386472985361,0.806915000661915,0.0822163545906516,0.500663391728637,0.0148573798925177,0.632356317418979,0.0360965952110557,0.504600225347218,0.00436880660395367,0.662301246987251,0.0608014783180743,0.508539244590011,0.00708322556426946,0.794428463169494,0.0804971217139886,0.50000199870287,0.00621425932261751
250,50.5,29.011491975882,0.671472656039867,0.0463228126177837,0.503046188663307,0.00345436034700393,0.629218876203783,0.0478007615892603,0.515131042338294,0.00977725115788496,0.802030444120509,0.082824480203686,0.49707905365796,0.0201810210381693,0.631109132218953,0.0340202628675857,0.504692355248073,0.00389202764880201,0.664111456984816,0.0617653244818016,0.51391605943798,0.00991062919862589,0.786562131613738,0.0818939797927393,0.498511875212926,0.00808376109943957
251,50.5,29.011491975882,0.672601174139147,0.0450418728640124,0.501015328554231,0.00108657389626302,0.629752049717976,0.0488862831764464,0.508543547170074,0.0136499603023076,0.80083307798628,0.0875051869782452,0.497604137377418,0.0186997553660245,0.63263136014659,0.0328430499568905,0.505392860746168,0.00513861664162234,0.662406358866192,0.06226764376617,0.510223225320198,0.00659074530572504,0.790951808552974,0.0870696921253974,0.499668313615333,0.00803020824281461
252,50.5,29.011491975882,0.672359664761526,0.0436454066281827,0.503080787745864,0.00420502075557328,0.628627418866527,0.0491763185490924,0.508404543037132,0.0132658223325225,0.800099703472123,0.091244686741574,0.499964041373689,0.0182803474595332,0.633130847380053,0.0326783317308316,0.504770531724901,0.00430686341386478,0.66262205314777,0.063390870190457,0.509410414077675,0.00547854715496161,0.791671797097262,0.0890056736818955,0.497797032220223,0.0052108537864473
253,50.5,29.011491975882,0.674601243123723,0.044204101823963,0.5010588949232,0.00152385019984651,0.630016349909019,0.050540801725102,0.507216627849417,0.0118080503835211,0.799278224475889,0.0937638489726616,0.493995613718677,0.0134674079273063,0.633912825041362,0.0329284900002412,0.502657510526407,0.00231983150669202,0.665510160541723,0.0647467258619047,0.51084608044428,0.00570030570708997,0.792066264789783,0.0917306885697886,0.498317607498671,0.00487061655415639
254,50.5,29.011491975882,0.674351891326335,0.043213565235435,0.501184877349381,0.00099886478050685,0.630767561600577,0.0509847944855427,0.506621920314004,0.0108934433993867,0.798341298611465,0.0969849900162944,0.494938593029498,0.0124171611318909,0.633921658468066,0.0325250303666236,0.502466830592267,0.00196735823511357,0.666361021724164,0.0653909439365022,0.510709835698833,0.00529015656866684,0.792545561926493,0.0951244076824709,0.498667731985346,0.00439278161434756
255,50.5,29.011491975882,0.672759740755747,0.0420017799134149,0.501155167452929,0.00107226700881204,0.63116967347978,0.0510189909894189,0.506292346836748,0.010276254869299,0.798261647363064,0.0997880766623166,0.496592505612717,0.011707751894516,0.63146910444686,0.0322623050592148,0.504755590145267,0.00518961601920098,0.666303110819011,0.0650123978252131,0.514415189828245,0.0100990036403551,0.786877859831412,0.0959307694704623,0.498995748240677,0.00414373464000497
256,50.5,29.011491975882,0.6722843957737,0.0419751568968982,0.501188701694715,0.00113098296485098,0.628777020101052,0.0507235343686495,0.505637700904963,0.00946072743917506,0.797426783668766,0.102436864545749,0.497663869063562,0.0107252563235144,0.631483016863205,0.0331263810932237,0.505121944569817,0.00458762595757429,0.66555561804297,0.0641625233308642,0.509862166581785,0.00560115176840804,0.792645559899453,0.0995381347102872,0.496871519454103,0.00413645182920591
257,50.5,29.011491975882,0.67288444832865,0.0423638571448683,0.50133668657383,0.00163954066994773,0.629359224068478,0.0499106300667447,0.505293670422694,0.00897450925523957,0.796357102955974,0.104532288031657,0.498792671730364,0.0119771452103667,0.631219354996684,0.0336467644467728,0.504805720812672,0.00394314931719652,0.665345622141257,0.0632207929879894,0.508801128761307,0.00477508262205559,0.79377181779243,0.101572312626493,0.494635228071014,0.00665839235975913
258,50.5,29.011491975882,0.672823609833816,0.0420165901340083,0.501228544113159,0.000862401101114099,0.628845809401863,0.0492063001184002,0.50572155152825,0.00875047391686278,0.797051196999874,0.105313399733821,0.499429899240134,0.0108301677270586,0.631332381471951,0.0340097140903872,0.504533959091428,0.00414118823798,0.666645622804915,0.0622436229200469,0.508659318616882,0.00516857329939642,0.795214138254889,0.102092948692457,0.492068115084278,0.00612586949234443
259,50.5,29.011491975882,0.672170894607062,0.0413407599408476,0.502002352703816,0.00225702749051144,0.63002823870983,0.0482805739748558,0.505997718579178,0.009207221332395,0.796935264701058,0.105203721440066,0.499681403856466,0.00877713964231742,0.6310927244689,0.0341551945340925,0.502646294313823,0.00281994955667545,0.670216703225253,0.0615949587083438,0.513288430775883,0.00875932750053568,0.789693766083505,0.100855609596574,0.491419331796844,0.00725410107927591
260,50.5,29.011491975882,0.671585901061626,0.0413888821138784,0.501514818570465,0.00105606010317386,0.632141726956604,0.0463084171972997,0.506180519706738,0.00886014199308408,0.79856985250827,0.10479107211978,0.499451394759521,0.0084920813939045,0.629348804304725,0.0330037390767357,0.502533710443227,0.00246369034848252,0.671684069947539,0.0601411543404057,0.517809703376098,0.0116351828143064,0.786324636745073,0.0986660335451486,0.49319397476014,0.00608631559311983
261,50.5,29.011491975882,0.670374741677538,0.0414011527202895,0.501488460349005,0.00122941074799721,0.634122295991643,0.0445235965460328,0.50583268754504,0.00835511577364932,0.796018476802307,0.103610798926584,0.499786123686757,0.00766476640392331,0.630580139608934,0.0335911465086483,0.506971338451086,0.00530254870395432,0.669657153282859,0.0569191853207703,0.507841445649114,0.00377982870658717,0.786787283979382,0.0995736532625466,0.497955993132563,0.0102529403925824
262,50.5,29.011491975882,0.669347525304413,0.0428295521755277,0.501408829481612,0.00121831930994103,0.635387694170619,0.0429260917609007,0.505403002080021,0.00778852129081003,0.794827600610918,0.104569999763496,0.500292543439267,0.00779556263189761,0.627532586942115,0.033672864705114,0.505399092128094,0.00542833747713849,0.673016130847431,0.0547595896065731,0.513663132665791,0.00796909358191195,0.785029202367538,0.0999989340272151,0.495449840693079,0.00609260348628221
263,50.5,29.011491975882,0.667992861531228,0.044534484493159,0.501241682896614,0.000780919729993099,0.635102025433852,0.0413786086129359,0.504969775993227,0.0071205863671481,0.793505671467949,0.106443219485353,0.501174791949139,0.00722258686872638,0.627794327138285,0.0361103030413927,0.502278429824071,0.00362457428936192,0.674683314514719,0.0529745329919875,0.509012677370029,0.00606049979918082,0.787974981135998,0.102563961301292,0.493181907628848,0.00504384627245578
264,50.5,29.011491975882,0.666284411089724,0.0473200186302258,0.501418091159613,0.00141968374431548,0.635061386756933,0.0394679305135291,0.505211228034293,0.00699452887364027,0.793382039171848,0.107633022261565,0.501380473576674,0.0067144091743876,0.626488120898361,0.037904770143911,0.502470396101561,0.00363783625586922,0.675187347933419,0.0503983475980118,0.508596505918047,0.00600773191904447,0.787307012090642,0.103558598143924,0.494521302604597,0.00454202992602107
265,50.5,29.011491975882,0.663930817677643,0.049066134740908,0.503037003748943,0.00413521399942313,0.63376792965012,0.0388183797023253,0.504052466939762,0.0091876822202486,0.793610942680015,0.110035165389825,0.501751796742884,0.0059873628853012,0.626722075347736,0.0402160263625095,0.502308732184987,0.00349649001443262,0.674127430555522,0.0495775206769808,0.507803668851843,0.00509223974363123,0.788374765379856,0.10499471503999,0.494845189348824,0.00410173489555501
266,50.5,29.011491975882,0.663278855084787,0.052027730960615,0.50130349166061,0.00128328722580694,0.633853985279893,0.0394606991185218,0.518339483933989,0.0270109850776587,0.779987347893101,0.104747770289436,0.502550669052931,0.0053750531747816,0.627131424794644,0.0420527533511333,0.502289860512842,0.00319985104416842,0.674180502547864,0.0489194613907099,0.5074955581828,0.0042189179353094,0.787736979186128,0.105971866313892,0.495482212409141,0.00382895898914796
267,50.5,29.011491975882,0.663717342852413,0.0546026161477717,0.500484642584959,0.00275429269578844,0.632407148344737,0.0390928837861075,0.507543050465947,0.0108787198773139,0.789177806127682,0.107754697489921,0.503688932494288,0.00511758183423748,0.627302378296523,0.043437312628102,0.50215078335248,0.00334018632667351,0.672794392746755,0.0489391564132539,0.507841560951516,0.00448180481096282,0.782135129711008,0.106885579622583,0.500769243389038,0.00943161194245339
268,50.5,29.011491975882,0.662719942739385,0.0564287776606074,0.502154526543323,0.00445528628720425,0.63246892010194,0.0389252193956697,0.508210915090843,0.0122843486825104,0.788656284068042,0.107163198611558,0.505380782730644,0.00592073639828854,0.626176656638488,0.0441486401620909,0.50093899464779,0.00412124902573735,0.674333298629757,0.0486598457944969,0.507765620854158,0.00464059048845026,0.786516556334597,0.107896139052814,0.496483294848559,0.00347331380697476
269,50.5,29.011491975882,0.6637734119709,0.057596460863949,0.500392126625927,0.00199821567430977,0.634500104848591,0.0383481168772798,0.508431572251548,0.0122950104801304,0.787836657271504,0.10791014699919,0.499268232256676,0.00729533960213666,0.626124022405228,0.0448477992775261,0.500915213555453,0.00359481301031608,0.676313875172391,0.0480604362397901,0.507744929275225,0.00413849033016223,0.785009913063278,0.108564618682982,0.497338518430799,0.00327789099123883
270,50.5,29.011491975882,0.664043081520227,0.0579531570730958,0.500345795125291,0.00151888717654161,0.63538868915103,0.0386398393951329,0.508462608231294,0.0122005734442388,0.785146851490512,0.10947148662653,0.500369956333481,0.00870495356776202,0.626271639294819,0.0453451195252536,0.501266342137518,0.00390560574232648,0.675257547317943,0.0477893110723799,0.507681966510779,0.00451468640990699,0.783772415241853,0.109943795716368,0.498474115754924,0.00293368662650807
271,50.5,29.011491975882,0.663521439074385,0.0585540185295849,0.500696650453336,0.00241540337134742,0.635421872547728,0.0391355416763117,0.508876519290853,0.0119917573372158,0.784324463709624,0.11084252648773,0.500806208090181,0.00674720188199351,0.624885324801183,0.0452583297226042,0.501555083962792,0.00345460054358965,0.676748345562323,0.0481220643702276,0.512237610083203,0.00805492043237055,0.778814607795005,0.111727960506564,0.499873554105373,0.00388953535401866
272,50.5,29.011491975882,0.663093864617782,0.0589746939169277,0.500676951201067,0.00211495788524765,0.635906422116104,0.0397311575345262,0.508713413615614,0.0108514986437703,0.78403442200749,0.112566916800229,0.501641418337269,0.00772304542503553,0.623877804428548,0.0447161612385545,0.5040005294064,0.00626484309057637,0.675267968741206,0.048623400555956,0.511325216513458,0.0104737046611271,0.778260505906323,0.111871504802941,0.499426651179335,0.00357505795843578
273,50.5,29.011491975882,0.665431123889768,0.059086408914866,0.500748406028305,0.00170942341181976,0.636679250797988,0.040110738486444,0.508386805703753,0.0100724277107041,0.783990727492926,0.112072483761357,0.503498534537342,0.00824219579029623,0.625510468288019,0.0449601926527503,0.504484273600258,0.00593656973920686,0.671268741012929,0.0481832382531081,0.509121488089344,0.00648978804723363,0.779078526093303,0.111420480259835,0.504609020306401,0.00884664155846921
274,50.5,29.011491975882,0.664992775078376,0.0589914683609285,0.50080760528541,0.00202046538512855,0.637428110073332,0.0392572875948993,0.508757051073901,0.00968754722198846,0.783727875193612,0.109438367454131,0.504388231633981,0.00918750833355574,0.627047369750869,0.04520334661756,0.503509735236595,0.0052259487165945,0.672851851450462,0.048739564566494,0.505948004376627,0.00623569350861607,0.783913567121056,0.112794993550761,0.500563125691615,0.0030905435534126
275,50.5,29.011491975882,0.663564453611864,0.0578667395570166,0.502145210040292,0.00413170175845854,0.637174293519253,0.0382181871233569,0.507579739027435,0.00976362490398076,0.784004314634287,0.109017920666015,0.504587745537414,0.0090307150642501,0.627938648593375,0.0450539524929587,0.499358427984772,0.00370746631582441,0.675439260551992,0.0491219616685026,0.511452283363958,0.0127217429206859,0.780660243318275,0.110918937354984,0.50047295803111,0.00291633431744778
276,50.5,29.011491975882,0.665205340084697,0.0579148520166505,0.50071151997444,0.00116929385348627,0.63838735839944,0.0384254480750316,0.51149576760134,0.0124619462569349,0.781638424941009,0.108404061935575,0.504264341586909,0.00803107582662691,0.6276194699252,0.0446005623016871,0.499834454392917,0.00375936688754671,0.676526267719313,0.0484331709426372,0.510823908469177,0.0118385178495309,0.778297070853995,0.111219871059598,0.500731034738997,0.0028168383518656
277,50.5,29.011491975882,0.66473502769736,0.0572672467888109,0.500644956362463,0.000912399324548073,0.639482830609504,0.0383064688831791,0.511075466219206,0.0119424008020829,0.782170511804806,0.107103477784414,0.504803750310059,0.00701626336161002,0.626816522161103,0.0444135352950679,0.50023245002974,0.0037537747365062,0.677906941692907,0.0476986356021594,0.509821416086417,0.0108481042023789,0.777327366613292,0.111058533695063,0.501147828871698,0.00349996512046828
278,50.5,29.011491975882,0.6653413001303,0.0576410973145501,0.500747905168611,0.00113842347555589,0.638807672872857,0.0369270875956163,0.510183979607496,0.0110269613744434,0.78222775113249,0.107123610554856,0.50524668208019,0.00668939448411075,0.625835313987194,0.0442665061259969,0.500339074197646,0.00405758849025123,0.677956310758367,0.0464743157041052,0.509202848314577,0.0100963469038162,0.776596034998226,0.109800336303831,0.501771690869113,0.00338378282998958
279,50.5,29.011491975882,0.664057127194125,0.0578147943576177,0.502547859288005,0.00361337673376714,0.638694120970601,0.0352836581073853,0.506732681346771,0.00862264692524472,0.78434076148539,0.108308327811705,0.506013976159948,0.00666890673516516,0.625643428864152,0.0447138559498047,0.500456519435963,0.00329712630943619,0.678569050994437,0.0436126143251207,0.508580739010112,0.00946064072547487,0.777487534495998,0.107940039614808,0.501507441973653,0.00378873101627483
280,50.5,29.011491975882,0.664426497758952,0.0586515557065762,0.501228099757541,0.00129263890426938,0.639825609542651,0.0347059120808154,0.511798766420822,0.0136801806346463,0.783494349310551,0.107864798340139,0.50596581725776,0.00595133093456967,0.624285114851403,0.0443594846671593,0.502914153927081,0.00448851539693559,0.678866353526849,0.0415774120968769,0.51368955896253,0.0107195073816907,0.773656509922433,0.106214559644251,0.501790459543851,0.0033184861272082
281,50.5,29.011491975882,0.66365864486463,0.0590117231453057,0.50104278359997,0.000993947349911487,0.638535104285147,0.0341166730780787,0.511217630609594,0.0129801546348611,0.784928494754764,0.108173066687924,0.506583828837672,0.00635420859581889,0.62505223613431,0.0453003503140728,0.503616959334431,0.0033648068630381,0.677441147470232,0.0396544635941787,0.509775089508166,0.00992810849427014,0.779731521368778,0.106659771397945,0.502356423756216,0.00353294290944267
282,50.5,29.011491975882,0.662592147082467,0.0591956030675181,0.502934640205179,0.00405996163184424,0.63842876373613,0.033713625016381,0.510489111119773,0.0129408808643146,0.785636002450845,0.110032203019185,0.506127136114063,0.00570849690388708,0.625804703253901,0.0460831329092063,0.501704984055105,0.00320836401922766,0.679128256574613,0.039452490338707,0.508810103064775,0.00871636611077528,0.780795019099759,0.107147106893336,0.499747039875905,0.00554238485236344
283,50.5,29.011491975882,0.663634612313385,0.0600748405881291,0.503034111783207,0.00426255036290799,0.639451818024491,0.0336965411674283,0.509403991583212,0.0108544828641248,0.785501182804105,0.10996955621322,0.504115144928754,0.0116098223080996,0.62510741876994,0.046660872176594,0.503860922015575,0.00326381140263383,0.67714149494513,0.0383240249786762,0.508812708947302,0.00782697802896032,0.781448383202662,0.106646187372314,0.499837893787183,0.00548950267369947
284,50.5,29.011491975882,0.664672590990525,0.0608312332328065,0.502530862968401,0.00369874413521654,0.638837959717238,0.032642820920734,0.508719432911072,0.0101372375267928,0.789114736173515,0.110447501498099,0.495271085821349,0.0132526985937998,0.625893699615874,0.0469371728069385,0.501689463618408,0.00282235738172381,0.678963958303776,0.0381546451298207,0.509872080684605,0.00962361867978288,0.782277318365418,0.105910251025254,0.500014537550675,0.00495497920249515
285,50.5,29.011491975882,0.665615458547067,0.0604155503478166,0.501040708199662,0.00123706659338901,0.639016072607993,0.0321904732920291,0.508476666710176,0.0101153304280008,0.786945472059665,0.110279858694073,0.492530516515897,0.0210456005496109,0.625727524104232,0.0468495779990611,0.50150241093159,0.00241456406944766,0.680120075583507,0.0377531284744286,0.509713087361987,0.00837057832439356,0.782486342928201,0.105973705035399,0.500650225400008,0.00510167733659806
286,50.5,29.011491975882,0.665146413481271,0.0586111200676547,0.502614335707485,0.0039176815196228,0.639339569185896,0.0318331278058619,0.505054209740504,0.00492434943667924,0.789567378817086,0.113391046624981,0.492004449692533,0.0180959282965406,0.625743738591388,0.0455430628977372,0.501189164531065,0.00248802008451828,0.680557674320498,0.0380620266121586,0.509518210306376,0.00875848392809339,0.782619435591277,0.10686890158517,0.500963123972191,0.00418140291112758
287,50.5,29.011491975882,0.665015319573073,0.0568616874917959,0.500775906383884,0.000895016500011931,0.6394496956015,0.0332132503629949,0.510195263775682,0.012782081433779,0.79132117131433,0.113261125642564,0.493784474710365,0.0171653008761728,0.625389233487398,0.0443999916298001,0.503538265901269,0.00339218778924749,0.67875025449286,0.0389492296862738,0.50786691417842,0.00687343003033728,0.783185831727984,0.108822564956477,0.501904364570857,0.00371592815931501
288,50.5,29.011491975882,0.664519388225702,0.0557321922616572,0.503318434808382,0.0036699519894387,0.638925498310311,0.0338167954759986,0.509495595000747,0.0119880833375946,0.79389426875251,0.113545143456712,0.495064664301093,0.016701526843132,0.625383463856166,0.0441971076901876,0.501526456717947,0.00255307245690017,0.678706983219069,0.0411220373856,0.509279655383717,0.00865089567004047,0.785505872181579,0.108332299361618,0.501877976826164,0.00364444838499979
289,50.5,29.011491975882,0.665811948689781,0.0553078785973513,0.500999243412824,0.00138613076525983,0.640350017646104,0.035625511995728,0.513291734673258,0.014222139453704,0.79482150252886,0.109774376196941,0.496197948056653,0.0154147444404901,0.625464280817561,0.0443913594958272,0.501430904055281,0.00221491946276794,0.678800045193305,0.0435508231012624,0.508881389663743,0.00876308894603782,0.786989260967892,0.104874218548231,0.502636736487381,0.0032811063566016
290,50.5,29.011491975882,0.665095032672061,0.0537155766852633,0.503157726219503,0.0035665420715699,0.638583477771212,0.0363284966350649,0.512360636988517,0.0142846760767829,0.795481824068241,0.106029081065154,0.498573496835447,0.015848594815055,0.625298117492619,0.0429991660153767,0.501596644049791,0.0028459614499843,0.678791180670631,0.0457488266777244,0.508699457056739,0.00833228406683654,0.788404217386999,0.0994621486020295,0.503217261231228,0.00306908768722175
291,50.5,29.011491975882,0.666299030394796,0.0526599618990621,0.501028306455483,0.00137442287662036,0.640528949206945,0.0380723250408168,0.515119051620394,0.0178216398177775,0.795586746783333,0.100043474723665,0.497996542055128,0.0138285540990464,0.625790786080462,0.0419902373221064,0.501387877821255,0.00176506817938831,0.678734581372934,0.0476536651420677,0.507952152255741,0.00748234173841668,0.788882856173982,0.0933731130807147,0.503134482533924,0.00324320934823632
292,50.5,29.011491975882,0.667045118631158,0.0516614219151953,0.501300202715653,0.00178527803838275,0.639016266258941,0.0397523616680767,0.514274019044543,0.0165862460722654,0.796512870883592,0.0965510065288057,0.499280104479888,0.012375203612676,0.626395439666191,0.0407816518166034,0.505642122568336,0.00637736760994161,0.675938564433165,0.0483182143478685,0.505940678162818,0.00527618214701712,0.790005688093805,0.0891042016228238,0.503587711394415,0.00329260105543943
293,50.5,29.011491975882,0.667450201206063,0.051062485699787,0.503261882343791,0.00436539530073062,0.635876624906497,0.0392886403851168,0.513603077248804,0.0150710570901519,0.785862320162298,0.0919767194822459,0.510449923902195,0.0284452858774503,0.627928641523945,0.0394782953489133,0.503972958309525,0.00418083865746073,0.675922440436866,0.0505838809430425,0.511488228033379,0.0121899677086755,0.791084787479463,0.084646664940783,0.503465925638362,0.00318903882824598
294,50.5,29.011491975882,0.667491866935772,0.0501390999980041,0.500292482457574,0.0024816043560463,0.638460965243672,0.0409646397780875,0.517607155283572,0.0185464813231945,0.799063711787432,0.0922267366397971,0.500298867611441,0.0115798450396751,0.628731328834905,0.037999526919045,0.501753749887475,0.00219851205123262,0.677443191121827,0.0520469714348847,0.513207591423932,0.0139794725988165,0.7914999163824,0.0830805329823627,0.504151120737943,0.00342267750123578
295,50.5,29.011491975882,0.667792968898258,0.0488180022528592,0.500254326085848,0.00233320479819831,0.638528017168392,0.0412271670858748,0.515935616313295,0.0172683179679886,0.801244887708276,0.0899996839894679,0.500326899998651,0.0111854497773606,0.629493231390474,0.0366157571514335,0.501768207226425,0.00131674643661932,0.67850097255268,0.052753876450918,0.512305774963177,0.0125686300329137,0.793583362719706,0.082116415377553,0.504724534945724,0.00358978384866427
296,50.5,29.011491975882,0.666410862834439,0.0489320338826364,0.502073067839431,0.00478677728679455,0.636801358304415,0.0418361389071937,0.513301848580564,0.0141279671615149,0.804102934294902,0.0881614067504085,0.502026914479179,0.00990550869547399,0.629386014655702,0.0362080692336123,0.504435379715069,0.00410534689040391,0.678689668787483,0.0529854315381415,0.511853608235724,0.0118775569554069,0.794862522094137,0.0813355397536953,0.505348428110914,0.00336692735767376
297,50.5,29.011491975882,0.66611129765212,0.0497318512707679,0.500203688520453,0.0017798029886716,0.638095813635127,0.0421489270165336,0.515874413998006,0.018706708698089,0.807081229754266,0.0875933190601979,0.502942144033378,0.00918572569305505,0.629783588640889,0.0366960604740026,0.502136803532825,0.00211903079977621,0.680593635180821,0.0534912333960115,0.513796660528141,0.0136611980706779,0.797757552609368,0.080775566291594,0.505472581234764,0.0034699152431157
298,50.5,29.011491975882,0.665597333991683,0.0514331439604257,0.500352962828544,0.00160180441524702,0.638574989797178,0.041860586345064,0.514831299975972,0.0174379166698691,0.809440071575424,0.0869175456599801,0.503789782658894,0.00834806058603949,0.629777169345015,0.0381283001439305,0.502205882703341,0.00183052255122178,0.681356398466449,0.0532185591638291,0.512882697029415,0.0131058252187856,0.798747721361913,0.081520234880156,0.505421196273327,0.00333962604400316
299,50.5,29.011491975882,0.665209963136188,0.0522826810919321,0.500386543547402,0.00182576110877605,0.63800975333236,0.0415462270450232,0.513758448573304,0.0162716217277444,0.812408927718408,0.0847926876528056,0.504169382968341,0.00779842103484371,0.629416878718851,0.0390774980489809,0.504479551286791,0.00395495474419938,0.680635964514284,0.0523933677015425,0.511404722679633,0.0107163936028875,0.801217736621605,0.081081901996256,0.505098710383518,0.00361031923710542
300,50.5,29.011491975882,0.663969386469807,0.0514791369533373,0.502838545062131,0.00276346396251631,0.63725445835151,0.0409386999254297,0.513390300112406,0.0155377365813681,0.814978910874426,0.0840318996533206,0.504770527955656,0.00683642646130074,0.629770087550198,0.039289362016012,0.504244426450322,0.00448194586628252,0.680681831220886,0.050527966115248,0.513454705508483,0.0138067363833762,0.803213061028194,0.0788924814635794,0.505829767083268,0.00347686066789421
301,50.5,29.011491975882,0.665515147936421,0.0510421388933233,0.500821688628651,0.0016837724576305,0.639253745543693,0.0405520344799415,0.511688853732426,0.013721841935101,0.815274994819478,0.0822714741163575,0.510241079259181,0.0143333369066853,0.631013065641322,0.0389006612981687,0.502532134018145,0.00207871400078599,0.682453678590129,0.0492191259347142,0.513807473595274,0.0121180256228898,0.806010013239353,0.0761038833903974,0.50562641614615,0.0033474336339304
302,50.5,29.011491975882,0.666242930104577,0.0498364234051224,0.502805767762482,0.0044542498519621,0.638608765749383,0.0396651423533408,0.510946126856255,0.0129313214532141,0.804430148128097,0.0821468845361978,0.523156039722894,0.0201012824446824,0.631671644571208,0.0380297404410454,0.502954854199362,0.00311589019154585,0.683575811026804,0.0478564092665998,0.512738951722222,0.010896123419852,0.806707353967148,0.0753604064476365,0.505617361897281,0.00323556441118709
303,50.5,29.011491975882,0.66718303355588,0.0485711370405324,0.50160346844452,0.00259501303857317,0.642207573549224,0.0388781961913116,0.514333673163322,0.0154973211891307,0.816406537021147,0.0802260529336137,0.510399835471704,0.0126337743347377,0.632598082075104,0.0373415544673276,0.502680990266919,0.00155963398810689,0.685898063815883,0.0468462301001571,0.51197088214336,0.0103963556222584,0.809195655014468,0.0742643669007076,0.505707874366619,0.00339425234768657
304,50.5,29.011491975882,0.666771875466896,0.0474350130178895,0.504166877272263,0.00445826711385654,0.643005339856919,0.0379480801883493,0.51341333680132,0.0146358415998728,0.816590649297823,0.0812139273248208,0.511226471183483,0.0128883725743888,0.632151944698326,0.0363599148436183,0.50480508984279,0.00419660049441656,0.685489224050135,0.0459195378814728,0.512505363523805,0.0108546213859696,0.808835293987094,0.0743432872673787,0.505992578680474,0.00323616301540876
305,50.5,29.011491975882,0.6688561245335,0.0468527582046419,0.501791471735766,0.0023985993063042,0.644615071172578,0.037864230672658,0.515699142785343,0.0168990176171202,0.81462741206877,0.0834247879668123,0.511186137805959,0.0117292459760287,0.633976720042716,0.0355959428131081,0.503063861002008,0.00258586268516214,0.686663871426882,0.045830595153836,0.513373733254657,0.0125975836717246,0.806392295620827,0.0782462374852468,0.505819566110407,0.00322076657453353
306,50.5,29.011491975882,0.669572178916383,0.0462859237827299,0.501706854898284,0.00196777286726832,0.645065069757986,0.0374294918720566,0.514850980765968,0.0157182630309002,0.812286053662502,0.0884659544004831,0.511317188697939,0.0109762361038585,0.634277611863535,0.0348868469386835,0.502578980042734,0.00151650241981299,0.68788298137361,0.0454217066271534,0.513670896384426,0.0124757580374676,0.804957218014945,0.0826457782873803,0.505768812449471,0.00356439045887878
307,50.5,29.011491975882,0.669570573604288,0.0461814384554608,0.503737223327876,0.00492974817672582,0.644400412881988,0.0371248056860911,0.512369486558607,0.0133300462389192,0.810004446534007,0.0933000292756826,0.511022025425576,0.00995629807041376,0.634731391045147,0.0348201059265906,0.502744381367715,0.00189021834124414,0.688047621234124,0.0453301130807606,0.51256305739457,0.0116095490274952,0.804165586292335,0.0875103378870382,0.50609139109482,0.00305614016007748
308,50.5,29.011491975882,0.671967976575021,0.0446701759567719,0.501959098791171,0.00165379783573294,0.646999441529006,0.0373843295077204,0.516866036437329,0.0161616670379659,0.807645124822376,0.0950119113481651,0.512116974399068,0.0105997620854782,0.635902074905559,0.0348484584208645,0.502600274958682,0.00129919818508436,0.688584397678682,0.046271931723708,0.511772283291163,0.0110046910855531,0.803442307206534,0.0922876028819296,0.505911664679902,0.00373121190249478
309,50.5,29.011491975882,0.672167166492919,0.0443264329060718,0.502155667539515,0.00205065248152466,0.64793050696426,0.0384552942526318,0.515615400477688,0.0151185242687408,0.805054583858809,0.0967938152610266,0.511869397037101,0.00998481048369421,0.634949459377197,0.0343269841749202,0.504854447118914,0.00386159571521807,0.68775440466952,0.0466594436413827,0.510823457403299,0.00977430216945981,0.803078850868791,0.0924521301969323,0.505729707890028,0.00351406002023481
310,50.5,29.011491975882,0.673325234736162,0.0446762004098252,0.501761641521215,0.00138276530538735,0.647794648218087,0.0392494700182625,0.51468210226622,0.0140507154479468,0.804356253071304,0.097751124702029,0.512078139558445,0.00992734950985802,0.636196495919697,0.0340477831070899,0.504879856775841,0.00392565908367636,0.687176374485327,0.0480402284879295,0.512198479554673,0.00879365782420016,0.797611573696982,0.092199051828548,0.511508592996655,0.0102677239827709
311,50.5,29.011491975882,0.673303387060602,0.0440832901398668,0.501955193930102,0.00167248107073549,0.646395161972727,0.0399847157428012,0.514116235052973,0.0128574709321887,0.800271149673006,0.0999639748716199,0.51351904507103,0.0100381118453535,0.635875897380091,0.0335081281037864,0.505591212486194,0.00516948067409887,0.687460219770799,0.0489274089789351,0.514788793477229,0.00906801255050226,0.799672848474196,0.0942853000020835,0.506687573209232,0.00386515504971202
312,50.5,29.011491975882,0.672895135848247,0.0435469752651746,0.503849622064964,0.00447322066825421,0.645408942897105,0.0408405400730785,0.514215673264512,0.0134322731072162,0.798827065294888,0.102283036306845,0.512806559411047,0.0090727641554599,0.638146507121636,0.0340034054601176,0.505777240364276,0.00413835558381022,0.686032463169795,0.0494080574851285,0.515264741333688,0.0108289212103788,0.798212542566505,0.0958721665325907,0.506472946632105,0.0033533676479407
313,50.5,29.011491975882,0.674039490589572,0.0426527624288343,0.502313316265532,0.0024551977078768,0.646554154795519,0.0415151368890421,0.513093855274216,0.0127504208485912,0.798386447008039,0.101254869809706,0.517213771589787,0.0107777410500429,0.638000848664368,0.034124262055962,0.503602944959797,0.00247745933355797,0.687350042694709,0.0508991617485942,0.520971554112519,0.0165159942447497,0.793489683729949,0.0938182312812321,0.506709519995976,0.00305145892569422
314,50.5,29.011491975882,0.674641554709436,0.04204599712462,0.502016117687854,0.0020272227708711,0.647402997130622,0.041917905172059,0.512131857768566,0.012067951291769,0.800089282032049,0.100500347198322,0.516722458280335,0.0100914441769488,0.640564835437041,0.0338139590938474,0.504536120994072,0.00369537363819316,0.685424202281686,0.0506954320940228,0.515142502177187,0.0101542011743506,0.798441009054816,0.0950056381271985,0.506279789860292,0.00271558429394881
315,50.5,29.011491975882,0.674355423972667,0.0414483723537293,0.501941633330544,0.00160283768855367,0.647592872104903,0.0421135175456291,0.511471987598659,0.0112030762883561,0.800244356493154,0.0999661224994105,0.517049720710744,0.0107065596997508,0.639968006738448,0.0327454430401653,0.504503443077991,0.00392619877367556,0.684821132118633,0.0500724550692547,0.514445462274036,0.00979677155513847,0.798121774759981,0.0934442877299283,0.507155432375449,0.00398878534906972
316,50.5,29.011491975882,0.671553632203853,0.0427262596063327,0.503678858113434,0.00420032134106429,0.647750373827615,0.0415104434642943,0.50945689971834,0.00785838552610741,0.801658535789368,0.0998628441632445,0.51759673339219,0.0109185239680226,0.638521858177056,0.0327891986025117,0.504355131059249,0.00336604525700965,0.685349615600981,0.050133265831825,0.513727155449832,0.00957337198063458,0.795815077210575,0.094060790354413,0.506948193007619,0.00305956018585886
317,50.5,29.011491975882,0.67038495097969,0.0451573170175486,0.501737935778676,0.00123684161631768,0.648675034575398,0.040939200923435,0.5151926169122,0.0132372791917254,0.801215796415978,0.099243526246969,0.516675802733555,0.00940207017430775,0.636959997752069,0.0339847899387268,0.504299547820061,0.00361059129790615,0.686080545303246,0.0497260200282342,0.513126656488765,0.00912232999027792,0.79490492193851,0.0941201851898921,0.507257725694438,0.00511090606924557
318,50.5,29.011491975882,0.668984415664574,0.0485218318485524,0.501702127010512,0.00143672880720433,0.648788538425804,0.0402594496044805,0.514496970460224,0.0124460998415262,0.803355327266349,0.0990369535590161,0.516229128424231,0.00866996554610944,0.634375951875848,0.0358997715233076,0.507936060454218,0.0059636531943387,0.684034341735026,0.0486012653755386,0.511482190897023,0.0078176813675391,0.796239258676333,0.0931353574371288,0.506595453773138,0.00389362192006102
319,50.5,29.011491975882,0.666776152633763,0.0514005388288676,0.503589040177775,0.00368159503790342,0.649365047264842,0.0391540752435125,0.51383074191257,0.0115407958485651,0.805619012003735,0.096979310798459,0.515383031879581,0.0082382873961117,0.633491065427864,0.0375975665389234,0.506348199466548,0.00457932333348627,0.686111953503826,0.0471832425127304,0.513383173857262,0.00908540300950578,0.796529719174838,0.0917098925861428,0.508407225879855,0.00545160808236705
320,50.5,29.011491975882,0.667024612479724,0.0553320246916428,0.501618018926328,0.000965537896917733,0.653050727571268,0.0376302036147789,0.512583513279095,0.0109069094824183,0.807872343510775,0.0924657658037377,0.517979826304669,0.0131850637861676,0.633705369831704,0.0401129310527822,0.50403957328534,0.00302228295133366,0.687668386302113,0.0455827002916106,0.512098091628332,0.00854142838088111,0.798025173882043,0.0894685420177596,0.510464414467053,0.00806159120273992
321,50.5,29.011491975882,0.664935353942328,0.0570306251250491,0.503863878907895,0.0039610911411666,0.652333970702005,0.0359277572435515,0.512209203821948,0.0109355420268645,0.810224458069723,0.0874975828409495,0.518740506056742,0.012699243294929,0.630153941338798,0.0408159488611211,0.505725785929469,0.00453609557970964,0.688878597463852,0.0442193480854421,0.521523103237812,0.0156458923045208,0.79139508912126,0.084584631388864,0.51076133453073,0.00770076260895544
322,50.5,29.011491975882,0.664801085133601,0.0584893982674105,0.50149906473451,0.000468446339757228,0.652910753817773,0.0352252965853332,0.512088857724625,0.00984581823356256,0.810109800261189,0.0846225007683934,0.523286900654665,0.0114179667033883,0.631472558606619,0.0424887813645462,0.50925206837502,0.0085468764181614,0.687114167268157,0.0427712980869469,0.516459909838291,0.0113239525326555,0.79511501891263,0.0838365805948854,0.509565409400598,0.00657074407521371
323,50.5,29.011491975882,0.663717719220631,0.0591621033649692,0.501633075616339,0.0013709430790653,0.652913356380352,0.0344750195894316,0.510998568983396,0.00924653531913212,0.810012588307975,0.0823637452675306,0.522798123165832,0.0110528258003967,0.633123030677821,0.0444716726617667,0.50610445584215,0.00267528362671558,0.687675314558704,0.041918603885467,0.513290167950858,0.00846822603993654,0.801503943604099,0.0835143250397009,0.511693052235672,0.00682455473779423
324,50.5,29.011491975882,0.662985716791546,0.0585609806129811,0.501677838382612,0.00166125293203623,0.653411495502744,0.033683224968729,0.510890242226608,0.00853856218674481,0.810867674527531,0.0812151799381843,0.522228506866808,0.00999811072599758,0.632332263481683,0.0441124927477979,0.506001000509548,0.00266454170501069,0.69005558026882,0.0414776838473275,0.513165352323608,0.00821027791933031,0.803958742969176,0.081497396187796,0.51142934633556,0.00638374464424064
325,50.5,29.011491975882,0.662111281635747,0.0574970131314524,0.504038827487653,0.00417870800650974,0.652571744016024,0.032060755898936,0.511214605600975,0.00876901985978845,0.812026917755642,0.0799693892681373,0.522134473681636,0.0102529839294627,0.632109392319503,0.0433593748867883,0.505851244828379,0.00259324410724148,0.69030417647264,0.0404883300235933,0.512742847762787,0.00792868520494415,0.806441041309301,0.0781844677097438,0.510834268399118,0.00576925691325556
326,50.5,29.011491975882,0.663726838491023,0.0567330226710659,0.501379004875486,0.000949830205920063,0.653731144666433,0.0316356507524934,0.514887804317008,0.0118622052735995,0.8142534049119,0.0761803307280048,0.520838467122132,0.00874097596135267,0.631397190784743,0.0424813451983349,0.508151760430057,0.00454405900543779,0.688566065591063,0.0400473554669563,0.51063662134877,0.00602138811617422,0.810157709736851,0.0751871156989765,0.510492454822675,0.00518211073789789
327,50.5,29.011491975882,0.665833885168028,0.0553401516826766,0.501335211962402,0.000913865210858017,0.654198690635626,0.031787348391557,0.514057247403016,0.0119698530346312,0.815129599579594,0.0736434291547839,0.520618699443252,0.00966303497452153,0.627614647209074,0.0403030711304326,0.512173619951903,0.00743278768183011,0.687268635406975,0.0407599676027661,0.516867996616824,0.0114584357083068,0.807017077347545,0.0705358361462017,0.510020254347884,0.00517280097972698
328,50.5,29.011491975882,0.667320194012799,0.0542276280213015,0.501297401298275,0.000668123761591831,0.65501159614732,0.0326836321651588,0.512798784295791,0.0106258621512105,0.814834344295485,0.0712504210643114,0.519634135050743,0.00882275385287331,0.631496814642499,0.041141601441198,0.505951965772483,0.0028661158924549,0.691791880124973,0.0419916316351137,0.514454470198522,0.00948974686617982,0.813377032464147,0.0698863393390637,0.51107240292565,0.00575871358130743
329,50.5,29.011491975882,0.667494294089243,0.0531667175511489,0.503837799037074,0.00398452589805156,0.653992210023231,0.0331609260134272,0.509110144446445,0.00716716633195412,0.814130996195995,0.0739619710698115,0.520306251235897,0.00841634387376843,0.632488303961642,0.040333385534755,0.505623096218242,0.00250717053985748,0.692528100928993,0.0430429699534036,0.514036412104321,0.0100972525672994,0.813379135876085,0.0675432627782381,0.511192151250544,0.00551015105092627
330,50.5,29.011491975882,0.669225164103553,0.0524179630453716,0.501693161127841,0.00182584889325561,0.655428196245669,0.0339471346085404,0.514322132066727,0.012676199673326,0.813983254590156,0.0723162226884492,0.518723543187998,0.00883236416168247,0.632628498336305,0.0401218723675363,0.505478049168194,0.00255989430930843,0.693202023808148,0.044002521015146,0.512936862142974,0.00819807233201706,0.81342525280068,0.0667857578259387,0.510671181125525,0.00494403765338568
331,50.5,29.011491975882,0.670883963389464,0.0516256496849277,0.501647719889163,0.00156305202024927,0.654993287495137,0.0350290960859002,0.514017801427117,0.012456388541372,0.814470894626526,0.0740418571732869,0.517086987346431,0.00564878422274691,0.632844432845421,0.0397953590048456,0.50534071034762,0.00248530534815732,0.692799864351732,0.0458633213951664,0.51260761256672,0.00768734490743526,0.813842977358651,0.0669299244845197,0.510163994715985,0.00458260562456436
332,50.5,29.011491975882,0.671624611384258,0.0504257502125685,0.501571581926913,0.00137842935579799,0.654916515554427,0.0357222933038161,0.513308264713588,0.0110250204855003,0.814700940922683,0.073010003342066,0.516928424906788,0.00557957467582267,0.63507421055601,0.0394610593850543,0.505273959517193,0.00229934648549068,0.690828541806317,0.0469753512832803,0.51154128516496,0.00703899182398445,0.80862968697129,0.0676417150014788,0.514346201756169,0.0102859076918553
333,50.5,29.011491975882,0.674282858279753,0.0493751177341302,0.501407239397437,0.000985869464450978,0.654069311474519,0.0357264665548857,0.512779201931012,0.010965313133791,0.803140783785857,0.0774380099257367,0.527096254801093,0.0186043507722731,0.633182190182091,0.0377913068072809,0.5084970843606,0.00526451556664007,0.690141524491316,0.0472931845113377,0.512096637241893,0.00811404059647936,0.811994229265433,0.0675151191782017,0.508673557713864,0.0043127480266673
334,50.5,29.011491975882,0.673709362394294,0.0477605137705538,0.502326553808017,0.00231341936049436,0.6559936083057,0.0350646558445136,0.51229168768195,0.0102942338276879,0.812312199068532,0.0791082520508888,0.516316722756103,0.00520424160366583,0.634534582771181,0.0369198610221428,0.50572539696193,0.00240537054127258,0.690670172864189,0.0467798724470852,0.513006558500991,0.00778270087501383,0.812661962272221,0.0679884231969764,0.509036377736086,0.00405559364415167
335,50.5,29.011491975882,0.676311802498371,0.046789400611543,0.502267241315635,0.00212098785750317,0.655112858699852,0.0342934714809746,0.511461718749982,0.00923880199687887,0.800588625074354,0.0817721593480207,0.526166318939049,0.017955425414951,0.635848164500988,0.0357595183761199,0.50523329003087,0.00257474285493304,0.692172991387299,0.0457152319454794,0.516980234758966,0.0132170710468753,0.803740853118313,0.0672451950043715,0.51295301932411,0.00959106500686878
336,50.5,29.011491975882,0.675619869399173,0.0443309218485505,0.505149904283932,0.00526646142355186,0.656314599540378,0.034472571187098,0.507852991870746,0.00629736280992811,0.807909323427965,0.0821592547722498,0.516424138872204,0.00492771900154211,0.635315005093865,0.034632518951003,0.506593880811003,0.00397682740568134,0.693586858469994,0.0447307308034805,0.51697457737953,0.00998676981695649,0.80629301720566,0.0699314426201995,0.509026324329301,0.00328313091830077
337,50.5,29.011491975882,0.676330046386516,0.0435215607009997,0.50279300932081,0.00233739147167261,0.657793466445285,0.0338360617669578,0.513914635193019,0.0131052695934163,0.807805840477348,0.083461541157394,0.51554014821915,0.00423180298784264,0.634263784469728,0.0339360313753346,0.508906774581978,0.00518883367456951,0.694588568248435,0.0435610483997872,0.516538855265549,0.0121916181752982,0.804130309155627,0.0698250450226324,0.508163489311292,0.00317920258479232
338,50.5,29.011491975882,0.676129415642262,0.0432151299889662,0.502535637031019,0.00208891126096806,0.658394469199071,0.0324723183022361,0.513158663694645,0.0126148096426364,0.807798149756537,0.0832723673773434,0.515186408197238,0.00390154647116916,0.631997424565511,0.0333975968302977,0.515156442438333,0.00972507938844596,0.691929399891166,0.0415756265015802,0.516744852057157,0.0129279171337567,0.803665429969815,0.0719036661736722,0.508495271067645,0.0033722349371242
339,50.5,29.011491975882,0.675755216633025,0.0424042887775378,0.50245813722134,0.00206845016713053,0.657235862967234,0.0318522512220181,0.512328295176542,0.0120204665855509,0.807668828655714,0.0831461864153675,0.51436546703843,0.00389343276045503,0.636337775095164,0.0335922389944259,0.506967355474795,0.00469490575081714,0.695230587580195,0.0414454843466722,0.521684654657954,0.0115425450128234,0.80421359994833,0.0753055144764865,0.511046792056699,0.00523986064240716
340,50.5,29.011491975882,0.676934106963183,0.0419542550707918,0.502451155535751,0.00178023497490071,0.655889520906047,0.0320009182148329,0.511421141388045,0.0112049535777576,0.805931686619588,0.0819754951294997,0.514904970465571,0.0076905351686097,0.638960257438724,0.0334883383023039,0.507597949873982,0.0055950241269989,0.692173675386253,0.0414756351203889,0.516337600490292,0.00934453468839452,0.805653809446962,0.0773548691173489,0.510727007858818,0.00510557409467999
341,50.5,29.011491975882,0.676548092236204,0.040859887894662,0.502889480122744,0.00240977022111078,0.655346747964471,0.0337983647277425,0.511053630289237,0.0104481688565213,0.807506207503498,0.085016881007619,0.512956171181444,0.00336356044706065,0.636690342320689,0.032835386441145,0.511705616988154,0.00987312889168763,0.688714873209287,0.0427746449299105,0.516394353366029,0.00993410410664737,0.804195540060515,0.0819236525446682,0.510344264970964,0.00484455927174122
342,50.5,29.011491975882,0.67701920826562,0.0401607714293608,0.502559841813228,0.00177807274254621,0.655275655192387,0.0359046744092368,0.510958502447785,0.0098794461493935,0.80692252792744,0.0873774144186449,0.513153325306667,0.00468494468266124,0.637667900472785,0.0329583254064347,0.507443675591345,0.00516209647704551,0.690893485116741,0.0439837856655049,0.521114723129577,0.0165088903742916,0.800728457827102,0.0835857318846017,0.511043177346879,0.00615208564662918
343,50.5,29.011491975882,0.678086993274848,0.0399103464213591,0.502495033099093,0.00176601043325326,0.655371785183374,0.0371461672467558,0.510182541864388,0.00923000721502502,0.807394862344174,0.0899656118173832,0.512171847695014,0.00386714063932077,0.638798243907241,0.0333593854378006,0.508529205564535,0.00576491959351733,0.689375852357118,0.044151543970552,0.51560228813995,0.00978079321586044,0.805697362061927,0.0857956260816295,0.51069307010271,0.00582863757200834
344,50.5,29.011491975882,0.677115073085836,0.0404762965868041,0.502602585099389,0.00221951120202016,0.654942387456482,0.0374178345285274,0.509411431004426,0.00907147637264665,0.806765670731161,0.0912943430915128,0.51173710783695,0.0036873472239437,0.635628668018969,0.0333213038370704,0.506834116642675,0.00421953536241653,0.692204170459627,0.0454862134306757,0.524636407714085,0.0155141938212969,0.799083594614792,0.0866726297379301,0.510281388641265,0.00552002938153801
345,50.5,29.011491975882,0.67655451214599,0.0426171668643157,0.502478819301682,0.0018583568020061,0.654862210583971,0.0373221915442376,0.509228689939074,0.00911711749146247,0.805828025080206,0.0928427938493988,0.512453334548539,0.00569359461170011,0.63791239067132,0.0346057829575385,0.508335557278449,0.00564061256913965,0.688830325833038,0.0444451477326172,0.514099197352202,0.00835148705866006,0.806837930581933,0.0895292106432267,0.510296547809169,0.00524936389339762
346,50.5,29.011491975882,0.674159019741826,0.0443073685415442,0.504218262200061,0.00440803086603579,0.654091074084931,0.037048665629648,0.509270080031268,0.0086295440520132,0.805698552686731,0.0931624948071445,0.51263083512892,0.00619490343353362,0.634622967420832,0.0361407885292499,0.511022988236773,0.00947214854323088,0.687755329148619,0.0434648212453914,0.519456229971536,0.00941733045962143,0.802376355948741,0.0913011063362385,0.510161228990319,0.00520616863687976
347,50.5,29.011491975882,0.674460403856408,0.0476281144450537,0.502116412800172,0.00107252674631876,0.655491839067236,0.0366241125895634,0.509502715735945,0.00814730347840192,0.802222294062611,0.09629789457304,0.515808072619396,0.0118711601111764,0.635572599543078,0.038944859268345,0.509756009666441,0.0069045015952157,0.688972309578352,0.0434390466497836,0.521460094237068,0.0110547726818064,0.799292411633189,0.0939098701295227,0.510333677763626,0.00491872636843176
348,50.5,29.011491975882,0.672050181725354,0.0502582476923503,0.504119915095889,0.00332206503309105,0.654843018460276,0.0358029067097923,0.50908623169883,0.0083353279899758,0.800376693706148,0.099117092733131,0.515577018555635,0.0107621936646858,0.637250249582633,0.0420964679581916,0.508286595451143,0.00443182962989348,0.689353505338839,0.0427729549483038,0.516462813672877,0.00986620538446264,0.802087818290827,0.0984161530434704,0.509456180334391,0.0043805371979179
349,50.5,29.011491975882,0.671751881205652,0.0531140580256373,0.502462284919092,0.00184622332715687,0.655873187047945,0.0357513778834099,0.511464149674418,0.0124556252946303,0.797691355185992,0.10033464937265,0.514831778320653,0.0106497616818161,0.635348817749232,0.043452148556899,0.508386827436413,0.00443707408832001,0.690411365523883,0.0427752378118924,0.519452396484407,0.0142836172973215,0.795792470678508,0.0997947432928936,0.50891105828774,0.00409831723658862
350,50.5,29.011491975882,0.670269480817636,0.0539972062197366,0.502147497096178,0.00142866875692211,0.656107344341832,0.0357648595061164,0.511419733508816,0.0117928379102063,0.797815269093412,0.10357371324253,0.514427725531282,0.0103220580492838,0.632361698634914,0.0441651486086958,0.511001917099335,0.0083756585155222,0.687960027728936,0.042687747395385,0.520081536739613,0.0113610191844671,0.798506286399587,0.101478409732439,0.509140726460321,0.00409348816376077
351,50.5,29.011491975882,0.669676277097369,0.0553347822653779,0.502117690077758,0.00144702982154458,0.655645584778079,0.0347806679735118,0.510933908534424,0.011098722426948,0.797557936748316,0.106240565383321,0.5144485040451,0.0102098508377892,0.631139009175201,0.0447470696678851,0.510679074531908,0.00559314321499568,0.69060952484136,0.0425336871678307,0.525679584133668,0.0133110166293283,0.79114602937386,0.0990811175652554,0.510300243783851,0.0065280206397597
352,50.5,29.011491975882,0.668696410267897,0.0562942476120665,0.504191152298907,0.00399257378079551,0.654129225944444,0.033555893339365,0.508048441071063,0.0100760446445075,0.798942729445385,0.105265421506723,0.515662086142047,0.0103650125088738,0.634835787601859,0.047162066840073,0.50985257933471,0.00451917517312492,0.689372387437456,0.041280524961161,0.516930435404273,0.00916679938027863,0.802574241486966,0.100076717239519,0.51005487133784,0.00607444350638225
353,50.5,29.011491975882,0.668172683649361,0.05802306652603,0.50182711345235,0.00119135236703193,0.655845832703544,0.0333828024557113,0.512689280882975,0.0130601626573781,0.799462699911664,0.103314557776703,0.515007688908543,0.0104995440394679,0.633907480715291,0.0487764458893497,0.509437934772393,0.00367826370152796,0.690455636667614,0.041538050714674,0.515794432010002,0.00840150649415665,0.80304370713561,0.0992005795572526,0.510315231833706,0.00633066049546055
354,50.5,29.011491975882,0.666714984820099,0.0595179172999653,0.501818687309821,0.000631101198876749,0.656179838253296,0.0335877910185594,0.511695171303984,0.0121648171879365,0.801849524344721,0.10073687898168,0.51528877268455,0.0100770681111811,0.631540528735191,0.0499930828621655,0.511076902105519,0.0056099783284123,0.690080848402088,0.0422969801533138,0.515084871573106,0.00824624195128579,0.804592396433965,0.0967171168508541,0.510099925101608,0.00577913810146297
355,50.5,29.011491975882,0.665026730426338,0.0619860111346446,0.501988688316559,0.00139367579764993,0.655906968665559,0.0342334000092776,0.511345381689161,0.0113294625321639,0.804193060732701,0.0969216377271391,0.514429686040886,0.00945894729485539,0.629492261074158,0.0512913360589425,0.50784819542557,0.00316530617052602,0.693468558598763,0.0440016729707658,0.520558235535661,0.0120620843788551,0.803235183102636,0.0915000247604813,0.509509737494673,0.00544641158076554
356,50.5,29.011491975882,0.664458421711412,0.0641827521675044,0.502035757647065,0.000996418765924896,0.656102471922322,0.0347833402440247,0.510850859087043,0.0109005737928195,0.806210885842419,0.0936936639688273,0.513599931047249,0.00887861519948159,0.62758359267109,0.0517595130277029,0.51331877824267,0.00936980911152096,0.689565268116186,0.0440788263499376,0.515987285476481,0.00847561778103629,0.808184486098717,0.089719789102214,0.50848897231368,0.00541544013848266
357,50.5,29.011491975882,0.664353012097755,0.0646360131834923,0.501926407217235,0.00117406037774158,0.655734209760735,0.0352809074894325,0.51072955868217,0.0102653479345219,0.806178048813891,0.0911935938029168,0.513882714270045,0.0119198560159452,0.629047693596074,0.0525275061508983,0.508304223674244,0.00348097542305292,0.691691943930467,0.0445852780094622,0.514531652610003,0.00791427340567148,0.808502394328646,0.0879821899134544,0.512593159763826,0.00925262840305292
358,50.5,29.011491975882,0.664164012932175,0.0637572061151765,0.502012888603532,0.00126168182781269,0.655245742312936,0.0358436553087299,0.510025055933245,0.00989169368358389,0.806898668333889,0.0896041358774388,0.512541360295507,0.00780722653967993,0.627395074806084,0.0506964420783213,0.509266800800108,0.00506098998483755,0.691864588302817,0.045367156509469,0.517396717243723,0.0110630658405723,0.804889963325324,0.0862393920713829,0.512189793331806,0.00837884649489325
359,50.5,29.011491975882,0.664068255378261,0.0619758577756099,0.502023308743433,0.00156858048127062,0.656631734779808,0.0362319400759246,0.509076793644441,0.00932088639771079,0.806844480084154,0.0898799452192607,0.512359495467599,0.00753777117320662,0.627394971559537,0.0492443949425699,0.510371864122425,0.00502869711121311,0.691646142612326,0.0454461681456126,0.518323931241403,0.0117554048267515,0.803176964072807,0.0857985584532712,0.512045431877139,0.00786078395660337
360,50.5,29.011491975882,0.665315850780851,0.059234074640413,0.501814295199566,0.0011951465851204,0.656672970797359,0.0356224915582225,0.508788302385066,0.00883148272487364,0.805841479411589,0.0893782629575168,0.512551461737039,0.00763448499837207,0.629729511015747,0.0474259541396147,0.510395884603318,0.00440086940842542,0.690451473337629,0.0447870564733849,0.515975071116443,0.00810285324805543,0.806243988430648,0.085706195316246,0.511913456964473,0.00728629594700267
361,50.5,29.011491975882,0.665695121083509,0.0553821147637882,0.503876198109784,0.00392329013439994,0.65541427391954,0.034940832741239,0.508028013146435,0.00831784506878098,0.806076394763561,0.090410932111442,0.514023135782048,0.00787696423565614,0.630602962699885,0.0450769935983506,0.510443425837829,0.00442933466250453,0.691462867498304,0.044103901707065,0.517700505140043,0.0083444193214325,0.805537638370349,0.0875403685935577,0.511134011602226,0.00690657563399692
362,50.5,29.011491975882,0.668743535461355,0.0524497511865664,0.501832468425205,0.00125347729991886,0.654769189936204,0.0342867352402824,0.512415399710705,0.010511352089827,0.795850581458935,0.0880373524755091,0.523550213038843,0.0203091970782809,0.629089193114541,0.0416436470347995,0.505795206049328,0.00258004188146002,0.695947928353926,0.0449294498835473,0.531435876151003,0.0165782201639949,0.795101710070146,0.0842355975352064,0.510867282854451,0.00636895839948189
363,50.5,29.011491975882,0.669160723484639,0.0481635940136873,0.50477472542961,0.00399757623276391,0.65414946928672,0.0348666409366062,0.508658267578666,0.00893252796834299,0.808516755927656,0.086619694672903,0.514067123378975,0.00766894410338025,0.633497243668028,0.0402948341752267,0.510771289986471,0.00555384008274999,0.690764067402344,0.0458590446025759,0.517388113200825,0.0100866247846295,0.799230914308843,0.0843809138449406,0.516014717667491,0.0103871765406741
364,50.5,29.011491975882,0.668894827825512,0.044711134913043,0.506695824532073,0.00553371944019435,0.652554268377881,0.0350282154180505,0.511862206533467,0.0135831287471546,0.811824595309862,0.084919667375469,0.51415618675541,0.00667699274949187,0.635193972617881,0.0379840046365807,0.509136317637215,0.00407548168324133,0.692261436262321,0.0471132821554634,0.518068036465756,0.011090973217633,0.804801638064985,0.0834499003797537,0.510446472979353,0.00651711381048761
365,50.5,29.011491975882,0.673616492101764,0.0423109588330887,0.504574180858848,0.0054494174435074,0.653368009366308,0.0355870117609785,0.516407307524374,0.0128507562656546,0.803816652233063,0.0800093118829268,0.525008383879952,0.0181087301774109,0.636226361362126,0.0352543557281948,0.508626764256657,0.00391531974347798,0.692293625162155,0.0477483975505102,0.517500051078974,0.010866490302958,0.805781527871612,0.079582302515391,0.510317891352581,0.00626216708923914
366,50.5,29.011491975882,0.674697374106811,0.0410962921499732,0.505335148318257,0.00513564899670336,0.654373053559331,0.034575699400171,0.516216593685614,0.013012969429391,0.814841911507022,0.0780390366856855,0.513549315134562,0.00830054183645166,0.637498280555202,0.0344716243793675,0.512720039747141,0.00640894978143338,0.690096685706167,0.04657022928319,0.514021068490791,0.00889595948703679,0.805808293993057,0.0779055301386426,0.510122703568931,0.00592074752719484
367,50.5,29.011491975882,0.672881790369853,0.0403872737182462,0.505855114656783,0.00546554914454026,0.655438805571356,0.0340114638564756,0.52707383654854,0.0145029527572236,0.813695595808765,0.0761060258984993,0.514806388045639,0.00631401201487088,0.636640633923624,0.0328529698026271,0.512018331101533,0.00623267115421241,0.69134643878063,0.0461542944951618,0.519068013833246,0.0124209904197705,0.807679098588393,0.0754625866742373,0.509818579390764,0.00556393527622595
368,50.5,29.011491975882,0.67573035231691,0.04038452097568,0.503258164638925,0.00267061653357411,0.655215490695182,0.0329304238401644,0.527979191205878,0.018830284525062,0.80601355490416,0.0726117470233562,0.5270398719736,0.0199114600033554,0.639145549920664,0.0316636804380461,0.507515308721132,0.00314845787132349,0.6957796805279,0.0456473066155925,0.516880665428106,0.0112216189257314,0.807831724174509,0.0744249914969438,0.512517560522995,0.00898720704938711
369,50.5,29.011491975882,0.672947376721935,0.0389946477181181,0.506163294229566,0.00476530675438284,0.655203863343521,0.0320155167682684,0.529530958007047,0.0210321097797478,0.814808747187813,0.07409759088728,0.516417426528718,0.00937286592358882,0.638140020958409,0.0308582157030648,0.511650633658285,0.00588433573776227,0.69325863822391,0.0438515324016141,0.516406706073694,0.0112927248118761,0.809856178805432,0.0738762386283441,0.512084945791804,0.00850527517341695
370,50.5,29.011491975882,0.67337663535946,0.0393125477255673,0.503971024240012,0.00224826051206386,0.655471610024752,0.0328084970628644,0.526147786202973,0.0165068666520521,0.816301157775223,0.0725239112759628,0.519186263843854,0.0129214027306881,0.637621704734286,0.0313438603415977,0.511897940443862,0.00565179413737404,0.692775609512169,0.0440857281284403,0.523193240027822,0.0109868602033667,0.805919808734755,0.0727580967193592,0.514622189406526,0.0103223405867247
371,50.5,29.011491975882,0.674088589530383,0.0404318338915032,0.505844547303905,0.00406729741241467,0.654166510961121,0.0337458355921052,0.520347681632789,0.0179990730631521,0.817818499783486,0.0714751699632501,0.519327035680493,0.0111321496840272,0.639850308965467,0.032172769811369,0.509965371187317,0.0047771691351593,0.693214453560631,0.0449275345986361,0.519921721657721,0.0127356120325573,0.812569232595781,0.0691621993167737,0.510743601542326,0.00685716980540866
372,50.5,29.011491975882,0.674656339223705,0.041653745490954,0.503576861634754,0.00205490936871074,0.65402018474782,0.0355312410053212,0.52584950265061,0.0149225244427288,0.818965277965462,0.0690042784536958,0.51802179175182,0.0106149885648323,0.638335950451297,0.032952298857931,0.509863657333744,0.00521150220200736,0.691927224480103,0.0467418487784544,0.520994822795775,0.0122337859119691,0.813458852452068,0.0659245292558845,0.510812968091647,0.00621106771001619
373,50.5,29.011491975882,0.675605327068177,0.0433947385761731,0.503459895658233,0.00188912942068073,0.653184636839539,0.037080954018607,0.52503258772453,0.0144512532588384,0.818944200559037,0.0687017999609606,0.517421556893487,0.0100375006665221,0.637637008618374,0.0336302540577988,0.507212128038254,0.00279717333332326,0.693103893958392,0.0497881623871104,0.52603242998044,0.0174409156893582,0.809182110570072,0.06340349410108,0.509948122214989,0.00584099163768193
374,50.5,29.011491975882,0.674550529127193,0.0440102372643362,0.505367861678754,0.00447950435307289,0.651725821412124,0.039012210138033,0.520533373284381,0.0157546646280732,0.821191166765757,0.0672819945971816,0.518564485627232,0.00921885169141183,0.637845848423444,0.0340455138165552,0.510210625329059,0.00461885228055939,0.688881448816405,0.0509129776283563,0.520686634498757,0.0124212456837098,0.81655358511659,0.0633102141099777,0.50950271827516,0.00553613787714995
375,50.5,29.011491975882,0.675152847136597,0.0456993364636161,0.503202930659573,0.00168210194497274,0.652770668447621,0.0410742965071364,0.524336898731919,0.013827867230206,0.820364420287263,0.0658863040318573,0.517473292332798,0.00961272188364214,0.638881519197334,0.0355405117001848,0.50954657708949,0.00513834622393487,0.688778870863778,0.0528253139385968,0.517578341694478,0.012272793095522,0.817087227822041,0.0612261289764092,0.511370833770875,0.00667406237671843
376,50.5,29.011491975882,0.674579380902495,0.0464486936675929,0.502911244437713,0.00139890907576714,0.651923218095268,0.0429481147431727,0.523366134799169,0.0125027133350236,0.819145337808334,0.0672257641944536,0.51671347011302,0.00882612763961112,0.637735712970177,0.0358423508641049,0.507139786872677,0.00258626477154252,0.689903823600234,0.0559401818052255,0.523278874552474,0.01573789461892,0.81011951474905,0.0585528346049275,0.510913735998382,0.00586438976960525
377,50.5,29.011491975882,0.673342886487645,0.0471450027730284,0.502895733440723,0.00160283026912131,0.651354428355828,0.044688824233381,0.521726278639546,0.011770954143042,0.817120101823888,0.0683667608953205,0.516661137941661,0.0104196264339353,0.63808081631119,0.036503624918102,0.507990612590956,0.00313372711004323,0.688862948439055,0.0582512273009436,0.516937007861223,0.0099475525586094,0.815059527892007,0.0603877470584374,0.510784056562435,0.00557098260212275
378,50.5,29.011491975882,0.670798025683318,0.0480801091125686,0.507088805178959,0.00466227295318615,0.649445343935577,0.0463345247328003,0.516729436265125,0.0106918460345834,0.814865685802543,0.0726391905512233,0.517060772575186,0.00865166404507831,0.635651078992018,0.0371723960514289,0.507845983384083,0.00291720560950583,0.689848276918214,0.060690587174136,0.521035045787378,0.0146242082568317,0.808259450426135,0.0629776434828805,0.509941627433157,0.0051708974788308
379,50.5,29.011491975882,0.671321918804446,0.0505069271992154,0.502516304148818,0.00170755690507385,0.651376622896099,0.0481965067477429,0.526552246606832,0.0155446282663211,0.811726987165691,0.0737281215787707,0.515440362080849,0.00949934571185066,0.63566103683876,0.0387460266595731,0.510516063204538,0.00471307991850182,0.687377799908015,0.0607708435196389,0.514810013462013,0.00924791222935083,0.810152060821523,0.0699093797796577,0.509943913415455,0.00491322506917454
380,50.5,29.011491975882,0.668716036143161,0.0508924137646878,0.506847491283794,0.00783089103569086,0.650313244416523,0.0479269403170534,0.526999014270368,0.0147533361830083,0.807267918053349,0.0801121656670517,0.515034014770918,0.00676068311581985,0.635929417683954,0.0398649836386805,0.507480685012329,0.00287255786124143,0.68825476731436,0.0611556546829226,0.516004347995827,0.00923014181274381,0.806312351880778,0.0756229520142038,0.509056416130383,0.00459996103550884
381,50.5,29.011491975882,0.66999364988066,0.0520638416005842,0.504418308957802,0.00370047820789329,0.650500302866713,0.0482556940051826,0.53245634556322,0.0192572057570411,0.805602835882072,0.0867490525390042,0.515173663037967,0.00824128132814201,0.635741211419179,0.0398250630870361,0.509790981642414,0.00446703806154559,0.686236801327844,0.0601145606009356,0.51394903104991,0.00797042263963966,0.802208648002771,0.0820763105403753,0.509207954714542,0.0040811279570584
382,50.5,29.011491975882,0.670501444727995,0.051550633960722,0.50445903614198,0.00405403362518194,0.648702308516622,0.0492097990950837,0.526962138442603,0.0187100082040903,0.805681460819232,0.0877570523019218,0.520775640340274,0.0125043835318466,0.635866392785702,0.0396946646114968,0.506762005936064,0.00264088316183588,0.685134256989894,0.0616012240175507,0.516181279269894,0.0104161576730837,0.801081765438922,0.0861474696246816,0.50876085376263,0.00391672016172553
383,50.5,29.011491975882,0.67144889154273,0.0501625735006001,0.502119023623646,0.00125814372223925,0.648417765976756,0.0517353855331899,0.529971857098104,0.0183029560205138,0.804992838195178,0.091155699373017,0.519211851668679,0.0106822892844524,0.636798575940312,0.0398397662736055,0.506926915621059,0.00404768194903919,0.681491032718013,0.0631121252803988,0.514325518830424,0.00888972546223175,0.796138752339121,0.0885584087137303,0.512395846857907,0.00843066955566572
384,50.5,29.011491975882,0.67290778585327,0.0479367258165991,0.502011429744128,0.00130501254910163,0.645929004539516,0.053981163692999,0.528459289324579,0.0166933527375382,0.803726949056573,0.0951510796048671,0.518617565632405,0.00986179048173431,0.637284142295613,0.038817249648048,0.507251622437434,0.00286343673076424,0.678724942721226,0.0662641159632723,0.513811469802781,0.00874727718598197,0.795372313597024,0.0919676437730791,0.513596027558371,0.00860840742486985
385,50.5,29.011491975882,0.673253345459315,0.0465271205820037,0.501943353997141,0.00104832524802431,0.644602053148658,0.0563721863192177,0.527226491850791,0.0154664780446167,0.803497063312328,0.0999939537340489,0.519320618100423,0.0107708870125027,0.635880405013336,0.0368974199777905,0.507543422676258,0.00332300078697871,0.678960149683501,0.0703867009094194,0.518696886310859,0.0151953999586742,0.79576263206321,0.095277862625796,0.508526024149028,0.00338611823793328
386,50.5,29.011491975882,0.673244429428814,0.045177579174796,0.502018357887073,0.00171961127463344,0.643157472713717,0.0586138110100839,0.525528880048737,0.0141364008801083,0.8040759809869,0.104284702417035,0.518212026553203,0.0102937436943132,0.636784790704969,0.0361781576053709,0.510238609812595,0.00455845438290202,0.675081675610583,0.0711175991575137,0.512832723042969,0.00774248964680282,0.800434494188217,0.101090369791144,0.508486439199714,0.0036311340383783
387,50.5,29.011491975882,0.673540702251894,0.0435261022338153,0.501848305402194,0.000935395317195696,0.642898523793817,0.0606487680587427,0.523407941616228,0.0135386434269618,0.804439442630863,0.107290484047743,0.517115376964549,0.00882418907732536,0.637157833404472,0.0351268980714888,0.512160404124683,0.00765900494081463,0.673097016398257,0.072268262803536,0.512071637476627,0.00666276893164605,0.799358371544314,0.102173379586369,0.50817375970858,0.00346834990972145
388,50.5,29.011491975882,0.673167438335136,0.0416961389884073,0.503939063274445,0.00353712420767592,0.64105258203934,0.0615567623325245,0.518148373709437,0.0117016153081637,0.805247615507924,0.107216847006757,0.517777781546823,0.00959335333809635,0.63759803009352,0.0343850704870137,0.509724449063731,0.0073345733371861,0.674357733238979,0.0740437488107247,0.513677088581755,0.00856891557657678,0.800711308588862,0.101371980307174,0.508586003108029,0.00636686627343676
389,50.5,29.011491975882,0.673893775488775,0.0406299719900713,0.502096027800462,0.00243992841585219,0.641699433449756,0.0611512030180703,0.523608866830943,0.0158680946112267,0.803201929789396,0.104697926386574,0.515734034028756,0.00823685278038919,0.63737825576543,0.0334507633389085,0.50728968339746,0.00396218879381545,0.676031642121456,0.0748976534522861,0.520896454813308,0.0175559480792666,0.795393374758532,0.0981733806855118,0.508839967928196,0.00577064997149953
390,50.5,29.011491975882,0.673794347383176,0.0398959482300755,0.503863860074117,0.00411218289849872,0.640616308027471,0.0600688209225764,0.520646691859416,0.0134845759680083,0.801499507377319,0.101998143471179,0.515569484421237,0.0080482360245827,0.639226545638674,0.0329790947433617,0.50937754736942,0.00478847119059162,0.67357970378618,0.0729302632162679,0.514450497175553,0.00977831205526223,0.79880665710536,0.0993305702278032,0.508380714921947,0.00551225740202253
391,50.5,29.011491975882,0.674973369047055,0.0387731945349444,0.505772200225346,0.00488938428160619,0.639195086306603,0.0587782707882639,0.52139165469297,0.0176963960076132,0.801282067048527,0.0997104904503884,0.515569486924101,0.00728807740809206,0.639973785469023,0.0324917060942515,0.506955972211048,0.00427471131096956,0.675185069842736,0.0729838902759978,0.516100694775978,0.00985670244751855,0.796312033855345,0.0970414397367257,0.508411124172859,0.0048749723447737
392,50.5,29.011491975882,0.677595545900878,0.0379757010838718,0.502072371881551,0.00213377363280235,0.642253831658415,0.0589426655094534,0.530354989025016,0.0189894381138749,0.796761536431301,0.0999695946949451,0.515134456475966,0.00866402698287422,0.640508552859801,0.0319845227124526,0.506832388888661,0.00451450414575826,0.674678258730065,0.0715970514039819,0.51491779040418,0.00887416388196387,0.794164883798822,0.0954464189632014,0.508400709395185,0.0047936665740196
393,50.5,29.011491975882,0.677604046962346,0.0375570277786724,0.501915997500401,0.00193136590904592,0.642207350034727,0.0581993739323214,0.529055740142964,0.0173490767496933,0.794132835797807,0.10000950209573,0.516045692413857,0.00976437023502649,0.640327849171738,0.031654154393985,0.506575180627077,0.0041566261951704,0.674123687955481,0.069869767398158,0.514289985714586,0.00828759052291693,0.791414184722254,0.0959749405409135,0.507834733360697,0.00431717134261962
394,50.5,29.011491975882,0.676354468476566,0.0366760126029238,0.503614459963213,0.00420082015036693,0.642529192776106,0.0571480441299514,0.5279262141423,0.0174284343649455,0.794438921528199,0.0998333484920215,0.515358712121733,0.00637784009118245,0.638309330114361,0.0305518894833557,0.508482752497747,0.00468814885232569,0.674350077697903,0.0689686907670935,0.518614326786202,0.00975111600706458,0.783240795760759,0.0962191423719503,0.507748114300922,0.00439860201161701
395,50.5,29.011491975882,0.67679728282365,0.0357827388515354,0.501936924604175,0.00143822819306043,0.644848133268795,0.0572849020055871,0.529286351765476,0.0202195525192613,0.793804241482604,0.101960589033439,0.514233200399125,0.00615671346477593,0.640258426524952,0.0303346200902969,0.50899111630767,0.00689692710629666,0.674154261058618,0.0687698182958,0.514940507982188,0.00728169999208596,0.787686557544697,0.0988652940797423,0.507809210416284,0.00432205900599436
396,50.5,29.011491975882,0.675076147022235,0.0354535211346792,0.503934016798453,0.00356097146485365,0.645091701896988,0.0562175303134377,0.523773869597661,0.0199441819735066,0.794651932760456,0.102136574481212,0.514164078514847,0.00730084957084421,0.639448807892421,0.0296299910273606,0.50624462974922,0.00331716081174004,0.676559299797972,0.0688544719243531,0.520343631734118,0.014299245949534,0.784870153122109,0.0986825608340304,0.507865016961942,0.00488897262564113
397,50.5,29.011491975882,0.673913293657732,0.0360959962609361,0.503863029149939,0.00361457779046387,0.646769813670459,0.055662378002305,0.529421987484782,0.017610344432686,0.795700455294851,0.101348585439578,0.512250330143358,0.00646782012789992,0.640148263476181,0.0297905532652502,0.507226422818167,0.00429589101634947,0.676509430221475,0.0672410066257507,0.514829172275435,0.00829295358189319,0.791351630617422,0.0995910083142547,0.507633881500045,0.00505284106085458
398,50.5,29.011491975882,0.674008708327199,0.037714174306991,0.501625099711316,0.00109160370090262,0.648498813635911,0.0550994335709596,0.528727039823839,0.0163550470296942,0.793934760999295,0.0991594221422152,0.516877621141989,0.0142893030508805,0.638933733747258,0.0304951761915099,0.507055331467277,0.00425489316536869,0.676987247858719,0.065759231562602,0.51379508906923,0.00765536010239292,0.793735260130654,0.0982789065816451,0.507516949121189,0.00430951531919445
399,50.5,29.011491975882,0.672252947843826,0.039043125387951,0.503014602104654,0.00331218479339573,0.648281279570622,0.0531350965273431,0.521032796446194,0.0170030569082424,0.799671813040761,0.0937646657535989,0.516633454263479,0.0126679620520235,0.637690774822185,0.0317623035030903,0.506652590527233,0.00402448196816556,0.677982916819018,0.0645840511431108,0.513229813748988,0.00745529888006268,0.793695544842911,0.0952776836143629,0.507766609383478,0.00464330508710388
400,50.5,29.011491975882,0.672060742581075,0.0429031274966006,0.503080550672022,0.00339221913930274,0.648832282228468,0.0515182188953166,0.519234820265476,0.0158311341584,0.798853979878567,0.0897895296397191,0.516937078775371,0.0112001126597937,0.635680380946825,0.0336084385214344,0.508497007303434,0.00698992594732452,0.677800569815752,0.0630500932312674,0.512962218520566,0.00762160253084267,0.792505371811003,0.0922209368170446,0.507464464423153,0.00508524874077736
401,50.5,29.011491975882,0.671582877948496,0.0460994502851081,0.501873323089258,0.00171544371732183,0.650531229580698,0.0502189424858512,0.523991422424907,0.0168803969705835,0.79499665621915,0.0872876237164973,0.515650293509472,0.0104504776323118,0.635198339120114,0.0362069415672857,0.505915827821458,0.00345024687251538,0.679886843766762,0.0619947233007027,0.512195938847497,0.00698993628541783,0.794153523024687,0.0878446391218758,0.508846372095969,0.0061705249262901
402,50.5,29.011491975882,0.670913479147361,0.0492013955230661,0.501761355150202,0.00142020661985025,0.651375473980947,0.049071051751166,0.522484488786191,0.0156660026150332,0.793860294252074,0.0845772964068655,0.515785024263583,0.00986701530243932,0.634517135376075,0.0385197854346096,0.505913446800986,0.00352445910505022,0.681303186168477,0.060857039168626,0.511467435233867,0.00601510653004999,0.794665227046463,0.0846710464366886,0.508750677961508,0.00558116198082929
403,50.5,29.011491975882,0.67174623845791,0.0518854690816703,0.501835118861021,0.00161750110208462,0.652370524314181,0.0488440146020111,0.521190568303097,0.0148828881196284,0.791768651352636,0.0832797280664482,0.514927274195696,0.00922165557702791,0.633717170428323,0.0396737176955679,0.505355627223136,0.00280524844846944,0.681537834059593,0.0596061804353389,0.510865747281622,0.00590577242644029,0.794835329957976,0.0832290763051038,0.50830817903526,0.00532342733664346
404,50.5,29.011491975882,0.671072001553663,0.052723664699003,0.50179011143153,0.00144594723101868,0.652966087752287,0.048098890379219,0.520120728827009,0.0140137607309627,0.790292786202042,0.0848421248535624,0.514846473642002,0.00915263539802618,0.633223812090884,0.0400464558657317,0.505476103922888,0.00350735591116728,0.681697346112722,0.0588097913974264,0.510330208565357,0.00580627551579581,0.794231263391706,0.0848145287848914,0.507987718643328,0.00528216071166094
405,50.5,29.011491975882,0.670107704944665,0.0532164567046801,0.501527044596546,0.000798363319624605,0.653507357768589,0.0478797914439714,0.519189612546173,0.0132886405821336,0.790635677371864,0.0871873745641983,0.514648905593877,0.00861065527291212,0.632026608921882,0.0400299022508379,0.50735543525816,0.00446808863837133,0.682462773476248,0.0582019465412682,0.509563825394588,0.00560272922932524,0.796193053398942,0.0874849865558071,0.507796768236258,0.00506101837987853
406,50.5,29.011491975882,0.668581279602187,0.053573146641654,0.501623283926664,0.0010472459318487,0.652837971173312,0.0476948997315487,0.517850757039896,0.0123247427337158,0.791788260643938,0.0906802628498226,0.514834019513964,0.00781471763117353,0.632660009401776,0.0406635209377455,0.508636042217184,0.00624526986226702,0.68042247904426,0.056837824139779,0.511199474788172,0.00705887902319754,0.797621429594263,0.0890543915721801,0.507365794323059,0.00456568709231514
407,50.5,29.011491975882,0.666476416613545,0.053557098429039,0.503420702292091,0.00349120439689888,0.65071009356816,0.0474994599908192,0.516947970531443,0.0124138417388045,0.79293868133253,0.0953620728438583,0.514853582208669,0.00695461023193567,0.632579440142001,0.0410905192067256,0.504946942588904,0.00250477532379806,0.682905487253532,0.0573588813723265,0.517577946540514,0.0148670226090966,0.794415037882358,0.0909630250006645,0.507272344834218,0.0045360631346249
408,50.5,29.011491975882,0.667389545468537,0.0541569453251811,0.501649258221165,0.00134459355022209,0.650680490390195,0.0476030541108065,0.524102401549043,0.0218979330725729,0.783907922419138,0.0937662976418189,0.51758695466708,0.0103779588590881,0.632956995616318,0.0422840455371343,0.507405605295411,0.00483057716291426,0.678880931471103,0.0561297219861755,0.512633621501249,0.00746051752523875,0.799417359064319,0.0903662580072214,0.507226820674691,0.00407482790763429
409,50.5,29.011491975882,0.667800682308782,0.0554713051016903,0.502485539413087,0.00238570204098284,0.648230086697846,0.047057531577393,0.514978871511235,0.00984197886826955,0.791934862115565,0.0914263574090264,0.517245643179944,0.0110499130218461,0.632403712687308,0.0421907001473854,0.50543249398347,0.00235456680442668,0.679746945742053,0.0564785753298474,0.513671120890933,0.010652191144175,0.799657685512942,0.0913392430658398,0.506859561481825,0.00409150413092505
410,50.5,29.011491975882,0.668177193716808,0.0571603026223539,0.502440514196643,0.00245788699518188,0.645741446305641,0.0462465124766197,0.513509442845553,0.00997656157490519,0.783960196015742,0.0881149056857355,0.527209913329736,0.0208115098961978,0.631003685816723,0.0427675335141875,0.507688359695451,0.00481272082709018,0.676215017341726,0.0563271343303953,0.512619033660328,0.00939474234635828,0.801756159376969,0.0910502766042288,0.50702068128711,0.00376554815960121
411,50.5,29.011491975882,0.666365286847841,0.0573147603418021,0.503139075420733,0.00235296889192201,0.646092378172046,0.0467681136094539,0.514040231537546,0.00970624403129401,0.79367775601343,0.0884194378041037,0.516347247428244,0.0101682562441769,0.630440525887763,0.0428697722712436,0.507683977445319,0.00488838753504428,0.674758133303859,0.0573079160422916,0.512161593972538,0.00948068875708134,0.801213089120118,0.0907017487356391,0.50880792998025,0.00579402088609678
412,50.5,29.011491975882,0.664880668979912,0.0569477252390346,0.503036724000722,0.00249503182927937,0.645833943245926,0.0475302599439789,0.512929780369349,0.00906242912967074,0.793737418617816,0.0906666462216068,0.515778414747202,0.00950382081819242,0.62981445806566,0.0426451543787084,0.506937949324331,0.00456741999397662,0.674543029715225,0.05828494520323,0.512257146692181,0.0114625001091967,0.801888835940517,0.091956783031366,0.508528461605526,0.00546370272250623
413,50.5,29.011491975882,0.664795816121074,0.0560192087456349,0.504692557560206,0.00464603949711215,0.644928243798468,0.048367061406167,0.509711686023427,0.00812339239114923,0.796866475935703,0.0941671967077436,0.516137787683977,0.010043761770292,0.629974544631813,0.0421368782951519,0.50707889139901,0.00416709181884175,0.674510278203127,0.0580893602794508,0.512991862881774,0.0125116623655557,0.800786664132243,0.092847861158399,0.508748744133771,0.00507828030502237
414,50.5,29.011491975882,0.665962805173667,0.0546333114959283,0.502803636685065,0.00214916897157221,0.645837804180395,0.0481554666299074,0.515722237681327,0.0118398482391497,0.796369497293128,0.0953638690613255,0.515330690674485,0.00893701975167625,0.632415291486279,0.041663903628732,0.505027913002615,0.00169499909113544,0.676937452959422,0.057598865476328,0.514192781976933,0.0114661268163508,0.795555328896619,0.0927874915618344,0.513175451156307,0.00793094444523431
415,50.5,29.011491975882,0.669015260827228,0.0531651203910581,0.502826955975409,0.00222563246996473,0.644798995008514,0.046996474573039,0.515413577861972,0.0115878220259722,0.787409944845038,0.0941333429907336,0.524235078169807,0.017245712037298,0.631023780424327,0.0388845531637512,0.51018841889011,0.00558671177287864,0.675209778962397,0.0570326883981264,0.512093312654307,0.00969215424892768,0.799864867722225,0.0953227985670299,0.507966078077545,0.00456703244884537
416,50.5,29.011491975882,0.669024167688723,0.050351692029846,0.50344098773606,0.00219459969572943,0.646351984100524,0.0469220238529023,0.514371622311161,0.0109987206159459,0.799794185907382,0.100248524831178,0.514596404059947,0.00823227696569699,0.634235558159442,0.0381662259047314,0.505682838455837,0.00270068547321672,0.678374879325015,0.0580807222881301,0.515820599090641,0.0113937214089813,0.800131618568372,0.0963468549318065,0.507871985976445,0.00404780365116532
417,50.5,29.011491975882,0.66986377394649,0.0477958487483385,0.503206145867826,0.0019985240414223,0.644653256381213,0.0466149797974132,0.513386767963005,0.0103682970131243,0.800498699216208,0.102029884119158,0.515071125722395,0.0077663464863058,0.633906456610891,0.0361143734448642,0.510018884128645,0.00871299655474659,0.674050567060626,0.0575455538233944,0.513289845832223,0.0108285512155079,0.799387532240492,0.0972872750895031,0.508035594601931,0.00406411816578248
418,50.5,29.011491975882,0.668637393331686,0.0461515407284164,0.505199894294002,0.00442060372550971,0.642385080230114,0.0471031265915828,0.513007827983342,0.00958036295927788,0.800036130760899,0.103153805487919,0.51390539368003,0.00760747864702235,0.635241899601366,0.0357029170161888,0.50747587120477,0.00460973108546487,0.673388396417579,0.0597582210097456,0.516541954129347,0.0119363007462407,0.798467754188987,0.0964482296776468,0.509594418544465,0.00476055968732267
419,50.5,29.011491975882,0.668422139747487,0.0455429212666296,0.505110271714152,0.00446599884173019,0.641340502113525,0.048889432836832,0.513133611745227,0.00911552295048812,0.796062204795702,0.105265551906871,0.516916441699909,0.0137246769689945,0.636348690351093,0.0355375489369909,0.505169856504772,0.00249858138471659,0.672342201299686,0.0621046492869275,0.516555158284943,0.0120414148911231,0.795429430286168,0.0979633340791661,0.509910018310702,0.00459839093205199
420,50.5,29.011491975882,0.6685246975729,0.0453851296855057,0.504907520519449,0.00424367684810549,0.639364943830633,0.0500952719009662,0.512495484492457,0.00859799566640424,0.793986885559223,0.105810066310664,0.518775127933526,0.0197754257250465,0.63704832974735,0.0360636836673091,0.505015094889268,0.00238013744570474,0.671190528429309,0.064776841170988,0.51590049010848,0.0111280141430228,0.793158335156492,0.100250088914923,0.509315318097814,0.00437049635120885
421,50.5,29.011491975882,0.670719253932934,0.0471821940251712,0.504778813017067,0.00372998391309012,0.637823101857218,0.0513040726058079,0.507839795786353,0.00560030748630603,0.795599072500009,0.107714198787555,0.523514561258057,0.0196729122836596,0.638648418578243,0.0368875289252728,0.505168080826192,0.003136659524506,0.668631272623431,0.066039122516221,0.514639102665356,0.0103069883041618,0.788767712925892,0.100727871461085,0.513837457728585,0.0115047849216338
422,50.5,29.011491975882,0.671936797440617,0.0493311224557335,0.502634512280608,0.00154803034681526,0.63807330606519,0.0518207581898126,0.512394996972853,0.0125304659468841,0.794947324542043,0.106883213826467,0.522055874051856,0.0189516112079519,0.637309676342568,0.0369226136882149,0.505466987835252,0.00382148937978016,0.669891589822989,0.0665091609569722,0.514600375469151,0.0097161945384866,0.792460635516802,0.101123271482624,0.508866030644286,0.00406328093627957
423,50.5,29.011491975882,0.670881491459687,0.0500310260916736,0.504606277436673,0.00459623486106701,0.638006905247598,0.051363322016148,0.511755008095158,0.0116377913714752,0.794567133927769,0.10545652694363,0.521047677463173,0.0199470381122215,0.635630051938425,0.0367605464253808,0.508842699769791,0.00690001981277146,0.668326391267948,0.0650844328036515,0.513320253050941,0.0101084460534161,0.793653482513112,0.101471470832945,0.50847999637143,0.00416778196247906
424,50.5,29.011491975882,0.672573284758043,0.0507783212392079,0.502362538665176,0.00131645306877426,0.639885727812725,0.0510020440198103,0.511057932193268,0.01092812268253,0.796960644855805,0.106928472782707,0.523606291105437,0.0208795890476071,0.636684931024301,0.0376541230697606,0.505080705184519,0.00340680051157247,0.671189050154149,0.0641155759915046,0.516679442075592,0.0103797175350179,0.793532859282052,0.100973045804195,0.508345075214667,0.00405530648695531
425,50.5,29.011491975882,0.672752257665277,0.050371357556736,0.502209456939958,0.00124721791849735,0.640523276454558,0.0496721625840951,0.5103860352406,0.0103357758155893,0.799693304803787,0.106965100150092,0.522571712161421,0.0190967707398403,0.637632060142979,0.0380638747217964,0.504509249093743,0.0028308926368503,0.671955131028917,0.0624282581909808,0.516187885065829,0.00992931505611146,0.794408093209451,0.100519576557735,0.50805908769513,0.00384307167473928
426,50.5,29.011491975882,0.673002804429261,0.049743541973976,0.50220964355018,0.00153578297314164,0.642492124971752,0.049286152793651,0.509729488021391,0.00971056306039624,0.801418665728461,0.107757866911318,0.521174949912311,0.0178237783810087,0.63763950938988,0.0381520124823826,0.50446980741041,0.00254527015136174,0.672592590982852,0.0610074564053526,0.515166575612064,0.00911130269295066,0.795922788247249,0.101244002837775,0.507947697959682,0.00364535385650647
427,50.5,29.011491975882,0.674250573344247,0.0491902067850251,0.502129559426655,0.00111208889361962,0.642006320052434,0.0477037495153804,0.509696356720466,0.00990799838175421,0.802341175211484,0.106782077471333,0.520734043712888,0.0168097136986697,0.637234470855666,0.0381326819360353,0.504646048728131,0.00303804656286044,0.671043772688978,0.0595456393206684,0.51446141835842,0.00884512563744844,0.797233082716889,0.100979010548569,0.507743413184776,0.00316390116539247
428,50.5,29.011491975882,0.673680539642307,0.0485034362778499,0.504222426363466,0.00436397177496052,0.640919884948296,0.0464657906098746,0.509318743846491,0.00910114372131644,0.802633733313396,0.106067287051582,0.521661540400082,0.0189833184286622,0.63801382385931,0.0381901972790354,0.504455541711421,0.00279795627483029,0.670216448817134,0.0593236201263356,0.514022537027748,0.00842839068283366,0.798251487531294,0.0992220594271907,0.507356064699728,0.00345944839816641
429,50.5,29.011491975882,0.674959976329183,0.0484966599098442,0.501834796540774,0.00150016421288814,0.642939723775422,0.0460900503579667,0.513011880595338,0.013074125470617,0.802601812550649,0.103787817570401,0.519752279462258,0.014774437097281,0.636753039300792,0.0379410102604036,0.506458364111316,0.0041066832962145,0.670320592373127,0.0596387529708716,0.517858025310684,0.0102181768546942,0.793947590871068,0.0967213856554184,0.507304010474555,0.00341583825261929
430,50.5,29.011491975882,0.674776692872661,0.0480988193733826,0.50197439717924,0.00173798506649209,0.643246488298277,0.0457654127946436,0.512960765795529,0.0118359436426225,0.802234278878587,0.103346356173687,0.519794394361326,0.0144371726511848,0.638515581713947,0.0382815446866911,0.50469431676135,0.0033405757435407,0.671579307001162,0.0600478651073746,0.513245777393886,0.00957621147700903,0.798896757500254,0.0963304348620554,0.506836304315896,0.00352800980396347
431,50.5,29.011491975882,0.675287707411912,0.0477788702928778,0.503881060332006,0.00407037401366061,0.643049398417743,0.0455055919300067,0.50904376350066,0.00818427942594873,0.802792986269407,0.103281991945445,0.520852572704402,0.0149397256101666,0.637941890405668,0.0378390689002666,0.506617080366522,0.00600555750397854,0.670303929176907,0.0590202776622372,0.512655700728026,0.00902323897530462,0.799921608386608,0.095624650181225,0.506730887271261,0.00346619758140492
432,50.5,29.011491975882,0.6757476777224,0.0471311820982607,0.501906244966951,0.00163189868842458,0.644604558488395,0.0457609535338452,0.513324502578001,0.0145684111075481,0.80309412685724,0.102181595500164,0.518329147047413,0.01146493996109,0.638460446258069,0.0374691826222068,0.504814417681046,0.0042143831310737,0.671203739079751,0.0586793610504168,0.514428556889418,0.00937802499949215,0.799838923243294,0.0961693187908532,0.506336998257705,0.00331887879333031
433,50.5,29.011491975882,0.674540974845197,0.0470458441665566,0.503815153496016,0.00440600482179728,0.643743536462005,0.0443115672912309,0.512397056028541,0.0137662656333845,0.802473673974999,0.102379649775693,0.518594389934314,0.0115734413580463,0.63874469508272,0.0375251455831663,0.504317789219237,0.00279436964468705,0.671893671892421,0.0573280040326782,0.513210852717498,0.00834271316664464,0.800157827544893,0.0968837941080275,0.50637140059446,0.00365003416972276
434,50.5,29.011491975882,0.675145769607567,0.0469853245078818,0.504332845619812,0.00452152212350285,0.64575349620236,0.0435503000778072,0.518137261025496,0.0154992025344986,0.799677774524605,0.104922140260686,0.516171576527278,0.0084285861461052,0.63722733238958,0.0363593079280507,0.506912927918269,0.00454859073561847,0.672355275345049,0.0549189443860097,0.512911501292506,0.00783599245431798,0.7997859387448,0.0970266107773906,0.506349122437859,0.00334458970778606
435,50.5,29.011491975882,0.676301497150384,0.0471273881516912,0.502113996102873,0.00260786941609694,0.646875003216222,0.042966859662204,0.517237105732766,0.013920776715579,0.800419229452313,0.101601740603431,0.519052983979286,0.013448519055827,0.638500380922678,0.0360793503621773,0.504642705373408,0.00388682644278989,0.674246052058157,0.0538275723018164,0.511760574648452,0.00706839082032838,0.802422046768498,0.0961974858055137,0.50774714767024,0.00505783538866431
436,50.5,29.011491975882,0.677162232516016,0.0462595000648669,0.5020183296056,0.00194792382026836,0.646864681039154,0.0420209016751763,0.51699597010355,0.0129854208855378,0.800256846763886,0.099957276522037,0.51831746002977,0.0126746034059707,0.638579172298871,0.0348648865882561,0.506440569582775,0.00498993804883893,0.672954793071012,0.0521626330811919,0.511364347047659,0.0074120752190316,0.797463298304887,0.0930004743275805,0.512521885590106,0.0091691152454055
437,50.5,29.011491975882,0.677176873016407,0.0447812260414732,0.502114985978162,0.00203590489425154,0.646416648733132,0.0424358115859926,0.515508534024882,0.0126442747409979,0.799928012059571,0.100014852362547,0.518092621661856,0.0122570155875823,0.638966762000953,0.0335339397670665,0.504703731014227,0.00280790449960989,0.674446355491644,0.0534459217250597,0.51082902693511,0.00715168707082665,0.801133091040762,0.0920497469507352,0.508785741240408,0.00635040640893519
438,50.5,29.011491975882,0.678602997972243,0.0440208684031703,0.502443028626961,0.00236233372172782,0.644980304257079,0.0435081683543358,0.51449833489527,0.0123903937005236,0.800916597738065,0.100055697309127,0.517981615653388,0.0118511315596264,0.638059990219095,0.0326006148029329,0.506516318639879,0.00467437605419327,0.6728257409854,0.0553087750418624,0.510855917947941,0.00683635826570905,0.801861401321978,0.0899638367423039,0.507610171111837,0.00606153514960976
439,50.5,29.011491975882,0.678874489928239,0.0432778211845334,0.502053220046419,0.0012459308805463,0.644669833476163,0.0452146873517452,0.514350836685612,0.0120662962082914,0.801686596189845,0.0982589890853788,0.518227756495233,0.0122661101276958,0.6379523980547,0.0320341362407296,0.504562928824075,0.00311091055260881,0.674309519109152,0.058480879642618,0.516925754532083,0.0113715941596026,0.797307440451391,0.0881655368733319,0.508021892193092,0.00507120826651849
440,50.5,29.011491975882,0.678866514913529,0.0427042322141889,0.50204758177108,0.00158284533511779,0.644301005990109,0.0461864886518202,0.51366484599251,0.0110260363646531,0.8034142768954,0.0953688691000675,0.517380678198181,0.0110287707317714,0.640559200931056,0.0314328539448554,0.505946327427373,0.00394073374826335,0.673082070905448,0.0600029355335095,0.511265428064499,0.00697466493475901,0.802787571436947,0.0862999166641686,0.507654605994832,0.00499279066870303
441,50.5,29.011491975882,0.678329171543263,0.0427353013194813,0.502063570789904,0.00144001337251108,0.643576040377068,0.0470330648708218,0.513523762445054,0.0109321232416214,0.805151950150648,0.0923247255213872,0.517018981985098,0.0117124431084232,0.636962393000658,0.0305458797712765,0.509920477913411,0.00656509266783698,0.671979444578445,0.0609974619313772,0.51523764319991,0.00948646566353547,0.800958739258417,0.0825359164373454,0.507672259276572,0.00486263463887337
442,50.5,29.011491975882,0.676803228905838,0.0424311032933168,0.504207024162803,0.00381519138188224,0.642214553169354,0.0473335013770857,0.512335764879997,0.00977932415356369,0.809623639321536,0.0879874963620003,0.51716997014244,0.0105309017961566,0.639522362875916,0.0317133231617125,0.506937735498762,0.00375295879708298,0.673636464297934,0.061945548339027,0.515321235132062,0.0101174273530832,0.808036116149705,0.0806339360311245,0.507257316760364,0.00464246544247326
443,50.5,29.011491975882,0.679043704350146,0.0431862974325074,0.502139898049229,0.00217769927458967,0.643829718455534,0.0479208306527734,0.517121085696497,0.0109261184165726,0.811192752734213,0.0848089672153847,0.516094920854712,0.011233456811802,0.638680054592452,0.0319545185026679,0.508392439620192,0.00372663866957242,0.673174475287177,0.0613306040417631,0.514364290516921,0.00956655849966647,0.81098285310479,0.0791201396455142,0.507008567179766,0.00472330337949235
444,50.5,29.011491975882,0.67906688058303,0.0439542494119527,0.502063694317958,0.00194801621187576,0.643763097379524,0.047584684990251,0.515876842458725,0.0102714660584702,0.81368915234255,0.082117880525743,0.515987339195195,0.0105152121924707,0.639029131922116,0.0326407175368587,0.506140546581103,0.00340504464442992,0.674401001861485,0.0612130449396408,0.513771708726833,0.00925587462505875,0.813181432954984,0.0756708023552604,0.509183447970953,0.00527753243746326
445,50.5,29.011491975882,0.67846907042514,0.0450796859719797,0.501829440767271,0.00125614052812382,0.643677281563454,0.047372489297513,0.515012047723563,0.00931394254811265,0.815436844768539,0.079656834741337,0.516368068741189,0.00969581656898265,0.639099175299021,0.0339443118986454,0.505784165035601,0.00273607097947461,0.675361822752418,0.0611136818981123,0.513175198680438,0.00898563801272944,0.815661864953526,0.074447630309552,0.508681083938428,0.00494254508010133
446,50.5,29.011491975882,0.677158077110909,0.0467999174081071,0.501769932336403,0.000815697940461473,0.643795329058273,0.0478136482918321,0.514226424281657,0.00899862530546446,0.815939674675027,0.0771968346573635,0.515912095296497,0.00916188985245984,0.637860651733761,0.0352432160413614,0.507562969132229,0.00461675107384445,0.673457907993528,0.0604097253802037,0.512575207140602,0.00886504100392531,0.815897236090016,0.0723323705516615,0.509070835684971,0.00485155735133968
447,50.5,29.011491975882,0.677459350965726,0.047395761490297,0.501627630360533,0.000761311545941915,0.644528331032453,0.0492019006122118,0.513746323427173,0.00809952261341128,0.816717455787207,0.0745722270865177,0.51543363979566,0.0092378405791007,0.635900281409948,0.0358800799456245,0.509858855849744,0.00419953657212972,0.67176610569843,0.0604176504890021,0.514642270315484,0.0075464426429031,0.816028705304244,0.0695529056257981,0.508890024785708,0.00529289750163428
448,50.5,29.011491975882,0.676668099064047,0.0476598742793123,0.50171289601063,0.000705637499661455,0.645038059343822,0.0501475871484799,0.512687571147136,0.0075487623018974,0.81690894355974,0.0715429909730833,0.515545823944432,0.00858291821766837,0.636339351118102,0.0366075809781001,0.507280340566515,0.00466227848594108,0.673128443107079,0.0614992153878348,0.515318735483154,0.0091057453428786,0.816450884690321,0.0676082180201386,0.510098133924641,0.00578697982270006
449,50.5,29.011491975882,0.672743559864492,0.0468298911100542,0.508785636321678,0.00717303760566803,0.64227836168301,0.0502665370899794,0.510783315489981,0.00850993335637593,0.814888805687118,0.0732961214501959,0.517334395367494,0.00789876815758714,0.63677621190878,0.0370824594206366,0.505419805457509,0.00347405895719146,0.674885543591035,0.0630569523106068,0.516587154768554,0.00854567083949634,0.81466734929577,0.0669757978201171,0.509621621737214,0.00520891033685242
450,50.5,29.011491975882,0.674583673340297,0.0467044559467519,0.503971566725388,0.00407288208986693,0.644638984377906,0.0510599003446511,0.519744140146062,0.015923031059666,0.813522251668574,0.0764928251078612,0.516855833276108,0.0129285166257582,0.636447365808397,0.0359306371224465,0.505224040663011,0.00368041048349843,0.676970668130488,0.0640599711632977,0.516013620029828,0.00915297297724947,0.812078658353155,0.0684850162264219,0.509188078686775,0.00484138494522842
451,50.5,29.011491975882,0.675086020714349,0.0455998854386021,0.50636163154698,0.00782989173332712,0.643977792469594,0.0510443578275497,0.51481669721157,0.0147484205203325,0.799110700534861,0.0784588171277996,0.532956495048119,0.0285658854584646,0.634626456468175,0.0346619100787216,0.509374125357202,0.00782017905825868,0.67437003463091,0.0637970970627054,0.515344542825089,0.00887166343622888,0.810638395410911,0.0718907763312058,0.509093420202297,0.00471579075933111
452,50.5,29.011491975882,0.674980650222624,0.0443601347347105,0.502502980986665,0.00214867195108866,0.648148093894494,0.0530683981321943,0.517852267323797,0.0138726165316671,0.809207014205347,0.0798238387837992,0.529233327538978,0.0268072706282552,0.63608898798654,0.0345591096192503,0.506521659988496,0.00424452688965146,0.675782947406506,0.0644751382376838,0.517305886410373,0.0118309539935244,0.809284197716467,0.0757245347280582,0.509273739007842,0.00519302806915127
453,50.5,29.011491975882,0.674198030010812,0.0444422459094972,0.502525355507025,0.00267408219648358,0.649048720070697,0.0530800540612653,0.51708584887531,0.0129382627287578,0.808367271442231,0.0847361663506742,0.527986740786697,0.0248047758050668,0.637374412429858,0.0348736584012807,0.504633468772231,0.00258834658364849,0.676769640514943,0.0647028549432633,0.518203130890123,0.013294966956382,0.808782671206557,0.0801309503875691,0.50865759774178,0.00457174200502192
454,50.5,29.011491975882,0.675518443935875,0.0449345679441296,0.502281818599682,0.00205635887509973,0.648981278047447,0.0532610739072632,0.515821743247148,0.0120095152727194,0.806937371576363,0.0883109722564822,0.527316190676936,0.0231130615569765,0.637629678359013,0.0353950370330181,0.505003104242714,0.00347898046704125,0.677682731321074,0.0645183578082233,0.51670993245254,0.0122924964238273,0.808990796157756,0.0833368399978824,0.508100918940198,0.00438131912524406
455,50.5,29.011491975882,0.675068070945136,0.0450993718974894,0.502097669445344,0.00170578967641849,0.65088918949265,0.0532555970626777,0.515237019514614,0.0110165484825585,0.807663155354432,0.0892246298165709,0.525084836518314,0.0216951343003314,0.636099631125854,0.0353577893665381,0.504466404800205,0.00225444679159641,0.67979594558548,0.0636833527544935,0.520673481887806,0.0143775295811087,0.80412361655984,0.0842123434599023,0.508418130231009,0.00520795085182359
456,50.5,29.011491975882,0.675931152025329,0.0457398775458724,0.502089238621109,0.00151844828765494,0.651615282482677,0.0520089754222628,0.514522363771088,0.0104366920938661,0.808307080144739,0.0870237699230215,0.524182084656689,0.0200236698056255,0.636761664633834,0.0359522212800675,0.507030055149851,0.0047269736314535,0.678352398276853,0.0615506927448934,0.515011063781085,0.0113574796116402,0.810628418893614,0.0846546167139526,0.507693469422306,0.00486332309861877
457,50.5,29.011491975882,0.674833473410863,0.0441451806858978,0.504087513125988,0.00407511490865788,0.651659864311645,0.0503115620836764,0.514514899825168,0.010208111217447,0.811578377082351,0.0848957169116043,0.522529643133765,0.0171779490087159,0.637797434761598,0.0356804902730437,0.505227734118783,0.00256937233838323,0.680984668312705,0.0604963271849852,0.515689459417294,0.0102878768340312,0.812068570232989,0.0830220813869529,0.507274425200286,0.004082196777474
458,50.5,29.011491975882,0.67531041195954,0.042774098977888,0.504206922082127,0.00473258863251205,0.652046047484969,0.0482475373950792,0.51807720309917,0.0141322809201699,0.810851282163178,0.0822678792998983,0.522856259314349,0.0176863648324876,0.639537652294064,0.0342251304830146,0.506921793660588,0.00496234744888254,0.680902867478785,0.0577002018264042,0.515302625808434,0.0100864871995977,0.812354395208785,0.0804848651225593,0.506858115086778,0.00414147709620406
459,50.5,29.011491975882,0.675918986661924,0.0417597192520365,0.501986611094088,0.00111246718215145,0.653683037366417,0.0469152486657368,0.521833761261488,0.0109112945844166,0.809628066599142,0.0815085196361652,0.521560949519367,0.0163310476380629,0.637233967549321,0.0328678427654398,0.504890105054225,0.00244916195885069,0.685800268263761,0.0568701395045624,0.526568759052018,0.0132118651308116,0.800577429985065,0.0766350240251424,0.50734847928859,0.00519213707570714
460,50.5,29.011491975882,0.675028937312999,0.0412692316454518,0.501977143650302,0.00155143171190442,0.65421400880516,0.0452788445448148,0.52091734870375,0.0103867526738939,0.809712094378928,0.0796711988583212,0.520476071545804,0.0149026633093551,0.641061504750101,0.0330352222836644,0.506297581485571,0.00330637085525291,0.683414171818398,0.0541824967822452,0.514863554937391,0.00960868887131223,0.805156880301313,0.0777227848677092,0.512259683421978,0.00922457509497592
461,50.5,29.011491975882,0.674213003138612,0.0411508646485353,0.501949639497294,0.0011376341705161,0.654543846261707,0.0440477931944322,0.520530958433717,0.009280480656346,0.810082056653886,0.0792753511488196,0.5203598454592,0.0150749739146715,0.639160229844151,0.0325626830281095,0.506564014513974,0.00369327300420399,0.685532831350802,0.0530997955669499,0.514575635899433,0.00951007482580936,0.812178531059553,0.0764284250717573,0.506552664422761,0.00350697386529372
462,50.5,29.011491975882,0.673816288431751,0.0420038692944309,0.502157620330841,0.00135402495139908,0.655219602246543,0.0427531174667484,0.519891358505864,0.00850852447693475,0.811855235847613,0.0786014535141411,0.519364848396462,0.0125446231390223,0.638446706995155,0.0326352516420553,0.506564093264686,0.00370122451181456,0.68602067974547,0.0519544362529463,0.514008871140795,0.00949560610456528,0.812454293444335,0.0758729075433205,0.50612490835245,0.00320310559123151
463,50.5,29.011491975882,0.67200929533871,0.042821795737939,0.504466510888308,0.00359216555160917,0.65346310074073,0.0418170130771587,0.518980159730598,0.00820699688602682,0.81329763423275,0.0798172879663295,0.519792655925274,0.0110984671986365,0.637143186239423,0.0331691102572533,0.508627014702964,0.00623435548595669,0.684690035704367,0.0510771655187561,0.513175886796918,0.00928528755509648,0.812588456260021,0.0754711317104335,0.506776171230969,0.0032775730660922
464,50.5,29.011491975882,0.675079289355333,0.0454207226788234,0.501963471819461,0.00121963627504278,0.65375923788483,0.0418505890401019,0.516586329951022,0.00801353985756615,0.814130400135857,0.0806415288801728,0.523466747448735,0.0140086653944893,0.638315743074498,0.0348571324029991,0.506396150944708,0.00331047892918942,0.685892023081101,0.0513687511010442,0.5123810163598,0.00846865151832718,0.812342629789584,0.0764493394361527,0.508525412288088,0.00486734995890891
465,50.5,29.011491975882,0.674809557783489,0.0473590830828586,0.50180744264413,0.000965610096312722,0.651822623369614,0.0430325318901222,0.515896186370379,0.00758454897117463,0.814642477892719,0.0824080193198356,0.522566138874,0.0131661588112627,0.638083587955666,0.0368693864334143,0.505419167607805,0.00266663711426888,0.686249739510174,0.0531026640596247,0.516518389018199,0.00840733422439636,0.808205228184461,0.0793228359234379,0.50828498755866,0.00428968710450411
466,50.5,29.011491975882,0.674470524449564,0.0488258122166074,0.501802646253321,0.000828732025043276,0.650150782356446,0.0441375806149283,0.5148925696699,0.0072762077224896,0.814117002297188,0.0849945141395744,0.521653808072042,0.0120358600759136,0.638966537785491,0.0384721506666874,0.506240571969655,0.00368448440457345,0.683109978859346,0.0546915253448025,0.511791478905056,0.00727343616485393,0.810832987355406,0.0814858230846739,0.508560946111804,0.00439963853341415
467,50.5,29.011491975882,0.674358947104421,0.0498174439003763,0.502337644069175,0.0028772771471683,0.649460294586067,0.0456557463214767,0.514041163087261,0.00729499370464054,0.81203539691838,0.0884750336706677,0.520847751485332,0.0110743207702866,0.637525981657992,0.0393467418204966,0.510338222720601,0.00703164071466462,0.680269249921975,0.0547291090037627,0.510022049802672,0.00568902710398126,0.80956848032629,0.084002548343696,0.508104233145212,0.00491148033480332
468,50.5,29.011491975882,0.674649623954515,0.0495729641933752,0.501813927818713,0.000758011355260396,0.649176644498749,0.0468488236823928,0.514131290716492,0.00742370138614186,0.807748324215599,0.0913522562701455,0.519951994387492,0.0110820149784251,0.638998897436247,0.0399324831918154,0.506270149501024,0.00390543620581042,0.682022654399197,0.0574771942255179,0.513791435470112,0.0102715066117601,0.806652832824249,0.087288251039381,0.508397214182222,0.00423474869477674
469,50.5,29.011491975882,0.674191459762429,0.0486973166037889,0.504183638232289,0.00443173909701672,0.647754983003744,0.0472967998969403,0.510541325743941,0.00780061251299809,0.801503612852062,0.0965748295855747,0.520237658934508,0.0115507122210928,0.639156888633998,0.040111816185358,0.507665315431314,0.00415806731045193,0.681569759685015,0.0581714291407892,0.513739677823314,0.0100220473681939,0.80342924485678,0.0913201168349561,0.508140978801413,0.00523962441909984
470,50.5,29.011491975882,0.67574086113176,0.0488376171915214,0.501640468555217,0.0013094076526923,0.647902925063608,0.046115087856062,0.514948739453166,0.0100864613192189,0.791641992850854,0.0992739538953378,0.527483931825843,0.0215620043830439,0.639932326873977,0.0401655482333345,0.507677436459189,0.00574479944241695,0.682141009388634,0.0575429662934634,0.512920497905996,0.00926541742296228,0.802728255769355,0.0952418877367877,0.510217053518946,0.00607813740769669
471,50.5,29.011491975882,0.674340428759785,0.0488453945365078,0.50225394181694,0.00244995916688044,0.648167033882433,0.0460013241172087,0.513453116269957,0.00856304539918653,0.787267365088057,0.0995888143513269,0.527828024742214,0.0187568067432742,0.639815238493272,0.0408273172929405,0.50754796151966,0.00400072030453451,0.682102809664475,0.0553882241272326,0.514415540657167,0.0081152216921792,0.801180103333494,0.0978151359432487,0.509676198500634,0.00585847932913928
472,50.5,29.011491975882,0.671512567592636,0.0495528948983149,0.504970562319612,0.00379404935185646,0.649544934842335,0.0440278891656905,0.512566742100508,0.00995671929361696,0.795750860399095,0.104924769647153,0.517541809187929,0.0094477737978327,0.638549739386169,0.0420305395014281,0.509646753466956,0.00565836871680326,0.681339737103702,0.0530265750973056,0.512170130894856,0.00873725035015814,0.801436729438452,0.0990366327469587,0.510060910022686,0.00542099505126199
473,50.5,29.011491975882,0.670021372270994,0.051452932019926,0.50278593397372,0.00283945706317601,0.651249466490041,0.0432050567308887,0.516233172377004,0.0122132666957037,0.795485422660934,0.102080255412359,0.516905909457254,0.00818469252254785,0.639095329520668,0.0441570995195717,0.505356860913236,0.00270451894982072,0.683656930544425,0.0520840374542612,0.515873641015274,0.00781708955744204,0.8010359184668,0.0985164668593747,0.511014872245992,0.00766682536008827
474,50.5,29.011491975882,0.665771761819478,0.0525471132863985,0.506537173823523,0.00661213881693024,0.65017012051394,0.0420542232461416,0.517689141647565,0.0146934888700542,0.794476059696783,0.102485477747931,0.517369804490554,0.0084429997987599,0.638103254065171,0.0455607278921717,0.505175291071713,0.00277501466420237,0.683734646778755,0.050216572302363,0.514924107943478,0.00726494074079514,0.801722321188584,0.0963734490209822,0.510729453478286,0.00732872059639234
475,50.5,29.011491975882,0.665383439492471,0.0546916396786647,0.504755474394198,0.00523786659415279,0.650231911837097,0.040868660985242,0.515340377809061,0.0109911543691808,0.794750082461679,0.0966072665070087,0.524182259255847,0.0212986049716489,0.637804272813231,0.0478715456554741,0.504909303209476,0.00260052285493853,0.683615511018567,0.0487440990304413,0.514254265817847,0.00690924254407146,0.802195593884017,0.0927850625946823,0.509847075896408,0.00649353791738627
476,50.5,29.011491975882,0.665111951954465,0.0568678288846619,0.502478533990586,0.00225555493121975,0.650596522494208,0.0411376324413937,0.517165950158349,0.0146419218000566,0.79497436865952,0.0941751846544756,0.522681540039665,0.0197423300579409,0.636838881491506,0.0487530271212388,0.50463081399396,0.00251896818382074,0.682353365606421,0.0486109949436725,0.514055580786134,0.00701866378159736,0.801247985309642,0.0891696937005342,0.509903766831296,0.00733630909373362
477,50.5,29.011491975882,0.663904122945193,0.0588229595101148,0.502417960008307,0.00221933288768981,0.649879714334472,0.0415449168181481,0.516675918376216,0.0133397496402644,0.794667709748226,0.092603196906548,0.521759341752798,0.018567838534541,0.63389045981179,0.0482058818118877,0.506819237178585,0.00509238326631721,0.681735130214097,0.0507843974418371,0.517613647892188,0.0120700847506588,0.796028530675581,0.086143805092163,0.509021816615441,0.00579380942100078
478,50.5,29.011491975882,0.663913520043014,0.0602235007181636,0.502312167213009,0.00210016175122161,0.64730366363762,0.04251276786211,0.514916330894232,0.0111112523616794,0.782451494708545,0.0937222504893956,0.53000931736018,0.0208978875519861,0.635359887235263,0.0501283790912374,0.507039213888566,0.0045230144059746,0.678857477086034,0.0521902300083709,0.510383120310883,0.00645021086919521,0.799126932338848,0.0875604095387912,0.51152710717704,0.00818167764643661
479,50.5,29.011491975882,0.662077747715023,0.0606624140877637,0.504756950756458,0.00369477227152336,0.645946383310337,0.0447629882682597,0.515066290272974,0.0117391763506122,0.791958228109505,0.0994820039384882,0.52179167044333,0.019422277789033,0.633257502492273,0.0495629516896507,0.507382549380636,0.0051614032723212,0.676569767188041,0.0550612794213156,0.512523799764017,0.00663340795707032,0.797201255611642,0.0922365948509462,0.510994278830673,0.00712399478897132
480,50.5,29.011491975882,0.662351484130918,0.061414697656639,0.503017382774316,0.00259017511710132,0.645889831118676,0.0472386859491438,0.518278187001898,0.0149124389854292,0.794089223130085,0.104695422442731,0.518654163880304,0.0149725602832386,0.632159438622355,0.0500424466873208,0.507269388000717,0.00492834725591323,0.675791654115652,0.0575237656795291,0.512232330669228,0.00695384021159836,0.795505556422599,0.0971555153832335,0.512349520355301,0.0070620754715368
481,50.5,29.011491975882,0.662258422999195,0.061823550775908,0.503075568188401,0.00298734469865629,0.646257129921367,0.0493313258740426,0.517832913926954,0.0143756383648005,0.793455967607057,0.108814395854703,0.518868133683535,0.0141922590438316,0.632654230553856,0.0505882725576557,0.504735817474853,0.00226828103237821,0.677319932049736,0.0608770915224382,0.511615092593119,0.00708254344101828,0.79474338976537,0.100401420028204,0.513088148393545,0.0083814935108114
482,50.5,29.011491975882,0.661736173024795,0.0615668773813751,0.505043931988212,0.00574114061218593,0.645182139148446,0.0507872796840414,0.515089425033228,0.0136016806433919,0.793300445343732,0.111789184803985,0.518280490165104,0.0125060539891818,0.633300620993878,0.051058260156607,0.505040990000875,0.00287734965872248,0.676942050859428,0.0631186550696821,0.510470252525963,0.00539165552894052,0.787943856237772,0.100997594339654,0.515460283694631,0.0109135979552019
483,50.5,29.011491975882,0.660560178606372,0.0613651469118569,0.506922658395644,0.00555983590056194,0.643970263059077,0.0515804724872937,0.521488261074546,0.0182462853376143,0.79138289398503,0.115726046184495,0.518734536473189,0.0126997249426826,0.631191184539209,0.0506815618649895,0.505102781467902,0.00298646879837144,0.679181351608011,0.0649447244541093,0.514334410826382,0.0101080011219591,0.788738642979921,0.102911630790586,0.513880911445569,0.00779863488098946
484,50.5,29.011491975882,0.661977587075326,0.063026520900391,0.50431451535146,0.0035114379042084,0.645470718804277,0.0529197403733933,0.516529767523252,0.0140357621571668,0.794450952584994,0.113051738136512,0.529187762245458,0.0198603708393228,0.630112670557849,0.0507297731036204,0.507869201724373,0.00458611534519242,0.679343377364409,0.064851581541678,0.514840103466212,0.00985623973302744,0.787900690590947,0.103566768426541,0.513655516631952,0.00747341724321726
485,50.5,29.011491975882,0.661975952943816,0.063488762910778,0.504447428054431,0.0036734530045159,0.644891772602628,0.0519919665217804,0.521752096864702,0.0195711021634123,0.793918442902198,0.11359522869416,0.52665924714752,0.0171238180343464,0.630973143359283,0.0506882670664171,0.506965091562563,0.00400122504996852,0.680830629170828,0.0646188314504585,0.514337887078226,0.0115150324379968,0.791664749417993,0.10371434435649,0.513853676156243,0.00960233818998446
486,50.5,29.011491975882,0.663592598665668,0.0643220525951872,0.502277518836502,0.00164259276645947,0.645756007283016,0.0509736264687179,0.520239990524334,0.0162392497368752,0.793074915848922,0.109690763685258,0.530274363296708,0.0211688541564919,0.631320801359966,0.0501709709848396,0.509794933794552,0.0066664895879985,0.679072383240839,0.0629337928479312,0.508868928503499,0.00626432884810033,0.795965124962018,0.101961165409178,0.512656711245021,0.007880247508439
487,50.5,29.011491975882,0.663592475226624,0.0641992538795472,0.502412402089884,0.00204208079782022,0.64571423903306,0.0494912193342606,0.518789318502588,0.0151583842441723,0.794791604066487,0.105038138511554,0.527651975023315,0.0195536225523362,0.631094979028012,0.0495401780054899,0.509134026045296,0.00622401936182971,0.679572623667225,0.0611910424081785,0.509512202317149,0.00702109269610432,0.799339758587896,0.0985133809752111,0.511963629418256,0.00686909190633195
488,50.5,29.011491975882,0.664624939622005,0.0633256611042185,0.502202589634498,0.00176944508845811,0.645301119039012,0.0487099146433024,0.518269385519264,0.0145787644073456,0.793491368153118,0.101380590295189,0.525875840492352,0.0178781593365255,0.632319619666812,0.0487304740275257,0.506868033374837,0.00313118659195479,0.680078342005814,0.060859430892294,0.51140487111233,0.00950539835280684,0.799149670859208,0.0963519136961144,0.511218707736943,0.00644554550915264
489,50.5,29.011491975882,0.667417791686016,0.0621704899013413,0.502325861114301,0.00160658238314555,0.645707986111922,0.0482899203217039,0.516093231266042,0.0120972782447434,0.784640168542627,0.0982701727083623,0.533153475456161,0.0309011228395652,0.63310513742249,0.0473678857994657,0.506829009243581,0.00331333989300741,0.679963824386773,0.0603417813566927,0.510393914572006,0.00816455227024925,0.798179701984365,0.0956562591449171,0.510558951003049,0.00596659273374162
490,50.5,29.011491975882,0.667722947346347,0.0610937957466732,0.502988962178192,0.0024416455309785,0.645877519933743,0.047381669673021,0.515522887604454,0.0120409162267689,0.783413858392197,0.097106599288202,0.532660753759341,0.0236974921630081,0.634725252090519,0.0468412816725905,0.508370589030784,0.00523153644721198,0.678612543967918,0.0589447217460245,0.507870307514773,0.00613094729383533,0.797032856320213,0.0958495791828422,0.510530259004394,0.00546658267437628
491,50.5,29.011491975882,0.667365998445879,0.0589598479290507,0.503191311996228,0.00266952219418988,0.648643514100881,0.0472198565860062,0.515197086614664,0.0116336519851747,0.792534864647497,0.10182261054388,0.522652113884786,0.0129743129944373,0.635923400435183,0.0456440555352723,0.506119271205613,0.00252444203512153,0.680564767501196,0.0576013564234053,0.509979873798404,0.00880524445001918,0.794563824713026,0.098297578309892,0.511545217338391,0.0060297404042169
492,50.5,29.011491975882,0.668034671700007,0.057512748741626,0.503240179722774,0.00270464108375024,0.648212090025784,0.0454259907951435,0.513836089026394,0.0106863810549854,0.791939794117005,0.10388286357921,0.521844862446766,0.0117999556291223,0.63554126359522,0.044282316851095,0.50827865075369,0.00405036017713957,0.679436178702257,0.0558841316134657,0.508932958074042,0.00681079128952893,0.793260386926966,0.10077724923412,0.511006416376924,0.00559515755089912
493,50.5,29.011491975882,0.668454321622567,0.0550052389328015,0.503131651532791,0.00289400521760641,0.648401512586992,0.0439894141744864,0.513928119917089,0.0102616151581851,0.792322021012866,0.105860160393989,0.520633822785132,0.0109518439935434,0.63465205385927,0.0420097729829346,0.507579035533035,0.0047022284521808,0.681205485616709,0.0547719223023573,0.513902505164884,0.0132228495861936,0.787794413351569,0.102093812291403,0.513758442633379,0.00597538131800119
494,50.5,29.011491975882,0.670185689041503,0.0528537031490898,0.502649691555365,0.00206061495426411,0.648947013844989,0.0429001587938965,0.513397533257822,0.00988065900941161,0.794306716875073,0.107650585379628,0.519696025695128,0.0115116855345073,0.635317700932482,0.0397505463702664,0.506758568285476,0.00411144214193564,0.682816397622124,0.0543071872624986,0.515201275230772,0.0136007084431455,0.789709473955599,0.102536369473854,0.513007463678836,0.00540813703680634
495,50.5,29.011491975882,0.669822173225186,0.0508385744289833,0.504425494357302,0.00445786721743928,0.649163021173446,0.0414651338700359,0.509812187353004,0.00802709044422315,0.795930511724953,0.107071717331959,0.520792225691178,0.012079789569793,0.637975453349779,0.0389302165756577,0.507069316012141,0.00324709516407688,0.682360546192431,0.0526559009869938,0.509740432359579,0.00731182895632134,0.790564736362005,0.101588790260969,0.517690134829371,0.00986824003631379
496,50.5,29.011491975882,0.669662475225993,0.0488138628078944,0.504357416725716,0.00442220742851874,0.649456867042356,0.0410551417315872,0.514754523310318,0.0115204647715945,0.79790365593338,0.106706716062262,0.51893736106948,0.00960472104145563,0.636230753506372,0.0369732957161321,0.507693563703853,0.0042279826852098,0.683714201235621,0.0529345482856216,0.509718446091276,0.00732972214103977,0.796208009490366,0.10031778351682,0.512294085921009,0.0051616779239231
497,50.5,29.011491975882,0.671198515455539,0.0475747298442394,0.502600828217418,0.00226964287982114,0.651695019920318,0.0404575453791799,0.513360001473413,0.0105091733887759,0.797416140525326,0.102340562483466,0.522762972343226,0.0125987001223232,0.635173514393679,0.0349741626112743,0.511476264576692,0.00481969463803308,0.681634186514145,0.0514450902479192,0.507678761312772,0.00601762375959024,0.797470876045899,0.0985477664145492,0.510794444021595,0.00451374323113705
498,50.5,29.011491975882,0.670715279648253,0.0454270932308558,0.504601625903032,0.00453464701670216,0.652072781778807,0.0392787501908882,0.511770565239083,0.00983673130870472,0.796752548780973,0.100852993125237,0.523067732777312,0.0137892799785738,0.635401751530504,0.033253538945587,0.506936501173203,0.00342090337800755,0.685117622292326,0.0499751361919504,0.516665060784542,0.0118033097099922,0.793147112976265,0.0953970756376254,0.510827731950474,0.00434597071104354
499,50.5,29.011491975882,0.673584020253656,0.0435022468206779,0.502239624243041,0.00163293028462826,0.653462720328132,0.0396178554937901,0.514872726038636,0.0138328601272978,0.797164119731807,0.0981135664670637,0.521309673090074,0.0109318342017613,0.63527671178913,0.0313638209751378,0.51129526596144,0.00593020662680747,0.6811909877905,0.0481238440916868,0.511732323080117,0.00631813063595973,0.799397714098683,0.0945062032152028,0.51022825165694,0.00470357018416135
