"timestep","episode_mean","episode_sd","group0_trust_in_sp0_mean","group0_trust_in_sp0_sd","group0_trust_in_sp1_mean","group0_trust_in_sp1_sd","group0_trust_in_sp2_mean","group0_trust_in_sp2_sd","group1_trust_in_sp0_mean","group1_trust_in_sp0_sd","group1_trust_in_sp1_mean","group1_trust_in_sp1_sd","group1_trust_in_sp2_mean","group1_trust_in_sp2_sd","group2_trust_in_sp0_mean","group2_trust_in_sp0_sd","group2_trust_in_sp1_mean","group2_trust_in_sp1_sd","group2_trust_in_sp2_mean","group2_trust_in_sp2_sd","group3_trust_in_sp0_mean","group3_trust_in_sp0_sd","group3_trust_in_sp1_mean","group3_trust_in_sp1_sd","group3_trust_in_sp2_mean","group3_trust_in_sp2_sd"
0,50.5,29.011491975882,0.5,0,0.5,0,0.5,0,0.5,0,0.5,0,0.5,0,0.5,0,0.5,0,0.5,0,0.5,0,0.5,0,0.5,0
1,50.5,29.011491975882,0.588665705128205,0.00125557286527955,0.500443376068376,0.000535454554875514,0.576113141025641,0.00121423288513151,0.5005,0.00303244101037642,0.64865873015873,0.00801206220522801,0.516761904761905,0.00861407806262563,0.568297540455435,0.00129289995833487,0.500837725377199,0.00106320282843259,0.593493340506498,0.00155390137214713,0.50027512254902,0.00137542998187982,0.662003553921569,0.00323932288632514,0.50054591503268,0.00219104615662801
2,50.5,29.011491975882,0.616560325109687,0.0330328077253751,0.500848620090064,0.000866855859538099,0.609402560358848,0.00327868263447815,0.500840304092459,0.00401601115074944,0.722013794156036,0.0167207379948565,0.516525691023536,0.00736270660305513,0.592236256977776,0.0274798897082161,0.501348572003849,0.0011346215441735,0.629660354124999,0.00556210682828641,0.500787756150205,0.00304917016945955,0.731721692151662,0.00940736195406363,0.500574828149651,0.00180557942998769
3,50.5,29.011491975882,0.629267427709799,0.0513394711310456,0.500929540135743,0.00133540199954888,0.626154423594588,0.00500848213011847,0.501012537915617,0.00410709566144899,0.762081651098505,0.0217969910513334,0.515650119756523,0.00664694459425676,0.60410082226365,0.0429984486850299,0.501983082098226,0.00172291517242925,0.651149691116153,0.00886638894557918,0.500817998722505,0.0029088747448237,0.769048030038991,0.0150728044281084,0.500664227925934,0.00187455156359823
4,50.5,29.011491975882,0.639139436191115,0.0590518567781887,0.500962344192009,0.00128255670780252,0.632354292738441,0.0188036943402763,0.500020390815738,0.00560982733483707,0.779119307779038,0.0354974090279234,0.514723933435724,0.00683249211292147,0.609236616653911,0.048708061796294,0.502098430877793,0.00121174769491367,0.658296931296826,0.0236928716748609,0.501644806349029,0.00517053655189647,0.790703952858167,0.0246674006575362,0.501509061674189,0.00305216200280147
5,50.5,29.011491975882,0.644285788336348,0.0633792637457851,0.501079984001515,0.00180822304242959,0.635427459226357,0.0303234944170327,0.501531486201983,0.00516244940930667,0.794442688778629,0.0449564507036277,0.513966665364167,0.00654665852459623,0.614379849686922,0.0519677923175245,0.503122868134137,0.00286143697225253,0.660179288602214,0.0374920146025073,0.502023949919747,0.00459607168109783,0.785735852940375,0.0322097633420117,0.515262800782276,0.00890292625525839
6,50.5,29.011491975882,0.649106823932822,0.0650772461463335,0.50105296486691,0.00180158811699849,0.637834057463466,0.0363955168503458,0.501367820478654,0.00556254977781542,0.801736710455262,0.0530480166538799,0.516486062775845,0.00650096050602818,0.615281804145015,0.0524979644439284,0.5053400059437,0.00279478140972121,0.66610049813535,0.0462183035069822,0.502394892393873,0.00523059160477639,0.803348573235114,0.0432140836015636,0.503845146102165,0.00263638932349326
7,50.5,29.011491975882,0.653106000940608,0.0656161050256185,0.500832954286616,0.00113390386500769,0.640537020584248,0.0392571054660985,0.501712682807604,0.00601517963660227,0.80699957741721,0.0577621086901891,0.51536879276923,0.0059129982883155,0.618488458345552,0.05340177803089,0.50506740130335,0.00249139488467847,0.66801334611512,0.0510373770693157,0.50365388194117,0.00550786299919302,0.80534420267488,0.0498477585008214,0.504302045279259,0.00301178275723568
8,50.5,29.011491975882,0.656585856679944,0.0638620098981317,0.501333109269966,0.00213727371560425,0.642683075008043,0.0405735083191911,0.502992786642397,0.00556333040847425,0.811518683385746,0.0643773820795773,0.51446834641307,0.00515011713311356,0.623099473035461,0.0530132581311603,0.505014854034968,0.00248663887663908,0.670539684091051,0.0528876294047686,0.503976727808036,0.00624031554914145,0.808424177826106,0.0535855361024953,0.504888553920775,0.00195347533829453
9,50.5,29.011491975882,0.65988129454125,0.060229235940915,0.501152638730686,0.00226579680937487,0.64462677340233,0.0402673551651708,0.502744352296526,0.00462011795586851,0.814055243809159,0.0702698704777181,0.514019242172476,0.00578129198823932,0.624797748917777,0.0503780170329088,0.5052653300853,0.00260180903038164,0.674194659551417,0.0540369656544678,0.503685906176037,0.00574521368903165,0.809517458836843,0.0597897787236611,0.505269845562932,0.00182484331613688
10,50.5,29.011491975882,0.660809226844607,0.0560654618865296,0.501162560088409,0.00164636621484281,0.646101330679391,0.0403254982451185,0.503168500464615,0.00603372485216064,0.816070489792508,0.0794756489766104,0.513516537780683,0.0063092362388889,0.62548433524943,0.0477455877022946,0.504981373014859,0.00245328347548621,0.674663387729765,0.0537486328044008,0.503631023067765,0.00565273924894369,0.811342232023497,0.069923806360734,0.505895458220133,0.00221050743916913
11,50.5,29.011491975882,0.658271012909914,0.0521085004200048,0.507807315497381,0.00387582422991073,0.643430484260507,0.0398385728702128,0.503600459344011,0.00620236255661683,0.819159735678676,0.086134201517472,0.514022386083682,0.00583956525020404,0.626101164398837,0.0455916601163761,0.505127198933526,0.00198838003677674,0.675476215618039,0.0544224033310993,0.503355004626469,0.00566937495265867,0.814304667780058,0.0768944486337298,0.506315692803718,0.003261975877559
12,50.5,29.011491975882,0.659034031853013,0.050836127917845,0.507306778368987,0.00402174580814192,0.642990101570261,0.0407372843007783,0.503705285500805,0.00671586437402538,0.823157522906407,0.0885172580172705,0.530432105295471,0.0149596073232661,0.625374682151176,0.0440544764646826,0.505603753225056,0.00273652052432697,0.676935674734804,0.0543800212758077,0.504058358348844,0.00652410699827544,0.817351922437847,0.0803354840942815,0.50561450451982,0.00197303134389982
13,50.5,29.011491975882,0.662813099807787,0.0520467757520606,0.50151194381226,0.00167662598296653,0.64593710312339,0.0421015998602528,0.515155394649259,0.0146540126039728,0.825242917419154,0.0857620455500958,0.526036226568406,0.0127776224296865,0.626527986826944,0.0431207077472234,0.505598060102307,0.00267026785904413,0.677392662933117,0.054655227748454,0.503787374504613,0.00594337893527826,0.820642388882942,0.0823090895385382,0.505721327918365,0.00232465975859734
14,50.5,29.011491975882,0.665235354517829,0.0528607084573964,0.501591855488255,0.00188939244880535,0.642672689751289,0.0422812890847573,0.512955155336368,0.0120108222937743,0.795218179973291,0.0810184806480557,0.553270770651586,0.0283259493333757,0.626288982553921,0.0419937941761634,0.505323146857482,0.00236655876820433,0.678587207306974,0.0550788527517953,0.504915930025806,0.00753861282541027,0.818895118432999,0.0821479680200552,0.505502251751462,0.00180308031672075
15,50.5,29.011491975882,0.662243236144142,0.0510966901463217,0.504085209215415,0.00221356407364991,0.645764852699501,0.0440507452094683,0.5132674282451,0.0129390437295093,0.826860283268276,0.0887484743013361,0.526307574996659,0.011395612518696,0.624146712202738,0.0399093244936524,0.510994732238125,0.00476754615149251,0.674925458113359,0.0549100520923536,0.503863973292572,0.00627527516469368,0.819196635128048,0.0826463379115904,0.505217564811563,0.00171404742563866
16,50.5,29.011491975882,0.662695070491677,0.0508201358332706,0.503851021425045,0.00205502866705421,0.643779597482167,0.0456821528183795,0.512354459188119,0.0120809637317274,0.826959059241912,0.0899698868902465,0.525838795468193,0.0109816230964156,0.62729022106763,0.0399506105449524,0.505211996388799,0.0025823041387582,0.676542930021671,0.0577861097044728,0.510390179111903,0.00658315745197424,0.817715073065242,0.084149090589795,0.50493537442134,0.00169805408129807
17,50.5,29.011491975882,0.66371069201749,0.049705278019185,0.50366950471242,0.00196588289239761,0.64270553557318,0.0481235540410077,0.511823637201064,0.0112449285702547,0.82787725207547,0.0921587050009621,0.523959300102628,0.0106031459310704,0.627128658873208,0.0391276008577717,0.505474085897983,0.00308268816530861,0.676574584978233,0.0614474708620228,0.510646228685568,0.00599079808006439,0.816544281868076,0.0858828969538255,0.504576604657622,0.00192455416909949
18,50.5,29.011491975882,0.664713586015109,0.0491737542008306,0.503640055269165,0.0020929785897441,0.642485706174692,0.048991766423099,0.511137626469916,0.0105362835566041,0.829200132938675,0.0928323929948297,0.522186811647427,0.00869801253485672,0.628049324841384,0.0383879413673906,0.504828172915491,0.00203160012031797,0.676832168154862,0.0625736054106471,0.511118635405975,0.00773631868570192,0.816852827240831,0.0861829302191615,0.505037296963641,0.00316615725059372
19,50.5,29.011491975882,0.66556572356831,0.0487002450340624,0.503243080668768,0.00178820621597736,0.642488290079857,0.0489672223960261,0.511180745077598,0.0114916253836163,0.826881919179409,0.0916333048688862,0.522495486931818,0.00828942371521212,0.625657198521569,0.0370540875248614,0.504489026888474,0.00217536015327281,0.680353504991497,0.0632804765229807,0.522651048278019,0.00976910598442284,0.804271263007446,0.0830532522468224,0.50481244642864,0.00206444281201411
20,50.5,29.011491975882,0.665828432155557,0.0488726675811428,0.503184093877916,0.00221739047726512,0.642534678513636,0.047741952562686,0.510087126787339,0.00938660234554342,0.825780859213551,0.0892077000251253,0.520135845220993,0.00829185110015306,0.627064551664538,0.0367207050917493,0.513377602723278,0.00607337515065996,0.672963640438475,0.0598671104384222,0.510629711856942,0.00694472713164384,0.815165923217169,0.0854956675723497,0.505668095693014,0.00218021567132731
21,50.5,29.011491975882,0.666003156606789,0.0492604601419187,0.502939623935159,0.00159862895477482,0.642341605191822,0.0483042741569329,0.509547588512757,0.00907136234924752,0.82438192765481,0.0887108588098371,0.520239683415317,0.00807470172360743,0.630361217621955,0.0376869194029264,0.506726612842704,0.00291060972822927,0.674783767977878,0.0607459278627318,0.514783260088352,0.0081500967329954,0.815861520343463,0.084810072878801,0.505120675036187,0.00188753044961358
22,50.5,29.011491975882,0.666593068626061,0.0500071895907573,0.503048795314684,0.00242779468187844,0.640694262885904,0.0486383945508638,0.508945430472663,0.00939430819967427,0.824146872993505,0.0882777091317617,0.520548045678973,0.00741844457445549,0.631196061705936,0.0381271971258398,0.506683001422619,0.00309182428824257,0.674263947832206,0.0610840120267268,0.513561596746659,0.00766152594768217,0.815608586466394,0.0858036904972695,0.5052508646034,0.00203541654519128
23,50.5,29.011491975882,0.668164654976954,0.0492306867124523,0.502842205182734,0.00161180443125395,0.640293770099584,0.048652548375753,0.508106544049258,0.00875242611071933,0.824765318879129,0.0862768227132028,0.519567658302763,0.0075874958833899,0.631974244712136,0.0374862154463951,0.506701197306723,0.00325600277098439,0.673502295956388,0.0611315477474506,0.512973219881372,0.00759602859342301,0.816258000233131,0.0847757054983596,0.505130749148632,0.00228191804825891
24,50.5,29.011491975882,0.669513131156096,0.0475694979349124,0.509130151195788,0.00455067410459051,0.636248721462484,0.0470176100329361,0.503555983720771,0.00841730470911881,0.824548620006163,0.0855955746203134,0.520425829827219,0.00762859266260574,0.635673844306266,0.0358765286954856,0.506298601281076,0.0030050584359551,0.672966231828524,0.0612012142260008,0.511920223562415,0.00684947549779417,0.816319314725824,0.084753929159869,0.505810967375461,0.00247952630965083
25,50.5,29.011491975882,0.67334035658039,0.0460857719890715,0.50267471912174,0.00182093386640304,0.638292867342935,0.0485580664771612,0.519442065159144,0.012472393650385,0.823209698194851,0.0835806267303101,0.517108221865594,0.00808517367171134,0.633933300231685,0.0329756760550572,0.511902909851883,0.00471044318867569,0.669501785319445,0.0616921226397842,0.513387509064682,0.0072916310468206,0.816366735520631,0.0865366730948396,0.505021678224911,0.00242257764133037
26,50.5,29.011491975882,0.67552583426473,0.04373646073741,0.50237714035271,0.00139639003663964,0.638106979592007,0.0498454938190706,0.518860437265314,0.0115546799659555,0.823424277450601,0.0819784133706913,0.517124565282279,0.00696651140850857,0.637318229757827,0.0313272586906849,0.505262114782329,0.0020386038652956,0.672450388298538,0.0645121677029047,0.516839789818934,0.00940507142717537,0.815436216416662,0.0828799850095629,0.505842392861277,0.00290965360743149
27,50.5,29.011491975882,0.675496419266116,0.0417475134237754,0.502446595487106,0.00118824567472814,0.639040350894119,0.0506244351387006,0.517588143369809,0.0108111836747106,0.822964514517563,0.079285135677381,0.51616610780107,0.00649056412510177,0.63834780763474,0.0299031641775853,0.505005614715679,0.00208190688035785,0.673176471849931,0.0654289523249971,0.515866208867786,0.00826856577741164,0.816121542842967,0.077905436492791,0.505902705113349,0.00296482297264634
28,50.5,29.011491975882,0.674848315340221,0.0397662133895218,0.508552017035885,0.0043890896563299,0.636719296035161,0.050030924331154,0.50303785481816,0.00748714971811768,0.823555074597841,0.0808890429524063,0.518357790718476,0.0104904452572158,0.63834407322284,0.028856880770217,0.504937586432956,0.00210004638406563,0.673819132471689,0.0657937525491688,0.515110193721207,0.00792795415147733,0.816375875728725,0.0759469066526748,0.505842733681628,0.0029932135067016
29,50.5,29.011491975882,0.675444832559338,0.0393142635059891,0.502659152974095,0.00206203844075182,0.640403791033332,0.0511967921690364,0.522979167269917,0.0134469169960462,0.821955291324612,0.0776077578018691,0.516014176879582,0.00626043075940268,0.630917414141999,0.0269893215869333,0.50379645419174,0.00312375851938406,0.679627728064334,0.0674656374366995,0.539803262651816,0.0200904075975989,0.792482815982718,0.069248221545429,0.510614698618214,0.00471657772505362
30,50.5,29.011491975882,0.674454895033136,0.0388927001057775,0.502319994544848,0.00143677313925969,0.640697852702054,0.0510817646953239,0.521725140463103,0.0125691989657542,0.818401888828983,0.0790350020511187,0.516429626715405,0.00963867499196869,0.636421231615681,0.0292124736132696,0.514555163865203,0.00775842546064667,0.671115153761952,0.0630080046250686,0.513639374364501,0.00748738498203036,0.814068385204957,0.073109442870338,0.508098976811802,0.00522344249372981
31,50.5,29.011491975882,0.673411190018273,0.0397543696498487,0.502437460403223,0.00191637758416202,0.641014979591083,0.0512516754460079,0.52032634788823,0.012023964714945,0.815211879278646,0.0801310566911664,0.516305377157494,0.00628875992428643,0.636105472602765,0.0308961943379947,0.513872222006901,0.00761771000519675,0.672900207487614,0.0639129910166066,0.512546358895114,0.00730114794065743,0.813044964416939,0.0732594377815223,0.512833080089161,0.00732867159288514
32,50.5,29.011491975882,0.672359241130141,0.0407542673637272,0.502271167921211,0.00140324353898549,0.641770331325776,0.0504120198364267,0.519477021671327,0.0117394251250739,0.812046378822005,0.0820695822188832,0.515333400869353,0.00592493597318574,0.634393965131556,0.0324148835395985,0.507663678606068,0.00454900582987336,0.679819002139875,0.066241169493552,0.53017321659489,0.0159844876091596,0.797969660438758,0.0717985426111566,0.512610289143404,0.00642226313263592
33,50.5,29.011491975882,0.671510461516543,0.0417405405972949,0.502160104725403,0.00138345129868567,0.642308150555037,0.0502046360240031,0.518422526283576,0.0110888991297592,0.808916459952377,0.0835298172393046,0.515299657708032,0.00992043260371572,0.637830010382556,0.0341024324773067,0.509063855734825,0.00546699677914105,0.677095650371869,0.0651620339990263,0.515171323564063,0.00961734238419243,0.81139156058891,0.0764490938285742,0.511876070057326,0.00652399520033636
34,50.5,29.011491975882,0.671152189819437,0.043468023795236,0.502086974381538,0.00141381732979359,0.643346353443077,0.048874291664862,0.517236648531587,0.0100129983727221,0.805683560959395,0.0846501427443181,0.514839872014224,0.00741985703578941,0.633071149811842,0.033959845211598,0.507357857271316,0.00459309108777579,0.680215926178553,0.0660970026918147,0.528712252191775,0.0152310608497639,0.80067625724735,0.0748496404459724,0.51167751220822,0.00568152348954411
35,50.5,29.011491975882,0.670766145213389,0.0448544241873354,0.501934451457948,0.00111392771432902,0.644376860038571,0.0477977337025788,0.516344636681723,0.00928772160651793,0.803411490574417,0.085099532954383,0.515173303359562,0.00769333687804098,0.636566500099702,0.0354351854879721,0.5097405169019,0.00544962549656804,0.679754873774023,0.0640747290925516,0.513894238670734,0.00820734085585426,0.809712443159258,0.0768429816848816,0.511310757660601,0.00599384540160039
36,50.5,29.011491975882,0.670416285511483,0.0462421168328236,0.501961534045458,0.00180617283147089,0.645293488352466,0.0464042756753333,0.515462176975593,0.00919060463744734,0.803030661804981,0.0853228085932227,0.513490939388611,0.00431373555392234,0.633543586145683,0.0351850704958509,0.515591754082132,0.00795834072711022,0.676414757577562,0.0609633760651255,0.513459366747904,0.00803078484006923,0.808814143177572,0.0777773342974942,0.51103076887263,0.00589197988161472
37,50.5,29.011491975882,0.669467747622429,0.046056872820554,0.507736008900014,0.00383952241672504,0.642577528685743,0.0441806804707441,0.501902220590616,0.00539038309294893,0.805168774548293,0.0840979818046317,0.516201898239994,0.00445210876637163,0.636778415131084,0.0363953469500601,0.50881720123375,0.00476023518522654,0.680635259410532,0.0611813475753117,0.512491301278069,0.00716555916340234,0.80877780934426,0.0781614015049969,0.516046339504214,0.00866414116521725
38,50.5,29.011491975882,0.66763160838342,0.0450924712915839,0.507820029738955,0.00386146181773195,0.643352214551135,0.0432494024476901,0.522455317244659,0.0165141996921802,0.802593849501803,0.0835284585997445,0.514344230739154,0.00842594613593257,0.636774383681004,0.0365207544842819,0.509006301058297,0.00455639909339541,0.680690562290592,0.0597465676064132,0.511790622497501,0.0078084578392783,0.810630568041716,0.0776941647492492,0.515138444633249,0.00794858621065259
39,50.5,29.011491975882,0.673436515494992,0.0463787098068037,0.502235811339012,0.00300233864665275,0.646097882201946,0.043521245803906,0.520091657942802,0.0140550129363081,0.805100489547429,0.0808282349676672,0.526485966259844,0.0134755689228722,0.640489648093689,0.0372809998392464,0.508176856478917,0.00412579787655342,0.680921926001076,0.0589512783992413,0.51148354479993,0.00717816016426358,0.811746583283234,0.0740218287091242,0.51467592185551,0.00788998556538838
40,50.5,29.011491975882,0.673549289421363,0.0465354163333853,0.501892001680383,0.00221173612039857,0.646876757896297,0.0428219844985695,0.518939961388444,0.0140188317190031,0.807920074242218,0.0763192395516043,0.526864623746552,0.0130830084561011,0.642760345246741,0.0385795893062995,0.5075714143244,0.00376911402033343,0.681205688088608,0.0579138657896808,0.510862725303567,0.0074898175778609,0.81372790631199,0.0693787042826468,0.51363946019286,0.00667035495320592
41,50.5,29.011491975882,0.673151749218758,0.0467537696946823,0.501647939374104,0.0010436826699954,0.649201442751525,0.0427807911929269,0.517886532327943,0.0139180131756124,0.809659223320335,0.0709880464291909,0.525969943319103,0.0118614980615458,0.639792597741536,0.039092556303222,0.513776886830271,0.00631109180085116,0.677378470004144,0.0550914878653607,0.508135771304012,0.00571772866718544,0.814334740387042,0.0640170903786914,0.513653643877992,0.00681947679298936
42,50.5,29.011491975882,0.670940275134394,0.0459754722879689,0.501761064377877,0.00174475905703095,0.648171089314102,0.0425238243176974,0.516564126814816,0.0129272258779558,0.808196009424679,0.0691821024975567,0.526148113405095,0.0127347272861035,0.639819662125022,0.038961877305993,0.507389847065516,0.00345045327497034,0.680815402624592,0.0549695187159229,0.509079393717823,0.00580743760179274,0.813072569565088,0.0603391303047309,0.516485831129799,0.010107373702381
43,50.5,29.011491975882,0.666283866835745,0.0449017070190504,0.507320091004407,0.00398708058076725,0.645587274942756,0.041787371727908,0.520210381219178,0.0142404995803706,0.807452644499473,0.0719816332028501,0.526086682721631,0.0123169501924903,0.638187854432392,0.0388201257997935,0.507029766914126,0.00329359039695165,0.681029809488874,0.0539764937448167,0.508555458571991,0.00543926425358078,0.81140228023069,0.0599671477636647,0.515612650067471,0.00931156481540585
44,50.5,29.011491975882,0.668189249924066,0.0469956454857378,0.501878946808286,0.00140659487112799,0.64728930677115,0.0426455694883206,0.526028615047052,0.0222469678462271,0.805278973511211,0.0695967575451371,0.523323081103622,0.009806326990588,0.636517410371554,0.0392379359334561,0.506454845435665,0.00294097443918618,0.68159003829118,0.0530758966304362,0.50839332831116,0.00567276734496234,0.809958295780237,0.0602226436147406,0.514821269375285,0.00842768722523046
45,50.5,29.011491975882,0.666367891051536,0.0484839940103875,0.50209128488393,0.00228743486572332,0.646660300605145,0.042868528544392,0.524276984216736,0.0208120583675177,0.804996679017139,0.0710270921491107,0.521831845818174,0.00896067678917292,0.634861891458642,0.0397737281280541,0.506372573030634,0.00326497299865767,0.681266926926292,0.0522097237696695,0.508170549307287,0.00637797248602061,0.809405569851318,0.0613252290604693,0.513876184260103,0.00784167154041695
46,50.5,29.011491975882,0.665207715901406,0.0504653429253389,0.502108322948288,0.00182089996652335,0.646796642590656,0.0428428743836945,0.522738884757731,0.0197073895619547,0.805040079051737,0.0719754144444339,0.520820245980472,0.00875099400327057,0.633757341769233,0.0413540095906504,0.506149232324572,0.00301262106573275,0.68123090252849,0.0517831850085074,0.507257071470458,0.00501783621360836,0.80994585678735,0.0632928494294866,0.513017192962505,0.00724790522427822
47,50.5,29.011491975882,0.666943960932334,0.0540773008352308,0.501904529663083,0.00153287833804874,0.648721810439667,0.0423879690314086,0.521733572522029,0.0180076075612713,0.80590429813638,0.0727904646343689,0.519573458842276,0.00839149237449162,0.632036947380176,0.0424237328977069,0.505932985819227,0.00289664083860698,0.681875083181865,0.0508754393000673,0.506793179189842,0.00525948290853773,0.810024747560162,0.0648092632674876,0.512513920655227,0.00676355182869203
48,50.5,29.011491975882,0.66647022101531,0.055361066795371,0.502039371693385,0.00214019178499843,0.649206939558432,0.0418107351284691,0.520334659069027,0.0170052904138683,0.806841878703811,0.0732690244370395,0.518649548020843,0.00905568896030606,0.63034861962974,0.043170771728633,0.505666045001425,0.00264321321403954,0.682856468859496,0.0503486393420974,0.507298042355866,0.00633629525157988,0.809077947171059,0.0658294986605801,0.511658623204968,0.00622501337377218
49,50.5,29.011491975882,0.665459125737234,0.0572016522446141,0.501629428895084,0.00106102348426908,0.649773328596577,0.041433970517723,0.518776181154763,0.0159196374936597,0.808427533754655,0.0721934785683807,0.519358734538406,0.00744215295581225,0.629610115754105,0.0442617885946093,0.505346463488048,0.00259512370455028,0.682334759324479,0.0504522445760082,0.506794744598732,0.00538827969701738,0.809563533078948,0.0660470085950476,0.511365444922302,0.00566961190060106
50,50.5,29.011491975882,0.662829623999253,0.0570992315959624,0.507327104977287,0.00404405258508075,0.648505564478318,0.0408646006438783,0.510833291434273,0.0134758110500097,0.810481645168742,0.0720313668451965,0.521218399088675,0.00839244622738713,0.628725146323086,0.0446601061808503,0.505344265414416,0.00257548213295416,0.682474096941187,0.0510307166231293,0.506656562164294,0.00626004658172518,0.808255565105913,0.0650580770400383,0.511571712439074,0.00536068940311648
51,50.5,29.011491975882,0.664078559596937,0.0593409909500351,0.501700051148499,0.00194590316115753,0.651467667115003,0.0419116260906223,0.523378997501678,0.0196959237975243,0.805863179374765,0.0705668651544311,0.517353791808032,0.00783773812072924,0.624582044308799,0.0441492953901765,0.511078062063238,0.00475620065024921,0.681228762120793,0.0509412250710269,0.506565641107138,0.00706864485054566,0.808395443211782,0.0651811049096157,0.511324971409706,0.00524422563446064
52,50.5,29.011491975882,0.663082932223252,0.060771911499017,0.501599330733549,0.00180331631973927,0.651395682545182,0.0421106709020788,0.52258238223471,0.0178605020312867,0.804100933954405,0.0706978108861489,0.51888871207484,0.00814548966850638,0.623983007728563,0.0448628467908688,0.5109962501846,0.00419745016402063,0.686026261614432,0.0532773547967907,0.509342322545302,0.00879462973569741,0.806206457026264,0.0665364799220207,0.509273547508789,0.00340878419060621
53,50.5,29.011491975882,0.662828654115889,0.0611324363984436,0.501734166449815,0.00163272212100698,0.651301009266007,0.0420424172979735,0.5213640376242,0.0166234621425377,0.8027113398076,0.072575347113685,0.517941672862166,0.00778049852964839,0.625477996898346,0.045959793003989,0.504404877085489,0.00213897011274507,0.692186393015712,0.0534768785625541,0.514077761595338,0.0114921202532475,0.804984602474282,0.0677144745101631,0.510555602881035,0.00439402589754492
54,50.5,29.011491975882,0.663727535560872,0.0614270977958129,0.50174303628657,0.00198524765041486,0.651382430829689,0.0415821951107987,0.519799807837927,0.0161099654285416,0.799609439288081,0.0763019766451668,0.517547930382827,0.00869991810756356,0.623408456055594,0.0455776990760944,0.504524293348229,0.00241925037559242,0.697338880226981,0.0544185933986854,0.526040104023251,0.0168247210022449,0.78936389908562,0.0696459086604326,0.50943971889175,0.00387891451425056
55,50.5,29.011491975882,0.663914785428215,0.0614692716471894,0.50146082249515,0.00153751973401093,0.652620053801039,0.0405976423217668,0.518612072101458,0.0149072332831702,0.799026328232591,0.0822768327682456,0.516939003695167,0.00790153585320134,0.629743165946218,0.0475371966120113,0.506192426085325,0.00319359641364592,0.690989614893831,0.0519231034866337,0.512272748090347,0.00998763994052581,0.788106869374011,0.0753513638110418,0.524126926530565,0.0106439405955762
56,50.5,29.011491975882,0.664369721503356,0.0615355693361964,0.501689948503102,0.00236703895434827,0.654448575840455,0.0397118977736386,0.517315168147211,0.0136132869534341,0.799178099306164,0.0860941614772988,0.517099733538735,0.0077552334476274,0.624924258763186,0.0455595672964675,0.514372594309025,0.00761814771214271,0.689983573788606,0.049991750045387,0.512426390318622,0.00961233240849563,0.80028763556123,0.0830254047451175,0.509343732402039,0.00404063881180526
57,50.5,29.011491975882,0.665621439589572,0.0607842196272105,0.501623714016663,0.00174917318322334,0.65424902527557,0.0390575246332573,0.516517181987558,0.0123984846202729,0.800152977161907,0.0898525296847068,0.51646403125126,0.00832246022695294,0.627581742023708,0.0451134162768737,0.513537139510304,0.00748879527906132,0.688528454841149,0.0493965915561917,0.516456120206319,0.0125315031680743,0.799881189751365,0.0873974275111591,0.508750260833037,0.00415101304315484
58,50.5,29.011491975882,0.666924642078843,0.0599717249674362,0.501784131807381,0.00169178126318296,0.653566634481307,0.039249497777933,0.515449571670152,0.0118489311419286,0.802129836722225,0.0942007089661883,0.515632894016697,0.00683153643731853,0.62689188954312,0.0442804462512563,0.50755518392782,0.00434330814698321,0.695119999324061,0.050930005256521,0.535403042936361,0.0216017907090561,0.78627661010343,0.0890088258578903,0.507788325130888,0.00355877495721002
59,50.5,29.011491975882,0.668093994367894,0.0587245784005654,0.501751557108127,0.001803775981684,0.65313911221353,0.0393662565810305,0.514473755023325,0.0109695130524308,0.802730203586699,0.0981490273481657,0.515957333002192,0.00763253254914405,0.631695841941388,0.0439392998972199,0.50898104694141,0.00524188117583228,0.69071869220746,0.0499687555027586,0.522054205062679,0.0128950826601199,0.797706294437046,0.0948300392326034,0.507991072542877,0.00375628628237023
60,50.5,29.011491975882,0.672497201257725,0.0581632512564125,0.501394268886099,0.000876513550120765,0.652556193913641,0.0391943235206539,0.513290125790705,0.0100797121689413,0.802731189009567,0.101605124012789,0.518091645214673,0.00837548622449289,0.633076112233767,0.0430170784655374,0.50844240915438,0.00511060021675859,0.690575947735479,0.04982965880346,0.520958457012686,0.0118191716487199,0.795762188353464,0.0975287362764592,0.508027516152186,0.00356409375334992
61,50.5,29.011491975882,0.672026153538186,0.0568922300452022,0.501638583983283,0.0024788430486462,0.651997042026,0.0386625566970426,0.512471965433247,0.00958090242488741,0.801993872935661,0.105171041916948,0.517869608778493,0.00854636514089841,0.633005787680513,0.0416655382530107,0.508180639857698,0.00480692527700756,0.690320191682316,0.050018337535571,0.520200353813473,0.0111323755705421,0.795105708850963,0.101986771525017,0.50767840824489,0.00379864008386204
62,50.5,29.011491975882,0.66810881445727,0.0547922742177502,0.50776042464168,0.00429505932815382,0.648960512598407,0.0386071097464077,0.513036407938018,0.00995119863827898,0.798013411788543,0.112633349095428,0.518386020241626,0.00833516088379724,0.633793422784112,0.0412511784230256,0.50774512481851,0.00476432450665113,0.689506721968306,0.0503305953816071,0.519023797118472,0.0103384071821368,0.791418016572706,0.106669951110589,0.507399930092079,0.00450913380237919
63,50.5,29.011491975882,0.67042633270421,0.0556182671794834,0.501455773202399,0.00127385939089888,0.651518163869552,0.0393959641204041,0.51184875968312,0.00876326531020718,0.798237595878154,0.115236474560874,0.530115127159217,0.0136741363104528,0.633707134584228,0.0418771083123521,0.507522166615211,0.00428578159318737,0.688765115060105,0.0507898354813669,0.517776142027041,0.00949339283701162,0.790555465125394,0.110554485682027,0.506757487981351,0.00359705891731101
64,50.5,29.011491975882,0.669506239099912,0.0561071645647361,0.501527040104046,0.00174307969164215,0.651720673243446,0.0401579642361502,0.511048536514394,0.00891789675594587,0.795428731762077,0.119662802176498,0.528590621357366,0.0127008390301776,0.633161971120736,0.0429549626019547,0.506720765428648,0.00405255191098215,0.688433913852719,0.051756487038036,0.516705650085056,0.00881884917420474,0.78934160394494,0.112849791774209,0.506401858472085,0.00348264507998554
65,50.5,29.011491975882,0.669099075242254,0.0566819928643805,0.501309067665323,0.00136017661023622,0.653960532268608,0.0419799711129059,0.510348621988229,0.0088517527706141,0.795658848422475,0.121323161164966,0.529375170038769,0.012163189037093,0.633175261362885,0.043855603749058,0.506819983461052,0.00404700497098875,0.687679989812476,0.0520843122680054,0.515345861489354,0.00790807648151713,0.789719995767639,0.114327167162826,0.506590410912817,0.00384043357492827
66,50.5,29.011491975882,0.670470859903909,0.0570033905900782,0.501584620892395,0.00168381106208308,0.652918164338449,0.0422470399678258,0.51238111002967,0.00935507803870071,0.793494324243423,0.122477375135539,0.528272993789814,0.0110645546492728,0.634638029759036,0.0438887592569574,0.506154072438303,0.0033757732139304,0.686882783504037,0.0522621031593127,0.514595179373998,0.00738230191250719,0.78921708201,0.114273548907293,0.507365006473063,0.00361865366161972
67,50.5,29.011491975882,0.671420599201015,0.0553449425650257,0.501207295256485,0.00146368784317609,0.651928091495253,0.0429430720800444,0.511359360201518,0.00935312964627011,0.794570668002849,0.120716344109375,0.527539574576388,0.0103528180400427,0.634839880435369,0.042565047870851,0.506091273097478,0.00336137348374184,0.688341208416082,0.053907119251953,0.51330981901265,0.00665691171131326,0.790555720306292,0.114880464893402,0.50724770000702,0.00315551952336116
68,50.5,29.011491975882,0.672366431057088,0.0527647813399984,0.501330148047901,0.00181847594932824,0.651528434702552,0.0440461947766061,0.511936082195944,0.00892906310100255,0.795404752399262,0.119999241018696,0.525871958011709,0.00969483308556082,0.635683377462323,0.0408241138614093,0.505562296310327,0.00311430530741386,0.688072882304321,0.0554496018906376,0.512634195653849,0.00602993356944427,0.791677828137421,0.113995116459824,0.506990067948934,0.00297671288779344
69,50.5,29.011491975882,0.673993959274544,0.0502407940893066,0.501915008468555,0.00206716000950192,0.651365178235923,0.0447327906913094,0.511747792254672,0.00894565263815451,0.79550038219115,0.117866824247975,0.524525031351848,0.0095757895147145,0.636717732326085,0.0384821064523258,0.505375467924498,0.00266230004462137,0.687462326577859,0.0560987800201656,0.511738435713943,0.00572159778853284,0.791483276799603,0.113351960068713,0.506985512269285,0.00281619469055425
70,50.5,29.011491975882,0.674992971351799,0.0475667694380647,0.501649015554351,0.00152824962512467,0.651510699392131,0.0451581677861536,0.511382154390228,0.00925431067883932,0.796886734599111,0.116852997368039,0.52346546555385,0.00881141792872292,0.637191963106552,0.0362419151106965,0.505756130909973,0.00269360580700621,0.687928343783129,0.0565542832235012,0.511705601211187,0.00575766067519814,0.792320699448045,0.111174128647586,0.506730993202571,0.00261062280731336
71,50.5,29.011491975882,0.67556154207842,0.0450142844408298,0.501785990279839,0.00202048504241178,0.650767510167004,0.0458555009918642,0.510833462877613,0.00944537730617354,0.795610827599,0.116490181037285,0.521820323511894,0.00824173031827051,0.637369091307962,0.0340777600622836,0.505499823583624,0.00230568906228018,0.687611980743076,0.0575976538255703,0.51123414139108,0.00525288498374909,0.792168870882847,0.110613501622184,0.506930032415034,0.00293678711710016
72,50.5,29.011491975882,0.67605783623485,0.0431251676207547,0.501590880201485,0.00167777927905945,0.650409115355037,0.0453268049707706,0.510142213840692,0.00910202652071719,0.794394014979944,0.11687221263857,0.521430448020081,0.00792730540084386,0.637353873047001,0.0328615333947183,0.505636328857313,0.00275647758308402,0.689544695120823,0.0583275570055926,0.510739325248707,0.00512678738844599,0.792523363925157,0.111300627701652,0.506748689872291,0.00358704076980346
73,50.5,29.011491975882,0.677270363627471,0.0425813759520365,0.501476560739155,0.0012169796842556,0.650675945467362,0.0444308661058161,0.510493101559793,0.0103178197304777,0.794031933843151,0.115296264056067,0.52140107769309,0.00765218112180438,0.637745427578652,0.0322887851823412,0.50522563308049,0.00277522219087916,0.689262368946621,0.0577199055044306,0.510091028744755,0.00625517387896431,0.793496978424147,0.110984767275436,0.506950461060363,0.00345183537771268
74,50.5,29.011491975882,0.677389342870271,0.042883769896285,0.501844592753226,0.00273709621215625,0.651320693198352,0.0430275418656204,0.509567254732658,0.0098601911381721,0.794980782650534,0.114790782916001,0.521909142731381,0.00674194619990361,0.637570042498799,0.0324026978561181,0.505223834677514,0.00279142600350451,0.69060665450889,0.0574906899983429,0.509497436871663,0.00593429846714089,0.793702055006427,0.112295587622873,0.507814420761756,0.00392027521324942
75,50.5,29.011491975882,0.677354024537876,0.0437541333510811,0.501383654105094,0.00136469466974613,0.651528341289047,0.0423148803164115,0.508584286001203,0.00974705651923844,0.794185357049095,0.114218476613026,0.52217087049555,0.00669692267559552,0.637130345296769,0.0326952169074638,0.504952284398296,0.00195158275818737,0.692187534743677,0.0582462967074937,0.508975531887467,0.00581554463064975,0.794674822481071,0.113490454453915,0.507137904204677,0.00273652512648919
76,50.5,29.011491975882,0.677060685752924,0.0443798840907057,0.501402500029252,0.00101223354573518,0.651887127489655,0.0414778560725615,0.508475446351142,0.00970699647031525,0.794927342150916,0.113569339013817,0.520956254884151,0.00642719789008342,0.639322731713336,0.0342711297044701,0.50477441002515,0.00215124286512822,0.691675738273009,0.056808026031026,0.508941682464231,0.0053487822186423,0.794852625069578,0.112956056982749,0.507315540294853,0.00248624637528612
77,50.5,29.011491975882,0.676967616706026,0.0447822550986162,0.501800643884464,0.00156874104132971,0.652240727010733,0.0406300903679495,0.507755097374678,0.00904107139629128,0.796080899915729,0.114002834722579,0.521431099680927,0.00579163287336567,0.641428720837196,0.0353115839095043,0.50480569327577,0.00188254262869024,0.692141468868475,0.0557511728546712,0.509403458795657,0.00486012700458958,0.795360815451141,0.113899303481113,0.507662343920732,0.00275966035461802
78,50.5,29.011491975882,0.67688072430291,0.0450341848439507,0.501747043593668,0.00128000609899551,0.652553259784501,0.0403133411961236,0.507393949123365,0.00953276808573573,0.793644634244012,0.115623423077643,0.521052860129039,0.00542240655103114,0.641173048944597,0.0353491748887582,0.505032533909217,0.00243128067330368,0.691981329321786,0.0543808005579406,0.509734345017648,0.00646061706266026,0.793327183954641,0.11381838702244,0.507204543733579,0.00269173911500178
79,50.5,29.011491975882,0.676023868587105,0.0455975726054735,0.502098880810509,0.00148882374008398,0.653855713397291,0.0405483926956412,0.506261930759251,0.00787378380524249,0.792494387513454,0.115695120885607,0.520110510942316,0.00512564633885437,0.640774990494389,0.0354191259598319,0.504995465499592,0.0019404759592754,0.691078806096929,0.0534969325431465,0.508595702979153,0.00503323367174186,0.792862085802703,0.114556203703277,0.507832733280138,0.00412374359809749
80,50.5,29.011491975882,0.675081785551024,0.0459293044811536,0.501984578919258,0.00146976031427341,0.653053271321399,0.0404522375317849,0.505823126842173,0.00732035063296434,0.79206012786528,0.117644618124467,0.519734034774056,0.00719769708889501,0.637189922499688,0.0344063961957714,0.504457341178726,0.00240939585058428,0.690659067155836,0.0529869467083787,0.521232052998082,0.0103895011822365,0.78014391178751,0.109789791574335,0.514835551140821,0.00757243062327072
81,50.5,29.011491975882,0.673975509260575,0.046974768857923,0.501912386698021,0.00112807347192743,0.652497278085514,0.0412100122389103,0.505245518177857,0.00727287028426335,0.793973988824959,0.118612502822534,0.518324396057735,0.00689030134467868,0.639105756286707,0.035996147413246,0.506306686708493,0.00312173749786782,0.689422714947949,0.0538760271075155,0.509434871247964,0.0071269983980752,0.79307833767008,0.116780216027182,0.508748351333545,0.00347983334102817
82,50.5,29.011491975882,0.673037516654624,0.0480907036996107,0.501979533317114,0.00176871441242398,0.651751825635241,0.0421009628575123,0.505357493911576,0.00725728496754067,0.795297903925076,0.118106161001732,0.519081560020544,0.00575820047340899,0.64001576634404,0.0372719040652648,0.506385025970471,0.00359499406585592,0.688862172012836,0.0546238547629121,0.507929835418738,0.00440353269807323,0.795480310935757,0.117376567502877,0.508333956922446,0.00302227658830725
83,50.5,29.011491975882,0.672910840711007,0.0486908211603205,0.507191982083575,0.00452582804096532,0.645296986857068,0.0402016241215196,0.506069319442196,0.00918417005594859,0.765100040000704,0.106509122351358,0.551023293092078,0.0234087894802331,0.64050910109968,0.0373363862282085,0.506616946741717,0.0031918396426433,0.68766714058,0.0540983926084719,0.507800592573216,0.00413375111387642,0.79723232368465,0.116030543623248,0.50823925771565,0.00292528362314355
84,50.5,29.011491975882,0.673647609239397,0.0491867165469556,0.504088605786319,0.00252222494870089,0.650003708644562,0.0418014118329223,0.505363033927989,0.00943521705657332,0.79736935596421,0.116386759853381,0.529245350666169,0.0146361013052913,0.640414217105818,0.0376907926494658,0.506155139268037,0.00288226890203297,0.686171694380287,0.0536022274787544,0.507769461300194,0.00525600458333707,0.798603656739794,0.112462246843619,0.508091902465132,0.00297237604484293
85,50.5,29.011491975882,0.673185605819701,0.0498647441443149,0.503878017647296,0.00225636793381907,0.647966799634354,0.0417528836689656,0.504730373906626,0.0091287149041124,0.798600795193402,0.11409036383741,0.528715115310092,0.0138332877158761,0.637432730233282,0.0376048019371754,0.511745469563209,0.0062479819471513,0.67989940149327,0.051475754068211,0.507508911008889,0.00612342529037663,0.801245984367217,0.106783160470444,0.508130696525249,0.00239297933757935
86,50.5,29.011491975882,0.67232506773229,0.0509054378054628,0.503805073915037,0.00278051824438713,0.646537983013446,0.0424767468574338,0.50448776620459,0.00867298659733745,0.801753524717458,0.107911144853491,0.526868835998178,0.012648931356066,0.639219189524312,0.0395685291660141,0.506300233121404,0.00270222756559193,0.681297169961068,0.052881086946307,0.513324864811635,0.00810354630783689,0.802782195899718,0.0995830461000357,0.507761206946122,0.00231991096437831
87,50.5,29.011491975882,0.67094259017349,0.052686796783248,0.503481825765063,0.00231214306708936,0.645368585972588,0.0439157773459677,0.504033066498596,0.0087339152174637,0.803322596031277,0.102938030324489,0.527230026779883,0.0121107937796568,0.637555007557446,0.0414720571187404,0.50619271907828,0.00296058403857863,0.680081558966665,0.054182501556302,0.512047012474608,0.0069723780946395,0.805044893317077,0.091411433233928,0.507798447622339,0.00234897005683243
88,50.5,29.011491975882,0.671148529092846,0.0547010064303286,0.50353832516322,0.00254952443638617,0.644885873877756,0.0453163205873327,0.503727903013394,0.00844207378850413,0.805323897228356,0.0994157297035259,0.525885028026468,0.0113528995667555,0.635533405765138,0.042950991763536,0.506181745612022,0.00288078619864988,0.67919124371658,0.0556273250991783,0.511870579336894,0.00679812287812276,0.807629859157791,0.0838688620502679,0.507578827491267,0.00224236502815892
89,50.5,29.011491975882,0.670668794769583,0.0554418987746898,0.502965947967487,0.00184542799702298,0.644806949955312,0.0468910968170912,0.504030609860513,0.0093168248585804,0.809521633186533,0.0943650984857204,0.524428862451344,0.0104003853174425,0.634208138316366,0.0441709910479699,0.505889321740296,0.0027269656046752,0.680928113643027,0.0580219231602333,0.511174796535804,0.00683012141072686,0.8108767426106,0.076446543835028,0.507941129889341,0.0037941907482062
90,50.5,29.011491975882,0.6673066837786,0.0546516748550571,0.508577783203051,0.00489324129272835,0.642962175808744,0.0478368125901093,0.503655305812246,0.00902274321663547,0.81452054720612,0.0915519224322498,0.515546574251041,0.00892601553321161,0.633737620061624,0.0451617645324755,0.505734611254095,0.00269392434896407,0.681119778483316,0.0593680108200967,0.510878861398657,0.00612148427831838,0.814269808205747,0.0702894965255085,0.507624576228386,0.00351885775140486
91,50.5,29.011491975882,0.670295148984339,0.0551596385423625,0.502684460585048,0.00183990146913282,0.645600315533956,0.0505998217449448,0.503991597616095,0.00870978740764584,0.81583681634736,0.0829610456985893,0.529625597109123,0.0160387417603726,0.634760839713364,0.0454324002532002,0.505578684709751,0.00249430223842174,0.682828172115629,0.0628976322906448,0.511016077517778,0.00587525883681599,0.814718894679458,0.0637409689994597,0.507102318222348,0.00276933299926919
92,50.5,29.011491975882,0.673494256506196,0.056405476698697,0.502593324532551,0.00184683053622129,0.642933577602611,0.050689496786421,0.505123876939467,0.00827398377877554,0.78625170009543,0.0725654060024822,0.552857043280829,0.032582634767166,0.632185572648446,0.0448997754017589,0.511694477345747,0.00437444924414466,0.67905913963139,0.0629688364585265,0.510311924879999,0.00634917582487147,0.813026108623735,0.0601957500520727,0.507396036300929,0.00354678921308373
93,50.5,29.011491975882,0.669725387343343,0.0558663593220018,0.50446769548699,0.00369450048444048,0.644931571013578,0.052333821978271,0.507306324528652,0.00809327703359895,0.814192029399656,0.0725601319942779,0.52711440981958,0.014293754707604,0.631225019686532,0.0447918314169835,0.511355786571112,0.00425840535054801,0.678702978952512,0.0637836037881715,0.510214682559147,0.00575106929058949,0.812046352439982,0.0580207048952187,0.511910835213131,0.00779197767583052
94,50.5,29.011491975882,0.66464057650398,0.0560335301911242,0.509738371009236,0.00552690341919906,0.642479214868181,0.051135242503109,0.507407009272875,0.00783149125759522,0.809279232169636,0.076127268380159,0.53018166235755,0.0157635322204818,0.632480580730519,0.0459871491588612,0.505161145010104,0.00213620989387709,0.682376491548244,0.0659011068278425,0.514633965451267,0.00875912370197173,0.807559925862144,0.0635606315409405,0.511099927025684,0.00709988230518843
95,50.5,29.011491975882,0.666225859871553,0.0583046454741697,0.503492098021586,0.00275233829439334,0.647121291180317,0.0532161781059557,0.516599091064341,0.0167079897675582,0.80617945757138,0.0787870073273309,0.525257100854966,0.0125576213196488,0.631817620522195,0.0465991410384778,0.505306693556579,0.00259092229065741,0.682067302531971,0.0663778401698799,0.514089885862685,0.00851964629633378,0.802609207705912,0.0714152740862841,0.510496930790064,0.00667265852742633
96,50.5,29.011491975882,0.665266830860184,0.0584912210346946,0.503361068265001,0.00257727235289173,0.647471706266096,0.0529815642163243,0.515344839312303,0.0159127708865484,0.801547713974835,0.0868754874838216,0.523905975435963,0.0116835573795863,0.632495387500389,0.0477415296710672,0.504771727117345,0.00213037798028082,0.682076549613209,0.0666679899649998,0.5134521130509,0.00743491030701851,0.797382284955827,0.0808458299677269,0.510001283720958,0.00656450482317269
97,50.5,29.011491975882,0.66397840624377,0.0583661648686965,0.503510513499253,0.00294637042991742,0.64685800062182,0.0530171711021882,0.514712187271991,0.0148311974481063,0.798711588638116,0.0939583025624067,0.522862201875463,0.0114372301438265,0.631580802900338,0.0479976689793238,0.504698768674647,0.00293709353882613,0.681557620545679,0.0671078116228027,0.513494638242839,0.00743159479493262,0.792830051923083,0.0889623589160127,0.509472632571846,0.00628926203434855
98,50.5,29.011491975882,0.663416626138335,0.0572913389793788,0.502971964792961,0.00249259613273208,0.646712787541533,0.0529038164868287,0.513822656210368,0.014094748069461,0.795959072544627,0.0990519489586965,0.523004742476289,0.0119575364477872,0.63166748326251,0.0479402204851041,0.504615197957178,0.00238081119330958,0.683212608696224,0.067861976715579,0.513444936241587,0.00762850936782747,0.790523631186949,0.0949538366551112,0.509284863500424,0.00670229657132896
99,50.5,29.011491975882,0.659947993762778,0.0559130488496759,0.508416349943324,0.00519095366114242,0.645853586202645,0.0523464261129201,0.512928729583332,0.0153956362495002,0.79523402119594,0.102606795455252,0.512198894253762,0.00986652574878617,0.632804170594679,0.0486662136525634,0.504723448313001,0.0028269076007699,0.682296341093452,0.0676873313581255,0.512389358251401,0.00658048429572545,0.79048192214376,0.0984847922147927,0.508283846740695,0.00553084289333177
100,50.5,29.011491975882,0.66203134630335,0.0568301106747095,0.50277954146394,0.00283415379923854,0.646650609331125,0.0520019513324202,0.512376122781095,0.0128123591677681,0.794428744876814,0.103989102418489,0.528157765676095,0.0154475129255317,0.632397025282579,0.0484909193881107,0.504761978738519,0.00276877940177782,0.681804312014832,0.0672857920946917,0.512105839672536,0.00592171281166642,0.788537380012591,0.0990152857472579,0.508077936347222,0.00594581949387521
101,50.5,29.011491975882,0.661911084521734,0.057499672674631,0.502312466450459,0.00224805643863962,0.646759568953636,0.0519881319653501,0.511746905934343,0.0118622619205805,0.794584104970202,0.103698784119243,0.52767319618859,0.0146048900589161,0.629739755992773,0.0474844139963748,0.509876130205549,0.00397822229289995,0.681315181265713,0.0672997587932952,0.511100971042984,0.00679675450582903,0.78809370941552,0.099482318594744,0.505339967208713,0.00518267465143424
102,50.5,29.011491975882,0.661726417036144,0.0583716007455387,0.502266530649484,0.00164862152782011,0.64709197443826,0.0510872701181061,0.511141401699296,0.011042162222954,0.793458155971422,0.104702380136002,0.527242834255592,0.0136132240138637,0.631648598986588,0.048374729346837,0.504687435355864,0.00273841374125888,0.683808884094638,0.0665844774154027,0.511381070832609,0.00634357551935015,0.787671782976461,0.0959713960912661,0.510894321491136,0.00676411579934328
103,50.5,29.011491975882,0.661384779157426,0.0601011897530806,0.502359674462002,0.00218555054577178,0.64809270942948,0.0496052533389952,0.510252889026339,0.0103295915763532,0.793147911280204,0.105909649838722,0.526951600057665,0.0128019706049979,0.633006575872959,0.049773648334141,0.504327395807034,0.00173310009017963,0.686269716953693,0.0653152387600784,0.511470363949741,0.00674163536760674,0.788253091184206,0.0944356230185632,0.510310643379901,0.00656288843897782
104,50.5,29.011491975882,0.661433466296691,0.0614499715962467,0.502179937806555,0.00172902258625366,0.649265601466124,0.0477035816077865,0.509848302404968,0.00990150000865172,0.795992784111112,0.105692493570077,0.525698969903405,0.0119708272652645,0.631088405927224,0.0495329128154397,0.510118920564545,0.00405869832206346,0.683676421022964,0.0614904076853242,0.509178047335512,0.00523667569807743,0.791023842482822,0.0932122872989914,0.510176233501831,0.00647128405813216
105,50.5,29.011491975882,0.661649607819209,0.0613204589876195,0.50194327544839,0.00131384640996119,0.649597921128138,0.045758720881838,0.50905557390244,0.00908094004614315,0.79483171522578,0.102228544083813,0.525383043335775,0.011829286043843,0.630220060083478,0.0493036698182635,0.504457355576811,0.00378522352378764,0.691320530993595,0.0613980788129163,0.528260952192775,0.0149989939917285,0.780678829031065,0.0865224926919867,0.50962978398215,0.0056195779643733
106,50.5,29.011491975882,0.661630669078496,0.0602071559357796,0.5021044345472,0.00194434371972467,0.651581791251255,0.04430536439369,0.50859120652388,0.00866998347072762,0.79500359033099,0.0985198707762828,0.524818324297299,0.0117545584158779,0.63569202761358,0.0509753329157357,0.505916108545669,0.00307157618308638,0.687722417641612,0.0576332182239335,0.514577143766845,0.00772035047708416,0.79575938293502,0.0874976225312324,0.508928085679453,0.00557321725367997
107,50.5,29.011491975882,0.662302476815312,0.0578979371026377,0.502210459110861,0.00180321654067611,0.65203677896725,0.042120519170654,0.508743862162771,0.00937773934915074,0.799014621711369,0.0951544871113442,0.522534004880737,0.00991063788813207,0.63538047374374,0.0495512892636629,0.505837172010719,0.00418447112222631,0.687063422453733,0.05570227442238,0.513296040367421,0.00684046526181731,0.799198109150537,0.0846060839913227,0.508637924294098,0.00521092585968159
108,50.5,29.011491975882,0.664600290525335,0.0568512148198792,0.502562537922943,0.00260830386397244,0.651625223574434,0.0404300552589761,0.508392512134803,0.00872455018016057,0.801179148795797,0.0898410824074858,0.521424835403787,0.00958115957334191,0.634935543734202,0.0479225499187494,0.505846827821807,0.00378300765325114,0.687010280640239,0.0540097390490494,0.513939076370932,0.00888991333012936,0.80048825890244,0.0807794487812364,0.50820970361993,0.00493618551061501
109,50.5,29.011491975882,0.665812785070949,0.0547254650472518,0.501969421834774,0.00149339062419438,0.65175504547539,0.0391074260180255,0.50821271883063,0.0087722493358201,0.804897184139012,0.0844730189348712,0.520758050122729,0.00924514365033345,0.634945892032133,0.04609749940946,0.505332087977041,0.00245724108306059,0.686915329696906,0.0520645710482795,0.513655607318944,0.00749737572870924,0.803192218163276,0.0778732431023886,0.508635892929415,0.00489905199455114
110,50.5,29.011491975882,0.666402373878015,0.0523815505506255,0.50196079582482,0.00156902564349528,0.652101412693881,0.0385054922748526,0.507296316410679,0.00837600980783138,0.806574530932555,0.0800771639388327,0.52010756050773,0.00989096168784226,0.635349787859485,0.0442207861527999,0.505309884791553,0.00290256916148935,0.686805984873122,0.0507179052674013,0.512352834062635,0.00656118663403764,0.806839414281098,0.0754993744384599,0.508126453475714,0.00514452800461264
111,50.5,29.011491975882,0.666935706384593,0.0502225060516529,0.501913176025546,0.00133119129926142,0.652769410625839,0.0374338083958141,0.506881253574254,0.00805577962864356,0.808729542039193,0.0766895621694272,0.518599335927547,0.00818737798801393,0.634987794429985,0.0421954144155695,0.505281322730105,0.0027872274061205,0.687522929094937,0.0491108095307892,0.512201319103177,0.0064106773206195,0.808653604906592,0.074349060648848,0.507973395561605,0.00406424125433766
112,50.5,29.011491975882,0.667620304090577,0.0492253188537018,0.50211339705631,0.00183770325183796,0.652739094422665,0.0363866200025685,0.505978022480822,0.00753750268929709,0.809839515678637,0.0742148680542114,0.517479294652502,0.00760327948418665,0.634277339620669,0.0401998566176111,0.505360487959351,0.0026641727124353,0.68780935616427,0.0468881773884861,0.511425918562386,0.0056773146261895,0.809729137582676,0.074178422441043,0.507498871751991,0.00409039536200025
113,50.5,29.011491975882,0.667593079271046,0.0487433336059688,0.50200926203686,0.00120244178445144,0.653595592818401,0.034616953428813,0.506095123394293,0.00900168556808996,0.812729681515526,0.0722733293294471,0.516683734980305,0.00764145515324666,0.633110937607633,0.0388862656182226,0.504997193220287,0.00257924104895279,0.689671087967337,0.0453638833222852,0.511007087416619,0.0057625130742213,0.811346032955825,0.0721402570886079,0.507345568684497,0.00366789836262192
114,50.5,29.011491975882,0.667087660128977,0.0492107281913607,0.501860080828066,0.00122907640506724,0.653627242558665,0.0332031426901343,0.507787089677114,0.00868972559676292,0.815287277161478,0.0698896902259057,0.515583119433772,0.00715402896573064,0.632993988894878,0.0387222605476276,0.505505267949032,0.00317737963351942,0.688949238275297,0.0428834341226608,0.510275834117787,0.00536153191417453,0.811930634387232,0.0693265473787906,0.507407409490828,0.00344432731542625
115,50.5,29.011491975882,0.667160673287836,0.0497509980784492,0.502023071245738,0.00207099833075435,0.653330536299588,0.0322218690340345,0.506509989380098,0.0080085750688209,0.817319441428341,0.0666619003851328,0.515652152705564,0.00658716813564558,0.632916927073537,0.0390781597113208,0.505034420123258,0.00241237593106674,0.688439716478008,0.0413463297698779,0.510012829475649,0.00577497299022863,0.812079625108182,0.0648750446727736,0.507150568055336,0.00329996464180246
116,50.5,29.011491975882,0.666866012992912,0.0506130859450653,0.501923866222605,0.000952849649555535,0.653361929563199,0.0314274947078712,0.506834939724293,0.00880965927556196,0.81722933875178,0.0640151085985215,0.517302187596489,0.00694802363391353,0.632449978831292,0.0396160792701747,0.505323728218351,0.0037554315895944,0.687591382771716,0.0399555885905253,0.510281394255923,0.00532224742685926,0.81162667123963,0.0614779165868393,0.507260697457292,0.00338101778658129
117,50.5,29.011491975882,0.666763552783993,0.0516296561161994,0.501921612850696,0.00144754711320064,0.652374774984135,0.031742287587322,0.506445915525776,0.00844395523991561,0.817489015411373,0.0626669315032098,0.517207953168638,0.00668354566434866,0.630005900665445,0.0393358453815074,0.510908217641129,0.00436028450025432,0.685211009153555,0.039698913647678,0.510903055446434,0.00590812772463016,0.8116378405344,0.0581541606870322,0.507456335747676,0.00379072494347499
118,50.5,29.011491975882,0.66622366124505,0.0519343538450717,0.501940713676266,0.00115802190575886,0.651516948101058,0.0327477335452232,0.506291347445102,0.00820064364396765,0.818265558251731,0.0623125429526677,0.519107965919663,0.00889591396128136,0.631888254530065,0.0403610136243725,0.504453703812324,0.00240383552838412,0.688087219623058,0.0409107619753479,0.515386836763077,0.00830474834245561,0.812416270353256,0.0580925682436954,0.506847973052348,0.00378638189946809
119,50.5,29.011491975882,0.665721032918258,0.0521000307268292,0.501965419677463,0.00187483539708557,0.655933720248864,0.0350438500298874,0.505724695626754,0.00754240966077649,0.818518938165221,0.0656124867929111,0.519448433953107,0.00682602915257103,0.630857143758931,0.0406930949214032,0.50485132408319,0.00320121779365371,0.687420710912674,0.0415494199852406,0.51520332064512,0.0083721944510078,0.812541795853889,0.0585868287633479,0.506446112368268,0.00363740968151237
120,50.5,29.011491975882,0.665141290243013,0.0521741600684974,0.501782864498756,0.00147422652290147,0.654864787635244,0.0366852505265764,0.505343344488878,0.00703602065395426,0.820399881488497,0.0668386474158202,0.518627321249324,0.0074870822603433,0.63082602296046,0.0412177725388056,0.5042476000067,0.0022041536140926,0.686681135371292,0.0428158544151607,0.514742475858269,0.0092349878393516,0.812129646159649,0.0601399923744989,0.506780853134942,0.00435318009632166
121,50.5,29.011491975882,0.660933703739298,0.051038597249278,0.507657143015001,0.00424380461192521,0.650951306970944,0.0371235520467373,0.505361389614448,0.00668138359253814,0.820379989435955,0.0703510519295828,0.519776773882945,0.00892523780061833,0.632238340516164,0.0424931897103763,0.504805727317756,0.00295936685100363,0.68470647590208,0.0437378960622112,0.51355590335166,0.00793369087712911,0.81190885807161,0.0637377487173715,0.506410297442064,0.00410096864817437
122,50.5,29.011491975882,0.663157972004837,0.0524504716899838,0.501746589587361,0.00121408662599348,0.654334471059519,0.0389606438749736,0.504811892182989,0.00712831084635813,0.81919960683895,0.0717580768171441,0.528505604202115,0.0167530740430062,0.63171526522901,0.0431946181652932,0.504855703558456,0.00288562279145472,0.68352657203936,0.0444676491895956,0.51247591632844,0.00679279050106969,0.811549344569471,0.0685628809682216,0.506836274426716,0.00362940867284738
123,50.5,29.011491975882,0.66373170999957,0.0545123349704646,0.501763865134339,0.00166393674483918,0.654323930120033,0.0407594641720333,0.504731791438283,0.00711052413300203,0.818003363330634,0.076604770821008,0.526914355746578,0.0155212664257564,0.631240757714987,0.043631083160283,0.504359174932533,0.00257556551657605,0.682330363172009,0.04555710899381,0.512266765285016,0.007424861763444,0.810740113437143,0.0731718909756353,0.506900498903696,0.0046414914646865
124,50.5,29.011491975882,0.663063289897202,0.0558611519664433,0.502242053355475,0.00209467596980866,0.65262065379922,0.0411754154902939,0.504347923323,0.0066130190538094,0.814470419100033,0.0800887384310011,0.526752902631133,0.0144988907810497,0.630052886596874,0.043816507138948,0.504464817845741,0.00235309038993564,0.682514801474962,0.0473236983570059,0.512177219665906,0.00628582236818457,0.809307661414628,0.0780976958960354,0.506611302040156,0.0048175425477665
125,50.5,29.011491975882,0.662207890822977,0.0572006014504349,0.501971605788616,0.00152715093224296,0.650827923357298,0.0417302804416422,0.504308119107524,0.00716056634325329,0.812329448321903,0.0852969238578719,0.525582464780468,0.0140061352033513,0.629324092296637,0.0437085126601967,0.504652509837946,0.0030809435786783,0.681301563896037,0.0491507785471266,0.512170253403955,0.00636169005131972,0.80740132255353,0.0818408792113245,0.507003513579981,0.00430887860083582
126,50.5,29.011491975882,0.661460820401333,0.0576932339848591,0.50183771020888,0.00163187019506941,0.649454106401529,0.0423862174479071,0.504046790116965,0.00694939732508831,0.8079905416766,0.0911731266749386,0.525842220685092,0.0143009962774619,0.628978471114049,0.0442918695842797,0.504300722924608,0.00338629661449945,0.681772688991046,0.050855164161617,0.511478749553107,0.00644967238640454,0.803898872512815,0.0859340975370577,0.506686502435088,0.00392692993694686
127,50.5,29.011491975882,0.661453988137408,0.0569355858327016,0.502094126421882,0.00182103909981805,0.649037497699195,0.0433870736492819,0.505569570769234,0.00697654811519191,0.803508281111264,0.0976205082513021,0.525028146757296,0.0123426836312462,0.629681726018915,0.0440806804712829,0.504254907308037,0.00292155334170454,0.680769309337015,0.0523131199723918,0.510367507364306,0.00518262201914484,0.800555901676118,0.0925703398201296,0.507905549768935,0.00532935054788629
128,50.5,29.011491975882,0.659313145071815,0.0541863241471528,0.507713528843038,0.00447527547796996,0.646135592570246,0.0426123876652128,0.504329206005861,0.00743230917291227,0.800544954091478,0.103424392463458,0.526627899168711,0.0125129964113556,0.629627236036647,0.0430336378298186,0.504123455362773,0.00216884581897448,0.681088306138518,0.0527956656006781,0.51050842217609,0.00533670833341432,0.796737452438081,0.0990665136729762,0.50717730199649,0.00400605113613294
129,50.5,29.011491975882,0.662513121480394,0.0538477759968016,0.50161612969867,0.000758667203497485,0.649367364918765,0.0432546650157754,0.517083019919424,0.0148687367445786,0.798730496579515,0.107266761260722,0.522679619213421,0.0101298252002052,0.629276395214024,0.0424279102794759,0.504714628651595,0.00383785740240052,0.680823875146686,0.0532976099986711,0.509769206036061,0.0050061819393244,0.79403564150572,0.104805182043604,0.50711343568861,0.00507977365064487
130,50.5,29.011491975882,0.661578531163856,0.0525791323478181,0.507031371715182,0.00452538300844435,0.646667559324474,0.0418134804472495,0.50460912984871,0.00815327351745008,0.798302752814143,0.111815009429199,0.524384139620012,0.0111595122057697,0.629369302989336,0.0422174299359455,0.504356422162283,0.00282779459555568,0.681241206754448,0.0530233170079183,0.51013392479736,0.00601497468136956,0.791307014905656,0.109278990887549,0.507221721264608,0.00490840918724194
131,50.5,29.011491975882,0.661890965559699,0.0533526985067472,0.50150518263241,0.00112857239184869,0.649928035773155,0.0415632485401807,0.52245062977072,0.0189281705000363,0.797183461066456,0.113239914980108,0.519904275229306,0.00864833934903519,0.626561880677668,0.0417695768019428,0.509708977360204,0.00440229129956989,0.678979611218428,0.0518961231597397,0.509672439597824,0.00542117300475779,0.789665719173814,0.111674719734042,0.506130795898815,0.00410119125191855
132,50.5,29.011491975882,0.661241352079175,0.054306882934921,0.501632458810372,0.00226788212298598,0.650431535228304,0.040316078613571,0.521586033721499,0.0177886264262938,0.796289684373218,0.114106660582463,0.519135159712246,0.00884345520180733,0.628195255980163,0.0431885836496513,0.503897111658241,0.00226527358329365,0.683324187991789,0.0514696833604718,0.513884553728502,0.00689811635937891,0.789357395687425,0.111755167714801,0.506644272917401,0.0036738957704465
133,50.5,29.011491975882,0.660442070081678,0.0550556141143961,0.501519127111556,0.00197767571066695,0.651089864407397,0.0390487272985276,0.519882753431194,0.017006974251627,0.796295849114682,0.114530510032299,0.519080039060021,0.00939175226327067,0.627429343974172,0.0432032497862633,0.503851334903867,0.00291520741256275,0.685355143553614,0.0500758641100566,0.5131201010772,0.00682071778145425,0.788046274820756,0.113451690074739,0.506416946109119,0.00415551929784126
134,50.5,29.011491975882,0.660332579941022,0.0563442772342185,0.501470386248491,0.00179862607002652,0.651918420684685,0.0378560330538343,0.51891906873327,0.016084365198558,0.799312707438385,0.113614995332476,0.517913153373824,0.00699443268727966,0.623646704337891,0.0424540038848993,0.503988123373219,0.00354744321133482,0.689947203921824,0.049617143479144,0.52526653902539,0.0135728825896566,0.775826024056458,0.107828944533951,0.50673168870468,0.00362125485179911
135,50.5,29.011491975882,0.66129902006079,0.0575638241727517,0.501442311417396,0.00192615484496364,0.65201033070736,0.0368939467344378,0.51827503970418,0.0149461978854612,0.801232282022622,0.111772831491874,0.51670389858738,0.0064464329467149,0.627134498770202,0.0444502934287796,0.50635350319746,0.00329687178006516,0.687192199448107,0.046878420554679,0.511570394926445,0.00583020553905742,0.789505298809613,0.111453158082509,0.506826343081717,0.00391166863887244
136,50.5,29.011491975882,0.664253610205394,0.0589486909218099,0.501134457407867,0.00105131242141808,0.652030865276968,0.0360738253267696,0.516625592312751,0.0143678624851656,0.803781763041315,0.109279162111222,0.51605485014533,0.00685420954642421,0.627584844859516,0.0447207380634312,0.506266651390515,0.00304835152407934,0.687540627407993,0.0457463316646981,0.511590696354515,0.00529451128625659,0.789387684032639,0.109158645109155,0.506804704439901,0.00401020378390094
137,50.5,29.011491975882,0.664449903957221,0.0581721645163018,0.500998400635455,0.000684010969869802,0.652500044058002,0.0355328744642058,0.515815740529134,0.0134934225501971,0.805338093114351,0.107659119612416,0.515011649633714,0.00642012313454923,0.628733434716401,0.0442910948604644,0.511862563104966,0.0053984334659903,0.683788092387276,0.0445287203614725,0.507961892103037,0.0054736813745375,0.78897010622705,0.106580879752572,0.506793231197628,0.00467919444677522
138,50.5,29.011491975882,0.665337032391167,0.0560701361659306,0.50152037320736,0.00107112977451931,0.652823449151899,0.0361127619218617,0.514644871551965,0.0124753211967298,0.807204908652667,0.10556479901844,0.515946713921352,0.00568904385211775,0.630170443553803,0.0424303085347402,0.505894239708136,0.00353334334287982,0.686928016421507,0.0459624742245647,0.514688535593344,0.00748520758107752,0.789082889566779,0.104292310719272,0.507373651526078,0.00514992905366292
139,50.5,29.011491975882,0.665576090217093,0.053368152778744,0.501520616585087,0.00139232517699099,0.65280266964612,0.0369293293711617,0.515761667589836,0.0127671872472952,0.80867769165357,0.10479391992293,0.515879395254894,0.0056398832943379,0.631181231709544,0.0394650820778816,0.50549512868982,0.00245390682996882,0.686906985451239,0.0464742236382421,0.513847434035392,0.00658732019232982,0.791162776609494,0.101171589188457,0.507006351356116,0.00500243728239037
140,50.5,29.011491975882,0.666714602307648,0.0510309228033791,0.501502601571668,0.000992011068312645,0.652818544451259,0.0374350818060353,0.51613542209619,0.0115480588054614,0.809637471143584,0.101834845697675,0.517264063636309,0.00497648848058472,0.631848561689699,0.0375650819500286,0.505155322797046,0.00193413576142241,0.687113935582328,0.0472909368587409,0.513648064179547,0.00664297508726167,0.79204322178165,0.0992929996061485,0.507306894894139,0.00546088396607365
141,50.5,29.011491975882,0.66739067473793,0.0487789082977627,0.501371033600305,0.000598855296930621,0.652927580272887,0.0382233149833106,0.514960828116568,0.0106875529583265,0.810804304369331,0.0978187417648368,0.517425313630517,0.00699139276621719,0.632515013374153,0.0359370309650657,0.505286482912053,0.00264170093800144,0.687079804561473,0.0477470184859301,0.512961304175555,0.00629956990471687,0.795075606893379,0.0962680637705435,0.506484048466121,0.00469755060981224
142,50.5,29.011491975882,0.667827426474619,0.0465209472364522,0.501449147461581,0.00130568733728051,0.653127417337117,0.0387464882005659,0.51386669313564,0.00986785904783934,0.813003277718769,0.0954786664699526,0.518373030160093,0.00593548169256513,0.632617461224474,0.0345496328912097,0.505018146241691,0.0019517577149105,0.688400738609642,0.0487658205731946,0.513032997175747,0.00677654600232706,0.797318457045253,0.091954682537832,0.50629566332576,0.00421524684963791
143,50.5,29.011491975882,0.667661853160232,0.0450457462904629,0.501546138112795,0.00206845885333064,0.655362485443411,0.0402482790179969,0.512505171081093,0.00952580153706222,0.81504018181244,0.0908404563981657,0.516880083491469,0.00440913238614732,0.630138899299871,0.0331311814740569,0.511400188385851,0.00477687474091224,0.685090141855095,0.0487722545619702,0.511950925642618,0.00583722527380074,0.798767102640191,0.0883956561753697,0.507482410148066,0.00441683807646119
144,50.5,29.011491975882,0.669449757419006,0.0450237959296292,0.501359737911692,0.00147503632828409,0.654218400598187,0.0416315652064219,0.511946432737658,0.00920177289183482,0.813681169139067,0.0876345796147745,0.517318209967918,0.00971790903103006,0.632983311565356,0.0331290006630956,0.504615547203013,0.00201289997210311,0.688970837250414,0.0514623422562837,0.516446874690919,0.00929177776803279,0.799744726066885,0.0835242197967001,0.507018798828851,0.00470210082687016
145,50.5,29.011491975882,0.669791981997067,0.045354471442637,0.501565782411238,0.0010323463688845,0.65340093315172,0.04263219698129,0.510720213849384,0.00902520503583679,0.813351566548404,0.0854617455430371,0.515820455707345,0.00504645361577515,0.632306548635035,0.0336453948894399,0.503481708142733,0.00145691892651421,0.692775881176483,0.0543547163799678,0.528108300605472,0.0149331742506185,0.789980582851484,0.0779391446362773,0.507276746406117,0.00413543112623558
146,50.5,29.011491975882,0.670050208332448,0.0457441689478011,0.501690360604406,0.00180208843633281,0.652896757905321,0.0433404967720656,0.510078728672159,0.008508061529394,0.81256813715474,0.0837647272930995,0.51546971371155,0.00718221366673572,0.633129634692102,0.0340778428845263,0.511726257686506,0.00593918253147094,0.685340109911278,0.0538065504824769,0.515135118940214,0.00861231459522002,0.801547106309977,0.0791500598823418,0.507411909711312,0.00445473475303575
147,50.5,29.011491975882,0.670461866858615,0.0456468218964571,0.501510246979359,0.00171591608299956,0.653007244808263,0.0434167534881394,0.509773504910688,0.00772464164260377,0.812696635200791,0.0822358039608668,0.515084558649236,0.00489014154409996,0.63657728558427,0.0352385657367225,0.506167066376803,0.00348866262859923,0.688969698792366,0.0547651889046165,0.518385177565894,0.0105048416375741,0.801332087643531,0.0769469401687665,0.506560882865969,0.00372043767650847
148,50.5,29.011491975882,0.67475751540322,0.04601166667602,0.501487823587512,0.00089959304758044,0.650083343168324,0.0416485473006443,0.508229182964426,0.0067680632073777,0.781767026037747,0.072458034950381,0.541671523121417,0.0216776157493747,0.639324398899305,0.0359194908523479,0.506020768932873,0.00366341179521928,0.689852871588163,0.0546727303828545,0.517712053131896,0.0098177794925601,0.801286033365744,0.0756823365596415,0.506698180594301,0.00332560771518392
149,50.5,29.011491975882,0.672269643969216,0.0433985575505727,0.50432799990784,0.00290772284290487,0.652590149914095,0.042179425398876,0.511356909125043,0.00644450006368501,0.813955751089219,0.0793548350037532,0.513489978204715,0.00553018051830263,0.641881995989875,0.0351393496663843,0.50571046292529,0.00285192958980875,0.690279505316886,0.0544709885149984,0.517253741381078,0.00886416137363097,0.801918180076136,0.0744926055806531,0.506477187369418,0.00355616375188375
150,50.5,29.011491975882,0.669832933513517,0.0406634526752666,0.509565342580128,0.00539404233412803,0.649815242619884,0.0411846010944173,0.512573905823503,0.00760436062773876,0.816336116582491,0.0813061178682474,0.512410443842368,0.00507343843009837,0.642147204304075,0.0333364538235574,0.506207382397988,0.00312208437144592,0.690876000115396,0.0545515410058355,0.515747078596268,0.00840676902805111,0.802506896816804,0.0745070216107087,0.506419432148349,0.00355440973433568
151,50.5,29.011491975882,0.672213332286578,0.0396806256385483,0.503449151578466,0.0019768915940997,0.652422040031964,0.0419567796520747,0.51058651256675,0.00654228124616411,0.814962980522771,0.0819774473427589,0.524567690631868,0.014379746947703,0.638580094734848,0.030770182482557,0.511404477907826,0.00541121800550546,0.687300526053606,0.0535932683540869,0.515462653455474,0.00823465490751729,0.803456580029646,0.075366115280164,0.507060447619122,0.00313117509656682
152,50.5,29.011491975882,0.672512226069803,0.0390203113303249,0.503134714394929,0.00176216217660398,0.652059395761394,0.0424546665621199,0.510351593962981,0.00780967457874464,0.814539981640688,0.085645491241945,0.523002809789155,0.0132293682476941,0.64061214396204,0.0299519821565317,0.505626052935077,0.0030231247542152,0.690694256827562,0.0550819950443941,0.51881474946061,0.0102113665933855,0.802071757403831,0.0775123427115151,0.50777055453684,0.00312810683135415
153,50.5,29.011491975882,0.672808000063333,0.0386322446279773,0.503710660463314,0.00212263578686878,0.651589745473462,0.0425215646012444,0.509183571610965,0.00591866521490098,0.815313491534258,0.0890081165961642,0.523716947429535,0.0133162439281844,0.64095954569971,0.0293116649512752,0.505488006852012,0.0027423494862437,0.690465211581447,0.0549897173701323,0.51856718661123,0.00939077150558086,0.802625383375732,0.0803139027401078,0.507461878437002,0.00299496783129345
154,50.5,29.011491975882,0.670520264572435,0.0376655653781004,0.509582814143687,0.0053495409935306,0.648602677826373,0.0420281569888814,0.50711903004088,0.00781072190768847,0.815623432790729,0.0920536136928054,0.527782647078526,0.01392949798642,0.641637544087308,0.0287769522547225,0.505197298472441,0.00277431380117542,0.690747331267688,0.0549494077294643,0.517730049907638,0.00867779624138923,0.803505118667863,0.084069362941953,0.507756262839853,0.00375304617761171
155,50.5,29.011491975882,0.673841599287602,0.0374251230969033,0.503339345299141,0.00189221897789301,0.651394013439054,0.0421687705368126,0.51938712452909,0.013291976594053,0.816947182332563,0.0912736828904702,0.522422404002583,0.0115577777853338,0.643302289484969,0.0284831313194133,0.504847189808694,0.00260417951474645,0.690733249553492,0.0544348472865924,0.517252449781902,0.00815137839360241,0.804361313828027,0.0855139157013324,0.507204433144009,0.0028394400470897
156,50.5,29.011491975882,0.673928622414615,0.0362568882401038,0.503547597630414,0.00205059047100479,0.651524484630519,0.041767106511008,0.517889753365003,0.0124512998592187,0.815808297961769,0.0917196428727446,0.521716883728949,0.0104840295519367,0.639675411353468,0.027048987126001,0.510152235469114,0.00467907721723195,0.688327330704125,0.052432900336255,0.516806377979073,0.00851304934986971,0.80539504558314,0.0874188161573279,0.506460754882574,0.00337448511895855
157,50.5,29.011491975882,0.673408659871006,0.0369046336359407,0.503262617006421,0.00179990551947155,0.651703938377114,0.0409891988211502,0.517055416349979,0.0118040263445269,0.814653764257443,0.093683322571994,0.520304859649931,0.00950560551104878,0.641479007397697,0.0283755464342326,0.505148344001366,0.00331889181659233,0.691788642374521,0.0515699985979561,0.514971387254867,0.00737739162501662,0.802742928039427,0.0886099210695911,0.512992092089507,0.00661366836293695
158,50.5,29.011491975882,0.675225817586371,0.0386954893665767,0.503251853027469,0.00206453596191668,0.651528857884972,0.0405930222770423,0.516177792365505,0.0110165065640222,0.813174668327574,0.0938772429793659,0.520361352991113,0.00921821233265325,0.640644925740851,0.0298792323982076,0.50492082509885,0.00246765088253819,0.692005313014788,0.0505564515530591,0.513952160926351,0.00706823916737569,0.802030474689383,0.0895177857336916,0.51246007920738,0.00590005381995727
159,50.5,29.011491975882,0.674830181700218,0.040715655997526,0.50286180604864,0.00235603146328487,0.652171109739386,0.0404316070986422,0.515681784981578,0.0107352349159556,0.811549464656441,0.094437519682197,0.519990771493386,0.00879045265573316,0.635952294807022,0.0307186547151568,0.50446664269656,0.00242122327764235,0.695746065852436,0.0509373610332387,0.526887853056559,0.0122531029963887,0.788069295785132,0.085471082699036,0.512526597236144,0.00587908884481207
160,50.5,29.011491975882,0.675132792562425,0.0439427902952915,0.502829242167643,0.00174466464350327,0.654130025513457,0.0415997055894039,0.515950423726627,0.0103279767376247,0.810435024993483,0.0951161241208328,0.520376956107043,0.0102242417281006,0.636171577439935,0.0330494508022061,0.512998233465019,0.00572014797133965,0.688559963611843,0.049464075845474,0.512811055308071,0.00576276289544942,0.802450133533646,0.0920200304359923,0.511928105125896,0.00545642650065447
161,50.5,29.011491975882,0.674902318275045,0.0470473879489329,0.502720732750509,0.00133437948214993,0.65388296327108,0.0420613406249966,0.516828240145197,0.00961162721754073,0.809938479899285,0.0948658056773555,0.519053689360096,0.00932826119820367,0.635821981049808,0.0350433926270698,0.512039551268376,0.00580380571120997,0.690643532374108,0.0500206992327672,0.516638055736856,0.0106117015576824,0.804057924965627,0.0921054923549156,0.506825970786877,0.0036181906481718
162,50.5,29.011491975882,0.673955122378826,0.0482173020330647,0.502788336938257,0.00142640557478581,0.653848449278533,0.0424368512938445,0.516033366404246,0.00997101485173256,0.810680885424088,0.0950212970108473,0.518103049110545,0.00806106564408122,0.637779259131889,0.0365417488966682,0.506797651326243,0.00302769608854557,0.69164431390498,0.0510456108235536,0.51465828321144,0.00916147421961102,0.802157800422527,0.0918174947730269,0.514169436324746,0.00651542895986067
163,50.5,29.011491975882,0.673994516547104,0.049350378602965,0.502632391377532,0.00103297260424608,0.653441220826314,0.0426821399992353,0.514481175115713,0.00837305754030589,0.811623074559747,0.0955855833756291,0.519264443512846,0.00803479435096096,0.637286237930059,0.0373169883562417,0.506830333311219,0.00297120273218731,0.690647515018976,0.051759235839401,0.515042106247543,0.00955918886695535,0.801336945677057,0.0904696396400158,0.514711013480154,0.00693219749038736
164,50.5,29.011491975882,0.673679550006514,0.0498335292652856,0.502482266826573,0.00159851898848747,0.652617687589582,0.0432408002853405,0.513970546048479,0.00833909298141122,0.812446520027328,0.0945830308264588,0.518634605257924,0.00758178946089288,0.637098557202801,0.037980602914614,0.506257896298149,0.00290703764695276,0.692188638798159,0.053463062036824,0.51390758043152,0.00790951112138902,0.80382282371846,0.0899463083417871,0.513781271082472,0.00623229584611854
165,50.5,29.011491975882,0.672809663947826,0.050292872858616,0.502609859107176,0.00250023282187297,0.652546288685694,0.0430068197170549,0.512720233033983,0.00740083594234543,0.812786639904809,0.0930436167206392,0.518194407182854,0.00707314777990452,0.633929032799858,0.0379887902780466,0.512410218689751,0.00469044946810946,0.6875804620359,0.0528391907074893,0.512991776882749,0.0078186159733725,0.804835315203933,0.0892830384028041,0.514032436747462,0.00611258519518714
166,50.5,29.011491975882,0.672393029769495,0.05078356462557,0.502168901837897,0.00130579468259071,0.653129872996929,0.0427178707449319,0.512559742519887,0.00817003793062896,0.811624365250245,0.0924223879583163,0.517988459275107,0.00786169582832876,0.635509106156526,0.0394677610510153,0.505554789163579,0.00278757211249154,0.691338411081099,0.0539972370263151,0.518451999657616,0.00950978406780506,0.804760014964597,0.089363056994845,0.512802726000369,0.00561643245089719
167,50.5,29.011491975882,0.67217128168851,0.0506937525085862,0.502081075181723,0.00138365591956402,0.653595363951745,0.0415661983465738,0.51262731415656,0.00761237884456163,0.810926330416069,0.0921633727006546,0.516615127375299,0.00602937198812202,0.635522467354807,0.0399030059447402,0.505149635014229,0.00239460788199159,0.691143810988879,0.0527852090650125,0.516871171615301,0.00851133412857367,0.804637547595195,0.0885735223343132,0.512641566324877,0.00536233053367813
168,50.5,29.011491975882,0.671684643637334,0.0500584669268623,0.501887609177718,0.00132693397541175,0.653526370635818,0.0405722324569333,0.511625158798551,0.00733900805197226,0.810895452277822,0.0914834111583902,0.517205590229492,0.00620341101396548,0.635120005792582,0.0397195332528749,0.50555280240698,0.00296076574673244,0.690437056899934,0.05107726706027,0.51563531763431,0.00776415241016306,0.80426340637459,0.0873324749609313,0.512627823194874,0.00511412039384283
169,50.5,29.011491975882,0.671387446779937,0.0495464465634975,0.501813191959547,0.0013752719804078,0.655198654902061,0.0399145475294731,0.510981929588623,0.00715705379065285,0.809265254280469,0.092623017445281,0.516433246415966,0.00612243035243199,0.631747757016958,0.0388959193180748,0.504967154114906,0.00295367765984836,0.694087775115457,0.0507146714292014,0.527955604766216,0.0139341636309324,0.789745451512202,0.0841005333738317,0.511317641764567,0.00453939912546513
170,50.5,29.011491975882,0.669630792949761,0.0496835628291401,0.50262120142075,0.00228405836288969,0.655177888920263,0.0392092997701454,0.510519973282097,0.00670899044034236,0.806116254803296,0.0939627724409999,0.515653204426296,0.00606170968815621,0.634055914583086,0.0401810729284951,0.507168140442896,0.00445135565957908,0.689323387675416,0.0482616731111023,0.514259889223332,0.00648251322240794,0.800881946701552,0.0892483908667689,0.511976573759301,0.00470476890539159
171,50.5,29.011491975882,0.668531052339896,0.0503836692676182,0.502571034014108,0.00175219181274836,0.655470923698904,0.0387052073904795,0.510464561945043,0.00726966848193794,0.805335361654687,0.0954193107174903,0.514083425521725,0.0059031475984646,0.635480781509162,0.0413733680622246,0.506505670838421,0.0037658701104151,0.689070851437082,0.047441436839324,0.51399232794157,0.00657125701714133,0.799975044605086,0.0914060067751881,0.511157198297391,0.00431235708389711
172,50.5,29.011491975882,0.669611644964162,0.0516095580415759,0.502180754672323,0.000923007806654215,0.657825689651491,0.0386113217802227,0.510153901887476,0.00702164115980542,0.804897435311456,0.0975194403418809,0.515292088133685,0.00641153738819567,0.635735604228926,0.0420886475928969,0.506172555720156,0.00346663547436165,0.689278746449685,0.0465270234949667,0.512772381161202,0.00680829055497195,0.80082365724915,0.0936893171685894,0.511019915782811,0.00409413339496559
173,50.5,29.011491975882,0.670561491860366,0.053113452539546,0.502186212110534,0.000914845477940984,0.657121438626617,0.0379472545328054,0.509881801051367,0.00754506017082908,0.802331703449572,0.0985753266095153,0.514389799743654,0.00582044010100861,0.636352745424571,0.0429460506257768,0.505600109023264,0.00270183366666514,0.689110389886111,0.0454496167470406,0.511931251735043,0.00720711046027763,0.80094493789383,0.0960145103496325,0.510434232338776,0.00379474846693896
174,50.5,29.011491975882,0.67131966039203,0.0542518135823489,0.502132191290871,0.00122689867575938,0.659012837473232,0.0376749519318927,0.50878312217574,0.00653759996803904,0.800438132980076,0.101021069306278,0.513699076581821,0.00547272829960027,0.636290702373478,0.0434126532282851,0.505590571300688,0.00304083007059224,0.6908869958931,0.0449796635738768,0.51089978034991,0.00655956167509003,0.799521211707219,0.0985720178486124,0.50999568962834,0.00355449817185369
175,50.5,29.011491975882,0.672347250024405,0.0548661974679959,0.502197809873243,0.00160832777266909,0.658900954374076,0.0364281539826484,0.508698774186204,0.00713475895779515,0.799788899320771,0.0995367204163103,0.512976934019967,0.00532411879170698,0.636532192205475,0.0436264524723904,0.505398327409242,0.0030433357155282,0.69180763212125,0.0440491266139324,0.510449254807072,0.00584845433393384,0.797452104499768,0.100314965046848,0.509763358528283,0.00413209350530629
176,50.5,29.011491975882,0.673147543342251,0.0546739930392172,0.50198530116595,0.0013278376840656,0.659044711452866,0.0353022431698034,0.508278510919975,0.00750841420290272,0.799391171951732,0.0956700514284254,0.513279970562168,0.00591752116089179,0.636756427839803,0.0429845065232281,0.505192844109183,0.00236203601078619,0.692316850618589,0.0425091207823355,0.509978144751974,0.0059919274642183,0.797427582349893,0.0999223158528161,0.509342372544852,0.00335589014922543
177,50.5,29.011491975882,0.673594272556752,0.0531865025129656,0.502108556794635,0.00178657966223369,0.658563161181583,0.033651270390957,0.507891605393524,0.0079605715469343,0.800429250680157,0.091650739084003,0.514987493228969,0.00648290359114699,0.636699747073,0.0417317702573172,0.505332725633537,0.00315146085042758,0.694941832611756,0.0413165006623381,0.509148008573733,0.00634982970663623,0.799075263244843,0.09821795055222,0.508582413310325,0.00330991908014719
178,50.5,29.011491975882,0.673663987050165,0.051233058489966,0.501942075391814,0.00167103223017813,0.657615493728379,0.0332753173156685,0.50771452837206,0.00821061879822507,0.80308681379733,0.0880570537908035,0.514678756728075,0.00666696323827012,0.638837907208243,0.0411642620912574,0.505339217430259,0.0029301792590421,0.6941406158208,0.040632689526381,0.508884320862596,0.00610828794188692,0.801118085817685,0.0963138234471672,0.508091216167834,0.00357712613740849
179,50.5,29.011491975882,0.673432307599487,0.0508667060086655,0.50154873089193,0.000517895863284246,0.656093664484089,0.0336225041270922,0.506866094269101,0.00764007123906175,0.804402459672208,0.0859960538048905,0.514827287154763,0.00618440526024681,0.638868305211345,0.040982144410663,0.50529840384929,0.00344186118932232,0.692559981456625,0.0412523186378911,0.508066764052226,0.00539658960795135,0.803521245563647,0.0932315504899172,0.507420687028825,0.00337666688788534
180,50.5,29.011491975882,0.672562016354425,0.0509913659211794,0.502119302123413,0.00240090869161886,0.654352792821533,0.035216335923763,0.507972882338061,0.00731959359617256,0.804863701945044,0.0841386608078014,0.514262630993594,0.00636461502445479,0.638144493567699,0.040859560570589,0.505221667678276,0.0026092526152451,0.691214539653902,0.0427048365264517,0.507576667765862,0.00509387607534885,0.805580279820343,0.090070069665378,0.508005940947508,0.00351951929673986
181,50.5,29.011491975882,0.672421382096756,0.0515717867941895,0.501537804747854,0.000484652551278539,0.653127419224791,0.0368764617718895,0.507504647536039,0.00722963809433855,0.805465913862398,0.083038106959464,0.513754859799377,0.00782657647437875,0.637532203992579,0.0410394040920825,0.504977717074278,0.0028352621974635,0.689565447776074,0.0440395243376197,0.507306367586067,0.0056198878031371,0.806613136574712,0.0879565257256199,0.507758098821191,0.00381129253869695
182,50.5,29.011491975882,0.672847674492317,0.0510935525581098,0.501619436416887,0.00124110120275197,0.651734881710453,0.0383472586297752,0.506931281822823,0.00638826161842855,0.804568754875301,0.0822619736550963,0.513518807287474,0.00867703123700161,0.63826725151298,0.0414078737149756,0.504594641030835,0.00204146501388438,0.688978694081822,0.0469648558327358,0.507195674287115,0.00570890878940874,0.807517372231717,0.0868674253679261,0.507534320418669,0.00462842636807931
183,50.5,29.011491975882,0.671962070495609,0.0498068537858587,0.501869718168709,0.0016049567235209,0.650518999442125,0.0399907990202011,0.506533603086935,0.00651565150408404,0.804660197664425,0.0805078546268701,0.512571438615284,0.0076734830423465,0.637435426667486,0.0402066847876939,0.504466595235718,0.00240315094751035,0.687047762830039,0.0497974452743652,0.506589139789387,0.00517777547136157,0.807928536727483,0.0841637625107024,0.507456383596435,0.00374751714617573
184,50.5,29.011491975882,0.671561346527243,0.0492774030920854,0.502007458087732,0.00215079412567628,0.64956599285603,0.0408870741536096,0.50629678050237,0.006128848231682,0.804563779619928,0.0801216270285697,0.511623875471521,0.00722623763556672,0.639639633035997,0.0403149541408152,0.504404201803019,0.00284152601767981,0.685969677921167,0.051140366572897,0.506287761911397,0.0055566066798073,0.80853501102893,0.0817065766200835,0.507007836136407,0.00325676951471785
185,50.5,29.011491975882,0.671043392784992,0.0494369898111699,0.501677180665607,0.000629319839843699,0.648581861116081,0.0416324950436454,0.505736705301526,0.00612046831245448,0.805531700155036,0.079881744225018,0.512210751656634,0.0080223260937099,0.63832135963186,0.0400718317610445,0.504500805763933,0.00330268664732364,0.684382927774848,0.0523035636078747,0.505964562585507,0.00498373552971669,0.808918636843502,0.0807040805493637,0.506647238004666,0.00305710390041997
186,50.5,29.011491975882,0.669896875805369,0.0500166528069731,0.502207769990999,0.00244055046909146,0.64730595220527,0.0425679272420048,0.505147872586857,0.00558037191868791,0.806900548761062,0.0795103516590608,0.511353456041449,0.00696230381753013,0.639759466895224,0.0416987115564079,0.503842186424701,0.00240113121384873,0.683096401428777,0.0538949279333181,0.506067806055302,0.00597746019022631,0.80970745883239,0.0777127937245956,0.506355221796819,0.00341142293505344
187,50.5,29.011491975882,0.670332806874504,0.0519663664600711,0.502004072523138,0.00244589348138815,0.646262624559458,0.0437668485612892,0.505445095955894,0.00705138041712463,0.808281101596298,0.0767242659083306,0.511914619148326,0.00901647967421309,0.635935571896379,0.0412510919058175,0.509627479961917,0.00404345829478354,0.678452059763269,0.0548601601765043,0.506567808676115,0.00459678348051504,0.811109594582275,0.0762762881893337,0.506252476955815,0.00356477892199144
188,50.5,29.011491975882,0.671107248649534,0.0533290995179891,0.502145985355688,0.00213215236426103,0.647117054365452,0.0453860976469058,0.505065518097489,0.00772175948223772,0.808957141088344,0.0741596108756288,0.511671085156889,0.00696907363852955,0.634886274873924,0.041911495792986,0.509866494752426,0.00368763327164356,0.677903967830283,0.0557841056142726,0.512159998753438,0.00836866842990417,0.808442054699371,0.0758417729287403,0.50687641066917,0.00296545214529523
189,50.5,29.011491975882,0.670811315154144,0.0547181732728406,0.502024919021176,0.00203866621953335,0.646343182670528,0.0462312435552,0.505257285029073,0.00880024319599759,0.807702742559186,0.0740610023578993,0.512532653408203,0.0106432867364665,0.637208202448743,0.044243416549571,0.504188581387821,0.00262525065448584,0.681136961408844,0.0572356797732921,0.514610561401059,0.010948656368393,0.806877921925714,0.0746002677381919,0.506303399436003,0.00384688577907465
190,50.5,29.011491975882,0.669231179054702,0.0556846046019354,0.50210832218101,0.00254067413677728,0.646323431883857,0.0465658880694106,0.504926152844767,0.0077425699556555,0.807042138904861,0.0736646426828027,0.512105613373598,0.00804613585216676,0.635447584884159,0.0451493994172611,0.504159688564402,0.00296047077089729,0.680996230455201,0.0575631513922216,0.513713504631489,0.0100755695977981,0.805275017170677,0.0749509455368088,0.505959118455823,0.00363019470783299
191,50.5,29.011491975882,0.668071516178493,0.0572212378827573,0.502185728897428,0.00283116883473006,0.646868900471965,0.0465105291728716,0.504261597176192,0.00722720951823453,0.806561880974086,0.0740106150273154,0.511735444734863,0.00819206354467526,0.634323272358044,0.0463813439941626,0.503841845152552,0.00232389787601743,0.682573913176536,0.0581914830376452,0.513217995364063,0.00951079376573165,0.804285321826639,0.0750475273060018,0.50658332403628,0.00370589381997031
192,50.5,29.011491975882,0.669069199921709,0.0596638759382073,0.501725141837992,0.0012794035994492,0.647134556559692,0.0461568598312295,0.505943883204741,0.00753586719133589,0.807107032755238,0.0758910806070354,0.511402976270092,0.00831842564865627,0.635208483542462,0.0476273416795707,0.504127874979898,0.00198370984580723,0.680625125539469,0.0573190946478315,0.514812352174698,0.0102099073909465,0.789438944455921,0.074337604998222,0.519988138490263,0.0100712389726465
193,50.5,29.011491975882,0.668085690034897,0.0594801778830077,0.502167058241464,0.00174917662742046,0.64765792103325,0.0458148922317777,0.505708697556169,0.00780339356662616,0.808011711378978,0.0780382490000958,0.511446443126355,0.00804104057747822,0.633282580248117,0.0468561543592244,0.506082863268915,0.00321298094213401,0.683191659067975,0.0584790092138251,0.511160546660357,0.00799889326654358,0.802990146474756,0.0785168311776088,0.507396922580097,0.00345809246844761
194,50.5,29.011491975882,0.668076003662871,0.0586683804530093,0.502017586772533,0.00170331442577108,0.64889203638786,0.0453271327316143,0.505701096777771,0.0077406958731195,0.807856387719974,0.0797459037460416,0.513038005075507,0.00769227859692859,0.632916064835399,0.0463603741883257,0.506349923884536,0.00378702406685553,0.683618037876567,0.0578954797653355,0.511085580083994,0.00783649234318618,0.801638360297864,0.0813169037850408,0.507160379024508,0.00323839781099408
195,50.5,29.011491975882,0.668002694130346,0.0577807299264097,0.501686059867111,0.000937637072813701,0.65011930279174,0.0443947495385256,0.505816008483664,0.00850961494031372,0.809257341887509,0.0821317910554455,0.513050693897928,0.00709149242860747,0.633514052767606,0.0451587378816138,0.506128884578632,0.00335991492140707,0.684898490192883,0.0567012788723117,0.510694304372292,0.00760496545528444,0.801932325555335,0.0840303715341434,0.506842571633847,0.00337968021458423
196,50.5,29.011491975882,0.669227586151102,0.0574674636205147,0.50187057637506,0.00173188338584515,0.650394069107673,0.0431500540442998,0.505491872119389,0.00843186112173044,0.808068160479282,0.0832754115852459,0.51340842888122,0.00591654118626689,0.63403164618319,0.0441931547483907,0.505496616123059,0.00285129863853671,0.686253530877317,0.0548153186542918,0.510413739275917,0.00851745740042249,0.801101499858597,0.08598693549635,0.506863105197742,0.00312348127130183
197,50.5,29.011491975882,0.66842349569934,0.0565696757393015,0.501791057440335,0.00226743700892062,0.651251088504047,0.0419590224449384,0.505216671696133,0.00831335744897165,0.807830861216298,0.0854079162444876,0.513384434983687,0.0075174881736342,0.635016724712361,0.0430853070714027,0.505686446634931,0.00285975171727511,0.686531545798031,0.0524777511366158,0.509217062075611,0.00668892358562534,0.80175885426156,0.0879711492469681,0.507039852828187,0.00307561180628551
198,50.5,29.011491975882,0.668092057793794,0.0556930314799698,0.50177549906191,0.00234935979766824,0.651250795823152,0.0412064881845586,0.505595581879265,0.00968058239753218,0.807289055549468,0.0895769285961463,0.514925398930227,0.00639625936658547,0.635391479558217,0.041949914211695,0.505529664964502,0.00281116071165607,0.686356177737603,0.0519039853585349,0.509253358327558,0.00663448220957508,0.801905595538766,0.0908910591474756,0.506600221627268,0.00291452150277547
199,50.5,29.011491975882,0.667464555442441,0.0541691063801839,0.501412872875467,0.00100839557375288,0.651016156907481,0.0408287198674508,0.505764176204333,0.0107961193250446,0.807188767729352,0.0941992512223021,0.515051792690782,0.007084883924999,0.635011663919025,0.0408033951318096,0.505287924863022,0.00222156474068791,0.685671667890476,0.0515304760311209,0.509067134662031,0.00656190819563861,0.801895639893899,0.0945694105362276,0.506777364965818,0.00277542821356437
200,50.5,29.011491975882,0.666706064503142,0.0533235294473969,0.501365321155638,0.00114913305626527,0.652725674320332,0.0414278779535033,0.505077050142081,0.010273268424971,0.804405694091148,0.100626875192652,0.514780261589712,0.00680124229232533,0.634035093018864,0.0403589311490481,0.505460856070893,0.00302581103474179,0.685506170910057,0.0517282183339922,0.508579278713602,0.00641225232206174,0.800531455313053,0.0989373476133472,0.506852838056716,0.00262168063938836
201,50.5,29.011491975882,0.66651924504688,0.0519248269959069,0.501245253229268,0.000780287810801276,0.652001022676373,0.0412117600443915,0.505045382132419,0.00989652138196039,0.798498794285394,0.107914291583627,0.51396675382061,0.00589724325332723,0.628600377724567,0.0390317270206318,0.509911706876693,0.00558276813552565,0.684284451220269,0.0513475778853484,0.520585580370357,0.0106185482317393,0.778946637113009,0.0977724640328883,0.50871989989372,0.00403697908356153
202,50.5,29.011491975882,0.665108140209665,0.0502432177991561,0.506982925749436,0.00403121698031981,0.648155497208167,0.0407529549582732,0.504070737788078,0.00895650476566055,0.79322188551856,0.114424639184107,0.516040508250029,0.00970514216700684,0.630690864386989,0.0387574192315846,0.511598003313744,0.00683095163418713,0.680372411564025,0.0503936055105197,0.513335652313729,0.00800328866391749,0.785640615223546,0.106496598842845,0.50686498160464,0.00330497512730294
203,50.5,29.011491975882,0.667396148183674,0.0497406283167141,0.500966066160369,0.000565007060339241,0.650916315762791,0.0418826706350052,0.516011630529053,0.0154911877567972,0.792294224398323,0.116492780278341,0.512680199932351,0.00642657656928612,0.633061612661365,0.0381741434228023,0.505489389668477,0.00372172594275963,0.683403490822554,0.0519452687381113,0.51736391904961,0.0113007968317769,0.783160022865317,0.107865128123234,0.506744580902458,0.0027594284309367
204,50.5,29.011491975882,0.667427445000601,0.0479718673418921,0.501437932007468,0.00206766467816418,0.650340436813293,0.0419499453703381,0.514886846496142,0.0144564295162659,0.784147245422989,0.116992971631726,0.512375009465714,0.00601446804144006,0.632775837473358,0.0372994442723569,0.505092552696363,0.00362739342718911,0.68277689740996,0.0515744375957972,0.516380013505122,0.0103520799493031,0.776301495102071,0.108709560384078,0.506264053431074,0.00294141962197206
205,50.5,29.011491975882,0.667079016142137,0.046719613770715,0.5011834545329,0.00122943513053465,0.649946136181603,0.0419744115491594,0.514155601354679,0.0136298289593854,0.77980590301081,0.116637372336454,0.511634743515459,0.00597858357788014,0.632090932246125,0.0362764017706351,0.505190420591785,0.003692672486846,0.681704878160666,0.0512601704249779,0.514893471887113,0.00940320866081953,0.77155118433026,0.109020314103048,0.506783370537083,0.00306325966550602
206,50.5,29.011491975882,0.667009023606705,0.0462977864397019,0.501131744057329,0.00130585807860378,0.64967653199237,0.0411275236039811,0.515027227595124,0.0129052140614538,0.777942010263106,0.115213144269977,0.511354783906843,0.00547805855427185,0.632071485674665,0.0359302980865201,0.504367746021271,0.00291287152855568,0.68158671270713,0.0503435190529782,0.514422686331184,0.00903134830937286,0.769544079162916,0.108020858924845,0.506458462019579,0.00271694549577284
207,50.5,29.011491975882,0.666960824423057,0.0468670814886454,0.500930144517045,0.000535224452318285,0.649562639472397,0.0406668183026794,0.513704388133075,0.0124736660545835,0.777468508326612,0.114056856694173,0.510612911142445,0.00546199469838853,0.631603888968645,0.0364569846806677,0.504402120084175,0.00302373274516564,0.681599198169827,0.0488029882984909,0.514794253891265,0.00825609171982867,0.767849075183801,0.105434269807894,0.506061012058247,0.00238286943769302
208,50.5,29.011491975882,0.665997034854957,0.0478685388045221,0.501051743421318,0.00152168285942919,0.649295760478373,0.040302828742571,0.51253532971939,0.0115763144908131,0.778345896003058,0.112807282589198,0.510059530152607,0.00540252356993772,0.630734482195041,0.037497662164617,0.504010137056061,0.00297545064591003,0.682482760389042,0.047969553332582,0.514504286191385,0.00769906524992976,0.768606464497113,0.103441801605595,0.50551773397076,0.00280460947107896
209,50.5,29.011491975882,0.665728887597059,0.0495518156505496,0.501268760164887,0.00129091260647331,0.649566153138073,0.0395136948027007,0.511894747882686,0.0108370419632713,0.77512233940512,0.11179711298258,0.511337836825083,0.00779527947126191,0.629073551055353,0.0393794520989585,0.507376606911441,0.00569750143910978,0.679449824828463,0.046197786890215,0.514301250870441,0.008267481235598,0.770425454363036,0.102889717993373,0.505193273924311,0.0024537937143287
210,50.5,29.011491975882,0.665192501445977,0.0513339796763166,0.501140250898309,0.001302377629181,0.646540413174812,0.0404481850870745,0.511265828217986,0.0105152844244739,0.777822780400131,0.111851481235007,0.510771087068496,0.00551413069634666,0.631135966826554,0.0413116238024953,0.503757231763837,0.00311774274137523,0.679529857760487,0.0482700439764939,0.516877544014286,0.00992684776718981,0.767733777698665,0.102962166844596,0.506084216257058,0.00266181083279089
211,50.5,29.011491975882,0.662499858284546,0.052091568326336,0.505908138221572,0.00471572284900626,0.642099132570015,0.0405680772389284,0.512538943858122,0.0120264766533648,0.779991666878373,0.10855344632415,0.511652091214837,0.00490405461448652,0.62864488501301,0.0419061249966721,0.507956253127538,0.00529426261681144,0.6743512272231,0.0487714258934012,0.51716848137816,0.00920609322638648,0.770325830429934,0.101534969024845,0.506356110123191,0.00258701810857893
212,50.5,29.011491975882,0.665679697992123,0.054391158794929,0.500979945898413,0.00132880576127633,0.643474917475707,0.0424390521175126,0.522214082631607,0.0165300588278401,0.776889325655216,0.109885837317563,0.510810647284794,0.00605594955809977,0.630450788016107,0.0438743930493947,0.503334009449905,0.00273940567532565,0.676550255093258,0.0518082869139964,0.515823857672862,0.00841173002894108,0.769388752110559,0.100767592302815,0.498373279506211,0.00355477304220862
213,50.5,29.011491975882,0.665833759632356,0.0548252249378793,0.500869767700486,0.00121728457412846,0.643018527390177,0.0431517893059551,0.520565250296381,0.0153183454994603,0.779442018572474,0.107120415927512,0.510425769120287,0.00480184164427138,0.630257640621793,0.0445318428056597,0.50312050749709,0.00314596355263891,0.675614600719207,0.0532972504186046,0.514662652556373,0.00778505543224382,0.771839114297223,0.0990454171556256,0.498966775737873,0.00349877769257572
214,50.5,29.011491975882,0.666320989912554,0.0551933613289455,0.501049427178425,0.00152272587059839,0.643029237517145,0.0432351374443831,0.520802559783257,0.0144682472114532,0.78113195662545,0.103108493687446,0.510840581598538,0.00757931394703963,0.630320261883441,0.0447655546561106,0.502941561046469,0.00284026623991987,0.675836094912413,0.0535372631996912,0.513537299155997,0.0079944198422163,0.77425490974569,0.0954467561873492,0.498979042438516,0.00345467142524673
215,50.5,29.011491975882,0.668202348990576,0.0552421994065712,0.50072729076651,0.000995822376997062,0.639536576771167,0.0425757868582783,0.519788540449465,0.0128613532204328,0.783174861999313,0.100508650727101,0.510088594721875,0.0041779882075537,0.631976852432925,0.0448884612859928,0.502967000100355,0.0019119730357,0.675607587425472,0.0528911275523377,0.512085649403467,0.00747511362045014,0.773511192611265,0.0904348512673725,0.499574873324077,0.00322410028161255
216,50.5,29.011491975882,0.667117222436797,0.0532883321652271,0.506235118498004,0.00433652057478279,0.636910209638028,0.0409411622116184,0.51035402107621,0.00806561326813739,0.783553364873324,0.09920199589681,0.511211889107363,0.00431951787586041,0.632699930408415,0.0431684722623315,0.502797887080368,0.00172447432424349,0.674876220895013,0.0521580723015911,0.511651898538745,0.00722237553877896,0.772622389917359,0.0857592480508444,0.502104091043105,0.00280612714304183
217,50.5,29.011491975882,0.670046076367448,0.0508052523876903,0.501087011999363,0.00166361481156601,0.639505101671263,0.0411114938674818,0.517204181570988,0.0112041481690652,0.783826506056948,0.093147080561456,0.493601042300724,0.0113444192255621,0.631867156551474,0.040689533129207,0.507941476871409,0.00450372486924963,0.671970691863769,0.050963342184543,0.509180513282247,0.00638108536420313,0.774617400964348,0.0821836099220043,0.501795975076836,0.00357025223373501
218,50.5,29.011491975882,0.670759008982714,0.0476112350901551,0.500979889581797,0.00128996822462855,0.640638683843744,0.0405317034043787,0.516201326012303,0.0111021766842568,0.786765684736616,0.0872395911173692,0.493684747140509,0.00973211893565152,0.633927991740056,0.0380644721048181,0.507905660329609,0.00458685637830887,0.671895136612861,0.0506796521697053,0.508562122290165,0.00568837854251384,0.776390855064718,0.0781323102165796,0.501581735100971,0.00307734201597733
219,50.5,29.011491975882,0.671587145466794,0.0449464572828874,0.500880433803125,0.00131071206041378,0.637981789316873,0.0403012688883601,0.514759792138221,0.0102086516409237,0.789834388392675,0.0802779216783947,0.494429657203316,0.0087666568414444,0.635116832492989,0.0362768975869881,0.502880456239981,0.00226705266894528,0.675602285929026,0.051597711149734,0.516995040191714,0.00997303679720308,0.776868322005789,0.0718769439399628,0.502089622090073,0.0026760455329241
220,50.5,29.011491975882,0.67242282934538,0.0422871371466188,0.500974092460297,0.00230990450788712,0.637993629580556,0.0404518949517165,0.514072588720002,0.00977951573806145,0.793121352552719,0.0756230759063222,0.495582130963342,0.00784702403206052,0.634774598249316,0.034025384968082,0.502803255086643,0.00165462177900646,0.672532520474203,0.0516942060246186,0.516383029997113,0.00927124481034988,0.781002958347762,0.0677392814411267,0.502271347031457,0.0031775181156021
221,50.5,29.011491975882,0.6731034259715,0.0397135496641569,0.500980817265096,0.00173468802820812,0.63682672702139,0.0400570505771298,0.513403783992504,0.00940290047551223,0.792136310082469,0.0708763716789221,0.495799586766225,0.0077331713892164,0.634270746726127,0.0320180247033505,0.503420242636809,0.00211448530235837,0.672389124533885,0.0508886564835894,0.515248200286693,0.00863731327292887,0.780964276594971,0.0643392264711963,0.502434041057121,0.00384653142072405
222,50.5,29.011491975882,0.67405972333844,0.0374887528615653,0.501007446746719,0.00105785008697744,0.63829445158525,0.0394861001088431,0.51327366277839,0.0097239117298032,0.79344039258008,0.0678866298067113,0.500280024970956,0.00646868048992426,0.634217844620452,0.0303079473924114,0.502766452066101,0.00160413239626838,0.669768883099112,0.0503730531467239,0.514369457220502,0.0086665015483792,0.782085706130097,0.0634042834432287,0.501971927351545,0.00338350882823766
223,50.5,29.011491975882,0.67478636268136,0.0351396845049343,0.500919660795794,0.001120240581711,0.637877756673117,0.0399362687828747,0.51255800867336,0.00959757986096482,0.791815824459823,0.0681299227969896,0.500286215913581,0.00610085982341403,0.634542880522512,0.0282111424499956,0.503241495847853,0.00267990777874729,0.669130601874787,0.0500823913582912,0.513194572228388,0.00761334503323405,0.781985024994683,0.0650180831352431,0.502001207434892,0.00315712317636139
224,50.5,29.011491975882,0.675254128958854,0.0327720976473506,0.501197670188715,0.00195491544717373,0.637643617141968,0.0407642508640558,0.511488960674934,0.00983244054819456,0.789632454364414,0.0722949308006114,0.501650455714994,0.00572799346230816,0.635351143282436,0.026467458114845,0.502770814560145,0.00177982734356323,0.668505349503646,0.0507039125592009,0.512625797918258,0.00749863801365131,0.779923511739672,0.0686607314212366,0.502300518757839,0.0029798336762224
225,50.5,29.011491975882,0.676850814614237,0.0307734549843938,0.501026321202185,0.000522859108973498,0.638121153268922,0.0411592919847694,0.510997277912969,0.00980133618419914,0.787319993961967,0.0740994575537226,0.50174628975329,0.00489121777604231,0.635906257405871,0.0245697293345813,0.50289036869112,0.00239214207539569,0.668672751686898,0.0508274819665077,0.51298530317063,0.00707879715208039,0.777683528078942,0.0697120936489035,0.503631918477761,0.00313364286228227
226,50.5,29.011491975882,0.678162468185593,0.0285210696374962,0.5013105958541,0.0019240044260086,0.63803717537159,0.0409705176799113,0.510011020119651,0.00920834453273014,0.78538823500645,0.0766240881538429,0.503304114674365,0.00651039796245847,0.636168775828749,0.0227520169819955,0.50821736426148,0.00375555499779645,0.665138215258764,0.0495849330657791,0.506925933296778,0.00523151729473106,0.777254940082775,0.0707465929434006,0.503336588897446,0.00405642465679679
227,50.5,29.011491975882,0.678762330363686,0.0265304456740858,0.500978650896749,0.00118716763463915,0.638489765044302,0.040691192229316,0.509670194736281,0.00970931641908118,0.789364171045085,0.0758560907885955,0.502791124020382,0.00491878121866718,0.640154065417559,0.0213689433221111,0.502513525959944,0.00225868290328899,0.665765427881273,0.0491559965913526,0.513250236470604,0.00691296562791708,0.768010394664567,0.0678826778391579,0.517083093857454,0.0119108123546199
228,50.5,29.011491975882,0.674871036156244,0.0248702218232885,0.506252397650786,0.00396346486796766,0.636009379548945,0.0387165464443021,0.511884189892377,0.00901162466615938,0.794955983109034,0.0736279176191147,0.503945905493686,0.0047482000483461,0.637183205900561,0.0206663042051095,0.499524959489108,0.00313943204762834,0.666109557781269,0.0490500716174684,0.513170288448562,0.00658287030272115,0.783456497238029,0.0685251856314253,0.504736822048203,0.00357623434668135
229,50.5,29.011491975882,0.67659547850043,0.0255657198117287,0.50708758748422,0.00400567125836858,0.634517093086913,0.0380838515973083,0.519876142091498,0.0181108603175595,0.794043841895867,0.0713884307411885,0.511521402335461,0.00791404344961655,0.634468654655561,0.0201640438135191,0.504040736448632,0.00338559520887396,0.660326272566486,0.0477946311612408,0.511920925547058,0.00699763131668801,0.790182919801948,0.0636537859089663,0.505223429784456,0.00395423371577198
230,50.5,29.011491975882,0.675855842877724,0.0274941985302083,0.506457853243487,0.00396313649490614,0.63548150954751,0.0368838565150474,0.53333641761307,0.0242401461805944,0.796178787607418,0.0675136076300476,0.505810298330733,0.00890859027876618,0.633824872898842,0.0214393599591594,0.50696859146515,0.00366312609394027,0.659929853243194,0.0470493801244603,0.512425935336967,0.00759680717443214,0.784452736420187,0.0626889558027688,0.496649239611206,0.00377614752998364
231,50.5,29.011491975882,0.677720101169297,0.0302946523639511,0.50062344207782,0.000812225813323296,0.638804018266541,0.0368073961796956,0.52848636244213,0.0198088807568131,0.79496788347037,0.0638925236157589,0.488818647578023,0.00893531612635646,0.633399396059323,0.0226381916002618,0.506454585261618,0.00327676922109736,0.661069285677041,0.0460238495243232,0.511039332343167,0.00602284016765253,0.783686217024898,0.0597914446498075,0.489698507939502,0.00744632844999929
232,50.5,29.011491975882,0.677578777455858,0.0343237896480227,0.501059810592748,0.00217783764444581,0.63848697450296,0.0360045661067884,0.526202294329566,0.0184018471002795,0.79780885916796,0.0642163549429638,0.490539806327848,0.00988384972743238,0.634831458351861,0.0248807096629249,0.501199592779404,0.00255909186038577,0.665148972359775,0.0455301966243555,0.515756601849933,0.00828686738978106,0.786657823191363,0.0595672811065763,0.491161345114252,0.0067922595560508
233,50.5,29.011491975882,0.67614239848467,0.0375736207637363,0.500907511215415,0.00190587170943493,0.637142313931513,0.0352446007789055,0.524701371437533,0.0171462093925992,0.799638439758209,0.0642269577162906,0.491058291006207,0.0085073536918457,0.631439003932783,0.0270270611426371,0.505643732135125,0.0035887463744414,0.662752413822111,0.0442732295846903,0.515913945829754,0.00807265321803181,0.790648353604743,0.06104600027833,0.49236406695461,0.00577354353929975
234,50.5,29.011491975882,0.675479706324373,0.0401627550842656,0.500544722173119,0.00128351868141878,0.637898819893577,0.0352235169737325,0.523682798160373,0.0163948717793511,0.802576720798408,0.0674506197954822,0.493034977916736,0.00651673793816218,0.633007460529457,0.0293219465329382,0.501593740893653,0.00218645716835655,0.667996071238959,0.044568394853398,0.519330564694761,0.0112275896360315,0.788161538366392,0.0640446415104327,0.492514648470619,0.00582096545028936
235,50.5,29.011491975882,0.674918349874031,0.0421731320322479,0.500530225009165,0.00129857845196789,0.63873693156164,0.0345497810395968,0.52199691781413,0.0151738895955532,0.806203175694081,0.0709957384398067,0.493835707592119,0.0061907126215604,0.632766610729273,0.0308842177415669,0.501423355583197,0.00186208530677747,0.669280340629451,0.0438320214850089,0.51915410487796,0.00995833175106028,0.790120248815893,0.0672238027113034,0.494250057436165,0.005087891118345
236,50.5,29.011491975882,0.674194905580213,0.0441411967424679,0.500423617908099,0.000809902124567944,0.639162849557705,0.0343157663194525,0.520007199553331,0.0139956960779352,0.805944414208949,0.0761140904875153,0.496745164174527,0.00537814518889843,0.631871311509771,0.0325298336076585,0.501983430302936,0.00253196471591455,0.667728367049765,0.0432083956323087,0.518134995534536,0.00945277376135457,0.787476221528513,0.071829784618948,0.495032819506072,0.0045546638615946
237,50.5,29.011491975882,0.676147410440281,0.0466280445216088,0.501268565579359,0.0019116083469098,0.636976000457589,0.0336502858340077,0.51827938913753,0.0129750901089501,0.805962905064094,0.0810638020458021,0.497719400397571,0.00545595171834464,0.631913586811946,0.0342081829937916,0.501983121709237,0.0023114594367243,0.66915650329664,0.0424477168826709,0.516713982853581,0.00859829849934171,0.78802715071334,0.0755020019301531,0.49534340825384,0.00448570598928346
238,50.5,29.011491975882,0.674881744847647,0.0488342954079052,0.501035092038902,0.00125412786836939,0.638758093388644,0.0333829429279739,0.517116006185883,0.0118969353856506,0.807253683163333,0.0833110833285188,0.49787630114484,0.00499849709833195,0.630986071112797,0.03559860043235,0.501904135465383,0.00154816551048134,0.671192878358757,0.0410023118716665,0.516110217197418,0.00874542115533365,0.788326312088945,0.0770057593692909,0.495829605373422,0.00404806632901189
239,50.5,29.011491975882,0.672261326760245,0.050637467975089,0.506922202554087,0.00439477868999714,0.636893683314226,0.0313980383430927,0.509580048698644,0.00996466189743693,0.807220481086561,0.0868731791608229,0.501807268572382,0.00450023518624086,0.630321534101283,0.037493778104693,0.502424192081944,0.00259394333617808,0.673512657917593,0.0392787508628562,0.51488287645244,0.00780527755423257,0.789256736864296,0.0780488594887497,0.496743551443861,0.00351675530140498
240,50.5,29.011491975882,0.672851655471327,0.0540940083629745,0.501314715770302,0.0016396904411437,0.640813560273833,0.0305400494742662,0.521761002717579,0.0176851046055178,0.805612981124826,0.0842249800910294,0.500520738821429,0.0046652135693338,0.629693318027775,0.0396602284149459,0.50207357848797,0.00176399652771048,0.675727329807064,0.0363342094295755,0.513937021860356,0.00778018200748412,0.787974259063016,0.077771571035546,0.49695455266961,0.00323513698316101
241,50.5,29.011491975882,0.671769911927691,0.0564005602018297,0.501063871246478,0.00139719921683432,0.641954128531637,0.0290879808314709,0.520460986924877,0.0169954338163238,0.807672223777307,0.0855065615342105,0.500758584816881,0.00479520858047678,0.633623574829937,0.0432288416798218,0.501738508717108,0.00230967087234481,0.677287510700167,0.0336865074685263,0.512690219468414,0.00658108064847011,0.789222480344897,0.0795608319153178,0.497348153763625,0.0032242565990659
242,50.5,29.011491975882,0.670887407936179,0.0574872885462705,0.500966953306915,0.00128666431933588,0.642782478886829,0.0277784564787257,0.519759071277181,0.0158190117693828,0.804479937324727,0.0855749019258464,0.50176399987573,0.00447115734033584,0.633595938382541,0.0441586027656947,0.50208148802563,0.00296877545610776,0.678284791969062,0.0316222958476894,0.512191266040495,0.00611687513565295,0.785787130295565,0.07974800584549,0.497730407670031,0.00341644837983586
243,50.5,29.011491975882,0.670479774874424,0.0578540625519785,0.500858804028991,0.000751195979607537,0.642093374418895,0.0266474728927844,0.519950922473096,0.0150950888924059,0.801840623517297,0.0854980260438582,0.502326974673506,0.0048594814252808,0.633341738296319,0.0444094376742588,0.501820847569589,0.00243483340073386,0.679694758512871,0.0308911968635269,0.512262280975389,0.00764043511734341,0.784275369870692,0.0784237641458425,0.49802281262303,0.0036394863220285
244,50.5,29.011491975882,0.675360126089135,0.0590508995934324,0.501272091498224,0.00226761969787971,0.639240216373367,0.0249859762862989,0.516542145543577,0.0124891108819317,0.775079823686797,0.0788865457786244,0.535010839159163,0.0206876456853855,0.633103940818027,0.0437824603542974,0.501394474618545,0.00138166113602307,0.681144125191963,0.0303901057372312,0.51125245158181,0.00615815282608683,0.788439901678561,0.0774536123735196,0.498956203325272,0.0037801731825417
245,50.5,29.011491975882,0.671422312353571,0.0564942452194976,0.497860209916545,0.00206381050638617,0.644241507496304,0.0257229879852698,0.517536805591555,0.0133386291130861,0.806371972058867,0.0829035447322093,0.50338242403247,0.00463619457178276,0.635181362120837,0.044214926685684,0.501582401686123,0.00207241739822695,0.681876058917254,0.0302537009241845,0.511285938696359,0.00594771045886512,0.791836629958719,0.076634993902286,0.499525049270935,0.00353403522599442
246,50.5,29.011491975882,0.671033717004932,0.0548275530524876,0.498630307292489,0.00306346874418279,0.645126435367638,0.0265059546300916,0.516464788714763,0.0120377294690883,0.80739539641547,0.082114171982302,0.503479768240268,0.00506548846263954,0.635272822531929,0.0437648232692718,0.501825355674537,0.0021761507384025,0.681047248427472,0.0314581038790392,0.510391433418131,0.00568833747998642,0.793688549802388,0.075916290827938,0.499696808757098,0.0037952268243779
247,50.5,29.011491975882,0.668330369138909,0.0523976249441322,0.504517658359208,0.00332268004622921,0.643075134656531,0.0279946768817169,0.517416266399639,0.0130271340262907,0.804866266317984,0.0827558281011968,0.5024570447593,0.00676252152584376,0.635179717833359,0.042783418841995,0.501793199773291,0.00305118113057072,0.680478561039591,0.0347807640739979,0.510496592941018,0.00570593991609583,0.792929356151457,0.0761172701408185,0.50054477836435,0.00344544714190193
248,50.5,29.011491975882,0.67161518527503,0.0522544500072509,0.49872016952336,0.00203899390370928,0.645080695964017,0.0314950739196341,0.515046070831421,0.0114537921320301,0.805096211771913,0.0807580540213592,0.488013969800836,0.00944448571595277,0.632314739494272,0.0410605055791093,0.507704848783038,0.00439988753381014,0.675959428450673,0.0378655352600644,0.510546038671803,0.00605081820066028,0.790627759911083,0.0770032564651754,0.500556850801741,0.00367084801272669
249,50.5,29.011491975882,0.672009972073286,0.0510924470492482,0.498857521956869,0.00209479166446768,0.642754566005725,0.0347173540695271,0.51376723088504,0.0107267169182915,0.806472839116782,0.079856219932822,0.489854235714832,0.00952761448349795,0.637597749059597,0.0414776216092941,0.501730451652997,0.00202356690168822,0.678209743983838,0.0433276765359421,0.514292106487044,0.00847989120704161,0.791497299517641,0.0770513945131373,0.500392297921823,0.00363838259749019
250,50.5,29.011491975882,0.672479575949384,0.0499767785476218,0.49898105288934,0.00194845484430985,0.642423409444965,0.0376888651993657,0.512926054289718,0.00965609895936427,0.810226264373004,0.0790462268822261,0.490552456132308,0.00775059387772133,0.637743035937409,0.0407735244397872,0.501664895311586,0.00179647188276999,0.677309699948675,0.0477570687345659,0.513655890262505,0.00810473255504069,0.79204297499127,0.0757063852458151,0.50048149657228,0.00326099021463537
251,50.5,29.011491975882,0.673195225376494,0.0488730119680118,0.499458676661623,0.00111917104887919,0.642907110263114,0.0402547408442821,0.511978126877438,0.00905181456148111,0.810584967793017,0.0774806176829205,0.492195687058115,0.00732238414881776,0.636296173720418,0.0389800042314278,0.507921164707786,0.00457154500029895,0.673466777383985,0.0493772158781181,0.512803711240852,0.00741136798492803,0.789961539986044,0.0746207461467205,0.500895458652427,0.00301609163723083
252,50.5,29.011491975882,0.67371252291256,0.0476365031178153,0.499709835907638,0.00167439446801419,0.642898577878858,0.0416259036137748,0.510818242558707,0.00810454948707656,0.811395537356593,0.0763657161418826,0.49294816441368,0.00672024517237485,0.638690216122204,0.0388793021610259,0.502400373880405,0.00212226551531706,0.6792261447287,0.0525880597387682,0.518784736625885,0.00891038541907091,0.791298049429751,0.0740405725477788,0.501866696486505,0.00315513270040159
253,50.5,29.011491975882,0.673377548145067,0.0464419658681334,0.499831773740969,0.00193655982502156,0.643229824802284,0.042225222007971,0.510490515257376,0.00808917019416191,0.809970566154405,0.07553524806016,0.494625624926515,0.00601923685898844,0.638158754459578,0.0380484384820549,0.501962866757242,0.0016794069697754,0.679748558251927,0.0529407343447613,0.51896441473461,0.0103519809511621,0.789290305287456,0.0733046588386433,0.501972522998849,0.00320700829117953
254,50.5,29.011491975882,0.675378586085254,0.0462108385056293,0.499932144033874,0.00199496192909814,0.643858975295072,0.0420717711173134,0.509553029991948,0.00815678839809168,0.811757382500564,0.075045202430779,0.495899789853618,0.00552792062433867,0.631147948177283,0.0351857061560508,0.508571910844553,0.0044430870789752,0.680971384950615,0.0527891445299566,0.532604572698341,0.0153909248515647,0.776111301322988,0.0680611445792362,0.500536426224019,0.00289856844848732
255,50.5,29.011491975882,0.675533864297994,0.0450671964971747,0.499811344617643,0.00125353833452865,0.643875226764609,0.041382864474218,0.509280544405237,0.00764894158651071,0.811494345731367,0.0734601857599775,0.496955221039982,0.00627360423731454,0.639408000539859,0.0354881870433856,0.504315132075219,0.00354743219948714,0.679759292663169,0.0524072178781879,0.515775643549908,0.00724545749250888,0.791070922296556,0.0699319725265407,0.495207065864602,0.00363735955181594
256,50.5,29.011491975882,0.677384916515032,0.0433466981625234,0.506668526897012,0.003967330600322,0.636216024408584,0.0387169177293126,0.508700051360109,0.00800142244885957,0.770298771156715,0.0719954181311602,0.537511598895069,0.0266357444833406,0.636685373691317,0.0323334023673298,0.504645604404861,0.00328381153190381,0.683085573334408,0.0531510902704304,0.525264941106777,0.0126787734025339,0.775405855113663,0.0646872354225899,0.49651784495613,0.00327238335935689
257,50.5,29.011491975882,0.677358566236416,0.0413794936895116,0.497827418117627,0.00257963616464194,0.644153242295952,0.0407739183852508,0.508057475943054,0.00720976295416931,0.807094360458612,0.071142812904888,0.486640585163267,0.0100076269283187,0.635927783187355,0.0308108436088127,0.511948815222485,0.00711562663568673,0.67571195736399,0.0508685443735313,0.51473256892348,0.00616773630898408,0.792831889410364,0.0662170063322288,0.496603523754191,0.00314131919425934
258,50.5,29.011491975882,0.67372322418841,0.0391875410164557,0.503833133695898,0.00338212047403889,0.63745802695617,0.0403019090977805,0.508596404893714,0.00740021018166344,0.80781277327897,0.0714801063568486,0.484256930818215,0.0111369455960717,0.638307734468757,0.0296327556633013,0.506435235693346,0.00388244323153891,0.678655535619411,0.0517095362160546,0.513693226738474,0.00640885677533976,0.791067221002229,0.0626714662978725,0.490329180981657,0.00545391540572112
259,50.5,29.011491975882,0.676779720139504,0.0386144440258866,0.498305311781873,0.00208053813266134,0.639465914512437,0.0420535761567219,0.50719186398569,0.00660578505277103,0.806265967372133,0.0647292364356754,0.472628105684484,0.017330040046971,0.638650251245859,0.0283226746243158,0.506272242185475,0.00356507113894557,0.677431643692192,0.0526436315397776,0.512444888155009,0.00561843377013693,0.792663564836919,0.0614352372121835,0.491449121201733,0.00596433100326588
260,50.5,29.011491975882,0.676503973360393,0.0375970978661579,0.498661285845501,0.00287029887808504,0.639245079127918,0.043374536520091,0.506817513461465,0.00703361517973527,0.804596982701568,0.0624282057481426,0.474392186182439,0.0155500155308643,0.638517602355495,0.0276847533261014,0.505794555136036,0.0034345406437709,0.679131116920956,0.0543773321437344,0.512561486613208,0.00758093016137364,0.789669652428652,0.0616202316605977,0.492975554816748,0.00379963368648487
261,50.5,29.011491975882,0.676593858845531,0.0368913540131707,0.498561205068552,0.00212343797165545,0.638441163221081,0.0432487424479647,0.506335960805097,0.00674006084167905,0.805301996057132,0.0616302780981806,0.476979342281024,0.0162872718433023,0.639089178013743,0.0275159497233705,0.505500362687228,0.00310827860353599,0.678298346457509,0.0543566210167107,0.512184389017024,0.0060203843246072,0.788385690417358,0.0620548579507577,0.494140216515908,0.0044278012129152
262,50.5,29.011491975882,0.676004487267285,0.0354787913072396,0.498726684732188,0.00220598381171353,0.635282513014185,0.0427306884726222,0.506537864379644,0.00827479756763627,0.808875121726233,0.0616312649829184,0.47914209698548,0.0136254773295879,0.639013773274845,0.0271600553974854,0.505310915925077,0.00299607573313051,0.678172213604832,0.0535477588856748,0.511259523700049,0.00547307436206762,0.78999831080677,0.063154016850451,0.49470153495666,0.00339444056578394
263,50.5,29.011491975882,0.675200017898991,0.0346849025966489,0.498611663870607,0.00123459955874666,0.635701482757496,0.042224327644939,0.506782962219766,0.00977874642108525,0.810618508136572,0.0593581152024647,0.481006076373688,0.0127543299963134,0.638962701079061,0.0266275565086141,0.505184810189319,0.00321813391304153,0.679129444821597,0.0531351048684929,0.510443965871593,0.00508007809148558,0.792513259062857,0.0609153372210853,0.495669569809369,0.00324562222126602
264,50.5,29.011491975882,0.674547501076798,0.0345385358644122,0.499059975011829,0.00185139756930617,0.636173946898483,0.0418681143644273,0.5059208462123,0.00793275508499411,0.812145293918914,0.0578056321078644,0.483658830779304,0.0123757062469066,0.638292421097187,0.0264198522753332,0.510760123578371,0.0056650686308281,0.672599208223895,0.0516599416388283,0.508558572107234,0.0077960111721109,0.794483565872895,0.0606774525579383,0.496321174823455,0.00450135567237604
265,50.5,29.011491975882,0.674786224688463,0.0341112469507885,0.499218317253126,0.00212969056149474,0.636967779436376,0.0413839226494032,0.505651948768405,0.0078645296556082,0.814590390472661,0.0548715617022621,0.485189418487862,0.0115523157166855,0.640074732452238,0.0265401097023212,0.504814351402582,0.00301570439651869,0.675641721751559,0.051668805095461,0.514680314562519,0.00633994172180959,0.796384489656064,0.0577638012937275,0.497082280431737,0.00349990405523206
266,50.5,29.011491975882,0.674318163481691,0.0327118445487732,0.499362317998549,0.00206224095610913,0.637076032510765,0.0409243382107276,0.505712014546862,0.00824407062314313,0.816433415345005,0.0526877244777983,0.487268610137396,0.0115087629817224,0.636825026146323,0.0255185660361871,0.503445369972145,0.00228499331222284,0.679536787564427,0.052687821751837,0.528083116559935,0.0120079478884753,0.78787419380515,0.0525547360757258,0.497205387629604,0.00315415394877889
267,50.5,29.011491975882,0.673979877088777,0.0320029251020469,0.499226958422196,0.00153859344176617,0.637463677183792,0.0407150592441905,0.504929877979824,0.00871541577709065,0.815526976511208,0.0501805451821693,0.48817427803908,0.00968590136430178,0.640832701452038,0.0254999052611521,0.505422054059241,0.00362880462784137,0.675293895763015,0.0516665451400043,0.512972245920402,0.00630518282470073,0.799012381289549,0.0508158725573916,0.499719310674969,0.00274517663218063
268,50.5,29.011491975882,0.673069299930697,0.0321598698195589,0.505688349068158,0.00396274449378199,0.626504337639077,0.0399338653206049,0.505899255875768,0.0076692928747912,0.778930104661085,0.0483887969147841,0.521411663296685,0.0199034234840412,0.640187440075857,0.0252895535987864,0.505317184767402,0.00365400856211408,0.674436528090602,0.0509484718177118,0.513429003801744,0.00658025080043773,0.796494412452796,0.0494586649231197,0.50037558831805,0.00282052990171338
269,50.5,29.011491975882,0.674700139666513,0.0338003944289536,0.496780553402959,0.00280337609037801,0.632493899246697,0.0406608789051915,0.515422832648632,0.0145999300425822,0.812295312623764,0.0510531501220766,0.490670097423802,0.00843453678637597,0.638806456426275,0.0258436790793028,0.505190910163863,0.0032497555272169,0.675330702180803,0.0509610566704473,0.512165998885634,0.00703512942811813,0.793793076808371,0.04917766069132,0.500933135534279,0.00303226625277834
270,50.5,29.011491975882,0.674583724584306,0.0347831569429482,0.497045297326339,0.00274702126096566,0.631250667552664,0.0397569729436594,0.514520899213849,0.0143064105754008,0.806996886010782,0.054594922618376,0.493884902539334,0.00963876433893304,0.637554347528207,0.0260874870601405,0.505001018946615,0.00333813183554934,0.67289938554003,0.0494361113441645,0.511204756907674,0.00737264971061916,0.79083538129624,0.0509609049108708,0.501158489391034,0.00232973362430075
271,50.5,29.011491975882,0.675615420908588,0.0361250080221114,0.497267153095282,0.0026782967606616,0.63247738018017,0.0384804416662424,0.513828915831166,0.0135279991944235,0.807166861240266,0.0590466817422108,0.495307126938497,0.00657090209152429,0.63635653784101,0.026506418890443,0.50515175057793,0.00335401337641688,0.673234194600277,0.0472871946153316,0.510462036420987,0.0064734643872025,0.791377110433414,0.0545742751238484,0.501380383478934,0.00224438709698135
272,50.5,29.011491975882,0.673330088642814,0.0366575665351199,0.503325867559507,0.00292909666827459,0.631979194217079,0.0365635403462348,0.502903767567538,0.00848161339010539,0.800235401299828,0.0620588205475503,0.496144056035801,0.00617819809886046,0.636843305926789,0.0274345839745109,0.504293735364355,0.00297049978690236,0.671046848559927,0.0458646124584295,0.510313782728013,0.00647275479209634,0.786639264319942,0.0587734257179591,0.501954666930992,0.00250639577619509
273,50.5,29.011491975882,0.674692474728228,0.0388274025315395,0.497819030858762,0.00252398637934563,0.635098730435805,0.035745007216219,0.518712778453961,0.0170524969127785,0.795581877719877,0.0675869632583639,0.4989231986213,0.00956471146659741,0.636050925609782,0.0290539836430279,0.504310579269233,0.00310086691725849,0.670983757971792,0.044172442036508,0.509864376987879,0.00596655526325901,0.785444889828036,0.0653007298814951,0.502080110724079,0.00244108131636075
274,50.5,29.011491975882,0.676368637754843,0.0406149874427318,0.498052098089725,0.00268105243911582,0.635415238484769,0.0354391389523107,0.518136722725875,0.0160587719206567,0.794082079451463,0.0764648283335531,0.498494179174111,0.00658488266986089,0.635203930517479,0.0309236247881998,0.503752177466712,0.0027135358088807,0.670328615097572,0.0435332956039872,0.508950471678781,0.00491019605580777,0.78470079524621,0.0722884543877393,0.502310650887286,0.0028751714152202
275,50.5,29.011491975882,0.675369397620299,0.0425377615096233,0.498354932103355,0.00288928382202821,0.632362504144067,0.036205588701239,0.516557380315592,0.0153150474155114,0.790861114302806,0.0834582504669742,0.504295924754493,0.00811796884201763,0.630997847735697,0.0335019715594529,0.508747886661619,0.00483302389258525,0.669556931389907,0.0437799579838729,0.522144160015143,0.0100021868054502,0.767509920377372,0.0763850652603606,0.503538183967515,0.00340743072938266
276,50.5,29.011491975882,0.673346713539067,0.0445404503978046,0.503957198593165,0.00334332141158195,0.630233415437869,0.0369587124022076,0.502951033951678,0.00849471105241567,0.789862032003299,0.0918980810935581,0.50545243223213,0.008054562930279,0.635469819238108,0.0361424485235076,0.500590473715818,0.00327938336506072,0.6714241822947,0.0450369639104872,0.50866887014601,0.00521517373914461,0.778901865573691,0.084660705999922,0.496283789524195,0.00393402412949957
277,50.5,29.011491975882,0.673227240292528,0.0467005898326125,0.498853120247965,0.00202244441091143,0.632667458266622,0.0388128602397242,0.520316607450561,0.0173989667545182,0.787666882653334,0.0947181223023255,0.504585868675163,0.00532102494631828,0.634713587248685,0.0378315831371546,0.500775646830865,0.0035364647847138,0.668300643456365,0.0474295949199109,0.508284437678036,0.00436270026805455,0.778110929726097,0.0904395646581261,0.49653417038731,0.00386036351787886
278,50.5,29.011491975882,0.672324433854243,0.0488749607228561,0.49888729760232,0.00167730846067688,0.632815732343985,0.0409086181187201,0.519429800345423,0.0160916216548964,0.78861171798815,0.099949766408825,0.505179237736933,0.0049126255826709,0.63478984972564,0.0396280674870371,0.500853157986671,0.00412566161002995,0.667890782065625,0.0501631802592377,0.508852624253772,0.00653397567922551,0.776510462627588,0.0953786957097499,0.496586500469296,0.00354830107729543
279,50.5,29.011491975882,0.67232551550626,0.0512918459336799,0.499305590574626,0.00207988397535671,0.632694526816112,0.0430133331229155,0.51827751804213,0.015344983449955,0.785113711025238,0.103218532239415,0.505255308666008,0.00501175996922624,0.634646305188435,0.0408558504669276,0.501096276608577,0.00415762634903588,0.666293703251373,0.0535974797725904,0.507737407168629,0.0051094970855866,0.772267099028086,0.0989339275602939,0.497667655768311,0.00384580720270157
280,50.5,29.011491975882,0.671420071813805,0.0522975872617347,0.499270772463339,0.00130824265350823,0.63288473802338,0.0447337604738043,0.517512588529233,0.0143686047651376,0.781816147150405,0.106619588835056,0.505125689208755,0.00474765358753002,0.634229700375379,0.0415405850218935,0.500513833369236,0.0024503589294651,0.666265078601487,0.0558276346265555,0.50723744991613,0.00606074705520598,0.769952426384786,0.102117466603217,0.498065806284457,0.00401178252077957
281,50.5,29.011491975882,0.670733215999073,0.0526952437639934,0.499489061838149,0.00175969924626868,0.630781494816998,0.0470177951307081,0.516236164538687,0.0135413492781414,0.778258668928296,0.10787303154655,0.505157296888315,0.00480476463155145,0.633860600851523,0.0419413187964415,0.500487350019121,0.00243088750353334,0.665832171171675,0.0576920922938232,0.50643382893365,0.00484554561229968,0.767687640069184,0.102724485506006,0.49918692177394,0.00397217274324011
282,50.5,29.011491975882,0.669740737324149,0.0529304754270135,0.504960238881908,0.00384478138284033,0.628265753104304,0.0471075419199935,0.504651220687852,0.00674011009509952,0.777673729851958,0.112038057246888,0.506026317026029,0.00462285460592035,0.63358256303736,0.0420398101971919,0.500870294667181,0.00353430512787828,0.662499672535444,0.0589910107744538,0.50643941545957,0.00455487272920941,0.767737682009696,0.105497315710755,0.499635243906388,0.00417335461403983
283,50.5,29.011491975882,0.673170529752814,0.0531592346527396,0.50481506715285,0.00375638683317283,0.628527528801065,0.0475856814700047,0.506756855683859,0.0063820995065227,0.776457803537326,0.11356988709891,0.505810188089564,0.00447815628904249,0.633300093170065,0.0420546354835012,0.500459691099394,0.00234032739686904,0.6633467706694,0.0597761713188512,0.506955229662268,0.00575292604675799,0.765182689762952,0.106692038973636,0.500224986449136,0.00425167281571607
284,50.5,29.011491975882,0.672964844524421,0.052815184151663,0.499746618285986,0.0014286893538466,0.63162300771976,0.048012990711426,0.527208348954483,0.0192490460666597,0.775780951497737,0.111742820196247,0.506817256671738,0.00687261963299577,0.632478197514032,0.0416832691662461,0.500906189967355,0.0024692055464192,0.66421509371509,0.0593674600530616,0.506356111181672,0.00480935319900673,0.766548403155978,0.1078611505383,0.500818999221663,0.00386741008261632
285,50.5,29.011491975882,0.673348671929781,0.0523534962705349,0.499852423369695,0.00132810340574619,0.632525135695372,0.0472859885782233,0.52644568595722,0.0178956021882231,0.776229418578795,0.11040980710009,0.507763003181744,0.00667511719180707,0.631525323586736,0.041189202652656,0.501052920389091,0.00308713972972927,0.666050090547127,0.0578305583458265,0.507846872252075,0.00631075844359161,0.765352899778332,0.106753148504436,0.501205816197813,0.00381008906253794
286,50.5,29.011491975882,0.672537581644848,0.0526107882498963,0.500081750774443,0.0014642415389074,0.631018710659636,0.046477955238901,0.5252699349858,0.0170535156183758,0.777499899142121,0.108443199300594,0.507108990998594,0.00374208563831403,0.631662873721499,0.0411999753544998,0.50073925351314,0.00214090960975328,0.667781561434312,0.0554068441181558,0.506836012988886,0.00455903019338729,0.768172502388365,0.104788962812912,0.502393945690748,0.00443281694729018
287,50.5,29.011491975882,0.672644323660525,0.0529222998203649,0.500186957775882,0.00150184713340737,0.632372722476345,0.0448122156085867,0.524119569894942,0.0162741189932392,0.779752148117812,0.10687874519689,0.507864250425354,0.00344993507185706,0.629757343224524,0.0400665293225488,0.506759334235886,0.00418211805279268,0.663108685983886,0.0532917341311252,0.506775759914754,0.00466102471074573,0.766642052115729,0.103128768557949,0.501697631323877,0.00404748392998282
288,50.5,29.011491975882,0.672401017704858,0.0525509722102635,0.500224878925244,0.00147264628157263,0.631187140761833,0.0439937517799447,0.523116738701518,0.0152801539039196,0.779681960427228,0.104604661224284,0.507941841774253,0.00603213999641353,0.633093920424225,0.0410845387377857,0.501214317686837,0.00282899046473841,0.665732231154688,0.0529390538208278,0.506994629450564,0.00485422145257022,0.76891122465799,0.0993059986521808,0.495334144756545,0.00392817228642804
289,50.5,29.011491975882,0.67249531231729,0.0526672929942007,0.500654754379866,0.00223051097675212,0.628770600552399,0.0432303927287733,0.522093031023792,0.0151300390806135,0.783544982712812,0.101061113649085,0.507556252947636,0.00449186205718509,0.633143768164932,0.0411957566596393,0.500768936701237,0.00240454092529578,0.66592013757855,0.0518318673570476,0.506960519121367,0.00549209156521788,0.772703511281547,0.0954082422765214,0.496297973171702,0.00350490091964349
290,50.5,29.011491975882,0.672777309435323,0.0533201047971622,0.500590747315017,0.00136317594241135,0.629975065443695,0.0419330373152557,0.520540098995443,0.0149835039298573,0.787123190787269,0.0966900772639261,0.50776780142903,0.00647262464721698,0.633210587067529,0.0414734758903055,0.500762108784279,0.00235968393871789,0.664476298233313,0.0506645408967043,0.507661249065898,0.00620418504282482,0.777208529605848,0.0916988282806157,0.496908104473478,0.00339410893957759
291,50.5,29.011491975882,0.672188003828353,0.0548241556816744,0.500502001484031,0.00138145885082869,0.631365404893847,0.0408371227393496,0.519760544097613,0.0143840183300058,0.793730722398969,0.092346699414998,0.507155314186193,0.00357251199776853,0.635299495134818,0.0441222718145492,0.501263879393175,0.00201054888786618,0.665616243085889,0.0496723266924441,0.507267923457053,0.0058505889895641,0.781390351771371,0.0881059439385871,0.497268008684222,0.00366132294440629
292,50.5,29.011491975882,0.671871643872073,0.0540251080007294,0.500549078981951,0.00108096882479286,0.633188014244735,0.0402039061939227,0.519080789490969,0.0128033206835748,0.796534351198192,0.0899592968955191,0.506517032957954,0.00393810191707981,0.635049932859284,0.0432800308250144,0.501577422176507,0.00257825117316579,0.666116267141684,0.0489996130351409,0.50642699504886,0.00438900109010091,0.785683200356066,0.0843254839675584,0.497550178407122,0.00339205007101156
293,50.5,29.011491975882,0.671417732118387,0.052872988111657,0.500553632743112,0.00111954315265398,0.633932977211585,0.039422851954624,0.518012817270627,0.0119543885151381,0.796934741907318,0.085958889176998,0.507426123057859,0.00535217550393016,0.63473939199583,0.0416729659706523,0.501624929258601,0.0018534168183377,0.666484206630208,0.0492376479897249,0.50673512393998,0.00435957252341975,0.787157996307788,0.0804205778927386,0.498135434524596,0.00356146885229153
294,50.5,29.011491975882,0.666980707108048,0.0505849233006771,0.512252165307247,0.00778235861283786,0.630411881640376,0.0380676616301448,0.505664966853756,0.00896937359285127,0.795935160893075,0.0829213308958462,0.509358668110224,0.00676622659394429,0.634775262645748,0.0400774684661346,0.502143327884094,0.002861650926873,0.666435049438695,0.0490560610315969,0.507085610388141,0.00527197763926888,0.788237112550766,0.0774183819468996,0.498609374451573,0.00332549467992043
295,50.5,29.011491975882,0.672806465187678,0.0511024805506468,0.500595470361088,0.00170289443471756,0.634444817145212,0.0389905014870805,0.521455688304859,0.0146073186868463,0.799589895118203,0.081093436973845,0.49194759983582,0.0091494920161246,0.634198812854739,0.0389423477247675,0.502229476765586,0.00260975576972177,0.664008706619059,0.0486093512364718,0.507170778938691,0.00595698018020676,0.789112844846578,0.0755098757712348,0.499532373160088,0.00325557958414338
296,50.5,29.011491975882,0.672532003009697,0.0499454100623247,0.500833413719056,0.00152861363935029,0.635239425756154,0.038464305573471,0.52075552473256,0.0138625633735576,0.801602561482384,0.0804485674440457,0.492997050050762,0.00966297384220201,0.633877999400988,0.038244477923307,0.501826510490657,0.00173194015130705,0.665357639787141,0.0479096715412514,0.506552104348567,0.00481982830964149,0.792029084674718,0.0749049157372105,0.502022531147634,0.00355048021062798
297,50.5,29.011491975882,0.671863404251758,0.0487042457081374,0.500693399709238,0.00122468419436073,0.636486888552011,0.0380250608356197,0.520032192417845,0.0128472307894808,0.801129054096206,0.0810765746729427,0.494020906803526,0.00809150972951546,0.633127858693879,0.0377003602391854,0.50172750617195,0.002026131741721,0.667202655929452,0.0477346103766566,0.506429787173285,0.00542917650584883,0.792091376382572,0.0754469517395504,0.502067433704446,0.0033732799903035
298,50.5,29.011491975882,0.671612803375977,0.0478229114749378,0.500954595888068,0.00180590600692147,0.636680514532595,0.0375234559189786,0.518582329654994,0.0122626958072847,0.800221868852537,0.0812160162078714,0.495492892646124,0.00700978637283335,0.630274196470026,0.0364251099649525,0.508472248129214,0.00407918450799673,0.662499344601415,0.04729409012681,0.506399536797488,0.00489275352453237,0.791096377172333,0.0745990224256598,0.500850976468978,0.00327345608944672
299,50.5,29.011491975882,0.670931633779031,0.0470953719400518,0.500800960812094,0.00159135272487674,0.638389850883337,0.0370313616647255,0.517287195139178,0.0118236756629199,0.803271443463768,0.0826589191903996,0.495504041983515,0.00720685189684602,0.634495825482344,0.0371628849184167,0.501693973076161,0.0015287442462723,0.666345012410882,0.0473554929767717,0.511160494836016,0.00696926348995502,0.794139842635928,0.074093512828505,0.503017850951093,0.00418409668399127
300,50.5,29.011491975882,0.66691859408328,0.046342001033967,0.506760183655362,0.00418921482172722,0.635496034306189,0.0360561872903489,0.520644551668309,0.0135990157312031,0.803833498369862,0.0841263993738191,0.509121213152461,0.00847338773985465,0.635173245797221,0.0376377837433426,0.501859009058532,0.00115815739043229,0.669077130144767,0.0463326976646979,0.51052246554783,0.0064648759324121,0.796960912735545,0.0740777869880028,0.503358152191634,0.00436880662164062
301,50.5,29.011491975882,0.669079024877981,0.0479870788186018,0.500992923121213,0.00203809037316689,0.641012076469199,0.0352591497751813,0.516814183374033,0.011101092794148,0.804442931451622,0.0824982152513381,0.513114513997537,0.0122715161144607,0.635250916812464,0.0384328833439569,0.502030981874232,0.00159081832975397,0.671895158352655,0.0449731048637779,0.509889959582867,0.0059620871659212,0.797560651479136,0.0747567598114649,0.503591518815068,0.00337023063446361
302,50.5,29.011491975882,0.668548329637845,0.0492116516825752,0.500967961659978,0.00140731047778293,0.644942571789659,0.0345317172381721,0.516063359153627,0.010260324108119,0.80701014462536,0.0799316748865952,0.513531801361625,0.0119194156280495,0.635433288797029,0.0395094488871543,0.502187533692169,0.00130355995897655,0.673947336451512,0.0432592941939569,0.509748413063366,0.00615450209028008,0.798955331429333,0.0752904474534538,0.503613158600449,0.00288219459891515
303,50.5,29.011491975882,0.669268029492606,0.0509498532761553,0.501267350787933,0.00144106724848252,0.646851578458716,0.0341036690964744,0.515458874620432,0.00963604764450337,0.808994681559654,0.0789135357469355,0.513158034628275,0.0117028128899222,0.635422760188631,0.0399228691081065,0.502233541665757,0.00152330267961216,0.675995419197007,0.0417434871550918,0.509193390486128,0.00612439232768425,0.800746077718885,0.0753345422509741,0.50375696628009,0.00288449852723749
304,50.5,29.011491975882,0.668270445419539,0.0516681305634229,0.501242004656343,0.00123154614384553,0.647653750700143,0.0338570729075541,0.514292243466004,0.00904921189012362,0.811458695709199,0.0767124335128888,0.512094799025586,0.00969340282495257,0.635257390189596,0.0400249284604311,0.502464736657194,0.00279247281341538,0.67634853948432,0.0411715383473437,0.509168519591613,0.00577976527917601,0.802650264722307,0.074679121579092,0.504108705137412,0.00313792012343212
305,50.5,29.011491975882,0.664945657690071,0.0501067289894368,0.507589597214057,0.00387723646750985,0.644022405622997,0.0347146489470304,0.515330264349055,0.00931210142439833,0.810605324469015,0.07351607008071,0.514738050956147,0.0107196801670193,0.635749895905952,0.0399196126533618,0.502335749935046,0.00178038640785494,0.674902760776839,0.0428053551239942,0.508459738124993,0.00520306619553869,0.803516148034605,0.0720535779696847,0.504541363794516,0.00305893700207173
306,50.5,29.011491975882,0.668090530234124,0.0499567681704439,0.501231541989619,0.00184152786554751,0.645571921167362,0.0378429145815287,0.526870562905391,0.0148003475408124,0.810503099357907,0.0716809637612346,0.512477204476709,0.00880095635482977,0.634701832606147,0.0390474176241162,0.508856153562145,0.00404551479594352,0.670454372802507,0.0450712368861409,0.50579087054614,0.00530666181466603,0.803835749918524,0.071809946965203,0.503860915330844,0.00264153974950655
307,50.5,29.011491975882,0.670253642026857,0.0499706179752415,0.501230615467836,0.00106935875398841,0.643543637900775,0.0408925862602848,0.525249143843423,0.0139520286992531,0.811729087123122,0.0720791452989275,0.512198522038078,0.00864609211339345,0.637044072740202,0.0387431889407023,0.502532527357408,0.00208046040662412,0.671891771236824,0.050070079952442,0.511429438137405,0.00600204718370822,0.805173387177868,0.0724872546654914,0.504984738458243,0.00423474943894186
308,50.5,29.011491975882,0.669620143879702,0.0498430740343651,0.501438177674441,0.00140322110705647,0.641952545249302,0.0446931195703346,0.523557494623677,0.0127211218383172,0.811326930114622,0.0733354705686884,0.511920386187999,0.00807858792744241,0.636735729778373,0.038687309319294,0.503144708686017,0.00240126718460339,0.670642048323297,0.05502532293311,0.511118189461087,0.00612868785283614,0.807489979957446,0.0726003747917691,0.504613132670269,0.00321722566190442
309,50.5,29.011491975882,0.668520463843272,0.0511861412616967,0.507869299816705,0.00418123458956914,0.638523409733795,0.0482440888866255,0.526852109753976,0.0142209192091259,0.812915856966726,0.0760634349664724,0.510331618832063,0.00845319723123905,0.636137238573086,0.0399355014288007,0.503044399074533,0.00181875407023044,0.670965191596367,0.0622869932922142,0.510721039896283,0.0068498585220798,0.809678564702073,0.0731807547000293,0.504784643427658,0.0031949042734947
310,50.5,29.011491975882,0.670616481315757,0.0539731254584821,0.501661391098158,0.00127388487187024,0.64001606857732,0.0522821484255744,0.520986922712284,0.0118795559465062,0.811863066676405,0.0733755892692061,0.521296047762251,0.0162585716488794,0.634783283847594,0.0413665014657532,0.502948019725445,0.00235443140568884,0.671524313379619,0.0682925231853983,0.510065974348977,0.00572997626359884,0.812015702054145,0.0715579187052512,0.504915052230807,0.00395195758764375
311,50.5,29.011491975882,0.669392220636201,0.0563399556594593,0.501458469210302,0.00081726529611324,0.638983914362251,0.0552943945251489,0.519965195336206,0.011205114011438,0.813757013948517,0.0733282148736128,0.522187407531365,0.0161213913345908,0.635152602558136,0.0443081250096261,0.502788080592672,0.0019596330088368,0.670509114877568,0.0718608445072502,0.509990705363502,0.00752568404110888,0.813549125765875,0.0711467342461721,0.504764567911462,0.00455465155457398
312,50.5,29.011491975882,0.668684218569562,0.0584136134360904,0.501473128785876,0.00135533930690271,0.638235282241133,0.057453995480613,0.518244327622138,0.0104283896568785,0.815355111737978,0.0710304885212274,0.520961029169233,0.0150751875521697,0.634113025816639,0.0461482521459358,0.503175883286296,0.002744879783623,0.669714230725159,0.0748366740691363,0.509621115333257,0.00620857971630255,0.816328735830391,0.0675643437302795,0.504355058639001,0.00322846003405125
313,50.5,29.011491975882,0.668292209060408,0.060039110247252,0.501727816366387,0.00215699448117308,0.639695388795779,0.0600191738011314,0.51686355775452,0.00960523858781072,0.817102730477526,0.0666131564356779,0.519883345895446,0.0139908137710813,0.629750311642116,0.0465972217780186,0.502593056767283,0.00212274147772786,0.672207710314407,0.078099008069172,0.523461801873864,0.0100330082302327,0.804859531994626,0.0593469950235201,0.505289584839413,0.00384457901306247
314,50.5,29.011491975882,0.668410160354251,0.0602938939433363,0.501473850676222,0.0012732205631191,0.639849978097062,0.0611961263807162,0.518205775989272,0.00884384308386102,0.818654652543668,0.0613895393926396,0.519480083743792,0.0133307106671647,0.634171236330224,0.0470047180432696,0.505512119516151,0.00241303125479078,0.669196958869653,0.0772722867903768,0.508819666402112,0.0052505995165994,0.821757321673157,0.0590304143527695,0.504694079899125,0.00276350745134471
315,50.5,29.011491975882,0.67180029037719,0.060250612726093,0.501444787050091,0.00105769499412668,0.637973954663346,0.0598161668296474,0.516846548000863,0.00762981491702363,0.787638105690334,0.0540775460393453,0.543692987462947,0.0312578098280813,0.634121100602639,0.0455383541195389,0.505619122450079,0.00267626437657564,0.671470402133343,0.0777056115781079,0.508343533056986,0.00491925915598602,0.823356204911161,0.0565651683415122,0.504577966471371,0.00271785222319244
316,50.5,29.011491975882,0.667974407389635,0.0571868193286995,0.504046654113517,0.00269097261274538,0.641341993739827,0.0603198871901376,0.516120378420617,0.00857565908611144,0.819928362189219,0.0604504618816563,0.518199726320788,0.011697598536451,0.631982227514823,0.0430197341959965,0.511938178093402,0.00539193103752579,0.66961845357339,0.0740366137135707,0.505208957231454,0.00627066514217553,0.824689492377583,0.0549086208089339,0.504945209801867,0.00267481022167358
317,50.5,29.011491975882,0.667500128627533,0.0559527037325109,0.503819914129272,0.00230364826612144,0.642721506186563,0.0577330636271894,0.515741304750175,0.00763563635496412,0.820716643603404,0.0599840972675446,0.517351446502979,0.0111329997539735,0.633024340108558,0.0418423780068451,0.505716338480383,0.00241344936152233,0.674954348991224,0.0718882698194772,0.512068418747304,0.0057001010449089,0.825362780552083,0.0532970246939691,0.505646741459675,0.00434198878118826
318,50.5,29.011491975882,0.667125709346015,0.0547665836822653,0.504002386042792,0.0022120347349542,0.644406893561537,0.0546358740414609,0.514985650000704,0.00752664667694666,0.821088598524597,0.0586557975933523,0.517263152754142,0.0106783262056005,0.632967457048787,0.0400395787910683,0.505531576118902,0.00230907853961067,0.677430589250722,0.0677867256267255,0.511480216088297,0.00617327506438527,0.827045683695087,0.0509546516880817,0.505911250319004,0.0034038992486289
319,50.5,29.011491975882,0.666099625640699,0.0531449704120321,0.510345023188591,0.00510313806905231,0.643244812687225,0.0499878568345452,0.512955292679413,0.00684660672473357,0.820599065376405,0.0584889966211762,0.518255515623287,0.0111362834577728,0.63501875493378,0.0398030344532795,0.505819354124476,0.00251002320812171,0.679302963139579,0.0636203519855515,0.511241664089994,0.00554768530066527,0.82807725699486,0.0488847338546449,0.506141217176299,0.00421136470306447
320,50.5,29.011491975882,0.668906599427026,0.0530993661637583,0.503618819728952,0.00193777894228334,0.647361844250342,0.0469559281031634,0.52246327662152,0.0159172538365417,0.823251699303749,0.0551872363301984,0.515459017489363,0.00975251608159058,0.635117415485835,0.039277132255029,0.505890813894878,0.00290965731972869,0.680393353507148,0.0591667368561774,0.51062598530593,0.00545031343010875,0.830273775226123,0.0448603628515733,0.506606750735831,0.00439757916560344
321,50.5,29.011491975882,0.668904241631939,0.0525553944659231,0.503391979175534,0.00191968001185176,0.648359142706997,0.043595837890606,0.521196893288792,0.0150624847956882,0.825117803633867,0.0519129273983815,0.515183419712255,0.00917574100893887,0.635622470577038,0.0391547488120427,0.50500219225593,0.00196376986835082,0.682022363755602,0.0553611484459941,0.511309650253781,0.007031791316028,0.830960217079067,0.0433682240496548,0.506394620765294,0.00528252910802358
322,50.5,29.011491975882,0.669223681804886,0.0513701441248183,0.503158642685945,0.00158930157513865,0.651681428868365,0.040465823244645,0.520750617177336,0.0156793640765564,0.825654047015223,0.0516053205187183,0.515201774518074,0.00891712371711261,0.631988173623182,0.038006170606491,0.509807151954642,0.00379168820577196,0.682935892801157,0.0514244956766221,0.520404260765823,0.00826299721852904,0.820516740960688,0.0411717327245144,0.506507702763991,0.00483025153859721
323,50.5,29.011491975882,0.669796234398346,0.0502521021980694,0.503169231686295,0.00205901411980118,0.653214206845683,0.038089596604024,0.518667750934758,0.013140802661277,0.82469543830469,0.0511002648060604,0.516094633092122,0.00816660779608707,0.636627340322063,0.0383595722961716,0.506651447707792,0.00282925894318765,0.684401531990881,0.0484530158034535,0.510202335836289,0.00504215075168224,0.830857648517906,0.043827080424763,0.512279657408912,0.00666635386770388
324,50.5,29.011491975882,0.671633336789179,0.0493484429117584,0.502850342451321,0.00202694898514873,0.653470280139158,0.0362229451571353,0.517832405201853,0.0121873211528815,0.821973756308742,0.0541488525867812,0.515441248897005,0.00802984593416664,0.638166476949287,0.0385922195108332,0.506625675640409,0.0034499092760097,0.689615804760878,0.0467207081102978,0.510229442348352,0.00542766456347091,0.82789172980108,0.0465456807142396,0.512049680527052,0.00687837455140201
325,50.5,29.011491975882,0.672626202046108,0.0485497490739114,0.502769017264477,0.00221738657114395,0.655315804301304,0.0356796397127032,0.516621494713102,0.0123434998157495,0.820046805505979,0.0587948623042127,0.515383746457142,0.00731775330445999,0.637025385077159,0.0370579393739946,0.506152124579481,0.00242128926284058,0.693250276000156,0.04666005447783,0.52379292855225,0.0102357675190329,0.812734159951318,0.0472103693058095,0.510948311032879,0.00576487726789724
326,50.5,29.011491975882,0.673928459317157,0.0475100756047297,0.502834280389313,0.00288732844640967,0.654739939060406,0.0348969039019207,0.516155772064502,0.0126138962933555,0.817718762989419,0.0643703372753015,0.517605324529,0.00708443105183018,0.641525768295447,0.0372352501402718,0.508623748479933,0.00392537691917264,0.688378588781642,0.044177322750122,0.509696072757117,0.00504066764440556,0.826320674073604,0.0542026028264366,0.510853071855299,0.00545719832575413
327,50.5,29.011491975882,0.678348669453851,0.0470840908787197,0.50234792079612,0.0016460974233509,0.6520557604243,0.0343455666191565,0.514027296231562,0.010259782976376,0.784764813047117,0.0616082973698108,0.547225407568189,0.0204839425964379,0.639123618549794,0.0360052812537501,0.515237074999173,0.0062288500739139,0.684025897414768,0.0434923233686724,0.509223460123877,0.0058567506624864,0.822103280808963,0.0598014723588691,0.511187445645456,0.0052446906659317
328,50.5,29.011491975882,0.674427651791946,0.0441643308122967,0.50455599554016,0.00317066963101659,0.656979117948979,0.035846922613892,0.513952707955123,0.0100954428066378,0.813340300250958,0.072694071417593,0.518448858227962,0.00791200254819005,0.643930244226828,0.0364390054343591,0.508114680766017,0.00346847132770423,0.687103854646976,0.044541650058298,0.513783378782253,0.00794065467555437,0.821326880289208,0.0644710297739982,0.509701691928285,0.00503026329570835
329,50.5,29.011491975882,0.674759804182796,0.0420777249349135,0.50466411593182,0.0029640579139263,0.656631329795515,0.0365734157955432,0.512714494120896,0.0101143314603647,0.810430633799058,0.0750030175822623,0.517948390885244,0.00784730321493575,0.646111304187376,0.0357449421568272,0.507699255755356,0.00332392261374558,0.686598564493587,0.0447217162235122,0.513153060224942,0.00725874263708074,0.817957794685993,0.0700127635846173,0.509275379726378,0.00546859793755704
330,50.5,29.011491975882,0.672023380801187,0.0399312865345438,0.510026253976179,0.00580911441507363,0.653782064220024,0.0370175905832465,0.511686787137235,0.010301740761795,0.809163619401327,0.0816857575513948,0.518536202779261,0.00776422590920203,0.645826322571944,0.0349858794099147,0.507119164228642,0.002907549049438,0.686192766275822,0.0449745023881191,0.512210387464149,0.00722251139996003,0.815364732687843,0.0765890507509263,0.508535432788583,0.00486071405842363
331,50.5,29.011491975882,0.67535909266877,0.0393442192590234,0.504152376332928,0.00272953682742004,0.656259420871918,0.0387132288063714,0.511078848120896,0.00910523724889861,0.805655979403542,0.0827405378157704,0.529068115812317,0.0148769804412262,0.645430391337693,0.0344888345544711,0.507241670983935,0.00299645876341122,0.685829563820341,0.0452637696675836,0.511240296502336,0.0068365993231871,0.813103717775411,0.0824427921819977,0.508591593868903,0.00477814912857694
332,50.5,29.011491975882,0.675724396422191,0.0384117905371588,0.503916754425177,0.0022740835502742,0.655943778213766,0.0392722316517281,0.510537632236922,0.00900085137899821,0.802966347923057,0.0879789590406847,0.527567459559375,0.0136782335349933,0.645304126902174,0.0338406278018394,0.506696449583058,0.0027778744345039,0.685399902209245,0.0453851419507495,0.510671380770842,0.00662668420670004,0.809236347832196,0.0883360772149556,0.508127941405167,0.00455968338432715
333,50.5,29.011491975882,0.677522212969229,0.0382783300990342,0.504035088299232,0.00235772372448615,0.655185827274802,0.039598808393685,0.510076764985761,0.00918502675852596,0.800787447862586,0.0934671014350775,0.526431666950967,0.0133271888042559,0.644833916498767,0.0333581557304888,0.506080431898693,0.00238218958860593,0.687997850306538,0.0455332525332246,0.511431912749848,0.0070933858800251,0.806326237300709,0.0936405242417507,0.508028237957648,0.00411221589809887
334,50.5,29.011491975882,0.677176423107736,0.0383599663184615,0.503824446548094,0.00210190857954628,0.658111384576191,0.0404999040428157,0.509193678852219,0.00813310966685353,0.798536765133866,0.099338668479311,0.524389683351985,0.0130555158604995,0.644632825863999,0.0332286198641938,0.505780274125277,0.00223061252669509,0.688323758265878,0.0451670356674889,0.511077089164663,0.00605488274713454,0.803077572586636,0.0999119945313239,0.508081574172833,0.00397527744378771
335,50.5,29.011491975882,0.6774597371808,0.0391429727297566,0.503882072294418,0.00212350470454131,0.657505568168658,0.0410549261480795,0.508598133552455,0.00755285809034837,0.793409297457371,0.104730351526814,0.522776308123343,0.0119810034500275,0.641012129704736,0.0317693721334233,0.511541666396711,0.00545937626542258,0.684204079159368,0.0443414161184262,0.509909865678998,0.00566855792894141,0.798515878449833,0.104853287134231,0.508050406347619,0.00372114758798856
336,50.5,29.011491975882,0.675905884173649,0.0407306688429215,0.503876269075571,0.00219661937461515,0.657036102886477,0.041617765553447,0.507494041123891,0.00589624816985916,0.789023995625298,0.110155527037892,0.522500077290611,0.0116515564794262,0.64199209844764,0.0325613162372038,0.505486647603656,0.00235159790719928,0.689741782705699,0.0459244828344927,0.509548412241043,0.00585569499134397,0.794112771792178,0.111411260783675,0.512840915497672,0.00659938141894036
337,50.5,29.011491975882,0.675813572225556,0.0442924154150159,0.503371568693635,0.00161546787275078,0.657936286244838,0.0434521614515181,0.507852027962053,0.00987725311948139,0.78595594227486,0.115247524689871,0.520979024068996,0.0105898280453645,0.639964039373637,0.033965662878957,0.505239557486943,0.00302073563176827,0.689354441905072,0.0470451399982723,0.509607901969095,0.00742418203131673,0.789483123493266,0.116352452157702,0.512229297276262,0.00641492290237868
338,50.5,29.011491975882,0.67458621554451,0.0470883560853986,0.503330738996499,0.00199225963308237,0.657030795338684,0.0441395674771677,0.507277442591343,0.0100545753454457,0.784575917458856,0.120655291698351,0.520236640842993,0.00989221102190122,0.633132020473638,0.0335969719335433,0.510018151822955,0.00513680163555199,0.690146940008964,0.048601273713258,0.522224069213206,0.0110591664658372,0.774641388575551,0.11543154996281,0.510447295191231,0.00553535622961066
339,50.5,29.011491975882,0.674306292017259,0.049369557785193,0.503308755663261,0.00201248283238013,0.657439385784316,0.0456569610535151,0.509087584818375,0.0103891091218032,0.783194451412669,0.123674650330039,0.519740697562998,0.0109145295816764,0.63806133092184,0.036298670354397,0.505881649908776,0.00330839197839895,0.688711429150016,0.0502394795737294,0.512216701124223,0.00645725392199752,0.784705527473593,0.123112506566169,0.511510465985146,0.00525493249644671
340,50.5,29.011491975882,0.673854354627402,0.0506059066850932,0.502972620834351,0.00157474881463413,0.657471067571275,0.0464143760301397,0.507973174086252,0.00921718355427573,0.783125048780488,0.124458980621853,0.51926827525934,0.00988972079085151,0.63369681195907,0.035393268959622,0.503682803666622,0.00287166930181467,0.691779259821071,0.0534935551630029,0.525279075185652,0.0130578283236671,0.774235681792279,0.120168292107063,0.510330449686243,0.00478579889445727
341,50.5,29.011491975882,0.673879777482243,0.0506697699968181,0.502734078004333,0.00174059275250947,0.656227872444644,0.0465187660982122,0.508096012144301,0.00938230682682332,0.781881859075233,0.12396783986426,0.518577013132201,0.00976289868239777,0.633254484475506,0.03498716793944,0.503552550349146,0.0027930654310197,0.691245751429908,0.054902522993354,0.524740692225084,0.0124537333647632,0.773438718104023,0.120369042255324,0.509884816283295,0.00442692778366474
342,50.5,29.011491975882,0.674170352708125,0.0499821549375436,0.502607025747116,0.00126993201734423,0.654626767285511,0.0462768424504077,0.50900647138283,0.00837514205082556,0.782263132448506,0.12285319338122,0.518204028088049,0.0100152957562502,0.636736399302798,0.0363197875843911,0.506323398428006,0.00458951604287328,0.685764442264617,0.0542708323967562,0.510377694861803,0.00554741253516939,0.780072994830322,0.121608520623302,0.509716503769284,0.00412718920412663
343,50.5,29.011491975882,0.673700204453291,0.0490920917449,0.502571807984665,0.00132993424292783,0.652506286905609,0.0460595464182101,0.508360368405069,0.00772201476013548,0.782337538073843,0.122121600266352,0.51664284473117,0.00783805436374241,0.638819630277224,0.0363245114165951,0.506277304289123,0.00436486233244513,0.683747147625058,0.0552431998763423,0.510168487617898,0.00642323988018211,0.779482689427862,0.120406738958965,0.509594672215981,0.00403035494295413
344,50.5,29.011491975882,0.669772334458877,0.0476043309794544,0.50837811061732,0.00458707567597141,0.647717913433572,0.0454812059994354,0.506780013802369,0.00720683634493556,0.77939580573986,0.120277742191072,0.519236465398249,0.00797414730093152,0.641244656344738,0.036037002387356,0.506156786412971,0.00447182649892907,0.681929363834696,0.0571860282740053,0.509545169285907,0.00531982748446718,0.778111192798495,0.119580593665793,0.509520319195313,0.00392348674664679
345,50.5,29.011491975882,0.672500971770979,0.0464969721935314,0.502254517415105,0.00113058382751208,0.649399349041825,0.0474396510531774,0.518813908132575,0.0142469078479153,0.78431879435194,0.116654515787317,0.515736485247429,0.00701912748366609,0.641100495028689,0.0347050465925009,0.505912311946965,0.00397792185272733,0.681469632741321,0.0599144935210325,0.508894479636788,0.00504277757995176,0.779824479600373,0.117647472143731,0.510269200718109,0.00385416497361607
346,50.5,29.011491975882,0.671428039017145,0.0450710938382214,0.502277841868146,0.00101300025901727,0.649498214328553,0.0493533678660501,0.517559412755117,0.0128407349785903,0.785712501023428,0.111350305733683,0.515700136718738,0.00877382100519703,0.640167365533877,0.0342190194718088,0.505876167593216,0.00395422188115833,0.680141386628463,0.0623722552363403,0.508371319060079,0.00495929156459216,0.781885163640014,0.11407829367092,0.509923565461029,0.00354547810464931
347,50.5,29.011491975882,0.669853418955514,0.0440574944956726,0.502401738621712,0.00193724826271536,0.649316558583667,0.0504177663273878,0.51627237160026,0.0123729181528654,0.789255570978315,0.106665166672254,0.515531960425339,0.00616229761887359,0.639028836950643,0.0338860633587869,0.505595257181669,0.00369000860028582,0.678824145117642,0.0637557379463005,0.507758935175391,0.0046818698708962,0.782756633496982,0.109335782008006,0.510427121961506,0.00393335025507801
348,50.5,29.011491975882,0.669027250289932,0.0432871329998856,0.502253540488201,0.00165586065082098,0.6486176062233,0.0512163874202818,0.515086386830337,0.0119326913768787,0.792871183895117,0.103523492786664,0.514707147963074,0.00574871649898125,0.637617997735485,0.0339097805432084,0.505624785217309,0.00392576559224304,0.677752952249275,0.0640965924632569,0.507460533327024,0.00511161055244868,0.784281596208796,0.105016998997206,0.510993139030536,0.00393395728411572
349,50.5,29.011491975882,0.666767698149621,0.0425323524373488,0.508446715671367,0.0041563174878777,0.644860782331833,0.0504801022289006,0.506329200985121,0.007603741401997,0.792627338458445,0.10251018328713,0.516898530017123,0.00723307833035934,0.636896759143941,0.034695391981732,0.505869989212036,0.00362851380905696,0.67936267455769,0.0648642916070519,0.507250839713708,0.00410933424705579,0.786087187770259,0.102695919022452,0.511194203327053,0.00374260680392206
350,50.5,29.011491975882,0.668061107567826,0.0425153317806711,0.501889054310339,0.00115306558830306,0.647201829338343,0.0513322059994885,0.522912673435686,0.0163581223102111,0.797524914915281,0.100087477467614,0.513913013004691,0.00549867516893538,0.636196907469187,0.0348667071557351,0.505649279457079,0.00357508036690011,0.680728316770813,0.0649314289632911,0.507018585824539,0.00481668264324799,0.788363138336042,0.101117267158273,0.511340819807468,0.00471999090724711
351,50.5,29.011491975882,0.668896884501038,0.0429583782748368,0.508069276557678,0.00387527010923536,0.644123071413447,0.04992605747972,0.505949840633405,0.00798444291982447,0.794076401204416,0.103113815275599,0.514782480476875,0.00537922969946907,0.635902893327018,0.0346477777850436,0.505517971445286,0.00327604651156803,0.679252949981507,0.0642045017046126,0.50696304354842,0.00517727660003931,0.788620148583423,0.101225482332837,0.510482277473711,0.00367733189703511
352,50.5,29.011491975882,0.672636334923904,0.043383099414745,0.507470456142081,0.00387048602842722,0.643383016527503,0.049452935355245,0.505678161239001,0.00842058300159695,0.793732634550063,0.104276073174999,0.514588830485987,0.00531951553216901,0.635832943866637,0.0344503692172972,0.505048887374255,0.00272720301989045,0.67766167330757,0.0642137181860914,0.506382878703217,0.00506633133572367,0.790290455863739,0.101498344521162,0.50993040440434,0.00355581901504036
353,50.5,29.011491975882,0.674950338325242,0.0435844761382332,0.501690464634333,0.00110244892651801,0.645378389514212,0.0497892582524576,0.526949864631583,0.0208790637658912,0.795233622609304,0.103362035456861,0.512429945409934,0.00501745006144718,0.637000765340767,0.034521295669503,0.505632042766318,0.00326619188027544,0.676193170230282,0.0642287668929299,0.505974168588556,0.0041916599175018,0.79033629574294,0.104878575835417,0.509390897602608,0.00369718075917865
354,50.5,29.011491975882,0.67518431523902,0.0432156244052735,0.50183578577075,0.0016571189290461,0.644200403837935,0.0504163798080003,0.525866646968545,0.0198499650358093,0.792975783077916,0.107582340235491,0.512482845548349,0.00514435895594792,0.634164964562312,0.033301293866972,0.511690208303536,0.00564007028031402,0.671497755532517,0.0635043817588986,0.504454526519127,0.00589650177742934,0.789644938434216,0.106758068743268,0.508742738134673,0.00419245165661142
355,50.5,29.011491975882,0.676055508645069,0.0419576867712123,0.50164615772397,0.000583099955491605,0.644127225107351,0.0506459738200459,0.524514598701204,0.0189223215628433,0.791720986896771,0.109948365324131,0.513209283749996,0.00782106819839594,0.63664183615877,0.0325600211624879,0.505818488073626,0.00281391837034588,0.674002170609988,0.0649389999804069,0.505903746327563,0.00446600063817238,0.790759528524508,0.109812994916764,0.514496029693129,0.00781700400062405
356,50.5,29.011491975882,0.676670821428057,0.0399772769378113,0.501759026440331,0.00154305373329548,0.644531342374718,0.052393914743685,0.52331532984527,0.0179204180614411,0.791158356381753,0.110845476222172,0.512700186048917,0.00811145936720673,0.636815946923247,0.031063838903786,0.50579908173711,0.00292221959102582,0.672611736113239,0.0663082264016283,0.505760849877002,0.00429838818392121,0.791012385007192,0.110831227092428,0.513646321943882,0.00719808199294305
357,50.5,29.011491975882,0.676788908519625,0.0377956154454938,0.502109575272386,0.00172895016887433,0.644086379405843,0.0547946434502723,0.522439098073388,0.0170576178907663,0.789542563307788,0.111506381488998,0.51203002831373,0.00921170912210186,0.637372809882058,0.0295710343746477,0.50498180179855,0.00212881244271672,0.67138245570866,0.0678988138172246,0.50629444899377,0.00610795280510339,0.789098715382881,0.11083227224823,0.513104749583056,0.00703866689917233
358,50.5,29.011491975882,0.677007317211684,0.0358157065948396,0.501948824217206,0.00165263677551373,0.643049480725651,0.0566962781877447,0.521607821836762,0.0163037760066759,0.78622204060068,0.113731156420956,0.510967948861505,0.00628941546515476,0.637449864399048,0.028580965632241,0.50530273931095,0.00331297888279248,0.670101584221161,0.0695171276163093,0.506320287230457,0.00499612027156534,0.78729853712269,0.111869025793528,0.512269750320075,0.00642363573309273
359,50.5,29.011491975882,0.677169879656291,0.0352711554830027,0.502010733816513,0.00157537981960385,0.641447302352044,0.0577803649472243,0.520444542867741,0.0155189771160589,0.783200584418759,0.115138078559159,0.512325702206781,0.00764401803167324,0.638198187779397,0.0281363866975803,0.504668097357629,0.00222232624644844,0.669810366546423,0.071038546992714,0.506736632636253,0.0062918933507973,0.78603443440205,0.112505914121762,0.511407456767951,0.00614019085138096
360,50.5,29.011491975882,0.677319099211082,0.0351228097816963,0.501803269108014,0.00155254931697708,0.640610261866418,0.0585410743010359,0.51952609354103,0.0146888705583481,0.783324669134689,0.115773476378429,0.511935184611735,0.00663913650705922,0.638631724567704,0.0280596015463783,0.504770223270079,0.00192085156586249,0.669309080175511,0.0719741076201359,0.506757140147412,0.00669214061221375,0.785585401546467,0.112574317015397,0.512001155211235,0.00575192514135943
361,50.5,29.011491975882,0.676524378524913,0.0362114934362099,0.501851861454846,0.0017566688136814,0.64039136469585,0.0582808927770567,0.518441440968006,0.0135289714281985,0.783250157953134,0.114375080640711,0.511605846793791,0.00701901938553009,0.638706240340588,0.028824692493853,0.504988753310882,0.00276261201250812,0.669593474615845,0.0719546761103405,0.506058817540788,0.00523718502899929,0.785914977032218,0.110931726372948,0.511456633828249,0.00566900734632872
362,50.5,29.011491975882,0.676490769220177,0.0378629568833063,0.501593328391617,0.000971173756550583,0.640872314910518,0.0571895740901458,0.517930338479604,0.012716947444514,0.785608588329563,0.113011049005311,0.51150099862617,0.00705254393863012,0.638334294966989,0.0297357410995713,0.504792451981688,0.00226923147717917,0.671233588826011,0.0708786766049592,0.505883752069704,0.0057737330995249,0.786658858087309,0.107081964519854,0.510852535105496,0.00481007524962327
363,50.5,29.011491975882,0.67654673490386,0.0393061590341224,0.501433032160892,0.00125203458991485,0.641656447584469,0.0558629548909493,0.517174919497116,0.0120269150635659,0.785778070259835,0.108367145379214,0.511153654453471,0.00617269430985908,0.637897092537512,0.0312851066576521,0.504769783351078,0.00213005003042643,0.675154242787146,0.0706944010581225,0.505976852359274,0.0059176501252893,0.786219502921654,0.1023592636425,0.510779259299977,0.00467634699705156
364,50.5,29.011491975882,0.677349308786464,0.039802220613193,0.501575998411421,0.00199326749358868,0.6423928378806,0.0547368967569134,0.516265876543905,0.0110878107775576,0.785393010649859,0.106564758798764,0.511121848522685,0.00646664709983473,0.638613372985204,0.0318338874358293,0.505296215348159,0.00272419028732961,0.676690233654758,0.0683942133167694,0.505699991675513,0.00429107293220153,0.786541754788891,0.100069627394087,0.510126497042709,0.00439700256708649
365,50.5,29.011491975882,0.679205063866898,0.0402895725595243,0.501394619631808,0.000626067298353167,0.642987057465211,0.0533628489789149,0.515360408938706,0.0108245398209748,0.785995751412733,0.103092984857492,0.511823049778925,0.0095219596223242,0.638922693327473,0.0318787960904351,0.505032362556893,0.00259148534259772,0.678046918462042,0.0661360119041412,0.506993545062025,0.00467168134069007,0.7870897177221,0.0978952776542429,0.509451644050579,0.00421058368873589
366,50.5,29.011491975882,0.679440804797761,0.0404784450167983,0.50141918024907,0.000992866149413645,0.643949575593729,0.0520425081368044,0.514101298192344,0.0101550773059791,0.787812773849214,0.101610096462113,0.511981014434824,0.00625726879112614,0.638957848188553,0.0317223840644537,0.504988863766038,0.00284716149300852,0.678831944264877,0.0639659073169479,0.507392986127206,0.00497803401738397,0.788644817486189,0.0954255047850576,0.509522611024395,0.00418439853245808
367,50.5,29.011491975882,0.679946218435837,0.0404398760124261,0.501275395473822,0.000737447868884219,0.643912812645156,0.0505914060471933,0.513287563276137,0.00940872053902285,0.789905595942982,0.0994105702076732,0.511756178098123,0.00599276633161534,0.638869314568429,0.0315760331993643,0.50467714513058,0.00263708412368805,0.681740737820715,0.0617363864222488,0.506879180253487,0.00434659560299387,0.790987673469516,0.0929598916231505,0.509146063726694,0.00385722896468548
368,50.5,29.011491975882,0.67858282629672,0.0393776336893884,0.507008573689067,0.00422641515628738,0.640757286406382,0.0483919316049186,0.503654507758948,0.00749885094520654,0.790160059079627,0.0984783326206661,0.513508173471717,0.00508200010048504,0.63626819019412,0.0306861744725837,0.510021237278407,0.00416733700153526,0.67754545148428,0.0577231787848168,0.506701091525946,0.00544290055241563,0.792333745323567,0.0891135591380188,0.509032173687509,0.00486543663104543
369,50.5,29.011491975882,0.680648015604438,0.039779819615154,0.50147601000995,0.00178479946066217,0.645446552167912,0.0502847157663063,0.519821200432745,0.0126006298895444,0.792081743201004,0.0944880039343613,0.51194944480877,0.00561524202434976,0.639206417748109,0.0311127659416892,0.504558831966331,0.00273331313661157,0.679998213808832,0.0589975661053443,0.506352828850555,0.00464743822899753,0.794299907955751,0.0879348395365126,0.512524777846679,0.00811192616526334
370,50.5,29.011491975882,0.682486452468454,0.0399936748601721,0.50136286034955,0.00189695175960354,0.644401575360933,0.0507081854201432,0.519118094549967,0.0119753005383217,0.793396387351323,0.0909769464499842,0.514352842276679,0.00954898572403879,0.63946573742221,0.0309562132833434,0.504402404464461,0.00212459141717268,0.678775839539221,0.0594547981567271,0.506576229528325,0.00603498212254562,0.795972155646031,0.0847285354037872,0.512784819718275,0.00782604582896773
371,50.5,29.011491975882,0.68315652130883,0.0394463096533719,0.501571622234113,0.00190419565647336,0.645882272169326,0.0524969110989815,0.5183954080334,0.0114353121368167,0.793962963542448,0.0860460935120085,0.512746535639195,0.00539379344300378,0.631493825729472,0.0286471662728588,0.516081706650641,0.00752463396367149,0.674254103352248,0.0598021259375675,0.521693575595501,0.0098130096905451,0.780084758487624,0.0767299462696225,0.510572145393992,0.00708722280405392
372,50.5,29.011491975882,0.683399007098256,0.0383922400277148,0.50146118168541,0.00197731604512752,0.644658784789914,0.0529500641135717,0.517686862630884,0.0109401183140246,0.791173761875302,0.0838151995914062,0.51233150598166,0.00517052608033831,0.636688164911856,0.0290291845636689,0.506038002611346,0.00369653322537224,0.679711579475522,0.0632372778562062,0.521121688261034,0.00791987612465069,0.779942127210875,0.0750419297443031,0.519533399011751,0.0128151433492005
373,50.5,29.011491975882,0.68237163936437,0.037355737098394,0.501283283112007,0.0013395561474649,0.644436114066697,0.0534525109105903,0.516358246803354,0.0105749884889643,0.78854561977714,0.0850401387639558,0.512339306635141,0.0054528415982137,0.640078986858338,0.0285114500911746,0.513661083065442,0.00712855149283796,0.671843380294755,0.0611459330770648,0.506212808619996,0.004528607995907,0.778108455285405,0.075883657055813,0.527184431390403,0.0168918117599412
374,50.5,29.011491975882,0.681521916305544,0.0367412722186724,0.501365721030773,0.00185009239837572,0.647606851134862,0.0550516942443681,0.517001889647773,0.0099734078541723,0.789287478127771,0.0849734355667215,0.512739809865209,0.00852582431994052,0.639450032328368,0.0281759592696231,0.509481900976668,0.00616945613397896,0.674739186782542,0.0632347996006687,0.511486616897137,0.00614759875546905,0.79337211955991,0.079015196687661,0.518845140240417,0.0119342921812433
375,50.5,29.011491975882,0.679716057315327,0.037086883088184,0.501453803632937,0.00236522110135035,0.647147438411586,0.0544058651334525,0.51623619693459,0.0110306119720524,0.792269432291674,0.0839659447869403,0.511294592345521,0.00518975363223263,0.638715363696921,0.0286186049447518,0.508672353636921,0.00573658282079153,0.675413793644509,0.0622460191863226,0.511095869835475,0.00666201722097854,0.79602177909501,0.0760773263279951,0.517461660476381,0.0111929624963513
376,50.5,29.011491975882,0.674337479435381,0.037873876802371,0.506767978966979,0.00400026724273721,0.644431964010474,0.0521381446266395,0.516535506988552,0.0102864715689737,0.795785472806384,0.081951875397087,0.512196917286788,0.00925756688851657,0.633877430107732,0.0288028965500466,0.508811162817592,0.0056048783110428,0.680003412333483,0.0621084986906473,0.525091299387709,0.0112974662270713,0.785117084355319,0.0693844043825834,0.51625868021483,0.0098848318715051
377,50.5,29.011491975882,0.675619520198807,0.0406498497041954,0.501463445452205,0.00148072214279592,0.646779403898681,0.0510691219906633,0.515385883972705,0.00879986586006999,0.798314625806934,0.0792783022267687,0.5222274240834,0.0156238481164434,0.636106338017479,0.0314389973760587,0.510419973204811,0.00617409701809454,0.676781963119426,0.0585390791489828,0.510291548771325,0.00555440774295077,0.802247447001779,0.0687845280594212,0.516856380182663,0.00977556397366874
378,50.5,29.011491975882,0.674044667068834,0.0416630184246326,0.501374802152506,0.00141957646388907,0.648194004785952,0.0490640781865877,0.51419658538128,0.00810316244637245,0.801634714743821,0.0774454319533824,0.520587890883617,0.0147768548450903,0.635153789256533,0.0323186950220508,0.510135306377522,0.00552432905047495,0.676415928519187,0.0563764650122966,0.51004323318461,0.00541447292390661,0.804292117308028,0.0670102458826798,0.516846716703554,0.00913577300524564
379,50.5,29.011491975882,0.672271626475773,0.0429283267436384,0.501450598156403,0.00163806550054523,0.647018059057863,0.0472762159714521,0.513363818565562,0.00784402021829175,0.80262168632152,0.0763115258446157,0.519979166893182,0.013893845603507,0.634701487453279,0.0331130796014542,0.509714193013925,0.00526135325811303,0.675690531689639,0.0545047552242996,0.509469431379486,0.00516750954216418,0.806297232846429,0.0646074188018051,0.515733088457361,0.0087177548505998
380,50.5,29.011491975882,0.668487599107475,0.043718322672347,0.507584218011334,0.00387886066357673,0.643037139985627,0.0455045880719652,0.50570732669573,0.00686415750403427,0.803403433810717,0.0787875274605985,0.524219776278492,0.0154684476687101,0.635240525102636,0.0349818066916227,0.508745483923172,0.00474047906115816,0.674713705537273,0.0538822291151891,0.509161507326921,0.00549229676986168,0.806492447545108,0.0651382356605758,0.514974880494114,0.00797575204620035
381,50.5,29.011491975882,0.669397620865414,0.0460652436853158,0.501651462978155,0.00190166525499528,0.645289456106953,0.0465814896959436,0.521956165480061,0.0136474686939155,0.805699269297994,0.0780492067662496,0.519954754566304,0.0122983443632271,0.635337413620718,0.0358223770251515,0.50844483731757,0.00451201455032019,0.675421223286641,0.0554411917230243,0.509360795200301,0.00684045413408609,0.806415406343366,0.0673995414201568,0.514073720413277,0.00714013931411544
382,50.5,29.011491975882,0.669037422791572,0.0467924806432642,0.501488959499585,0.00202828671117154,0.644446484795392,0.0466407512398824,0.521337697976013,0.0127985913959119,0.805719292118701,0.0777060181954471,0.520403051649692,0.011499080040866,0.634860756823876,0.0362881467168872,0.507838890558493,0.00399174453540038,0.674719837371633,0.0570314147816861,0.508133934889372,0.00499558560443635,0.807346475862362,0.0673808281472736,0.51379472153005,0.00707699206886683
383,50.5,29.011491975882,0.668495522015247,0.0480251334851738,0.501793545022987,0.00256570512729647,0.644861201342454,0.0478643707461096,0.520162216894947,0.0126125809301843,0.805083713698686,0.0767518660927529,0.519180422035376,0.0110821886812608,0.63144082822367,0.0364781681925627,0.514068109254642,0.0064946023253428,0.670593462467628,0.0570108651283745,0.508417806633063,0.00613643821033518,0.807180478031516,0.0670860839737284,0.513789786590817,0.00689328975975974
384,50.5,29.011491975882,0.672499975145737,0.0498599524855727,0.502129266890411,0.00210464784228926,0.64118361161913,0.0460978278541284,0.517531787768284,0.0115599999442498,0.776869290363488,0.0707556153444802,0.544055240672889,0.0256748571076861,0.633980418435722,0.0375639097330199,0.507285401364184,0.00348898472762954,0.674277968384365,0.0584892827789035,0.50768795150373,0.00518722722589977,0.808753722781663,0.0682332463888191,0.516745437472451,0.00960101694844494
385,50.5,29.011491975882,0.666394490777879,0.0483416391583593,0.510436093602718,0.00564100594860514,0.64124768056987,0.0460915794339714,0.519367314221042,0.013529022661883,0.807769096194497,0.0750620283274551,0.519175149308302,0.0107047262776623,0.631614267940165,0.0368899680674762,0.512945307993192,0.00579397724139876,0.672250526259605,0.0576506755380323,0.508364876544105,0.00589532473722922,0.808696830314426,0.067377431240851,0.515748294926541,0.00901879863692483
386,50.5,29.011491975882,0.672301324623349,0.0498522495982932,0.504468787606407,0.001971469066974,0.644682963049779,0.0470090302666498,0.518487588484227,0.0109082259623274,0.809499773674087,0.0738211999932249,0.527259480716261,0.0176115740007335,0.634921875706809,0.0376956645174752,0.507106543852991,0.00348631822423012,0.676090654764812,0.058802334257443,0.513588605463601,0.0081106426086935,0.811719393248248,0.0665976157674788,0.515078168198286,0.00790310514946613
387,50.5,29.011491975882,0.672276493878323,0.0495305413774738,0.504340732565951,0.00234175742754216,0.6452869159074,0.0466076093004433,0.517409098684082,0.0103467641438109,0.811811959903873,0.0733090434245535,0.526469175118787,0.0166040671571865,0.631635448558551,0.0369164802462905,0.506164950333041,0.0031333271728485,0.680502240753452,0.0595262618069531,0.526414838886258,0.0133987972516408,0.800568967835135,0.0654314395255337,0.514407622458329,0.00678525252707942
388,50.5,29.011491975882,0.672530584507142,0.0498645918482364,0.504319767143608,0.00258888342190644,0.645383321981984,0.0456045549168239,0.516670813249882,0.00955751601811313,0.812279723871904,0.0761648731137294,0.526029388429836,0.0154516225589178,0.635622266909897,0.0377350000331991,0.508070773428741,0.0040761808732826,0.6772890544819,0.0570858106026067,0.51196979334089,0.00690417260083449,0.814950378925266,0.0695223408415305,0.513997253071955,0.00685028827059539
389,50.5,29.011491975882,0.67675554155021,0.0500801889812225,0.503534661198371,0.00158778332640662,0.645677949121274,0.0448662165396039,0.515629740312796,0.0090434908759836,0.813871888414002,0.0794496258623734,0.525973770080344,0.0148419193430281,0.633801852055812,0.0367655107575731,0.513498894010341,0.00590852633454446,0.675785972848497,0.055459854935426,0.509890561516602,0.00709186420714441,0.814874751488015,0.0736069057173867,0.51173092106709,0.00603002923152536
390,50.5,29.011491975882,0.677563915017862,0.0492981065180226,0.503821736543755,0.00162400216738748,0.646444523939971,0.0441507238659056,0.514763472306104,0.00860326115406298,0.815542435432221,0.0840838695382867,0.525168006094603,0.0135780725645078,0.636484949509206,0.0369054673657325,0.507062173119954,0.00351132458030838,0.679507768406919,0.0556183368139849,0.51565372696773,0.0081901585741475,0.814407020848112,0.0768109237351275,0.512379995362277,0.00602846143503236
391,50.5,29.011491975882,0.679286037764577,0.0476337290326934,0.504152257448162,0.0018770095570826,0.64699355244149,0.0424620116545988,0.514082094941253,0.00902721154913264,0.81612445305458,0.0870923447449631,0.524870586864702,0.01297485932325,0.636853187691857,0.0358921560848781,0.506881562690553,0.00348897461635465,0.680173175618871,0.053710094399646,0.514740912842836,0.008019880800683,0.812922316341332,0.0794373647312573,0.511888313678686,0.00555879545327927
392,50.5,29.011491975882,0.679923736372106,0.0453209938381088,0.503875084918836,0.00165146521949428,0.646916284503648,0.0422031224407679,0.513076344764464,0.00868467741657322,0.81582767783268,0.0905536353957641,0.523572584253384,0.0128209162358071,0.637763897709318,0.034845186573158,0.506187263205432,0.00290370939267912,0.680306116978027,0.05282391393087,0.514508417263691,0.00810540069888103,0.81254190389464,0.0804436671679444,0.510923293215552,0.00520995383632354
393,50.5,29.011491975882,0.681509563809517,0.0438253195145398,0.503888652006421,0.0017779431058413,0.645774897436192,0.0419834023964717,0.512148702437187,0.00803945960880622,0.814525876959393,0.0906637703281626,0.523442980719813,0.0126694356696643,0.638905225996117,0.0334450038793317,0.50638825979439,0.00366448092334163,0.679257535033245,0.0532364555270822,0.51353928242078,0.00716576684034715,0.812105444238926,0.0812361812099711,0.510147620829241,0.0044637271237144
394,50.5,29.011491975882,0.684903773517314,0.0431497320882078,0.503187856987173,0.00149565364298006,0.64004980309967,0.0420423465286587,0.511743453034058,0.00820581346666006,0.786387260678891,0.0840944661861906,0.550098051379919,0.0240113597693335,0.639124904239821,0.0326078327195509,0.506182866308851,0.00341224675994449,0.67725431726798,0.0543309401737287,0.513647405099628,0.00661537553815973,0.812318329562958,0.0817441521335041,0.510232207198829,0.00461649615280737
395,50.5,29.011491975882,0.680092396456103,0.0407370827900145,0.505545797392857,0.00388279286180556,0.641879794960634,0.0438896630739927,0.510761126863669,0.00823736663782711,0.813826878223498,0.0889460496412737,0.520229872038091,0.00970954200796659,0.638192051122422,0.0322692539714517,0.505935946886549,0.00296606281974869,0.676124522054686,0.0561861907150333,0.512926750428207,0.00666455909695554,0.812191571822803,0.0803375864519126,0.509663523373308,0.00466237895367212
396,50.5,29.011491975882,0.679425032438911,0.0410358229812467,0.504810565544608,0.00309126435979161,0.640846585360028,0.0457961219109991,0.509795822118841,0.00858293573329556,0.81159106100168,0.0859321748047532,0.521568103972599,0.0106591120880796,0.637931706610782,0.032475012933411,0.50539227479428,0.00254172767317922,0.674990917028816,0.0589548489566653,0.513307190186305,0.00763537159635776,0.809758555116126,0.0791048569380858,0.509709789834591,0.00401900430326252
397,50.5,29.011491975882,0.678405039965045,0.0422658862150931,0.504562137538125,0.00298443192944611,0.639774477647433,0.0474756591770245,0.509286715706989,0.0086754927122966,0.810969454043294,0.084028356245886,0.520637188575345,0.00835648551489154,0.638172530579792,0.032796323631288,0.50539324431749,0.00290320204691831,0.672844652846913,0.0606337774235869,0.511559007316148,0.00582647153602281,0.810277644964726,0.0791321962872956,0.509071948772272,0.00418897122286853
398,50.5,29.011491975882,0.677295624778717,0.0428833527739029,0.504289549680737,0.00281085892075145,0.639209440563165,0.0480443972535422,0.508413432765038,0.00767259857251889,0.811138717477063,0.0826701792072227,0.521028104684667,0.00778995875021225,0.637630548493975,0.0334018703668587,0.504904162808299,0.00216116941247357,0.672027205880432,0.0613959061738801,0.511414622225324,0.00548385707360839,0.809508372094332,0.0795996999411803,0.508561698489224,0.00415728495165298
399,50.5,29.011491975882,0.676167546008507,0.0434406897575586,0.503952141028886,0.00259109409152271,0.641550791490721,0.0485337650539789,0.50808705336,0.00874200116441891,0.811193714140118,0.0825564881320279,0.519964010711972,0.00711143499766834,0.636714287416156,0.0343162695955359,0.505231128897176,0.00279284382339461,0.671457919846292,0.0606216037614003,0.510977310947141,0.00633239294415856,0.809483204055983,0.0806692461786266,0.508144994546775,0.0040304626395105
400,50.5,29.011491975882,0.674847562921963,0.0452459708749684,0.503807092804944,0.00258533320505085,0.6416763594758,0.047917985717159,0.507767984655135,0.00897294325535313,0.809786444469387,0.0826214458456586,0.519496499297118,0.00700810511133718,0.635921399469486,0.0361238982637696,0.505006315099204,0.00315127762167911,0.671521871068112,0.0597643688967791,0.510653631674987,0.0050755839648855,0.808995537762064,0.0818083421222211,0.507510716674842,0.00388639980271841
401,50.5,29.011491975882,0.674093217856154,0.0470708466681447,0.5039931170751,0.00253760058648776,0.642097944445629,0.0472893009753411,0.50791838143358,0.00932894909274255,0.806727838587825,0.0845166132855289,0.518507434839222,0.00630623762808623,0.634985839521654,0.0377358790256208,0.505107238961719,0.0024296913332292,0.671936691600021,0.0589985289666079,0.511085896188155,0.00547416069141105,0.806310173354381,0.0820168917795905,0.506914285371555,0.00361946102478242
402,50.5,29.011491975882,0.676665379196858,0.0487118474065424,0.503549341047368,0.00220351467699465,0.642842544372844,0.046604024901957,0.50790410781461,0.0100327820871946,0.803349310767114,0.0889797479780061,0.5181598822356,0.00836727171418463,0.634545690749476,0.0382921079168181,0.505014646847155,0.00259445965982175,0.672873683652755,0.0580701680585717,0.511267372698284,0.00674194983479312,0.802811532436564,0.0837612947063193,0.506863268411658,0.00338771576056887
403,50.5,29.011491975882,0.676069555390305,0.0493338398481966,0.503285543517856,0.00198537381750611,0.643438927418732,0.0458129811263371,0.507883635758189,0.0101257197324772,0.801555028767574,0.0926935695569723,0.517086322758088,0.00567136586584004,0.634403547926483,0.0384127946128101,0.504788067240607,0.00263445811863314,0.673125196047314,0.0572881871919065,0.510268327508741,0.00585411581581034,0.800585125460554,0.087801751070284,0.507182240198901,0.00349896518258293
404,50.5,29.011491975882,0.675820701176924,0.0496900796140135,0.503026530983079,0.00173517659923871,0.645320075558435,0.0464634781660323,0.507217647570074,0.00997260199063488,0.799890258248224,0.0960381741384854,0.517749300357523,0.00561656841920672,0.634274261042204,0.038721387370427,0.504908941990113,0.0031660441673973,0.673156732845675,0.0571798944408005,0.509703048823023,0.00521801450669954,0.797644492488326,0.0938398677546576,0.507018107316302,0.00361548585921605
405,50.5,29.011491975882,0.675449073774219,0.0517228708442409,0.502896836928063,0.00185884031845346,0.645124168055972,0.0469122843396181,0.507234043583422,0.0105168817814841,0.796193792529,0.097973181281901,0.51793593236205,0.00536000337974183,0.633904183921995,0.040001845597185,0.504267489641564,0.00231104413182891,0.67580276953635,0.0581777208096211,0.509091034471784,0.00608441947688325,0.793899452141888,0.0981864372382788,0.507221269158352,0.00416534032645805
406,50.5,29.011491975882,0.67126625701531,0.0524585782603815,0.508408136176451,0.00458040220173138,0.641250920495432,0.0465303458928706,0.50761361405188,0.0106506061113455,0.794134994472001,0.0985450387325337,0.518377997758543,0.0051604408014699,0.635812994112912,0.0416218744484972,0.504532262572209,0.00272665028040484,0.675265885046693,0.0591712633045385,0.509389061497917,0.00726205996356669,0.789452834669453,0.101267789726049,0.507719762164826,0.00298048994369242
407,50.5,29.011491975882,0.673797346444001,0.0547111973913796,0.502788127784368,0.00190614181767807,0.643557862109944,0.0478128656666028,0.50737644819309,0.0111459260473644,0.788915537357826,0.0995297497900876,0.527883435757557,0.0173209454620421,0.633140561340679,0.0415558043149776,0.509729367824741,0.00443938486682113,0.671072444692665,0.0585326766783206,0.508277910079425,0.00483557670665645,0.788183075145462,0.102638733840479,0.507862380608307,0.00323227552389226
408,50.5,29.011491975882,0.672225877390633,0.0550669493791958,0.502803303132368,0.00229331610617688,0.642730088420688,0.048276347236789,0.507367318211474,0.0113392607852237,0.788583224741845,0.100050530720217,0.527039003941776,0.0162265837913178,0.635970886589318,0.043474712967185,0.50474037744931,0.00324645127516745,0.676343598905197,0.0604873269879615,0.511020004522273,0.00893461615954123,0.788182651607026,0.104274070877044,0.507255126030454,0.00321029631689362
409,50.5,29.011491975882,0.671337625296611,0.0556621529800402,0.502259371535786,0.00107334111190364,0.642507543929039,0.0486634296914075,0.507383158309956,0.0120358540941549,0.78810288362505,0.0998826759719525,0.527241748939636,0.0155561824668503,0.634422628179529,0.0443775615622658,0.504608623910796,0.00223763108850476,0.676491907749465,0.060144286539016,0.5112945865505,0.00891144930039149,0.7885007744618,0.104831052659917,0.507171715001572,0.00348587648152903
410,50.5,29.011491975882,0.670260676224927,0.0561715629355468,0.502536063036813,0.00204473303649297,0.642038478294636,0.0487081732981677,0.506657683970087,0.0108257597254606,0.789406525675056,0.101392216188179,0.526993309976837,0.0149805020393555,0.633625631472714,0.044974034693393,0.504443414301584,0.00279127675078484,0.676184374499088,0.0607869100717697,0.510526703760514,0.00915393465872213,0.788752940767973,0.105951008437356,0.507105645761046,0.0039754468387538
411,50.5,29.011491975882,0.671311390423245,0.0563129444498178,0.502230163047788,0.00136415161730997,0.643286596538235,0.0498085085267959,0.507576725888334,0.013844017418388,0.79026643320042,0.104058648468915,0.525950459375869,0.0135053256553167,0.63281884838428,0.0451531676165706,0.504563979373058,0.00227375774140201,0.677804456583757,0.061707425779741,0.509502201691017,0.0071738530308646,0.788591155953452,0.108917799643701,0.507480835989605,0.00402150736290156
412,50.5,29.011491975882,0.670535133064349,0.0559256324409323,0.502515847707407,0.0019619464066979,0.643333759255832,0.0501985733860002,0.506655722607975,0.0114600597771381,0.792405126014764,0.107431920983461,0.524444587364477,0.0124729486205712,0.629547617317982,0.0441434693095947,0.51067765234754,0.004822093153052,0.674231464199814,0.0615790614107529,0.509570386217292,0.00730490849167,0.790490278719382,0.111429182320071,0.506973139332086,0.00374461482434683
413,50.5,29.011491975882,0.671922803317618,0.0571857117017492,0.502407298473522,0.00185332213812995,0.643328474262508,0.0504474834853165,0.50686514593667,0.01160000516637,0.794187203045242,0.109823406755799,0.524160409786347,0.0115608531191113,0.629109935368411,0.0437519291568639,0.511156989901823,0.00495315054203379,0.674473041408947,0.0623680975383639,0.509297486154079,0.00722448784019143,0.790828583509572,0.111778226385923,0.512700672269997,0.0070461062085138
414,50.5,29.011491975882,0.670305833503859,0.0573576271964925,0.502034656206162,0.000989771494435137,0.643722757939299,0.0507657026235882,0.506243458905487,0.0106015049089191,0.796137672919202,0.110672545977175,0.522971703801693,0.0114440550267471,0.630705264054528,0.0445172202073124,0.505684872977239,0.002209448662061,0.678141112727037,0.063930093047632,0.513405747119331,0.00950728264229975,0.790319122241882,0.110617578354272,0.512391740234674,0.00605879303211968
415,50.5,29.011491975882,0.666184676263427,0.0556401041615825,0.507636621335588,0.00456728434020662,0.64314780361099,0.0508607225753318,0.505302386730918,0.0106928673557598,0.797266079400046,0.111869930693542,0.525190717311245,0.0127484830553379,0.631580092574189,0.044598462342828,0.505387668258647,0.00165208794929824,0.681268661344136,0.0652244331895621,0.513016681894581,0.00876632414036424,0.791893557790725,0.108243580719694,0.512266322453134,0.00567297563698998
416,50.5,29.011491975882,0.66944979074371,0.0560577788309197,0.502195626871348,0.00161003656125685,0.647033599674464,0.0511264935890165,0.51710396713211,0.0138597329351422,0.794519461432487,0.109000828738167,0.521910520389417,0.0105404440363343,0.631411325353888,0.0440334606809316,0.505080482103253,0.00178793810661174,0.681776622219933,0.065134730078344,0.51257549474717,0.0081823464270167,0.793970038206897,0.105787680422818,0.511464028552074,0.00525861244934199
417,50.5,29.011491975882,0.669640573911472,0.0552383493468288,0.502066765478333,0.00160775911418629,0.647267930402501,0.0505531282775495,0.51616276152334,0.0133999273697846,0.795276340643014,0.109027275552909,0.521356649323763,0.00959861745661842,0.631412413560002,0.0439567776188395,0.504882018003686,0.00192056623619782,0.68182591162355,0.0647399893222959,0.511743818151706,0.00759461425461311,0.79609399918679,0.104045096847122,0.511182780994107,0.00514719973574908
418,50.5,29.011491975882,0.670202257595011,0.0547328807844106,0.501932632553554,0.00119587839473906,0.647503372765769,0.0500276189305323,0.515418680640086,0.0128224607878862,0.794460129694263,0.110430943051321,0.521275028052905,0.010791712942064,0.631382870267573,0.0438383121649706,0.505139066216078,0.00291985772563687,0.684506869576175,0.0641466163574133,0.51250122279969,0.0072938702867428,0.796766946917658,0.101937007444929,0.51046575259637,0.00487386478447857
419,50.5,29.011491975882,0.669937268353133,0.0543992437399481,0.502230963731184,0.00268766018810343,0.6496566081924,0.0500644696109279,0.51442711206422,0.0119470576663919,0.794661141973633,0.110019136650805,0.520066104935068,0.00967570649702339,0.631796698334513,0.0436052180047052,0.504999180662531,0.00203872985398312,0.684293533036017,0.0636823740593249,0.511540242982602,0.00688410949391233,0.799307169454288,0.0999548417601159,0.509969945142153,0.00470317403822181
420,50.5,29.011491975882,0.670221957031841,0.0542037433971404,0.501892101630624,0.000732089443449074,0.649607950140963,0.0496728143588419,0.514055210342729,0.0118105318320089,0.792787431800505,0.108363999836907,0.51922856484204,0.00873360128009126,0.632499292506204,0.0436296551867037,0.504813733893293,0.00235413499204073,0.685089701873825,0.0628115569073011,0.510886237393713,0.00613290614721549,0.79877468934221,0.0967361015818856,0.509521406575456,0.00479754168512214
421,50.5,29.011491975882,0.670102712495121,0.0540290066078517,0.502188760726833,0.00204033688769358,0.650538703938623,0.0496889164396393,0.51302785324962,0.011167415929621,0.791210831164381,0.107522251126599,0.518215052389519,0.0080739367959682,0.632746478291745,0.044002724255714,0.504399058473129,0.00169672634184084,0.685213886031786,0.0617354816950108,0.510026623727418,0.00568574987508506,0.799019280601956,0.0962210060393208,0.509263271748243,0.00424455265999296
422,50.5,29.011491975882,0.670370104668537,0.0540350133902983,0.50181197752347,0.00113910853684486,0.64986416063268,0.0497829547328002,0.512399674451017,0.01060586427485,0.789063161233661,0.108022420745594,0.518586544970396,0.0079700929107165,0.633138978590748,0.0439708667220961,0.504389866481073,0.00240273677050527,0.685207761663905,0.0608855472020182,0.509635979704156,0.00543859646698462,0.798821389298343,0.0962779023737962,0.508459218052003,0.00388228025376715
423,50.5,29.011491975882,0.670377331479299,0.0536245733108232,0.501569222358638,0.000565576147806748,0.650809327670667,0.0489018774743216,0.511977484559972,0.010054610723849,0.788407734215598,0.108518542536417,0.517879740618405,0.00758225194882125,0.633363579279958,0.0438643432500616,0.503949330326003,0.00151341032333094,0.685960542175317,0.0601580416299546,0.509611309129237,0.00601216850883709,0.797822700789879,0.0985360333892388,0.508385434306486,0.0037945825427508
424,50.5,29.011491975882,0.672205820970207,0.0545541829305961,0.50177599965781,0.00188779046054101,0.65052024645594,0.0473616703226074,0.510331973955337,0.00887143679441653,0.78784611395593,0.10816563792837,0.516639137935786,0.00729471450138348,0.630861313177113,0.0426847496893442,0.509946712818656,0.0043321285678054,0.683276234771576,0.0573241493443112,0.509563946092839,0.0067468500810991,0.797717065096887,0.0990030914817107,0.508791756551268,0.00379935045973361
425,50.5,29.011491975882,0.67210438644292,0.0541573394188743,0.50173524727387,0.0014309486730883,0.65009083553512,0.0450353610381317,0.510738214637359,0.0100546653759876,0.789686151872938,0.106396137534916,0.51544482262686,0.00705779650714849,0.636182958654224,0.0443952680527702,0.504028505163872,0.00231223012997929,0.686784447713181,0.0553868507381981,0.508322935786383,0.00526106460555779,0.79905662620595,0.0993957544657102,0.51385432184065,0.00702477187452999
426,50.5,29.011491975882,0.670020586448492,0.052362635837936,0.507417714146348,0.00454261408582054,0.646744871562574,0.0418274979310721,0.504293099053849,0.0107754480362432,0.791533744322615,0.105403840055646,0.517870594901858,0.00936623365506753,0.636085352650284,0.0445798160203731,0.503903158474346,0.00214047779549308,0.686098369424361,0.0528270899197192,0.507825657737236,0.00535925164862003,0.800946473857686,0.0988080758578047,0.513708342003802,0.0067959863522346
427,50.5,29.011491975882,0.672623996743946,0.052354828869742,0.501884766451858,0.00118287507205454,0.649089618552395,0.0415882745463541,0.519176721834884,0.0144861271900541,0.792723400758539,0.101582678071766,0.515202309033896,0.00820803535969885,0.635926204897544,0.0448292128311733,0.504336358871862,0.00291267797758755,0.684916785600295,0.051168968186137,0.507871968636079,0.00562386216348778,0.803011417728272,0.0980431523062651,0.513181831571165,0.00673273391240982
428,50.5,29.011491975882,0.672915244095205,0.0512742976670219,0.501951277199305,0.00153757748551256,0.647683747469694,0.0415441187203238,0.518114338269407,0.0137845276598688,0.794207906311287,0.0988392136181494,0.51593072953252,0.00916204778174051,0.63533349976125,0.0443463666041569,0.504117610994371,0.00274837128076464,0.685230656602123,0.0520079512894083,0.507202861292066,0.00516942685301301,0.806640982017706,0.0961804736122852,0.51245259333924,0.00573326021792651
429,50.5,29.011491975882,0.672239180661128,0.0498098897344019,0.502054614388244,0.00206272623748375,0.647270785076257,0.0415930669365513,0.516761164750242,0.0127197161288241,0.796947870114043,0.0954701315275077,0.516401685957573,0.0122958685525403,0.634530023197066,0.0433624833619041,0.504113800050276,0.00303584864345319,0.686023301472615,0.0527915319437993,0.507765877193236,0.00703155984765491,0.810542222169756,0.0921754862652677,0.511760906460858,0.00522291593057735
430,50.5,29.011491975882,0.671546040161986,0.0488993219259906,0.502025042290518,0.00115832343248188,0.646820152344043,0.0416960550846714,0.516426493724331,0.0122835003939416,0.802512630125746,0.0909278954594396,0.514496802502342,0.0066250940046636,0.633713832365228,0.0424488002994002,0.503979360421871,0.00311103775661856,0.685108518603577,0.0533992607984869,0.507255445242786,0.00475498420873191,0.813776903909671,0.0879606707494963,0.51117138612239,0.00472793492523505
431,50.5,29.011491975882,0.67076223740287,0.0484263954996135,0.50204938769309,0.00182161690332162,0.645811383464455,0.0416883316555073,0.51525687353315,0.0117414324106707,0.804554587712065,0.0875609821790666,0.514361959363455,0.00639126157918984,0.63288878113851,0.041515008590875,0.503613602554127,0.00248823532511581,0.684248502911899,0.0542132049974797,0.508166357283106,0.0063709720652494,0.815459775269452,0.083556284386792,0.511109247932372,0.00446028494558099
432,50.5,29.011491975882,0.671055419939856,0.0483428061974227,0.501764179436563,0.000986152124537162,0.645350551921487,0.0419465960823156,0.514207046222668,0.0104531582399371,0.807433675614338,0.0841213248025018,0.513517491479775,0.00596105578900417,0.632805987431711,0.0402984394653517,0.503390744454901,0.00199913429606192,0.683578178799862,0.0557141807993874,0.507835823072403,0.00617547644123783,0.81785459375476,0.080730411356245,0.510907086618363,0.00441760840668757
433,50.5,29.011491975882,0.669489059460009,0.0471013484072444,0.508196517152381,0.00388229461480213,0.642261721002565,0.0419518631646094,0.514770570027886,0.0108842833407456,0.808607079715624,0.0824391767247494,0.512644541399137,0.00585972752323667,0.635085839925374,0.0397575500993343,0.503677916650654,0.00261319496318812,0.68255467148109,0.057028707758094,0.507352255719833,0.00587047518144667,0.818512326666638,0.0764804277910277,0.511275782176308,0.00435701203437794
434,50.5,29.011491975882,0.67582704097449,0.0480313882095385,0.501938753473202,0.00109033301611682,0.644951067872351,0.0440312089154662,0.512665397165835,0.0101128717935883,0.808697185219577,0.0779195787814553,0.526365189444072,0.0128623758424892,0.635474966915853,0.0384897230148016,0.503329425878326,0.00228940873444125,0.683265113908771,0.0585561897777887,0.507539737174223,0.00517586566200549,0.819587270861351,0.0730601613519876,0.510661416308422,0.00409697727607331
435,50.5,29.011491975882,0.675939167556984,0.0462646594541192,0.502152541282645,0.00196047676394415,0.644556602262456,0.0441719632554318,0.512058331593803,0.00969378882002158,0.807121313827047,0.0757371151865689,0.526049124881195,0.0120754382795426,0.634356835889099,0.0362530767435827,0.503407696051699,0.00210450577679021,0.686310980792413,0.0599405071918399,0.520821683459901,0.00926435900659588,0.803448848890159,0.0679455567500499,0.510100336710675,0.00362625384736926
436,50.5,29.011491975882,0.672881566438924,0.0437488971565859,0.507530769096031,0.00460040884089602,0.642242766982213,0.0438122891043028,0.512391194506415,0.00955894898600693,0.807246892577843,0.0768336485880177,0.528295808634165,0.0127032389475848,0.637701631790336,0.0359725406120287,0.505483479910862,0.0036407860696347,0.681927654111904,0.0586430161204817,0.508625783596344,0.00654005235412685,0.816223601495436,0.0722118947340599,0.509735349943678,0.00350915986921494
437,50.5,29.011491975882,0.67690660329297,0.0433571020060417,0.502085413275787,0.00135932809824917,0.644947236723004,0.0447944071134394,0.51053377310323,0.00860620205963755,0.805041647641739,0.0773166551560166,0.537730625787748,0.0198805277215152,0.638258230851893,0.0344598917815081,0.505316275699884,0.00395391329733418,0.681581938339081,0.0589812997734063,0.508204123612781,0.00705007493685658,0.816043062890649,0.0736790512301139,0.509144003386759,0.00343891791159371
438,50.5,29.011491975882,0.677611432545197,0.0419766534090292,0.502174152331872,0.00161359177280318,0.645575047088069,0.0448547983729897,0.509935472385002,0.00826581599286576,0.804269080649401,0.080001027520503,0.536202676792142,0.018418924131289,0.639052170334621,0.0331541599085126,0.505134164528329,0.00343185951039593,0.68170602989842,0.0592656496338297,0.507761533667045,0.0056348850910652,0.8142281684388,0.0742533314343603,0.5092350364909,0.00332584822361174
439,50.5,29.011491975882,0.678066691302929,0.0408485053228404,0.501931400810384,0.000709157740898174,0.647547873504319,0.0454685739953241,0.509214831625362,0.00788198304949068,0.805992660032174,0.0805914702340033,0.534402619597835,0.017677137575846,0.639531083111065,0.031458763236189,0.5043472549798,0.00254726099132258,0.682751118872483,0.0595820679831994,0.508205841687904,0.00659580407538205,0.813749892632809,0.0762368713960426,0.509274635532778,0.00321650760925735
440,50.5,29.011491975882,0.677892067984457,0.0393290887436682,0.502105205085232,0.00155407201621157,0.647390602958454,0.045728708274979,0.50836800922775,0.00722691974390153,0.806456622675864,0.080230015081971,0.533290893477304,0.0162174309056238,0.639493505624293,0.0300165058410729,0.504615452716641,0.00269576957558196,0.682454132087602,0.0596049880255727,0.507285310781239,0.00544891235885806,0.812890934288539,0.0763033887204972,0.508676806841187,0.00299573757487802
441,50.5,29.011491975882,0.67915075286605,0.0384730935037784,0.502066784059122,0.00159210053591733,0.647197501665428,0.0465326586831902,0.508264174268608,0.00728771618697312,0.807505150161471,0.0815932916721078,0.531093665745564,0.0151841681054805,0.635138868715703,0.0285952602472873,0.504631971981625,0.00299736216684611,0.685925881405509,0.0614857439654856,0.521462784084537,0.00864181442584534,0.798605391213765,0.0748701490717505,0.507921607986355,0.00328056082834627
442,50.5,29.011491975882,0.677099962526957,0.038016653156754,0.502035006946324,0.00120394314605753,0.647500928053072,0.0473279510879651,0.507861575885148,0.00753350795081798,0.804575945697344,0.0832207960364615,0.531354986024013,0.0149039899679065,0.636872258484764,0.0287467093766444,0.506818763118763,0.0039715935360887,0.68252197892016,0.0611569233682062,0.507171074234824,0.00632679301375963,0.811959624435282,0.0815075278381929,0.508066068281316,0.00321863865686989
443,50.5,29.011491975882,0.675339391654395,0.0387498637444037,0.502036099871212,0.00177087457091949,0.648364851001611,0.0475274208131216,0.5069728442449,0.00691173807055364,0.805027233959475,0.0861832252082271,0.529629181372685,0.0133570722603321,0.6323032197546,0.0287060018320309,0.504665845121645,0.00290711674202884,0.688534709961781,0.0625562103459529,0.520721155503069,0.00795270333258118,0.802567185313383,0.0847886085028943,0.50750271520691,0.00310395829715618
444,50.5,29.011491975882,0.674893683971212,0.0400549403891574,0.502025990554219,0.00158049743847405,0.64878143274973,0.0474031460941465,0.506865752861409,0.00693548041495363,0.802934439130816,0.0884628902870602,0.527769054704758,0.0120430715818745,0.635400012008957,0.0299811431163168,0.507751240324602,0.0045460847547047,0.68505928825557,0.0604712327660104,0.506286624655217,0.00639846274531067,0.809544970585088,0.0899343421916833,0.507063478477137,0.00282030443638409
445,50.5,29.011491975882,0.671381016736679,0.041319394249787,0.507551728089778,0.0042018558406624,0.646433208862141,0.0460638719812991,0.503152615456539,0.00815151566284358,0.800807169629817,0.0913714754238969,0.530448727379032,0.0133345051300565,0.635326944450588,0.0313509897976422,0.50717949254438,0.00427008324854612,0.685637391533277,0.0600454921141317,0.506700579550123,0.00690986260289311,0.807331271151799,0.0933592695115868,0.50803483362092,0.00329323438030559
446,50.5,29.011491975882,0.672794021789829,0.0428547592802593,0.501823040374261,0.00172624513823139,0.64997307474762,0.046158939226495,0.516782984430933,0.0135586330344251,0.799886157200822,0.0953426294492062,0.524997249395462,0.0106828334540731,0.635073641134827,0.0321156517615044,0.506657459377191,0.00370897991793106,0.685713981565342,0.0586332191668496,0.506137447920554,0.00691527423328068,0.806784896346151,0.0958650468946084,0.508370007018961,0.00460646299903613
447,50.5,29.011491975882,0.67167502862377,0.043459879717426,0.50193801141863,0.00211525794064193,0.650917057231307,0.0448752612753728,0.515461956883705,0.0127366243317753,0.800589178290934,0.0956943853401737,0.523458312448291,0.0102744272834594,0.634353724621166,0.0323853284111274,0.506491836704932,0.00386099715526684,0.686800040243175,0.0570772249370859,0.506656553339762,0.00717459870942043,0.808711830019134,0.0969229082613311,0.507614657738772,0.00305260932788543
448,50.5,29.011491975882,0.671403751358585,0.0435008594734567,0.501648725159228,0.00184673994567859,0.650931573250674,0.0427532331318033,0.514381888774537,0.0122147621401943,0.799673312454671,0.0956484616988577,0.522673650551822,0.00996763196340779,0.634529459072008,0.0329239213434819,0.506207049667407,0.00335419960968897,0.687497548330468,0.054379710150953,0.506826904815999,0.00678335409820499,0.80833986519273,0.0963235140499769,0.50801119059099,0.00280573758680582
449,50.5,29.011491975882,0.672535236551702,0.0439195695187023,0.501585561208501,0.00162261331228166,0.651478883128988,0.0402804502430833,0.513651174737319,0.0114056721313911,0.80006201827925,0.0939983757105523,0.523922424797005,0.00911801901490285,0.634043073221002,0.0329919504471508,0.506172821303525,0.00383520670834978,0.690837178203944,0.0521238742418602,0.506575179770366,0.00636396991388636,0.80937191906337,0.0941973560092576,0.507549500088863,0.0027141564758468
450,50.5,29.011491975882,0.669544302151795,0.04303045024198,0.506939117967798,0.00413928632575436,0.649092353115724,0.0374900341524444,0.514770066980944,0.0123306626641944,0.800161044195604,0.0937249332744812,0.525332834693128,0.0096313812081473,0.636603388523442,0.0330890888313535,0.505615564454264,0.00285668566497551,0.693941440812528,0.0503934203574125,0.506546915401981,0.00584588041100999,0.809612328241043,0.0923857618527192,0.50819448593627,0.00428076493533419
451,50.5,29.011491975882,0.672950332962074,0.0435889409694083,0.501517099895407,0.00203914273612581,0.652343466386754,0.0360387172846056,0.512137588360696,0.0102578377653641,0.801656048093963,0.0879873997048927,0.534018743582805,0.0157624173569073,0.633199646997852,0.0325149592124997,0.503095709560638,0.0020461319483431,0.698995496173277,0.0489187906285937,0.520919824922847,0.00821220726702718,0.801629681414757,0.0874460233141179,0.507885008275475,0.00307668928834104
452,50.5,29.011491975882,0.673811272181941,0.0439386392248106,0.501343722487019,0.00146958353698553,0.652125948246579,0.0346665402287971,0.511872045484371,0.01100080736154,0.803375831372223,0.086735552569266,0.533426404024477,0.0149794073300519,0.637368308011805,0.032463523004214,0.512569208325131,0.00593010070726706,0.688582460025736,0.0431476533526744,0.506472375217079,0.00455470002755778,0.798442444873149,0.0837524135447458,0.522522374367858,0.0107673835476071
453,50.5,29.011491975882,0.674177460587882,0.0440373910660845,0.501276326652591,0.00151347904986682,0.652191050354654,0.033686352526052,0.511609744895114,0.0107783729476203,0.804926769643745,0.085901566773928,0.531242680000055,0.0137986060024212,0.637550453854661,0.0320500218774429,0.509280741379356,0.00431423024135315,0.695060881492372,0.0436695162232493,0.507380413789772,0.00492679651371806,0.812615843672702,0.0849700420579098,0.513100161904731,0.00625716131198413
454,50.5,29.011491975882,0.673928844420353,0.0439422656018814,0.501229725646179,0.00168199436496787,0.652875837453367,0.0336743777389346,0.511206453226582,0.0102778685345766,0.80739966694087,0.0849632546756079,0.529846080983121,0.0128319380807209,0.637213158245317,0.0323653960820747,0.508721498133812,0.00418723847334359,0.695826515364538,0.0426667814358703,0.5074852540695,0.0043685432703874,0.813220185664585,0.0824687321036841,0.512146471112305,0.0060238601638778
455,50.5,29.011491975882,0.672765944128745,0.0447198393973964,0.501030038135164,0.00116698525653398,0.655139255542959,0.0342047716263274,0.510386939514576,0.0102630889935662,0.809882524528426,0.0839227052362111,0.527765782910316,0.0117508468303734,0.63613724808488,0.0330487778218103,0.508635337294954,0.00432093727551586,0.695447644603298,0.0416763599350287,0.506969339439876,0.00424763792549403,0.814992614540725,0.0797580173039453,0.511838818846915,0.0053891311245051
456,50.5,29.011491975882,0.669685929405748,0.0443453406757495,0.507055565204337,0.00376581648934023,0.653618132620234,0.0351131396672224,0.512386896370463,0.01018681927085,0.807854742871618,0.0839947001303091,0.521373156631124,0.00753224328789025,0.635782059020999,0.0333596483900759,0.50812904496857,0.00361643463182834,0.694102227072129,0.0421009815695117,0.507487917214784,0.0044842245743966,0.816024086430581,0.0784243507078328,0.511142378249463,0.00525043512821907
457,50.5,29.011491975882,0.671891635995805,0.0453860938751008,0.500974574487157,0.0011898433012202,0.654857394486408,0.0368420401782533,0.512505517164339,0.0089837202166497,0.808476601102476,0.0809409560470215,0.532572483885582,0.015549083182725,0.634832002469741,0.0341565771841465,0.507831407791042,0.00346590918936738,0.692661661038283,0.043151995113364,0.507189560386611,0.00425534181177324,0.816265429502826,0.0778301885404405,0.511076913100466,0.00488894051930794
458,50.5,29.011491975882,0.67221219570097,0.0451432613306977,0.501236229249392,0.00164353597752422,0.654152817710192,0.0384689073021115,0.51160146251416,0.00841500213535999,0.80852976116345,0.0816878955502882,0.531542968775936,0.0147168928924593,0.634525983540599,0.0347406378622648,0.50741387065458,0.00307147429572186,0.691600076292526,0.0444900509387891,0.507482253251217,0.00576062308129703,0.816320542575117,0.0774694788839642,0.510947750844162,0.00467694385666636
459,50.5,29.011491975882,0.672435896446605,0.0445340884562326,0.501019946649895,0.00051242333039618,0.655396480823531,0.0406536544422506,0.510899566456738,0.00852503628230012,0.807819362786269,0.0824974686470202,0.530486707052051,0.0136283598045633,0.635951772838407,0.0356135727437118,0.50737731018919,0.00347004636491075,0.69016269708992,0.0456636076675908,0.507114307216899,0.00585094557826664,0.816140022957477,0.0781868494625769,0.510989089100535,0.00451712519773432
460,50.5,29.011491975882,0.672735388246427,0.0440046925426325,0.501074137099516,0.00099412158726941,0.6550383516246,0.041695930774637,0.510110604327711,0.00809916495975963,0.808600423042769,0.0819087723317439,0.531734318497003,0.0136230190674723,0.635631827664031,0.0354533840712189,0.506650090033521,0.00253053234007655,0.690913550788466,0.0478268589525839,0.506810862062779,0.00433484802463894,0.816981555567606,0.077870887822159,0.510380424839913,0.00421065674747725
461,50.5,29.011491975882,0.674044561826138,0.0443026951321717,0.501045831482666,0.00121841761422666,0.656506448406802,0.0441564762881199,0.509166200558627,0.00727670303526581,0.807386681251281,0.0825167294139136,0.530366795382518,0.0133084807997621,0.634409335299096,0.0354579575528523,0.506596882795551,0.00275187284891357,0.689759565508565,0.0488883330908792,0.506716739960474,0.00498712076088071,0.816095426689011,0.0779627548115003,0.509825675316272,0.00396816492686464
462,50.5,29.011491975882,0.670488268592165,0.0442453017993039,0.506687888964736,0.00410306905630062,0.652813118637582,0.0440869986920948,0.505458296463555,0.00704631553505503,0.809015077075204,0.0820151946024454,0.532037902094543,0.0139354870789648,0.633286010049159,0.0362071900431211,0.506546227980656,0.00332088406147335,0.688931208844603,0.0493647275186432,0.506485237852291,0.0052545544321445,0.814830670327981,0.0793288237961451,0.50965113563252,0.00359046895629562
463,50.5,29.011491975882,0.669011745459948,0.0453108848905025,0.507230191068116,0.0039981303246794,0.652640956648864,0.04416419432499,0.519626130395629,0.0172953561094021,0.807098564716754,0.0826488895657268,0.528402594983759,0.0124056547440056,0.633095982423076,0.0373584970442814,0.505992409505763,0.00224246767648938,0.688465850215204,0.0499648198747682,0.505920011076927,0.00402522272212313,0.814015030797048,0.079824528810568,0.509387528089699,0.0038755326849086
464,50.5,29.011491975882,0.670351122167621,0.0480373219315591,0.50697637145455,0.00385567397499591,0.651242991112441,0.0440500455766036,0.51972540242593,0.0171687199888651,0.810283978516123,0.0797120399059973,0.530198480673414,0.0125622200528842,0.632715410387778,0.0384654694442184,0.506417836326947,0.00304572621459872,0.688173900948993,0.0501094969317472,0.505864811424017,0.00428072317653874,0.814217277140406,0.0799469632153396,0.509273395911882,0.00308744089351745
465,50.5,29.011491975882,0.672035951052056,0.0492558664645458,0.501192272129031,0.00164484527806137,0.654066017325697,0.0445227430118798,0.533514506790143,0.0291076450551523,0.808900975212526,0.0801727770695735,0.524526356048261,0.0091254958650983,0.6330274565689,0.0397156302373873,0.506096990667179,0.00279068125158433,0.688714498737812,0.0497372574086849,0.505452617960923,0.00470839021962072,0.813432425298703,0.0793883765460586,0.508762725904222,0.00305803684886627
466,50.5,29.011491975882,0.674406627703719,0.0516954241513978,0.501072463291462,0.00125544534633369,0.65506505547485,0.0437116701472535,0.531738096817148,0.0273951044481013,0.809429796604988,0.0803508443555105,0.523089550265817,0.00851210012766102,0.632613057643708,0.0411004187290778,0.505950651687809,0.00275919506534717,0.691839025664206,0.049571062569824,0.518170972610434,0.00983244057335039,0.79867926638973,0.0755453089336184,0.509717654429984,0.00296643751827056
467,50.5,29.011491975882,0.674117034394176,0.0519786566540404,0.501322007384466,0.00223255848669737,0.654186176001339,0.0429570769244392,0.529699402489725,0.025731763149264,0.809595207423851,0.0815195407394688,0.523022043430194,0.0086256361479851,0.635648244956881,0.0420682919498759,0.507742207926468,0.00373792220654537,0.688402362529266,0.0481151000887313,0.504918837712942,0.00504963004428401,0.813142926333438,0.0778361146934483,0.508488709324739,0.00311309116630381
468,50.5,29.011491975882,0.676243505882809,0.0530852239846689,0.500998026877908,0.00113993265755253,0.65404588339774,0.0428699360925079,0.528207506711969,0.0241723870548918,0.808510264508311,0.0818608907415802,0.52194825255703,0.00743670980978435,0.635556369201463,0.0419813842982771,0.507586091496184,0.00397342030665548,0.688514285933751,0.0481782456741789,0.505599608917376,0.00635912957663727,0.812101554138407,0.0793536842366115,0.508061358066775,0.00411081520116407
469,50.5,29.011491975882,0.676248669809307,0.0523304882329503,0.500984451066383,0.00117216512202409,0.653590725033723,0.0428828216924477,0.526157779266959,0.0231064308628373,0.808918387406395,0.0818812738397796,0.520472374323829,0.00675621353512926,0.632771529344814,0.0404133034042322,0.505486163860625,0.00301443221062429,0.691918118528479,0.0501540889187048,0.51779140676151,0.00995244607016577,0.801339785412792,0.0780936905252254,0.508663668141976,0.0040306893299974
470,50.5,29.011491975882,0.675949661407471,0.0514946594739542,0.500888412490798,0.00139127796809078,0.653553036227772,0.0433522308844043,0.524832081277906,0.0211294211398626,0.80771613479407,0.081319840266558,0.519895256354414,0.0068634511127142,0.635844362625702,0.0409992533549896,0.507346099059689,0.00381030636894192,0.688442177532888,0.0509602184987931,0.505093353715716,0.00621533443556652,0.810356613186402,0.0826415819223262,0.507510811982063,0.00407364938580283
471,50.5,29.011491975882,0.675281386798041,0.0502002272175268,0.500877897142168,0.00137127883040706,0.653708723910435,0.0433136897882213,0.523055705510759,0.0196865064760205,0.805947237965238,0.083087942004898,0.519371855669812,0.00646964758916236,0.635740242259793,0.0403280168595061,0.507306178385065,0.0041491980256213,0.688487898527328,0.0521558617177318,0.504930719491902,0.00636934302951396,0.808353432533346,0.0852066426277852,0.507039367222289,0.00387989218365379
472,50.5,29.011491975882,0.674714755822278,0.0496744132604304,0.500945893117222,0.00157112713339917,0.653661874057252,0.0423287231328085,0.521483794504574,0.0181970285511423,0.805367064266614,0.0860648318458441,0.518052467530154,0.00638514472607668,0.633344122293437,0.0393970585491228,0.512726873112019,0.00599688273031536,0.684824152021962,0.0509967365826371,0.50499186478965,0.0069327271733821,0.808328107064937,0.0881852384001975,0.507136221482541,0.0036428634473109
473,50.5,29.011491975882,0.674550525052414,0.0484530746228818,0.501078102281971,0.0011742063494414,0.654019254489964,0.0416527852279173,0.519947623395883,0.0168983734650703,0.804738534828162,0.088337604615926,0.518108220816612,0.00862863030450944,0.633197980508805,0.0389969094671113,0.512911176107261,0.00574896390818271,0.686074581353775,0.0503992734706896,0.510209142200207,0.00830969416729889,0.806580063562956,0.0917051967146425,0.506224058409593,0.00408310319487635
474,50.5,29.011491975882,0.674874224456072,0.0487442071138689,0.5071205842078,0.00385305916453555,0.651119818837778,0.0388605577844295,0.51950362879679,0.015885332225955,0.772346687203798,0.0867325427872794,0.549347859251939,0.0233240539511606,0.634943041378378,0.0392595999462148,0.50664132522912,0.00345831278222975,0.69004289935216,0.0498330537456132,0.509674637686248,0.00828223654100444,0.807448318561006,0.0926098925910336,0.512929769443727,0.00581209533225618
475,50.5,29.011491975882,0.673148463427532,0.0490992533938487,0.503080071581942,0.00287105378267047,0.656451364199791,0.0390301539319593,0.51732648254461,0.014344528330294,0.805045233782878,0.0935337361790448,0.527390490830113,0.0138274762760024,0.633682861963721,0.0397180010921242,0.506341521259526,0.00391530789993533,0.69035541544504,0.0481288617960339,0.509643866067207,0.00789171237747348,0.807522458571013,0.0922549854538193,0.512681648950758,0.0056299668233011
476,50.5,29.011491975882,0.670290787371009,0.0504405739663627,0.503118810287342,0.00339313566955933,0.656357546243976,0.0378174891197814,0.516283152705837,0.0131257724183839,0.806912500776276,0.0931444696824093,0.525754117756465,0.0128788237509443,0.632936238507621,0.0417556231820563,0.505804013359406,0.00290547788567396,0.691169259592078,0.0471717200417013,0.509589036599724,0.00785963409917856,0.80875543790815,0.0910713835415824,0.512288166862458,0.00556366244911107
477,50.5,29.011491975882,0.667103193162569,0.0531155372305227,0.502668161333744,0.00258954477083344,0.656322877429149,0.036585585517546,0.514898620286673,0.0120655142712891,0.810564433731257,0.0908886313965993,0.526226958824173,0.0132186673478293,0.630945480304052,0.04436329716697,0.505454754631873,0.00278955222307142,0.691174730725879,0.0461392463192002,0.509814078704821,0.00765183936311385,0.809597286665407,0.0885857387437618,0.512215231176071,0.00517837156298537
478,50.5,29.011491975882,0.665852652176183,0.056400891732935,0.503058446683715,0.0023568089976786,0.656388202083376,0.035022801773865,0.515363205462493,0.0113362625938882,0.812149272378527,0.0907278909049312,0.525095813069137,0.014567788802299,0.631155639707379,0.0474925831160111,0.505299801368508,0.00284669185382635,0.691468210215502,0.0445888717143781,0.510391659329977,0.0078706397127132,0.811348203747185,0.0879193697185517,0.511420952934221,0.00482798138444842
479,50.5,29.011491975882,0.663302206039561,0.0590561041249719,0.503393176859371,0.00291233732230935,0.656560044818454,0.0334236568296313,0.513853316788443,0.0104994458281127,0.813200501910962,0.0899290661361739,0.524988585533813,0.011761329797153,0.629494798747806,0.0498437924897449,0.505075635357043,0.00227789599150156,0.691556926833358,0.0427743640751874,0.509660979555868,0.0067095119908051,0.811046597968401,0.08781070961955,0.511177643224449,0.00464035983611545
480,50.5,29.011491975882,0.662193159912905,0.0615086263505091,0.502646134931318,0.00198410938054132,0.656215447916321,0.0326610858741208,0.513228278476936,0.0104729917325936,0.814019676719736,0.0892580379662504,0.52386794373249,0.0112183401300182,0.628047126394084,0.0523036465072625,0.505124570838392,0.00281667632480353,0.690514854846364,0.0414877255598733,0.508598278721854,0.00589129177627578,0.810942581236126,0.0869807644635806,0.511021004472435,0.00412179628232571
481,50.5,29.011491975882,0.660555634315675,0.0631455800057187,0.502494566605481,0.00195107944503346,0.655177372372353,0.032933436686672,0.512094830142246,0.00961996110550091,0.81435426225484,0.0893298667164006,0.523195178598748,0.0109809743005104,0.627392604666088,0.0537288810738619,0.504914027062842,0.00290804298509166,0.68921881115996,0.0412831536036118,0.508214299880757,0.00533540031436123,0.811636741539923,0.0870649954496452,0.510434776330952,0.0039631650764695
482,50.5,29.011491975882,0.659370484323695,0.0638668893417246,0.50246489947866,0.00168975860810536,0.654200274322588,0.0336268714080441,0.511343301177042,0.0089264446971255,0.814307806956091,0.0897601045259132,0.521675540354674,0.00984653158108397,0.626878306228647,0.0533744630301309,0.504879191345938,0.00233246598790016,0.690538813456502,0.042702818577511,0.508043771506486,0.00644516981783305,0.811293465617281,0.0876797555623717,0.51063095362653,0.00405641846814583
483,50.5,29.011491975882,0.658916628864893,0.0641717748472016,0.502495397317931,0.00194570069831607,0.653091618594798,0.0344559642748573,0.510063998725175,0.00868988678853763,0.813100534405154,0.090699704250807,0.521135552192586,0.00931953819442231,0.626768964021549,0.0525805927417574,0.504526906512762,0.0022607337931183,0.68955940474032,0.0431256380822826,0.507316011839997,0.00541789809691264,0.811979720244534,0.0880777193889731,0.509959744463534,0.0041155102658131
484,50.5,29.011491975882,0.660225003023831,0.0644422691159246,0.502793381503857,0.00222424975959004,0.652337969973276,0.0357689937872262,0.50996005363586,0.00895048148415652,0.812960939593544,0.091115184701645,0.521242686915218,0.0081685784288315,0.624505412848432,0.0511836754971735,0.510702797662781,0.0039739227080165,0.684452068379471,0.0430334060318141,0.50882805293984,0.00533298116217393,0.812085494136142,0.0884053522244969,0.510134699446643,0.00406072765206217
485,50.5,29.011491975882,0.659977656631782,0.0640281858153375,0.502420085973195,0.0018013473678028,0.650910471714562,0.03902128913018,0.510441009827368,0.00821945009831206,0.813502152912897,0.0909971654049471,0.520997121190545,0.00917286826281107,0.626972236032386,0.0514507157652412,0.504336682895673,0.00197133431443323,0.686708516973087,0.0472208816262355,0.51442901199219,0.0096837564518532,0.812288476466018,0.0867982011889266,0.508934706479746,0.00393901554351518
486,50.5,29.011491975882,0.657453261977106,0.0617495771836852,0.508206493839758,0.00515178477993127,0.647010747975294,0.0409977377080559,0.507190227465781,0.00615532526175475,0.816479192448038,0.0916734920989768,0.524336858429343,0.00939396918030962,0.624354321037449,0.0488756260264387,0.51017424272222,0.00430646689977091,0.681611999864599,0.0493532743178858,0.513578934573768,0.00840125139270038,0.814499115178628,0.08494834248528,0.508442967621746,0.00380238257099887
487,50.5,29.011491975882,0.65947075526908,0.061423191387188,0.503057741704429,0.00263362659571606,0.648285443348069,0.0435220892428828,0.515998630084657,0.0162878147140608,0.813438342597623,0.0906176003657617,0.52109604413439,0.00925054720080194,0.629572821905505,0.0496703649104424,0.50450699437448,0.00223146328936898,0.682659592658425,0.0523384230368221,0.512123946987077,0.0075207782649836,0.814723911397207,0.0806344914345291,0.513756939547748,0.00792809277414518
488,50.5,29.011491975882,0.660195754818277,0.0599476870526955,0.502526101682725,0.00164316248092994,0.647658865178562,0.0446874385411639,0.51589163590641,0.0154897365171605,0.815129746697846,0.0897928891896994,0.520552451082078,0.00994676365879674,0.629753074234659,0.0482685789055259,0.504363827228907,0.00262868788344276,0.681854254184074,0.0542315087503767,0.512134822671963,0.00851801117612917,0.815393335596759,0.0780205371963146,0.512846089898164,0.00732811110933555
489,50.5,29.011491975882,0.661755560241873,0.0585469431436901,0.502249407721874,0.00139840248988809,0.646391596281342,0.0450089539124277,0.514704884889202,0.0147423490502943,0.814200173853108,0.0893932024919076,0.519399841840972,0.00963033752335097,0.628611888628545,0.0461998169734857,0.510793885594644,0.00376495334424504,0.67749065156726,0.0536683119338591,0.51067009194895,0.00685130936856402,0.814041982352837,0.077046563184741,0.512340270751912,0.00716943795391819
490,50.5,29.011491975882,0.663110620049909,0.0567289378645557,0.502175008260274,0.00136924292034675,0.645749462602834,0.0448827305550231,0.514165932712934,0.014714592031977,0.814076597599508,0.0893369533370809,0.518604108510356,0.010231507295827,0.631530282035799,0.0457895831517926,0.504487280074058,0.00227168802356424,0.680402792893801,0.0548362420752952,0.510728818186852,0.00707883881290422,0.814392630397437,0.0756176234382677,0.516874773491699,0.010103368086252
491,50.5,29.011491975882,0.66466568347895,0.0545786462876218,0.50248117251953,0.00191355784227953,0.645133010100692,0.0450653186468455,0.513114046942748,0.0130557009525316,0.8131554029502,0.0908206534093228,0.517144948825526,0.00878542899132907,0.632177932574068,0.0438258487178102,0.504544524356885,0.00212207696005536,0.682152418444288,0.0560684661891487,0.509607079592401,0.00570066100409456,0.813179064524074,0.077096757702637,0.515726120835846,0.00947009216474018
492,50.5,29.011491975882,0.666360509602728,0.0515576068835745,0.503077140845949,0.00228364255266428,0.644034770003988,0.0449599628622952,0.512406993935502,0.0124292866225978,0.811819105298502,0.0918035650622649,0.518191431416595,0.0105089333302759,0.629705052803353,0.0402655173467155,0.504090415754049,0.00238230414260433,0.683275021759115,0.0574511545047418,0.52280129198801,0.0116249319792042,0.799499137744382,0.0755655771001182,0.517328810055075,0.00946886372249203
493,50.5,29.011491975882,0.664492055610023,0.0477869741717424,0.508350294848661,0.00439210622823834,0.641232752085061,0.0446681331844133,0.513589072730886,0.0132849202227873,0.812845192800502,0.0944596522070295,0.516925136552891,0.0101219601391738,0.63401046262595,0.0395249825379744,0.506365923877377,0.0029652337126594,0.679985640441008,0.0568961433535485,0.508837200149089,0.00518192379713447,0.812522139281491,0.0804422989106861,0.515048137258315,0.00854790025347697
494,50.5,29.011491975882,0.667766729245465,0.046793520532973,0.502465521341724,0.00132296127328629,0.644216664838222,0.0468015676511631,0.511433126232274,0.0112440397726056,0.812562800717151,0.0929670542974076,0.527919661498651,0.0167210043783542,0.634140109651168,0.0378917476003426,0.506188077874542,0.00343697909287694,0.680613836527182,0.0588493242528092,0.508391448608074,0.00503502086935263,0.812973232074472,0.080736899519663,0.514788102339396,0.00824984464569692
495,50.5,29.011491975882,0.668937315552524,0.0453379000850733,0.502692110312479,0.0013989776319153,0.642787839788982,0.0476834261756246,0.511676284160769,0.0103334816145301,0.810752275350478,0.0919330514073993,0.526226668770234,0.0158788208756381,0.634989876606192,0.0368181661083464,0.505921862592728,0.00316867435103277,0.67929783317883,0.058880279798403,0.508762906380129,0.0048440705049686,0.812697455771575,0.0802457635213793,0.513787585630203,0.00743660259788351
496,50.5,29.011491975882,0.66963447911918,0.0452001966280666,0.502449523325571,0.00133875416603304,0.64355425340933,0.0476642594139692,0.510555833963762,0.009857619754915,0.80869271974602,0.0918510012904565,0.526112539381847,0.0148614098249771,0.635258958304614,0.0361868490241654,0.505585091379195,0.00269920700190278,0.680328449604474,0.0584834623466183,0.508544099442496,0.00564370047756283,0.811688664921097,0.0804511500613364,0.512897324648848,0.00682233480650436
497,50.5,29.011491975882,0.669244030030657,0.0459152952177046,0.502864399442405,0.00176539792770129,0.643952794745142,0.04661563939114,0.50912243234571,0.00966081254551969,0.806016428036841,0.0928119861375529,0.525963147255403,0.0144699746706063,0.634956258436277,0.0362500464065935,0.505349582255844,0.00233706672747786,0.680315024206155,0.0571054787839433,0.508255894340524,0.00545655039998363,0.809736375373797,0.0821542241178004,0.512725188564332,0.00659928569606847
498,50.5,29.011491975882,0.668083122958875,0.0476749637446365,0.502892329418344,0.00172236580563718,0.643759495493928,0.0460254412161054,0.509760659884113,0.00984134806852932,0.802365468576726,0.0954367408775519,0.525035409114418,0.0131640805983381,0.634164567334361,0.0374721103528391,0.50600803561665,0.00262537037225148,0.679722306690392,0.0562982479913058,0.507733897605589,0.00593855847523057,0.806480608469079,0.0855683858852054,0.513330370955918,0.006324017513166
499,50.5,29.011491975882,0.666792350601511,0.0497832468724173,0.502430065100012,0.00108553986313703,0.643639792522711,0.0464003088497777,0.508583310997516,0.00886063935044367,0.802140053059226,0.098563446592742,0.52354386821059,0.0120012612690042,0.633315709074846,0.0393598489845001,0.506112400394698,0.00327255568401094,0.679530363260015,0.0559242398289861,0.507505132137339,0.00540909884432065,0.803616465817302,0.0889882982314349,0.513122428412962,0.00596098032725628
