"timestep","episode_mean","episode_sd","group0_trust_in_sp0_mean","group0_trust_in_sp0_sd","group0_trust_in_sp1_mean","group0_trust_in_sp1_sd","group0_trust_in_sp2_mean","group0_trust_in_sp2_sd","group1_trust_in_sp0_mean","group1_trust_in_sp0_sd","group1_trust_in_sp1_mean","group1_trust_in_sp1_sd","group1_trust_in_sp2_mean","group1_trust_in_sp2_sd","group2_trust_in_sp0_mean","group2_trust_in_sp0_sd","group2_trust_in_sp1_mean","group2_trust_in_sp1_sd","group2_trust_in_sp2_mean","group2_trust_in_sp2_sd","group3_trust_in_sp0_mean","group3_trust_in_sp0_sd","group3_trust_in_sp1_mean","group3_trust_in_sp1_sd","group3_trust_in_sp2_mean","group3_trust_in_sp2_sd"
0,50.5,29.011491975882,0.5,0,0.5,0,0.5,0,0.5,0,0.5,0,0.5,0,0.5,0,0.5,0,0.5,0,0.5,0,0.5,0,0.5,0
1,50.5,29.011491975882,0.58819060391363,0.00249286214454743,0.500613152271705,0.00126522288410091,0.57662569725596,0.0025759334675409,0.50135119047619,0.00479997334328971,0.661852182539682,0.00640514639496736,0.502316468253968,0.00448414682623973,0.567839290707712,0.00235878689120203,0.500967742033531,0.00179043559907251,0.593682052497842,0.00248599639888071,0.501423897058824,0.00289646074795377,0.659657107843137,0.00390527113466347,0.501162663398693,0.00238522929945965
2,50.5,29.011491975882,0.626870168547772,0.0056439898438107,0.501034141230278,0.00201622799602872,0.609060338249981,0.0112282034769,0.502226737821565,0.00589359510985502,0.727706812344743,0.0282820200367285,0.505182918613953,0.00789587616870495,0.597124139869205,0.00580725390433437,0.501557271498187,0.00212802209634956,0.63387916266657,0.0137582532480438,0.502388603374595,0.00410947746072753,0.728015230070808,0.024594601519827,0.501992619970181,0.00284716436572315
3,50.5,29.011491975882,0.646235075340813,0.0162634213531485,0.500973221398401,0.00182823096790512,0.625475687181265,0.0196442571588173,0.503668021224537,0.00748898795775459,0.761859388586439,0.0444877308339707,0.506153735265398,0.0078302012120931,0.611237593537195,0.0141169281415502,0.502519829045663,0.00315055315208508,0.653408799702073,0.0239973593095645,0.503291194448307,0.00537461416323923,0.761947117242988,0.0417331850633645,0.502889201120973,0.0032477166530199
4,50.5,29.011491975882,0.657529619149549,0.0215795721428115,0.501469592864289,0.00252401980343812,0.634695318255329,0.0258502046206757,0.504554647386474,0.00794816440806814,0.782016196897033,0.0599243598838542,0.507323654919874,0.0078263498805104,0.620743881988664,0.018021250685452,0.502841857812656,0.00336881629556548,0.664895114384289,0.0319135432917977,0.504046058019401,0.00562341791564472,0.782927784134925,0.05482645327045,0.503862635294184,0.0037277445396347
5,50.5,29.011491975882,0.66391293589683,0.0255643316785892,0.501643384078641,0.00262857957001363,0.640397739249755,0.0309882116614523,0.506075655445392,0.00928829130102143,0.788527296991603,0.0746642819960666,0.508323177651418,0.00910900155894176,0.625707703030033,0.0207691243643025,0.503420173115686,0.00375230316116458,0.671434616630123,0.0380724577991421,0.505537919684216,0.00682099698210947,0.790368446385708,0.0667688802398158,0.505094136410839,0.00603879960273788
6,50.5,29.011491975882,0.666999048940476,0.0314073160305415,0.501455068149306,0.00258538609764602,0.643319483319936,0.0356345507956998,0.506945059622767,0.00993970606610204,0.791313791318078,0.0875061368940834,0.510587779738091,0.0110237321425136,0.628241621579661,0.0244448960047309,0.503558083265871,0.00342125596777524,0.67587626429834,0.0445564245456507,0.506267745609612,0.00699250102704996,0.795611532644568,0.0809489545069158,0.505233713247838,0.0049626415878451
7,50.5,29.011491975882,0.667525101393932,0.0383165474310456,0.501698218089884,0.00259111729449782,0.645748463289046,0.0397324059983288,0.507732501101613,0.0116578068562559,0.796033108186272,0.0977757549825819,0.510106198543252,0.00873268320852421,0.628883136819472,0.0284904097393969,0.505410207133364,0.00466937710150677,0.677681089743795,0.0495212709180647,0.506503211348151,0.00618763131290348,0.80034191287149,0.0902568190001777,0.505216023411262,0.0044795926266684
8,50.5,29.011491975882,0.666902161274899,0.0451825301714261,0.502087851530281,0.00319925481036118,0.64631039715869,0.0445070017233187,0.507258843488166,0.0109365027831772,0.799957450757219,0.102526631080209,0.511560498484589,0.00923667827328926,0.629209602850655,0.0333872034821663,0.504415476439121,0.00496946445144914,0.678319117639083,0.0550080937287143,0.507495980373265,0.00751756915613442,0.801662973965072,0.0967300365135721,0.50584103836481,0.00556045505442903
9,50.5,29.011491975882,0.667117082151948,0.0514407609308636,0.502120318291391,0.0033786101240388,0.646886761852227,0.0485918987011175,0.508827879464659,0.012420931701011,0.804500760189888,0.101538062585095,0.512041949480645,0.00987735102437317,0.628353172161086,0.0373086264626523,0.504551233962796,0.00451485524909493,0.67925103629641,0.0604545535766842,0.508835248869529,0.00910573595449432,0.802196889645844,0.0987223213356285,0.506230187111097,0.00565227100911188
10,50.5,29.011491975882,0.66623028990337,0.0561782609943534,0.501998453705587,0.00296530047559895,0.647789665886785,0.0498003329590323,0.509812434966778,0.0136566269839443,0.808601889900569,0.0976880265670067,0.512248085820858,0.00993367253613028,0.62867729427018,0.0408425061097501,0.504837957793259,0.00476397759510867,0.680455974090437,0.0627558631277416,0.508941783299312,0.00710645561889721,0.805030624984079,0.0955495847974365,0.506808184137131,0.00643338709599678
11,50.5,29.011491975882,0.66647671068582,0.0595678980681784,0.501921176117839,0.00315786951082026,0.649004607779378,0.0495508678902355,0.510019480468402,0.0134621981112026,0.812695088569267,0.092132072754155,0.512791100124015,0.00974334522051815,0.628714419277041,0.0427623178272424,0.505755347709587,0.00500579553502715,0.681851804837315,0.0620821033463665,0.509168091309419,0.00834128585637524,0.806537861461072,0.0910988398561436,0.507993962088055,0.00831866015846426
12,50.5,29.011491975882,0.666417785606445,0.0602110618324033,0.502202729912615,0.00295113211610806,0.650402828142822,0.0487031219706184,0.510461103427754,0.0144889285493956,0.815528391331122,0.0901306174168028,0.51394191015554,0.0103198597268178,0.6294430781925,0.0441623882702792,0.505224307884508,0.00478194322675832,0.684353958928484,0.0616775562873942,0.509171498044371,0.00832723665403362,0.809116795513555,0.0856226210303377,0.507974968647717,0.00631611750811535
13,50.5,29.011491975882,0.666909164223893,0.0610979633961494,0.501694329309484,0.00202542583261597,0.65098460401989,0.0472074224504436,0.51052220694475,0.013876614441413,0.817576196693566,0.0888969281506285,0.513861462515904,0.0100560186155896,0.629418446594162,0.0447868438547123,0.505720803211694,0.00428475470560039,0.684670331190575,0.05964626493479,0.509059007841118,0.00732583975675288,0.810417454182714,0.0800718399975565,0.508334054931272,0.00697621754020087
14,50.5,29.011491975882,0.667316048500734,0.0606683755681638,0.502091375911099,0.00316704721075541,0.650348190771339,0.046254583989895,0.510277853039727,0.0135033441705947,0.81722026207495,0.0875997216463542,0.515738036999098,0.0145250048038969,0.629757082095152,0.0452124220797094,0.505260475685597,0.00388126831570492,0.685556710763742,0.0585293461045766,0.509753107141556,0.00875161021694709,0.811073540440159,0.0793353094748395,0.508511496245973,0.0064437115325471
15,50.5,29.011491975882,0.668158537100853,0.0601093457616752,0.50226161656639,0.00266023381685925,0.65021640497991,0.0460567480512778,0.511271414639971,0.0132350058795353,0.816970516948989,0.0883079487735687,0.514179031970835,0.0102920614039632,0.62971385651938,0.0460560324729727,0.505882071180345,0.00423379398743949,0.685001070535891,0.0576201595759606,0.510147983465719,0.00823310457269576,0.80833058939555,0.0794708888039862,0.509588521323638,0.00688205114139496
16,50.5,29.011491975882,0.66822931232456,0.0589617587727045,0.502423317094568,0.00285810819007261,0.649899090016975,0.0474949697418709,0.51080802764496,0.01316005612986,0.815342573465868,0.090745804961568,0.51368728882854,0.00880046885617821,0.630518324845822,0.0458441356453523,0.505525036425916,0.00360634337120041,0.685476878930538,0.0590194705481071,0.509864538266825,0.0072115932753706,0.807922065284136,0.0826584153391061,0.508749754983624,0.00634116384288163
17,50.5,29.011491975882,0.668644345910095,0.0583040636539142,0.502164982434041,0.00255634120198266,0.649568070952294,0.0487811266990248,0.510374469972258,0.0131464106424532,0.813266150287574,0.0969202057719555,0.515381671301027,0.0131595616597726,0.630031899744762,0.0450975783442818,0.506251708808001,0.00435801257953398,0.684891119214603,0.060890146702138,0.510934181806625,0.00838696237584772,0.805223076244257,0.0874972269977504,0.508802102378458,0.00588600767532583
18,50.5,29.011491975882,0.668046547636314,0.0565889099564157,0.502287254699263,0.00314665699737473,0.649641645309525,0.0498626487038938,0.510551016503276,0.0138403918098162,0.810248617156225,0.101757495582904,0.51528895119899,0.0104311354079032,0.63021685154026,0.0439166326102721,0.506184603440066,0.0045997536858887,0.684809157116487,0.0620707977990364,0.51098369941763,0.00783175310358646,0.804134991970908,0.0920491773536795,0.509488666667419,0.00642836403852228
19,50.5,29.011491975882,0.667928610660392,0.0559752886507091,0.502774187616054,0.00356381840979026,0.649008464251139,0.0503563847483067,0.511230000257539,0.0126700985815324,0.807884656626638,0.105710066080421,0.515772852698849,0.0126207118899851,0.63083723031409,0.0434097606175156,0.505067397793296,0.00346614030488271,0.684624091650963,0.0633928708316609,0.511135161082362,0.00831620301980948,0.803845081749021,0.0955061883014334,0.509828188511643,0.006831216507732
20,50.5,29.011491975882,0.667797901722545,0.0560210760063031,0.502391750760405,0.00305094833607111,0.648826059472078,0.0511223328889107,0.510979263833219,0.0125297112844858,0.808252364062285,0.106713749100238,0.516581717164105,0.0114835684959076,0.630487533428737,0.0423497097723065,0.507067425460464,0.00505770760266819,0.683633727863092,0.0636095784476763,0.509809610991778,0.00733055059915303,0.803365847945741,0.0973679614815604,0.509470392011342,0.00652831641594998
21,50.5,29.011491975882,0.66703686154254,0.0551750665141222,0.502504368236414,0.00288684507271606,0.648385216486425,0.051896885615774,0.511521645493514,0.0117118849669949,0.808302245749878,0.10417547829952,0.517293474509572,0.0117227588446105,0.63090160485977,0.0422298557844559,0.505734865458133,0.00432042157510452,0.684549949587816,0.0652155085752993,0.51047326309529,0.00755493677523296,0.804020370483538,0.0974433222078753,0.509948128725652,0.0073574728678822
22,50.5,29.011491975882,0.666070682766118,0.0549614022682219,0.503329559215645,0.0044064136127238,0.647865182323062,0.0526874930437397,0.513224198485235,0.0138197163500302,0.808246136307691,0.10142076317014,0.516919878219763,0.0104758933433026,0.630380035600306,0.0424513462308089,0.505493088177166,0.00419327822952368,0.68393595136024,0.0664784055100659,0.5120235838048,0.00926924654472288,0.802746124258889,0.0950126592327235,0.510120086234257,0.00711101185297921
23,50.5,29.011491975882,0.66654650916882,0.0554644063638436,0.502464895261861,0.00278052398493752,0.647984767086301,0.0527180935716649,0.512973190298391,0.0131838752621395,0.808444235436487,0.0983055246293129,0.518109150513068,0.0127818132389409,0.630219776478064,0.0424983738226418,0.506024419691917,0.00405046336387012,0.682522655936366,0.06674563488719,0.511684733360648,0.00898298313198734,0.804169410550625,0.0934781848439324,0.509315200451191,0.00666056344615188
24,50.5,29.011491975882,0.667060942043683,0.0538499215871384,0.502383302727898,0.00294569894231914,0.648156339739815,0.0529064827579719,0.513038728273098,0.0130815936723493,0.809995935943927,0.0944752025561314,0.51752786978211,0.0123511678384861,0.631368980228874,0.0422166059947935,0.505214234399265,0.00340351541511719,0.683104802101045,0.0669310751678978,0.51244635367351,0.0105052424354435,0.804467192940266,0.0911943011740611,0.509543796697477,0.0068563699846341
25,50.5,29.011491975882,0.667521451618758,0.0522875805607274,0.503396962795215,0.00369689364835365,0.647641592195415,0.0523545957607595,0.511891598225819,0.0124938239504664,0.811260816270594,0.0916925814023544,0.517770646613688,0.0113584099325438,0.632626799790557,0.0411411141545713,0.505950400866732,0.00400821036965478,0.682193290623402,0.066007502875654,0.511831779366598,0.00815595116537948,0.804556573066786,0.0895296420736521,0.509408433877628,0.00684820846262543
26,50.5,29.011491975882,0.668168751172873,0.0500211392615393,0.502474976111796,0.00283021918271977,0.64805204917854,0.0515673258101442,0.51274494821352,0.0133195775049965,0.81138760535598,0.0894913560401746,0.519986495259976,0.0160444810384287,0.633131853178719,0.039265437493411,0.506390763523969,0.00482402404376907,0.681455251647708,0.0648668688395065,0.512078685373395,0.00940980625164089,0.805336218124802,0.0869666371774943,0.509558885538446,0.00640439974855389
27,50.5,29.011491975882,0.667932933959803,0.0487272097747135,0.502765701557116,0.00311562155507439,0.648685184781773,0.0503988702704217,0.513861296012106,0.0137479637346788,0.810622836496452,0.0895287719951807,0.51929123089628,0.0144295331903932,0.633628701931451,0.0377365539364937,0.506520455008501,0.00496113242390353,0.682021419772166,0.0632712010035321,0.512498521333399,0.00864543056900931,0.805441359439794,0.086256145746014,0.509869237196359,0.00723618691358669
28,50.5,29.011491975882,0.66861192112464,0.0471781434767503,0.502531058112172,0.00295436160478805,0.649252279517874,0.0492549201809818,0.515174624830537,0.0141961936956799,0.809925461451582,0.088097352806013,0.518828460388014,0.0128572287996651,0.634526757786794,0.0363494661143489,0.506319880044617,0.00467741362571786,0.682415342159327,0.0618917373768247,0.5123407628636,0.00868251707201975,0.805308284982671,0.0870535069983962,0.509639541532556,0.00710370572693449
29,50.5,29.011491975882,0.668680251581803,0.0458193278197534,0.502414968971128,0.00269791285782796,0.650307071386616,0.047826652046533,0.516279040212391,0.0163092886299968,0.80993108147477,0.0884515753288101,0.519233881467447,0.0135056122592593,0.634073250560211,0.0360329382270948,0.50652875486387,0.00479200545790672,0.683014185581595,0.0599370595397078,0.512935106784108,0.00895724296761774,0.802341296341058,0.086955932029615,0.510165864382085,0.00609922849608146
30,50.5,29.011491975882,0.669214652293224,0.0444728984204215,0.502555490676695,0.00261927317390046,0.651006091296142,0.0458755901346511,0.51536843439538,0.0139010961928518,0.8082907571858,0.0906568380102573,0.519073294704687,0.0120317588620054,0.634008440758202,0.0359684872483952,0.506720615198862,0.00507417102690333,0.684499052956757,0.0574407623645879,0.515007592587056,0.0106996104483693,0.798843381602432,0.0885676367583996,0.510272607725969,0.005817185114958
31,50.5,29.011491975882,0.668944060993254,0.0440718088470967,0.50276362551224,0.00289476707993459,0.651856305976652,0.0435171008227042,0.514864187833504,0.0134942286879629,0.806162664433861,0.0926251728753021,0.519581423252012,0.0126904047457833,0.634199035863301,0.0363503364808613,0.50639699625542,0.00489076069821643,0.685404150105058,0.0550986481178616,0.514857236450598,0.0104352331613487,0.799047385573355,0.0906407843018833,0.510090473335425,0.00611252308685764
32,50.5,29.011491975882,0.668539261734801,0.0443773686482104,0.502534110082747,0.00268399797991429,0.653089651978664,0.0420304324929272,0.516462033463282,0.0130681162184424,0.806033255932614,0.0944293334091906,0.51837737429079,0.0107529667270847,0.634026422259355,0.0371718634032776,0.505957745429449,0.00449639893441354,0.686526455924232,0.0534517601179843,0.513868857260931,0.00876771543476438,0.799010689397342,0.0930622687600689,0.510215971019141,0.00599916631193085
33,50.5,29.011491975882,0.668146991401285,0.0443970658930947,0.502261824515969,0.00209862926512679,0.653525621640448,0.0393675434941187,0.516538656504025,0.0132373932848062,0.804482391094134,0.0959274503148472,0.518176205745485,0.0116815224086316,0.633449884005844,0.0368056578259709,0.507123874588933,0.00518792123426793,0.68629164261614,0.0509285732789088,0.51392013411182,0.00859970285542029,0.798242110546904,0.0955417093420358,0.50981282638544,0.00583377800214683
34,50.5,29.011491975882,0.667001286686535,0.0443082319708382,0.502517830249003,0.00281728228698452,0.653547460564156,0.0378353322570624,0.516355974986482,0.0131607158161769,0.803281244409782,0.0962403162011278,0.517750060792195,0.0108319193326652,0.632432033227836,0.037080862475928,0.506320750978981,0.00450657973849707,0.686972932557851,0.0497786950991756,0.513925588992775,0.00887095253787256,0.797197660031691,0.0967758834599271,0.510216063604148,0.00560744917728341
35,50.5,29.011491975882,0.666065352898268,0.045466672029276,0.502226514210467,0.00206017672742541,0.653752787019364,0.0370627165502022,0.516727483498246,0.0132995389176551,0.801668854967827,0.0974688246073905,0.519239809508371,0.0142358685090182,0.630874711523543,0.0370897664958272,0.507333854203449,0.00506382264895837,0.68682425006703,0.0480618860755762,0.513476559803114,0.00788587397686644,0.797555578647318,0.0999726775531372,0.510100641187026,0.00627834596092423
36,50.5,29.011491975882,0.666068106952126,0.046279455288834,0.502553308834862,0.00262323278259211,0.653682348139679,0.0356767943420442,0.51520282016856,0.0121406202826096,0.802489169258535,0.0984603535553865,0.519489451997979,0.0146799184073461,0.630816921550597,0.0375123076455699,0.507020995286316,0.0050067831729829,0.687288914798627,0.0467501484437573,0.513939012583814,0.00835706511247215,0.797433538486464,0.10038922756702,0.509800025109802,0.0060914547167035
37,50.5,29.011491975882,0.666495199535857,0.0460636486316992,0.503111538833077,0.0036114422499296,0.653475721955972,0.0351704110472677,0.514960634065229,0.0114527773953524,0.805293054822068,0.101273755798407,0.518729310838034,0.0122184763309717,0.631863274585521,0.0371654040618045,0.505321002440387,0.00363845760733209,0.688829601002494,0.0463858293578329,0.514543357989055,0.0085429551685528,0.796139908949791,0.100837769788859,0.511452458620763,0.00758168979483793
38,50.5,29.011491975882,0.667380691401743,0.045367850200526,0.503068978431011,0.00339193618330183,0.652888694599593,0.0348869079435585,0.515130119665957,0.0125069820574206,0.80507135175008,0.101877970624422,0.519598039159743,0.0122232829071758,0.632230629627896,0.0363651788545582,0.506752069096218,0.00485168556576705,0.688143076619714,0.0463202732022298,0.514833771078962,0.00828277348983301,0.796242434508036,0.101622010389239,0.510680632508161,0.00694606679674972
39,50.5,29.011491975882,0.668909818476873,0.0437410814541359,0.502856583345478,0.00303219610143612,0.652840520580547,0.0355326110764152,0.513844050196853,0.0120279491790064,0.805808430149066,0.102279956090901,0.520593545651257,0.0145170986458077,0.633350930344678,0.0351932366127657,0.506651289247503,0.00376577255005646,0.688042608097753,0.0472046753638889,0.514706232075345,0.00954835678293205,0.797068862762468,0.10057136190111,0.510690598062047,0.00691541154093408
40,50.5,29.011491975882,0.670204336291066,0.0416945467446688,0.50283942050143,0.00317196799066535,0.653669941529187,0.0364391838378617,0.515014248266751,0.0124202334958873,0.808014823744426,0.0998158343191855,0.519331971116446,0.0133722622334106,0.63472158131461,0.0337108465313223,0.505965778415495,0.00435852339755049,0.688047236338471,0.047367716811042,0.514787912400128,0.00952437154403124,0.798246343132018,0.0982721493191337,0.51151010374227,0.00815732344468732
41,50.5,29.011491975882,0.671390801532327,0.0396381053746554,0.503388589221969,0.00394451971370803,0.653558208279168,0.0368762206578682,0.51548025083232,0.0133103733457947,0.806844124143124,0.0978362123976761,0.518993137953588,0.0129984934416477,0.635861545823739,0.0316695472815945,0.505261056065852,0.00394305492726299,0.688494828461175,0.0480570933763642,0.514602706632807,0.00875438351200819,0.798271823255792,0.0963396574065524,0.511216539379909,0.00793888467005033
42,50.5,29.011491975882,0.672982422769943,0.0381798889088818,0.502982351015942,0.00330621667082079,0.653576705828067,0.0369996807178878,0.515870317392918,0.0125085935283152,0.80845046624299,0.0967389186690009,0.518851758773878,0.0133233832360443,0.636929032675814,0.0300661166989235,0.506882376810805,0.00562781480406829,0.688117191834279,0.0466155178619227,0.513022698288922,0.00757116777463549,0.79947006547725,0.0921181664299045,0.510934261701063,0.00813910607393408
43,50.5,29.011491975882,0.673526087456238,0.0365160794556683,0.502747251296005,0.00288784558389394,0.654784547344785,0.0359412902388506,0.5155924966033,0.0122779627445321,0.808632496827813,0.0934714783595883,0.518964911993462,0.0141260051865905,0.636776353730167,0.0284976292029426,0.505660910516721,0.00380189038842519,0.689374813985841,0.0449150841969156,0.514675470115855,0.00984850090353698,0.799118932759003,0.088032593236352,0.511762004259553,0.00923973742111072
44,50.5,29.011491975882,0.673995792559461,0.0358392127388002,0.502913553415495,0.00283134847754593,0.655400692018903,0.0343179660568876,0.51484576667287,0.0125336150206653,0.810437033342277,0.0900693255486274,0.520545036924289,0.0152056622028061,0.637320016291157,0.0284406118815265,0.506779875527772,0.00487283064957777,0.688783935181732,0.0431757309739205,0.513391737458255,0.0084111857608063,0.80134894159303,0.0858298786361269,0.511813074687279,0.00823981734936703
45,50.5,29.011491975882,0.673298154246249,0.0359565750206628,0.502959599818235,0.00275681735689334,0.655767285982125,0.033931319813447,0.513740559117431,0.0125816181568908,0.81279084268917,0.0874518224230664,0.518681853119493,0.0125278993211758,0.636798873236833,0.0293423020638999,0.506333959263687,0.0047339848586145,0.689080060583646,0.0429709696656966,0.514237868927755,0.00973361807909888,0.801947009664231,0.0833774818868425,0.511266128154413,0.00811452806496048
46,50.5,29.011491975882,0.672888444609779,0.0374274739304817,0.50312966998529,0.00330403120153461,0.655596828322893,0.0344722558062329,0.513679614773328,0.0126473237393217,0.810751561170933,0.0864412765942473,0.519910595946749,0.0133305700647856,0.637249963061818,0.0308237536101371,0.505994721791945,0.00392991259621122,0.688647781606643,0.0437335895209832,0.51263197515203,0.00856045194847433,0.80296837269897,0.0836365901448664,0.511542242433266,0.00779585589286777
47,50.5,29.011491975882,0.672657515430753,0.039366014860439,0.503217856732431,0.00391854801654299,0.655650700907099,0.0356270759428008,0.513412203332889,0.0127599325411884,0.809549098014774,0.0870918423950582,0.520521320304072,0.0149007828167298,0.636679362507674,0.0325342681376986,0.506832476148735,0.00464159164929599,0.687952322422629,0.044985792282139,0.512240491952321,0.0079081894419996,0.801880050616985,0.0854585667764255,0.510825118346604,0.00733970425512302
48,50.5,29.011491975882,0.67269606991077,0.0409258528149296,0.50252922826288,0.00272830691838683,0.656570192167367,0.036263395523865,0.515332829696439,0.0153587892806427,0.806969284019523,0.0870033827415404,0.520976351062018,0.0156319436756464,0.636527463077523,0.0333507913310446,0.50627520543286,0.00403703628092249,0.687796852725757,0.0452470794889635,0.513367897074026,0.00981809004900221,0.801850861148332,0.083496127198229,0.510996405901563,0.0077376970704834
49,50.5,29.011491975882,0.672053131631692,0.0413949619948602,0.503390349784898,0.0038094694445279,0.656452670080081,0.0369601635016948,0.513215264764515,0.0120476494048587,0.808853500124454,0.0839840801045823,0.519643346437589,0.0122130498122159,0.636131203670246,0.0339533434397702,0.50634761980364,0.00396083392365167,0.68822891276361,0.0448294008205291,0.513570507346784,0.0102198094852619,0.80075099794986,0.0845851476163729,0.511066459486395,0.00712771599539842
50,50.5,29.011491975882,0.672460852768113,0.0427189255750688,0.502619929060967,0.00292696239995047,0.656103872538838,0.0372319997962677,0.515638433188882,0.0142849739880379,0.806562194671722,0.0837277766614258,0.520337550301608,0.012165750866849,0.635735673250755,0.0350895528873014,0.506698494784694,0.00487665935445433,0.687557705946564,0.0446632850003829,0.513049868081929,0.00928468582837111,0.801466295287242,0.0852451728083988,0.510434495346405,0.00699884547292808
51,50.5,29.011491975882,0.672012059935734,0.043431016102098,0.502777034378973,0.00304356081928363,0.655738809875526,0.0377514362461862,0.51462766988865,0.0133004153587117,0.806397847952721,0.0813733355195246,0.51991475582166,0.0131922393612885,0.635510623025885,0.0350288608864383,0.506805227058289,0.00440767768425217,0.686553984590694,0.0448541861798269,0.512753475274424,0.010263845186378,0.801506777275666,0.086106997878581,0.510450589327704,0.00702876204513019
52,50.5,29.011491975882,0.672175495071459,0.043573715340458,0.502906572867643,0.00304608753664354,0.654931356568451,0.0388499310317522,0.514872345308922,0.0136186968661977,0.806927449790764,0.0810308959724836,0.519115423600822,0.0106973881908574,0.636023972696401,0.0352981776093807,0.507493101196619,0.00495952954051694,0.685295781189126,0.0461743709850542,0.51223823771122,0.00873065041288302,0.801317012231176,0.0855333496594502,0.51104701754136,0.00788117137715124
53,50.5,29.011491975882,0.672010531184187,0.0443497658394626,0.502793518473236,0.00267804850896736,0.654083673081257,0.0411289867578771,0.514388874191475,0.0132114312086959,0.809001525926245,0.0799342068123128,0.51874260327163,0.0105345280962316,0.636915382769232,0.0351535892094887,0.506172949253965,0.00374208179719013,0.684370958294723,0.0492960311090434,0.512628680393359,0.00831056956391774,0.80187811044162,0.0850019323845355,0.51091655061582,0.00729946190796601
54,50.5,29.011491975882,0.672598489645238,0.044922584820576,0.502724672177637,0.00248821655485322,0.653372882679613,0.043034064920527,0.513839100731932,0.0128875661095175,0.807854364505882,0.0799369722182499,0.519833034033077,0.0116560218140282,0.636490752505936,0.0347685515220207,0.506341891542068,0.00399170215827816,0.683150313959372,0.0518736894229341,0.513236134731089,0.0101653367354395,0.801521603297328,0.0834678222927788,0.510811895384531,0.00820924782067438
55,50.5,29.011491975882,0.672167265173685,0.0439882956536111,0.503300430969794,0.00351246416230899,0.652506567001629,0.0443701017564411,0.513402612851255,0.0117772137965425,0.807980207739027,0.0834279949891591,0.520195633376592,0.0110729286589281,0.636366852583756,0.0350933391348012,0.506751850651354,0.00418063800963194,0.681927102231074,0.053951268511401,0.512903548777286,0.00874757985298945,0.801414243950842,0.0854399609727699,0.510474810900988,0.00721225402938907
56,50.5,29.011491975882,0.671912760924127,0.0440635155968731,0.502776856530573,0.00284053599376898,0.652313260175404,0.0464753272869142,0.515204393648115,0.0139741111120851,0.807657794308997,0.0856849570665848,0.519799151877073,0.0110681428555663,0.636652093685328,0.0355009765477506,0.50634614027193,0.00409835558596835,0.68103771485664,0.0567796744974163,0.512740695463263,0.0092459304167478,0.801779046753439,0.0876804125843569,0.510289972448526,0.00659523456765635
57,50.5,29.011491975882,0.671690934423997,0.044376790599197,0.502860253294339,0.00322130630586993,0.652101935236505,0.0473528620455841,0.514968472925185,0.0134768258595357,0.806057726789668,0.0889540446080725,0.519071165659163,0.010327122295993,0.636707487758669,0.0354458743840045,0.506353644939721,0.00419795795095456,0.680089694455147,0.0586797728608981,0.512819573497525,0.00860156436100749,0.80092007975604,0.0906044594067318,0.51098082814899,0.00704691038436049
58,50.5,29.011491975882,0.671250637087793,0.044483886353337,0.502697825934544,0.00325057766572439,0.652047855280143,0.0479607199412713,0.51471680793332,0.013132715851962,0.804717753627613,0.0928639692467913,0.519174227452593,0.0107709760143093,0.636398993518024,0.0356458230543178,0.506044075521005,0.00368474340750996,0.679431584282037,0.0598945207924887,0.512030326688912,0.00895014932651981,0.801759193861281,0.092196166197352,0.510727534657813,0.0069438821916644
59,50.5,29.011491975882,0.671339914625625,0.0450002047379789,0.502583189396308,0.0025525964837073,0.652129383946205,0.0475964723104155,0.514373119546244,0.0128267436678884,0.803481528143441,0.0945129473624564,0.522163235382544,0.012738089677276,0.636068728865354,0.0360291611151632,0.506695690131015,0.00448175375038382,0.679678405336829,0.0600920136327164,0.512412284100356,0.00887063039586255,0.800659205171077,0.0936169355736405,0.51056728457764,0.00656156561267491
60,50.5,29.011491975882,0.670818225396475,0.0453661262867944,0.503080526698309,0.00310680033819341,0.652227783279546,0.0465269033202071,0.513670703754692,0.0122928518377174,0.80630557271882,0.0953117464082875,0.520442149850861,0.0118940476861186,0.63567441320001,0.0373766668902006,0.506750593128184,0.0050312248439606,0.680824970667025,0.0584210134878742,0.513002937169948,0.00998525926063674,0.801301501396505,0.0942970160360125,0.510779451695775,0.00623643820257768
61,50.5,29.011491975882,0.670520292496828,0.0465176455294137,0.50261069663052,0.00247524259086129,0.652488004808503,0.0452474177441436,0.514007106928297,0.0123429033993271,0.809189792974682,0.0927993181014657,0.520391434946543,0.0113226611642888,0.635453767409775,0.0384405016779715,0.506661597052708,0.00484656016742795,0.681111623672736,0.0575218448049994,0.511781501133545,0.00803104472124461,0.804475272505287,0.0918180074711231,0.510651967017067,0.00728236183062853
62,50.5,29.011491975882,0.669215912951345,0.0484183331917181,0.503307175604792,0.0035076327881538,0.652081395822138,0.0441307340225306,0.513805477012273,0.0117178051751347,0.810669292004729,0.0899681757853415,0.521144536140698,0.0130174387525084,0.634373512832338,0.0398535229593531,0.506525796005416,0.0039854754121676,0.681529361847778,0.0564532994908749,0.512302105451759,0.0100056212694186,0.805682150095024,0.0878198107998908,0.51124229355076,0.00820463764791234
63,50.5,29.011491975882,0.668951253933953,0.049528088948378,0.502362577626745,0.00206138290987571,0.652905809460897,0.0432375398181583,0.513070341506919,0.0129284120948041,0.812418221799844,0.084714106897125,0.521567558096193,0.0133216011249629,0.634077916233425,0.0407693320720831,0.506480933648052,0.00438338994470758,0.683117864802184,0.055182092247588,0.512533852787916,0.0092779654839471,0.808439474093204,0.0821946278500362,0.509993709469915,0.00676881330062421
64,50.5,29.011491975882,0.66903732308326,0.0498796934164689,0.502662950321423,0.00288583362204835,0.653248334026433,0.042404508905959,0.513520677162499,0.0136575747780853,0.813743288188383,0.0781836428674583,0.520084921144209,0.0113609843515934,0.634508924742405,0.0408773478392914,0.506717432909569,0.00411971785607784,0.684163926986149,0.0535533077390484,0.511292750997497,0.00798498194624925,0.810640182113575,0.0786085944485584,0.510236824313145,0.00655063631511862
65,50.5,29.011491975882,0.670007629162054,0.0500680108028282,0.503064274514352,0.0036688751144629,0.653724844872394,0.0402819282758781,0.513311339924005,0.0125785956568452,0.812540333981582,0.0784389423033381,0.521081715830406,0.0140686848800685,0.635084429180862,0.0406828177247009,0.506274562270612,0.00404622855808204,0.685639564581474,0.0516120141868198,0.511474008917596,0.00896649964096995,0.809783666426962,0.0754381552779444,0.510564627148493,0.00690231723846125
66,50.5,29.011491975882,0.669490520747174,0.0496475904670515,0.50272843048869,0.00269533251715774,0.655120131825068,0.0382444195198279,0.513686407493412,0.012427623282757,0.812426114833884,0.0793198456236222,0.520989472633476,0.0129026527175054,0.634411908745934,0.0400609829829282,0.506600519071785,0.00402272950010627,0.686838735388677,0.0487466306969324,0.510745601716586,0.00750528781969041,0.80943672121157,0.0759970557662084,0.510328327589497,0.00585074180377662
67,50.5,29.011491975882,0.669651220508041,0.0491689252382205,0.502470903893275,0.00275463004770975,0.656741061828783,0.0365844079073093,0.512877457902226,0.0128222172822785,0.812784468853693,0.0805045448721999,0.519857410993225,0.0110434094621589,0.634349405281247,0.0398907814791847,0.506291092663199,0.00404048846432286,0.688654128081509,0.0466994809264812,0.511051342415521,0.00831696970747255,0.80798274836936,0.0777123822873566,0.510301417548067,0.005676258248737
68,50.5,29.011491975882,0.670006277370656,0.0485798671389646,0.502855642514952,0.00292112267224512,0.65629047507444,0.0359713367334293,0.512425046163062,0.0134453559188416,0.810691222116592,0.0866366242206509,0.52011168126682,0.011008372874871,0.633766696507512,0.0397444122674606,0.506554428847303,0.00441690631483542,0.689010049979412,0.0460855939197443,0.511115057549779,0.00841365304827416,0.806682425456955,0.0797519732098841,0.510057928242171,0.00546563463789861
69,50.5,29.011491975882,0.670456902399375,0.0482183940366263,0.502801800830184,0.00280923781072411,0.656389960879871,0.0358464027451839,0.512155823737623,0.0136532263377146,0.809389055939835,0.0870165151343357,0.520291619056513,0.0119699249051624,0.63406865132002,0.038857004868325,0.506337778216307,0.00408288001905327,0.689445428004318,0.0458726695790909,0.510613819864588,0.00707276922612826,0.806587496719748,0.0824126354718456,0.51030985832169,0.00527203954762458
70,50.5,29.011491975882,0.670152022995273,0.048555000566692,0.502918559420288,0.00309236881057759,0.656205118759388,0.0370056736653622,0.513293256133837,0.0148911844417639,0.807222765886616,0.0906119171100598,0.519331381953146,0.0104267594919009,0.633546930729402,0.0387813281998633,0.506298304038959,0.00385095099874329,0.689674256807104,0.0468497465266696,0.512190603409555,0.0083936005291343,0.80603842067222,0.0851925213425782,0.510102644285847,0.00559885640901031
71,50.5,29.011491975882,0.670400081053603,0.0494339782898588,0.502854284739162,0.0026810297182091,0.655195901768977,0.0376258517956914,0.512974441818707,0.0147004732451148,0.805845074913134,0.0922798432847382,0.518605618318741,0.0117221397144972,0.633218589917238,0.0385884139389741,0.506760529257741,0.00502350827558419,0.688839604341542,0.047484308795373,0.512992504548126,0.0108461920089137,0.80363244695198,0.0869097808535736,0.510501299247237,0.00644251928983415
72,50.5,29.011491975882,0.670655904284318,0.0499012781603663,0.50272061614697,0.00238285420541284,0.6540980065918,0.0388083883826144,0.512636713714805,0.0136565058554404,0.803959584948895,0.0953870949356218,0.518817420669834,0.0134596132821277,0.63369030045851,0.0397056548516883,0.505718429328212,0.00345818255678656,0.687785822283808,0.0495571098506489,0.511983468986171,0.00870086920816229,0.803668439381714,0.0903693757343285,0.510554620605887,0.00573640374097201
73,50.5,29.011491975882,0.671323158173695,0.050202192839605,0.503227653353149,0.00333677063626363,0.652966251680479,0.0402481205992948,0.512549624279396,0.013607549414519,0.799829679412203,0.0991610495720152,0.518738205136889,0.0144705685590721,0.633481922871,0.0395732136557269,0.505974047232286,0.00409329323006461,0.686216566089404,0.0508213633526454,0.511694759837602,0.00855138948325011,0.802485157623662,0.0951553498582764,0.510178884945554,0.00582093602076128
74,50.5,29.011491975882,0.672090835096624,0.0494633628829449,0.502988485736954,0.00288186007481651,0.652762474628587,0.0411487749214821,0.51272132037798,0.0133505654216528,0.800898913450845,0.101888507425929,0.518357598272623,0.0133717112891201,0.633331146400332,0.0398981389622163,0.506158590527997,0.00479206378467778,0.685704108049145,0.0520646993985068,0.512091918474354,0.00927183047526345,0.799911180021243,0.0998919070913623,0.509858917219037,0.00548659819379376
75,50.5,29.011491975882,0.672674536767182,0.0485192715189863,0.502432889009699,0.00202973375288194,0.652827596596444,0.0424418132355047,0.512933058550776,0.0131816133400362,0.797267173820297,0.105827729970305,0.518336735586445,0.0121005021567964,0.633689219856927,0.0398253543504667,0.505685065939407,0.0036895472769355,0.685742830593305,0.0536920605075732,0.511565454231987,0.00887429251593244,0.799340348321055,0.10501293769478,0.510237845452622,0.0059211566427107
76,50.5,29.011491975882,0.672407750205322,0.0468464011005966,0.5029035248758,0.00270973008338825,0.653074616021644,0.0429053560194725,0.512532238488066,0.0125180728564764,0.79541066972307,0.110108857671696,0.517887987797666,0.0119690376121153,0.633094697279572,0.0385614345190326,0.507024003125038,0.00474078087534583,0.684595602602778,0.0542509255807775,0.510854854496061,0.00862378778236635,0.799042688782114,0.108647227028722,0.510325600033812,0.0059411549612109
77,50.5,29.011491975882,0.672391280796034,0.0456390596608511,0.502792068411212,0.00301072019247686,0.653511211306823,0.0429792406213389,0.513260673490605,0.0142978664802279,0.794223973575557,0.115376157264981,0.51784868868105,0.0115649117783493,0.633467880830995,0.0373706959662991,0.505610332444261,0.00452777466974711,0.685495956763507,0.053901281124095,0.513088085358819,0.0102833165813369,0.796803997324896,0.114037054446167,0.510444691071405,0.00585655710976752
78,50.5,29.011491975882,0.672038407271346,0.0443133382775338,0.503456437021719,0.0037449991299105,0.653559473787911,0.0426147221731415,0.512232811575316,0.0126373200152391,0.796289513236267,0.119959938136381,0.517908090627755,0.0123909591147513,0.632954690184051,0.0363244096073877,0.505836792769775,0.0044454190078282,0.685674673663526,0.0529583653453894,0.514018171829982,0.0100250481199096,0.795057373917996,0.117792060613723,0.510889553663104,0.0060154205712332
79,50.5,29.011491975882,0.672291051185029,0.0430881874201938,0.50232254498344,0.00207673174707897,0.654400826510905,0.0407615721067591,0.512966954204272,0.0124587657304317,0.795904306275208,0.121081248918021,0.520020466087058,0.0149843973615171,0.633559822917725,0.0355663237265502,0.506607513989078,0.00563574774981225,0.68643185057642,0.0512349165441793,0.512734031579193,0.00848168228108327,0.794805226359229,0.120384926691409,0.510941058396669,0.00590190511235198
80,50.5,29.011491975882,0.672572544820676,0.0418027988973781,0.503070533169535,0.0036552004045173,0.654795974955725,0.0387162440534302,0.511839019803553,0.0114788255141457,0.797177882716111,0.121391132599989,0.519223879229221,0.0142641961726458,0.634459806580081,0.0345652021378874,0.505650323902848,0.00418755173155943,0.687740205244757,0.0486551481404672,0.512761841807816,0.00821433971497789,0.796272606576691,0.119434445988416,0.510833530732479,0.00590330554883184
81,50.5,29.011491975882,0.673077335439043,0.0414501235584155,0.502404245358322,0.00249407224485612,0.654804208110557,0.0363006704867218,0.512223563752357,0.0113694115667642,0.801049038011267,0.117666037408153,0.518226908999781,0.0120722791529602,0.63482594985384,0.0338753873778742,0.506480946138093,0.00511074849633093,0.687493106664753,0.0462769167308211,0.512493598250679,0.00852002122828334,0.796824763757886,0.115141248258669,0.511080694382862,0.0061188591808937
82,50.5,29.011491975882,0.673239724510173,0.0410764637586477,0.502500656881433,0.0025627895036849,0.655232438953032,0.0344651042067525,0.512923197376619,0.011829736360164,0.803487674389149,0.114547044245756,0.518971875681028,0.0142521067985769,0.635849473755322,0.0329393785548869,0.506311411840556,0.00467286616940929,0.688246968925301,0.0452076521359563,0.513567450855766,0.00905015270108904,0.798409397574186,0.110802116592601,0.51069102973574,0.00580285272781908
83,50.5,29.011491975882,0.673613549996986,0.0411065449915512,0.502223970284225,0.00213304014129516,0.655483243224396,0.0341340171397607,0.512973484991888,0.0121207397348845,0.801735099099922,0.107228744241905,0.520306594614451,0.0166561069870255,0.636830371953261,0.0325486483609461,0.506154730189556,0.00455771939282728,0.688172567882463,0.0436384987054847,0.513250507680422,0.00965599209356119,0.801207214005309,0.105075200734308,0.510825519537335,0.00607131712571078
84,50.5,29.011491975882,0.672740943961709,0.0412854558536512,0.50301385945585,0.00330099909600381,0.655882892687542,0.0334947599329549,0.511545026517489,0.0106041941844236,0.805073344019867,0.0999320374956729,0.519040347469571,0.0133679871578202,0.637245589092578,0.0320389701786355,0.506108647262301,0.00460040449481419,0.68933934446214,0.0415224935895675,0.513737931529254,0.00977958298553044,0.800616409216674,0.0979947391467292,0.511095943232165,0.00614920012463717
85,50.5,29.011491975882,0.67251195667554,0.041397081857652,0.502672410939057,0.00270277298577445,0.655881364183438,0.0334240611679562,0.512338419090029,0.0106749291441417,0.806859569558017,0.0949601754758252,0.517611889757852,0.0121544259182426,0.637466611709498,0.031213138099134,0.505895532801855,0.00357872338620903,0.689348004793519,0.0411120154221564,0.513122672812588,0.00939085882270047,0.803694111007459,0.0955358135651513,0.511318748664249,0.00616236855490604
86,50.5,29.011491975882,0.671678290451793,0.0422483543389522,0.502864928161744,0.0029221523424622,0.6562724256253,0.0331318976756134,0.511720778487703,0.0108107446648879,0.806136143084435,0.0942446225503252,0.517319983217203,0.011435489593562,0.637503314606901,0.0324236867679875,0.506065057523477,0.0040965577629927,0.690265531287274,0.0401187955284674,0.51237492553442,0.00837876753548997,0.802200055223274,0.0945359747892592,0.511621334101541,0.00665200600131955
87,50.5,29.011491975882,0.671100694028843,0.0438380223479331,0.502712875930626,0.00314648031229065,0.656074737337082,0.0335459690583081,0.512728616083863,0.0107955352011221,0.806129429491517,0.094639137881957,0.517584152769872,0.011452518178092,0.636381799465686,0.0337005045583205,0.50648273859564,0.00490030767669687,0.690490294848791,0.0397728436695082,0.512904271546945,0.0097692936579509,0.801561549697855,0.094178161055899,0.511328141011051,0.0059839621125393
88,50.5,29.011491975882,0.669789827729842,0.0442973384305715,0.503207334749505,0.00322103382020083,0.655489915164842,0.0337667151180338,0.512849630993228,0.0105938671513484,0.805735861815898,0.0950033158275207,0.517812243097286,0.0125414721838983,0.63550288003884,0.0345977495674326,0.506780723005995,0.00451525956684807,0.690340221170508,0.0396701339861724,0.511804506486346,0.00856950361840416,0.801456703815242,0.0943680232742106,0.511489402184143,0.00641903866620201
89,50.5,29.011491975882,0.670360460029429,0.0438837683318038,0.502857655404529,0.00309757559869501,0.65592701838272,0.0338920477319839,0.513115594255926,0.0111742421881968,0.803821115296896,0.0962376682102537,0.519143686665812,0.0156565000969024,0.636037118754757,0.0352124837900088,0.505974877356603,0.00303393604635668,0.690868356415495,0.0397040470414175,0.511053345211844,0.00737243014301016,0.800085157817546,0.0952948765145409,0.511807111333136,0.00659269111863644
90,50.5,29.011491975882,0.670751495651833,0.0436785054022249,0.503084305333475,0.00308576293516095,0.655889806317211,0.0337846171632283,0.513778944449261,0.0107317835161327,0.804285298548646,0.0982483305305985,0.51760755324674,0.0116420232445983,0.636075073345386,0.0351991742632179,0.506168657084774,0.00356775516120025,0.691388757785219,0.039808381904252,0.512444363516001,0.00939633085662051,0.799092815286272,0.0967130032252313,0.511128078306436,0.0056255271649625
91,50.5,29.011491975882,0.671351826173169,0.043142346515983,0.503103013736533,0.0037042542983311,0.656533379267105,0.0336011299482492,0.51423721779775,0.0114534606425079,0.803384945985703,0.10130851003777,0.517567618912002,0.0133065509799741,0.636256135334163,0.0344972706214616,0.507573984760054,0.00497059921105499,0.690916433220825,0.0399855232181339,0.510405515528307,0.00779828416988245,0.79950491247971,0.0987504548939093,0.511003750729666,0.00588651454989477
92,50.5,29.011491975882,0.671244116274884,0.042983377378775,0.503283884780644,0.00354834467518285,0.656759725541276,0.0342467411608921,0.512923160394457,0.0107454540936571,0.805119429707635,0.105329396616489,0.518544654996091,0.0132564142488931,0.63607273218758,0.0341411299757389,0.506902468761168,0.0044113704123352,0.691588447267348,0.0411510356629274,0.512291713901018,0.010103217552516,0.799168808939288,0.0983668987646072,0.511145395002277,0.00607752619122255
93,50.5,29.011491975882,0.671786354000756,0.0435327125924116,0.503111628039096,0.0032722702196572,0.657805887909569,0.0347838334323584,0.51365372785982,0.0132363179223206,0.80480548835605,0.106037373726204,0.517848905229691,0.0112791020249241,0.636582091050687,0.0338567500318979,0.506955955489269,0.00481134605936497,0.692695692331195,0.0410551236426357,0.510942315851812,0.00921969596294151,0.797411325764622,0.0986249019941146,0.51113239223252,0.00601359757141261
94,50.5,29.011491975882,0.672178897897243,0.0437473220281907,0.503387971910782,0.00362219833812995,0.658628369250251,0.0347802742359496,0.513408545728837,0.0122480202726977,0.801491389751198,0.108231373271224,0.518961055225156,0.0132031428750581,0.636972637120306,0.034063520850162,0.506215156789987,0.00341358641366513,0.694867472707322,0.0404885415569107,0.512101168474774,0.0106780868636261,0.794485917716876,0.0990974177924679,0.510895301538944,0.00663819237721203
95,50.5,29.011491975882,0.672774720556029,0.0430919534403742,0.503709064117266,0.00350653694892047,0.659080759171909,0.034227229718452,0.512598897059444,0.0125804220311259,0.802088609316741,0.111675003269787,0.51922374083889,0.0123732656602496,0.637490869837504,0.03380374674793,0.506799565946554,0.00484971206267043,0.69548902970015,0.0395702548405374,0.511330434023711,0.00971272147239286,0.794284193766618,0.100598690326682,0.511587408421372,0.00751283953226845
96,50.5,29.011491975882,0.673640846025226,0.0435022761080357,0.503054806857842,0.00326369436135143,0.660151274190188,0.0331885292885356,0.512932143833478,0.0144261789078281,0.801881735124462,0.11226822993774,0.518812342793106,0.0122054996381813,0.638382533079991,0.0336116441872204,0.506523284111469,0.00414238696503733,0.696665586917047,0.0383732656207056,0.511396436128907,0.0101260808172306,0.794055371248889,0.100638667221645,0.511763515924179,0.00744538537795453
97,50.5,29.011491975882,0.67337779753689,0.0427066915639883,0.503351906834261,0.00345106394488736,0.65983305828463,0.0323276664606659,0.513394774564731,0.014651698095135,0.802572217527634,0.111129876738326,0.51725535479391,0.00954159148737553,0.638340920807998,0.0342300365651257,0.507031141336997,0.00458866368960601,0.696717223437311,0.0374195522722928,0.511729788234045,0.00911243337839486,0.795719510584048,0.0992833360113723,0.510720498405065,0.00648531510953674
98,50.5,29.011491975882,0.674045084098462,0.0425700159333435,0.503245900797098,0.00293924084502224,0.659066795888568,0.0317133090379044,0.513605902063303,0.0144096056078194,0.802712768919987,0.110098326314726,0.518316228368605,0.0111415794583807,0.638855177549455,0.0346260767239877,0.506714470255224,0.00432333085973796,0.69639674317384,0.0361888293024069,0.511928911184638,0.00989349535543432,0.796128143274293,0.0983526235208995,0.511141416511749,0.00652517092993594
99,50.5,29.011491975882,0.67500435201806,0.0424079992327442,0.503249257434213,0.00365259773029704,0.657759151324452,0.0321533827630653,0.513460325427637,0.0141574557268689,0.802302463433088,0.106648184577149,0.518341215019542,0.0108698255408108,0.638557056058156,0.0351430368396139,0.506867840290725,0.0042639855303671,0.694878062454054,0.0366415840327318,0.512464586072317,0.00972190813404825,0.797010816249509,0.0934847324054607,0.510730525770218,0.00632837427118897
100,50.5,29.011491975882,0.675355449699243,0.0424518485953703,0.503138523542436,0.00336560529708676,0.656179249837326,0.0329443247863964,0.514305437687203,0.0138027135220692,0.804815248948661,0.100677146698833,0.518461643434963,0.0102489292638083,0.638851939409568,0.0344899098867626,0.507068281295586,0.0051852534838966,0.692581179548286,0.038273028491535,0.511796194223315,0.008781917479847,0.799080971243172,0.0896487136452247,0.510789426153344,0.00649279750819425
101,50.5,29.011491975882,0.675738861084287,0.0418743278031147,0.50314569268108,0.00343882412871111,0.654799848764257,0.0345354397298353,0.514205592893024,0.0129799259838598,0.804118486394272,0.0941951035019133,0.520168624443788,0.0137476694889388,0.638595590036337,0.034811958663587,0.506187472656203,0.00384537835446049,0.691939267243843,0.0407571878388163,0.512659799810112,0.0117174840375366,0.801521941848973,0.085157364297353,0.51059413182514,0.00586251444996682
102,50.5,29.011491975882,0.675253540039239,0.0424553642658223,0.503119194711989,0.00286583305718978,0.65398247943351,0.035754695719959,0.514853663367271,0.0124896247838663,0.80731797892145,0.0884594954429556,0.519109980284886,0.0113868696976039,0.63840335526118,0.034658474837571,0.506009832358496,0.00324655775315932,0.690170885251749,0.0428176061309129,0.511875379270046,0.00991240351909754,0.804351538313631,0.0823939414793627,0.511224207919351,0.00645597427929973
103,50.5,29.011491975882,0.674922512309957,0.0436328860147967,0.503609715597141,0.00376788995158109,0.65323987793301,0.0370693263093031,0.515069378872044,0.012403370532985,0.806105274054111,0.0892720707041566,0.518610897980873,0.0106375694812378,0.63714734075001,0.0352447156189874,0.506419754652443,0.0039131909304345,0.689303043362199,0.0453356384609473,0.513878568667224,0.0102730375214882,0.802785473538865,0.0807716380506803,0.510375939755054,0.00582366039170839
104,50.5,29.011491975882,0.673597526428864,0.0448755639478953,0.504082622615005,0.0039609539754759,0.652573860942471,0.0382923566372426,0.51397848616138,0.0123867832978423,0.807229299943545,0.0907159921883841,0.519679891004548,0.0129021509504807,0.63664498084422,0.0362643306444981,0.507046936477451,0.00454930466946989,0.688325768277342,0.0474013395738287,0.512965558987339,0.010167823327471,0.80352997778161,0.0812270897343461,0.509832623939831,0.00556533241840584
105,50.5,29.011491975882,0.673826689160794,0.0462586150188449,0.502978379402353,0.00347201851095233,0.652619461241113,0.0395417722503185,0.516157231392611,0.0131985970873928,0.804550210968898,0.0913662194929172,0.520421208951369,0.0148150844100344,0.636279612234173,0.0373240592895175,0.50695155170183,0.00369842305835975,0.687679759357767,0.0492043164571605,0.5118854000201,0.00829020520238981,0.804588141586804,0.0809015244936304,0.510530159862597,0.00691133967087411
106,50.5,29.011491975882,0.674503015826104,0.0466470643109137,0.502737756124168,0.00278279820073114,0.652549039071718,0.0409908598673697,0.516065634347171,0.012438654568216,0.803931245073329,0.091958527757987,0.520636523439483,0.0143315692797465,0.635877380701519,0.0376512225390341,0.507133191570011,0.00507792690665076,0.687435537247369,0.0505926117267275,0.513150487550083,0.0108245965265559,0.802412500778439,0.0802366551025849,0.510899872362376,0.00811994716080602
107,50.5,29.011491975882,0.673679643471132,0.0471427648529871,0.502700275453917,0.00274534867441182,0.652598603458134,0.0415122899662271,0.51569459789142,0.0125496358341631,0.805362468863098,0.0946037908052751,0.519177654626791,0.0121614652350709,0.634690159620463,0.0369329157539856,0.508534994524865,0.00570223341184388,0.68690594416571,0.0506984885836041,0.512212218388626,0.00872397707069584,0.803297233022194,0.0805255757263923,0.510092478384129,0.00653237773114232
108,50.5,29.011491975882,0.672893297475864,0.0476896226540528,0.50299462221489,0.00302621539427898,0.651788484180091,0.0405897113729544,0.515349128732836,0.012166276306204,0.8035688344075,0.0943404515519842,0.518621102963474,0.0123298080483713,0.633853400738345,0.0376031135550199,0.506793027372549,0.00467469105844047,0.686407102029919,0.0507453321809183,0.513462233394952,0.00892157475491853,0.802294884643538,0.0817204197481479,0.51118589147229,0.00739508731679131
109,50.5,29.011491975882,0.671557815475209,0.0475903085456147,0.503039701712243,0.00289304797913858,0.652072587370815,0.0405002381614766,0.514822186962758,0.0112334103763551,0.801137465613637,0.0959399592490704,0.518592000115787,0.011194973024195,0.633291237274514,0.0380214576408162,0.506711765567002,0.00354821502458565,0.686818173714928,0.051483751630133,0.513549544715103,0.0102763645651793,0.799999669191839,0.0858787113353029,0.51039957895996,0.00717700420179036
110,50.5,29.011491975882,0.670839032152044,0.0487082720443164,0.502328418045859,0.00220363763278673,0.652343586564879,0.0407225917593128,0.514861161389493,0.0115134784908723,0.79980892949887,0.0950706484290667,0.51993226023163,0.013646532848851,0.632537891149509,0.038933942299976,0.507006438741898,0.00442848615683949,0.686235442192883,0.0523610378781607,0.513714159725651,0.00938905603889752,0.799734708814807,0.0879380953753623,0.51111506706131,0.00771625710926631
111,50.5,29.011491975882,0.670239048062742,0.0500106288791788,0.502182344229779,0.00169544471831531,0.652482787706794,0.0412768583800046,0.514044845683678,0.0107432228636266,0.798320180591414,0.0957744264263976,0.519945005732366,0.0135017369491315,0.632047924673701,0.0403493226544895,0.50790836177761,0.00591204537891216,0.685419754322971,0.0535172734740446,0.5119183803689,0.0085783465216365,0.80015868522577,0.0908718485962999,0.51043252623379,0.00707759354546341
112,50.5,29.011491975882,0.668849124382125,0.0510856814127002,0.503091445701841,0.00356239655665981,0.65263753702609,0.0418379553212094,0.513209572318925,0.0100377028831487,0.799047273685068,0.0932419715637885,0.518436443675847,0.0121273724382257,0.630671776696472,0.041863632341113,0.506826749565181,0.00404583570022587,0.685784599031202,0.0535538072484193,0.514297083681813,0.0104538439976185,0.799708600438168,0.0900418060267776,0.510562046187031,0.00659637995287502
113,50.5,29.011491975882,0.668559510041932,0.0516153462768238,0.503457389300905,0.00365410261727181,0.653153007339829,0.0415426290578926,0.513849197092053,0.0116592774078955,0.80076846155959,0.0915087140880624,0.519251623667748,0.0116680172569812,0.630354619109237,0.0423554787065053,0.507655579975252,0.00493146918616837,0.685994826407632,0.0525834924369683,0.512698247318218,0.0101629194319791,0.802860490432637,0.087314527124747,0.510571208542902,0.00653183395792594
114,50.5,29.011491975882,0.668990950320196,0.0524259945155783,0.502739647747628,0.00287194261799438,0.653580884075411,0.0406572665423394,0.514615885938639,0.0130776799847849,0.80317422186485,0.0862813813528435,0.520215539589415,0.0134486830871519,0.630106586745675,0.0420637683762015,0.507602154873213,0.00534470815278014,0.687084534878211,0.0507024688469447,0.514040670003745,0.0113272472056097,0.803252155610369,0.0853433855696718,0.510378832871742,0.00647936553541667
115,50.5,29.011491975882,0.668498812932611,0.0530047878928474,0.502803258391047,0.00282045422725746,0.65398634441594,0.0401449510733489,0.514082546797992,0.0136446184405422,0.80416048380797,0.0836307890818678,0.518582129956864,0.0116301859427673,0.631066253328021,0.0425966008076059,0.506676552490884,0.0040574377984075,0.687894288255171,0.0486990036976951,0.512632888898527,0.00976547089693286,0.805341719330994,0.0824182602836758,0.510748317110663,0.00627910551955711
116,50.5,29.011491975882,0.667041340226825,0.0532164683086552,0.503422079410948,0.00349959384971218,0.654466628424039,0.0389308427727781,0.51322915633655,0.0133590855545439,0.805446450251329,0.0818097246319879,0.519025977416739,0.0117390680320765,0.630150586649437,0.0423784020968277,0.506710089661955,0.00468222397609287,0.688854552687031,0.0474221597417748,0.51289020453198,0.00968669079789203,0.806444214455806,0.0805061985365534,0.510613712098291,0.00605630270868927
117,50.5,29.011491975882,0.666011216390187,0.0544379284504743,0.502620602569668,0.00265916447367111,0.6550457523077,0.0380732763272222,0.513422117290185,0.0132691412627212,0.806232466581599,0.0793168477845716,0.519667042615312,0.0124928124494398,0.629854056147032,0.0428688749129518,0.507004611927133,0.00422370110202379,0.688197078248351,0.0457712801987285,0.511936170974728,0.00981895054354474,0.808570081396805,0.0779346052516933,0.510749147101649,0.00613113452707292
118,50.5,29.011491975882,0.665330921469459,0.0552586770738173,0.50301358894339,0.00292243760570089,0.653923022316631,0.0383311447907818,0.51187298590993,0.0127963133353355,0.807638601058375,0.07704951327334,0.522276093510361,0.0153293286015631,0.629489408368322,0.043728231921904,0.506534169919441,0.0038564622938604,0.687610538078542,0.0454689409959382,0.51180777898385,0.00840854834245977,0.809655779641729,0.0752286398330034,0.510960866943961,0.0067976165021625
119,50.5,29.011491975882,0.664564585089853,0.0557868893996192,0.503746650536242,0.00361771046914221,0.654269038826287,0.038725776197966,0.51287657224863,0.0141127265002845,0.809795305808518,0.0773994739108551,0.519542760888525,0.011696710929453,0.62930477909519,0.0439837893062411,0.506330341627233,0.00417278760454507,0.688120623932167,0.0470062756802184,0.513485171807094,0.00996118667516553,0.808467013382582,0.0732692697694452,0.510486691919491,0.00618116473852133
120,50.5,29.011491975882,0.664748631892419,0.0550421725054048,0.50330938060613,0.00344915582437172,0.654679470422076,0.0396086620674439,0.514384322235741,0.0125018093483311,0.807237035300144,0.0770562011780638,0.520088489432105,0.0127699246371704,0.628857094919691,0.0430832127386523,0.507107151396063,0.00463897887711999,0.687320484289566,0.0478280483418459,0.513140876921912,0.0101489626788957,0.808928649252731,0.0712025763840653,0.51094564487705,0.00666397364061621
121,50.5,29.011491975882,0.665355281476087,0.0536308463753218,0.50315097855486,0.00281967540054814,0.655068279517752,0.0399583916360432,0.513677649787814,0.0128899655879709,0.80595736451525,0.0789822270967395,0.520130623971098,0.012701735500856,0.629567976291809,0.0423144117897237,0.506918431845145,0.00477463148955753,0.68767104153717,0.0485298320579561,0.51370508528499,0.0110061487821845,0.808651405935273,0.0715046670769746,0.510123321973706,0.00655145140680322
122,50.5,29.011491975882,0.665747005798636,0.0514636298035098,0.502697466684638,0.00235898508197037,0.655246527375812,0.0404959177982213,0.51313767966397,0.013752114353987,0.803572137844078,0.0786198673529231,0.521525691887052,0.0146116857266843,0.629889678017749,0.0410536543228232,0.507079108230684,0.00445628840540453,0.687153942567626,0.049422060352382,0.512928306335614,0.0104442685073707,0.808857338033878,0.0713236810077695,0.510035813753189,0.00624203278831218
123,50.5,29.011491975882,0.665830770072412,0.049626289424494,0.503144082902873,0.00278032697896388,0.655272582477667,0.0405615188282473,0.513597290920239,0.0133212931247269,0.803746365859613,0.080511942837052,0.519818945120055,0.0123667691094343,0.630076889930348,0.0395138046620064,0.507492713798774,0.00471206791635417,0.686929245869041,0.0499257637981068,0.513135926936658,0.0099088593042951,0.811083714579224,0.0705621992544216,0.509798096497826,0.00606919656395241
124,50.5,29.011491975882,0.665901189923084,0.0481345415128002,0.502799809791045,0.00232536007558111,0.655429226443526,0.0406949330155459,0.513727552055607,0.0130703268128407,0.804034653596801,0.0780463326519027,0.519666356395792,0.0106881589123284,0.62968938795479,0.0383378315732095,0.507373699301604,0.00487879207570413,0.687201078141935,0.0500873814748678,0.514848122456192,0.0111992502419613,0.80954207657452,0.0693481556763429,0.509971078926395,0.0064830754195413
125,50.5,29.011491975882,0.66556267149192,0.0472743448873247,0.503619628457054,0.003386989167128,0.65476924398493,0.0404888178946063,0.513454635515391,0.0130547255177162,0.803197600179471,0.0769412362276138,0.519158548460962,0.010231348089364,0.630589208956198,0.0381455705995493,0.507649201842909,0.00489074222468874,0.68687464152422,0.0497865097007549,0.512748983620309,0.00966914737540608,0.809297881159399,0.0703194580780007,0.510130022511914,0.00643774473067096
126,50.5,29.011491975882,0.666294302224356,0.0461494335114773,0.503439848346298,0.00348173492250556,0.655151671199578,0.0410079576409887,0.512212549311907,0.0121641775301669,0.801534460524884,0.0777085489717591,0.518910514972165,0.0124924344168909,0.630669553811298,0.0377429983712315,0.507752831368152,0.00449083421772621,0.687433757616821,0.0488391888764487,0.514572270720627,0.0113221965433016,0.807331595452991,0.0699045893141043,0.510687203276386,0.0065816198790928
127,50.5,29.011491975882,0.666445824727122,0.045250022703958,0.50301383240157,0.00286327470425648,0.655736835560171,0.0401236381972243,0.511372661496205,0.0121001160947417,0.80154480928072,0.0794788668862233,0.518522200518602,0.0124794420944111,0.631413817948717,0.0370319003305702,0.507204350783724,0.00458217104327491,0.688402890339972,0.0479502531277345,0.514450348040355,0.0105771494986257,0.807225389736809,0.0712108146019374,0.510000029945929,0.00638634820433857
128,50.5,29.011491975882,0.667320493020713,0.0442753826624551,0.502573842514502,0.00219843740883852,0.656503078589986,0.0384942838916914,0.512203179107275,0.0115578454597699,0.799135827345457,0.0810144454179856,0.520517099325886,0.0163674953387479,0.631779728471323,0.0364589478734985,0.506663299961503,0.0043198674177556,0.689001227506719,0.0464066891733238,0.514506158705754,0.00937375756319659,0.806208494441498,0.0735146169519666,0.510258404182951,0.00678919178704295
129,50.5,29.011491975882,0.666733606132473,0.0442268421523626,0.503140104504065,0.00351320617407044,0.656358947567208,0.037511806475803,0.511991159513183,0.0116476940995821,0.799629125358781,0.0850109060274941,0.517833074724512,0.0121128011121845,0.631812377587828,0.0364631515275845,0.506803317723927,0.00371669637973875,0.68927430943761,0.0452100059506709,0.514308914307296,0.00937558677425187,0.803270074121396,0.076596805182263,0.509968594380127,0.00623261158489561
130,50.5,29.011491975882,0.666882699066602,0.0450551028546434,0.503360289308167,0.00325581964611879,0.656745947097553,0.0366441268745139,0.512166441203229,0.0114357369262068,0.796330339097887,0.090148513968305,0.518465550730064,0.0129851321382808,0.632358518873276,0.0361353079826599,0.506631156082142,0.00425695863667213,0.690309090505846,0.0437030101415468,0.514635572395996,0.0102969574699383,0.800081495469468,0.0806546769634065,0.510133746324564,0.00625636238478158
131,50.5,29.011491975882,0.667380459366805,0.0450168915321743,0.503112972154615,0.00325083510546167,0.656333464151163,0.0362597325131013,0.513381303686423,0.0120015435016836,0.79435310339508,0.0942987671857481,0.51803730099285,0.0127087227588102,0.633151914203572,0.0364335078091926,0.506640334796691,0.00407765985930223,0.690378043822416,0.0425258307741882,0.514222023680875,0.00870143735776725,0.799049372563061,0.0842760760566054,0.510377491053509,0.00630319606122751
132,50.5,29.011491975882,0.667147000247575,0.0449915623849011,0.502897573066506,0.00277060838641187,0.655799285635321,0.0358140107224358,0.513621315356786,0.0121245161593447,0.791069420499523,0.0981984867530631,0.520562325061777,0.0146640330692361,0.633263320889756,0.0364113937569178,0.507563345878729,0.00446312421221867,0.690227040200502,0.0415167162561568,0.513244118393214,0.0086039868159885,0.798495244130618,0.0891425053765735,0.509910827748326,0.00611184772202325
133,50.5,29.011491975882,0.666554831750916,0.0462415632356086,0.502929048430822,0.00290256370444705,0.655989150805524,0.0353683943682356,0.51468931371147,0.0117330103796884,0.788676258546208,0.101151585121683,0.519081934761485,0.0125041755845781,0.633699754300691,0.0367423934163369,0.506792366011166,0.00460397536677723,0.691067899685195,0.0410026543638959,0.51443396968902,0.00986244400535916,0.794427625388687,0.0932708270349427,0.510115141167364,0.00646767340736427
134,50.5,29.011491975882,0.666042688166297,0.0474293273125928,0.503377569480153,0.00335611384296681,0.65623558215596,0.0344076436468988,0.513444000481237,0.0123657094438443,0.78623351992017,0.104855090796808,0.518640742337929,0.0123984265375018,0.633358231837046,0.0373041379721689,0.506811706188067,0.00452903176847572,0.691540085223254,0.0401479019185556,0.514882284230505,0.0104142588800203,0.790828175786167,0.0966422140062701,0.510513857197769,0.00678017276041282
135,50.5,29.011491975882,0.666912567966409,0.0478677224369962,0.502540874520138,0.00227342112308233,0.656843260612079,0.0330946988035283,0.514501254602507,0.0117179207433903,0.787101405557533,0.107662453817969,0.518066164127821,0.0114265734613281,0.632990110370904,0.0370159263356324,0.507433859001995,0.00504670309149502,0.692080918748808,0.0395886327124252,0.516578550900791,0.0119813726292998,0.787100165766526,0.0986150551282182,0.510645650475777,0.00659110258317959
136,50.5,29.011491975882,0.668163583361535,0.0483920493105375,0.502898729383963,0.00306114377105504,0.656881733878816,0.0316827370743048,0.51364957544359,0.0112705469748484,0.784699874921091,0.111751416808272,0.518878300714679,0.0130676226891766,0.633611807096746,0.0374016973741728,0.507029047514364,0.00484466531462243,0.693369786273633,0.0384571334011916,0.51498151190689,0.00953991548675976,0.788291652239831,0.102721280413852,0.510216045871729,0.00650280471801406
137,50.5,29.011491975882,0.668811042424125,0.0479557883019869,0.503550143276654,0.00465571002339743,0.656501356336518,0.0309637209336457,0.514779709960567,0.0123496988749674,0.782647345677238,0.112842900301704,0.519328765447618,0.0135750427747958,0.632931909237728,0.0372387054859363,0.507816960428831,0.00567423324773446,0.69307955479746,0.0375703099863699,0.514773114049771,0.0101812392503791,0.786078702382286,0.105646105356642,0.510308854469677,0.00695357184308466
138,50.5,29.011491975882,0.670160646864978,0.0479461111067919,0.502564178995449,0.00258840290108268,0.656578668916665,0.0312631726647312,0.513683993380518,0.0124912742269174,0.78389312256223,0.113229256025876,0.520152300712922,0.0137801393076016,0.633555457893399,0.0368038992959722,0.506666565631057,0.00439076690312846,0.693304242470764,0.0377062363178683,0.51579013621784,0.0107085460398327,0.784436450788498,0.105870996366421,0.510398505627664,0.00628705908811414
139,50.5,29.011491975882,0.671295761439994,0.0468444229674777,0.502440042640199,0.00242036400568176,0.655304896553518,0.0312116403479321,0.512651370776315,0.013312369275371,0.783436184620498,0.114679019347609,0.52062497639396,0.0163689100392136,0.633390480535263,0.0363207174919833,0.506939428961536,0.00519461244007366,0.692456368324641,0.0378034000389535,0.516011581057648,0.00948716330796038,0.782833354901387,0.105796194248113,0.510888588426525,0.00680831575767572
140,50.5,29.011491975882,0.671816933114077,0.046042486996689,0.502864069137908,0.00316454565585036,0.654836188007197,0.0319643389038845,0.512672740654854,0.013511853681002,0.784631119944475,0.112512586265186,0.518734677150504,0.0143120131965723,0.634120384932441,0.0359255512473494,0.507231254528075,0.00488449664225177,0.691390957010177,0.0383568899150118,0.514457848136966,0.00945019295694258,0.783380832054751,0.107000816819981,0.511218043734978,0.00698307749564359
141,50.5,29.011491975882,0.67299476715943,0.0454319514048418,0.502676300367125,0.00286029744981311,0.654618640341381,0.033179944141727,0.512762048942661,0.01323184068184,0.783195209828576,0.111998998773558,0.519504692771717,0.0146299204883049,0.635189575660193,0.0355614623838686,0.506396879782779,0.00433187121326954,0.691929689526638,0.0393605018669511,0.514508604823163,0.00937863334529622,0.78392144535963,0.107960631295629,0.511156495556539,0.00681890302523054
142,50.5,29.011491975882,0.673437661911932,0.0449018693048104,0.502164504288196,0.00219017114713445,0.654302825788415,0.0349497224742434,0.512977254045675,0.0126616559599238,0.783228399662045,0.110755160725351,0.518902487710864,0.0137181723074617,0.634902224058205,0.0352381074643725,0.507255592945472,0.00515189357069049,0.691029508464186,0.0406522580660203,0.514479321790883,0.0111134839593102,0.782924664350443,0.109240079352757,0.511475760357424,0.00711543169562546
143,50.5,29.011491975882,0.673312313220802,0.0444794335243576,0.502374006144251,0.00282123853004985,0.652836015070367,0.0347579460852633,0.512203141051484,0.0123419391657234,0.786072329636743,0.111536018464251,0.517956775072509,0.0118714720327477,0.63508409432177,0.0358436251063459,0.507285451745756,0.00568960184223581,0.689551413399809,0.0412478169171358,0.515483160107649,0.0107046901175423,0.783356576166839,0.110212879346518,0.511365623706417,0.00662984652845514
144,50.5,29.011491975882,0.674051461670546,0.0449363737307963,0.50235610201709,0.00279479513097997,0.652094360637428,0.035032443251098,0.51203011116896,0.012866749298949,0.787297064369488,0.113124539801931,0.518343334423749,0.0127225147916666,0.635115986800471,0.0369759268351711,0.506758140490941,0.00482655533405704,0.689427433635092,0.0427373451855446,0.515107027726048,0.0110496709751195,0.785782041018142,0.112422960230685,0.510838999955744,0.0067067643946718
145,50.5,29.011491975882,0.674459036092725,0.0454952089808702,0.50249190841442,0.00289845729350873,0.651500491526223,0.034935027006876,0.511555941497248,0.0124175620515981,0.789755861712943,0.112444684796607,0.518205827975333,0.0132931781990333,0.635485117412223,0.0372962441710682,0.506493646688216,0.00411115249475899,0.689017934008283,0.0433306391193455,0.514381390833499,0.0112239842361424,0.788059206842635,0.112025360709499,0.511012368956478,0.00656142678321966
146,50.5,29.011491975882,0.674067962639443,0.0467308936043876,0.50228906111779,0.00228694844146957,0.651567601956677,0.0350620081296056,0.511856234516183,0.0135379220218114,0.794648181275646,0.111805271324784,0.51699567560233,0.0110308700361469,0.635600599840296,0.037529068664311,0.506973855929294,0.00458787882787166,0.68838078567503,0.0424190415716928,0.513319694618021,0.0102024978781453,0.790639995522477,0.109563678026124,0.510798155502349,0.00612602750978956
147,50.5,29.011491975882,0.67416038968463,0.047335666697467,0.502605450475276,0.00299312530003298,0.650536335203473,0.0347232448087167,0.51168666328399,0.0130342273771684,0.796908704756293,0.108388001939249,0.516907731665844,0.00983112293999804,0.636242520989548,0.037882965489914,0.506816877454264,0.00434117768596064,0.686979321265509,0.0420814246460177,0.512521413952202,0.00936687080436959,0.791865928419524,0.107187456284536,0.510665561161928,0.00642644015066497
148,50.5,29.011491975882,0.674289335893615,0.0473102002818498,0.50291444765088,0.00317816496361054,0.650002659453214,0.0350256110084618,0.511294352985883,0.0120222201216475,0.799479061152274,0.105966943068324,0.517038194135079,0.0112020415182641,0.636933347487417,0.037386801788486,0.506947068650489,0.00401175091025656,0.686057605479742,0.0427443854807925,0.512439825681948,0.00826073893337832,0.793447679328661,0.104407092860888,0.511118987383762,0.00729947380027176
149,50.5,29.011491975882,0.674413981382487,0.0466687760472923,0.502270425797577,0.00285352780465489,0.650047146968185,0.0363160733945795,0.5119653287141,0.0126210125841958,0.797484745139993,0.104099305023944,0.52068664346994,0.0135335872615082,0.636704929293336,0.0355721483891872,0.507718833826085,0.00553181690564157,0.685903540618897,0.0434387376359733,0.514003583724699,0.0102881416666672,0.794183947734422,0.102032982707442,0.510452225242967,0.00577354866661807
150,50.5,29.011491975882,0.673755564712408,0.0451846934372505,0.50315044444891,0.00330747173368,0.649916400516477,0.0367248597808268,0.512090881908051,0.0130755112957169,0.801560557335315,0.102367069230948,0.51803367430829,0.01215006854619,0.637128533853832,0.0342543997489054,0.507118691425147,0.00461011723494876,0.685722996643159,0.0444458038526833,0.513889592902738,0.00999563226104259,0.796206573105148,0.101877288535265,0.510894609540366,0.00637713357499402
151,50.5,29.011491975882,0.675062857806032,0.0442562240941976,0.502242345071776,0.00219575510148766,0.648791623970516,0.0373593782916149,0.513057710374839,0.0129280709066326,0.801473788205829,0.0996264547359028,0.519364398219108,0.0148970168235301,0.637700592015047,0.0331583070602404,0.507258991542158,0.00511916898789901,0.683409094361991,0.0455796993651001,0.513042719555955,0.00977447587830235,0.800751569398645,0.100822184240433,0.510239838313089,0.00547818835666123
152,50.5,29.011491975882,0.674710479002761,0.0426695144141105,0.503545713797834,0.00361887166292453,0.647113855134812,0.0388927464524238,0.511967375829214,0.0119662360762424,0.80241283553,0.0958216060938677,0.519988520510525,0.015941007934579,0.638168057353421,0.0321415520753636,0.506603926134901,0.0038813914975128,0.681981869016749,0.0480216075503555,0.513457917661453,0.00975191858119065,0.803486862009848,0.0960841547058511,0.5112272443804,0.00707671448927127
153,50.5,29.011491975882,0.674467002168588,0.0420283285081858,0.503503804414977,0.00389631621310353,0.647396119647686,0.0407835583545448,0.514338042582146,0.012129614833461,0.804900683528234,0.0915028787260807,0.519075720228744,0.0134565884387675,0.638415727160261,0.0322977533154514,0.50696011839727,0.00440980107075663,0.681183279177495,0.0506007770832688,0.514032402928907,0.00980125679601657,0.806854641176049,0.094023013730702,0.510563577148649,0.0061547253849386
154,50.5,29.011491975882,0.673987786855493,0.0420581144607616,0.502891244622243,0.00317789679821905,0.646888930645561,0.0421852066472205,0.514317398416937,0.0127704109425773,0.807232497729927,0.0880307381881625,0.519573690635784,0.0133342229318942,0.637497321940924,0.0325295456386196,0.507553284981182,0.0044007435883978,0.679902661996567,0.0527883965865126,0.515306088525294,0.011083797530465,0.808158420728147,0.0905742254888096,0.510851652412287,0.00668582514398584
155,50.5,29.011491975882,0.673171848299628,0.0419038442880745,0.50325046698973,0.00445133467817697,0.646152241853466,0.0447359317389567,0.514148571556931,0.0137827032903299,0.805150029461991,0.085789624146043,0.520226737783204,0.0148675013626847,0.637950220304228,0.0323318389415661,0.507878353292348,0.00611479736400964,0.678156328829445,0.0562269038533734,0.514591058492786,0.00847482527037672,0.809537554115655,0.086926939736324,0.51169370971923,0.007681668621554
156,50.5,29.011491975882,0.673051252056012,0.0418949128244422,0.503125130318063,0.00334551085680069,0.645363627967858,0.0469336020221597,0.514494908794549,0.0140847872605408,0.802755585203586,0.084278504253223,0.519489897664731,0.0115327753803303,0.638416964242311,0.0326875373172296,0.507020394862015,0.00405924369627095,0.677884769839412,0.0588892742705069,0.514427155270095,0.0100102710857129,0.80778333548858,0.08573385978732,0.510732205827242,0.0067501853336816
157,50.5,29.011491975882,0.673676901271448,0.0414528336548676,0.503099618456738,0.00363805886116104,0.644852192476783,0.0484228842215879,0.514392971024512,0.0132004429046649,0.799284357769381,0.0848677034957847,0.519993940520728,0.0136936736530537,0.638247773380184,0.0326854041834238,0.507428968412392,0.00509865943453038,0.676125916079345,0.0606157728932302,0.512919817521949,0.00840224679216577,0.804887307152302,0.0852580149027644,0.5106840507626,0.00821352669993821
158,50.5,29.011491975882,0.673302330872199,0.0409890087063495,0.503660698956595,0.00371106626745083,0.644066205278558,0.0498713200861523,0.516196094574394,0.0133966446685374,0.798009508546255,0.0851429081413334,0.519639656121399,0.0133771572924853,0.638622795198192,0.0327544920655966,0.506903266429411,0.00443353238498561,0.675870004521423,0.0628669598978375,0.512697274488428,0.00842691245479679,0.802880525398998,0.0869763225605671,0.510899997623887,0.00807886105847962
159,50.5,29.011491975882,0.674372264478685,0.0400145902944934,0.503627656150645,0.00379671572511662,0.643693392866298,0.0509172978089068,0.514508248079015,0.0136701774668576,0.796724329279738,0.0852666401008246,0.521069300839277,0.0162426092365649,0.63796193042865,0.0321165954071921,0.507405152862011,0.00460540044628975,0.675254781758308,0.0640645276331323,0.513852437795485,0.00892808289247533,0.800696710637015,0.0876792503296149,0.510310604879528,0.00690550476160851
160,50.5,29.011491975882,0.674945231694686,0.039378991045457,0.502765631809389,0.00281044717822598,0.643387580349895,0.051144614042332,0.516536012788527,0.0149733724476684,0.79905241312393,0.0843618327336041,0.520300294249838,0.0167237904263581,0.638424113706423,0.0316649196734582,0.507518662620144,0.0052791717918251,0.67475525586117,0.0647643710693726,0.512525770722706,0.00810749513054107,0.802570841021236,0.0882299865274978,0.510906665080671,0.00749157277861624
161,50.5,29.011491975882,0.675469326338267,0.0387736852462044,0.502700131323488,0.0027619326237805,0.643567862272882,0.0508146698585261,0.516304328120243,0.0139129874490279,0.799931324644672,0.0839598511620574,0.519514477108632,0.0140796247937351,0.638570647854082,0.031149347077747,0.506728315692639,0.00382709369796557,0.675320176095593,0.0647418904839988,0.513240108344162,0.00904769196189929,0.802567662299098,0.0877967656383802,0.510929674172943,0.0069327867320051
162,50.5,29.011491975882,0.676689076878999,0.0379350911206389,0.50269184218765,0.0028492487252126,0.644154590990846,0.0508188378326056,0.515164209647339,0.0134790246275021,0.802094678235826,0.0826135616893175,0.519720944157206,0.0141727735196051,0.638965621177106,0.0310878938850281,0.506704755760849,0.00423074269713723,0.676191073322126,0.0648944613394917,0.512712669133618,0.00852228518106694,0.804037009548294,0.0873037111006591,0.510546725688435,0.00643839097032653
163,50.5,29.011491975882,0.676893299466463,0.0372008758833385,0.503177157849387,0.00345947998602085,0.644579143670491,0.0501020950657269,0.516229601943348,0.0151818018045543,0.803163446664475,0.0812329727464937,0.520377806999789,0.0141564646042352,0.638952977591739,0.0304407546183497,0.507039746634764,0.00407200043118927,0.676117597459689,0.0637130873045375,0.512888409055259,0.00838081954436278,0.80542443058895,0.0860799815277883,0.510092118905825,0.00620076357786377
164,50.5,29.011491975882,0.677778794872914,0.0366947437764282,0.502577094390324,0.00260135828424312,0.645044399056308,0.0494811570226798,0.515449603377334,0.0132802025156018,0.804365942299245,0.0796224139605433,0.520333180150137,0.0143124364495061,0.63882770233287,0.0299066780691205,0.50743273614966,0.00425970764378999,0.67678980964105,0.0628046033152714,0.513117503675729,0.00839167612491191,0.804410382756037,0.0853741606119615,0.510332961624889,0.00574929744262551
165,50.5,29.011491975882,0.678762450850029,0.0357872787505035,0.502555664079497,0.00235369665992233,0.646504161920184,0.0485017387179779,0.515615764665346,0.0128549981788411,0.805869627478696,0.0799280247979549,0.520063738613451,0.0131273803242809,0.63935937715628,0.0294906281364346,0.506915833299461,0.0038228364584873,0.678438078309428,0.0612113143737742,0.513073009324971,0.00845614033142369,0.805527300877155,0.0848562969355106,0.50997036078169,0.00574138644913859
166,50.5,29.011491975882,0.67910655756698,0.0358026175810199,0.502568710406649,0.00272894455175414,0.647700030720071,0.0473686303626625,0.515508115758357,0.01285428666613,0.809286459896468,0.0779114761653667,0.519733090491598,0.0127057314496262,0.639678680986309,0.0302765044741035,0.507540032862058,0.00508786430929339,0.679610068148583,0.0592227796900943,0.51225028693055,0.00806135242307575,0.806033056523401,0.0833849315828714,0.510640142317501,0.00650379888322641
167,50.5,29.011491975882,0.677851140810944,0.0355881862936306,0.502645575949413,0.0024860676618847,0.648315484302465,0.0462893464977584,0.515333412761008,0.0123682326594146,0.811834238786688,0.0786691750012215,0.51870835253629,0.0126546507299879,0.638893945663551,0.0299477152094736,0.507684915482971,0.00449907889761963,0.67993312862126,0.0571659830241742,0.512175678263354,0.00848172084651749,0.807251692388293,0.0825946769473781,0.510135389068248,0.00597987194569491
168,50.5,29.011491975882,0.676707326247825,0.0363635503278552,0.503305708236829,0.00331172791090311,0.64846063251669,0.0454030932706653,0.514643399756783,0.0133146280637524,0.812105001181561,0.0804565274373916,0.519766968028713,0.0144167368928081,0.638326225991649,0.0311875516033819,0.506862084746659,0.00409552607834515,0.680678790923705,0.0570396902961971,0.513250462934378,0.00947352751418304,0.8074743193944,0.0801082594856092,0.510295944528746,0.006031170537854
169,50.5,29.011491975882,0.676842496205971,0.0383452029840772,0.502987513337254,0.00292291060290248,0.648135140021422,0.0452992894991294,0.513812238008985,0.0120897288346642,0.816011996274255,0.0782520844939621,0.519857973316133,0.0134325790071464,0.637685843465194,0.0323652885825202,0.507770863990111,0.0049988315909131,0.679757621546207,0.0568941088878171,0.512212177709083,0.00829382895368,0.808221726306517,0.0786871309709224,0.51056245626875,0.00630310767390753
170,50.5,29.011491975882,0.676114597262077,0.0403273300408466,0.503489950718785,0.00401769353869135,0.647558294883089,0.0457194388987792,0.513099579234056,0.0121073666735349,0.815199211550609,0.0762836710052958,0.520415251542784,0.0142826955819168,0.636910828611277,0.0338069735166094,0.507164972145367,0.00454690055634103,0.679278725199192,0.0572883175367991,0.514747570365292,0.00994010842268187,0.807791001822277,0.0777720150089684,0.51031935865286,0.00589278564137333
171,50.5,29.011491975882,0.675904456462296,0.0416998750740553,0.50325592885332,0.00424017666115644,0.64763391497358,0.0461435707585139,0.51337394009026,0.0131104561715113,0.815618980142105,0.0768623023635531,0.521055431367048,0.0154671166685087,0.637061764103454,0.0351674434409132,0.50706953902819,0.00456038100197328,0.679675817941796,0.058006926643124,0.513668773469546,0.00912656155196885,0.809187616388222,0.074906009165373,0.51059994364767,0.00584539521759513
172,50.5,29.011491975882,0.676041268975094,0.0424787833697655,0.50316237523418,0.00338894139760224,0.64795123475948,0.0460596166191773,0.513786518460016,0.0136256896541262,0.816104045931669,0.0788110067620417,0.520813632983015,0.0148951309125344,0.636596860533167,0.0362007874902226,0.507377090255626,0.0040546040974822,0.68062376303629,0.0580418356020032,0.514727579882733,0.00977884267265612,0.80888577070026,0.0758939856022286,0.510596900365691,0.00564431181197053
173,50.5,29.011491975882,0.675968027637379,0.0435204367248734,0.502536564276365,0.00258733052478134,0.647522538955762,0.0461371708692529,0.514390845159016,0.0133613714869201,0.816309888174517,0.0797038473770275,0.521175167938424,0.014844854611384,0.636487105767349,0.0367648526128605,0.507107647195847,0.00411688535432607,0.679529674288308,0.0580518769575235,0.513333870268377,0.0088826170686354,0.810246063616655,0.0750481016617953,0.510559897136154,0.00554285342790971
174,50.5,29.011491975882,0.675998482877372,0.0444211715426031,0.502485546138802,0.00259344868230245,0.647412184838375,0.0454301213110088,0.514161285995736,0.0134298687528633,0.816751858659421,0.0816518458282968,0.520218011308922,0.0132828116773732,0.636706210109739,0.0371903136619137,0.507096345281308,0.00466193921798463,0.679329904632302,0.0570277953042298,0.514122979040844,0.00926487946129946,0.810907544710233,0.0759177161420643,0.510394748445638,0.00585531929211537
175,50.5,29.011491975882,0.675591925194307,0.0444910913690519,0.503643755114093,0.0037002752728424,0.646940391027418,0.0439930947633893,0.514123606508424,0.0133950085751268,0.813678758316164,0.0823922858362661,0.520038158878003,0.0122760577845217,0.637116513264624,0.0371134132513777,0.507307593293463,0.00574083163896572,0.67899209479987,0.0557947814077881,0.514307086342571,0.00821083970805942,0.809468609993087,0.0765680552732932,0.510016679674598,0.00571578051294517
176,50.5,29.011491975882,0.675486766428504,0.0453588787540885,0.50265411562654,0.00263979276251226,0.648087323093087,0.0426568857804504,0.514724761759259,0.012101938187116,0.813013013255257,0.082277896279068,0.521409802847223,0.0135109851732026,0.636751801560198,0.0377260864123291,0.507690709237535,0.00534235113021101,0.67913404059963,0.0541658375410212,0.514028026029643,0.00874257948882387,0.809183572722001,0.0763418744359152,0.510653909106706,0.00659317246964818
177,50.5,29.011491975882,0.67465627530918,0.045887143667978,0.502970207627121,0.0034018958479813,0.64856801102832,0.0406137388440966,0.514024133734019,0.0118062541458061,0.810224175266585,0.0811056676711868,0.520908224549463,0.0130249519231788,0.636935073375656,0.0377945223481497,0.506965705451512,0.0042351658987657,0.679743706082742,0.0521934170331768,0.513511104560658,0.00873233053797157,0.807562640241985,0.0786344525086201,0.510923835711201,0.00644743961776745
178,50.5,29.011491975882,0.674041169804403,0.0467337111435057,0.502813777684424,0.00290457580935738,0.649192197903972,0.038429250365264,0.514518237953837,0.0127283701906715,0.810100446078525,0.0855228272459428,0.520440183842029,0.0143293182789976,0.636472572920843,0.0381994401148141,0.506912497140717,0.00469252956564112,0.680052016248243,0.0507058195331475,0.514073772235286,0.00921352490711165,0.806225644371766,0.080666693172187,0.510491370259111,0.00601255953382479
179,50.5,29.011491975882,0.673506011449384,0.0477880354629419,0.502870381329148,0.00347804567821545,0.649679908680093,0.0376552428881562,0.512573239043334,0.0129658809645675,0.807424476151187,0.0863943643719535,0.519788048166529,0.0124744973434858,0.636347994649778,0.037974957617995,0.506283070431516,0.00410611513604122,0.681325784398184,0.0495500607493883,0.515453282403602,0.0109483971067311,0.802390976166573,0.0855207027810004,0.511419763877145,0.00741930731198545
180,50.5,29.011491975882,0.672693431975321,0.0489007223023203,0.502655590329157,0.00307885214259169,0.649533688061357,0.0381983121070986,0.514287738438908,0.0131735509221808,0.805198707136629,0.0939742813048876,0.519492558464926,0.0123660466416933,0.63639853148945,0.0375112335007664,0.507393997158111,0.00538592289400262,0.681072510092047,0.0496679097112314,0.513637433251268,0.00995283307526703,0.803276183778229,0.0903004571747624,0.510047413341996,0.0063360972748396
181,50.5,29.011491975882,0.672145940161464,0.0499846573783448,0.502515228545781,0.00253130578963626,0.649515498646981,0.0388702326481506,0.51386138785705,0.0136686651227899,0.804301248577886,0.0971763839001638,0.519629954668936,0.0125407564809449,0.636566538662922,0.037732791284687,0.507254968805781,0.00561402955988802,0.681546619558252,0.0505823221753562,0.514273925802027,0.0102373006206098,0.801847816586894,0.0953487249212585,0.510895860681955,0.00593420092310849
182,50.5,29.011491975882,0.671459237064996,0.049928001495884,0.50255854122177,0.00328245869480088,0.649074210314234,0.0388169995123684,0.514923171530203,0.0132461692372952,0.801938037575731,0.0993204495579023,0.519780447151572,0.0111592768866803,0.636606654132073,0.0374518606557075,0.506748949196539,0.00490853685666425,0.682462701690807,0.0514486669219975,0.514488186617092,0.00906454778791523,0.802243486936751,0.097154845756491,0.510660949310626,0.00639593604230119
183,50.5,29.011491975882,0.67121438377545,0.0509990103061448,0.502853515225808,0.0030488201354714,0.649061638652872,0.0389338652580191,0.515363242305725,0.0128655215216889,0.799967552055445,0.100425418117518,0.521763045138939,0.0155927273363589,0.636218610999566,0.0374757127823988,0.506558782103445,0.00456357341251259,0.683346077729928,0.0517138999379797,0.513710134653917,0.00941424336768276,0.80203932972414,0.0992970185679735,0.510251192392637,0.00667195310346097
184,50.5,29.011491975882,0.671176353015928,0.0517697569060002,0.502624011542371,0.00250337156776406,0.649544884756869,0.0387826695050467,0.514778251505147,0.0120022548512275,0.802365135833403,0.100828261899933,0.519421415736342,0.0117289600246609,0.636289553109847,0.0375621082268961,0.506997709683045,0.00453033723287341,0.683987611683653,0.05111280479285,0.513398264583853,0.00949054531221546,0.802201004851754,0.0989095132708843,0.510413365891396,0.00599238914851604
185,50.5,29.011491975882,0.670072235968503,0.05439277683769,0.502771087615187,0.00263562011863214,0.649671202502336,0.0388646046915014,0.513861168626416,0.0120236945158936,0.801504702381693,0.103841901791233,0.519374640376014,0.0123544041324994,0.635575399899167,0.0396710048166545,0.505972656339129,0.00406956850437991,0.685087766799713,0.0514356688777585,0.513871660619579,0.00947214530508065,0.80139870753215,0.0993463572330425,0.510565821898652,0.00598872395140968
186,50.5,29.011491975882,0.668663817106114,0.056542689095334,0.502923560025057,0.00325706090993982,0.649227213830836,0.0392416404398154,0.513826455674199,0.0119648968959859,0.799428694254008,0.104018215454407,0.520623329394111,0.0118241977551977,0.634289553912411,0.0412871556365879,0.506544230097834,0.00422549802145912,0.6856237487203,0.0514537067153233,0.512988931900966,0.00960001310935474,0.800898368310436,0.100118342491793,0.510055408707783,0.00576453158087506
187,50.5,29.011491975882,0.667487765632656,0.058537399903042,0.502703846967791,0.00280720364201723,0.648811722098388,0.0410481430382883,0.514398453653674,0.0127526177929835,0.79915648566468,0.103964345082158,0.520798235597844,0.0130015423279593,0.632984017565469,0.0424505929136992,0.506462944681846,0.00436053372583638,0.685421253293104,0.0528668702905887,0.514480516415432,0.0102585668818848,0.799878362970612,0.101198246045724,0.510998155824889,0.00695801826504407
188,50.5,29.011491975882,0.666051233150821,0.0601741997416705,0.502556604848621,0.00291103086579201,0.648333552198739,0.0428218794292373,0.513471528139203,0.01263228044041,0.79988746869544,0.103006840009095,0.522428049444165,0.0134791224223925,0.632358847494518,0.0443875678385137,0.506563233147119,0.00424267254005514,0.685232455983,0.0538245739162732,0.512004060388808,0.00884427916954987,0.803636152325334,0.0999272386402392,0.511253182930594,0.0065378536974996
189,50.5,29.011491975882,0.665225564556752,0.0612899639932045,0.502683672713654,0.00298316416926303,0.648162877763317,0.0440353227826214,0.514930036608243,0.0136999641041081,0.800500624555259,0.100188835611883,0.521767845971483,0.0131780458008711,0.630788417314012,0.045666037401952,0.506687434516395,0.00513476603605944,0.685851881996491,0.054227371849394,0.513644829027674,0.00934191322125393,0.80279378439085,0.0977972548822934,0.510717551149367,0.00553158395846239
190,50.5,29.011491975882,0.663542948972128,0.0617157013960108,0.50281106638436,0.00313638867384066,0.647148240031204,0.0439599833611291,0.513563718510518,0.012685981930898,0.800982999071424,0.0990004528554986,0.521287757456087,0.0120803341040663,0.629641808085015,0.0464731635388241,0.506030929580424,0.00394945272710266,0.685572130239829,0.0545123398919015,0.513802883536466,0.00989959231840035,0.802556317427423,0.0979638746921516,0.510665239341602,0.00563573660657972
191,50.5,29.011491975882,0.662896657977744,0.0628295512601074,0.502661695572765,0.00292058294521114,0.646247534551209,0.04386011677825,0.513466656032432,0.0127034695383183,0.801744219018462,0.0993015612032554,0.520250400743715,0.0116277990536853,0.629040144356971,0.0483543385770102,0.506032356532631,0.00456528189013785,0.685161779103309,0.0545143161617949,0.513375869927241,0.0107221273092419,0.801324411425122,0.0960652916269872,0.510363528296881,0.0056259787837503
192,50.5,29.011491975882,0.663030998351416,0.0635379731786901,0.502424317507154,0.0028602976752922,0.64600815084319,0.0438326351045202,0.513916890934521,0.0130132097032254,0.800656576842455,0.0995007888815094,0.520373411440565,0.0112558452183217,0.629343904293765,0.0495851106835571,0.505709298200135,0.00341049025364471,0.684850394730776,0.0546856562297232,0.513303323963316,0.00915816950068304,0.80162818679165,0.0969681721268278,0.510289971108761,0.0054134459658721
193,50.5,29.011491975882,0.663099726865386,0.0635069808009733,0.502654957648772,0.00343001686084631,0.645991259883721,0.0433496287924944,0.515667978568833,0.0139222646580807,0.798381003358745,0.100894148920691,0.519751175762674,0.0109023993537398,0.629387648833609,0.0493785075168845,0.507025723883974,0.00529191828420948,0.683755995354342,0.0543329236636522,0.514036761033692,0.0101228990811209,0.80013706038474,0.0983529238806966,0.509898308410679,0.00507883324518313
194,50.5,29.011491975882,0.663924181541006,0.0627877753049202,0.503117088541405,0.00373754450974712,0.645705706969941,0.0427199263576181,0.515214606898438,0.013071464843202,0.796674371154415,0.0988612876963384,0.520640630943469,0.0130266965529427,0.63015859190447,0.0490678881411101,0.506584166440755,0.00459417426394775,0.683673382900606,0.0541700021832495,0.512983041338065,0.00996960528032935,0.799856654333621,0.0980821326019416,0.509937588153082,0.00596444873698757
195,50.5,29.011491975882,0.66548011521015,0.0627752996233742,0.502276577968352,0.00237671231825332,0.646996312603264,0.0417291533864759,0.515683265929616,0.0137923545708537,0.796709563955334,0.0983603150911752,0.520034666012441,0.0112861907014558,0.631250865273574,0.0489213137175434,0.506864323595556,0.0048444910432961,0.683437395113001,0.0525237070559725,0.511488539380179,0.0084006511481991,0.800345749379786,0.0968475278785923,0.510388350524086,0.00612855425685239
196,50.5,29.011491975882,0.666662155830494,0.0622309318550277,0.502359366526969,0.00317157812376127,0.648092248749537,0.040333138329348,0.515603708092824,0.0133586546407645,0.795955405647795,0.0961308609874444,0.52143059131638,0.0136309819081982,0.632156617617201,0.0479939001646444,0.506484365845422,0.00474492914915853,0.684467185300477,0.0508069872884003,0.512766027770098,0.00979686653638278,0.79870436658972,0.0946713289408645,0.510444392720353,0.00551381863716842
197,50.5,29.011491975882,0.667858307137196,0.0607111907360449,0.502462569084052,0.00324579790147739,0.649199747145056,0.0385432880840946,0.515766289960985,0.013512640241887,0.795031892611748,0.0945208826919226,0.520952028716617,0.0129620610966133,0.632962659012261,0.0469875119298643,0.506208272928006,0.00451914411576052,0.685185307566855,0.0489703186032184,0.51363791075448,0.00961703894567559,0.79774211983571,0.0923780946386914,0.510377340067562,0.00523176871130703
198,50.5,29.011491975882,0.668689838170131,0.0599541160160162,0.503008479241877,0.00414251923935411,0.649456792962814,0.0369750582977946,0.514814825656678,0.0138316179718076,0.793820747198316,0.094667917248954,0.521385808964209,0.0124937733864582,0.633282158639495,0.0461157331526171,0.506536543295795,0.00471443842295932,0.685668821452467,0.046779829402945,0.513295830182459,0.0095915754200532,0.797589354362611,0.0919080879784927,0.510154664750246,0.00599808634351155
199,50.5,29.011491975882,0.669257121899172,0.0596387706774337,0.502930438076635,0.00359832066107466,0.650173572913916,0.0365607206845417,0.513722289951032,0.0134529149736551,0.795715643690025,0.095936587673657,0.522601221014805,0.0147833758828922,0.63363610310205,0.0463399581218327,0.506089301157643,0.00440233735841461,0.686129213133818,0.0455997065797067,0.51358572055592,0.0103258446905186,0.797339810912253,0.0915727734265669,0.510127377674952,0.0056939895534184
200,50.5,29.011491975882,0.669846033128986,0.0584916493307762,0.503069563523685,0.00328391606707842,0.650626896400567,0.0365486108213355,0.513882300358696,0.0138181202292788,0.796813551497458,0.0969255274089113,0.523285466320417,0.0145276895175703,0.633622312025545,0.0455034702569659,0.506460264986987,0.00433150393478155,0.686771587482279,0.0455172848177745,0.513603560598472,0.00952903975733632,0.797116516542675,0.0919556009862854,0.510809946254257,0.00643704150800106
201,50.5,29.011491975882,0.670585711709341,0.056792811103425,0.502674165268908,0.00318806110946358,0.650012168717336,0.0371078708992992,0.513407960627447,0.0129030858600884,0.799236372406622,0.0973094866690606,0.520369973645628,0.0143766782667376,0.633581298160387,0.044503812945791,0.505380641858764,0.00349667315340587,0.686509897576508,0.0463518642907111,0.513709249596884,0.0101396199033772,0.796724751229321,0.090071207877711,0.510261837068751,0.00644181938883328
202,50.5,29.011491975882,0.671314462376593,0.0553563418071034,0.502264083051773,0.00233371286105834,0.649062484611242,0.037475824552399,0.513889228399791,0.0131140849020412,0.800830632318458,0.0965501220536467,0.519332108005288,0.0142869846639118,0.633544605728471,0.0433456801516039,0.505751405399549,0.00451986800760694,0.685413844235181,0.046871282268698,0.51276457481389,0.00872391686422286,0.796738178598457,0.0897455027394121,0.509186972754195,0.00580280541997113
203,50.5,29.011491975882,0.671219225774816,0.0544127396309491,0.502240659982634,0.00234930826911874,0.648253591146837,0.0379365659400545,0.513803968346197,0.012773473353883,0.801413049092636,0.0958082016226986,0.519440797554256,0.0153810929349984,0.633057592176516,0.0418787172374718,0.504739148981316,0.00376597882484625,0.68533303725951,0.0477307119083265,0.513472503825421,0.00983342995419675,0.797122511366883,0.0881589786734146,0.508325084046235,0.00582356653232096
204,50.5,29.011491975882,0.668450832928759,0.0532306113344238,0.502495072264532,0.00307600112023589,0.648187150322675,0.037900506663022,0.51418919969656,0.0131948867183036,0.805213481022794,0.092626370458709,0.516878627375753,0.0123334080130687,0.631325998620318,0.0410791845457953,0.504592056918118,0.00400823757686465,0.684826718459428,0.0478507761596609,0.512758173076593,0.00926891918663902,0.797534892064313,0.0871813212843248,0.507726449290881,0.00615200167441746
205,50.5,29.011491975882,0.667285064104465,0.0534382485218522,0.502283186838667,0.00270379513389477,0.647548923631077,0.0375165820564568,0.514450558713335,0.0132015211007684,0.806297937053008,0.0922377180068456,0.516499781296811,0.0130228848237401,0.6301169417563,0.0401525304342814,0.505399436072184,0.00438713849208404,0.684326190942115,0.0477450451104589,0.513642011305103,0.0109688712213855,0.795670390527055,0.0869655192560798,0.507381298339979,0.00643376988614439
206,50.5,29.011491975882,0.666313621021501,0.0527060347835611,0.502471793435211,0.00311515929291715,0.64736799237065,0.0368035384078947,0.514332701953657,0.014102492557145,0.806379042553994,0.0897471863886366,0.516177201890406,0.0119036298454314,0.630154645140873,0.0396445676264112,0.504349014808675,0.00423597848344607,0.683950317876319,0.0466278218027766,0.512421713168976,0.00882943909619371,0.798702041981044,0.0845835516556969,0.506488197701623,0.00658653538233578
207,50.5,29.011491975882,0.666625713918867,0.0517172361763347,0.501685183028436,0.0019809793608293,0.647932197668556,0.0356786552439353,0.516139866413283,0.0143835085980107,0.809050167476896,0.0862869466409454,0.514476016610914,0.0117039554256339,0.630706874238062,0.0387921023827283,0.503562229265392,0.00337596953902842,0.68354665081687,0.0451691833616652,0.511430099348066,0.00790497685435071,0.801585442646831,0.0804352710914599,0.505802400716405,0.00653280136273558
208,50.5,29.011491975882,0.667168275022858,0.0505670451504851,0.502963982876826,0.00369716975402131,0.646402821058933,0.0346167560364313,0.513728574154242,0.0136868030402592,0.810828921284483,0.0826099590360943,0.514519317363062,0.0116231722632103,0.630599415781342,0.0380712315204661,0.504367155501591,0.00464112222576671,0.681302415668892,0.0438159713588263,0.512208377844848,0.00761690196800391,0.803697392286063,0.0746564447044296,0.50589510991146,0.00606107078329759
209,50.5,29.011491975882,0.668019507583261,0.0493132528475985,0.501924942157918,0.0026775014039118,0.64605055516604,0.0346825137066893,0.516357592203711,0.0147649954056749,0.813602947278365,0.0780457205178726,0.513416950642362,0.0117512645508975,0.631198283545655,0.0370611552778099,0.504111332432192,0.0040533686323809,0.680409572568745,0.0439271044380912,0.513423063330549,0.00966409062374068,0.803262266930173,0.0714866837672731,0.50585978220941,0.00831446211480959
210,50.5,29.011491975882,0.668979194084098,0.0480024385049563,0.502263939967357,0.00344845688039614,0.644375055163241,0.0347954694111291,0.514491806868744,0.0141206411977186,0.815548683347728,0.0777011793509623,0.511982139270631,0.0138557430057043,0.631410528540521,0.0356822451376468,0.504555175838595,0.00452460886415596,0.678067046256092,0.0453500188424239,0.512106194725119,0.00789064111210006,0.808855861361894,0.0683201872540103,0.504914977672455,0.00608333828471731
211,50.5,29.011491975882,0.669913772688745,0.0460155008390399,0.502582215871664,0.00376989591562672,0.642278779923122,0.0360008071225687,0.514660544214601,0.0142965526055328,0.817473671178609,0.0747749994250575,0.51070026458617,0.012322320967871,0.631413050472569,0.0339220406359761,0.503678824289511,0.00354490853507115,0.676803117817977,0.0473651039496402,0.513079190127082,0.00943542129595404,0.809282858482523,0.0656441302903865,0.504367439095554,0.00683649102727013
212,50.5,29.011491975882,0.670806265775333,0.044603360784133,0.502036092893514,0.00296518697934889,0.64121729420176,0.0378598874813841,0.516016560271541,0.0151000762503689,0.818695425878793,0.0718473383961545,0.508443633382991,0.011994648373786,0.631869164196759,0.0326571262432313,0.503920746767145,0.00466162936721316,0.67569347119189,0.0493972951804806,0.512954160646601,0.00904678728345977,0.809459210823987,0.0651756084658905,0.504377473512656,0.00679535841567881
213,50.5,29.011491975882,0.671733535437555,0.0431297911831892,0.501532586325638,0.00201228249797081,0.641269287135313,0.0382636247633742,0.515173697399771,0.0145426163940238,0.818259098142602,0.0705246646278892,0.507333520508465,0.0132246331414604,0.632106973177315,0.0313191979873131,0.503514429315609,0.00398420031496011,0.676095887168106,0.0505003638635668,0.513885997233371,0.00944158373755338,0.810822998156528,0.0630091614292539,0.503719553314726,0.00641557505614032
214,50.5,29.011491975882,0.671948405520916,0.0420045519951543,0.502034769820079,0.00289398621067136,0.640938369706792,0.038732964052098,0.514030659704355,0.0135826837973769,0.819327028253437,0.0686156522986896,0.508672775108376,0.0117959634881106,0.633048596988733,0.0306017582582756,0.503343398811953,0.00376421738719466,0.676483938979629,0.0500092896129105,0.513374943700528,0.00928578791898385,0.812579202450031,0.0606345186894287,0.503691658774069,0.0059584699459206
215,50.5,29.011491975882,0.671806084387819,0.0412696733212207,0.502147719173829,0.00296400084685198,0.64137057204584,0.038358205331142,0.514279515466617,0.0140276330862609,0.820271427107003,0.0652519341606676,0.507922517289789,0.0107784030906837,0.632831718095728,0.0304442149288712,0.504061998123814,0.00431331326307569,0.676622460482443,0.0487619134040642,0.513535647719311,0.00988873302662378,0.812353208784328,0.0577239676737906,0.504183281546902,0.00649568883436796
216,50.5,29.011491975882,0.671498254375205,0.0422741052978557,0.502031911931421,0.00315502368081124,0.641441042021319,0.0371293566421147,0.512459375483813,0.0142352327299965,0.820269524333133,0.0627626906731508,0.50874290691449,0.0125634316891193,0.632270506215273,0.0319071089504566,0.503818750191879,0.00453332753414424,0.677968821985529,0.0479966053613878,0.512907338331122,0.0087680461910788,0.811590933984906,0.0571533150400527,0.503918458947391,0.00546047315934793
217,50.5,29.011491975882,0.67101672392039,0.0437266774130126,0.501875903110468,0.00294227561210801,0.641871500792118,0.0364936818374958,0.512653555220786,0.0155943259541232,0.81858993158932,0.0670093324446505,0.507562658726587,0.0102855199061928,0.631456793994688,0.0337297996055713,0.50427833945551,0.00465634837210033,0.677908811518972,0.0463108582642911,0.512034082413892,0.00844922555780614,0.809069477146585,0.061493087359199,0.50381819153893,0.00661837458688625
218,50.5,29.011491975882,0.670145980284086,0.0453982154523961,0.501714554791418,0.00279802958918212,0.642336618459755,0.0353031200408349,0.513254331785815,0.0166664883158662,0.816536172365101,0.0723024716422986,0.506684590101434,0.0106538739251545,0.630631915091319,0.0355493400156587,0.503235256482449,0.00389010769610145,0.67890612652499,0.0452325635555951,0.512904836806341,0.00884755044582009,0.808959620733657,0.0649429685816194,0.502750282079624,0.00545189809976927
219,50.5,29.011491975882,0.669536945634566,0.0479771683125586,0.501786270754667,0.00290662234287856,0.642736608062455,0.0347827178790374,0.512663023361425,0.0139145940888324,0.814669271797346,0.0720795271575391,0.506401322681739,0.0114407209906285,0.629798967115992,0.0378038532950139,0.503469477317187,0.00414616931192118,0.67927293618337,0.043608791406011,0.511973900486807,0.00880934611127746,0.809130422907373,0.0659902539893588,0.503208573515793,0.00575908825129557
220,50.5,29.011491975882,0.669019350703973,0.0510826330354369,0.502016372278875,0.00354583082236412,0.642992810372576,0.0336902970219918,0.512316100854916,0.0135350512622918,0.815432333727324,0.0716790815411047,0.504565067300238,0.0107672305783578,0.629161867481986,0.0401185458553969,0.503862724360563,0.00523788141457826,0.679075732011836,0.0423124394373734,0.511477113476101,0.00888030368950788,0.810544068500386,0.0674369678208978,0.503522871437768,0.00631414678474855
221,50.5,29.011491975882,0.669161762477046,0.0545767507726659,0.501297305841206,0.0022991477485259,0.643407602429734,0.0328792250344357,0.512683035309632,0.0139022570018716,0.81399542614128,0.0721831038201331,0.503907153412491,0.0102382305944403,0.629025580855856,0.0421795989340808,0.503035070998224,0.00356376619332794,0.680795829950785,0.0415957019822669,0.51164717417085,0.00936629501642384,0.808699465355366,0.0668987873024995,0.502738668798648,0.00518618379471126
222,50.5,29.011491975882,0.667777402337619,0.057328049279695,0.502122672589328,0.00328813495410599,0.642724379880783,0.0324397111961748,0.511018593023381,0.0139035256947086,0.813007563107909,0.0739163258056158,0.504138314718694,0.0100010684114369,0.627544165941155,0.044295544220077,0.50341682464627,0.00417139338609168,0.681286370830432,0.041124307486519,0.512597127719813,0.0110648828401149,0.807546539875691,0.066611490588521,0.502711966936738,0.0053316848029939
223,50.5,29.011491975882,0.665835116959276,0.0595284046381195,0.502344610500673,0.00425948057237798,0.64247560239696,0.0324789156806828,0.511160451553166,0.0150391091108535,0.813088665347385,0.0752842250408193,0.504111851563885,0.0117756376860939,0.62649049269458,0.0457519512777876,0.503254927695396,0.00415071941715534,0.681553789717364,0.0413717660639638,0.511551428384746,0.00958521897528892,0.808045620198128,0.0667992415213315,0.50320381101147,0.0067548249890706
224,50.5,29.011491975882,0.664729018592996,0.0618775008115652,0.501498596883786,0.00282229101148653,0.642579174871272,0.0331221566715393,0.512387425359358,0.0155456415960956,0.815050853290231,0.0763942863033073,0.50463889792229,0.012267833985356,0.625098877442641,0.0473015767836919,0.503652520858335,0.00511167395067456,0.681544030094559,0.0427662538466926,0.511787964893426,0.00955343242728642,0.809572397780245,0.0669421876990322,0.502935371619216,0.00553557207350254
225,50.5,29.011491975882,0.663333230585939,0.0632209676087512,0.501919999292183,0.00302440535250215,0.642728368012694,0.0343021642794565,0.512052094772894,0.0156623833348842,0.816194385556151,0.0745798464380457,0.504021023050287,0.0107645011398016,0.624185437458822,0.0486665406743879,0.503410674101611,0.00464976537019972,0.68199196730336,0.04487496719958,0.51235661101244,0.0107122594395369,0.808664262711983,0.0660451093212985,0.502127579361915,0.00565708834232718
226,50.5,29.011491975882,0.662576549560948,0.0646988958446458,0.501830007907034,0.00309513020810388,0.64258166790257,0.0352280675547454,0.512754968250837,0.0150040332926472,0.81451573175447,0.0775482384986837,0.503790422126377,0.0122572100643043,0.623438957986211,0.0502461631315627,0.503460911045489,0.00546588523696363,0.681775366203202,0.0464161206326226,0.512005584468897,0.0103487762842414,0.808665433747601,0.0672191921526175,0.501802434114253,0.00567850707696467
227,50.5,29.011491975882,0.661101845160632,0.0657969153740728,0.501943100453199,0.00344967445466126,0.642240693973098,0.0360849834917492,0.512838567655592,0.0146995584027515,0.812793625724081,0.0788443808166051,0.503183528245687,0.0119134964363358,0.622471294944709,0.051218971200775,0.503246261783697,0.00479283539196137,0.680721996663875,0.0477468134793022,0.512133971022964,0.0120854053967542,0.807696782414284,0.06951459758716,0.501790773384319,0.00539243319731279
228,50.5,29.011491975882,0.659700962576182,0.0669883057565405,0.501642845063289,0.00290955151507625,0.642623610469785,0.0364716944147101,0.512531875030735,0.0144195943705465,0.812611643171965,0.0797572319582407,0.502397196066852,0.0120973220774233,0.621843290923348,0.0523794429481973,0.503326379353401,0.00432212237580928,0.681006539431206,0.0473799473794956,0.511213913546183,0.00930469649120811,0.806217124931862,0.0715643145749448,0.501206971596113,0.00563988263751871
229,50.5,29.011491975882,0.658699843165986,0.0679992004572583,0.501298988945139,0.00255424925555563,0.643551572030136,0.036108031310353,0.511805506991635,0.0144856404396717,0.810027019151326,0.0806239099800477,0.502199793913501,0.0111761366819485,0.621386906300461,0.0527987728283939,0.503147174304145,0.00408889914383985,0.68099977009697,0.0470124547299011,0.510504283892845,0.00919208111844373,0.803664444721867,0.0749101469722044,0.501584064170623,0.00600689144929406
230,50.5,29.011491975882,0.657511796621213,0.0692357932632427,0.501649062615689,0.00321065453573796,0.643326860150338,0.0357589389309807,0.511125861942174,0.0141713392548324,0.806474977044442,0.0849657378162996,0.503393111427402,0.0137533125341142,0.620507470688441,0.0538531151211875,0.503220802357913,0.00462422618980604,0.681169723078302,0.0455888698139509,0.510080582013012,0.00824780352989039,0.80227929515961,0.0780565896155281,0.501687972885598,0.00566818309251337
231,50.5,29.011491975882,0.656435631948229,0.0708508028683286,0.50131861180592,0.00276727834115997,0.644107818365184,0.0353239293306412,0.512039887130035,0.0139518245734158,0.806064624652335,0.0881314295623995,0.502001351995471,0.0118063389960513,0.619463125491435,0.0547901745714562,0.502707444598175,0.00413773465881862,0.682292242831782,0.0447633214105914,0.511348601095084,0.0101366652207042,0.800768608777183,0.080726381447072,0.501525685613481,0.00499467886689407
232,50.5,29.011491975882,0.65627947778093,0.0708275753176192,0.501345467730409,0.00302227147647813,0.64412850718394,0.0342188871826141,0.511346077067407,0.0134213900105087,0.805814813113159,0.0904164952568732,0.501445354040165,0.0108266927319279,0.619463256104863,0.0548564554569132,0.502951074163363,0.0046333297831124,0.682717547018814,0.0423961163401989,0.511510587854741,0.01129618249944,0.798845296991813,0.0829915115319279,0.501952809785302,0.00485435595731603
233,50.5,29.011491975882,0.656048425442389,0.069561251195149,0.501840637289171,0.00326330613166813,0.644123173389102,0.0327812839460884,0.511512379506493,0.0122273213960202,0.804184079212525,0.0938418554850781,0.501699691292466,0.0112775103952839,0.619730333171911,0.0542730485575865,0.502635968437166,0.00386310729547972,0.68265429112198,0.0409416854039335,0.510065113883937,0.0100490213829535,0.798132708481248,0.0854630759102107,0.502365154556771,0.0049590513168896
234,50.5,29.011491975882,0.655798158565118,0.0684135783505382,0.502263610341595,0.0039310371451014,0.645040196412574,0.0312679866086156,0.511518460089364,0.0128967920200747,0.800989779451005,0.0953675552427534,0.500596629660412,0.0118454138141844,0.61922780246101,0.0533118744657565,0.503085862943236,0.00445794585883107,0.683441399563421,0.0394006651859633,0.510476542888926,0.00949110242648095,0.795634034881658,0.0850128364431304,0.502221638976346,0.00589688496191151
235,50.5,29.011491975882,0.655667628005926,0.0674124137992733,0.50169155081604,0.00290973169592154,0.644918392546596,0.0295978539363714,0.510374021424744,0.0116279181426791,0.799694483295811,0.0965260752332522,0.499004758734546,0.0145792599838392,0.618549178454244,0.052892754360671,0.503177966549469,0.00415622568030982,0.683530334546863,0.0375313103121857,0.510998732840076,0.0097848422272489,0.794562521941132,0.0848080249073103,0.501869529683042,0.00493814072453416
236,50.5,29.011491975882,0.655436934296456,0.0669830066358588,0.501694627909223,0.00282258079951134,0.643904294299174,0.0290932967522272,0.512235995812073,0.0130314356287951,0.798057344990993,0.0975308848540816,0.499871514950972,0.0151558432690599,0.618501904026564,0.0528350576068908,0.503306904070905,0.00512659139038497,0.682633955859866,0.0371060713142059,0.511345492446126,0.0101018907987995,0.795194067884903,0.0844335790913453,0.502318979706362,0.0060252158743004
237,50.5,29.011491975882,0.655337475153373,0.0660882676868912,0.501253136164361,0.00229502286758991,0.644098795882655,0.0292884187780587,0.511421505002142,0.0122376896490495,0.800462912257862,0.0962157393654868,0.498551354124433,0.0133912916113172,0.619352299631742,0.0528225176086773,0.503378914468017,0.00453355671635444,0.68128155856382,0.0374707259486148,0.510196407371812,0.00852197980337321,0.796202169091718,0.0835198782809257,0.502193218676987,0.00563499945215031
238,50.5,29.011491975882,0.655369821623557,0.0662170864166977,0.500991397559271,0.00169352536184291,0.643732856541077,0.0296199590647564,0.512121407090362,0.0130967339039634,0.799084402551815,0.0939229835131436,0.499824400462824,0.0140461062599847,0.619080529752427,0.0526095288869932,0.502899645438389,0.00425072431212831,0.680250249970369,0.038517381366232,0.510101076676224,0.0101074924913906,0.796028106675407,0.0824045461288315,0.501880035169863,0.00577055318868077
239,50.5,29.011491975882,0.655233533836782,0.0657237265415117,0.501326761648219,0.00259945625332038,0.642396462983062,0.0306936043746441,0.511924391533981,0.0120231541643458,0.800558998714964,0.0929529017197941,0.500355763451736,0.0123882947442085,0.618594144613358,0.0523290364939574,0.503039096185584,0.00397921403676302,0.678312714823414,0.0403787226716974,0.510066585257482,0.0102453215864322,0.797731743014338,0.0820519304184023,0.501955827919735,0.00514344159195858
240,50.5,29.011491975882,0.654868614804538,0.0651821392007545,0.501970069806254,0.00384185642438629,0.641611676794958,0.0313577315454962,0.511174880302863,0.0121158561602301,0.799731590136447,0.091555091443119,0.501108396420707,0.0138650338385332,0.618375989605816,0.0515743746476173,0.504251240414171,0.00568419939453552,0.676469139630854,0.0415135902291357,0.509756493770211,0.00896323164006491,0.796987822503366,0.0802738029633913,0.501828531310824,0.00499940623764671
241,50.5,29.011491975882,0.655381620731701,0.0646455169738534,0.501837447702826,0.00295809837831697,0.640875776427447,0.0320894808318799,0.511854769872908,0.0142044793290369,0.798980545799829,0.0916939020805334,0.499333807982992,0.0122239311446718,0.619261964870131,0.0515005702886425,0.50347948782396,0.0042044749172409,0.676711224655388,0.0426153777564806,0.510846652805321,0.00900602217681414,0.79551825472091,0.0831913124517696,0.501235770624425,0.00543083247650749
242,50.5,29.011491975882,0.656747915486836,0.0638176398612851,0.501586228469692,0.00287731176697093,0.641239337512479,0.0326724566869751,0.51157263965567,0.0130878610617122,0.795420403614207,0.0921915435727327,0.498892388805823,0.0130580166637239,0.620115020440236,0.0507607387089297,0.504300394982237,0.00519459023740996,0.676169656414502,0.0436702525247379,0.511175769695311,0.0107096452091604,0.794543300303152,0.0864493316450694,0.501346645708468,0.00624349648414206
243,50.5,29.011491975882,0.658066323408126,0.0628689274667243,0.501297973939693,0.00270557307652645,0.641312127260341,0.0324718359344072,0.511428284674964,0.0126401684551101,0.796809235081824,0.0926763816812183,0.49908455989519,0.0123862816830518,0.621382621633335,0.0498575342206715,0.50278856333146,0.0038355612502069,0.677168391108061,0.0438214625335486,0.510856768406728,0.0102356655095264,0.795424627098592,0.0911746842411689,0.500792514904813,0.00565512143359989
244,50.5,29.011491975882,0.659489594250519,0.0620388049554589,0.501512941071023,0.00306991337104932,0.6412953925783,0.0323029066209796,0.510309258461158,0.0129304335923339,0.795499361641791,0.0933324386096717,0.500084343684331,0.0143668522136786,0.622139364575758,0.0487488346305569,0.503607381922761,0.00477170904883019,0.677284531995508,0.0437636610938228,0.510527112647654,0.0104639796784421,0.79321814559317,0.0935385878430142,0.501051765942857,0.00631943405674385
245,50.5,29.011491975882,0.660043513990506,0.0622221039428485,0.501845444974081,0.00386356545864832,0.641407536989887,0.0329286681109058,0.510070914742359,0.013390203217469,0.795459499152651,0.0928976813962129,0.499432145483392,0.0118173314494946,0.623653418778561,0.0487367217498696,0.502571631394107,0.00398438324983851,0.678703966381245,0.0440585731746558,0.510614935056945,0.0101229711921194,0.792293141419749,0.095627946437791,0.500876501260607,0.00597936518044104
246,50.5,29.011491975882,0.660433526958933,0.0618531758122294,0.502307320696215,0.00393789300092362,0.641668739739797,0.0335618909897814,0.511586554989408,0.0145366305929246,0.792736797387854,0.0914834553778119,0.499896560110151,0.0140974359402153,0.624368533155828,0.0488267905652629,0.502891403127922,0.00454483030351604,0.679574018252039,0.0438069925055405,0.511043684539573,0.00958266255217755,0.792502014104237,0.0967236883495025,0.50106037156257,0.00515735438242501
247,50.5,29.011491975882,0.661730279136497,0.0611943922979149,0.501885174697638,0.00362856872624397,0.642176323229038,0.0340517928131819,0.512552596129547,0.0137353582216645,0.79498006408537,0.0910343896588016,0.498325780003261,0.0141230797465128,0.624701690713646,0.0487814782182244,0.503728353892714,0.00492748176632012,0.679882884997065,0.0439104481919425,0.511335120236904,0.0101457124033162,0.792824078996726,0.0954070971054366,0.501701120352553,0.00613317962207087
248,50.5,29.011491975882,0.662163671164894,0.0590878451170085,0.501490954769328,0.00322689038710283,0.6426966418184,0.0335038055309461,0.51274092085987,0.0135912602270808,0.798618597350229,0.0891772505398241,0.497362233377406,0.011987463032908,0.624926341226489,0.0475264896918674,0.503773578851072,0.00538967110726306,0.680617259986744,0.0440853064696374,0.512118417354149,0.00934066264668405,0.793533839101185,0.0932886086248193,0.501425453273413,0.0056163961155593
249,50.5,29.011491975882,0.662954269904449,0.0578127521525173,0.50189709001479,0.0035797535502283,0.643116939382397,0.0330836250740275,0.512452719475076,0.0135585764292179,0.797717100900238,0.0866046131387315,0.499343066778002,0.0141226433059119,0.625571864318315,0.0453495603811475,0.503636291037831,0.00421809695470312,0.681303439022329,0.0439480453790203,0.51287341026987,0.00996530921049507,0.79466001077714,0.0898852573840897,0.501106923456372,0.00643001160447882
250,50.5,29.011491975882,0.664541514191406,0.0560182950111064,0.501797512579472,0.00347847464430253,0.643785965650476,0.0323382614415682,0.510842261412629,0.0154088878155678,0.797438231748626,0.0838959096602485,0.499433578919481,0.013106748841654,0.62706258121259,0.0433303332054257,0.503432336338406,0.00438812147143336,0.682225547799253,0.0437073440930779,0.51239942429043,0.00993614196191777,0.796102596265323,0.0855690572326057,0.501225288716778,0.00702894257258498
251,50.5,29.011491975882,0.665901356165533,0.0536923064797787,0.501778965982398,0.00412461868406074,0.644033984106774,0.0329430578123117,0.51285488451622,0.0163161996427285,0.797979694589666,0.0798166868559428,0.500069857638271,0.0140215025466731,0.628608177234308,0.0413459236560095,0.502765389054836,0.0039794350457924,0.682773433311376,0.0441247867642797,0.511729899494761,0.0103833192652011,0.798129037091848,0.0816904853843148,0.501145655419216,0.00702169520212841
252,50.5,29.011491975882,0.667044786666196,0.0507905684978041,0.501147853187828,0.00252085921657831,0.643754788180001,0.0333781221597503,0.513242158740717,0.0153250854373642,0.798631873175692,0.0787645917173037,0.499463779478366,0.0138962082005749,0.629965469852887,0.039344377377183,0.502845671088027,0.00374364548929928,0.682081289888918,0.0447575497749187,0.510973630064821,0.00933037748217187,0.798578091446273,0.077597947775276,0.500657892210351,0.00675676467550732
253,50.5,29.011491975882,0.668861863850598,0.047664201269206,0.501296079009527,0.00299814979615654,0.643650764381058,0.0340874064750886,0.512604427868891,0.0138655841917133,0.799672965325143,0.0771310455654611,0.499838057313131,0.013407113117238,0.63049466896767,0.0372736907164892,0.503588725255146,0.00460387314740333,0.682082331982135,0.0463680563122456,0.512397166964542,0.0117221886545574,0.796888979976185,0.0760504007935851,0.50078311190632,0.00685406974930319
254,50.5,29.011491975882,0.669229125692939,0.0443228594116003,0.502061503640972,0.00388261253438093,0.642912195587007,0.035054434076605,0.513049790067848,0.0136173383146706,0.799296438124065,0.0794177543844777,0.499935416366296,0.0123561635618125,0.631280329700753,0.0354128407954158,0.503797363537831,0.00401909219841589,0.68095949236186,0.0472787543804769,0.512505689913595,0.0090952850543802,0.797397746660784,0.0749398812129244,0.500851566405406,0.00709103672504616
255,50.5,29.011491975882,0.669710730446246,0.0433104639157032,0.501260302534605,0.00254493817189391,0.643148090079347,0.0362310296072174,0.514438844585879,0.0148414288952263,0.801072605144059,0.0785979783584417,0.499981975240012,0.0125481487592533,0.632261923673556,0.0340315084315257,0.503114841605434,0.00359888194608116,0.681557556287209,0.0476808790412407,0.511673530416471,0.00840741527192946,0.798844118757969,0.0752239352972227,0.49981480072926,0.00685381586959903
256,50.5,29.011491975882,0.670131274403052,0.0430512684101676,0.501285814079924,0.00240252055549686,0.642778535794083,0.0374780565809093,0.51449736296211,0.0149931367181137,0.80051716505616,0.0786417630227478,0.50180073966034,0.0163628481812745,0.632447351390479,0.0343594683968713,0.503889137815797,0.00449006028967701,0.681409053380312,0.048411899012655,0.512651121621585,0.0107505736474634,0.796097982700036,0.0733430687071158,0.501319032144459,0.00745804890765924
257,50.5,29.011491975882,0.669832970104607,0.0430809490294935,0.501717097391948,0.00317004523310076,0.6420992331131,0.0381685959014123,0.514515769666561,0.0139253140997062,0.803018688200922,0.0771343211914409,0.500548338716699,0.0130019111761342,0.632338368872854,0.0345430053017414,0.50277997545156,0.00391087096022945,0.682348016626816,0.0488935043232226,0.512445273252672,0.0096764858912427,0.797357825635916,0.0741119134570253,0.500429821146038,0.00648185568834786
258,50.5,29.011491975882,0.670543579228149,0.0431750904774095,0.501147627636364,0.00238954856561168,0.642830695906078,0.0387642080427817,0.513840100006075,0.0145196245374753,0.799717582276204,0.0812831614152213,0.49885624516583,0.01250185412995,0.632680279787938,0.034985258103145,0.503697380792573,0.00453808705512954,0.682097335239458,0.0483190344987646,0.511852790875148,0.0098558328767987,0.796213584875161,0.0766188672140145,0.500513253435869,0.00596489364958355
259,50.5,29.011491975882,0.670523302848493,0.0432858748784388,0.501630072010463,0.00322982423206115,0.643034187583574,0.0388890364083427,0.513138757039781,0.0138910968289603,0.798175106905074,0.0823701176677487,0.499910316995001,0.0131739436009021,0.63277086496962,0.0352321954710209,0.504018569968166,0.00478574611649759,0.682485644474383,0.0487648498366451,0.511813079347316,0.00916695643663492,0.794175051184803,0.0814540354634452,0.500473534633938,0.00625287347605489
260,50.5,29.011491975882,0.66993819691564,0.043306163993899,0.500861628836436,0.00176391623392324,0.643791602336733,0.0386271306459463,0.515067228180846,0.0152766860707292,0.794839665708632,0.0867423979399332,0.502111217530592,0.0147546398329594,0.632758304422705,0.0357746588527819,0.503503270184894,0.00418280038512235,0.683533767491797,0.0484806425932776,0.512427501087679,0.00922297629947235,0.792276768537429,0.084574287889747,0.499963905550639,0.0063760763970441
261,50.5,29.011491975882,0.668927978777445,0.043856179006682,0.501645416576549,0.00317183280286125,0.643943910808411,0.0381258444457172,0.51281176355623,0.0132957852341332,0.795009700151765,0.0902671884249057,0.501262455544834,0.010067800812497,0.63158967440417,0.0371289450230196,0.503574255093878,0.00365758068811931,0.683784644823813,0.0478033293124087,0.513551368327303,0.010248613605784,0.790271179904949,0.0876801020237318,0.50058103530263,0.00628074399081355
262,50.5,29.011491975882,0.667561767022637,0.0462064995699027,0.501509086838799,0.0030612452712517,0.643866148407571,0.038330024869222,0.512084211283283,0.0133340051982116,0.79517389407172,0.0932423356036472,0.501104485635552,0.010928288355442,0.630942357660379,0.0393043532581475,0.503885354344347,0.00429591953184257,0.683161684416665,0.0476710194775622,0.513294316574957,0.008831527476917,0.790076041013404,0.0902526082506613,0.500937329243386,0.00625345863855102
263,50.5,29.011491975882,0.6664489509551,0.0482163021827197,0.501492818493492,0.00332106459291144,0.64324462863357,0.0385101774036458,0.512751426624321,0.0131321764104941,0.79295644213404,0.09552959363865,0.50391879361658,0.0161351202509975,0.630328946768041,0.0410343502694143,0.503426340228947,0.00403615394343929,0.683170567119754,0.047976406992832,0.513545091201649,0.00990332715028605,0.790766209520893,0.0909458510402426,0.500719521898832,0.005648687500295
264,50.5,29.011491975882,0.665958003060335,0.0492992982741139,0.501167651123049,0.00319425683674999,0.643816616231697,0.0381560577598129,0.513886874223672,0.0140678762905332,0.796132888888703,0.0963660848997574,0.50036306082555,0.0107950301932324,0.629783254286171,0.0417595375246815,0.503810886199432,0.00530847023722839,0.681918048265845,0.0467464263131515,0.513195261792262,0.00857139631870919,0.790630445179884,0.0923802044925312,0.501937759597812,0.00661371345889703
265,50.5,29.011491975882,0.665961207481397,0.0499733276442595,0.501205914313712,0.00322324150824538,0.643462248473701,0.0382226608861763,0.512095851569886,0.0136861098260267,0.797860012489371,0.0968978459126442,0.500486776895603,0.0107273370770388,0.629074828114014,0.0415406496919721,0.503329319788536,0.00503709979593711,0.681136771132769,0.0467598737566665,0.513312055704945,0.00983272609640251,0.791921610400841,0.0931056663566712,0.500949062294085,0.00588797883911403
266,50.5,29.011491975882,0.666573783709848,0.0500509361936599,0.501005939396422,0.00249677881910679,0.642764168166785,0.0386305383365467,0.511064430993225,0.0143751138304597,0.797294180718373,0.0957366862876236,0.502975332759688,0.0141076285288188,0.629358750622437,0.0412750775872853,0.502806426148454,0.00361482560534226,0.680538602590143,0.0466848716137952,0.513777065477197,0.0101986876525328,0.790577441523949,0.091603979403305,0.501294032344142,0.00577992265359108
267,50.5,29.011491975882,0.666479446004005,0.0499868807550222,0.501575809039608,0.00407021444141975,0.641900290827592,0.038674990375757,0.510491470999053,0.0121342148677076,0.802050071840711,0.0909080981131178,0.501471423930899,0.0104329094802136,0.629892680456267,0.0407612922732879,0.503548661557756,0.00434136991038182,0.678727400595385,0.0467475155222287,0.512953124209338,0.00831692593823459,0.791367478280371,0.0901980238328393,0.501899020962339,0.00583446710894705
268,50.5,29.011491975882,0.667482547583607,0.0500144554053483,0.500885212302378,0.00281540659640075,0.641555609017082,0.0390880721732111,0.511872421332356,0.012622461029936,0.801934288764806,0.0882052677475518,0.5013732193373,0.0109063094634737,0.630126373982454,0.0404677292744918,0.503375094918601,0.00555363683155211,0.677273802529632,0.0467506690971077,0.513144072957099,0.00787907679035207,0.792137587430801,0.0874189811036465,0.501462874642072,0.00519772878383567
269,50.5,29.011491975882,0.66864115257354,0.0498966345183984,0.500687775493747,0.00241429100488621,0.6404719383736,0.038901679812577,0.511787188548132,0.0129301606184515,0.802943301305286,0.0825323524230628,0.502093246320717,0.0100301282556272,0.63086658304852,0.0399019054430081,0.502894555964895,0.0038062279972819,0.67680814686394,0.0476071214933964,0.514669823891656,0.0102200189783409,0.788918069944472,0.0854623424043506,0.50174692356975,0.00520640154107061
270,50.5,29.011491975882,0.669002762952153,0.0497835274161467,0.501780540751755,0.00427050225023792,0.638526010732251,0.0389056114513305,0.511664853440141,0.0145713543052216,0.802262167946475,0.0819782549370956,0.503579618403548,0.0117162185006927,0.631643877913565,0.0395175783565189,0.502803187784624,0.00375800727474587,0.674064507074491,0.048521104322288,0.512994901962498,0.00884328140933954,0.790209734538014,0.0846540520698293,0.502885288644761,0.00617344536728358
271,50.5,29.011491975882,0.669881332585709,0.0495442088361721,0.50152515568228,0.00338521753306147,0.637186007469624,0.038872335042474,0.510826617219989,0.0139846379166775,0.805890141269216,0.0851144571177752,0.50173589844123,0.010801466381855,0.631776211781745,0.0383349406679222,0.502827072785207,0.00463778143808639,0.672741511080666,0.0492106761846684,0.513133490720241,0.00939888232144915,0.78999320326947,0.0833689910340622,0.501889355185086,0.00457817076920551
272,50.5,29.011491975882,0.670728536494949,0.0492286031392046,0.501217210308258,0.00311343046660676,0.637166766221712,0.0385521178013428,0.510990532418136,0.0135392391714172,0.806331242360479,0.0840927011657537,0.501676521929711,0.0121517573278715,0.632320105702026,0.0375910028117177,0.502791334724923,0.00409289685468178,0.67247871689642,0.0490858759089802,0.513008580114811,0.00929681316662031,0.791134161001163,0.0823630461943622,0.50201026374378,0.0043799876422681
273,50.5,29.011491975882,0.670928511345186,0.0497189844163742,0.501235267800013,0.00297108765827645,0.637421438710468,0.0374137940315757,0.511794054381586,0.0130122371927832,0.807719341114696,0.0837309973493083,0.501180047037821,0.0118860034551092,0.632023632803691,0.0378993968198271,0.503373547022008,0.00462560273589084,0.671371175976117,0.0478675322835617,0.512581914748011,0.00833492571313954,0.793676411635947,0.0792311358487412,0.50243081326429,0.00556807240671788
274,50.5,29.011491975882,0.671438786996852,0.0507028016666894,0.501379226331244,0.00289294867840638,0.637710063225997,0.0374445262710228,0.511369894198406,0.0142205776578283,0.805253001199978,0.0826859789902501,0.50237256165051,0.0133126847904217,0.631955689777008,0.0387295619812035,0.503175711578678,0.00505444001814399,0.67207452376623,0.0476532048394567,0.513452440320787,0.00983535996666014,0.793085775888154,0.075452192189083,0.501855155906976,0.00500204440828421
275,50.5,29.011491975882,0.671601642476082,0.0521321820056263,0.501594244886243,0.00330185564520312,0.637683249058762,0.0373498917477077,0.510663543317391,0.013675256432392,0.806316771343598,0.081154665208132,0.50092109688823,0.0131251753424236,0.631901868885122,0.0395075332297329,0.503686923308422,0.00410365322976783,0.670784907232591,0.0465693334833241,0.512218056302417,0.00901385231708941,0.794790275302882,0.0745528571192691,0.502357306387481,0.00625472067091086
276,50.5,29.011491975882,0.672131769535848,0.053885772862145,0.501375976386017,0.00313529514976508,0.637192329093767,0.038901386708713,0.512737872569701,0.0138628764617028,0.803209179894045,0.0824543287964786,0.500593979358181,0.0135417543160694,0.631843427504672,0.0406456106406457,0.502551960638973,0.00353188461929554,0.670435229762825,0.0479674838548628,0.513537285042227,0.0101848941278745,0.794988247857665,0.0730978583297705,0.502205840008936,0.00501535774271838
277,50.5,29.011491975882,0.672150437358645,0.0548442978842601,0.501056315035627,0.00322576401845619,0.636619752326224,0.0400178738135137,0.511552975619258,0.0137857501382822,0.804682140223151,0.0809635898114135,0.499162102046972,0.0127801550827274,0.631788326352684,0.0412208041144963,0.503111915405106,0.00453120828395953,0.669038295122567,0.0496867531008581,0.512528604672843,0.00962047892283846,0.795523471492549,0.0718010996038084,0.502219396256005,0.00534502688356712
278,50.5,29.011491975882,0.672606284946545,0.0553185808668306,0.500680496874416,0.00208704585282934,0.635968360050295,0.0414617413300666,0.512014969563068,0.0141188369420315,0.804263952586769,0.0856877436202696,0.499397400522587,0.0127943928506197,0.632509961610509,0.0421555569883595,0.502520415473172,0.00392238262633599,0.66852405124993,0.0508722718128557,0.512849785975799,0.00929084649553149,0.795489665081097,0.0731979728984395,0.502346854281867,0.00538248328439784
279,50.5,29.011491975882,0.672018239787283,0.0550267784699399,0.501769398460431,0.00395268749032431,0.634930003027423,0.0428401464277779,0.51152726172355,0.0133449910559805,0.800844476717663,0.0887241571369743,0.49990318166162,0.0129667056288129,0.632620648215703,0.041306054413395,0.503153357932252,0.00427634266066427,0.668042744575632,0.0519560081022435,0.512375971220835,0.00971619474041525,0.795647659521632,0.0742537158205483,0.50277321302344,0.00562919712818416
280,50.5,29.011491975882,0.671676623801442,0.0547200956767091,0.501210546398203,0.00256338018218866,0.634270618880199,0.0445631033852105,0.510806015119155,0.0138229312447873,0.802223899151895,0.0902460934312205,0.498775421294772,0.014986216940946,0.632708925221063,0.0415157757386039,0.502359188795901,0.00364078743981107,0.667494613374272,0.0526367515484295,0.512031117411582,0.00976413146543039,0.797487964359548,0.0776523831684476,0.502136498402858,0.00596168904171393
281,50.5,29.011491975882,0.670777160910547,0.055191702061917,0.501435287714208,0.00331259952129171,0.634295226300433,0.04515365732701,0.510628973157493,0.0124905266524125,0.801186886757145,0.0942908329145136,0.498929115960588,0.0159284971208084,0.631794216734833,0.0418235559339451,0.502676722896844,0.00388594113563601,0.666749450019811,0.0519919907872373,0.511854154059551,0.00911257183871274,0.795982596008206,0.0796689512136608,0.502155704506212,0.00550094765996897
282,50.5,29.011491975882,0.670851015768066,0.0555182023521653,0.500959852309884,0.00175036727144242,0.634583686061084,0.0445181871201886,0.510652650421254,0.0121300082475468,0.800613913101584,0.0945893865434775,0.498429399058976,0.0164193351721696,0.631100859454109,0.0421373102465132,0.503547157220681,0.00455722390712284,0.666200288858732,0.0503556924142608,0.511563253701137,0.00811362386427138,0.79572693636574,0.0824448540070945,0.50145375312901,0.00478361013927305
283,50.5,29.011491975882,0.670289729807488,0.0562996311096568,0.501434457882962,0.00279089575937194,0.635313367232659,0.0437621467695359,0.510789525800235,0.0113429674927228,0.795812230375124,0.0942284056267867,0.498742102182031,0.0152567868882236,0.631146283668932,0.0430087509762448,0.502932709896002,0.00383632944268893,0.668059336267534,0.0488305565377558,0.513144080176709,0.00961436214186374,0.792133835835051,0.0832313059111768,0.50171150481942,0.00553776053103813
284,50.5,29.011491975882,0.669660447149731,0.0564060609353691,0.501493655141516,0.00273936171909506,0.63626600917914,0.0420241950305627,0.511158712369299,0.0115211561492863,0.793653945670614,0.0956868135839929,0.499320178955493,0.0149183442717297,0.631660084475287,0.0427845963853157,0.502896586724865,0.00400299155898625,0.670713977491495,0.0467488530194055,0.513519943232368,0.00956101051262039,0.789787275556633,0.0856950218605242,0.501138632999636,0.0053359168375058
285,50.5,29.011491975882,0.668776450045222,0.0558783145015881,0.502209892007873,0.00371528106544458,0.637154236104821,0.0394219983729367,0.511941950676368,0.0123433014225127,0.792509899107285,0.0956893076867602,0.499194956763163,0.0132746627347684,0.631344666407021,0.0426449973376572,0.503450721703161,0.0040190603867345,0.671842021421734,0.0445320141085995,0.512309721539268,0.0082896246323231,0.791001861830443,0.0883285673992816,0.501479221252855,0.00571683098995903
286,50.5,29.011491975882,0.668154866607505,0.0560633165556584,0.501894704625328,0.00303952609222936,0.637299544719404,0.0387413595793399,0.51162775789924,0.012083109172502,0.790888909524557,0.0956865771393158,0.498672809317901,0.0131787656627563,0.631143097481798,0.0426762181054529,0.503434371452481,0.00435260427606649,0.672948674048424,0.0444771124970551,0.51202589718557,0.00765076726077112,0.789398731217797,0.0882349582470393,0.500394878258818,0.00556586649072692
287,50.5,29.011491975882,0.668232234955508,0.056106299925868,0.501210548025809,0.00180748037698619,0.637275683082953,0.0379870519656062,0.513314657242854,0.0131666864452341,0.787934221867433,0.0973992354643459,0.498146725466796,0.0131473330100703,0.630756341776547,0.0423802780073392,0.503770271596816,0.00462783695305883,0.672488610375318,0.0445480855254495,0.513666018011051,0.0100186105408285,0.786445808578329,0.0892562812304457,0.500586641721392,0.0052997878324922
288,50.5,29.011491975882,0.667563553684396,0.0567467962449493,0.502485315090596,0.00427297669481289,0.635966059805246,0.0380730568915265,0.513032028446176,0.0126995652350834,0.783689603413103,0.0982521391760033,0.50034071865687,0.0136997261134949,0.630610236858213,0.0430973514022299,0.503238482628459,0.00404421577688807,0.671941684834335,0.0453763875949141,0.513723879398098,0.00843623810591354,0.785027839875846,0.0917194234752737,0.501687149393743,0.00635931446182523
289,50.5,29.011491975882,0.666987903844034,0.0574188918839654,0.501708539740609,0.00250879457419346,0.636267469002864,0.0392984009100249,0.512646865569646,0.0127681575689889,0.78222967239521,0.0987865531511728,0.4982970847709,0.0130208947187741,0.629926356177511,0.0433586644299286,0.502923385178255,0.00413407974531203,0.67294934266189,0.0471647623693802,0.51419806386299,0.0105399550954487,0.782611113949668,0.0940779059342655,0.501070930645753,0.00514043344376134
290,50.5,29.011491975882,0.667414354674479,0.0575367757297071,0.501761881499284,0.00280387653795633,0.636185575920937,0.040241858893995,0.512380580246126,0.01328038936821,0.780486408054469,0.100820900381578,0.499333627655546,0.0143381476692811,0.629830814827777,0.0434248489920305,0.503373355703944,0.00385573108400116,0.673697455159151,0.0485475583793844,0.514458896023578,0.00957939640507041,0.781056920138783,0.0973855561973058,0.501571374951697,0.00488069994702499
291,50.5,29.011491975882,0.667624105538471,0.0575137353887356,0.501506892807581,0.00242992470894264,0.635846285357454,0.0417112263994504,0.512659753417688,0.0132817811817039,0.77917154904755,0.104318148860555,0.499390078374163,0.0139245257676837,0.630520320065096,0.0432811339893983,0.503851353658054,0.0037311050900294,0.672892805179204,0.0513510440034396,0.51244637502462,0.00882194056624593,0.779952305222454,0.100731470229436,0.502028251408606,0.0055649720340342
292,50.5,29.011491975882,0.666552651731729,0.0575020788513553,0.502201833956384,0.00344269878514365,0.635487621352823,0.0431813888412943,0.51267403664988,0.0137251194509361,0.77587111036963,0.108056290839299,0.499618390289527,0.0123305038079746,0.629730068074514,0.0430257157636692,0.503955122427267,0.00419837758993741,0.673769798061084,0.0537418826067656,0.512869356968429,0.0101196407350883,0.777293635372443,0.103323593716617,0.501326152711432,0.00481343951887488
293,50.5,29.011491975882,0.666847973565433,0.057477136409146,0.501952854029588,0.00359458373761635,0.635299696734812,0.0448961076562077,0.51371988639132,0.0132713184095704,0.775533569864708,0.109835721246324,0.500228598806518,0.0143746386749358,0.629662216394114,0.0430497961922952,0.503619331498923,0.00349552374493982,0.673798287999332,0.0560854422962196,0.513523318882661,0.0103461071649353,0.777321751783366,0.105128555007133,0.501306999481285,0.00494819648524384
294,50.5,29.011491975882,0.667349831827679,0.0573726607271762,0.501463794452776,0.0028230979506044,0.63563125942607,0.0467004386385181,0.514757698841816,0.0132891155154198,0.773122731418527,0.112068690412206,0.500572181201371,0.0127491377979084,0.630065575202593,0.0434851894633706,0.503846097281255,0.0047876732705864,0.673865200162032,0.0584745347113543,0.512754870591248,0.00866683506610386,0.776097966992202,0.105499410591752,0.501541846992368,0.00495147409172429
295,50.5,29.011491975882,0.668208278491312,0.0562351246074464,0.501122515698187,0.00249498088778798,0.635717446743412,0.0467869910314182,0.513739067282067,0.0124718015740911,0.774986737733214,0.112205250643543,0.49910815982648,0.0143238732381485,0.631083180971678,0.0425035771408804,0.50311686240579,0.00352988463247184,0.673920445033034,0.0594589039986018,0.513594209248837,0.0091530109842004,0.774820409494624,0.106409969220142,0.501340141119889,0.00555910768775945
296,50.5,29.011491975882,0.669567503755031,0.0543393710488106,0.501361168224959,0.0029875799275229,0.635389457207984,0.0471449417083076,0.513563375747208,0.0120741618216001,0.77556995569901,0.113243520583688,0.499812917989093,0.0151423654167228,0.632260400349359,0.0413398443257438,0.503671909379279,0.00391715869671849,0.673245000776013,0.0598014289772738,0.51328654636995,0.00929356696677353,0.775556539927455,0.107381379907748,0.501720292825925,0.00525614812471471
297,50.5,29.011491975882,0.670634710566209,0.0518415641344903,0.501378189084595,0.00258537849700783,0.635307807821513,0.0469707497312372,0.514042908135828,0.0135465690869092,0.776166466067872,0.113701586052932,0.499895593151312,0.0120833791750584,0.633190916918994,0.0400883580763896,0.50346279523862,0.00427236375027513,0.673168811590346,0.0600500956005581,0.512124712750275,0.00919006824365725,0.776941810415572,0.108699758320793,0.501250825527552,0.0052968393105062
298,50.5,29.011491975882,0.67118995762955,0.0503621175975363,0.501941203624663,0.00344589460875891,0.634750075794871,0.0465487715466222,0.513816497158679,0.013722423408873,0.773236971877664,0.114031759674617,0.501171205152656,0.0129189878365853,0.633300759814082,0.0386061787262258,0.503657963338448,0.00400928930537105,0.672945319556165,0.0602623604890584,0.512138762379636,0.0092599350194993,0.777041298569063,0.106853917846066,0.500834797819886,0.00566915287470984
299,50.5,29.011491975882,0.672398173076847,0.0482831988552207,0.501338937197215,0.00285958447385335,0.635158380299609,0.0467097942416,0.51591339810812,0.0142054219054769,0.774326217280756,0.114921433904587,0.501208842031176,0.0143074039289913,0.634026310771531,0.0369334671390258,0.503541747670313,0.0037988525274314,0.673940448319618,0.0605948967487367,0.513052146898619,0.00816534499089758,0.775592519143989,0.106345752153637,0.50113499366654,0.00689181850071691
300,50.5,29.011491975882,0.67354969789912,0.0457813222813081,0.501294175897331,0.00323240262168728,0.634680563497963,0.0471606299148545,0.515298627546414,0.0127624314956705,0.773469428679765,0.115504802736209,0.500861481445905,0.0130463581603335,0.63465497039618,0.0356339522286361,0.503383539937554,0.00441416145668958,0.673130395331756,0.0611651543184997,0.512915544419393,0.0093085439167359,0.777598421659415,0.10587691491899,0.50111846678319,0.0067915584424461
301,50.5,29.011491975882,0.674225137850629,0.0449490114400754,0.501101515686717,0.0026751215737556,0.634965154539528,0.0485980271502285,0.515464563379388,0.0134927115409678,0.771316314469389,0.115950062995294,0.501828503622234,0.0128675137820515,0.63459411129131,0.0356506138039167,0.503529887425872,0.00359308119101423,0.672888858609483,0.0618485494845495,0.512619012938981,0.00900208204758438,0.779840054175178,0.103650663222494,0.501482796102005,0.00571192682628046
302,50.5,29.011491975882,0.67466695362512,0.0442217743304354,0.501651951841295,0.00328124468572239,0.635639115950653,0.0484149100872479,0.514173106423505,0.0130067116904767,0.772600837478191,0.113511340277699,0.504290704506805,0.0128038312773385,0.634891452792128,0.0353332623795361,0.503621845227257,0.00363725262628274,0.672885352356959,0.0619221004841827,0.512479729813156,0.00786945409113756,0.780282661047467,0.103522572484097,0.502013341078804,0.00536574984172409
303,50.5,29.011491975882,0.674455078604324,0.0440111417727845,0.501643745028892,0.00276496467572578,0.637190618680135,0.0478076440545656,0.514313490453633,0.0130794522686432,0.775860566338288,0.11204680582718,0.504420533402538,0.0121897796151078,0.635648592113595,0.0353060170554723,0.504524499955296,0.00413640377187062,0.673037520510339,0.0607535852048018,0.511827610508963,0.00885590486158553,0.782852366172777,0.101634883221058,0.502402806724275,0.00605657859433463
304,50.5,29.011491975882,0.674108309986936,0.044136568287893,0.501137268042366,0.00207061885377064,0.638760897934687,0.0469148588973894,0.514711657273137,0.0127885049589933,0.779310194965017,0.110756248509639,0.506385411616456,0.013663503391994,0.635167800409032,0.0354155706194264,0.505247897436211,0.00479848148064068,0.673400411238494,0.0594105276207663,0.5121390489052,0.00844646162226238,0.786437817372207,0.100314511943534,0.503606374096677,0.0060145422302702
305,50.5,29.011491975882,0.674061609355582,0.0446714702598416,0.501356930886099,0.00231374480821851,0.640551063737173,0.0451120288767277,0.514223106902853,0.0121827891001243,0.781445290616454,0.110149871543035,0.50715877120035,0.0137475355422721,0.635978559645226,0.035647148801447,0.504460295194133,0.00361413834669325,0.675360636965212,0.0578321091792351,0.511575231133673,0.00740434175271539,0.790489010971383,0.0989665415415165,0.503984192884941,0.00572355869129973
306,50.5,29.011491975882,0.673931673275405,0.045434019166322,0.501437399696242,0.00232242062916616,0.6419333932834,0.0430516886382138,0.514359368741551,0.0124844931581134,0.784668833279458,0.109634485645037,0.508361204621171,0.0149486072525471,0.636287311897172,0.0355710021399833,0.504596492360564,0.00394406397010039,0.676481749080649,0.0557201463467781,0.511304688111751,0.00674615203932369,0.792842085647608,0.0971385314428051,0.504339746742331,0.00588137601870996
307,50.5,29.011491975882,0.673297746295622,0.0467114275080916,0.501971034156898,0.00318511050774041,0.642957233772607,0.0413891761149828,0.512959357671515,0.0101937941774904,0.78821027361538,0.103891852327604,0.508630428740193,0.0134795158906589,0.635957528641497,0.0368100017238533,0.505261119888656,0.00501813192692751,0.67765160650604,0.0532532893440766,0.511489058085587,0.00740869157571748,0.79350652930924,0.0938541869693073,0.504780378871138,0.0062314184777563
308,50.5,29.011491975882,0.672719171458799,0.0477424894126242,0.502700194245348,0.00332572976516503,0.64417020020061,0.0397968785005002,0.512848927333613,0.011026659476336,0.790663706286873,0.102481402634818,0.510542400260958,0.0124324156307266,0.636164798540551,0.037353485904357,0.504947270491068,0.004064454990611,0.679879667614389,0.052433234166871,0.513612771867099,0.0102822517203966,0.792907292226891,0.0903331966668108,0.505343504298816,0.00542442858203407
309,50.5,29.011491975882,0.672617962918989,0.0482422147073499,0.501907498229345,0.00235560653864809,0.645184216403863,0.038590651128463,0.51418982710856,0.0112656397451128,0.792256913240211,0.101941036589069,0.511654463784059,0.0135352819664479,0.63711239796174,0.0378222353929384,0.504876745911353,0.00350533702195892,0.680387347937217,0.0507330333617397,0.512255054455829,0.00721092692245585,0.795901248336898,0.0921081860032798,0.50600038815552,0.00610095842621728
310,50.5,29.011491975882,0.672617916593697,0.0480165342028283,0.502936072925252,0.00430502098018822,0.645755711432345,0.0381977343012039,0.515051640943877,0.0109929044360351,0.79253645809099,0.102609330023401,0.511914445563307,0.0124646559093801,0.637157544467641,0.0377751279336931,0.505631951152729,0.00462000533672198,0.680607499402977,0.0496306556046411,0.511815694343117,0.007902444906488,0.797905240986801,0.0921429147697909,0.506071951130886,0.00514172956393205
311,50.5,29.011491975882,0.673690689251929,0.0477741931236831,0.502379842141137,0.00348628473332126,0.646145385629489,0.0389216366223193,0.515606085790796,0.0115054959781622,0.793127291092743,0.104460341587553,0.511989694757718,0.0131825371728084,0.637397774491715,0.0376858488337464,0.505982264393301,0.00517088163703728,0.680311960056729,0.0497966937280609,0.512354855399758,0.00847536279332066,0.79868087022547,0.0919086078970789,0.506302823183884,0.0048095281228085
312,50.5,29.011491975882,0.674550265216191,0.046692653951094,0.502532922171705,0.0031792632417837,0.646620699164447,0.039393683571216,0.515000242775257,0.0133562191097384,0.792662568289119,0.103810525632068,0.512469664429544,0.0140121316813917,0.637867767518383,0.0369779903851945,0.5052272210176,0.00383498304553769,0.681296681533436,0.0506686390775259,0.513279911745134,0.0103688616925319,0.797515504714216,0.0916152721492591,0.506398110224223,0.00479061321340525
313,50.5,29.011491975882,0.675485750228743,0.0453340242679699,0.503056960882499,0.00387610941789074,0.646451058407126,0.0400820963996828,0.51552741897334,0.0137357347910252,0.790204944257887,0.106339567978305,0.512935698969995,0.012763242471239,0.638574024758308,0.0365205612584509,0.506201107682158,0.00503518925433114,0.681157869704606,0.0518759302253703,0.513201058194212,0.00998769359989043,0.797115669280435,0.0916121738715678,0.507041416899063,0.00520485474811021
314,50.5,29.011491975882,0.676222568454171,0.0436361843686048,0.503090908027873,0.00408097714136034,0.646471699344351,0.0407593793494873,0.515610943984821,0.012676799330129,0.789454243812635,0.106124747093837,0.513662026945806,0.0141453555496256,0.639371666067373,0.0356755332269558,0.505920092219125,0.0040550068151246,0.681772558370764,0.0527299190171631,0.512921833974724,0.00898475906224959,0.795376617917456,0.0934849758152334,0.507590439335642,0.00600076071879343
315,50.5,29.011491975882,0.677276004522141,0.0414526086602042,0.502128102714506,0.00240244541211878,0.647732800770946,0.0420920419684393,0.516760692964732,0.0148319715096981,0.78745678958708,0.10836759364585,0.514780288318716,0.0160570240867579,0.63978665097157,0.0346884795509797,0.505194151047055,0.00288825711342691,0.683403609882301,0.0546849496933139,0.514706249935828,0.00961525638593455,0.791907083775965,0.0951466766879936,0.508266905583169,0.00651089261832506
316,50.5,29.011491975882,0.67827334509496,0.0396479014627219,0.502139661133366,0.00282764303251847,0.648228412723133,0.043325008118801,0.514963809818444,0.0133629452143989,0.786543900891518,0.109629538313545,0.517183745369414,0.016426908980786,0.64008983902749,0.0332744684759612,0.506865921786028,0.00442142800938264,0.683558571790113,0.0555162282751717,0.513271630875863,0.00869809643141691,0.792332606853201,0.0994342280749948,0.507873461008566,0.00526713376062581
317,50.5,29.011491975882,0.678345221123846,0.0384227565093069,0.502423029044579,0.00309980550692305,0.648515556736715,0.0446695777999192,0.514326438833992,0.0141144509632698,0.783738347617797,0.112477179947599,0.517049656906765,0.0145251596587173,0.640440427630338,0.0328578209425016,0.506260113720996,0.00445537381336975,0.684123714374915,0.0566438080794106,0.513394903892417,0.00793091400943645,0.79039508464844,0.102621313232241,0.508327466083599,0.00608838807631939
318,50.5,29.011491975882,0.678776830417563,0.0379421985080386,0.502563294971132,0.00287240088118742,0.648813354161464,0.0457263407918641,0.514221886574526,0.0135766194225719,0.78203739235109,0.115393762417653,0.517453626502814,0.0152268213230883,0.641000227872739,0.0322756079581093,0.506108818493479,0.00409243240406338,0.684311202440533,0.0578997209093352,0.512477386425437,0.0074488368626873,0.787248350215122,0.106143119052623,0.508017300114592,0.00576258336815233
319,50.5,29.011491975882,0.679096040305487,0.0380949811620704,0.502461720105133,0.00285131702020617,0.648976558912047,0.0473245549487107,0.515435415056529,0.014577282508747,0.781825529622875,0.117245452692028,0.516948143541809,0.0142634904249231,0.640908913643319,0.031704662155247,0.506387900676208,0.00454389036294698,0.68397148552077,0.0590760589978186,0.513704102365773,0.00953587127103411,0.785197411030856,0.110192331833443,0.508240813065989,0.00648999913947932
320,50.5,29.011491975882,0.678782282990764,0.0376339789760789,0.50267661450147,0.00327927453411291,0.648064290412262,0.0484699807822364,0.514425293259401,0.0143159669440644,0.781660729179964,0.119454519019878,0.51724328051946,0.0133139370264107,0.640298795603314,0.03126284834149,0.50702761382775,0.00470308103263719,0.681679524368892,0.0597127579665328,0.512805533516113,0.00886041710290159,0.785730294504097,0.113525552291796,0.508432366012558,0.00628440900070674
321,50.5,29.011491975882,0.678741339054848,0.0372118730932852,0.502466547371433,0.00256323518621453,0.646906917992894,0.0500488910114025,0.515199924725947,0.0150088127817776,0.782894346851678,0.121469898375841,0.520010651760545,0.0171711631318278,0.640282721617405,0.0306970635800723,0.506000234512128,0.00415698311549862,0.680070308051492,0.061419106875384,0.513063518221921,0.00868433723803395,0.785924957161627,0.115033503304691,0.508600610485654,0.00674356365183491
322,50.5,29.011491975882,0.678791029376871,0.0371143298644196,0.502390041294596,0.00273745074036922,0.646151424454674,0.0507646501394778,0.513966340680796,0.0143495329750097,0.784448224851116,0.121649657100258,0.518652869316576,0.0134666755037827,0.640563845923367,0.0308572162893622,0.506039732169865,0.00425262174213569,0.678766307293336,0.0614947772710193,0.513737019524139,0.00929098707475501,0.785982834572842,0.114670874136147,0.509188969172578,0.00732623499418154
323,50.5,29.011491975882,0.678398766153612,0.0365179561282333,0.50258279648474,0.00332153747092714,0.645536458440161,0.0512421532936309,0.514006472629348,0.014393513495507,0.785433942441553,0.123394822914012,0.518348335236039,0.0140219525998508,0.640397380603651,0.0303889412325323,0.505972349825188,0.00394870821035011,0.678452391983759,0.0619420286255515,0.513413926187157,0.00907202311806682,0.786866622059647,0.114275246032497,0.508786301919129,0.00675026786222098
324,50.5,29.011491975882,0.678742072015979,0.0362652023665491,0.503547657764426,0.00409750687763165,0.645431736935868,0.0516125539035005,0.513386145379426,0.0138997555667229,0.785437240549818,0.124508516647752,0.518972675438283,0.0122447321502299,0.640866456106614,0.0300006294080461,0.507264081752628,0.0050418932169548,0.678045700479198,0.0618299704402005,0.512264952025065,0.00780428157932377,0.78740994605192,0.11436714210358,0.508478673408076,0.00645169664100906
325,50.5,29.011491975882,0.678029868965358,0.0373030534023324,0.50212209113997,0.00232847855964006,0.644898862190267,0.0512594412319424,0.514906055634683,0.0151984819921885,0.78888977077468,0.122753371951236,0.51853646949621,0.0123629892147473,0.639896592064791,0.0299287807585073,0.507251469997466,0.00469561727163477,0.676653387362311,0.0607855091706951,0.512743707040091,0.00867503839793235,0.789402908165514,0.112656634226411,0.508641129749472,0.0070696641645358
326,50.5,29.011491975882,0.677848504181475,0.0386500876602814,0.502533585130885,0.00293012638227905,0.644141630866659,0.0511915145173061,0.513773390527742,0.0146265575463052,0.787887921054564,0.120807688939992,0.520406355097934,0.0148327006694352,0.639990573720123,0.0310335627258901,0.506666889719304,0.00454882014923055,0.676558902887207,0.0606643243435091,0.512146928306286,0.00809269254493072,0.791997478905357,0.10879387500475,0.509379556555473,0.00765730643496363
327,50.5,29.011491975882,0.676141622075163,0.0412215684023698,0.50273919830495,0.00323837056926461,0.643746458889908,0.05122091124008,0.513643143571904,0.014330657207885,0.793933131815681,0.11533767823524,0.518077172591968,0.0117741284855649,0.638578743906535,0.032803710585595,0.505764771272812,0.00391486082894872,0.676980914487671,0.0614302567900545,0.51388993989915,0.00989165102524713,0.793047233693115,0.103883668559192,0.510611668245495,0.00871086152567171
328,50.5,29.011491975882,0.674452015595585,0.043338110991348,0.503139450209204,0.003612697764687,0.643149332682717,0.0507232071487856,0.513941000692124,0.0150649019365354,0.796859681180641,0.111239908489373,0.518023738550076,0.0118877615999903,0.638081952149817,0.0343237919394722,0.506044005572664,0.0035315548814672,0.676924053752904,0.0607337237851537,0.512603080522742,0.00946475966459088,0.797586896622477,0.100406075977997,0.510162506320515,0.00890743032533396
329,50.5,29.011491975882,0.674828975204165,0.0448394270561516,0.502300956736138,0.00250705859450969,0.64256591667735,0.0500718529816576,0.513916797092987,0.0146473391701239,0.797976126790089,0.106413830412233,0.520334309546511,0.0137850216591338,0.637464225681905,0.0359384067020034,0.506207916802781,0.00400804516822439,0.677224402845246,0.0602079882445297,0.512845405649491,0.00920037477123332,0.80072049369136,0.0962738488228066,0.509567579022978,0.00719416589424269
330,50.5,29.011491975882,0.674778566866554,0.045076388285252,0.502513108970193,0.00241774081990693,0.64300711214989,0.0493739333752087,0.514368976662491,0.0139376449123199,0.801901213714589,0.102552589655766,0.518296008579678,0.0126406123608375,0.637415855005908,0.0365661625570675,0.506457895504912,0.00452106173386322,0.677327263628344,0.0600123317990776,0.512543655429972,0.00886218506982782,0.804215028241807,0.0920198068621759,0.50971048942411,0.00706501984595622
331,50.5,29.011491975882,0.67511443761504,0.0446687329825885,0.502755209444044,0.00305245869015784,0.643254342504059,0.0483951487284491,0.513061242944124,0.01376730352326,0.804640150033806,0.0988332407820392,0.519495870189679,0.0140306280661957,0.637643779611354,0.0357460555199346,0.50712732055432,0.00477575695068227,0.677363163913805,0.058405619711366,0.513070040011608,0.00900928522322949,0.805669267575481,0.088776666205025,0.509208742641115,0.00699715610209007
332,50.5,29.011491975882,0.675157169633833,0.0444613056499455,0.502583591083436,0.0026708517576096,0.643538976425293,0.0474289234431876,0.51388110349411,0.0142279283094388,0.806099223683884,0.0967045253461015,0.517183057449316,0.0112911576451685,0.638401170303106,0.035074994262454,0.506633434000705,0.00408776482147183,0.678436815883514,0.0573904025424137,0.514106995504766,0.00880078644095165,0.805833909256566,0.0862609218997538,0.509372788123202,0.00756409179997256
333,50.5,29.011491975882,0.675808740499665,0.0436411097064539,0.502279326955571,0.00218524577171,0.644128671849172,0.0459789446974422,0.514709207012579,0.0147534292024218,0.805382879954825,0.0949285078419858,0.518847837836239,0.0143123918716461,0.638798675507048,0.0341107790325543,0.507128085731516,0.00501837893174204,0.678904074434226,0.0556453648396522,0.513149441182801,0.00799224591129517,0.808790761485433,0.0855082705506794,0.509525105222878,0.00696838458205182
334,50.5,29.011491975882,0.675324928928742,0.0427332890794171,0.502803863567007,0.00269913706270777,0.644564254539429,0.0442987065057802,0.513116052139806,0.0132656686384256,0.809008037169936,0.09276019928813,0.517895374979241,0.0123920487115357,0.638964248649265,0.0329763051778862,0.506906281492269,0.00464188773540799,0.679340573131565,0.0545795917169069,0.512813605809584,0.00712121454716782,0.809088779328973,0.0839489496619696,0.509576404743988,0.00785515983184793
335,50.5,29.011491975882,0.674819485683035,0.0427910337918795,0.502620368156692,0.00333975625049263,0.645355659423517,0.0431526595492443,0.512679875352316,0.0123253189157851,0.809326777537509,0.090152870118668,0.518942872203907,0.0115558297994258,0.638173578270474,0.0329200960039495,0.507589854503954,0.0049789726970405,0.679109959343253,0.0533511003984463,0.513112569851605,0.00696413083909458,0.809371620167654,0.0835571720423855,0.509299098834937,0.00647586675009834
336,50.5,29.011491975882,0.6734583262603,0.0438972341581049,0.503103275466343,0.00317083714457687,0.645709164934074,0.0419353623250637,0.511962148473164,0.0121245918565463,0.809454110914381,0.0894524121297942,0.519278637021323,0.0129526301239498,0.637184666364775,0.0347420041671629,0.507217633053025,0.00460462876141487,0.680040384503371,0.0520959461347662,0.513854721182487,0.00886828785755707,0.809733941149016,0.0808657860698538,0.509528887519947,0.0063921777640301
337,50.5,29.011491975882,0.672430723255685,0.0461117361879818,0.503131969818101,0.0040542283154454,0.647197933001749,0.0400982790421182,0.511765368020937,0.0123933598764555,0.81059797802702,0.0854999809976811,0.518182166797217,0.0117429697954402,0.636764611407507,0.0372135773854759,0.506801877285442,0.00462411566465578,0.681486340668007,0.0505123432053497,0.513464854763656,0.00860907346765756,0.809162810601483,0.0796106898479283,0.510727706695997,0.00920136228563989
338,50.5,29.011491975882,0.67214268022666,0.0475368552511873,0.503504309124812,0.00394916818441913,0.648245317861534,0.038134141920675,0.512977424280764,0.0131884816530124,0.809811179343862,0.0806287054520152,0.519710909670267,0.0144803848302737,0.636753331146921,0.0387447261884148,0.507120447518028,0.00410896685647479,0.682404544929952,0.048654419332856,0.512434722518323,0.0075870907168058,0.811114325060939,0.0770519586830219,0.510268005069609,0.0074180130342979
339,50.5,29.011491975882,0.672558610378854,0.0475265042376236,0.503019427093838,0.0028339923651677,0.649354317522069,0.0368392563920776,0.514148435758257,0.0145859313601146,0.81296277056978,0.0794384940206759,0.518006447682645,0.0124197312558484,0.637166072536411,0.0393607468625282,0.507081066934318,0.00412760573420142,0.683409340545498,0.0472355775923024,0.512728399009795,0.00821682195915087,0.81054340384141,0.0740462663683648,0.510541548022395,0.00779110083220856
340,50.5,29.011491975882,0.673597949918851,0.046872126388263,0.503219987503079,0.0032831531368548,0.650184274263067,0.0353866869937118,0.513959758418366,0.0138091706062322,0.812954820865458,0.0772274536458697,0.51806219817506,0.0137074952253723,0.636710528718347,0.038638721417531,0.506880415157963,0.00433279529877467,0.684418453714169,0.0470550792699774,0.514948204768952,0.0103806970351517,0.81038857111354,0.0717357733799948,0.510641636933614,0.00804097292665306
341,50.5,29.011491975882,0.674744119810957,0.0447053740961927,0.502872514525828,0.00305161730757581,0.651271790275662,0.0352376836852748,0.514250663779718,0.013308966008777,0.814003633835112,0.0769644417223138,0.5179425392677,0.0134901717359824,0.637668688017218,0.0376564727351305,0.507236303800826,0.00434571872275677,0.684724834451272,0.0457695893282132,0.51389567595412,0.00961883483663744,0.810016652763886,0.0722064820912156,0.510900489777066,0.007836298737703
342,50.5,29.011491975882,0.675512379476049,0.0431672794310362,0.502508866431785,0.00238668682018605,0.651788344418994,0.0348461572456181,0.513923669777777,0.0128954804375182,0.813350793435331,0.0770423453317954,0.517222408541834,0.0122492415653828,0.637963551347184,0.0356772783332188,0.507697299615937,0.00514057748649123,0.684029639492014,0.0454241450279007,0.512633546511469,0.00759553874523087,0.810151910521398,0.0728494428548378,0.510783655828639,0.00749512433704881
343,50.5,29.011491975882,0.675532715988707,0.0417936277932792,0.502707302128126,0.00262833914189362,0.651210658597905,0.0359665885235718,0.51354317954027,0.0123229484058679,0.812876063913756,0.0796587576312433,0.517206138806698,0.0130200163228351,0.63758883302021,0.0342026913902439,0.507739273771089,0.00444085940197356,0.683371825934665,0.0459741451079763,0.513023200781023,0.0083106117831853,0.81144213041711,0.0736764442383991,0.510659643451078,0.00798047953975583
344,50.5,29.011491975882,0.676098936488202,0.0413800122522159,0.502768987705647,0.00307063713242885,0.651032882745453,0.0368130384264954,0.513909797668401,0.0121345639400738,0.81337185730613,0.0807556690600497,0.516602926679071,0.0124587606960305,0.637815307192254,0.0343051826051148,0.507230624816019,0.00508908583999112,0.683475589492539,0.0470297459495354,0.513035015748747,0.0100967334587383,0.811750429329854,0.0753054672755171,0.510387885799945,0.00696684810234411
345,50.5,29.011491975882,0.67608780485883,0.0406637358638042,0.502957354432839,0.00323119121918036,0.651195649404078,0.0371596319033109,0.514861928348822,0.0111690060053924,0.812948296462433,0.0820778802095372,0.517273740513359,0.0137285855506986,0.638073124749954,0.0339642537198295,0.50754775154299,0.00458147287492626,0.684099211413782,0.047217973142849,0.513106070458317,0.0105013721774954,0.811433333803022,0.0777876800856904,0.510228681629961,0.00746623944440415
346,50.5,29.011491975882,0.676155953262792,0.0403693041050585,0.502944754384628,0.00315206076768554,0.651656350092739,0.0369746087285198,0.514350047045948,0.0112908566040389,0.814357710375919,0.0816809204590884,0.517627565398513,0.0130243317957118,0.638177080868851,0.033848130789252,0.507375746236688,0.0045218573955856,0.684864405197564,0.0474269397678036,0.512732394197015,0.0090574853155521,0.8119225054133,0.0789949800961378,0.510204707177157,0.0072583817906519
347,50.5,29.011491975882,0.675693179840849,0.0402792387589014,0.503047120805978,0.00360037360623358,0.652274126328382,0.0369240175980031,0.513999809972548,0.0106841273584743,0.815711079358216,0.0811006556063222,0.518841955207371,0.0129156546531625,0.637928633801489,0.0334370265430638,0.506760525223444,0.00384437491213714,0.685614368912007,0.0475826175047829,0.513145669013656,0.0103095281029834,0.812217933193178,0.0806973522732489,0.510409746583875,0.0067932306783734
348,50.5,29.011491975882,0.676020386140012,0.0397630830832443,0.503062749215936,0.00307625307545858,0.652778492546262,0.0368761146943771,0.515145483249688,0.0126839045155515,0.817254761538207,0.0801339262057885,0.519853605939795,0.0153344629630913,0.637775082916895,0.0326613780686995,0.507733769107144,0.00458079813531889,0.685332636666818,0.0477219657085153,0.512631622658784,0.00915235095828994,0.813046148833447,0.0809529765537546,0.510570660371549,0.00777323615549099
349,50.5,29.011491975882,0.676160901061705,0.0387759141789261,0.503030436037541,0.00331987067976712,0.653369212916427,0.0366452094115287,0.514377274504146,0.0110439728973685,0.819914422490596,0.0811619018235808,0.520953259718791,0.0134430865501111,0.638029525286603,0.0320019798692975,0.507329656614594,0.00484358251637115,0.686504722798693,0.0474868621559597,0.512985898398615,0.00958546471342875,0.811991087957169,0.080291026636508,0.511205355355033,0.0078376857618265
350,50.5,29.011491975882,0.676446489798346,0.0377264398985147,0.503286005519691,0.0035843669330437,0.653751867838245,0.036088291389607,0.513928486431345,0.0115633335703008,0.819717949592671,0.0802952824127669,0.520090542638961,0.0118898034799606,0.638364720004509,0.0315409013228135,0.506605256088486,0.00383747864118763,0.68747460801409,0.0467150102393877,0.513459398601713,0.00964348210898944,0.812467989130643,0.0807323038264382,0.510806518473421,0.00643894476184687
351,50.5,29.011491975882,0.676718752778422,0.0366724452854747,0.503101662623522,0.00318599593443574,0.654618078535682,0.0356564916783085,0.514640806037304,0.0117508795583825,0.81725891880842,0.0807622290574075,0.52020615406413,0.0127980529603034,0.639244334223183,0.0304032706582294,0.506898110100679,0.00388964466546417,0.687819923717287,0.0459672119766107,0.512665775047566,0.0088304661007953,0.811566193996302,0.0805803973751297,0.511039638498746,0.00693733115300371
352,50.5,29.011491975882,0.676980445208206,0.0352974751304925,0.502795688139738,0.00278961817307931,0.655249437156388,0.0354433281565471,0.513691520236857,0.0113812233548642,0.815597574688607,0.0828110345143571,0.520285606592213,0.0128360251550044,0.639856625409669,0.0293119365870174,0.50732081062699,0.00472297547656805,0.688364720112675,0.044522134410223,0.512279228034324,0.00894740821497527,0.81218367031565,0.0823244036432951,0.51005255049109,0.00588962472283752
353,50.5,29.011491975882,0.677454807426372,0.0337710325045724,0.503066194477647,0.00342495089950632,0.65558936834868,0.034781581246639,0.513402584178965,0.0105482430210488,0.813062080721739,0.0848231658285335,0.519843696148471,0.0128071521220958,0.640181425522149,0.0282250059828164,0.507623946274521,0.00492674266382278,0.687845932798041,0.0430510327482998,0.5123462859386,0.0086503487689554,0.810687806384117,0.0841324247512944,0.510531900735173,0.00628174444481397
354,50.5,29.011491975882,0.677728234568438,0.0325415884474279,0.504049405029464,0.00508376045860141,0.654877549503897,0.0346024916702259,0.512373239396383,0.0100840852450199,0.809624310342856,0.0886905526593241,0.520163327649518,0.0146627835829548,0.640398943486679,0.0273290698666746,0.507620211365953,0.00540982440328201,0.68736301635002,0.0421817668199248,0.512129945802615,0.0083997095181236,0.809384417292801,0.0866934768783775,0.510516568499259,0.00607338347571796
355,50.5,29.011491975882,0.678946752956302,0.0322099173706288,0.502684578940351,0.00275809218117041,0.655724606231517,0.0351331522580666,0.514362104154379,0.012021507841058,0.809864893651522,0.0916392176415884,0.521748400640905,0.0151513981033507,0.640636266950109,0.026975957475841,0.507506123169419,0.00522524613601991,0.687182577239151,0.04183779507584,0.512563571952982,0.00904653138790053,0.805028534628529,0.0885474844798005,0.511517382850468,0.00752067257163237
356,50.5,29.011491975882,0.679727467520487,0.0320951716273825,0.502659758279864,0.00269284936043159,0.655463396057035,0.0355960956410995,0.513841599590063,0.0118581989463099,0.81022943544577,0.0932321596282817,0.521178182370408,0.0137600119361553,0.641482187116158,0.026417884198346,0.506686630260776,0.00450126977021554,0.688320610790862,0.0419723900019236,0.5131385769316,0.00912849067855069,0.804896783934006,0.0902523063331411,0.511537203253171,0.00742993209576903
357,50.5,29.011491975882,0.680469989309409,0.032147207800021,0.502639946008624,0.00265125394845393,0.655008162593208,0.0360793091310203,0.514157840869018,0.012432710547895,0.809147080679098,0.093359495895761,0.523457473422521,0.0154039484309865,0.642230055111385,0.025737761194448,0.507027313446941,0.00466243362799102,0.687761326766549,0.0422781817807126,0.512888113568875,0.0100802425425463,0.805570845758661,0.0903679603659847,0.511095585884275,0.00657477698020148
358,50.5,29.011491975882,0.680860083928042,0.0319668081001893,0.502547576304094,0.00245284112312363,0.65435911323377,0.0371099153638498,0.513564643203823,0.0117778731915296,0.810424590050927,0.089921402186619,0.523110689983034,0.0161325875155489,0.64327399592814,0.0254323965269992,0.506734895932892,0.00489876450802994,0.686687955324072,0.0432962193208542,0.512299823905694,0.00829220560981997,0.806378881641893,0.0895942845301102,0.511398366488472,0.00687986011035222
359,50.5,29.011491975882,0.680754455064678,0.0309052136968755,0.503931874808795,0.00399526604323724,0.652985319803676,0.03768347634278,0.512880676542192,0.0112519452837972,0.813063463620718,0.0897736739526658,0.521701979724754,0.0135401903250177,0.643410672776729,0.0252652493097329,0.506941749681624,0.00489808510914209,0.685216633001189,0.0446790849253437,0.512467361937822,0.00979410658386914,0.805697471914233,0.0889537336837118,0.511734176641225,0.00716692519953064
360,50.5,29.011491975882,0.681960463092583,0.0292345876340849,0.502554507525972,0.00254136680945731,0.652865035875375,0.038868939963839,0.514494799430566,0.01303680764222,0.811670710285657,0.089256480086061,0.522008302838477,0.0137397589218752,0.643985861247172,0.0250883329959627,0.506920688349438,0.00450094377436442,0.684482350957806,0.0459379751489798,0.512822779211733,0.00990093804424181,0.80642916337811,0.0881089714067534,0.511391515871792,0.0075201621093611
361,50.5,29.011491975882,0.68171513934659,0.0289283432323275,0.503142727422655,0.0032046038155398,0.652567907317038,0.0401144766753682,0.513652421939458,0.0114272484781353,0.813162295731739,0.0907910719339727,0.521404161531687,0.0129604211906689,0.644036275827604,0.0247378878816434,0.50689675177065,0.00410672775924835,0.684095905372808,0.0478015208920954,0.513173605668362,0.00999863039948929,0.808218260620764,0.0878019931174432,0.51143635476195,0.00697265005109237
362,50.5,29.011491975882,0.682286171576271,0.0278179297167063,0.503227451382064,0.00323226316210833,0.652023146001639,0.0412697355633482,0.512595093599746,0.0117807002812245,0.808503110446372,0.0911384117453686,0.523657094901873,0.0150324162745675,0.64378949502492,0.0245978522283883,0.506901971998921,0.00475706302449426,0.683678318581579,0.0503100513222001,0.513840693316938,0.0099676969130901,0.808245133292897,0.0865351600199096,0.511538851005124,0.00689272744345238
363,50.5,29.011491975882,0.682535978001756,0.0269238792522968,0.502639233796426,0.00195754065193135,0.652158152052824,0.0427047484721778,0.514155316750277,0.0129402180613429,0.810810837083863,0.0904152976735609,0.52140291819902,0.0120419640420338,0.644179876664251,0.0245941049991768,0.506947947712606,0.00428720630837804,0.683848976286112,0.0521258443056101,0.513089028935611,0.00965100575343856,0.809506319387667,0.0866254742615565,0.511211855202092,0.00732205365121103
364,50.5,29.011491975882,0.682362521857084,0.0260254756508446,0.502551674750201,0.00226312661793271,0.652546313798603,0.042799076501072,0.512530770539768,0.0114211486089991,0.81178479002619,0.0907513801776359,0.521804032131975,0.0130908724673957,0.644258989220173,0.0237983964271785,0.506222017232008,0.00360468230963153,0.684327079241352,0.0533307555594287,0.51377120135981,0.00961360885966,0.809944475524417,0.0842635752262762,0.51126783106315,0.00732502607136992
365,50.5,29.011491975882,0.681148963733925,0.0254697583318831,0.503355577048052,0.00456377770247299,0.652573630039881,0.0422103769342437,0.512017282132373,0.0111734837382465,0.811801055793987,0.0897314960945426,0.521965161826053,0.0132541203008048,0.643082598212439,0.0224828524820141,0.506964847095417,0.00430480311570974,0.684148051720786,0.05339411261619,0.512551350467402,0.00971882587074878,0.812441698850939,0.0833484412615852,0.510733663363233,0.00631557055383095
366,50.5,29.011491975882,0.680416426786759,0.0264658885918449,0.502554395219706,0.00228123340171959,0.653453828331588,0.0417133735850502,0.512836613420564,0.0127840465575383,0.813145078535724,0.0877097352933685,0.521545615772898,0.0128401380796602,0.642303603926288,0.0230439142752565,0.506983025336574,0.00415014767104496,0.684465407620514,0.0530797116300807,0.512353041104645,0.00917740859927634,0.813664770701154,0.0810285674033473,0.510797864873614,0.00682933650767605
367,50.5,29.011491975882,0.67958231911474,0.0277503894953145,0.503105301721008,0.00337976852444211,0.653489563143235,0.0410113939841751,0.511977739884982,0.0118365637667469,0.814552910433504,0.0874168665080663,0.520497597312144,0.0110145045184294,0.641446832751992,0.0233086265270009,0.507672731473108,0.00550033897268178,0.685004154768768,0.0516583231773449,0.512267929493247,0.00844621842274787,0.815091496929112,0.0793681611292506,0.510402657663916,0.00636920175310872
368,50.5,29.011491975882,0.678072570181103,0.0288254611006792,0.503114379586935,0.00305974901576266,0.653989048525951,0.0398322340554402,0.513722301836869,0.0133855461882305,0.813858836403573,0.0861172691349214,0.52090600729572,0.0130441634760257,0.640355756985193,0.0243076528127702,0.506815679026139,0.00411889779403357,0.686596837146404,0.0495297843933134,0.512416095538254,0.00901890640748939,0.8163299732012,0.0770304835214133,0.510859509729359,0.00629264918036587
369,50.5,29.011491975882,0.677008006358677,0.0313262149677201,0.502481634030903,0.00257551379409272,0.65405440224953,0.0393074238578155,0.515075676065745,0.013069377420637,0.815102955650417,0.0829304644392337,0.520571902061753,0.0115602154906884,0.639537142737374,0.0257382179003743,0.506690535191971,0.00392368731542446,0.686991066514353,0.0485674912918157,0.512270169130044,0.00843925232459579,0.817180364370108,0.0742534182095498,0.510943014925008,0.00654642449190537
370,50.5,29.011491975882,0.674894616224616,0.0343682571684902,0.503289943558783,0.00362899727931079,0.653774213225331,0.0390826763050856,0.515515851455794,0.0152987978321518,0.815440249585656,0.079214364602252,0.520205958292159,0.0126556479945513,0.638468770852332,0.0285900007143214,0.506661732895655,0.00445842784495058,0.687480402558334,0.0475682372433719,0.513344840105435,0.00894357858495153,0.816443421049124,0.0706597477839855,0.510856507388323,0.00663755146146802
371,50.5,29.011491975882,0.674264333162013,0.0381191238367554,0.502889892544553,0.00318408510888174,0.653292474247377,0.0389843599141444,0.514227974963424,0.0139389119179849,0.817921780792333,0.0762417181605857,0.51976181100266,0.0121807266435169,0.637991575559424,0.0311581881155225,0.506751772900997,0.00392114589980518,0.687394052662305,0.048111725014273,0.512211224973243,0.00832342525538747,0.818423233988367,0.0662604597699274,0.510704735313409,0.00646963118621242
372,50.5,29.011491975882,0.672933121166224,0.0413900873541973,0.502847530545007,0.0029609326734666,0.653290515868057,0.0392628801501374,0.513924978829718,0.0141042931532287,0.81856552867274,0.0729752467013146,0.518740132676151,0.0102634374933176,0.63710720899564,0.0335459918333185,0.507006116622664,0.00480754735095329,0.687246174390147,0.0491011013655262,0.512427851994733,0.00909701840625151,0.81836059794491,0.0629932196743068,0.510332946135142,0.00682015623629659
373,50.5,29.011491975882,0.672202193310071,0.0447097006100364,0.502489316388571,0.00260444801284423,0.652960881652648,0.0399424450126467,0.513844936942026,0.0133008481013074,0.818031651929748,0.0683830385929932,0.518837133937228,0.0132783240343379,0.63660050272353,0.0359444029082744,0.50714105546196,0.00442952137148856,0.687268650648234,0.050156275892132,0.512000671693622,0.00841671012631582,0.817132810649429,0.0604019247012732,0.510418632371272,0.00689817855511753
374,50.5,29.011491975882,0.670948012470041,0.0482520130359728,0.503309492488087,0.00328388162453097,0.652771508209273,0.0406459765651558,0.51259357802699,0.012124961915092,0.818259542084754,0.0687246272190607,0.518747278625338,0.0123812902528339,0.635964285295971,0.0379524287735223,0.507072084235794,0.00453565572329816,0.686836758255044,0.0510210025011514,0.512361737438482,0.00911001427129918,0.817409358554817,0.0591855059971643,0.51123860395572,0.00761865164839322
375,50.5,29.011491975882,0.670388712809161,0.0502562020479941,0.502644978294128,0.00256875207693399,0.652549115204794,0.0416184563811959,0.513101586561717,0.013645605935966,0.817290049513299,0.0675289409587898,0.520558573986455,0.0125233876610072,0.635189282392417,0.0398571423206792,0.507379732427084,0.00439903374172752,0.686150105728154,0.052117243402882,0.5117626039539,0.00918318914384337,0.818186841008218,0.0585001028332824,0.511117413472902,0.00691869891883974
376,50.5,29.011491975882,0.670305883922567,0.050540652651693,0.503269034527938,0.00338029716498229,0.652979599126857,0.0432607705004954,0.512617797299833,0.0123435395458698,0.818996146112844,0.0677830767850235,0.519232865133843,0.0129570586166853,0.635017306037523,0.0408415393644476,0.507177598226001,0.00440400644298885,0.685932688644016,0.0535358792639908,0.512329693770743,0.0090833794531225,0.818443987818595,0.0591909690397074,0.511470292472495,0.00812892014774839
377,50.5,29.011491975882,0.669978082123148,0.0506226539653835,0.503008607308362,0.00321447397973947,0.652864226130971,0.0453471868065236,0.512880585082903,0.0131589745573781,0.819567267134419,0.0693320974083086,0.519692464018586,0.0126770832096673,0.634476180602513,0.0411753181978958,0.506867693851512,0.00435237966631476,0.685350598102122,0.0561289973131202,0.512454764838515,0.00906113699259607,0.820056462024037,0.0602030315171777,0.51048023713134,0.00703558812375167
378,50.5,29.011491975882,0.669714559039598,0.0504652206769239,0.502659765981253,0.00226891475149298,0.652211508459818,0.0477429257383847,0.512913023361409,0.0129785890514154,0.820365541252294,0.0682542360883638,0.518752108448369,0.0126636842333394,0.633571767361134,0.0410480024728368,0.506721724572328,0.00451480071020042,0.684887228805611,0.0580632924469758,0.513090823785888,0.0106177397517648,0.819714080332761,0.0591403053354872,0.510277454871836,0.00765229982965063
379,50.5,29.011491975882,0.669073386339911,0.0500984688929164,0.503077119285151,0.002802921956393,0.652349471819017,0.049082750590217,0.513838010458855,0.0135508840833216,0.817265949732813,0.0655411596913248,0.518393186430956,0.0135961903359459,0.633030420980743,0.0412292426745899,0.507082033222967,0.00418224302552291,0.684417237240739,0.0594831151776129,0.513061461066378,0.00904492644579358,0.818361056574519,0.0581338817539596,0.511050909573975,0.00755442254585323
380,50.5,29.011491975882,0.668920203496926,0.0497400785126974,0.502907675989344,0.00292046874862132,0.652706927825795,0.0501161570839584,0.513529634819385,0.0124581873334079,0.816682237431064,0.0663442304236262,0.517911681981969,0.012342266229709,0.631917876031489,0.040359327961088,0.507847970500618,0.00536495738543663,0.684241603263198,0.0596355250377365,0.513431478480529,0.0102312110331583,0.817614637190468,0.0592040761215392,0.510640073038841,0.00724771871356264
381,50.5,29.011491975882,0.668452886724041,0.0495803982701917,0.503465987562717,0.00322598332825731,0.652860456314638,0.0495857325890946,0.511242019412947,0.0118485640828417,0.812728842075201,0.0681690156737018,0.518065200808581,0.0132959929912235,0.632344057122514,0.0392462360204078,0.506038750827808,0.00330705054560307,0.685417356476447,0.0600733003867444,0.513629989923951,0.0108818597852348,0.814242197519329,0.0628419438971234,0.510519826549577,0.00707314783528312
382,50.5,29.011491975882,0.667950657532412,0.0493073408864781,0.503975594340657,0.0041273958995093,0.653251596058498,0.0486881836433538,0.512085817341787,0.0132208509981247,0.809450667730776,0.0719813053138725,0.51958265482996,0.0147336848849607,0.631355342891521,0.0383215435089298,0.507289541762833,0.00512283255263579,0.685316545941169,0.0595450843474,0.514495626909871,0.0110191718111582,0.808704855885885,0.0693401304239538,0.510528774443297,0.00744177982135301
383,50.5,29.011491975882,0.667634034180686,0.0491381433750585,0.503284612062144,0.00307296979359779,0.65462332703684,0.0474772549399483,0.512212054081231,0.0133529454785694,0.808711139876702,0.0779878895849313,0.519105174039138,0.0141133071071649,0.631634236612881,0.0375391285593941,0.506931514182093,0.00402522111165799,0.685630241384497,0.0581899361792489,0.513409861847054,0.00918035060709273,0.808489869579091,0.0759834987436748,0.510940316015666,0.00789061076649675
384,50.5,29.011491975882,0.668365692479662,0.04852948075921,0.503382765781449,0.00339335883674169,0.655697843035159,0.045715002827445,0.512969776663266,0.0137804852048326,0.805917206324245,0.0844799083318841,0.519672480831759,0.0149047547516052,0.632332006812018,0.0369966772950002,0.50766297621461,0.00483610676315688,0.686144825300776,0.0565054557976952,0.513664017044848,0.00904886722539698,0.806460999180834,0.0805738641201122,0.510557842769362,0.00772321085935536
385,50.5,29.011491975882,0.668122074174548,0.048655375107628,0.502798411010147,0.00254962301683097,0.656597967764515,0.0434953439347215,0.51324895158486,0.0141458427328041,0.806402481268868,0.0881465975894146,0.522148871649215,0.0166614362452748,0.632077563858675,0.0368097647821076,0.50678906379585,0.00428295646998648,0.687363974165324,0.0547399493953913,0.515938627255136,0.0115587186973332,0.806253206315751,0.0838573157513884,0.510565968767764,0.00701646859678537
386,50.5,29.011491975882,0.66788753523359,0.0496701394691337,0.50314058755268,0.00327772290911603,0.657495074222605,0.0408696064712531,0.513427752352017,0.0141950662041794,0.8086163854208,0.088054553886768,0.519112251338865,0.0120532880917571,0.632784601843607,0.0373832787801921,0.507495597035404,0.00519613470817137,0.687798989217381,0.0522728279381871,0.514361799849363,0.00961101063002621,0.806822637687333,0.086031707508497,0.510155324345112,0.00714455044525988
387,50.5,29.011491975882,0.66719915202857,0.0497828479133898,0.503800798260019,0.00372283850740913,0.657716283357411,0.0378223442434537,0.512038424318008,0.0137682806275119,0.807478970773275,0.0872557565186821,0.519396708896969,0.0123389608408571,0.633624926848166,0.0376470134508465,0.507419020085743,0.0043754168739743,0.688401914011922,0.0487523653350991,0.513483968436243,0.00874004107927038,0.808743383220435,0.0857796262919543,0.510193005737305,0.00715306136030584
388,50.5,29.011491975882,0.667478033970472,0.0496940234251575,0.502893653276485,0.00288875988376218,0.658480787751485,0.0360854011447418,0.513417841825135,0.0144092264426397,0.80771714638403,0.0869509388833468,0.520480250926075,0.0132901685921411,0.633810218898836,0.0376342665379927,0.507044058136591,0.00399530656847714,0.690310755387203,0.0457361549080906,0.514025548846965,0.00949384968798251,0.80847577957638,0.0853455987033783,0.510407975842405,0.00697383036193123
389,50.5,29.011491975882,0.668204311597126,0.0488250965155742,0.502868077991869,0.00311220251570062,0.658892943029086,0.0343870313166775,0.512749947137473,0.0127339618981603,0.805977989481037,0.087767638360834,0.520325932706589,0.0141901002444144,0.634381753943385,0.0373602665840173,0.506984514288528,0.00396118829451132,0.691021623231089,0.0430883195401393,0.512823820236858,0.00801004194165479,0.808810126414603,0.0864082544656262,0.511316344203107,0.00867542744322823
390,50.5,29.011491975882,0.669176838807478,0.0465364911262608,0.502477043782104,0.00281282096669379,0.659218999756965,0.033060211140962,0.512502037379059,0.0116555192849503,0.805607380117292,0.0877848307713691,0.519818781972981,0.0117168459357763,0.634774920609009,0.0365679622240648,0.507407826268295,0.0047547466650385,0.691870891522253,0.0415492907204796,0.51305185409376,0.00917496056837716,0.807769620967949,0.0843847290222951,0.511287806901459,0.0067778036922435
391,50.5,29.011491975882,0.669095881540046,0.0440024063667914,0.502534797219817,0.00257582815585547,0.659725491056855,0.032139920313187,0.513126173693047,0.0115071532923603,0.804307480333044,0.0907672319375978,0.519761255480787,0.0113580512227126,0.635857298418595,0.0344585827687473,0.507018886806355,0.00409918484049972,0.691933806256582,0.0406008905689863,0.512344019778607,0.00819022548431608,0.808603503082383,0.0843488822610522,0.511659071181012,0.00754035024993954
392,50.5,29.011491975882,0.67009943392243,0.0416207870154112,0.502153102956964,0.00162062852200263,0.660743280366365,0.0315453153610262,0.512819966004989,0.012109346323742,0.801134463685204,0.0935519293967686,0.518630200918491,0.0103989414268017,0.636052166655747,0.0326652603245939,0.506990470297108,0.00465704767807566,0.69266888330237,0.0399478293763262,0.514267858863531,0.00920414588813704,0.806140836930886,0.0860914186023987,0.5112539451491,0.00653754315176803
393,50.5,29.011491975882,0.66958539217898,0.0390553001822424,0.502873536951494,0.0030396017004951,0.660905435910313,0.0306748384766286,0.51182352185121,0.0113196579279691,0.798845614754108,0.0972694152540086,0.518152383418193,0.0106616077339882,0.635898903035559,0.0312733973467903,0.507232485319033,0.00468318814227252,0.693094129582105,0.038792452270424,0.513559402960572,0.00820666893796944,0.805341620061565,0.0902497923738353,0.511202275998246,0.00655905728944683
394,50.5,29.011491975882,0.669501409585873,0.0391058712196537,0.502787515888613,0.00296113432648858,0.6610694197898,0.0298350158112008,0.511830675163906,0.0109550477093931,0.797114098756162,0.100625033220438,0.519469269276005,0.0121107764135742,0.635348560938168,0.0320918572281579,0.507249422715067,0.00444709846004765,0.693851492125367,0.037570120646772,0.513957838022171,0.00879183311544331,0.803184529953568,0.0947038570396543,0.511251272462848,0.00590708067203907
395,50.5,29.011491975882,0.669010614353514,0.0404360168532005,0.50217954368502,0.00206479822400763,0.661065518056154,0.0286448172275614,0.513530855330817,0.0125802299482747,0.796719434851991,0.105232355432147,0.517179073588001,0.0113081527209644,0.63513113983868,0.0329012392156067,0.507795478205367,0.00568112682793543,0.693222322300274,0.0360118247445463,0.512190069420217,0.00814403962264704,0.804175036196864,0.0976100608523467,0.511919600440885,0.00584578464452484
396,50.5,29.011491975882,0.668079425917454,0.0422925607547299,0.502795068576514,0.0036337923713642,0.660557958767035,0.0284141823901706,0.513564445430265,0.0125264989631367,0.796595261904706,0.108790262274168,0.516870247446317,0.00951161265867932,0.6350823061664,0.0333763541697589,0.506803718555591,0.00412846826593151,0.694408698134869,0.0358226802669005,0.514250754889822,0.0102669069355324,0.801105631566561,0.0993802721481825,0.511644814677097,0.00653340815232851
397,50.5,29.011491975882,0.668332790643343,0.0441547006804568,0.50257824161881,0.00293994175797879,0.660324398811693,0.0288033042060285,0.513111069647395,0.0120806000979529,0.798826482426794,0.107336450044725,0.519041618900263,0.0138306106627531,0.63523483655185,0.034638562742483,0.507382875721849,0.00518244823892602,0.693878143277437,0.0361120260193648,0.513971395527695,0.0105269981013284,0.802625424213157,0.0998005683731177,0.510640275186597,0.00631652993513468
398,50.5,29.011491975882,0.668209240213102,0.045982717965962,0.502921089321947,0.00360277686700799,0.659228016358555,0.0292659527388598,0.513074819349382,0.0121279159275062,0.799813952477886,0.106865177001064,0.518111589020153,0.0132175737088482,0.635432594843234,0.0354762336119884,0.50616457863795,0.00406748312371557,0.693519520707157,0.037463404430182,0.514639299849609,0.0111490271197424,0.801897170217636,0.0985083190131508,0.511724508947112,0.00742500211058567
399,50.5,29.011491975882,0.668622709920441,0.0467401769964214,0.502439829532982,0.00304904576547092,0.658306585096626,0.0305727839887445,0.51354113124132,0.0133690450279641,0.799623210423576,0.103588477917098,0.51826136101885,0.0128820689278663,0.635616501371104,0.0361041057253312,0.506988473172342,0.00454862045478357,0.691432483125143,0.0388456926579396,0.513430279440984,0.0099405483693155,0.801481842184288,0.0975440940539877,0.511175771333978,0.00648646396826346
400,50.5,29.011491975882,0.669053927042928,0.0466813147736067,0.50292382766732,0.00345085960398274,0.657227811437034,0.0315458230561576,0.51371577845372,0.0129250264832899,0.798975926907013,0.100357379445619,0.518395957665336,0.0144240287920578,0.636148419438127,0.03559495314562,0.506711858281256,0.00422532315863293,0.6910426617,0.0398567640620172,0.513546782605419,0.0105236699927859,0.797636284560871,0.0958674536263831,0.511252300301679,0.00658796339426515
401,50.5,29.011491975882,0.669137252065307,0.0458480916511885,0.502566269278864,0.00287373281650914,0.656747897311303,0.0327661760371592,0.514100684237871,0.0127739275992812,0.80013853809685,0.102420929801118,0.516341301188128,0.0119884070412984,0.635382556150583,0.0349360164886124,0.507066962381961,0.00438461711126003,0.68969088371477,0.0406425693420869,0.512689333944002,0.00933708715327135,0.79675031551455,0.0976774578491269,0.511106589898343,0.00621259525643446
402,50.5,29.011491975882,0.6692834327588,0.0457617990793062,0.502515657830854,0.00320747554544304,0.656191223096318,0.0336618015651963,0.513906350552401,0.0129518627509323,0.798564559205976,0.10240470402969,0.518337897544696,0.0162521423906335,0.635396882359613,0.0349261807646834,0.507235083842136,0.00445613063624325,0.68853211977355,0.0413470287568138,0.511806620604812,0.00821749669315686,0.795965611440722,0.101334710910713,0.511040747022935,0.00593119764415743
403,50.5,29.011491975882,0.669594838633872,0.0453566068109618,0.502809079953074,0.00374942527763041,0.655493756257909,0.0348231794260663,0.513177290067901,0.0120245063458871,0.796220982093751,0.108706109385533,0.51909109886335,0.0182926091537277,0.635381794261799,0.0359071727373455,0.506467614433574,0.00394391291531795,0.688561531487909,0.0421086076176071,0.512465282144908,0.00880122001937986,0.791280561540855,0.104375808072702,0.511318795949043,0.0066488335181157
404,50.5,29.011491975882,0.669445602206254,0.0445147091107255,0.502312344167815,0.00297969535337991,0.655630872518088,0.0346831920345783,0.514025451602739,0.012562053774321,0.796132377683388,0.110835897718413,0.516803989592003,0.0128816635323364,0.635183213763359,0.0360357368816047,0.506500107350497,0.00369020527527249,0.688098690376531,0.0418149246946634,0.513045210014043,0.00868106176083573,0.78822482274992,0.106997594604234,0.511579359170283,0.00583442478413983
405,50.5,29.011491975882,0.668545952015645,0.0450913314106163,0.502162442196868,0.00236224758862373,0.655417252577097,0.0339194141754539,0.512785012159055,0.0117418349189641,0.794575511049284,0.112974440766793,0.517674224684677,0.0137467829091971,0.63434450920839,0.0366896082301065,0.5071124439713,0.00439705009993062,0.687872103038281,0.0410169459412927,0.5124030151526,0.00841458765030948,0.786938170693772,0.11007064198502,0.511082419662463,0.00592614139626771
406,50.5,29.011491975882,0.667532242536769,0.0459796566756238,0.502352448682068,0.00266188387051488,0.655558840237832,0.0333443135246997,0.51252914590497,0.0112747263675606,0.793319809635187,0.114349759260236,0.517249943239753,0.0124854879256967,0.633971922901057,0.0376200022666421,0.507186058229161,0.00481889328407616,0.688396593982554,0.0400093991661234,0.512828450523822,0.0087587505637236,0.784966222419409,0.109821693904562,0.511621133319782,0.00609499466328116
407,50.5,29.011491975882,0.666429517411713,0.0464876637032957,0.502860223531881,0.00355702446286097,0.654834673272204,0.0332501586251682,0.512032172880977,0.010649668273858,0.793938691318178,0.114523759243179,0.516672087520186,0.010561381235533,0.633212533385388,0.0385045871826207,0.507065870861867,0.00481870659274447,0.688613858971126,0.0396360923359587,0.51242351154748,0.0078499376782083,0.785661642868347,0.111590614650011,0.511508942742861,0.0052964207884348
408,50.5,29.011491975882,0.665291099930298,0.0486882538539788,0.502918466401844,0.00339530567062084,0.654086494385288,0.0340107969522154,0.511819206580611,0.0114513546763773,0.792958416463542,0.114759471155551,0.518241243157351,0.0119127101112613,0.631757181242121,0.0401610490057712,0.50751879131892,0.00487485934875686,0.688457524040998,0.0398340760830363,0.512826008524677,0.00847710136254253,0.786206662132922,0.111837893167794,0.511546158916082,0.00506970858553598
409,50.5,29.011491975882,0.664538808703025,0.0509296631073102,0.502816787123593,0.00318186454661506,0.65377171762941,0.0352825492920608,0.512174630687038,0.0118791240965636,0.794312885655943,0.114984088482849,0.517960442833664,0.0125376245838678,0.631110758740669,0.0417754479001628,0.506793287192766,0.00473456434822745,0.688778975843176,0.041343426682048,0.513750722019939,0.00945259696896691,0.787009450405752,0.112650162431887,0.512007214954779,0.0056450596379813
410,50.5,29.011491975882,0.664269487431915,0.0508421807027431,0.502586535871926,0.00285462299535211,0.654188924437495,0.0355756779661161,0.513333707603424,0.0116289106597966,0.796771252521512,0.11343794763914,0.516979260734989,0.010072636731771,0.631045154298691,0.0421850339896757,0.50595237400825,0.00349714508766074,0.689234285304164,0.0424045554994326,0.514052670246985,0.0092289820392696,0.789758800142666,0.110743664341429,0.511972844276591,0.00551997189971155
411,50.5,29.011491975882,0.664404737282316,0.0502048982741989,0.503678536281565,0.00412686762849955,0.65420097830263,0.0362947459161453,0.512625508935703,0.0109578967785747,0.79582612380364,0.110692849931391,0.51871964661003,0.0136087332899557,0.63181156405667,0.041996486964096,0.50602143093504,0.00456388230742549,0.68899557348645,0.0428908086759222,0.512249288956462,0.00766174067683452,0.79340334392848,0.107235678743528,0.511718524040013,0.00557263520957824
412,50.5,29.011491975882,0.665028261643894,0.0490712960206371,0.502550706820042,0.00272059369451731,0.654149720487545,0.0366053859503865,0.514289538539534,0.0120433567876517,0.797396177085609,0.106887770243943,0.518405797124779,0.0126768291699493,0.631707317324604,0.0418195078552195,0.506267185803789,0.00429766332118966,0.688839418855381,0.0427994641979805,0.512470820487598,0.00716432222120594,0.793876685319066,0.102185276325011,0.511618809658622,0.00620397323926065
413,50.5,29.011491975882,0.66538225579089,0.0479501626732996,0.503097914628922,0.00341785249802874,0.653099630032032,0.0367365115645613,0.514698578346169,0.0118845547492123,0.796718072029175,0.104214689930064,0.517859058779373,0.0114629929095029,0.631324215489001,0.0411378524599767,0.506670592414153,0.00472121503414394,0.688124290249843,0.0439541462596973,0.512941956943638,0.00834540446357964,0.794938940134734,0.0973412394476022,0.510775430327852,0.00557762145855314
414,50.5,29.011491975882,0.66702309982738,0.0465690791232728,0.502423112101049,0.00228583497198274,0.652938120285907,0.037681343159972,0.515908925473797,0.012879339333569,0.795149468363315,0.101044967640539,0.517527559956229,0.00992830384357112,0.631986367294597,0.040323530020433,0.506153287305017,0.00406496580874617,0.687559726668368,0.0457951200161646,0.512831497520047,0.00874318637779195,0.796329237425802,0.0936428646205796,0.511376073870963,0.00557941557252542
415,50.5,29.011491975882,0.66718014328409,0.0449509273481672,0.502316616654853,0.00239492729209711,0.654082097021564,0.0382202656503454,0.515213115796354,0.0132312983149684,0.795235680430792,0.0987427767799507,0.516105427172872,0.00844861455421471,0.631567763780179,0.0393149700514487,0.506703890886964,0.00462620935690437,0.687582824737305,0.0464468451348547,0.513173883483745,0.00938108228505602,0.797452419663936,0.0919884592950576,0.511340673762804,0.00580880511529608
416,50.5,29.011491975882,0.667481254356654,0.0440524726351969,0.503032536495588,0.00365470146836966,0.653555695515641,0.0383737397988536,0.513424110443283,0.0120872488854395,0.79342460155429,0.0976867568449398,0.518162885217317,0.0119439843628587,0.632384456168588,0.0384540542731473,0.507173000502478,0.00547466502627896,0.68619138280156,0.0466377466850525,0.511943149282534,0.00736022103998275,0.798960192111607,0.0895659955037195,0.511415799610681,0.00587411347841691
417,50.5,29.011491975882,0.668393741985089,0.0437845858172081,0.502750181847631,0.00269559310470429,0.653672859401606,0.0399107825596298,0.514377737211948,0.0129967393257368,0.793437662305682,0.0998832755764797,0.51699891327926,0.0114789263989406,0.63257856223841,0.037860422374557,0.506695550112278,0.00488744889913929,0.685150778617235,0.0475206629337193,0.512985971355448,0.00925986215752123,0.798831983949098,0.089377837594199,0.511640335508711,0.00567402418122885
418,50.5,29.011491975882,0.670381621443747,0.042194172246913,0.502871644835162,0.00291297186669751,0.652539213052122,0.0416912217224366,0.513723169719894,0.0128978002059547,0.790510369136251,0.100787733325495,0.519580203677909,0.0148760599427986,0.633768551960664,0.0374192656124062,0.506782860590285,0.00449943279716238,0.684531887628689,0.0486668819298838,0.513107126661679,0.00906958375895768,0.796702467017982,0.0920686765128029,0.511428864682361,0.00614233725306023
419,50.5,29.011491975882,0.672053957681868,0.0404396843595617,0.502447362986213,0.00224933878502204,0.651993490039178,0.043014941840978,0.513916921595597,0.0131105176738395,0.792596827877076,0.102470836676738,0.518105558006311,0.0129183057492112,0.635272650295996,0.0363068422985811,0.506229286606166,0.00408943940169858,0.683909767147521,0.050205185088003,0.513124907192479,0.00852091273501572,0.796251360412417,0.0933592280201234,0.51167212499338,0.00564179565563659
420,50.5,29.011491975882,0.67310799428777,0.0391632804248577,0.50322186050133,0.00340942412829004,0.65009336685742,0.0435730255883589,0.513333768770131,0.012811620697529,0.790800075453872,0.104231604040753,0.5182328196525,0.0135524857140343,0.6355693742421,0.0350103948864171,0.506382213489868,0.00454608403170766,0.683167339084419,0.0519022476696039,0.51470730140366,0.0108387181716579,0.793426975340742,0.0938583178384852,0.511431711125118,0.00544880133472222
421,50.5,29.011491975882,0.673544764180809,0.039183119476817,0.503197257957234,0.0033266194613967,0.65000670857818,0.0439229565777406,0.51437385946708,0.0125887344775588,0.78930043991823,0.104468121360562,0.519024109341052,0.0143041259282207,0.636494047152187,0.0341668471294846,0.50709446299599,0.00477530557525262,0.681883641663502,0.0520622977839348,0.513001859507819,0.00896939377003607,0.794933308455445,0.093178257721099,0.511240861901672,0.00598144400785772
422,50.5,29.011491975882,0.673770673368941,0.0400868295874723,0.502451623863673,0.00221742555392426,0.649874844933106,0.0445138289898378,0.514269175648808,0.0127853209454522,0.789816655382874,0.103193110241255,0.517274960307666,0.0136455480676856,0.637330358842707,0.0346732464267183,0.506210837126826,0.0042404912347651,0.681525160218563,0.0534104923355432,0.514308093693482,0.0095996624199938,0.793882778782683,0.0933983920754598,0.511783403408337,0.00629788298344119
423,50.5,29.011491975882,0.673434151307963,0.0407941917474243,0.50244062899686,0.00243946851183206,0.649298093493241,0.0452776131302763,0.515127777692346,0.0144399441069486,0.792538383264644,0.103590770297726,0.517143694176631,0.0119022878899334,0.637152054980916,0.0341272687551143,0.506843698549628,0.00456172092058333,0.680652764468886,0.0544772011021714,0.513689167609619,0.010220577414136,0.794050043110848,0.0926420253357752,0.511337187252004,0.00553566766328118
424,50.5,29.011491975882,0.672938981702235,0.0419115988173728,0.502954461320187,0.00275822105349344,0.648019431178721,0.0457351437153344,0.514153573810424,0.0121094995286156,0.793286208162815,0.101813379900776,0.518348621775035,0.0149599686026474,0.636805630738808,0.0349197210910678,0.506226431142891,0.00362596172227388,0.679936505832644,0.0557812999183373,0.513219538244003,0.00974126514961207,0.797826892782035,0.0895911715965641,0.510658272741016,0.00552596069463462
425,50.5,29.011491975882,0.672641787383929,0.0421834271922959,0.503030456369804,0.0034701358109982,0.648082129459381,0.0465174791704803,0.513961929315202,0.0120646431200795,0.796353916882006,0.102359515182208,0.51745427074728,0.0116215500612103,0.637405980679695,0.0353131735247124,0.506579877808558,0.00412686711533133,0.678901409216691,0.0570649114497495,0.511965070200952,0.00840243314471732,0.799819616213276,0.0880177534471347,0.51105226725367,0.00536565244912748
426,50.5,29.011491975882,0.67266539306272,0.0429142641590845,0.50264545857704,0.00270387275966,0.647853325038453,0.0475784544668036,0.514831696475669,0.0127246689051968,0.797644890621388,0.0980189853784993,0.519585532422734,0.0150927402858534,0.636187438063582,0.0351820756014947,0.50677398231412,0.00387439539613526,0.67901340853929,0.0584260031442476,0.513657188389155,0.0104629958187049,0.800869200873335,0.0841907353762709,0.510258305387317,0.00611886242008977
427,50.5,29.011491975882,0.672296523199369,0.042791243547812,0.502996373486269,0.00315533723577099,0.647673700363549,0.0490937281287369,0.513999677703971,0.0118631919122679,0.801221822196886,0.0939449804062789,0.518283600998889,0.0118752656295286,0.636924661562008,0.0352589879616483,0.506674600384616,0.00398037308294541,0.679033959599131,0.0601616243840522,0.512935062273557,0.00871929072313523,0.803222731449728,0.0801517347657275,0.510683541989225,0.00587430540118116
428,50.5,29.011491975882,0.671851896738564,0.0425707721034195,0.502676407275817,0.00288780774207146,0.647156064168539,0.0503893672488227,0.514332094360833,0.0126520781758189,0.803374765336159,0.0900002820756919,0.517928082873012,0.0117359893845974,0.636288614095826,0.0348639033748959,0.50697372974197,0.00409810105199801,0.678537880678911,0.0612848153850461,0.514314140849044,0.0110534299189864,0.804780918569297,0.0781258373911319,0.510662864034825,0.0057068685430615
429,50.5,29.011491975882,0.671598204744387,0.0422694742670499,0.503867275812335,0.00429675732282808,0.645875625311913,0.0512778254158083,0.513521639504747,0.0119574948826167,0.803367015981286,0.0889515535955381,0.518621119308028,0.0127717770350605,0.636862794335086,0.0343747094896942,0.507789450133607,0.00495013069128946,0.677588614491823,0.0617111213588206,0.513001518163579,0.00827164508023293,0.809862074779339,0.0759563812647734,0.510358546885622,0.00610104858999181
430,50.5,29.011491975882,0.671924598207701,0.042534694592589,0.50284378666849,0.00265455689422,0.645508863092347,0.0519324893555729,0.51543160424844,0.011734422735888,0.805349494593651,0.0848572082669457,0.517761333737988,0.0120912487493665,0.637295894062944,0.0345226756407126,0.507651483042633,0.00514276718832135,0.676555923913951,0.0625206732745837,0.51336291443188,0.00901876046229755,0.811510233615678,0.0737334961887642,0.51039451375766,0.00627148665631328
431,50.5,29.011491975882,0.671742638390256,0.0431136480592649,0.502811659807875,0.00301897202656635,0.645815866932085,0.0512682773611897,0.514663329623455,0.0128034180688947,0.803620767862225,0.0822677654929506,0.518017419095388,0.0113687739362154,0.637645287959654,0.0344704211987496,0.507670544681912,0.00463108501358595,0.675743449869156,0.0629501102167527,0.512372420592448,0.00906651927484881,0.81202660569584,0.0708637874067686,0.510659947960487,0.0060494685682278
432,50.5,29.011491975882,0.671416042404839,0.0435079071900696,0.502588738168325,0.0028724083801277,0.64625191728199,0.0505944860283321,0.514579155087573,0.0131035676400533,0.803234347847965,0.0816871246863369,0.519169881648934,0.0123470597294938,0.637207351560716,0.0347530719884818,0.506955855409406,0.0042069404075276,0.676781697985558,0.0623012931713568,0.513579715851041,0.00978705115369051,0.811784240280007,0.0681349516569341,0.510464837489398,0.00621457149198739
433,50.5,29.011491975882,0.670564966053421,0.04454485197763,0.502238170311079,0.00276205371393038,0.647037008597279,0.0496354865352558,0.51377626338596,0.0123753184449076,0.803706986663066,0.0792693831499192,0.518749800743752,0.0120610272103889,0.636343740257597,0.0362032322393013,0.50700495615778,0.00460801985493641,0.678374657376351,0.0608031274157709,0.514286464430157,0.0102159406365296,0.809786213591392,0.0680767627435668,0.510306496567037,0.00615714633607538
434,50.5,29.011491975882,0.669583426878682,0.0462463477531005,0.503006971509065,0.00342512182288042,0.647571075508121,0.0479384294349969,0.513001080978814,0.010886762684272,0.802259182908086,0.0816157885855302,0.519017595035201,0.0121523725749045,0.635341959957504,0.0375149125422944,0.506540304647661,0.00511793018689486,0.67915255907579,0.0588980095741759,0.514304009904362,0.0103274567676825,0.809633178272667,0.0681613128254782,0.510131384978299,0.00603918174454348
435,50.5,29.011491975882,0.669169833206256,0.04766570935579,0.502788885748659,0.00321510056699642,0.648044419282689,0.0463649969853758,0.513664875467342,0.0124420756264425,0.803145253547637,0.0799932101732421,0.519203659713989,0.012500238168642,0.634791469835002,0.0384352050283659,0.506946061804427,0.00423149393794826,0.680052605892938,0.0568278503489428,0.513707600328523,0.0108245068456573,0.81032629128215,0.0697018586189101,0.509742796159044,0.00610495776780965
436,50.5,29.011491975882,0.668899391122643,0.048681427858226,0.5029058172824,0.00296231242160196,0.648856708143741,0.0445844981503882,0.513471740508075,0.013883100840638,0.80339015317125,0.0825910114779652,0.51897666566014,0.0123059576974311,0.63373053103118,0.0388413092763199,0.506932560600923,0.00458376390223534,0.681219269473458,0.0542669645354425,0.514081466142937,0.010741403050376,0.809553912130123,0.0710392564773151,0.509727106688674,0.00576239012595497
437,50.5,29.011491975882,0.668009908718281,0.0497641774216961,0.502680486368813,0.00271983796628504,0.649906547403046,0.0429188548698463,0.515176362001711,0.0149038612423767,0.802556116396497,0.0811231917285961,0.518465296004746,0.0114115242661829,0.633282976299692,0.0404175002329368,0.50683690160931,0.00437273986082502,0.683049753440232,0.0522054215536965,0.513498471574716,0.00942084415789194,0.809581279240797,0.07272957169022,0.509453932895459,0.00541191369232816
438,50.5,29.011491975882,0.666862668900297,0.0510591361266242,0.502365120252362,0.00236783424187057,0.650393989042889,0.0406629060057441,0.515580848013887,0.0146775324105372,0.803714647898209,0.0809053182363866,0.518285978888344,0.0128189787690098,0.632895239129155,0.0415420138080591,0.506434825349724,0.00415602141667546,0.683930150363374,0.0499681414776651,0.51295870630776,0.00985951903523603,0.810565924394522,0.0732084495117683,0.509537766424789,0.00580293007583165
439,50.5,29.011491975882,0.66599387663602,0.0526904339962446,0.502444112720925,0.00247993353363116,0.650342012495342,0.0398587132237728,0.514733146226512,0.0140393604282112,0.80505390633486,0.0797730924805618,0.517790437053037,0.0122937459411715,0.632124739185073,0.0433831845534938,0.505784667749329,0.00337032279946662,0.684677748091648,0.0490503118184807,0.513633995286959,0.00995845917269788,0.808852811204373,0.0740544519044107,0.509402721041719,0.0056608949516145
440,50.5,29.011491975882,0.664825543123537,0.0551736418063733,0.502245905951037,0.00208757511943476,0.650121131030877,0.0395724804309294,0.513950864618633,0.0133040720316027,0.801062407223514,0.0805720677897513,0.519314915757947,0.0122458742500892,0.630651049105462,0.0453524448506188,0.505879208099952,0.00380709066826615,0.68496253731324,0.0492673767189289,0.514170689342644,0.0104065297709303,0.80622209249183,0.0767220360201487,0.509349959909314,0.00584210143278797
441,50.5,29.011491975882,0.663943027602544,0.056781025294011,0.50242409227159,0.00260494013115143,0.650125718405023,0.0401506319034319,0.513096609859334,0.0128824647098006,0.799542171034791,0.0828410979138219,0.518693221879294,0.0122502529969624,0.630480097227492,0.047103245334711,0.506945603084967,0.0043942440308069,0.684494806911327,0.0493146016027291,0.512176565803807,0.00895245142667072,0.805321874132502,0.0826922389317671,0.50908430908253,0.00543572154123588
442,50.5,29.011491975882,0.663301963476791,0.0570256042590781,0.502514101050379,0.00335158294941596,0.650539670541849,0.0411279738414356,0.513523164416809,0.0126390609818722,0.796248259091733,0.085792016823775,0.518277646924745,0.0118576404775239,0.629024364449559,0.0475411814481114,0.507061098503481,0.00462944080238919,0.685208488074746,0.0501512481081101,0.514301944935218,0.0114645927365026,0.800344045254633,0.0864329172066219,0.509384001343329,0.00616894379295882
443,50.5,29.011491975882,0.662633980653981,0.0573905948982172,0.502274358040007,0.00275936018054463,0.650350380219704,0.0414543941282108,0.513410983843773,0.0129211108261132,0.797253694425288,0.0903816152355958,0.519026227706212,0.0112689484199844,0.628777916285329,0.0476992655865006,0.507154535831533,0.00498148276862722,0.685808215061251,0.0508256911540957,0.512849823948358,0.00940152149315461,0.801531463504775,0.0909659907904115,0.50935785756073,0.0052258068524045
444,50.5,29.011491975882,0.662580114782867,0.0576586756782891,0.501942866718536,0.00196793809278906,0.651044840628206,0.0409263834600182,0.514440631040083,0.0130836240089835,0.796083549221337,0.0940720308097853,0.518242488689135,0.0111005538002214,0.628484041156222,0.0478924875883076,0.506937042420569,0.00411901298778629,0.686619010031032,0.0514860519322343,0.512837151518598,0.0108966490007807,0.800809150479106,0.0938013621087955,0.509450418979099,0.00590894095181589
445,50.5,29.011491975882,0.662289742353028,0.0578381297722894,0.502081552938843,0.00289755859452724,0.651438558609106,0.0397001452836036,0.513455324326294,0.011733068352098,0.793186659081578,0.0962341339662472,0.519525897354375,0.0125626492556028,0.628175399491864,0.0479162630062478,0.506850716480093,0.00423162475302818,0.687297309765788,0.050305635038752,0.512844022065981,0.0100784984925507,0.801170002684387,0.0966498993825743,0.50927853107229,0.0058574457655918
446,50.5,29.011491975882,0.661729621000152,0.0573277192852218,0.503188123895697,0.00382105567340342,0.65192805925417,0.0375065823667999,0.513406064699787,0.0115277031166294,0.793943136461998,0.0965938039951559,0.518081030803044,0.0114502410363966,0.628461004046876,0.0481192713699795,0.505973016018994,0.00295786129464375,0.688183354133244,0.0484023489711759,0.512365096386633,0.0104226008346443,0.80134060051912,0.0953117181113686,0.509678019858345,0.00698703273679724
447,50.5,29.011491975882,0.662828383935879,0.0562340129949572,0.502250659686884,0.0030354866228942,0.653137433810421,0.0364468117495134,0.514007186677214,0.0123393206635146,0.795309076498115,0.0960741138494172,0.517164829599195,0.0118150664079507,0.628247675998742,0.0474779005616093,0.506718526126206,0.00401272444443248,0.688580072466851,0.0459522561970016,0.511442799184272,0.0082956152719651,0.800903031572917,0.0950017412883495,0.509163409217056,0.00566662480615447
448,50.5,29.011491975882,0.663467144274742,0.0551865391191821,0.502530708447164,0.00294851882510417,0.653901902437615,0.0351589415267163,0.514397551516244,0.0134603769498671,0.793888947883853,0.0978703096014824,0.518677516358524,0.0142741203754787,0.628338737705094,0.0461896093348996,0.506580446477602,0.00421371855973898,0.689945820814925,0.0436813662340265,0.512472502480527,0.0102792096722974,0.798877449308086,0.0945725439569964,0.510369442515726,0.00754314136540623
449,50.5,29.011491975882,0.663922776857748,0.054063393791482,0.503007696234639,0.00332362359176641,0.655177935187639,0.0335305201596735,0.513456373398349,0.0125837985409908,0.795370408594797,0.0983053614973528,0.517614155960238,0.0122293359099806,0.628669289671767,0.0450450447348693,0.506971134379788,0.00465156293926923,0.690522856365136,0.0413100065880431,0.511562218930244,0.00853935716514147,0.801483958538585,0.0948116094062218,0.51023487217374,0.00628529717391221
450,50.5,29.011491975882,0.665403080086313,0.0525532765467897,0.502520576665658,0.00303213881538254,0.656560716707258,0.0317633031003566,0.513952787975134,0.0140221654741581,0.79529031562237,0.0978988635541994,0.518554336659699,0.0120375021678383,0.629318911668597,0.0435816820828304,0.506598740075653,0.00365058489099397,0.692649055772091,0.0394717903974102,0.512468919242503,0.00911192235965609,0.803010441057697,0.0950396803742636,0.510389601641263,0.00643493739557323
451,50.5,29.011491975882,0.666561338698113,0.0504960808126563,0.502857561045985,0.00333343902806428,0.657107275687446,0.030433708934724,0.515047979779458,0.0131135493321992,0.796219636796107,0.0963978631529658,0.519030923444384,0.0132158720753664,0.629749493610688,0.0419734578878691,0.506828915021876,0.00470978584507772,0.693397092625755,0.0376933388840583,0.513196650753112,0.00977377126203978,0.80382908092455,0.0941566994449909,0.510839033454389,0.00638327208489226
452,50.5,29.011491975882,0.666876456446658,0.0491940566991403,0.502884962815744,0.00306481502437741,0.657988622673375,0.0291285315700324,0.515258323976362,0.0132286204390752,0.798626255333564,0.0953887128812014,0.51911739704296,0.0115635204018941,0.630374748231382,0.0403724172716595,0.506822319216553,0.00485970164773115,0.694187592529414,0.0361200934600615,0.512724397384697,0.00978032873099952,0.806000818226763,0.0934661089200644,0.510402307402722,0.00623284150713736
453,50.5,29.011491975882,0.667375220244288,0.0482450883837063,0.502901751981764,0.00303894864348132,0.658583601924346,0.0277124589228939,0.514943667107096,0.0147317866934686,0.80133437194456,0.093590501096375,0.519414273166381,0.0111791921228047,0.631157924663732,0.0394950819104651,0.507168485170535,0.00434952236180052,0.694370999245177,0.0338896120860352,0.511366443321441,0.00758571613401842,0.806759377992359,0.0904918942095892,0.510874259117426,0.00662893106090606
454,50.5,29.011491975882,0.66817009554303,0.0472096245938584,0.502539754952623,0.0027987322396419,0.659518110563059,0.0261305690850019,0.515229044773169,0.0137132900781504,0.802090467305381,0.0949783090683072,0.5201841326153,0.011936782507905,0.63191732188314,0.0387072653531401,0.507018288066619,0.00487667001140702,0.694754229613872,0.0323505514556655,0.511628145691642,0.00779940886512916,0.804860298816395,0.0891368803535603,0.51176769941563,0.00768056539753277
455,50.5,29.011491975882,0.669107460692223,0.0457606567921175,0.502354004847513,0.00258261881617369,0.660994590801485,0.0250956811276105,0.515607710414469,0.0128629514565265,0.803310894289331,0.0957318387395727,0.519999278227501,0.0123813831767356,0.632532839114707,0.037236811566871,0.506299501652643,0.00414865476063204,0.696597852151039,0.0319179054705392,0.512977368582378,0.00901987765749158,0.80259631492465,0.0869629177999297,0.511520255232772,0.00726470745807744
456,50.5,29.011491975882,0.669798742715422,0.043777915412725,0.50272193625214,0.00282624549737886,0.661195255148956,0.0249902551180094,0.514468111394624,0.0126009123372102,0.806855378320143,0.0951308624943483,0.519474983608896,0.0112002046942072,0.633216637413778,0.0362967526992642,0.506718839124941,0.0045125249177269,0.695888436057019,0.0302885072704757,0.511367176542948,0.00715024699464944,0.804476496367097,0.0869734076065693,0.51110421073037,0.00666511552010288
457,50.5,29.011491975882,0.66984273290818,0.0431436469064416,0.502710543920408,0.00292403097602773,0.661014887241489,0.0248348999130301,0.513409504216086,0.0115875676872321,0.805692791092296,0.0929900042161863,0.523737799040198,0.016947101909655,0.633395794761296,0.0358427867140374,0.50628199550205,0.00324884412516579,0.695542802074998,0.0294600822852199,0.510673092800819,0.00788889517496145,0.805676690702389,0.0849890267712491,0.51177806476748,0.00657596067790897
458,50.5,29.011491975882,0.668449761678679,0.0427477972882636,0.503548084277665,0.00401548883347012,0.660675651510437,0.0253298836553033,0.513571452022424,0.0133897042076958,0.808801382023609,0.093109183332484,0.520554501257618,0.0133963728626567,0.633309218222974,0.0353307655730134,0.506129193733718,0.00359908170999461,0.695318621225627,0.0296835768096131,0.510579267792387,0.00796729128504814,0.805895120676063,0.0839276497669818,0.511766406361181,0.00717700886479742
459,50.5,29.011491975882,0.668373113251266,0.0438312040667881,0.502888308600196,0.00275219597689502,0.66033523677347,0.0263157488901042,0.513833179042086,0.0128844307284215,0.809910332937889,0.0897716696375081,0.521073386807679,0.0138704768528788,0.632366380496348,0.0358722954682754,0.506942677376955,0.00474231443908643,0.693764408543606,0.0308418689219742,0.509880301376401,0.00789319092296121,0.80878078668198,0.0834565122680315,0.511035072283424,0.0054513163205004
460,50.5,29.011491975882,0.667782002837051,0.0451197551797245,0.50266671912458,0.00264123192648268,0.65983493089309,0.0280855073910921,0.514361820769721,0.0131384774106282,0.810992089112484,0.085519519096969,0.520382126428507,0.0130852707581077,0.631862788066994,0.0372458244481543,0.506906781870812,0.00412801980042969,0.692790411495028,0.0329336127551835,0.511019215668822,0.00782023893511585,0.807271535751566,0.08061697530631,0.512532014699235,0.00679879715969181
461,50.5,29.011491975882,0.667453236833849,0.0468164024592225,0.50258229738468,0.00249222857340061,0.659194866319667,0.0302344021515871,0.514893494415689,0.0130274063232138,0.812696465839511,0.0813108038478714,0.51977521623751,0.0127668460754078,0.630915307927966,0.0380386268154056,0.507147435656484,0.00511011659279382,0.69173878368882,0.0351294251891141,0.511077203545417,0.00832898271976082,0.809191783627369,0.078446653318038,0.511308376692894,0.00606602460587654
462,50.5,29.011491975882,0.666936991324839,0.0480909153675559,0.503082978320881,0.00362762380038654,0.658203047577548,0.0320912600013378,0.5144507586134,0.0141736859024889,0.812481676641541,0.0804175485573828,0.520664850327699,0.0128189033864591,0.630366867631018,0.038983150345633,0.50696739099352,0.0045136319547062,0.691545458996118,0.0381225602958378,0.511229388036453,0.00871043696505004,0.808897447157386,0.0788393007790753,0.51141607403512,0.00600475151387006
463,50.5,29.011491975882,0.666018621709019,0.049302861482603,0.502717631733463,0.00339109786803035,0.658601310135485,0.033880379554222,0.515006866142676,0.0142552626519659,0.812753596268751,0.0783886242658538,0.519759049005806,0.0124233185095579,0.629372469644646,0.039825809057418,0.506553637763937,0.00440293863969426,0.692089983933465,0.04117577043881,0.513378766622497,0.0102283893656168,0.807610978832914,0.0804732651820901,0.511120592112991,0.00574106540177537
464,50.5,29.011491975882,0.665873198546367,0.0504855676264932,0.502526196419261,0.00276209703938978,0.65851850353503,0.034996716102577,0.515307798735126,0.0133467846323478,0.812286208250857,0.077312226326498,0.51909707788762,0.0115815631876656,0.629231972554909,0.0414412856337274,0.507636390951254,0.00522589481720176,0.690722559668422,0.0421118218111696,0.511321817259051,0.0079131711307744,0.807315478250051,0.0821288211590416,0.511607953942541,0.00640736554740341
465,50.5,29.011491975882,0.66483766547272,0.0522743733414208,0.50279657104822,0.0031737435804319,0.657992781352478,0.0347912584410648,0.514465207095876,0.0135133473560319,0.813393987903373,0.0756589957635487,0.5197124554513,0.0119934337561614,0.628542423974129,0.0429061340256835,0.507066164134085,0.0044297145036868,0.691189305829756,0.0425029558429755,0.511760588091136,0.00811549258641501,0.806539326178537,0.0823484062652233,0.511761876778993,0.00618708423996927
466,50.5,29.011491975882,0.664047556757773,0.0542672697845485,0.502575086086366,0.00313263493083695,0.658525561704692,0.0345350909173264,0.513943450110269,0.0136740676554912,0.81390807704762,0.0737157339253943,0.519430243530949,0.0113240598317498,0.627962848512678,0.0440826887867088,0.507554753490223,0.00597815010944403,0.691485305745842,0.0422274185562088,0.511396074422316,0.00885019993380119,0.806423793494743,0.0813180316305518,0.511493854113785,0.00595426820110767
467,50.5,29.011491975882,0.663912359423141,0.0552162586400286,0.502265378489112,0.00231395262422788,0.658754234171384,0.0338834546209496,0.513610950182055,0.0133260709720834,0.813723310118072,0.0713223077381245,0.520234786376396,0.0122657589009025,0.627500487594232,0.0452188435358139,0.507551904045396,0.00568222619713316,0.691890958919491,0.0404128039126777,0.512625453313706,0.00969212832876287,0.806684148425292,0.0810923222383697,0.511207605334538,0.00601817208709191
468,50.5,29.011491975882,0.663612422527079,0.05613301647604,0.502605310311708,0.00307120060494835,0.659029119211694,0.0325559991231967,0.513376714175348,0.0126717330568663,0.812918836443288,0.0707977697749262,0.519740974668827,0.0134442226529418,0.62736577006995,0.0461597392034185,0.507250241395832,0.00519205833864776,0.692346632220729,0.0387120491350309,0.513041558127964,0.0100216097793083,0.805958370987502,0.0801972052137886,0.51164176925202,0.00635473729867325
469,50.5,29.011491975882,0.663242162921681,0.0569821152710211,0.502648385942776,0.00316955828257076,0.658572332542493,0.0318140186460911,0.513344887923545,0.0129600731280984,0.813859681609864,0.0711688488864682,0.518426212683683,0.0109881971359224,0.627718171549345,0.0472631443831655,0.506576844637515,0.00436675407147845,0.692520219090805,0.0367598570257158,0.513573965769665,0.0101405936898286,0.805676252788117,0.0819178858918623,0.51168672747422,0.00690264211081536
470,50.5,29.011491975882,0.66272457835039,0.0583676606252494,0.503242132060998,0.00357539448176538,0.657669340781912,0.0318795223772037,0.512729502684175,0.012360127896618,0.813414993231136,0.0747913933807177,0.518835376425884,0.0113636073852041,0.628155448090024,0.0485347710654746,0.506733151274052,0.00481565805436506,0.691935816634879,0.0364697784590869,0.512595477388915,0.00920689869188025,0.805734513655384,0.0816333454709829,0.512650460507304,0.00889268770857497
471,50.5,29.011491975882,0.662587491064364,0.0593526512413058,0.502624024834487,0.00308970603711056,0.657129866344551,0.0332612260972715,0.513812575178225,0.0136610629637062,0.809905134888366,0.0781695431731027,0.517751304732327,0.0107447121654959,0.628243695372771,0.0493797733820295,0.506927854789325,0.00520237113653076,0.691604874245788,0.0369044964087594,0.51098781620222,0.00799308514357023,0.805789991191352,0.0824505735102431,0.511847898616575,0.00703105645880173
472,50.5,29.011491975882,0.662573919111789,0.0603746427383505,0.502640442589492,0.00324137465352498,0.656407032462591,0.0338498259606376,0.512574092998758,0.0128157802356538,0.808329519257305,0.081973581774997,0.518694104346544,0.010625880250498,0.628200393408892,0.0497456281397638,0.50713785869092,0.00487833253799019,0.691048787241821,0.0385973115591187,0.511408488199435,0.00909143688062861,0.804628713566089,0.0831190598504818,0.511687807355267,0.007095106220162
473,50.5,29.011491975882,0.662317340325432,0.0603759657559796,0.50260238923586,0.00275397529066185,0.656175574608865,0.0350180008191233,0.513147405819256,0.0125396786257501,0.806920448910291,0.0844176232345869,0.517994409951173,0.0101741351095021,0.627893146456255,0.0496475867364442,0.506942810754648,0.00436918204112269,0.690873472765999,0.040538155932114,0.512580328306988,0.00885299394477245,0.803473184622776,0.0841232046057204,0.511322277799658,0.00679677068274454
474,50.5,29.011491975882,0.662470736146159,0.0605141405159305,0.502538164568249,0.00272731308738845,0.655664041959148,0.0352680500582566,0.51353951490656,0.0128294558289863,0.805380128795701,0.0855220013580372,0.517911526659408,0.0112401827121962,0.627810396703414,0.049314857960196,0.507080726248423,0.00481533376250916,0.690196066398458,0.0414146089406883,0.513425081601225,0.010228551724351,0.802540232521736,0.0852015836025481,0.511182791021081,0.00642546813733266
475,50.5,29.011491975882,0.662176012546416,0.0605552374119474,0.50266233507461,0.00273503644807749,0.654908346690702,0.0352759583439056,0.51394056556592,0.0121024648501721,0.80622437350869,0.0876504864764214,0.517308141454751,0.00993030661566892,0.628008801800754,0.0495892572901239,0.506179607586443,0.00421191500538633,0.689852620092763,0.0426905632571689,0.513626246051389,0.0103492093305247,0.8031095337435,0.0859244385799777,0.512214769308563,0.00710873795756074
476,50.5,29.011491975882,0.661114773530919,0.0601546247020176,0.502726285034947,0.00290436530556843,0.654152462369894,0.0361007243555131,0.513843848238725,0.0134226960252691,0.807366086159885,0.0871646610539343,0.517647528983181,0.0108476059527187,0.627464255138458,0.0486898365288542,0.506912972456009,0.00461256274254749,0.688682265442796,0.0438204125534962,0.513292283977179,0.00973267255392409,0.80308694792796,0.0827162411049394,0.512285645780114,0.00781725247551855
477,50.5,29.011491975882,0.660884193304447,0.0602648642064725,0.50231678179614,0.00222793665418518,0.653405125435636,0.0375999993921382,0.5137022881956,0.0127439056126334,0.807965753434626,0.0870086003938574,0.517904728124021,0.0120401967214848,0.627340723087934,0.0488551094780144,0.506950832555415,0.00437352574963763,0.687853978171117,0.0464439889347207,0.512173106915922,0.00914417299600465,0.805565580296212,0.0800773127416228,0.511517434866724,0.00734922785770904
478,50.5,29.011491975882,0.660657477137994,0.0606607260918064,0.502823880229528,0.00285505544399029,0.653037724707653,0.0398004316043272,0.513643353964828,0.0125436144029642,0.810747266389289,0.0850724325507727,0.517005448488462,0.0117714990408651,0.627390584058389,0.0490947377237017,0.506692915623038,0.00351987143648513,0.687536117610071,0.0495505375793787,0.510884335389531,0.00951125315474548,0.80795406428384,0.0773676701092864,0.51101292733213,0.00641554313429338
479,50.5,29.011491975882,0.660658067705965,0.0609582106354432,0.502578034036654,0.00238869552641729,0.652097430491645,0.0422991637065662,0.513046944524668,0.0119082013098376,0.813214739476107,0.0839080397440968,0.517088511934018,0.0100794497352626,0.626605669900648,0.0493985535655223,0.507824276252712,0.00609846751061677,0.686542698323481,0.0517975096318731,0.51173737292756,0.0107398434929365,0.807617981086223,0.0750280555400296,0.510830117170726,0.00599822961583325
480,50.5,29.011491975882,0.66040213092939,0.0618872554871469,0.503462293731504,0.00436418731845098,0.651564895985254,0.0439888168307122,0.51406524446018,0.0127656638795813,0.810217542973868,0.083949103078812,0.51737116236629,0.00989656485820686,0.627748524204864,0.0504018032711443,0.506485720367171,0.00333308737524041,0.686978949390866,0.0542898358724033,0.511457593593314,0.00964589256070582,0.809362189785472,0.0757754135282748,0.511380762355195,0.00668801519225989
481,50.5,29.011491975882,0.661042349481212,0.0625110304782957,0.503138369432067,0.00339899200610913,0.652009832170556,0.0444540584804428,0.514733797016014,0.0133281860836661,0.812407372856776,0.0832109199012597,0.517189923588015,0.0104492291419434,0.627967730538347,0.0503301684623191,0.507978318832916,0.00551955836866083,0.687171755802175,0.0557837498104634,0.512493590192241,0.0107392680150313,0.807698197816842,0.0765276828436021,0.511103428500076,0.00664521625260519
482,50.5,29.011491975882,0.662694016314338,0.0622834649201077,0.502322773692646,0.00262260635969384,0.65232581232421,0.0451904048212162,0.514163548165953,0.0127420988724791,0.812655355451072,0.0829616731377772,0.517731238003115,0.0114303136395008,0.629141502836831,0.0500609723287006,0.506954645094048,0.00456220339250378,0.68805433244886,0.0562899632229386,0.512469052318734,0.00973677117814196,0.808395073981575,0.078895490251294,0.510711524442465,0.00687476695848497
483,50.5,29.011491975882,0.664024307000798,0.0607754806805837,0.503217683134844,0.00371735132943557,0.651855748949059,0.0446434407343078,0.512614516971251,0.0119588093585941,0.811735904441921,0.0849980293489798,0.518939921644259,0.0129228907124881,0.63019796855084,0.0492556790779074,0.506851347060624,0.00405059971822255,0.688153580113583,0.0561173025757417,0.512270224920346,0.0100604047211413,0.807745572946093,0.0802230072231438,0.511180549250279,0.0078258684291946
484,50.5,29.011491975882,0.665236019844502,0.0588990762297427,0.50255095829429,0.00234082281172721,0.652679572753234,0.0434439983707473,0.513371580932998,0.0132439287079299,0.811013995302851,0.0864257328095912,0.519967119123771,0.0158352127458999,0.630611288676003,0.0478214731741465,0.506985923360199,0.00480665865339697,0.689043037660266,0.0550039119977661,0.512491146040744,0.00995666370619692,0.808672717694814,0.0819265918120353,0.510709961913848,0.00715774816103646
485,50.5,29.011491975882,0.665732215788464,0.0571324193104458,0.503275430184919,0.00384463155177211,0.65333006610558,0.0409044949926018,0.513396628638973,0.0130910211323766,0.812206936862799,0.086231257520099,0.517786707208521,0.013066363216302,0.632034190926428,0.0461996184507565,0.507186912403719,0.00417853363129285,0.690076351677276,0.052528839610505,0.511802715849078,0.0102410943088883,0.810874461425862,0.0821292371709967,0.510359730574669,0.00653707344109213
486,50.5,29.011491975882,0.666993088537464,0.0549871717828259,0.503451245024953,0.0037087081703783,0.653742212273691,0.0381281314479025,0.51435299864473,0.0139149416440446,0.81321455327261,0.0854219967901504,0.518231953207992,0.0127166631581049,0.632905038349872,0.0443087781577086,0.506826437761588,0.00423504399828354,0.691398221996286,0.0499051392090238,0.513205645777165,0.0124112549949141,0.808711441189594,0.0816882784769771,0.510591200472129,0.00637331387391739
487,50.5,29.011491975882,0.667942631002079,0.053413723241005,0.50312148046231,0.00357512176674237,0.654239060130675,0.0354026158307679,0.51420749007169,0.0135031460697131,0.814920842826466,0.0825377609765879,0.520163590939196,0.0147977996222758,0.634004437966594,0.0427668680221909,0.506986228013145,0.00451302307147275,0.69160618200501,0.0474312348445294,0.511144576955257,0.00943068973205413,0.811498051747814,0.080356946382334,0.510565523022482,0.00718569018988666
488,50.5,29.011491975882,0.668597690884098,0.051724872998953,0.502776175142,0.00312747972942997,0.655338758549623,0.0330759463010367,0.514101253524541,0.0128266907520375,0.818440055196196,0.0778786148098201,0.520393818609263,0.0138214018882744,0.634736894417093,0.0410400079677332,0.506942764543816,0.00468557060037489,0.692226539187908,0.0448089253366469,0.510572319014818,0.00830960014698686,0.812316745302716,0.07921498884209,0.510126878067485,0.00645590207786128
489,50.5,29.011491975882,0.669854111707297,0.0493912448122133,0.502633644818865,0.00240129506466565,0.655853862342202,0.030973261281663,0.514177885075951,0.0129007476375937,0.819707464223203,0.0741324483287634,0.521115456128087,0.0134433598628797,0.635303221019645,0.0390204233677678,0.507463031445652,0.00508424014751109,0.692452656439818,0.0427161690952796,0.511079286072414,0.0100754589178242,0.810781056989247,0.0767290074414603,0.510475851131961,0.0068381196540358
490,50.5,29.011491975882,0.670449519601029,0.0479789002897726,0.502599103660773,0.00268471311687068,0.656672230133662,0.0307110875625504,0.515040389868785,0.0149615873935083,0.816644370603869,0.0728205267967147,0.521367489364884,0.0150971065135528,0.636596025871949,0.0373421492890736,0.506427050210559,0.00373288115570192,0.692468042414515,0.0406074425989088,0.511235388567124,0.0102103601424959,0.810842442562746,0.0737420555873775,0.511320003832916,0.00750332481292023
491,50.5,29.011491975882,0.670909761876714,0.0469924307934671,0.503093671554926,0.00312312425148373,0.656645696426999,0.0305620481830137,0.515223824173746,0.0133606297749101,0.815349492534179,0.0705958222933673,0.520359154979911,0.0133875578342032,0.63663354012025,0.0354304506167986,0.506813624327016,0.00431614286754569,0.691326036132042,0.0399944380641643,0.511575777622578,0.0107431732317024,0.810304721868528,0.0718699450108435,0.510876036996751,0.00723044879432855
492,50.5,29.011491975882,0.67201113126243,0.0448363856648378,0.502302548656959,0.00199819136395183,0.65695836525908,0.0320392551860338,0.515358444986933,0.0138170816659393,0.816742887484112,0.0695546829561589,0.519775505499789,0.0108036597412254,0.63777863674791,0.0338617879166126,0.506933031895095,0.00409607757992629,0.689917761933691,0.0405266957319449,0.511461393392838,0.00932161411333207,0.810207303209442,0.0711797845409086,0.510568183379504,0.00641815680257699
493,50.5,29.011491975882,0.671809027417139,0.0436287350915275,0.503288112654124,0.00338068033697536,0.655792333377344,0.0338340837013494,0.514586212348638,0.0134463986897732,0.815374307645635,0.0692824341686283,0.520449845688497,0.0125780546795832,0.637822597758771,0.0324184278409077,0.507134816983533,0.00424368184564941,0.687954370058006,0.0411784132680113,0.510304982628487,0.00796068449845395,0.811007653266439,0.0710218114485027,0.510952739867458,0.00663690445213189
494,50.5,29.011491975882,0.672229444147576,0.0432021822760669,0.502704612028521,0.00278013298787808,0.655965620184282,0.0354179177078991,0.5152700114717,0.0134436588082203,0.815656013442609,0.0705777456606702,0.518524918663287,0.0104970319844392,0.637806539638809,0.0319054265694748,0.506766151289823,0.00459655124762543,0.687635473602781,0.0434002087452316,0.511807838757064,0.00988175941099367,0.80901138125129,0.0688232068546182,0.511189585082462,0.00689229128966519
495,50.5,29.011491975882,0.670629619365775,0.0439220754298791,0.502725227746497,0.00256833104491139,0.655219528572164,0.036687666019904,0.515887310007251,0.0143449613493268,0.81390434722175,0.0712228142074238,0.518636493537775,0.00994614778730529,0.636378101386716,0.0329668670311537,0.507347115362332,0.00487362598134999,0.686723554037074,0.0453523540277757,0.511078389941683,0.00849225360707854,0.810922209069436,0.0678671503468706,0.511056509232867,0.00646790135038828
496,50.5,29.011491975882,0.668489535170309,0.0458569527959907,0.502574852515233,0.00265713040793486,0.654427359128399,0.0378447545122712,0.51472994816803,0.0117788244602224,0.815394557182508,0.0717671917723214,0.518138924244744,0.0101863020188205,0.6350027629047,0.0348864496814582,0.506016757300944,0.00324356698078225,0.686462861692304,0.0469177159186725,0.510968982738756,0.00896303940042143,0.813118286514826,0.0678231715482385,0.51139322562757,0.00694588148403208
497,50.5,29.011491975882,0.667333723778772,0.0477889404458185,0.503005045639079,0.00338176396025804,0.654212278024838,0.0385509903918161,0.514526574069576,0.0123616577929995,0.814667053883669,0.0725722990536356,0.518406636649585,0.0109572183137915,0.634336947661648,0.0361509420399253,0.506019136061351,0.00395173728422551,0.686160916641598,0.0488532484543262,0.511692679533541,0.0101003694803838,0.812874538558062,0.067425882427478,0.511272955333941,0.00655304891600894
498,50.5,29.011491975882,0.666989230480754,0.0491332237420528,0.503442868378174,0.00401974827812024,0.653680196162884,0.0399213349769636,0.513999544309756,0.012886493705621,0.811640697440204,0.0775500500232546,0.522137102875209,0.0161205009208119,0.634183066705148,0.0367514622226734,0.507528875189937,0.0051142989924982,0.685697419691283,0.0500967282037015,0.510839320755847,0.00853580332927448,0.812246557667232,0.069521751617094,0.51036706687329,0.00589004601402018
499,50.5,29.011491975882,0.66712291357796,0.0496199524895597,0.502928690226829,0.00344470716471525,0.653153058126236,0.0416801192533208,0.513520984936586,0.0121480518554307,0.816867576813376,0.0761609887806893,0.520854775956477,0.0161072187181343,0.634199069471031,0.0370935701384819,0.507070391755561,0.00472382625572247,0.685329723455209,0.0519819908731566,0.51204653171953,0.00904595346217148,0.811661967073953,0.0717110858163732,0.511090651975865,0.00655853716435624
