"timestep","episode_mean","episode_sd","group0_trust_in_sp0_mean","group0_trust_in_sp0_sd","group0_trust_in_sp1_mean","group0_trust_in_sp1_sd","group0_trust_in_sp2_mean","group0_trust_in_sp2_sd","group1_trust_in_sp0_mean","group1_trust_in_sp0_sd","group1_trust_in_sp1_mean","group1_trust_in_sp1_sd","group1_trust_in_sp2_mean","group1_trust_in_sp2_sd","group2_trust_in_sp0_mean","group2_trust_in_sp0_sd","group2_trust_in_sp1_mean","group2_trust_in_sp1_sd","group2_trust_in_sp2_mean","group2_trust_in_sp2_sd","group3_trust_in_sp0_mean","group3_trust_in_sp0_sd","group3_trust_in_sp1_mean","group3_trust_in_sp1_sd","group3_trust_in_sp2_mean","group3_trust_in_sp2_sd"
0,50.5,29.011491975882,0.5,0,0.5,0,0.5,0,0.5,0,0.5,0,0.5,0,0.5,0,0.5,0,0.5,0,0.5,0,0.5,0,0.5,0
1,50.5,29.011491975882,0.588173121907333,0.0019182218064538,0.500754177912731,0.00147673621320956,0.576491970310391,0.00214027170572335,0.500988095238095,0.00370590191071002,0.66065376984127,0.00919328276415139,0.503614087301587,0.00816474828978731,0.566922848962323,0.00294987810022642,0.501129329734593,0.00217245100308878,0.59443601597549,0.00310895559178055,0.502941135620915,0.00525559083864518,0.658670302287582,0.00535350508921854,0.500942933006536,0.00222211853728601
2,50.5,29.011491975882,0.626652061743576,0.00499681082877539,0.500966275828659,0.00192633277415899,0.604928480164568,0.0215575590053429,0.503309489600438,0.0066221023731846,0.731814865689866,0.0145755267779567,0.504734526967286,0.00767230199955722,0.597170481056772,0.00488395652778897,0.5018988404098,0.00248484691260564,0.629649123266567,0.026077025499169,0.503609715504239,0.00556924196734921,0.727776814288934,0.00997635568881162,0.501872348021879,0.00349134485862824
3,50.5,29.011491975882,0.646300697077721,0.0122302612130378,0.500789409014059,0.00173656420201234,0.621169483595204,0.0332170714961444,0.504331952159637,0.00756454106678699,0.770225420024927,0.0212480965137029,0.505939590506198,0.0073392087474581,0.611627431186454,0.00948755249135913,0.503048144316588,0.00375733708986325,0.64729142002816,0.0410863035654234,0.506022205679837,0.00757051722445465,0.761011559211092,0.0161272264793521,0.502910522639082,0.00387468818854268
4,50.5,29.011491975882,0.656657442255005,0.0204315115233015,0.50141837074326,0.00221532530611799,0.627599904919698,0.0416005127645008,0.504430283394987,0.00744459692430581,0.78773263287659,0.0350267522203428,0.505877972766315,0.00575363433922318,0.620632666041523,0.0159543302045326,0.503287708363583,0.00357281338183422,0.654938529057346,0.0515559044838434,0.506960671704299,0.00820780877008997,0.778343469653701,0.0332843323069679,0.503516824053752,0.00405858212454086
5,50.5,29.011491975882,0.662032805156755,0.0276079180273094,0.501098314791272,0.00172068904187393,0.632995018328424,0.0482881623980214,0.504477625805591,0.00740382735368979,0.79830177698674,0.0515548837040439,0.50740105095878,0.00765342660130822,0.62528478758422,0.0211925953644746,0.503990074314923,0.0034815619860428,0.660975519742341,0.0592647068191833,0.507809564380437,0.00808365202641819,0.789846422913584,0.0492682251789599,0.503624097191344,0.00418862991995147
6,50.5,29.011491975882,0.665012230505762,0.0324298344901082,0.503212847013155,0.00448021512392884,0.634933633102476,0.0526833914004724,0.505726693171577,0.0104259632698661,0.799600855707074,0.0649998610409305,0.512558227819269,0.0151486292169137,0.628473918288095,0.0249520979224174,0.50475187223313,0.00497889224002952,0.663520491409327,0.0656280500745254,0.509674286591441,0.0105294259253453,0.795000082709522,0.0616359846359936,0.504853757590841,0.00514813042112515
7,50.5,29.011491975882,0.669205813763513,0.035045628219958,0.501794712659695,0.00250226243398409,0.638151343295255,0.0554669494484599,0.507405241937415,0.0111756830262597,0.809598956002025,0.0743790172170175,0.510042729055591,0.0115780088857177,0.631949794633294,0.0278108256779502,0.504014543399584,0.00400399096160371,0.667363032831245,0.0686658706858811,0.509684834107476,0.00922547396517887,0.798318888674905,0.0722729434060266,0.506323937903606,0.00588084776497267
8,50.5,29.011491975882,0.671163945428628,0.0365307107650632,0.502288861562422,0.00279222373520432,0.639444514968547,0.0557500919389561,0.507826946233598,0.011207562010186,0.810479204329962,0.0832184160891008,0.510329260829852,0.0107990580908748,0.634494798011623,0.0284905246032168,0.504025723830323,0.00412395174078892,0.669550976136812,0.0691730128649296,0.509897067484482,0.00762906399261465,0.800121298460729,0.0798273241800679,0.506508046526345,0.00550170837259999
9,50.5,29.011491975882,0.673437907562865,0.0371692169918384,0.50217180400449,0.00322479736087697,0.641487901653123,0.0551755029522764,0.50747705635113,0.0106849607634507,0.810221815727614,0.0876589376988025,0.513070285249996,0.0151383883237733,0.63656558315958,0.0288855619857034,0.504361310909051,0.00381069192213364,0.671408831697672,0.0675072915702353,0.509425331092145,0.00834891342787812,0.800280389349279,0.0872116040505906,0.507370820194735,0.00731110188269376
10,50.5,29.011491975882,0.672776197225447,0.038103798320564,0.503599695097182,0.00537465447271012,0.642030372548488,0.054687903718116,0.506821040883479,0.0097486055920587,0.809445628913421,0.0921556049536729,0.513396481197518,0.0154392923614109,0.636515040441483,0.0292830505754768,0.504795806391885,0.00451370272280643,0.672236172700521,0.0662423934916368,0.510571531537097,0.00803672793707601,0.799182804794632,0.0924218533121014,0.507994439965562,0.00728344331885871
11,50.5,29.011491975882,0.673182971067434,0.0385942341614586,0.504044478652854,0.00480180027055225,0.64357244859848,0.0540179334737348,0.509409338884417,0.0131376371046808,0.802648306038337,0.0992115422926537,0.516130230418448,0.0166200099745609,0.636615351977282,0.0294297515949262,0.505946642419116,0.00442091598753415,0.674984539909662,0.0651734475204802,0.510002658822758,0.00868618085190428,0.799968991905406,0.100033325273902,0.507214766552545,0.00755877769501143
12,50.5,29.011491975882,0.675048589871169,0.0381848080414074,0.502176126277062,0.00243634883583982,0.64659400643329,0.0516537878284354,0.51193761015861,0.0144926800449372,0.805152425489657,0.105891374488732,0.514833591012719,0.0145309185559342,0.637941128784749,0.0286828207788732,0.505387549088707,0.00479043748810475,0.678026505136846,0.0630928526642174,0.510256735865239,0.00876062351524364,0.799240722055675,0.106672006529873,0.509070397699839,0.00638521055617921
13,50.5,29.011491975882,0.675533013473243,0.0381034289633399,0.502544008322419,0.002777206167014,0.64825428599114,0.0483750904224619,0.511935489729295,0.0140486950815681,0.804489179789779,0.110210256534524,0.51288206262142,0.0108540311315888,0.639403487846285,0.0275592885993817,0.505049157210485,0.00394423068915686,0.679100117139546,0.0607125466626053,0.509624412824079,0.00762235937910703,0.79759301857334,0.110396493600417,0.509343734189485,0.00680872525593507
14,50.5,29.011491975882,0.677503516848695,0.0365005160128274,0.503128453553989,0.00350165970426526,0.64845203675852,0.0457085656307189,0.511109410061821,0.0127961962461673,0.796524703945535,0.114070579703435,0.517254917120036,0.015378177283155,0.640143835270123,0.0261524349623381,0.505761035746192,0.00385642615711789,0.679442148406121,0.058642868652998,0.509878325747359,0.00903489142131908,0.791593201344362,0.114686686240074,0.509711083013095,0.00664172918527238
15,50.5,29.011491975882,0.679076477580858,0.0346777344043521,0.502401607058307,0.00214191355026408,0.650103132756249,0.044185627336942,0.51234720691139,0.0128141650850601,0.794910489843346,0.120308932305445,0.514118308604587,0.0110869045861855,0.639824241322825,0.0254716110252348,0.505024304717164,0.00385998961600249,0.681827310190684,0.0574383441680596,0.513326211084966,0.0108014204078696,0.786848536742936,0.117297136452098,0.509970278619536,0.00655475628775881
16,50.5,29.011491975882,0.680027497531351,0.033833888111787,0.502701385149464,0.00258451424424177,0.651468892612323,0.0425403311237434,0.511908483375173,0.0121035950048644,0.793032681588186,0.124018273045761,0.514172217539137,0.0104839038509439,0.639831362573499,0.024875200961505,0.506256991868659,0.00581953565014752,0.681921673295666,0.0550653806437223,0.510900412493155,0.00707049474099195,0.787620725310654,0.121993219725122,0.5103336917983,0.00713955396989023
17,50.5,29.011491975882,0.680687844511423,0.0332395107262515,0.50275834978155,0.00277751268486873,0.653480594299353,0.0400544050625197,0.51151779738131,0.0120618704537846,0.789471716067613,0.126916256314717,0.513775431172755,0.00974505340392304,0.640662808569007,0.0252978363258003,0.506401753329672,0.00515501250251442,0.683948307986842,0.052599090169067,0.511087008790012,0.00842324484505648,0.784407245599803,0.126170154275293,0.510157696022677,0.00628041783297734
18,50.5,29.011491975882,0.68119067218814,0.0325738779383952,0.502981277149877,0.00352505935167917,0.653993395784036,0.0375170956382311,0.511675907972945,0.0115875701065537,0.787131467794489,0.130160434214502,0.515477168037354,0.012888017671428,0.640375668006317,0.0242193785689808,0.505919485244129,0.00451254282002664,0.684925425880247,0.0507623205271907,0.511864772489425,0.00989056055282268,0.783388822862215,0.129948570298604,0.510219291932485,0.00686641167334844
19,50.5,29.011491975882,0.680362036803746,0.0328236950919479,0.504144295786626,0.00532670468366167,0.653909688720603,0.0359252702007704,0.513208315794283,0.0112519284603713,0.787966173220023,0.13340944397898,0.51409806392667,0.0103705539864424,0.640013991546861,0.0247549998213602,0.506174385159253,0.00477109780302153,0.685702538539066,0.0496603276636474,0.512544082741116,0.0102033051327128,0.781545895680239,0.133109290370413,0.510543092998132,0.00718405629644725
20,50.5,29.011491975882,0.679589770462187,0.0332018784349439,0.502425831581569,0.00217503666559603,0.655036256792343,0.0357845315069962,0.513556392808356,0.01082979398689,0.790081100603457,0.135596495667878,0.515411125623351,0.0111379739821363,0.638476168189494,0.0250207694049511,0.507294669602057,0.00621548239594254,0.684402733155843,0.0474922152045034,0.511148622666297,0.00896154108885724,0.783232688166646,0.13428697014563,0.511788128011627,0.00911151551371571
21,50.5,29.011491975882,0.679481786969555,0.0352688487212348,0.502186491555241,0.00166515179053336,0.655065336803695,0.0357707697936526,0.513066823951496,0.0107936544250857,0.789123733982408,0.137596746128007,0.515695695396999,0.0108544990191756,0.637390238923226,0.0268661668652567,0.505572041287815,0.00459480649257531,0.686061452035302,0.0475770219288606,0.514751273486646,0.0111814792541142,0.781615312083425,0.135028032027783,0.510942659450437,0.00785914296084737
22,50.5,29.011491975882,0.678940174776666,0.0364566680827215,0.502604382289654,0.00242580288068788,0.654204799023841,0.0360537762275108,0.512529485430611,0.0102099460918725,0.790362198150176,0.139267227962553,0.515247424867949,0.0112593134845444,0.63815990967049,0.0271889877261542,0.505715988896666,0.00408288029923145,0.686147428878881,0.0465128711015029,0.512733400347026,0.00987330140786409,0.78284863609415,0.137707482168563,0.510098285589766,0.00756906057026737
23,50.5,29.011491975882,0.678222959385878,0.038208508380585,0.503613180419331,0.00372253455537477,0.653511309563098,0.0365389751052545,0.511323601026053,0.00975672015445231,0.789463985353772,0.14026037499527,0.51532506709578,0.0100259746800369,0.6373144704074,0.0284367386159001,0.50577693709478,0.00447130266652542,0.685068097922744,0.045805008340913,0.512739286578569,0.00939296761524198,0.781809966440127,0.138626086721563,0.511179442193809,0.0084266846181858
24,50.5,29.011491975882,0.677942972083383,0.0397101855256039,0.502124510674763,0.00150744968766722,0.653657697094822,0.0375812489268057,0.513453280337422,0.0106936921412168,0.78813625330012,0.141580015193437,0.515331427128221,0.010780120763446,0.63635744541717,0.0291478848646102,0.505341431547496,0.00414985285825258,0.685684722677501,0.0457442822363706,0.512038523057831,0.00930109447871871,0.78274291717557,0.138419939810269,0.509931067258357,0.00651641636916267
25,50.5,29.011491975882,0.676398725451798,0.0408651374908863,0.502767571779888,0.00274999894099497,0.652460309104326,0.038232512070099,0.512622680835708,0.0100261711223821,0.787455747247637,0.141312644986024,0.515288112742725,0.00988039141419382,0.635323813876329,0.0304765631957963,0.506020946797779,0.00419460716350073,0.685120338721976,0.0458314421269361,0.511527491570815,0.00884850653884231,0.782234999689175,0.137830667108207,0.510080924433857,0.00647782122921968
26,50.5,29.011491975882,0.675097181785523,0.042578921559682,0.503450287935069,0.00431500791654223,0.650831972779109,0.0385682991494275,0.512264053140031,0.0105893912455726,0.787806017127753,0.141528149796061,0.516057358885527,0.00952346871679724,0.634646890619015,0.0322013002894592,0.505654795151442,0.00387330843102942,0.685031669885218,0.0464111335429421,0.51276605426682,0.00920152523256274,0.781845335679142,0.136217490465008,0.509812851250927,0.00587278592153842
27,50.5,29.011491975882,0.675270974530147,0.0457414864514266,0.502716145101111,0.00304602744721525,0.651024507801253,0.0398859680439417,0.51462321996569,0.0136204764119045,0.789376281608196,0.140370873076765,0.515543992954716,0.0087348516482181,0.634858041381746,0.034102058996157,0.507797181000104,0.00646249257522965,0.682393358269899,0.0474187207161765,0.510956166112189,0.00738149411865566,0.785158783531447,0.135270272738701,0.509804695702955,0.00601200555336914
28,50.5,29.011491975882,0.675166432717822,0.0486146723121376,0.502863784631359,0.00333187086547187,0.650753417886365,0.040963848971214,0.51416717790661,0.0134974230443298,0.79006198505514,0.138139117016623,0.516829326153181,0.0108666343241129,0.63536464881798,0.0366647945390984,0.505705744459774,0.00440764308455285,0.683134333821235,0.0496763762305611,0.512444346212654,0.00957680647508651,0.785815490536516,0.132225190789669,0.510389589917523,0.00716553881234718
29,50.5,29.011491975882,0.674898097233144,0.0513889678829775,0.50194979252488,0.00156599630693139,0.651324122873839,0.0420166135709361,0.514774880462928,0.0131022029184151,0.793697415449329,0.134218174636443,0.515117363655844,0.00821411312431569,0.635976019315959,0.0388232966512168,0.505322736342512,0.00383689863705211,0.683189421603913,0.0513915191541202,0.512822517605876,0.00895383162500969,0.786948563140168,0.127488720818609,0.509850574317109,0.00731961225476953
30,50.5,29.011491975882,0.673815718321446,0.0526268765789378,0.50272452280658,0.00314098229054449,0.651112708596463,0.0422407340443906,0.514092779239292,0.0123486156524906,0.793973037962763,0.132485153048583,0.515094448010194,0.00799938292815073,0.635665415131678,0.0403821587049332,0.507403721425553,0.00566893212868794,0.682283391256574,0.05297592360817,0.512412048275523,0.00864428429086095,0.787082091056314,0.126736538388456,0.509603923335403,0.00645175042584501
31,50.5,29.011491975882,0.67383106409177,0.0529910583647938,0.502920356726841,0.00401018047954248,0.650538708843454,0.0418606362562997,0.512284413249824,0.0117363607499606,0.791125351700886,0.131593420840116,0.519145496872787,0.0166549215497703,0.636234765940897,0.041342155019498,0.506591359691399,0.00462797489109208,0.682824517999866,0.0538892342665997,0.512914350330067,0.0093327688524467,0.786408494525158,0.125909047098519,0.510346110539797,0.0069679617169007
32,50.5,29.011491975882,0.674000954715024,0.0535520863908108,0.502341240358695,0.00243492126235594,0.651300468017012,0.0426730188304633,0.513740279068733,0.0152015961089251,0.792775048019194,0.128259593866803,0.517017532460771,0.0133344995659568,0.636085564385362,0.0417839551549623,0.50669645723671,0.00526262959726623,0.68303594316878,0.0541163408630029,0.513102546763084,0.00889194817941697,0.788179699223298,0.125803914706825,0.509770009191731,0.00623741485042313
33,50.5,29.011491975882,0.674331238422107,0.052909810293121,0.50208522601893,0.00224868769271302,0.650659721676931,0.0432597957497297,0.513694981609459,0.0140977113104467,0.790237769958088,0.125220365023276,0.517604858745235,0.017989734817599,0.636719156293331,0.0417485518203656,0.506436585601269,0.00503711229981186,0.682369825898086,0.0547009496004412,0.51234755554629,0.00909130085524784,0.790018196737544,0.125655159385671,0.509801751127365,0.00601194815118068
34,50.5,29.011491975882,0.674394129581544,0.0519479444662202,0.502260685068332,0.00248361369557936,0.650965439889059,0.0439980337795567,0.512685405736407,0.0130915795243554,0.793285493984866,0.121740888564896,0.517230772745542,0.0128149773742223,0.636518108481636,0.0412983679656914,0.506242545917254,0.00493965233857772,0.682928518286208,0.0560304134254136,0.514097708401481,0.0106673336456738,0.789640890712425,0.123580844294282,0.509847414403965,0.00615476865820113
35,50.5,29.011491975882,0.674541825137792,0.0504221798680557,0.50274134879639,0.00316314574070439,0.65088700818111,0.0435673936484118,0.512399223492793,0.0124064644549043,0.788666658701585,0.116685599815855,0.519202192783102,0.0162892277362958,0.636371523271463,0.0405331933986688,0.507107459184473,0.00521093899557153,0.684096683985825,0.0562079469373797,0.514761211503292,0.012061716522805,0.78716659918054,0.119986851796318,0.509556310899368,0.00584222403272015
36,50.5,29.011491975882,0.674240411421304,0.0493497275900687,0.50308638824447,0.00351842382755378,0.651298468306701,0.0422312708614426,0.512148682939908,0.0120245870148177,0.788217937702124,0.113818311348317,0.517180399952352,0.0121939315105021,0.63685863514076,0.0396888753280543,0.506221423884266,0.00491592270155517,0.684442705970718,0.0555499369243726,0.514029021938747,0.0101984362149582,0.789000968415261,0.119030854629065,0.509751644206345,0.00624746933728034
37,50.5,29.011491975882,0.673178325554033,0.0504383571502049,0.502635533996488,0.00333677214565347,0.65172380949687,0.0412520813524563,0.512748795146248,0.0158053161658639,0.78534410612118,0.112531036250744,0.518038027272001,0.0123778083211241,0.635912065045393,0.040296814337657,0.505776639038106,0.00390937600062245,0.686044202010994,0.0545823399828641,0.515949685143541,0.0107102280201179,0.785875723346878,0.116245454702376,0.510114553957093,0.00641758884057216
38,50.5,29.011491975882,0.671383198010847,0.0530362238920162,0.503314314122757,0.00410281286265345,0.651212918328127,0.0407480345673402,0.512630427587964,0.0151142932975287,0.786855416778169,0.114251466280054,0.517839117884527,0.0119433951480108,0.634627826507358,0.0414340583069276,0.50651512553138,0.00468983048714779,0.686015347319532,0.0528428242236264,0.514648880177367,0.0095785480721133,0.786407937118079,0.116277974476296,0.509355325106217,0.00526861248359143
39,50.5,29.011491975882,0.670584307648605,0.0553343776775776,0.502503452150322,0.00333539626906164,0.651919595761463,0.0403247472219175,0.515564889306569,0.0174759753085681,0.783519794427631,0.115242920215293,0.519556555779925,0.0144898566307966,0.633932247600645,0.0425765192456921,0.506747355328476,0.00471829071077367,0.684883709563911,0.0513177512983008,0.512300060440808,0.00939629484679285,0.786740366141612,0.115905874525154,0.510002972682725,0.00564131505913156
40,50.5,29.011491975882,0.668484872095217,0.0571489844053576,0.502307857173247,0.00217484410500956,0.65162658834416,0.0410891325574521,0.512826912666753,0.0152416661666972,0.785270231628376,0.115364522809504,0.519089735366239,0.0155356661143227,0.632360742631292,0.043782130116907,0.507470473220341,0.00564596465715563,0.683946407227377,0.0516153117940149,0.511998200201427,0.00838822307575647,0.787938558214407,0.114248436952936,0.509546442131573,0.00536787799247724
41,50.5,29.011491975882,0.665513834012343,0.0599683230351641,0.502248810260727,0.0022161187897284,0.651140856272417,0.0418558596371117,0.511542481690602,0.013257607534875,0.785668691508339,0.115222094516072,0.519166823231973,0.014678247984384,0.630159229221937,0.0456544125687991,0.50718310170472,0.00587291915674388,0.683362924007143,0.0524713601540096,0.51258706388558,0.0100820092501737,0.787033227760212,0.11224367819743,0.509503572265112,0.00598484331226044
42,50.5,29.011491975882,0.662326761444119,0.0629590074140233,0.50340281627042,0.00350102794539874,0.650511062529795,0.0422449915644343,0.511527316864673,0.014124503295545,0.785586998862334,0.111702780612977,0.518759120380578,0.0126923561976385,0.62887087858974,0.047622680859025,0.506839199071212,0.00475235034959782,0.684349256238871,0.0539768036401603,0.513646393637518,0.0112866626086519,0.786863946820768,0.109856258236211,0.510009008228535,0.00609383177951033
43,50.5,29.011491975882,0.661228008282203,0.0664642831430284,0.503134699424086,0.0032211617403047,0.650641549074294,0.0431069026779837,0.513805089490788,0.0157570807762364,0.78712712826055,0.106456389942896,0.51982924042954,0.0127988413614758,0.628605740317521,0.0501468839344418,0.506653552842856,0.00454759912034911,0.683944673882953,0.0547297465775621,0.512646593910166,0.00978956598515504,0.789370015311986,0.106711560618753,0.510250680159123,0.00648518130120223
44,50.5,29.011491975882,0.660537198418091,0.069065998304817,0.502123722441596,0.00261624354075775,0.650724258190442,0.0450314864898296,0.514810929203059,0.0147198106674017,0.788816320303712,0.103505558106245,0.518601648606312,0.0124286813615054,0.627844662595645,0.0525150567293168,0.507247640307552,0.00532159381852348,0.683458054899267,0.0563014626496988,0.513099624373539,0.00935968875940845,0.78956789221948,0.102917155784334,0.50990594147017,0.00611141623760558
45,50.5,29.011491975882,0.660470737115201,0.0696789036970309,0.502080423172796,0.00213183279503218,0.649762289350301,0.0462135223871018,0.513696983962346,0.0134350634852905,0.790251997777205,0.102468312572082,0.518275079788132,0.0126904035872641,0.627748410725103,0.0533168492270997,0.507950614746408,0.00720992141681518,0.681956757791004,0.0573770466011329,0.512230536615565,0.00888731129294772,0.790072127236247,0.101374370229335,0.511126896521673,0.00696101547444159
46,50.5,29.011491975882,0.661484356573524,0.0689096356096685,0.503179524546973,0.00344981014138041,0.648855674482523,0.0471491235323286,0.513924562598298,0.0137573726583049,0.78912094888103,0.101983962461018,0.518008877203948,0.0133291482020707,0.627996749715447,0.0530422003010519,0.506590152419927,0.0036948102500535,0.682802578280357,0.0589456090831138,0.512667784002663,0.00926370928280552,0.790885816804982,0.10010947917735,0.511255517956013,0.00759360501483287
47,50.5,29.011491975882,0.662894629870002,0.0665376957033754,0.503014079494153,0.00319914437336626,0.649081210215756,0.0478182684566767,0.514612207967487,0.0125309922590527,0.792187477527746,0.10138919480662,0.517506023637462,0.0136833448753559,0.629319289783857,0.0521553088165424,0.506120763225214,0.00344758099236202,0.683025307546832,0.0592304716232794,0.512528936017441,0.00928306772607363,0.790140846257891,0.0999013664580351,0.5126465122757,0.0106480412293954
48,50.5,29.011491975882,0.664725261819163,0.0639351507908592,0.5022559550468,0.00220054771699669,0.650102611626043,0.0482848694289846,0.51612782919578,0.0146975491577436,0.792171475626223,0.102173935319346,0.518111588595199,0.0145595877840123,0.629652190811109,0.0499150594176741,0.506935769693601,0.00441876602974597,0.68371742952754,0.0590733344224204,0.512761569136222,0.00920844078490147,0.792491205919083,0.100134745689897,0.511105781579118,0.00758619022284842
49,50.5,29.011491975882,0.66587268994976,0.061590244912159,0.502701338925954,0.00339693232793259,0.650291670723598,0.0466730402974054,0.513778617876094,0.0119894155183615,0.796762647536267,0.0989996197960273,0.518858487891857,0.0156201667158095,0.631016152584841,0.0479639638682236,0.506556060714103,0.00447235558050766,0.68471354108107,0.0582278211150532,0.512729303585785,0.00967078564777583,0.795885769413609,0.0972204607469708,0.510780772861881,0.00688482969825328
50,50.5,29.011491975882,0.66824060655787,0.0581506265541668,0.502584736034953,0.00299972276789387,0.651192102629907,0.0447764561277694,0.513494763222574,0.0113790499979579,0.799376284245366,0.0994230213376214,0.520198274201942,0.0173181994378082,0.63230048854589,0.0457512428658153,0.506049647438381,0.00302278061950756,0.685635322778712,0.0566909819958739,0.513955873488584,0.00966461805962159,0.797714250863447,0.0927589093393521,0.511034164580844,0.00729900273809421
51,50.5,29.011491975882,0.670025286183289,0.0544274391133129,0.503208025450063,0.00332498552478855,0.650800219075581,0.0432751915905544,0.514031194903819,0.0113085167404661,0.79919824917488,0.094371569676461,0.522252459314034,0.0196534687747228,0.63382755097183,0.0428594212301525,0.505835476368805,0.00315697880758622,0.685870227115584,0.0555383015294868,0.513298466601106,0.00860590855592034,0.799434212614546,0.0873000099785829,0.511322779706019,0.00700714609849675
52,50.5,29.011491975882,0.671427867980573,0.050617571432064,0.502991896454251,0.00394766960348816,0.651362787763369,0.0423040912064336,0.514318556732079,0.01212520240772,0.800598274406849,0.0921882736032268,0.523045572900838,0.021275595001195,0.63438292662623,0.0400978072400438,0.507361976883297,0.00431612960603319,0.685515088030979,0.0535112319342178,0.513775541379555,0.00986371025274144,0.801414746043123,0.084132399994982,0.510703379003726,0.00619094553227074
53,50.5,29.011491975882,0.672406794166519,0.047683773658718,0.502772230916705,0.00284237087919747,0.651607355032933,0.041669024249918,0.513863814187232,0.0109026352109201,0.806105455700794,0.0891717553925216,0.521037782597975,0.0174361261286594,0.636081035067186,0.0386064772470786,0.505521277652088,0.00317745352112781,0.686240758669219,0.051561490118448,0.513864139503262,0.00916090905601802,0.804499360791264,0.0799515911998923,0.511331224407026,0.00696567160287955
54,50.5,29.011491975882,0.673477130772207,0.0452303406457022,0.503192875670106,0.0029512541783522,0.65042110656239,0.0405833827904708,0.512928845474033,0.0107268542761125,0.803987307603104,0.086520462684551,0.524393729037192,0.0195084098060905,0.637142740335967,0.0361684922838127,0.505887730981179,0.00353210179150173,0.685825951604969,0.0507838116423828,0.513050176870991,0.00806597850136773,0.805972704311181,0.0755565058228587,0.511025409834041,0.00611675055684627
55,50.5,29.011491975882,0.674197225463962,0.0428519006555883,0.504184344045089,0.00361869739155797,0.650261797337614,0.0400577829345709,0.513816613406452,0.0131198181848853,0.804163362340161,0.086125303041067,0.521717639780256,0.0185007168725951,0.637898892589366,0.0338175922729103,0.505846635010148,0.00303218873794916,0.685397753610444,0.0498810550892283,0.513525175928152,0.00990268574286096,0.807359223495361,0.0749328443630078,0.510560128357993,0.00596191162696872
56,50.5,29.011491975882,0.676370842367777,0.0413130974093387,0.502510601478997,0.00208833676047497,0.651136305126965,0.0400860932197145,0.516098919701866,0.0146238782205262,0.806859117203196,0.0852835547237282,0.51957384744572,0.0150740629773018,0.639101528790838,0.0319870911008854,0.505656832654422,0.00354839175289082,0.685650910602104,0.0502931230718853,0.513677017855558,0.00968444044713632,0.807210564175606,0.0739346072977239,0.511907534815292,0.00692019063030549
57,50.5,29.011491975882,0.67800902241657,0.0392110131994241,0.503525515711415,0.00398679373328918,0.650435805918835,0.0407805490882373,0.516331424677219,0.0149271779348829,0.804248225088802,0.0856129747766713,0.519292848703158,0.0152453759054565,0.640119637149352,0.0307697178804993,0.506018110269651,0.00356003742773545,0.685685500223501,0.0513453652620133,0.513153336368049,0.00888966084608479,0.80886554153373,0.0741220218551378,0.510338866615142,0.00581987987462734
58,50.5,29.011491975882,0.678986097481637,0.0383636799487818,0.504307318682374,0.003726571549052,0.649333019913596,0.041860718005508,0.515439912883442,0.0146493316914058,0.807532435851762,0.0854407768139799,0.518909365552574,0.0153729078221255,0.64116593879318,0.0297744718012888,0.506675788350915,0.00409421193969845,0.684041097875592,0.0526290232569946,0.51238520369541,0.00845537063891548,0.808468378043822,0.0734966353016942,0.51049955568128,0.00601809730924909
59,50.5,29.011491975882,0.680627329561667,0.0379005955325092,0.502913638176616,0.00270921163879202,0.649580705280355,0.0442272111345405,0.514973362668837,0.01515946739563,0.804489067707495,0.0880777536591907,0.522492591827219,0.0194001887560492,0.640837806872085,0.0293928682649162,0.507487473316866,0.00500378067017302,0.682444700969633,0.0545556972396875,0.513356307265495,0.00883058799760172,0.806819989064324,0.0756780219438421,0.51030249077696,0.00656816743306612
60,50.5,29.011491975882,0.68019044397496,0.0381511153185005,0.503343305102603,0.00405283685130735,0.649189797679179,0.0463621856573424,0.514881104418695,0.0150451347665222,0.805529882827435,0.0895303837612594,0.520211683383451,0.0151393398158758,0.641163650410617,0.0292904238932854,0.505907096435506,0.00383652551210967,0.682717824848263,0.0571149678602212,0.514588982370764,0.0104162163619587,0.804326881691902,0.0780423457745611,0.511125008457801,0.00759298851211185
61,50.5,29.011491975882,0.679452102798528,0.0388397293738579,0.503016962875039,0.00279637274929804,0.6489039813675,0.047739621637905,0.515323206845268,0.0150151805715029,0.806627772030116,0.0919617471836136,0.520756681749823,0.0135094088799789,0.63983746905843,0.029610350353433,0.50722037805251,0.00513639265569051,0.681703071124698,0.0591002444054358,0.51396043442377,0.00940690554273353,0.802708458344002,0.0798837483450746,0.511304167430076,0.00743038585676485
62,50.5,29.011491975882,0.679101903234215,0.0397119884719803,0.503219712432196,0.00335294197664664,0.648411028786299,0.0478807563918141,0.5141108456917,0.0146035317191626,0.804838526704184,0.0920412953615373,0.521749048884449,0.0154100880223586,0.640165534094492,0.0302008897901854,0.506059708453456,0.0034339318718312,0.680098907305173,0.0604097763645271,0.512912561079116,0.00705804027446623,0.804620669484126,0.0816668800447212,0.511244369230563,0.00693505356726937
63,50.5,29.011491975882,0.679389810523221,0.0392387260033607,0.50276552054171,0.00252479478014421,0.648014964768232,0.0488801473096434,0.515021211668063,0.0149006106529445,0.803399889163169,0.0921845651513033,0.521325479501284,0.0146931482375434,0.639135025416805,0.0301347953199732,0.505761092545155,0.00342689147928405,0.679623216299793,0.0614098213039014,0.513963796481079,0.00921568930134306,0.801420475198831,0.0834599158262295,0.51061730331047,0.00639902971421259
64,50.5,29.011491975882,0.679315124297393,0.0387139812050778,0.502939264345315,0.0028854539640026,0.647384482709598,0.0500943761113017,0.514112828657942,0.0139855874349641,0.799205826396324,0.0928764622810107,0.520616071440553,0.0141964469882048,0.638859228173824,0.0303856756233728,0.506213121878862,0.0040207069731731,0.678686446119896,0.0625868203180508,0.515549512110476,0.0104715993931035,0.796461922675572,0.0849417569032885,0.509987884110622,0.00594072822207573
65,50.5,29.011491975882,0.678559367763157,0.0376383498562764,0.503374364082158,0.00368248747963807,0.647272011731387,0.051491502891995,0.513565989340574,0.0137238839547264,0.798998386943772,0.0963765315762327,0.518393891349223,0.0122754999859527,0.639606964237565,0.0302972651191581,0.505790312263288,0.00409053319455763,0.677892950120494,0.0637734963250128,0.512849657836902,0.00720412717801199,0.796827153737469,0.0900063608984176,0.510215457998541,0.00678738694960324
66,50.5,29.011491975882,0.679207675529737,0.0374077781580184,0.504179580311591,0.00445020335317586,0.6463548873159,0.0518815945470843,0.513639496356235,0.0114846541646885,0.797507614584517,0.100473022734839,0.517594245943756,0.0119955801738876,0.63956311346766,0.0299712069490873,0.506005035247501,0.00385197696353011,0.677404086244253,0.0653765144102557,0.51307090649242,0.00733031517929188,0.793724973587462,0.0943277574775285,0.51042567289671,0.00719420994445766
67,50.5,29.011491975882,0.679774893819278,0.0359133822901919,0.502835233834973,0.00242525611091173,0.646353354527213,0.0529626097796388,0.514363219434128,0.0145447400403846,0.79407405977973,0.102954440268634,0.518979413285069,0.0133721052030357,0.638669938218099,0.0293951989742812,0.50703851734356,0.00516565932973484,0.676396068012152,0.0666416520784623,0.513866773747891,0.0102385433184141,0.793845595120045,0.096194902952235,0.50986403175408,0.0063541034816772
68,50.5,29.011491975882,0.678937900945803,0.0353429386513311,0.502523808133801,0.00210482576488664,0.645813972371947,0.0532801132934452,0.514727619233967,0.0138202933297002,0.793361732435255,0.105005729360115,0.517822267683956,0.0114054796900059,0.638881991277774,0.02950522201852,0.505451953971911,0.00398534558916026,0.677440799504242,0.0671785383065,0.514880705491897,0.00907700484889765,0.790262821606533,0.0987231116735032,0.510939933856469,0.00737672121103269
69,50.5,29.011491975882,0.678114162968267,0.0351041308197751,0.502907122924846,0.00249376866481032,0.645948451023412,0.0534944482578816,0.514871086607467,0.0131910584020897,0.790545525359825,0.10867589507375,0.517454403469462,0.0104620459946813,0.638912558358783,0.029641513191473,0.506582124369106,0.00457713708165604,0.677162592410993,0.0667967353146932,0.512304662697625,0.00977824023585152,0.793156876522761,0.102550989148231,0.509985190665715,0.00566843960736214
70,50.5,29.011491975882,0.677134270659335,0.036136036408051,0.503396310451221,0.00331852647103082,0.645893490072441,0.0529873141151783,0.513906814577609,0.0138978206395064,0.790602117627625,0.110623535564757,0.517342657881813,0.0115336948745999,0.638103690110426,0.0302241572510931,0.506720609361687,0.00492697787262504,0.677690318475183,0.0659919324525399,0.513145554132023,0.0102521022814254,0.792790405633911,0.104420812009063,0.510394132796784,0.00798659642983613
71,50.5,29.011491975882,0.67661095672245,0.0380857412544414,0.502607124136415,0.00230902239294663,0.646357240676274,0.0523995604183168,0.515261951056894,0.0157506840457112,0.790680381661183,0.111292798593387,0.517896241170969,0.0127666792798066,0.637761360550678,0.0317458909887503,0.506981302314655,0.00514849249491759,0.677860542403003,0.065182990158699,0.511613784695227,0.00804036044717547,0.795296460156766,0.105463287114568,0.509493894289714,0.00527259575088842
72,50.5,29.011491975882,0.676244565571593,0.0396697522403503,0.50296222928664,0.00287671469639939,0.645634771325211,0.0515200257093581,0.514958692262466,0.0141132693203139,0.789537842765606,0.112876356870466,0.519194136482642,0.0142706847264674,0.637546973957947,0.0326327316260446,0.506099494269918,0.00425354027721215,0.678794392615822,0.0648690860502232,0.512126771826936,0.00968587154158284,0.795981934361496,0.103788384023949,0.50986526679568,0.00545435330188208
73,50.5,29.011491975882,0.676172573402801,0.040572420763516,0.50289885386082,0.00358949620616639,0.646387319504419,0.0515345157092244,0.515413964589509,0.0130552648770292,0.793937127824936,0.110150680732076,0.516845448685145,0.0102944471667196,0.637449854499314,0.0334831863997956,0.506833108776501,0.00600681173791648,0.677940263212206,0.0640557497314565,0.510508814098166,0.00754996839219678,0.798632628348126,0.103725604929296,0.50969672114976,0.00535635810102436
74,50.5,29.011491975882,0.675681322098076,0.0412568878523388,0.503775443887419,0.00389160297167188,0.645985792899166,0.0505212403808723,0.513203787446834,0.0130580305844005,0.795817630565046,0.106310266063702,0.518725668044543,0.0134770538408531,0.637384582495046,0.0336124617500489,0.5062276207004,0.0054049652207421,0.679486606963612,0.0630907888701548,0.51140206186689,0.00865638725650647,0.798517785307343,0.10302396995806,0.509731251812891,0.00628258861923969
75,50.5,29.011491975882,0.675145067177715,0.0423858602611917,0.50331335770364,0.00338874721362972,0.646160786554074,0.0499865465274949,0.516783190158713,0.0154665409635327,0.79928919362097,0.100793553234366,0.516851367436096,0.0115662780221486,0.635992906754544,0.0342503668893114,0.505596068866226,0.00445513882218017,0.680694998939779,0.0617773264284929,0.515198027916331,0.0124258880298076,0.796977452259056,0.0996017047708133,0.510129307105675,0.00583515639471124
76,50.5,29.011491975882,0.675180982906916,0.044361308962408,0.502727021729567,0.0024557875727095,0.64712700546011,0.0489568992703247,0.515108841304874,0.015582425863913,0.799351908955884,0.0954725475397555,0.52070630932574,0.0136816314890306,0.635985243724804,0.0350877604669097,0.507003948093042,0.0048059363851022,0.679762162905781,0.0597752869455683,0.510915577268347,0.00738658512753654,0.802455275977816,0.0967074467402358,0.509577776234187,0.00542735474504233
77,50.5,29.011491975882,0.674433446422558,0.0454728331297174,0.50319211162304,0.00331713960966132,0.647092397995918,0.0472697954696969,0.514349566168496,0.0145786254964307,0.803733403539695,0.0913128368085586,0.517932131067422,0.011033312009045,0.635461921068815,0.0357114917556496,0.506415794405343,0.00434665979713446,0.680745375198725,0.0575347354314675,0.512706598010808,0.0104888004188111,0.803328179257176,0.0917470797404768,0.509729077607116,0.00554101684812616
78,50.5,29.011491975882,0.673487654395378,0.0463225373611742,0.502661718156666,0.00238595368117058,0.647620077157655,0.045713214207367,0.514822331386279,0.0160800123489246,0.80471278751997,0.087541254959108,0.518359353285002,0.012679997264993,0.635133941587283,0.0359205510187544,0.506221134846378,0.00430671122557996,0.681159497911936,0.0554749853191398,0.513713715022973,0.0102923426403024,0.803537006531582,0.0874304689779884,0.509520216434309,0.00547425663762601
79,50.5,29.011491975882,0.672609451845313,0.0461335165519656,0.502753056938033,0.00257989413718629,0.647956911414812,0.045632654156534,0.515810659094662,0.0160881989493054,0.806150946693938,0.0841761185739747,0.516977349630458,0.0110982076342132,0.634178386434046,0.035788152088256,0.506907048642278,0.00505494796692165,0.681644666639113,0.0558373707433569,0.514831619004827,0.0113336264271061,0.80366640309998,0.0833878758830978,0.509464242971466,0.00667184225464632
80,50.5,29.011491975882,0.672560245678206,0.0460553703169769,0.502651389032136,0.00257997835509873,0.647596693598179,0.0451968092985731,0.513422214581661,0.0135102235673989,0.80648655894336,0.0809929336984031,0.519664189098274,0.0156632492774788,0.634223025787432,0.0355877789307455,0.507169941199755,0.00457787054275662,0.681753675917516,0.0556508479638507,0.51240892429448,0.00790424332982582,0.80602182371772,0.0801103857637095,0.50955054011055,0.00628094056450837
81,50.5,29.011491975882,0.672553408405796,0.0455146498515237,0.503259547254897,0.0033745131955056,0.64797709341427,0.0443616554206432,0.512671545841436,0.0140636072607542,0.807463331769855,0.0794630633343897,0.517089833922005,0.0113663336631447,0.634252534862977,0.0354060401607068,0.506497208755686,0.00424912805004593,0.682265275217768,0.0553752705440788,0.51194993963904,0.00771509814808232,0.808484987172682,0.0748743333656784,0.509820716517429,0.00616927747248634
82,50.5,29.011491975882,0.672535422720954,0.0458560537815632,0.502486467403326,0.0021455093679638,0.648510890973658,0.0432496566685195,0.513346188420026,0.0135675691739766,0.806900857154877,0.0767564477496949,0.518038653479233,0.0128109775622608,0.634208066069283,0.0354303751811697,0.507071501577039,0.00470696643029982,0.681736349424414,0.0541531790802748,0.511124312987958,0.00787353946119505,0.809726491490482,0.070970199421839,0.509609718708584,0.00608718744763902
83,50.5,29.011491975882,0.671666901322512,0.046823994110838,0.502864553568639,0.00271221413407708,0.64875090373763,0.0422865818148007,0.51287871600217,0.0129467542391724,0.807443180487505,0.0777046434672126,0.517105744507053,0.0108780187908309,0.633739884051674,0.0359300456307637,0.506529690693754,0.00403337350643587,0.682197830642653,0.0534931407011608,0.510916613097816,0.00837366925609751,0.811042770216421,0.0690233906103598,0.509408495322591,0.00577064691152987
84,50.5,29.011491975882,0.67069771259152,0.0485850756082887,0.503993889702111,0.00404197574623451,0.649132643472191,0.0411667850175191,0.511445444349485,0.0119953430400294,0.808713274389875,0.0804404788569474,0.518040960540276,0.0115361750615638,0.633026232909624,0.0372672107587646,0.5060378838082,0.00377471237665673,0.68325451011997,0.0529433320996289,0.512114926001174,0.0107575020793973,0.811044984579208,0.0669528724899672,0.509113190560136,0.00551836490778077
85,50.5,29.011491975882,0.670960160130666,0.0502431781183393,0.503340509782773,0.00352283917384155,0.65047654187144,0.0398413366350745,0.512296685394464,0.0130864717348035,0.805819319572962,0.080733361032847,0.519793359608628,0.0155034719252559,0.632810533158041,0.0383210817881409,0.507420862164218,0.00442693772042784,0.683798173736829,0.0515181524323481,0.511049683650876,0.00851048021318906,0.811980199431774,0.067676320642469,0.508735697744053,0.00506054705709114
86,50.5,29.011491975882,0.671135405777796,0.0510584975288775,0.50271342610865,0.00316892838101312,0.651231953218194,0.0379088521698832,0.513203402335007,0.0133222739310979,0.808436198570561,0.0822512754995585,0.520754373223762,0.0155873092062044,0.632787020514142,0.0391308048965579,0.506831572100974,0.00438486660555406,0.685288579042727,0.050160419509212,0.512401191622913,0.01041758299999,0.811764083115943,0.0687501304189032,0.508754246916171,0.00572236897464688
87,50.5,29.011491975882,0.670862040312426,0.0519445292069695,0.502575034843564,0.00267092444808828,0.651845879363874,0.03647998560642,0.513176617273603,0.0133558866147429,0.809160953832404,0.0847621574891124,0.518574891464141,0.0139350852836386,0.63232637258803,0.039405755024808,0.508451553240872,0.00490306293193035,0.684074730442952,0.0478885249409658,0.511979235911894,0.00966703675888497,0.814701808285075,0.070309379134839,0.508236522152812,0.00521153104527519
88,50.5,29.011491975882,0.670733563692902,0.0529876122949353,0.502378314928829,0.00248700266361804,0.652803457733984,0.0354576526745456,0.514086050560694,0.0133550272461962,0.810593766301468,0.0853747421139922,0.517789922341852,0.0126662472343696,0.6330840468742,0.0409402703812776,0.507432916523289,0.00494705514535775,0.684999243086425,0.0468809019889587,0.512409191085196,0.00965076588314576,0.815958643249264,0.0714387529432355,0.508581091516703,0.00525052375105038
89,50.5,29.011491975882,0.670445319034975,0.0537295880896271,0.503732770060832,0.00395456506960185,0.652952138862106,0.0347078258901841,0.514485291043667,0.0132142479332217,0.807373421653135,0.0867727595379724,0.519185116258261,0.0141745575619204,0.633849047143078,0.0418800631938924,0.505885568350004,0.00313301107013624,0.685558021394451,0.0458704942809224,0.512994682040533,0.0085967557905544,0.814509374794045,0.0735629128137635,0.51043452658677,0.00787573265927221
90,50.5,29.011491975882,0.671661197158309,0.0547291397625505,0.503167941253055,0.00362034747054168,0.653721880835841,0.0348535607788083,0.51690793277983,0.0154356294911646,0.807929125367821,0.0875870585832728,0.518547647434188,0.0146829638919874,0.633536007922091,0.042424317635898,0.508218836826331,0.00493811739639245,0.685318868091319,0.0449073710409108,0.511421787017648,0.00804877010397812,0.815272847532831,0.0758352615170594,0.509285373561158,0.00635551998154409
91,50.5,29.011491975882,0.671765673430699,0.0546872381684061,0.503128144675628,0.00308953992165498,0.653498171320728,0.03509810509425,0.516207938841551,0.0174054726907279,0.807681357625419,0.0912905218747937,0.519036174213301,0.0126126445534825,0.634076110349453,0.0425106649215267,0.506678129010474,0.0035444921388902,0.686427318301605,0.0434672336229207,0.513424628275885,0.00978474756358782,0.813429017860883,0.0794286698721917,0.509473584431174,0.00645748840502989
92,50.5,29.011491975882,0.672248570351594,0.0545819124979031,0.502787101179524,0.00326046162549139,0.652541005721512,0.035864509374047,0.515873412335064,0.0136827570110372,0.807639918701436,0.0938989307029925,0.518353340077466,0.0115772668301292,0.634829372997521,0.0420842563371173,0.507358749166631,0.00533167449704394,0.684462690876331,0.0437214650085296,0.510397025839689,0.00793564188199596,0.813547429349144,0.0837328530866729,0.509473584266224,0.00612269352022872
93,50.5,29.011491975882,0.672315889276643,0.0543330872865097,0.502758219755237,0.00251732256833805,0.651361128658946,0.0371153437953261,0.515774778628109,0.0130341070443924,0.804777877126131,0.0959897593304773,0.520025171918686,0.0122830175580889,0.634706470047026,0.0417380571557248,0.506438637747618,0.00416493312272005,0.683834536573991,0.0446081305304498,0.513463218587192,0.00980871243660979,0.810250832762842,0.0872093027290792,0.509510375998615,0.0062237330919504
94,50.5,29.011491975882,0.67195350793308,0.0540354415374341,0.502583174306,0.00243023666652634,0.651241569081258,0.0382002958613458,0.516437943346398,0.012102018712085,0.806105989521515,0.0989001206432754,0.517335313190717,0.0108896219499871,0.635041851666153,0.0421397497306644,0.507071682175099,0.00389915414533769,0.682509682201107,0.0459535531058139,0.510584504486211,0.00772566192283212,0.811728736271992,0.090967989285693,0.509693855978696,0.00647397810391176
95,50.5,29.011491975882,0.671815562560013,0.0537096491800589,0.503163727457039,0.00388161014529197,0.650308411237646,0.0384758034939282,0.515081187918161,0.0119071843593946,0.802012620315609,0.101047725652248,0.521802325263581,0.0149667752109321,0.63419922071873,0.0416350068932445,0.508743600654944,0.00555424231757653,0.681448347275931,0.0472445598916773,0.511289820339928,0.00926230211526075,0.808674428426861,0.0922192245354229,0.509377878402323,0.00559325551537092
96,50.5,29.011491975882,0.67163845650934,0.0519802226596398,0.503943663051044,0.0037444968463896,0.650156245274263,0.0392561326616834,0.514347258295069,0.0112401569241024,0.802148737879645,0.102079138766387,0.519223456316146,0.0122688125310908,0.634875595219822,0.0400915594587388,0.505697869169838,0.00367690070920527,0.682365872608984,0.048939923065575,0.515721848511991,0.0126197494937016,0.805573536168542,0.091450586917317,0.510257131268057,0.00662106414375372
97,50.5,29.011491975882,0.672107571646764,0.04996404773357,0.503548338094431,0.00409846102370782,0.648284044640007,0.0395888932536113,0.515007026182322,0.0109830426897396,0.8006920078658,0.101829757411448,0.518505105177826,0.0119655440453898,0.635094440764632,0.0386494862838956,0.506961214425416,0.00549211372060529,0.679866253634794,0.0502692831757399,0.513699342627268,0.012718939080752,0.806244054637831,0.0923211127193114,0.510086033794829,0.0064603718257676
98,50.5,29.011491975882,0.671361908353491,0.0482897104604017,0.503426752782875,0.00333932717375679,0.647393137529481,0.0405827282346118,0.515972967105822,0.0122872792854024,0.799204421937574,0.100989469399073,0.519693754169584,0.0139948202626834,0.636007042883223,0.0374067005455073,0.506246706917664,0.00368392522406889,0.67928994682857,0.0521082237814039,0.512816582998357,0.0116303915738875,0.806125765107553,0.0917065241203285,0.509751522457925,0.00609617518261918
99,50.5,29.011491975882,0.671219190013395,0.0480602034229401,0.503040855892762,0.00287808130156297,0.646988618659274,0.0416725020503105,0.515665448702623,0.0121839001222716,0.801900901152256,0.0989227869336653,0.519268544027044,0.0138585843464617,0.635735687761358,0.0368337855022082,0.507400746795868,0.00453230839907375,0.676769281724512,0.0531881310297614,0.511937509731241,0.00900918816716412,0.809156164413328,0.0905653029932389,0.509626835544613,0.0057617415288868
100,50.5,29.011491975882,0.671728610277931,0.0478497166649897,0.502371295691933,0.00263754748211269,0.645943828335154,0.0435131113082088,0.515533218814409,0.0132930618097439,0.798853037646292,0.0968547275031636,0.520292080186181,0.0154279794321589,0.636474597224642,0.0360987735598045,0.505734466688169,0.00276654653593288,0.676170413309232,0.0553791008175843,0.512102627579824,0.00955815330606905,0.808476311891748,0.089513460520338,0.510147291302409,0.00562671005891807
101,50.5,29.011491975882,0.669991908457846,0.0470267649542429,0.503898959692075,0.00359602827061801,0.645104650526673,0.0449304384966806,0.514839127085524,0.0132417896203352,0.799311519533237,0.0978401147229346,0.518248045387244,0.0113837173641633,0.635112219874941,0.0357540686698249,0.507183052030595,0.0041940275619034,0.674871298225148,0.0578186538426682,0.512090378001176,0.00865953678959847,0.808364364351342,0.0895880950814516,0.509830768827046,0.00530268149911729
102,50.5,29.011491975882,0.670382801252103,0.0470656225857711,0.502943296857461,0.00323400355255845,0.645654192818318,0.0460194450543824,0.514871497997439,0.0144262002710008,0.798972028521956,0.0988035218221658,0.51985713655424,0.0115779009418691,0.634604315744713,0.0362366740110056,0.506427914892291,0.00414382024140559,0.675342435071144,0.0595810661880434,0.51303845830796,0.00925998238239444,0.808059409214481,0.0908641723661212,0.509414234327468,0.0048732700577014
103,50.5,29.011491975882,0.670620327441117,0.0474588105043488,0.502402094912634,0.00191857579356093,0.646111830509614,0.0464205379723042,0.514321425181973,0.0132680961352025,0.798129874781214,0.097654178017565,0.520560034063716,0.0140384786335567,0.633624054240829,0.0367659649205191,0.507163669795699,0.00470649112185284,0.674651247633834,0.0600781354601485,0.512981583295445,0.00881250285778046,0.809245982453539,0.0892996372777054,0.509326307866163,0.00468839892796812
104,50.5,29.011491975882,0.669774080808132,0.0477121917022539,0.504365482798659,0.00432074458103285,0.645233930391393,0.0467266361867911,0.512692239726687,0.0113035908895462,0.802879077220661,0.0955308010442305,0.519909401742736,0.0121272364759997,0.633942561314883,0.037584769044783,0.505862276100215,0.00346857066371759,0.67546781349951,0.0607739152056775,0.513013118689986,0.00879845383432949,0.810579504847625,0.0865184644243615,0.509657686210219,0.00469904819145739
105,50.5,29.011491975882,0.669623418213991,0.0480575887610602,0.50335638444916,0.00351415799800916,0.646341942444704,0.046610698168967,0.51455041783678,0.0145476946586673,0.80498740452253,0.0907209555520548,0.520026698917429,0.0126674668313852,0.63357274460824,0.0385447713980087,0.505687552727249,0.00315281979849732,0.675757321403842,0.0603838124929255,0.512876442851775,0.00977787211963023,0.813047842762465,0.0826590421071988,0.509380003762947,0.00494068731119254
106,50.5,29.011491975882,0.670427647086406,0.0485211924443379,0.502674341679784,0.00275403298299366,0.646077100003102,0.047245921968705,0.514061389530268,0.0138566651115291,0.808511836845573,0.0845906967563196,0.522051745883462,0.0148524922584351,0.633111132687725,0.0388727140816462,0.506484231331455,0.00404882213344461,0.67491588275683,0.0608139924430097,0.512020585465603,0.00796674181127741,0.814032841033737,0.0785787037063023,0.509704321640051,0.00590147088106893
107,50.5,29.011491975882,0.670118139036852,0.0488175398748807,0.50234939958798,0.00211495583525262,0.646196578509337,0.0480357298970483,0.51392722350112,0.0139572152402033,0.809993041780608,0.0818559035017513,0.521668667058018,0.0139387843422456,0.632011311642457,0.0392343388546281,0.507213629155345,0.00399354912596106,0.674965200810886,0.0607932511415183,0.51269977129809,0.00910177469941611,0.816256371371577,0.075255720988548,0.509293195225631,0.0056259618826606
108,50.5,29.011491975882,0.669897085084518,0.0496532831641937,0.5027724410705,0.00259279131177827,0.645460804039865,0.0486683975984054,0.513029889287856,0.0131289782336971,0.809434610351018,0.0781487653943063,0.52339984643524,0.0157292565894807,0.632016595514343,0.0397130726565113,0.506433186576371,0.00364331668767954,0.675276186135396,0.0608348230411304,0.512088037899235,0.00879437796817227,0.820179869903685,0.0717631448518436,0.509001230831033,0.00474738740545818
109,50.5,29.011491975882,0.669851493430136,0.0506962034650898,0.50290246583621,0.00316344252292374,0.645569094418327,0.0494032908348881,0.513186293290795,0.0133368406333349,0.814389866789733,0.0766296389266183,0.519773840284824,0.0126171408347762,0.631295788351222,0.0403052426952318,0.506160696917697,0.00453995125306456,0.676031435781724,0.061262550315403,0.514702318442341,0.0124746696388871,0.818984201559908,0.0697334761440817,0.509495476244552,0.00472505322937936
110,50.5,29.011491975882,0.669974423201716,0.0517232011485635,0.503192051969778,0.00407198629449524,0.644853415932566,0.0499806133896152,0.513969481018252,0.0132054258543784,0.817618620549501,0.0733415004938211,0.520506280803764,0.0137250393229689,0.631688777163153,0.0409210078948175,0.50615058154353,0.0037672141736347,0.676025883327407,0.0608374040809716,0.512869508581286,0.00877553379466369,0.822723943488131,0.0669347741839411,0.509502251630007,0.0047833049398839
111,50.5,29.011491975882,0.67031488839246,0.0505954389794906,0.503996906816181,0.00483442641379968,0.644988505170458,0.0498481579652965,0.512956310636411,0.0125486782063859,0.81815520800125,0.0703649046802663,0.521745896206279,0.0132216069448702,0.631226232376825,0.0399793960064533,0.506909722511102,0.0046708684290854,0.676009237948729,0.0605753865887281,0.51344345277649,0.0105987324163412,0.824131642886599,0.0637591474311382,0.509563817508958,0.00474982976761627
112,50.5,29.011491975882,0.671460737056449,0.0498434307368885,0.502408278795762,0.00253075937291316,0.64653562758772,0.0502165289256886,0.514280307361287,0.0135567776359589,0.820301371718422,0.0661179703320233,0.522361530023732,0.0143862972822552,0.631105015939782,0.0397434858070136,0.507153637572419,0.00409865670719694,0.677134662255132,0.060812161980124,0.514527322122264,0.0110988750759081,0.82232952499432,0.0607833759581643,0.509987741473389,0.004806949528736
113,50.5,29.011491975882,0.672766596297761,0.0480401013645337,0.502445816799495,0.0026274035925004,0.646631138393103,0.0502032743622664,0.513876978917746,0.0133758214831106,0.820705465584784,0.0635618273362371,0.520806995950687,0.0128354440978341,0.632665797497061,0.0393215877263937,0.507141211778012,0.00473470257253151,0.676236475564268,0.0611746412217775,0.512888738144103,0.0100279823238227,0.823975314300745,0.0592901556872774,0.510953130064827,0.00614732091236794
114,50.5,29.011491975882,0.674372030248651,0.0466118692708313,0.502275117168063,0.0020766002347547,0.646125151471475,0.0503025765325196,0.513596658551745,0.012790105182984,0.817575170660952,0.062644304079431,0.525009694746713,0.01973783634459,0.634239491674002,0.038341943627127,0.506913945057758,0.00445451761029176,0.676963210308345,0.0626160721433011,0.512619895209032,0.00851260849823998,0.824772187426704,0.0589753555626762,0.510760216497081,0.00563784605635935
115,50.5,29.011491975882,0.675914959454731,0.0454914337486139,0.502102301568934,0.00164456931692187,0.646978648592566,0.0503966966642472,0.514125111151644,0.0119900415084416,0.816815833980594,0.0642297468560796,0.521464568318268,0.012622584002319,0.635010280669668,0.0371238198971667,0.506834177083177,0.0043063578572743,0.677294276596016,0.0629886429412093,0.513658575555108,0.00903586096686019,0.820571523097024,0.060433617291865,0.510429596809311,0.00549002957411715
116,50.5,29.011491975882,0.676456212642357,0.0448017436588896,0.502362264406351,0.00217403172547448,0.647283699334076,0.0498908323179201,0.512716904219836,0.0112423245153559,0.815772470657973,0.0705806246076418,0.52025222117332,0.0117136856872852,0.63514906505361,0.0367370781414028,0.507254603601069,0.0050881004830199,0.677429679886287,0.062869866563876,0.513557975844142,0.00881305579770905,0.817911884309332,0.0650411446901657,0.511124292336992,0.00694533798005969
117,50.5,29.011491975882,0.675842204300203,0.0441487189039599,0.503217998279876,0.00356731306877957,0.646765875069436,0.0498872195886074,0.513103989605005,0.0110881942424661,0.812608922010054,0.0754802566339726,0.519655900879453,0.0118146000703252,0.634999235566404,0.0366125083021085,0.50753039125327,0.00465414388241942,0.67772401941809,0.0629185165322312,0.512570768207529,0.00745421978843154,0.817201713442143,0.0712437699295983,0.510986606047642,0.0065767938454818
118,50.5,29.011491975882,0.676281706701904,0.0448634799097413,0.503045729916353,0.00328193699187905,0.646961179344425,0.0493843179215331,0.512255879951305,0.0098437046474444,0.811371708692011,0.0818041372008844,0.519303651574347,0.0111845752525241,0.635673573860653,0.0373030807337115,0.506905690485348,0.00449323488965521,0.679045883078679,0.0634360282473338,0.513337868731611,0.00782594591617376,0.813215016592346,0.076624588313024,0.511883232112893,0.00757883636096098
119,50.5,29.011491975882,0.675825087987184,0.0444492559524962,0.502354076745456,0.00254598152326045,0.647611914838615,0.0486640974027234,0.514146695423054,0.0153784396422686,0.805656810106119,0.0867088272538598,0.519506697392215,0.012221815303449,0.63523282129828,0.0367544785782994,0.507409379094163,0.00407837620571565,0.680401005836646,0.0622759147146888,0.51449977235493,0.0100618067970998,0.811258523726305,0.0801442124231976,0.511206506720479,0.00635451016807187
120,50.5,29.011491975882,0.676307593868919,0.0432298459195797,0.502141981530218,0.00199710443513481,0.64789143719828,0.0479513144934889,0.512706628155105,0.0108355831537899,0.804160108883253,0.0924987029343153,0.518665760242069,0.0117146030984591,0.636082392566444,0.0352355390107518,0.506385055725916,0.00449169583296781,0.681516913709605,0.0621692848398807,0.51466413537702,0.0108640223900124,0.809580335101525,0.0834358432196264,0.510840284523514,0.00619828127977185
121,50.5,29.011491975882,0.676854333635704,0.0419669210489853,0.502150285463288,0.00211593158108567,0.648091640851236,0.0472491007108216,0.512601322470408,0.0101095457952942,0.802296673905982,0.0976986474370464,0.518244256567317,0.0111403233965248,0.636243856223416,0.0339994254447015,0.507133183053695,0.00463551571343056,0.680707411555206,0.0601867057535674,0.512746952590939,0.0085374113547904,0.808640562918536,0.0861974677506432,0.511142954447468,0.00622563941954722
122,50.5,29.011491975882,0.676731734517696,0.0413366143708018,0.502421245951953,0.00245640145595349,0.648582605902398,0.0465281783597967,0.511801862701124,0.00975721958601653,0.801450244094598,0.102512161659309,0.51702392144701,0.0104432730753376,0.635879725526735,0.0332471475456109,0.506602599011467,0.00409465837719307,0.681034074687354,0.0590518435392031,0.513392951893054,0.00888226551291184,0.806492915719851,0.0903151781745418,0.511195674564357,0.00617956872678535
123,50.5,29.011491975882,0.675182901811048,0.0414320507333955,0.503146608793526,0.0036187191062167,0.64887015379239,0.0452431787406306,0.514546482329257,0.0154470203767522,0.800248329872772,0.105618129231617,0.517357340312109,0.00995755594155267,0.636344713193794,0.0338231791347215,0.50663952032012,0.00359434447665433,0.68126421704138,0.05716006192513,0.512359905340158,0.00756315451561453,0.806579931171321,0.0931563648327318,0.511595903921796,0.00643764314625744
124,50.5,29.011491975882,0.675546132796402,0.0423920732013798,0.502216038459822,0.00204261124369145,0.649499528211207,0.0436636409535608,0.512383718149738,0.00936321138758285,0.801747578180224,0.107908095756365,0.520862756174631,0.0147560307049568,0.636127310356544,0.0344756296605714,0.506042539270464,0.00360823933196444,0.681742367111123,0.0556793977063827,0.512680235330165,0.00929855679224675,0.805798216254284,0.0960715112222823,0.51068857391175,0.00551308423263259
125,50.5,29.011491975882,0.673845092864302,0.0437134826572497,0.503322903277479,0.00346788699852222,0.650137935633734,0.0426841290723811,0.512899471405133,0.00970977646007192,0.80521927029311,0.109404016255157,0.518568523661416,0.00958678866374397,0.636062648298715,0.0362542097230135,0.506344668469502,0.0041075329912326,0.681786324680519,0.0540838457369757,0.511889680218721,0.00821221465008643,0.806443270425512,0.0985171864865705,0.511071283009692,0.00675232876902518
126,50.5,29.011491975882,0.673067950893658,0.0459236963578996,0.502730440046185,0.00278936805573883,0.65140245669046,0.0418087889215417,0.515274611683634,0.0154674935424158,0.802964091696075,0.106551623324799,0.518229442334531,0.0111462967352617,0.635655148010608,0.0376545200199553,0.506649565740155,0.00489710752193783,0.682161947901784,0.0520258602424441,0.512171572087133,0.00855757003362357,0.806937332438774,0.0991232834148677,0.510191650711027,0.00545392870232975
127,50.5,29.011491975882,0.672379953395395,0.0476523206479732,0.502069028399198,0.00154147694080061,0.652148394984442,0.0412773064708193,0.512709839332651,0.0109159525798237,0.804789854644249,0.107562202712373,0.518995808178454,0.01107010711414,0.63531373674938,0.0383401287892615,0.506443419429526,0.00432031861357591,0.682927496735832,0.0515583775111327,0.512502479368864,0.00863959442023417,0.807177014934682,0.0972410274233044,0.510522928826553,0.00610715404269129
128,50.5,29.011491975882,0.671126928381512,0.0481725604406961,0.502315384287867,0.00204840827751304,0.652596042254915,0.0409963503196979,0.511968232156639,0.0101179835076592,0.803746027168388,0.105743948128545,0.520614897529124,0.012468316756413,0.634560886360155,0.0391213146633357,0.507309888040788,0.00487938122587343,0.682561990663845,0.0508989833857776,0.511402316633071,0.00736528477113657,0.808963569742353,0.0951993642330375,0.510037445792362,0.00580305209756024
129,50.5,29.011491975882,0.670948818037492,0.0485156600741564,0.502323803508486,0.00210645938594237,0.65357637312517,0.0412046042690024,0.511062525508057,0.00932457842757931,0.805397485298494,0.103542874838512,0.518221232445689,0.0100736195562834,0.634185422056982,0.0393286469700066,0.50701896037133,0.00435338540962011,0.682991999028408,0.0512938403593283,0.512075339552122,0.00828415566702321,0.809233607775155,0.0911792075632656,0.510205057156439,0.00601859685278072
130,50.5,29.011491975882,0.670296439133078,0.0489171711502647,0.502379503051435,0.00224557950868668,0.652979582591953,0.0406286156905219,0.510864010145058,0.00935256298544939,0.806475914035731,0.10137377520851,0.517723334049817,0.00914296321786823,0.634099330177005,0.0402742729984722,0.505954328039667,0.00392692071878015,0.683372175218935,0.0512554590196321,0.512459744641625,0.00830169538938756,0.809585509770918,0.0878075271528836,0.510090365641002,0.00550480580389518
131,50.5,29.011491975882,0.669702799344939,0.0492470495669492,0.502923362328384,0.00317980042379834,0.65237095169227,0.0404626970696215,0.509945731862271,0.00823679128627054,0.807448185402086,0.100040099899819,0.517126634718987,0.00973782650583422,0.632817577761617,0.0398608605663259,0.507429186096066,0.00531405937762146,0.682048952812308,0.050829456967734,0.512655490873422,0.0088106131587878,0.808469771968609,0.0853824749157378,0.509627158213442,0.00533292442039397
132,50.5,29.011491975882,0.669434009691362,0.0498203584049694,0.503015315103957,0.00358073937251385,0.651165148337778,0.0408632513198205,0.509713951854785,0.00908124771239395,0.803301836029577,0.0932146630818718,0.520553722423684,0.0146401273072247,0.632781509663683,0.0403436381140743,0.505919151589393,0.00385351754266429,0.682135373046189,0.0512338396829838,0.51425613496787,0.0105358148331515,0.808097279502823,0.0821870901575588,0.510172014212274,0.00631567741200789
133,50.5,29.011491975882,0.669686405346941,0.0505745057828324,0.502491042950281,0.00262886011521208,0.650958655701772,0.0411176162514996,0.510995406332088,0.00954027518043145,0.804671655782122,0.0934373912098252,0.518293682423178,0.0123783131450578,0.632896281708661,0.0409895460078043,0.505273556715122,0.00312453144120456,0.682078163208441,0.0527022051851276,0.514288407034011,0.00984852986916511,0.807746299243457,0.0812993871629995,0.50996034643913,0.00595211141035395
134,50.5,29.011491975882,0.66982924255078,0.0500020253903071,0.502582101601951,0.00264376304505123,0.650743670566871,0.0418744427290163,0.513358777584895,0.0118576543781052,0.804740405483518,0.0911217283981006,0.517707876687605,0.010979517972553,0.633656128414751,0.0406718746821911,0.506671274874042,0.0048167032848893,0.679790164553351,0.0533495233334668,0.512227030625825,0.00877108573048353,0.808093670762022,0.0805298700619811,0.510650646067461,0.00741164535907929
135,50.5,29.011491975882,0.670028806163741,0.0485515281196661,0.502866682179052,0.0027896891421816,0.649686742374055,0.0425547401565092,0.510482589031933,0.00941063168729107,0.808785631217021,0.0899569848332647,0.518845635079979,0.0113329702733241,0.633792322824747,0.0396881483209024,0.507111395920297,0.00424212290833629,0.680178643010674,0.0550465049125571,0.51188973025366,0.0079460199004049,0.807716435410904,0.0808708019356282,0.510572253263465,0.0073057450635069
136,50.5,29.011491975882,0.670889028287323,0.046975582708736,0.502218338229297,0.00189621081355016,0.64868798690195,0.0432587429553419,0.511327157739242,0.0106928481503786,0.808971843119658,0.0900627819205103,0.51812694036219,0.0108494132468291,0.634286841950009,0.0385300608194683,0.506247342235696,0.0043896904091569,0.679645020084211,0.0552346847465257,0.512260364443339,0.00904244079301252,0.808203127149303,0.0806414084191936,0.510777973450249,0.00816803833326875
137,50.5,29.011491975882,0.67018841450344,0.0454195536760988,0.503130481680537,0.0031525273497935,0.64807121197499,0.0440773124883973,0.510041672276117,0.01050656750519,0.807992923459917,0.0906938612695974,0.51783299271633,0.0103907887975043,0.633221897580847,0.0371322468969739,0.506716799867452,0.00513136350730564,0.680103024723834,0.0558152841903082,0.513649268433584,0.00910010207640534,0.8072197818164,0.0814998519259282,0.509837204796579,0.006913829798264
138,50.5,29.011491975882,0.670708859335896,0.0447727366775164,0.50243530374352,0.0021280848687145,0.648077639746602,0.0450066477212869,0.510084400565998,0.0103028468951741,0.807999851991967,0.0887550512029752,0.519816023274298,0.0138796907189974,0.633307285439739,0.0363985793624366,0.50721045074925,0.00482574144633997,0.679881321496124,0.0565006892197202,0.512027347294593,0.00860478009917187,0.809794083432632,0.0825641369985262,0.510182507883361,0.00690092586680462
139,50.5,29.011491975882,0.671568048999601,0.0437299716044588,0.502097280688995,0.00191860884898736,0.647895264992203,0.0451759484558742,0.509657297154324,0.0110518952745071,0.808649927844423,0.0896958011735621,0.519112618861444,0.0117295482563151,0.634396189404694,0.0355184424546613,0.507106502175517,0.0048812675313598,0.67963377068397,0.0560612671814695,0.510632620911073,0.0073459257533122,0.810470680088496,0.0855545833178351,0.510372284652471,0.00687660011377637
140,50.5,29.011491975882,0.671376992020237,0.0415542387016897,0.503598150477062,0.00479659186462785,0.647417864800278,0.0448930508260027,0.509879241967694,0.0100148600062753,0.809576477715747,0.0916177944207145,0.518706146046867,0.0109454567440221,0.635103082576631,0.0335177821653533,0.508032121646891,0.00607615999587883,0.679819992780672,0.0566937168016637,0.51044069990821,0.00878198739504288,0.809588311117497,0.0861733654609039,0.50990545577158,0.00681648904241986
141,50.5,29.011491975882,0.67286152533642,0.0394337019845691,0.502483911757508,0.00234303980338484,0.648388076805088,0.044860806231556,0.513372938202288,0.0128425510182879,0.813571685592213,0.0891151869552067,0.518119800137718,0.0104287126909467,0.636332900126881,0.0317569632209736,0.506733848147609,0.00391272899843459,0.680921357325468,0.0571860211176304,0.512694991027221,0.00959648707490006,0.810617019332717,0.0852652620817022,0.510338441576397,0.00700177548423781
142,50.5,29.011491975882,0.672786356674926,0.0390013713235673,0.502797641712765,0.00294310939839786,0.648161358883205,0.0455257170533566,0.511781405214758,0.0124873839592031,0.814707587263438,0.0885523545797651,0.51772544143629,0.00978058746694457,0.636307829995665,0.031159730097062,0.506808370055545,0.00470201721132058,0.680119171237085,0.0573175137699618,0.510961371296239,0.00841758523952716,0.811616925434454,0.082732876292508,0.510613976436941,0.00727325537249601
143,50.5,29.011491975882,0.671018064926242,0.0392210449198395,0.504377806080061,0.00517927095432867,0.647159538025366,0.046660821847324,0.512067941367623,0.0131304526656779,0.815246641210927,0.0883965408299379,0.517731072683572,0.0104381526104513,0.635620302049994,0.0304884019675707,0.506774809530522,0.00411989880215851,0.679151398249762,0.0587345236348214,0.510946409555893,0.00808934856305747,0.81154533424552,0.0796948370196544,0.510268601698724,0.0072558386708712
144,50.5,29.011491975882,0.67108462942617,0.0416271772007958,0.502273716229092,0.0020329301847885,0.647387336160158,0.048341969577449,0.513540893373267,0.0148057017397061,0.813007351833913,0.0878348119944761,0.519120490624623,0.0134412919164416,0.633788891850596,0.0314554493072124,0.508132586806812,0.00624148202563564,0.678844966788852,0.0601958382769213,0.512587175556411,0.00974520624984178,0.808486734435031,0.0771969442536481,0.510106700491572,0.00726632494146456
145,50.5,29.011491975882,0.669423140227316,0.044540156252756,0.502535867111903,0.00229575538379394,0.647242882265866,0.0491673914353086,0.513272087109992,0.0140658571911076,0.81493149012027,0.0878075734326741,0.517559785512407,0.0108760820319745,0.63371204082737,0.033990494949715,0.50685471831446,0.00426149607899293,0.679386520936776,0.0612129467609,0.51208711885485,0.00877367179757338,0.809647828650626,0.0754123071081102,0.511004164420296,0.00754557813802271
146,50.5,29.011491975882,0.668608074795822,0.047342282892983,0.502361538420384,0.00203529003803899,0.64771226418842,0.0505778944866253,0.513225282862105,0.0134916156704252,0.81595328714732,0.0870462691281896,0.516821639563755,0.0102197255054085,0.63316448303752,0.0353401494749606,0.506790081651599,0.0043560189891289,0.679442844247965,0.0624796325844631,0.511691978082189,0.00848052198773639,0.809227272597033,0.0745706300642369,0.510874534308813,0.00722725394002294
147,50.5,29.011491975882,0.667464023284227,0.0491813993138233,0.502441636552529,0.00233975213433434,0.648040677001666,0.0514772437826105,0.512969433885243,0.0131167072873319,0.816549634494579,0.0875520834849138,0.516458279326578,0.0107613257268096,0.631680083718993,0.0366320471712767,0.506472112535727,0.00461896145433091,0.680584071547586,0.0640145970458309,0.512146786008553,0.0089264356026993,0.809968181545766,0.0753730710810229,0.510356370031502,0.00661866593470823
148,50.5,29.011491975882,0.666508671167594,0.0508345381995701,0.503007106729769,0.00307431826480688,0.648263376682006,0.0507821043355192,0.512552769181832,0.0125999714649402,0.8172058796414,0.0870362142483549,0.515769772598959,0.0119578792756753,0.631416742391525,0.0379322767438438,0.507483290895017,0.00514026959945913,0.68011127799693,0.0638854761075738,0.511580346387062,0.00971169558341617,0.808342899995855,0.077352203044385,0.510337016601792,0.00664992193330099
149,50.5,29.011491975882,0.665437161084403,0.0521638798747698,0.503834664417781,0.00378774823972549,0.648482215866539,0.0498185927473859,0.511104419452968,0.0119966131956827,0.817670151527611,0.0869710471692023,0.516244180640106,0.011472641751284,0.630888537987765,0.0389729659025678,0.505886626942433,0.00325236465403895,0.682002496324382,0.0644899326534668,0.51346466969206,0.00944644868585043,0.806376470174799,0.0789277610808158,0.511759241432085,0.00692766669785277
150,50.5,29.011491975882,0.664729632220387,0.0534342694342734,0.503730847838781,0.00357880483989079,0.649390791450552,0.0492397591015091,0.510026563249915,0.0113003147725574,0.81799921769469,0.0872046844919007,0.518847189614512,0.0135900996308211,0.629829130434981,0.0402430866472344,0.508417524625755,0.00546270751544448,0.680661449697531,0.0634059681490524,0.511458009243469,0.007841590051907,0.807973412200936,0.0818493020987976,0.511482215563604,0.00805912592602208
151,50.5,29.011491975882,0.664658069801471,0.0547559434675754,0.502541946308455,0.00287660940170687,0.650956033366442,0.0483014115982262,0.510759492994196,0.013348823269441,0.816804427783348,0.0877851312004039,0.519158299306738,0.0154035353049055,0.629770103223209,0.0413794643897046,0.50696397165195,0.0044604711661012,0.682805862497314,0.0632563562551276,0.512338729018141,0.00969067509625381,0.807604189709955,0.0826577631696221,0.511824197924302,0.0073012566074341
152,50.5,29.011491975882,0.664408271565148,0.0562167613615326,0.502952788992707,0.00330068457309004,0.65178957514175,0.0465027117507343,0.510440785798598,0.0125743151257119,0.816933331364408,0.0893564570455275,0.518907848181935,0.0134926985349339,0.63001574775695,0.0421547090077483,0.506169563643452,0.00291791674761816,0.684294961996534,0.0616585342168465,0.512897343496168,0.0103890206627496,0.806501354031732,0.0847524495281878,0.513046172487157,0.00771388871231198
153,50.5,29.011491975882,0.663264529897159,0.0560575252714581,0.505337698582671,0.00532717188648126,0.651186648356443,0.0444866654795886,0.51009426033925,0.0125638324338051,0.815697922411322,0.0906410665493844,0.51910405994025,0.0138282922005553,0.629456317751453,0.0418962479122632,0.506727838031471,0.00414027093759217,0.685032363262241,0.0591145177516961,0.512421785086582,0.0104102839191673,0.804898678341424,0.0858838439618429,0.512786514450456,0.00741834521256266
154,50.5,29.011491975882,0.66479892542292,0.0568658665198348,0.50189696915385,0.00175640174580383,0.653757215425059,0.0424551545890738,0.512709568348091,0.0140429748589942,0.8148426319369,0.0931960601317563,0.521454499223228,0.0152208385999582,0.628719179061434,0.0422565683361555,0.506223841486779,0.00356824453350664,0.68673989933155,0.0571146883152011,0.514410586876636,0.013004250147832,0.803354129746459,0.0883777302787118,0.512094683329361,0.00668938477179564
155,50.5,29.011491975882,0.66476615281097,0.0569489656757146,0.50183071942374,0.00122574227620386,0.653834602480153,0.0398622325514465,0.512776278137871,0.0138839494429017,0.812985197434268,0.094817152954234,0.522263936345503,0.0180529093534178,0.628881639380531,0.0424783584220897,0.507521462811371,0.00427282512772094,0.686457028050001,0.0540343576007976,0.512992636311084,0.0107007309816149,0.803251064583457,0.089521852248416,0.510822006884305,0.0059059358166602
156,50.5,29.011491975882,0.664347017237107,0.0563420527067809,0.502035221015786,0.00207551860564115,0.653845977596478,0.0391933547597434,0.511680325081285,0.0125556065474437,0.814491652541549,0.0967172679993545,0.519976405995067,0.0134242737098885,0.629121737819097,0.0427892063890512,0.506502715417409,0.00401895009323894,0.686375054858416,0.0527395150688343,0.512057957254234,0.010745663836838,0.803042296865631,0.0920682286514701,0.511100183195026,0.00621059128606903
157,50.5,29.011491975882,0.664274730809505,0.0555372665862974,0.503813788312825,0.00409491691024704,0.652932119575882,0.038660755196661,0.510355411760104,0.0129236284146373,0.81198688014023,0.0968545495395204,0.519561567125473,0.0164154361116067,0.629558361042866,0.0432441071959289,0.507241715953695,0.00507056973679963,0.685243991020699,0.0517524289190837,0.510449353417834,0.00743249111429413,0.802712557237452,0.0928045932217571,0.512184107233887,0.00805248418286402
158,50.5,29.011491975882,0.663682424213913,0.0546883401579732,0.503177969785537,0.00348748069404687,0.652825073456887,0.0384323837295061,0.510261163949087,0.0134275012801933,0.813518089196387,0.0945735469373752,0.521060905788077,0.0140459307928318,0.629367329685291,0.0429456632179104,0.507081152706686,0.0045707101956003,0.685196952286962,0.0509779105458762,0.510359956367771,0.007252924352029,0.80451848732549,0.0919648264224805,0.511409332929,0.00632293947255867
159,50.5,29.011491975882,0.663137287257049,0.0546776269140834,0.503608301234375,0.00371768950545605,0.652895369441457,0.0386543368714457,0.51142492722876,0.0134967400083624,0.814585592597207,0.0907628983448866,0.520950670835874,0.0146624404079338,0.628696715665467,0.0433275940520189,0.505937876972279,0.00345641738324661,0.685679475154912,0.0505606880936826,0.511857657663368,0.00957574047147059,0.804017062043846,0.08915052677768,0.511828614243228,0.00651356452029224
160,50.5,29.011491975882,0.6632161718096,0.0542797714678088,0.503702404066047,0.00390257427414653,0.653198350777999,0.039431238699973,0.513298292859003,0.0150944129103578,0.813349541114216,0.0887145617405481,0.519453478595179,0.0131503544743432,0.628949788665668,0.0435498671678856,0.507158449333017,0.00533239369058641,0.685214974170402,0.0497335227490319,0.511432264012454,0.00866861061124506,0.80369793052976,0.0876039068433904,0.51248777128598,0.00805909152563147
161,50.5,29.011491975882,0.66420899576594,0.0551101944508362,0.502542411470769,0.00279978982011153,0.653836096918542,0.0395853050499359,0.51109726432719,0.0125601102018904,0.815829753065849,0.0894551084763927,0.522019210698941,0.0144930284948017,0.628579786088963,0.0441014682391168,0.506645529874183,0.00419148686712788,0.686234834446843,0.049653334174349,0.51292077819316,0.0104540069156761,0.80393570798697,0.0872428374393303,0.511339052433646,0.00622066275608667
162,50.5,29.011491975882,0.663986389121483,0.0561617187059945,0.50324618502741,0.0034880929336421,0.654694905917099,0.0394202456308316,0.510676158322496,0.0127563035052906,0.81312113516206,0.0894964958671999,0.522230991470047,0.0141621611388102,0.628948659475123,0.0451371430877392,0.505836313861672,0.0036715427539305,0.686881647846795,0.0491972522092316,0.512140890337471,0.00788938960953899,0.80396118730748,0.0880308050643288,0.511726879234936,0.0071133823494709
163,50.5,29.011491975882,0.663728376939888,0.056938145281281,0.502418022495232,0.00264411644451574,0.655588849892253,0.0391672124791325,0.512651865678976,0.0131646222649322,0.811220310461804,0.0919284986288026,0.522583587149078,0.0165429041176533,0.629187892194425,0.0461042475036856,0.506826756728173,0.00454338982067675,0.686217122941894,0.048336818327162,0.510948356634942,0.00679962839362143,0.803517884350299,0.0893762549699803,0.510907560380239,0.00620723212075664
164,50.5,29.011491975882,0.663655098490384,0.0575673382665839,0.503382090407381,0.00414789543849934,0.655732007642908,0.0398587715068313,0.511724550897081,0.0121453145019477,0.81179745076094,0.0939347803814415,0.522217303416306,0.0134025245400342,0.628588614446934,0.0466887475292836,0.507044043410558,0.00465994064196041,0.685928301667849,0.0488099118951515,0.511066662873582,0.00643223486500084,0.804209976029667,0.092409420328116,0.511644750756327,0.00733189286547052
165,50.5,29.011491975882,0.664112719639571,0.0580974993925524,0.502388084437054,0.00318893486652461,0.655278858699734,0.0391898561549966,0.513564377982054,0.0123541878154882,0.808380976902222,0.0953598218925876,0.524206750919099,0.0155009510082384,0.62888350528086,0.0477119143835962,0.506375978754954,0.00469965616569198,0.685729734189855,0.048357790598178,0.512542178318139,0.00765697015549438,0.804660500527159,0.0944601131167903,0.511105397286929,0.00702189872379976
166,50.5,29.011491975882,0.664420915143167,0.0583662690071499,0.502861657298132,0.00305346512806371,0.6552088880193,0.039368833026015,0.512056773158444,0.0115847345753463,0.809967138323798,0.0992170557278966,0.52240186208216,0.0124266054444946,0.629602066181373,0.0478854518370772,0.506515350669883,0.00511311562534578,0.68527138559111,0.048644742503014,0.513096823899229,0.00911864386017042,0.804338116971398,0.0956971756882275,0.5120362109869,0.00743956553169094
167,50.5,29.011491975882,0.665993441110405,0.0583577590245738,0.501891264636586,0.0017161391809022,0.655096812433788,0.0405790816513074,0.514467987886388,0.0125044594902745,0.809806859877545,0.100372352133523,0.521433695619644,0.0111037308269118,0.630667541551794,0.0477211551743048,0.50547069247616,0.00343569657940268,0.685134825666546,0.0494422693044535,0.512905279997408,0.00909702899949794,0.805042787676518,0.0951331911013052,0.512579431657502,0.00808924659455531
168,50.5,29.011491975882,0.66725737643713,0.0585418957494331,0.501889414916891,0.00150269295882247,0.654560751753349,0.0408221667710651,0.513680809787539,0.0120832355083573,0.809349503718186,0.100218716126074,0.520542826491058,0.0101294080774364,0.631139463009222,0.047381380269925,0.505320802921097,0.00344267874146279,0.685573493355461,0.0500804273091492,0.514642335487144,0.0105983956397673,0.803207317902603,0.0935125039531121,0.51217774348793,0.00705838178141608
169,50.5,29.011491975882,0.667920358853014,0.0582737069079611,0.502255543257261,0.00277921621347622,0.653582525346842,0.0411427756812328,0.513372596396618,0.0110458909373431,0.807869461376723,0.100844567697237,0.520034418359765,0.0094242170039877,0.63153091286243,0.0470901194830543,0.5058247586523,0.00372175565286815,0.685171415705488,0.0504641478967046,0.514380972411638,0.00918767971047369,0.802152040142628,0.0919832205051316,0.511751088106873,0.00687024205563755
170,50.5,29.011491975882,0.669107138930142,0.0571954389238836,0.503346975521447,0.00342886617796992,0.652087117630928,0.0402690736597276,0.513079186412628,0.0133131233581337,0.802846234894269,0.101766633688327,0.522503074437678,0.0164323337662988,0.632724896051829,0.046196163424443,0.507376063558229,0.00559076893853533,0.683843459665877,0.0499609005091401,0.512171388277889,0.00702431907512927,0.803219118283704,0.0917008913915559,0.512123688371442,0.00779013150485122
171,50.5,29.011491975882,0.67067678361081,0.055752691825505,0.501832904849429,0.00164339450628943,0.653012884934106,0.0400808214492989,0.51644848781152,0.0150439743333234,0.803926288516345,0.0993042537595537,0.519458493903598,0.00956440896802923,0.633315592639003,0.0447586793356653,0.506636370579415,0.00509170093494643,0.684452073530476,0.0499956498716904,0.513573413452998,0.00863735235796664,0.805053448314903,0.0900977091123128,0.5108040497778,0.00585922610476855
172,50.5,29.011491975882,0.671017063958778,0.0532318642967577,0.502848316481984,0.00333760886977306,0.652051314277689,0.0391132744309496,0.513529118736727,0.0123821296300824,0.805750640700522,0.096448379895529,0.518866752721578,0.00814652183959073,0.634306428576045,0.0436744448946716,0.505596246920656,0.00355067113063161,0.684865250321486,0.0494358640305521,0.512868248246684,0.00805135279826354,0.80845546333444,0.0859583216310488,0.510704151729661,0.00570913007507365
173,50.5,29.011491975882,0.671838693524749,0.0504079728831331,0.501964473339685,0.00223510178129872,0.652738649988984,0.0382419981856354,0.513957320099028,0.0128249869023596,0.806072847496729,0.092760260174913,0.520397187408185,0.0123956796942554,0.634078415632842,0.042080892166243,0.506060676787285,0.00405208193317913,0.685768529485908,0.0490497330086762,0.514242499255536,0.00949590888271667,0.809547765551686,0.081366483422054,0.510440436546592,0.00521647878387993
174,50.5,29.011491975882,0.671372098562683,0.0492429284761455,0.502213855171432,0.00225373191040104,0.653327853126554,0.0377400496458844,0.513599463513585,0.0120701124759529,0.80826188040923,0.0886623462333158,0.518601507709636,0.00917366361628848,0.634499965067206,0.0410840820126394,0.506413275408706,0.0045674490473496,0.685901301851199,0.0486133253886592,0.512724578915933,0.00765639779077485,0.813879974078496,0.075544215472231,0.510957311139522,0.0064126579314002
175,50.5,29.011491975882,0.671638909590239,0.0481865451793078,0.502939307428713,0.00337645054564985,0.652923010646447,0.036398996010677,0.512743800617535,0.0114250387421526,0.810118927945573,0.0829026257736262,0.518741375304608,0.0100161455954212,0.6356798639507,0.0399445055733453,0.505658151215445,0.00360388510468023,0.686678170540556,0.0478382453344504,0.514075659796908,0.00890628240664681,0.813794291888383,0.0709069820943029,0.510850641348899,0.00691530722082178
176,50.5,29.011491975882,0.672392019300116,0.0468965158556787,0.501871448356875,0.00193540660342985,0.65393729148084,0.0360633453308529,0.512803466277364,0.0112208122871469,0.811033161206608,0.0762861705294625,0.519756382532943,0.0115822709644072,0.635811835727475,0.0388584586046788,0.507332372560402,0.00522171361944009,0.686644641916481,0.0477069789987713,0.514203146632047,0.00996089396651846,0.813973542144594,0.0691128647888013,0.510299330824642,0.00596058849833609
177,50.5,29.011491975882,0.672188942606201,0.0450692208909248,0.502328470776544,0.00244467277538402,0.653724411962286,0.0361342167006976,0.51233315559138,0.0106850158948102,0.811187409441866,0.0716276449475614,0.520855966216851,0.0127536924248482,0.636944166025551,0.0365352692514684,0.505792412670785,0.00387628025903277,0.688149933102288,0.0475134465490397,0.513814007410393,0.00965709036110245,0.813921083422513,0.0657131360850894,0.511548819713957,0.00664626246197119
178,50.5,29.011491975882,0.672246160157053,0.043298252865754,0.502445278424955,0.0024589434377037,0.654071344214386,0.0364260203322871,0.512722114734648,0.0131234238877554,0.814418178182614,0.0683400896028363,0.520313350174224,0.010984869506313,0.637195883074752,0.035054797552523,0.506592717391744,0.00427898256364393,0.687773437483744,0.0475051665510052,0.513476270882019,0.00880479114432674,0.815917174058284,0.0666673083968569,0.511172249101927,0.00621225435549239
179,50.5,29.011491975882,0.672112455375001,0.042558511623919,0.502930009397801,0.00318018970708181,0.653527466469922,0.0374565102377705,0.511449727402453,0.00938670035177024,0.816730711681302,0.0666627125762808,0.518658723527371,0.0109413472001321,0.63763983281624,0.0341354602126617,0.506803914928151,0.00421851753817504,0.687207835015673,0.0484190229876053,0.513957295928144,0.00889178992506031,0.816963644330993,0.0660101290403198,0.510774187739106,0.0063481899863553
180,50.5,29.011491975882,0.672064165689633,0.0433178583811283,0.502702580879179,0.00321118299370474,0.65280460678646,0.0385719301263967,0.510962895640838,0.00880952267721129,0.814620472192798,0.0648935666538425,0.524218073856184,0.019104229272524,0.636936746308382,0.0343214825983628,0.506449899113304,0.00513794030172571,0.687031477686116,0.049670203025895,0.514045702449914,0.00867696205562795,0.81840088870126,0.0661541172737744,0.510377786656919,0.00626906987984423
181,50.5,29.011491975882,0.671180913289086,0.0440665074864394,0.503077978311687,0.00302809964152181,0.65268001163581,0.0414234658923971,0.512068837762791,0.0097344634245036,0.821103359226206,0.063751661313255,0.519504638475093,0.0116063062319003,0.636645583113022,0.0348708192246979,0.505851382655219,0.00306405631081389,0.686848588033992,0.0511703414062041,0.514578023847351,0.0101901406393397,0.818758190329557,0.0655868590329753,0.510694755534445,0.00610544154114928
182,50.5,29.011491975882,0.671615560554284,0.0451538413034016,0.502564287955461,0.00239882042017583,0.652764820670046,0.0431327671043917,0.512156874640861,0.0104929838580011,0.821042125764298,0.0673715253266319,0.518277480066747,0.0105568871505638,0.635886597556642,0.0358531605236768,0.506281880802734,0.00362966030988397,0.686973589496763,0.0519945145425929,0.514288324219281,0.00895050603418153,0.816991783569535,0.0696329300602636,0.510097553237371,0.00570257727333207
183,50.5,29.011491975882,0.671213105484919,0.0459990467325232,0.503155742912497,0.00294559647825656,0.65306121453949,0.0438214557199393,0.511577318464998,0.0102665576930593,0.820092237910331,0.0729090861254545,0.517597121709095,0.0100945107238967,0.635083195913115,0.0362328680266311,0.507418297716887,0.00518293826570081,0.686740938968075,0.0520793285537915,0.512871548325411,0.00811600520549701,0.81539786226893,0.0757672245941683,0.509950854542897,0.00565661838562825
184,50.5,29.011491975882,0.670834649994035,0.0467416173475013,0.502548835170073,0.0020267264132595,0.653520237577968,0.0444696950551545,0.511916085902865,0.0107936583903215,0.820745477505674,0.0786969446717887,0.517555213002435,0.010951495711085,0.634424899678467,0.0370420109310537,0.508136744640379,0.0058614520550195,0.686438905763459,0.0526930189824078,0.512871652827005,0.0103288034725271,0.813635083994897,0.0820998926491232,0.510012543742282,0.0056097376348693
185,50.5,29.011491975882,0.669458357950632,0.0485284457227314,0.502749048384143,0.00266277420578851,0.6537499737912,0.0449336900849799,0.514418062156657,0.014242635446049,0.818714371349134,0.0819849412466157,0.51730946864024,0.0108839154203338,0.634318664966664,0.0384308242123678,0.506813433220724,0.00468159533555239,0.68720163143283,0.0540805826594133,0.513336977488647,0.0105103349599318,0.812792581099294,0.0864997718344544,0.511286695012968,0.00675921646952956
186,50.5,29.011491975882,0.669697505269036,0.0506909838128443,0.502568811496108,0.0024701194166301,0.652525677190624,0.0456918441438982,0.512461314062042,0.0102742087489115,0.822230891170322,0.0853430197981341,0.517746110284098,0.0103828399964645,0.634091600202467,0.0401464167554353,0.506020276906525,0.00370532128434086,0.686925199578106,0.0558228582457664,0.513824406948457,0.0137734635710555,0.81248561767374,0.0888236924810728,0.511974526885424,0.00743967045291088
187,50.5,29.011491975882,0.670540296355847,0.0528198090173472,0.502508686473961,0.00240486882258528,0.650641705972337,0.0470413968600284,0.512092596412916,0.0096189259517293,0.820220572501574,0.0850518201547145,0.518611140820543,0.0113787862881415,0.63442448296723,0.041915916334622,0.506832929555835,0.00387119483106064,0.684971501956019,0.0578141030172013,0.510772840237083,0.00690403182509349,0.813940385154849,0.0891221516213908,0.511309494116284,0.00707439155342865
188,50.5,29.011491975882,0.670373543930883,0.0540095237079502,0.502560617658957,0.00249748998459205,0.650075867931067,0.0483170568117138,0.511333531325108,0.00960543277595682,0.820115795373814,0.0846340520097546,0.517617434471428,0.00953067732712388,0.633576677185915,0.0421936978029848,0.508587811041129,0.00568952487239968,0.683063206903592,0.0591898531484549,0.511318923533029,0.0095655631297068,0.809540615464335,0.0883460195133371,0.51235287492597,0.00869454481445947
189,50.5,29.011491975882,0.668306127719096,0.0550400843876486,0.50418373822582,0.00451782507678744,0.649577862121363,0.0487489245375915,0.513358048248432,0.0128043420261659,0.813274493804731,0.0865566751597681,0.517085653726881,0.0100654672154738,0.633762640087829,0.0437452937652852,0.506426620493787,0.00415386011385248,0.683993011461387,0.0604524270195225,0.511877767203817,0.00847795472363432,0.810687488512254,0.0881304297698132,0.511821462933462,0.00724760617377565
190,50.5,29.011491975882,0.668932977443578,0.0560026374277369,0.502092372522686,0.00162502491726197,0.649014593093895,0.0491706304873087,0.512534962687862,0.0123377277340935,0.809048694860282,0.0850495011495827,0.521062246503512,0.016008470930265,0.632719041560405,0.0438964418547777,0.506943270861575,0.00414814687872014,0.683770175461121,0.0607733056349603,0.511821331738243,0.00891677226251686,0.809798322889051,0.088853860534484,0.511580589603894,0.00732749723319802
191,50.5,29.011491975882,0.667886297824601,0.0559240165177906,0.502566951797474,0.0023197286405922,0.648940267135255,0.049449852583957,0.511652451617752,0.0116694557232636,0.809077873669398,0.0880821185253044,0.518551758755804,0.0130590475538378,0.63232922797018,0.0439551457178169,0.507089000382929,0.00454263078830919,0.682952214496347,0.0611378417142558,0.510426619664935,0.0078669574497989,0.810945733247301,0.0897093060518013,0.511628055329419,0.00681349994384563
192,50.5,29.011491975882,0.666933285842276,0.0564647093374176,0.504061426897524,0.0038435052518653,0.648272282829311,0.0498116582110174,0.509473487386741,0.00878970697775992,0.809795912243058,0.0908191429547071,0.516962292258106,0.00914951680857585,0.631672964825247,0.0439323717901347,0.506967506929543,0.00496308173139203,0.681279324708069,0.0614735720852426,0.510135748541687,0.00775761148467332,0.810396947742365,0.089058274469018,0.512552690635665,0.00951027340355294
193,50.5,29.011491975882,0.666378998338699,0.0574461965415785,0.503565101788809,0.00359455212059474,0.647972083764879,0.050487565658309,0.512304375226647,0.0123623821463821,0.803875338480428,0.091536974869353,0.520462550344827,0.0128992473225376,0.630620332219067,0.0435626988027175,0.507193197229146,0.00460924055641653,0.681238264316917,0.0613115823561446,0.51230635317443,0.00946552003372988,0.808385331782529,0.0875500724644644,0.512018149309146,0.00937750714513835
194,50.5,29.011491975882,0.665313030074737,0.0572304115616118,0.50343900426858,0.00322576192061658,0.648153765995001,0.0503935728454254,0.51185231714953,0.0123143463589199,0.807207359342336,0.0941319147583427,0.518811769446989,0.0111271296356592,0.630202873257021,0.0435947497769863,0.507023469338623,0.00447786311984573,0.682245723058954,0.0613514498518417,0.512068633283325,0.00942903096811917,0.80970618399966,0.0876468974960688,0.511263367181926,0.00680809898112205
195,50.5,29.011491975882,0.664249703548173,0.0575184142019218,0.50409303312225,0.00515125760149803,0.648635902783812,0.0495407076847574,0.511612854406669,0.0134689188688334,0.804817886290502,0.0942818757198238,0.519135680029945,0.0118327289507249,0.630849829554752,0.0436278632678079,0.50714147034888,0.00405754440005892,0.682648090724258,0.0597720177158753,0.511722095647823,0.00896765571877208,0.810397924398888,0.0874572848105929,0.51124071788527,0.00662219068399636
196,50.5,29.011491975882,0.663563517606305,0.0578212812546326,0.502881947619175,0.00277077250314941,0.649539961463831,0.0477705776181137,0.512546165678112,0.0139240700620908,0.804208085308433,0.0936206860994037,0.519901258549647,0.0182219353756105,0.629803616372393,0.0435415283727336,0.50933499757632,0.00514607852890527,0.681576549836359,0.0576018997736738,0.510250603702789,0.0076262732847916,0.809901304996512,0.0879465078223688,0.51167028194117,0.00714333441535122
197,50.5,29.011491975882,0.662850883169978,0.058297221304647,0.5023451614796,0.00220927241794133,0.650401626289608,0.0468384836288776,0.51194230216845,0.0132803263485127,0.807210779052087,0.0934448998059915,0.51943703661153,0.0133645650430666,0.62934077069501,0.0437131085988014,0.507863252009397,0.0044863854110853,0.683395498592544,0.056401236196646,0.510785887821376,0.00888999414813037,0.81095315075819,0.0883737852812527,0.512430959119966,0.0083450476694732
198,50.5,29.011491975882,0.660795277763572,0.0601458276794153,0.503826313279351,0.00392223986118428,0.650571540003314,0.0454524045381947,0.510459867852131,0.0121708778260564,0.810081546940512,0.0934640243551359,0.518398710087218,0.0114315391139699,0.628168172952815,0.0461282850894972,0.506707127451809,0.00370376909254755,0.684999394392876,0.055308930880668,0.512344007449068,0.00918163412167359,0.810213794517694,0.0890306784204017,0.511798936747713,0.00783248328413203
199,50.5,29.011491975882,0.660813269434005,0.0625123478877453,0.502992573232236,0.00328447291184843,0.651524677079436,0.0445023043344194,0.511849178256273,0.0134575358380763,0.805869111435778,0.0937768636931279,0.518737395001157,0.0130899073016272,0.626430539133519,0.0477993364829125,0.507451706855368,0.00542921218690482,0.686097628801235,0.0540688448020112,0.514074629130529,0.011316946530189,0.806302702223875,0.0880606111418455,0.511664186226575,0.00771431282513106
200,50.5,29.011491975882,0.660145389466556,0.0641500336828689,0.503571386749236,0.0039354400635494,0.651630370084528,0.0434613248565026,0.512175863106052,0.0141101266732764,0.803765276515397,0.0956522548727443,0.518552637300153,0.0124213487505167,0.626544538456756,0.0503053454154081,0.506817889795615,0.00369163753341293,0.68649513829771,0.0533117068622597,0.512093207926218,0.0092443314644901,0.807540947801607,0.0906104359435817,0.512366340112552,0.00810580955539025
201,50.5,29.011491975882,0.660359901887271,0.0646060325324387,0.502499492183321,0.00213286491779273,0.650579900186927,0.0440756087185653,0.512786877184801,0.0138658585150889,0.800344189962074,0.0962958668526891,0.519779189933789,0.0172364253022079,0.625088664980458,0.050687076536251,0.508416987031619,0.0063597739384069,0.684815870554849,0.0538971540940994,0.512214892170339,0.00863901173005155,0.805182029292121,0.0920746286303507,0.512232816044809,0.00862263086457724
202,50.5,29.011491975882,0.659760934459997,0.0646585866571995,0.501947037667691,0.00217124096771252,0.65074624634733,0.0435218539696051,0.511882682696135,0.0130179753679671,0.805053683159818,0.0967039326981611,0.515722918828028,0.0121518247068543,0.625763426022489,0.0517784042012092,0.507085283070238,0.00661887573391753,0.684500475535434,0.0543316368527358,0.511128504256185,0.00880299386406567,0.805964455452396,0.0925278767227296,0.511488459648594,0.00778109535229795
203,50.5,29.011491975882,0.658867680238902,0.0638444648270685,0.502005125590725,0.00230360818068882,0.650848279269926,0.0429602775653792,0.511896660250097,0.0124704511001106,0.805257352665119,0.0964594345826042,0.515526998620877,0.0111887024228431,0.624656274102962,0.0511815725364811,0.506064342060311,0.00454684403608757,0.685596591946064,0.0546775731559181,0.512252536600173,0.0117525241350184,0.803211457446784,0.0928671182130416,0.51032620499132,0.00718839218915294
204,50.5,29.011491975882,0.659064275295734,0.0621590581882536,0.502690377460261,0.0032568643811919,0.650351817250594,0.0424008081103126,0.510811146137254,0.0109358939558592,0.803866986178366,0.0962274229595562,0.514358669557743,0.0110455055547312,0.625129411259252,0.0505927471816311,0.505984491509456,0.00479342180804603,0.684880124220038,0.0539663888455621,0.511971065987219,0.0111299338273207,0.802227728278718,0.0904795151254537,0.510016855369261,0.00718196443356888
205,50.5,29.011491975882,0.659206374830857,0.0604397772951971,0.503483482967052,0.00369610520005206,0.649031306203743,0.0410896290298463,0.510585369552949,0.0124708031560597,0.803800667621861,0.0955088770194348,0.51613880462503,0.0145662997412987,0.626007859756033,0.0493292376279453,0.505638631239764,0.00429322657379486,0.68434362445894,0.052864590639727,0.512123061310978,0.0112786157803618,0.80146264310238,0.0901838011567842,0.508502808202661,0.00649061099554716
206,50.5,29.011491975882,0.660444303785534,0.0583222686624116,0.502708652038764,0.00428171752828527,0.648168086458976,0.0409154789545748,0.512785920440324,0.0145613473755682,0.804552290596466,0.0942741786823743,0.512073141612491,0.0100124365837784,0.6270920231486,0.0482433638134769,0.505159860773716,0.00386535877464924,0.683090832029307,0.0523177909617631,0.5110077213821,0.010479236965001,0.801363755001011,0.0878209073641475,0.507711842478877,0.00659944571822249
207,50.5,29.011491975882,0.661879804825126,0.0568246429083027,0.501602184551629,0.0017742138289548,0.647490404434316,0.0408154926847388,0.512600500699843,0.0140501449020945,0.803619836570337,0.0948781649896195,0.510361874372128,0.0119541500870317,0.626594154102882,0.047228965693621,0.505386646789561,0.00375952488659985,0.681626354363385,0.053079075674046,0.512204258583164,0.0113951125073212,0.797584494517463,0.0898220721398904,0.507612742185885,0.00706817557676712
208,50.5,29.011491975882,0.661808744197161,0.0556532558557497,0.503209526534093,0.00444009619953009,0.645477884548894,0.0400087521394511,0.511854710409171,0.0138851936865876,0.803699858519691,0.0962286964077985,0.510361898935334,0.0109136047732081,0.626843705480418,0.0468701650934892,0.504429769583469,0.00340854362801446,0.680896358297143,0.0532937312427676,0.511524705177561,0.00982701621110593,0.795792713070411,0.0908123785940116,0.505839512399267,0.00681340243189224
209,50.5,29.011491975882,0.66259943113079,0.0558969333778157,0.50182148975022,0.00220078482308299,0.645169191236606,0.0395347944238781,0.513755646459537,0.0160643913395558,0.802519631184888,0.0953656394413323,0.508536596455774,0.0106620192133251,0.626435798934376,0.0465990151631534,0.504757540432626,0.00367496804096994,0.680903673292741,0.0532240539470305,0.513197093086975,0.0115049733670469,0.790831208484693,0.0912790379121081,0.50570246478998,0.00648102496513256
210,50.5,29.011491975882,0.663080217732049,0.0558466373101803,0.502047737192509,0.0025534448791877,0.644889294234115,0.0381394139988451,0.512319306544035,0.0173938777540428,0.80125002798756,0.0945046812159235,0.50884496871846,0.0101459131727538,0.6270212658954,0.0471908369217932,0.504589298788761,0.00397271049402086,0.680895497626965,0.0522604335406596,0.510942988890091,0.00879246698557421,0.792105684714555,0.0920804057050066,0.505388468675473,0.00665918643627806
211,50.5,29.011491975882,0.663499543414005,0.0565285890361402,0.501691387942118,0.00212999535709327,0.644592081216834,0.0372529245160477,0.511865591493004,0.0184769118334393,0.800882811288503,0.0915508727045304,0.508726171375545,0.00924368628802985,0.62712773291345,0.0472141757124338,0.505357322083408,0.00427644730968672,0.680977541090925,0.0511343245900004,0.511918618547229,0.00985445556967397,0.788020945245896,0.0898494367510385,0.504682851883775,0.00664840215487098
212,50.5,29.011491975882,0.663091512879078,0.0567555915697825,0.502108249661397,0.00293075202950612,0.644583333989871,0.0363089742399392,0.513737630736139,0.0227097678643731,0.79556161972285,0.0881735802972479,0.50935139208077,0.00913621545738434,0.62798126680582,0.0463601823540387,0.505366434317413,0.0046438307519619,0.681955321685714,0.0489841891201835,0.510052612073761,0.00754113950359018,0.78899133297548,0.0868565593774308,0.503846586995429,0.00658366664998425
213,50.5,29.011491975882,0.664008304614304,0.057221204245294,0.501732587255526,0.00245675344784227,0.644440244168041,0.0348993924276971,0.511493036252115,0.0166217798056943,0.795282140783308,0.087344442376091,0.509088688236638,0.0104380855151376,0.629065278246243,0.0459162507212901,0.503984637685818,0.00303248063143266,0.683689821456877,0.047414839382883,0.511372826073507,0.00798457915823931,0.786870864284364,0.0842457430503102,0.503819348804883,0.00633622059188139
214,50.5,29.011491975882,0.664428754428246,0.0567444433312197,0.502684941465379,0.00371828527595417,0.645099788540876,0.0335393247251769,0.5125243443649,0.0177454448078129,0.792295377051127,0.0875731154863655,0.508143458655744,0.0085297590093308,0.628163871039597,0.0457843529651294,0.506834215543615,0.00613991074194122,0.682672915778055,0.0459104820840947,0.511088324190652,0.0080302898988719,0.785106151676002,0.0830606410319678,0.504174311960718,0.00575059436169652
215,50.5,29.011491975882,0.666403895130712,0.056103859904538,0.501616588472491,0.00261389800847543,0.645404985256133,0.0331297308013012,0.513233581132718,0.0154216672117471,0.791593849406643,0.0873131024650981,0.506946204820288,0.00903514415690742,0.629284233050233,0.0446529538175705,0.506060205384248,0.00519448386662667,0.684043987923594,0.0444869378353567,0.510317327116909,0.00736534925436082,0.784015688625059,0.0822319084495085,0.502072160252108,0.00578133585877428
216,50.5,29.011491975882,0.666276907686839,0.0550548742749609,0.502053852634064,0.00300751001668452,0.645634354625043,0.033153716247574,0.513131592565245,0.0146413720123727,0.788618329223159,0.0876362540588473,0.506929359540167,0.0091574014031355,0.629925708314944,0.0438756009804681,0.505886282594825,0.00467999537475984,0.684781155072916,0.043996653788031,0.5117032755733,0.0102816018286043,0.783495990071891,0.082478431623606,0.501908648276402,0.00608496308023328
217,50.5,29.011491975882,0.666174470239341,0.0539988464148776,0.502507306212672,0.00301743927364057,0.645182592276811,0.0335690665498114,0.51259310933464,0.0137917335817992,0.788439513068405,0.0883957006161494,0.505952776597548,0.0108503826790609,0.63055413498427,0.0439845344422862,0.505065879524245,0.00452134286596183,0.685280388668647,0.0435582825138616,0.513468397974436,0.0110983156868806,0.783147545803038,0.0818097891788406,0.501347788074938,0.00613335587461129
218,50.5,29.011491975882,0.666351948248667,0.0537628152153963,0.502028440910366,0.00280727652796189,0.645586614198472,0.03395480058689,0.514318838933876,0.0191077592942362,0.784720331943996,0.0890785612061501,0.503088860947365,0.0119509986249352,0.631277030323856,0.0430880422869679,0.505023294065486,0.00418497896600837,0.685772327137663,0.0438000807485511,0.512101907912325,0.0108323724964106,0.781709700602263,0.0837970886519531,0.500514239772515,0.00604699389176121
219,50.5,29.011491975882,0.666939934249923,0.0546083203976594,0.501451340673422,0.00289594641727461,0.644917306878467,0.0347513377097196,0.511454117381921,0.0122464810556024,0.783749260944816,0.0914366687688381,0.501339179076927,0.0131328612763702,0.631250039311275,0.0432002812122824,0.504737242870857,0.00342512486255786,0.68607592832643,0.0448662817827149,0.512550878149079,0.00970569126174311,0.780040584436184,0.0854182574579676,0.500686712077552,0.00548282995558097
220,50.5,29.011491975882,0.6666216088054,0.0553243630553006,0.501400635795279,0.00239538162782655,0.644482360998322,0.0359735533718512,0.511707533881008,0.0113599071392465,0.782316308792669,0.0948981927748768,0.503148795989863,0.0118324401638931,0.631281197160591,0.0437359456264622,0.504733363987553,0.00379388728292331,0.685445124417633,0.0461697325663055,0.511545614741766,0.0084708674174694,0.779082737673188,0.088765837057977,0.501177100618941,0.00540963043537218
221,50.5,29.011491975882,0.665674257284024,0.0559464452309179,0.502244519526705,0.0039069801971376,0.643325586325416,0.0371672427415481,0.511149541235886,0.0108116218594469,0.777366642244991,0.0975231008454491,0.504288259258556,0.0156685771569626,0.630911491424456,0.0431281675055546,0.505116231477328,0.00414900562030466,0.685809715458335,0.0476519484252193,0.511168966622697,0.00778675387280385,0.776964537307133,0.0913439736704784,0.501432170571098,0.00503305366766746
222,50.5,29.011491975882,0.665094196259615,0.0561132987377118,0.501802697446751,0.00322653607235374,0.643591522695607,0.0381908121791472,0.514194229817117,0.0153797262611512,0.777476588181044,0.10070211421922,0.501213334605214,0.0116177399713513,0.630648897652898,0.0425181409144873,0.503888705435782,0.00298418535821909,0.687228179324242,0.0486484624486448,0.511550843774837,0.00796716876935606,0.776765595676524,0.0935356053479889,0.500396624311875,0.00511018996857566
223,50.5,29.011491975882,0.665224332122314,0.0552129798569119,0.501961786881796,0.00473934231166563,0.643234570625625,0.0390690895130212,0.513695664050942,0.0144006754176822,0.777001815940022,0.102696344039729,0.502476409591128,0.013707958056535,0.629675343603668,0.0416664542192503,0.504912134055943,0.00492316473685058,0.686029025894126,0.0494115276260686,0.51053627021338,0.00836251505723479,0.77572125668404,0.0943137232467681,0.50100669576097,0.00517580882854295
224,50.5,29.011491975882,0.665535284609579,0.0540667902228174,0.501700047079855,0.00385676732112856,0.642942448952664,0.0399149231195446,0.512957978011845,0.014723577264209,0.778332602471008,0.108337649949673,0.502474252207895,0.0106911257765198,0.629334906389807,0.0406715176337328,0.505181197955953,0.00512206887199142,0.685083486803945,0.0511799867711419,0.511276332476982,0.00798355362892136,0.773198271344329,0.0963216956810765,0.50136561231396,0.004577437245194
225,50.5,29.011491975882,0.666137975727781,0.0532700151691778,0.501555549817926,0.00298167460057086,0.642620172179085,0.0409023707693719,0.512786215881145,0.0155851872752038,0.777643991224294,0.109968156223001,0.499906269352441,0.0119591424972199,0.630150227498866,0.0405343343071899,0.504958089224803,0.00429322606123676,0.685029932015768,0.0527517115657576,0.511997649578931,0.0099321364531427,0.771004142465513,0.098392536475464,0.500652971522298,0.00763961002354131
226,50.5,29.011491975882,0.667090507624939,0.0516972978793983,0.500844158625633,0.00166279870746929,0.641581487932803,0.0416072597207085,0.512859454950112,0.0137462536622597,0.777227722076857,0.113381644445677,0.499700883271096,0.0118857471337521,0.630486462543479,0.0391591097617599,0.505191458642406,0.00545686099432316,0.684065503806835,0.0538061624191458,0.512808932882952,0.00912636615073456,0.770129539348637,0.101390846948579,0.500635351501691,0.00581919293600234
227,50.5,29.011491975882,0.667920258429844,0.0507704532113808,0.501842131978065,0.00332628272379379,0.641235653360247,0.0404772673220197,0.514130681282946,0.0144128642379539,0.772555217182475,0.113009372289998,0.504930531104882,0.0157850405478202,0.631256068226759,0.0384311233158628,0.504899592492797,0.00447441821369312,0.684818602397821,0.0526497824235032,0.514206910823823,0.0126360318974016,0.768754447631893,0.102849998371479,0.50145291298499,0.00863846605507271
228,50.5,29.011491975882,0.668740035337439,0.0501841234310949,0.501734841264759,0.00371801051225574,0.641426109651073,0.03878057251114,0.51222926155643,0.0124407728463808,0.777447729981395,0.118727959092748,0.499606705682032,0.0117102687470318,0.632597739794983,0.0372127903928738,0.504929667249004,0.00598325577772619,0.685467721908396,0.0504601877895094,0.512207154133258,0.00889121632495312,0.771228747779947,0.106818531449479,0.500144409362317,0.00666917441645654
229,50.5,29.011491975882,0.670032477349777,0.0488420578181833,0.502339121089289,0.00394991000631177,0.640583871742882,0.0368813958698191,0.512668973337399,0.0122618608190603,0.775765157787768,0.118423803885888,0.50018060912124,0.017728321028461,0.633795632451453,0.0356418192644361,0.504400602008701,0.00506486785573853,0.685457849725433,0.0485104443678582,0.512643194655687,0.0103287666452344,0.77297591746283,0.107402616499372,0.49997023763484,0.00805906610832672
230,50.5,29.011491975882,0.671016806462458,0.0480012324919119,0.502036796344554,0.00458141315533791,0.640096743544083,0.0357634589551989,0.515423533473346,0.0119153264291159,0.778690808487327,0.117851604215298,0.498433136995793,0.0119623359985478,0.634224694509575,0.034370304868629,0.505421676184322,0.00508417360936133,0.684276571325334,0.0469912483010418,0.513493347566418,0.0106204112570034,0.773676479342558,0.105297190461764,0.50023927713695,0.00706149935552812
231,50.5,29.011491975882,0.67168140059959,0.047071370489874,0.501595929061904,0.00386347092332558,0.640016754476035,0.0354893841906167,0.518213490332739,0.0152094347981857,0.777835584922698,0.115072527534219,0.503032294443558,0.0152443123639335,0.635427950178498,0.033439058826849,0.504135352833208,0.00348497239390039,0.684029234976065,0.0466071457068907,0.512381326920911,0.00945316632105145,0.775856842609607,0.102272380536199,0.500848409427845,0.00723699874930349
232,50.5,29.011491975882,0.672432725296185,0.0468120394404509,0.500977571360955,0.00312435087041485,0.640755918904789,0.0349567262962346,0.516496977910731,0.0150299520884253,0.779975673061363,0.11248567543522,0.498726163522905,0.011822147131201,0.634662804273076,0.0324713642614132,0.503977485341998,0.00506533675713827,0.684903253087091,0.0466127309601302,0.514160344485701,0.00929236627746957,0.773571697838168,0.0986762192684643,0.50138400688796,0.00774175102392792
233,50.5,29.011491975882,0.67252829269923,0.04670867413522,0.500485420809033,0.00211423559972814,0.642008895448488,0.0345453177523432,0.51690275725984,0.0142851337502441,0.778556277575772,0.108909384918298,0.501191948713643,0.016345141033916,0.635008883218212,0.032557762950695,0.503912116968624,0.00358198645724713,0.684592446159615,0.0457483183411761,0.512667125899799,0.00951749659551256,0.777283880066147,0.0962720297984184,0.501634841667579,0.00646586961740532
234,50.5,29.011491975882,0.671221826830611,0.0463547663619124,0.500931614004476,0.00317894165563334,0.64259847626529,0.0339264925035369,0.515588181283989,0.0135464263816645,0.78015951979096,0.105447269093679,0.502871524148608,0.0140161342864303,0.633755357480168,0.0325055369898307,0.505594692052196,0.00534245644290771,0.683275232168876,0.0441784122203641,0.511366040265357,0.00783866571692687,0.78150835921025,0.0924267631772435,0.501614253902269,0.00496554772963554
235,50.5,29.011491975882,0.669726641998325,0.0468073420766377,0.50147713218307,0.0037720021654896,0.643550255283886,0.0334942421963377,0.516110464657324,0.0151239763995648,0.780258145207432,0.0972715235010443,0.50257573982155,0.00996960347283755,0.632800233241516,0.03322035950809,0.505464590028289,0.00559261440074519,0.683835912250423,0.0436461900166833,0.51346828075334,0.0109142978221868,0.778958541757302,0.0878254975685186,0.502983731078414,0.00657254271107451
236,50.5,29.011491975882,0.669335986081323,0.048542077991577,0.501400506812889,0.00299927661402475,0.64350292856085,0.0323548002221112,0.514733335302757,0.0133380673229097,0.779148874264681,0.0939151750010575,0.501617636598355,0.0113497153128187,0.632961412966183,0.035089097669191,0.503939238971623,0.00426577403178774,0.683794983749267,0.041903939348943,0.512353830520687,0.0103830393925911,0.781985870429413,0.087303233667272,0.50107597474368,0.00530567536298542
237,50.5,29.011491975882,0.669480338987164,0.0501583792111518,0.500708055206328,0.00247316488444071,0.642790629634577,0.0319013904437141,0.516234907681137,0.0136845813294334,0.778151613342536,0.0930893362248855,0.502635854769146,0.0130855827024659,0.631306639009274,0.0363025060718777,0.50482556462634,0.00487482192803566,0.683019555715071,0.0410630049074688,0.515638669300504,0.0115956377814423,0.780784838895302,0.0874172494054333,0.501507691403476,0.00494584155605327
238,50.5,29.011491975882,0.670123640886024,0.0511745969846404,0.500928050550727,0.00245603953602416,0.643087713307569,0.0319045320356818,0.516397464283962,0.0134454803861069,0.777738126774032,0.09056566667879,0.504094530026115,0.015062060725519,0.63284615513234,0.0378558270859357,0.504795939667645,0.0049289820418061,0.681643702596719,0.0406331579237757,0.513100560335182,0.00919935142582769,0.781978134316657,0.0869951656563274,0.502205132892069,0.00704797385125139
239,50.5,29.011491975882,0.669581942910734,0.0511921716354534,0.500814199489672,0.00297808616801672,0.64294517553376,0.0320853327630992,0.516158631645674,0.0140555973685379,0.77954338035621,0.0905348903370965,0.502935631519255,0.0104708331058202,0.632826495480563,0.0382349243220119,0.503318786460662,0.00449502816682648,0.682179073164894,0.0402689956820565,0.515773607294125,0.0114928722700723,0.782003050508815,0.0856880325244738,0.499897951819763,0.00569192183573896
240,50.5,29.011491975882,0.66836460199855,0.0520139627581517,0.500772156813028,0.00227734249881368,0.643228038297282,0.0323456913382404,0.514778349124675,0.012788479361324,0.779515049632459,0.0873525564164206,0.502540900628077,0.0112749424074884,0.632374083847018,0.0395366503917067,0.503380034963457,0.00419477907484622,0.681611585464501,0.0391076366393406,0.513087297257437,0.00954243113548522,0.78523150516673,0.0838277606392191,0.49962252335712,0.00524951426986198
241,50.5,29.011491975882,0.667603481149044,0.0534514118095806,0.500485769059366,0.00159606108489923,0.643975048408274,0.0318598547823011,0.514512442310987,0.0123697415251787,0.780391808848037,0.0871357038616227,0.502626697098371,0.0106052423605242,0.631762772935481,0.0406513359356235,0.503252185892355,0.00410556296940903,0.68207724459762,0.0378554972187167,0.512572979134575,0.0105489359283298,0.783492392428552,0.0798752289951133,0.499671511860476,0.00509953642104268
242,50.5,29.011491975882,0.666840253279676,0.0546406600471911,0.500976032175702,0.00241244783497085,0.644072467324971,0.0310829915909406,0.513518656024103,0.0116772257345133,0.779131968857419,0.0863130130551068,0.503239879573864,0.00987400879563277,0.6312938667735,0.0414496955785444,0.503875512056039,0.00482456139635834,0.682263150104645,0.0368995171246859,0.511803142032088,0.00933767568420305,0.782373363332078,0.0774210591426933,0.499947595333314,0.00674971871565874
243,50.5,29.011491975882,0.666684504582373,0.0555397372977133,0.50142190507244,0.00282278352099013,0.644700915697871,0.0301879443570904,0.512322771625003,0.0106685808932494,0.777228848710787,0.0875297099764706,0.505061759318286,0.0108921698544294,0.631434546116283,0.0421313163433005,0.504070070647849,0.0046584572806062,0.682308754221646,0.0362696701028781,0.51181041210886,0.00818253477574593,0.782326997491428,0.0772045370636059,0.501412013413882,0.00969701705327857
244,50.5,29.011491975882,0.6655873599919,0.056635745330555,0.501309743116455,0.00290325638709273,0.644486039678981,0.0300261818052679,0.51349552550635,0.0116252509639186,0.776308077826559,0.0920338216538868,0.503437516312568,0.0094933361594981,0.630347020246545,0.0429283401734905,0.503345190298252,0.0042943745003868,0.683130182984389,0.0363565771047147,0.513156923667303,0.0106961102360771,0.78056003522504,0.0800695792204265,0.499812929464685,0.00734881559237593
245,50.5,29.011491975882,0.666193781317971,0.0575264364929645,0.500963711196298,0.00218608713413507,0.643603700891548,0.0303396068631176,0.51186667825866,0.0106573616336421,0.776608636939007,0.0936892979694518,0.501713162992082,0.00977808700834627,0.629643393099028,0.0434028517212541,0.504412107205857,0.00533323193102941,0.682428196586543,0.0367397268727647,0.511484381978823,0.0105671574754815,0.779421405830125,0.083951084325102,0.499296001681266,0.00588912153856479
246,50.5,29.011491975882,0.665894038132606,0.0577269609498827,0.501484008020186,0.00298864901362482,0.642585921246233,0.0308632912069126,0.51187451772076,0.0109986254612208,0.773721707838574,0.0979693904086458,0.502656388707555,0.00920181714369243,0.630839064228273,0.0440170903774877,0.503612563603311,0.00434591376328804,0.682120552041468,0.037852451753089,0.512803797252722,0.00998806153057862,0.776667887158457,0.0886628066742154,0.49980600684917,0.00648195104666415
247,50.5,29.011491975882,0.666638385582798,0.0574556266387367,0.501315772442313,0.00254081196408594,0.642227589988016,0.0321901082449045,0.511070589448715,0.0101685427842498,0.775010644701058,0.102114427172041,0.50134053347921,0.00964301178162499,0.631489148984369,0.0435482015278086,0.504781946862931,0.00518279847978666,0.680765144733901,0.0392464234848371,0.513585268033559,0.0104626382045134,0.775805311975415,0.0930631330931277,0.499333472191087,0.00546953731976247
248,50.5,29.011491975882,0.667938185180622,0.0559899233990564,0.501657176851061,0.00241160101353538,0.641302079769306,0.0342734824480043,0.509572217779884,0.0117738881485134,0.773073277284197,0.103501598025696,0.502457479645614,0.0106744401945276,0.632887859976125,0.0426830840112536,0.504125420901756,0.00491029605369228,0.680438911669077,0.0419197879407468,0.513516389871453,0.0107876808408789,0.77366135922067,0.0973670504655592,0.498741147862248,0.00555014669322744
249,50.5,29.011491975882,0.669774549482674,0.0542364316906018,0.500905281917599,0.00120724524153667,0.640969007034931,0.0365520936753619,0.509935729894269,0.0110168829668112,0.772720063043382,0.10491821272224,0.501637562447172,0.0103462007682821,0.63458128482864,0.0411042880131557,0.503751078539843,0.004324726235807,0.680804161408351,0.0448379520233018,0.513784939159329,0.0102664546748092,0.773531718005675,0.0992091110194479,0.499891701322203,0.00666198526816972
250,50.5,29.011491975882,0.670559844732459,0.0522229749608952,0.501820660126977,0.00299081771081643,0.639265349917001,0.0380793699459554,0.509375437455996,0.0103554584731835,0.773822692791296,0.104852966519409,0.502791033412007,0.00947603850021386,0.635713362208051,0.0382304185398705,0.503873123600593,0.00440894947296136,0.680228582585911,0.0478715776573155,0.513336224883856,0.0105167749008649,0.775799241494927,0.100437579921111,0.499142323053601,0.00622892722560015
251,50.5,29.011491975882,0.671319823077366,0.0504614162781798,0.50217341985926,0.00326324295706663,0.638282454235857,0.0394613098895608,0.511215105169241,0.0111630440340759,0.774273972532081,0.105568173218172,0.504197132066745,0.00881633010619374,0.63622266537482,0.0366168271880293,0.504689091016345,0.00454716603006307,0.679626605963221,0.0501873356087167,0.512868393676338,0.00954889850107021,0.776510601925069,0.100943872380079,0.498814974453063,0.00664119366366516
252,50.5,29.011491975882,0.67254946878236,0.0484919754519365,0.501813912617398,0.00274726286085286,0.636803060675081,0.0416224406452857,0.512159714016852,0.0115895739515281,0.772047334446116,0.103820154438584,0.505911342911473,0.0111232202874321,0.636895945726551,0.035543508952938,0.503454133690265,0.0034222939494925,0.678903512321205,0.0532316068447413,0.513563035330125,0.00980836278901764,0.778120596611758,0.100725973927032,0.499236744087867,0.00527275963295953
253,50.5,29.011491975882,0.673740710547077,0.0466384791364475,0.501144733460585,0.00226652587961675,0.635111397042082,0.04329549191754,0.512597322247714,0.0124996591784105,0.77485028069212,0.103832268246091,0.504408088401047,0.00846949699689988,0.636767763440262,0.0342619687424249,0.504753950469016,0.00432627834058329,0.676052583572917,0.0559765767841412,0.513624942526233,0.00923035409069877,0.777091231015635,0.100112117247292,0.499932895587678,0.00500163363493408
254,50.5,29.011491975882,0.674858023950778,0.045300962906698,0.501983700659078,0.00357485579264025,0.633959474665104,0.0460695094039061,0.511879206889444,0.0115493768261986,0.770529450524957,0.103858708043965,0.505601805316887,0.009196789846216,0.637689028779441,0.034099068184793,0.503418087095027,0.00331090676100585,0.676188073258732,0.0600292156187151,0.515360602249728,0.0100221744107957,0.773529656249586,0.100426247171453,0.499738215602596,0.00573687647417392
255,50.5,29.011491975882,0.675305519854728,0.0449614009830982,0.501916767805995,0.00295863200823598,0.632855589184182,0.0484600943652282,0.512710289216632,0.0120202325115633,0.770349122754746,0.1050011862722,0.504468372808782,0.00911206027179413,0.638463161124595,0.0339265940713679,0.503463968278463,0.00363800467159728,0.674754326039111,0.0628706137083824,0.512797278684194,0.00868192153755004,0.773450040199672,0.101297139479823,0.500897415533573,0.00768451736927247
256,50.5,29.011491975882,0.675053516152121,0.0452991114152951,0.501719023217007,0.00278134083556421,0.632499510720429,0.0501090247185064,0.513523914737412,0.0128692779098915,0.770591470110001,0.106328477007055,0.503529921030753,0.00948565591907533,0.638002055048594,0.034593528685888,0.503259457935975,0.00319873302472509,0.675074743454263,0.0646645295703129,0.513492854103168,0.00942432061701389,0.773562575334674,0.102158192206197,0.500538131725151,0.00511381749973679
257,50.5,29.011491975882,0.675418486824395,0.0465619484952766,0.500841857845354,0.00109142891742834,0.632712937749349,0.0503859356091216,0.514412725073977,0.0132841749445063,0.767430350889401,0.103223315490378,0.506581219423459,0.0156709732994869,0.637515032262592,0.0355163327561231,0.50298020203919,0.00354125338902782,0.675678210125488,0.065663668221225,0.514907253146701,0.0101899191656403,0.773310007297521,0.101530231602508,0.501168178790216,0.00476135972488398
258,50.5,29.011491975882,0.67411134342146,0.0472798393272921,0.501585922723168,0.00352733871531585,0.632565291837196,0.0501445425153251,0.513139665600348,0.012649984774264,0.771362745864068,0.103751048259431,0.504306128997256,0.00890255789997292,0.637329219212555,0.0371441327549618,0.502726990841833,0.00289193752355925,0.675881926451624,0.0659914325353194,0.514318115798943,0.0103229335135984,0.773925309949661,0.100610363863983,0.501344698027866,0.00483484694296293
259,50.5,29.011491975882,0.673768460398956,0.0484398584316922,0.50112219105416,0.00226148585313653,0.631944591733153,0.0499061641098837,0.513846409490124,0.0131177859778031,0.772515986970301,0.104596597100363,0.50291840861987,0.00948830281411166,0.636903978360616,0.0376010629735111,0.503626898473052,0.00371026018879826,0.674244416023931,0.0655485473955146,0.513994742221194,0.0101531307337971,0.774671234556666,0.0989354867819279,0.501773506565283,0.00444225956209683
260,50.5,29.011491975882,0.673888791662468,0.0483090784411359,0.500936082448183,0.00211381837826015,0.631745765586792,0.0498284738893162,0.513698867336546,0.0138236039406802,0.773891426866478,0.102933680159587,0.505465599529787,0.0132963704499055,0.637215522087454,0.0375071951424862,0.503360243553337,0.00348466025871328,0.674312062756103,0.0657774956220917,0.513437090669759,0.00923787324455713,0.775958970884931,0.0962171824295788,0.503013543406639,0.0066249972747721
261,50.5,29.011491975882,0.673801469543304,0.0476682708767137,0.501075640121789,0.00252899591147603,0.63255326016429,0.0499287957443514,0.512745691018872,0.0129609720728073,0.778525479777053,0.102362487825173,0.503427871125464,0.00924102374792179,0.637964513337139,0.0370856238525977,0.503847750296067,0.00459961252667031,0.67377636372576,0.0654527394412669,0.51185900570183,0.0084991587767218,0.779887023817278,0.0951801859048289,0.502101958007871,0.00377191001072074
262,50.5,29.011491975882,0.673839455289469,0.0465043420713364,0.502033401983737,0.00335519369703828,0.632222690573158,0.0497007486431308,0.5118256570303,0.0125124287930286,0.779957352501021,0.0999878147870632,0.504344883460479,0.0115255964002617,0.638419384384594,0.0366588208412097,0.503393269693782,0.0039405988838514,0.674567800519036,0.0647581893550112,0.513226261486384,0.00903185247273549,0.778422494146965,0.0935019767223945,0.502515914387708,0.0064954158796393
263,50.5,29.011491975882,0.674187089014115,0.0442711728637454,0.502331425241548,0.00355181543864859,0.632683759787014,0.0495351120392762,0.51381070297301,0.0144517971391016,0.782400417511642,0.0999251290850181,0.503388290316366,0.0101224576463034,0.63896467541657,0.0356497444700953,0.50382190735259,0.00500797759744947,0.673654945365667,0.0643470515915672,0.51117799609668,0.00831027781496035,0.783654001912716,0.0939980543331151,0.502324931468108,0.00458981752674308
264,50.5,29.011491975882,0.674824371608502,0.0423251253426781,0.501213959822597,0.00224226330905132,0.632908816559943,0.0493935833488248,0.51515615139075,0.0155667308957753,0.785727992787441,0.0986337722139994,0.501889590587348,0.0110232269332147,0.638641832750116,0.0343983000359475,0.503796654114433,0.00471835314115971,0.674474321352536,0.0634897083742036,0.512046548340339,0.00920726534250804,0.782557690910665,0.093000351936206,0.502139896232839,0.00474794648104361
265,50.5,29.011491975882,0.67419724156484,0.0400183202972899,0.501628362205921,0.00284522386916422,0.632090516669534,0.0486805618869654,0.515217970808596,0.0170393177665577,0.787052251887227,0.0984647873661682,0.502901745418905,0.010053677166299,0.637839868925707,0.0336212903122268,0.505514027120972,0.0054172711247712,0.672242719260929,0.0625622048439101,0.510177899645372,0.00781033319511142,0.786596289278129,0.0950597800661652,0.501679486193769,0.00489490471521235
266,50.5,29.011491975882,0.674989190136149,0.0389055085581352,0.501208264816846,0.00250656400796547,0.631928549787542,0.0490047300197515,0.517280532659906,0.0170150820546158,0.786702790767167,0.0996007141779123,0.504066131061782,0.0117190045933879,0.637871544904087,0.0338689613694227,0.505093219004714,0.00626439942814062,0.672127021376656,0.0628749758825163,0.511610396440956,0.00846305514235396,0.786999289441789,0.096417796601355,0.501587302864977,0.00516725005560769
267,50.5,29.011491975882,0.675637243219699,0.0388936790750627,0.500783744457266,0.000996483929556829,0.631950928005266,0.0494994113122357,0.516693700794033,0.0157230891137465,0.785587951433663,0.0979422471599939,0.505012128890807,0.0107978681866458,0.637880233690915,0.033813414961863,0.503421696703051,0.00353463795001708,0.672143030084039,0.0644493461546698,0.512899007120879,0.00816520743881301,0.78664837309656,0.0973862357932996,0.501202910603545,0.00498677811982375
268,50.5,29.011491975882,0.675294003208972,0.0387843993670191,0.501384063996778,0.0024824278625273,0.631223855858769,0.0492065964758874,0.516075863859221,0.0154149112366163,0.788002781065963,0.0955830217590926,0.504689663326295,0.00808047747912892,0.637961907575863,0.03388228190692,0.503332315682576,0.00404298374603428,0.671452306788586,0.0645792103438482,0.511029122536115,0.00805130510962606,0.788880897628537,0.096000027758795,0.501494770682844,0.00451613385187674
269,50.5,29.011491975882,0.674926498993138,0.0387928538293152,0.501832463424055,0.00323691467299404,0.631078533842064,0.0486205949689626,0.516397399722449,0.0174414624453408,0.78970732984405,0.0896601624265244,0.505606147873702,0.00794622071686132,0.637121284584139,0.0338774766011641,0.505311868304692,0.00583784125547675,0.670093019286568,0.0633470885101712,0.510479124544966,0.00794239501278543,0.790969458547005,0.0928899644541948,0.502242973800196,0.00522248656777312
270,50.5,29.011491975882,0.67498971350794,0.0387689075234169,0.501236527968172,0.00202954395955884,0.631026505018031,0.0480548740377166,0.516928610435906,0.0156460712095215,0.792090784451631,0.0864931053532483,0.506128067566213,0.0101430009145226,0.637239004894195,0.0330146998421884,0.504493886633613,0.00420382898419337,0.671087551161488,0.0635957369341254,0.514868501419799,0.0114865925594282,0.78939125023214,0.088003542059986,0.50135109757358,0.00551408858059629
271,50.5,29.011491975882,0.674633098464756,0.0383999875950409,0.501535946898825,0.00297530596443814,0.631260233865981,0.0473229541954642,0.515428943625145,0.0143891313195522,0.794103439495561,0.081899899969512,0.504978366628486,0.00762889269446848,0.638194993511761,0.0337439204094902,0.504048983699104,0.00388928369101546,0.671306969437024,0.0631678782486083,0.513218290292354,0.0101450047641887,0.792168150320888,0.0845174160420682,0.500927493026571,0.0057854765633287
272,50.5,29.011491975882,0.67475263636087,0.0380379733599831,0.501297217267998,0.00277741639822709,0.631751585093823,0.046951430033336,0.515348503739496,0.0144165773308048,0.794251368865388,0.0811629448430742,0.503041801845492,0.00915181645158484,0.63893933519803,0.0329734176143656,0.503709896413137,0.00405581957627904,0.67195039705055,0.0630305492754577,0.512574767547833,0.00877456538603137,0.791022136406222,0.0809264150570082,0.501015899266163,0.00568164357551411
273,50.5,29.011491975882,0.675403302550637,0.0372939234496922,0.501167972162635,0.00217937860364465,0.631888009400195,0.0461276629830996,0.513735234953722,0.0127232544459882,0.791578351808092,0.0821061473818997,0.502789851605384,0.0095119083746678,0.639193695208089,0.0316402148381079,0.504054751914089,0.00547117474435779,0.671941008804238,0.0618880066505394,0.511578341174982,0.00755353591986157,0.788879112068563,0.0806791760194234,0.50107701678234,0.00559523684436912
274,50.5,29.011491975882,0.67549853801868,0.036451402997748,0.50202833272364,0.00363430400377809,0.63246599627228,0.0442851075194621,0.513365745864291,0.0126466035524459,0.789301880151472,0.086381078961206,0.503893656632553,0.00872166768394617,0.63898222186991,0.0303392995892429,0.504052630528012,0.00453980358601386,0.673125176255379,0.0599389916021642,0.512749267434225,0.0107560690978185,0.78443631550531,0.0821136304313202,0.50154809439178,0.00586710131892083
275,50.5,29.011491975882,0.677038706393746,0.0350684540146681,0.501100318805038,0.00171403781686594,0.633899772375875,0.0423523554453613,0.514210197870543,0.0136642509503769,0.786042488192684,0.0875135840975917,0.502271776401133,0.00993785954222863,0.639460878754804,0.0291700796204676,0.504136876259137,0.00404833030939679,0.673445154249963,0.0571118818952308,0.512650241778669,0.00844835372006412,0.783992989202232,0.0839158946368055,0.501727449077461,0.005248978889881
276,50.5,29.011491975882,0.677185929052711,0.0336164013552821,0.50161557127738,0.00263717644357812,0.634108888152705,0.0405018811776206,0.512710443437284,0.0133728029892965,0.785179026867523,0.0899255061236068,0.502216834147562,0.0104322683527261,0.639600621804977,0.0280967115232448,0.503667486370923,0.00368289806665969,0.674479305517654,0.0547644870078662,0.513750174592787,0.0100189851937988,0.780856011076632,0.0860395437889679,0.503096267237239,0.00588415766614778
277,50.5,29.011491975882,0.675704905404108,0.0321991461744731,0.502636366900295,0.00317593604602016,0.634676036599023,0.0384635397762021,0.512172969589353,0.0126864478191356,0.781604179994373,0.0937262593401057,0.501876693308904,0.0130291616886979,0.638061635294743,0.0269597942126053,0.504570452524513,0.00406383276361147,0.675309480718307,0.0520655628539843,0.513260072903822,0.00950082699839172,0.781269689506899,0.0897034240159457,0.50208061990326,0.00496277231462723
278,50.5,29.011491975882,0.675856873919434,0.0319380335278383,0.501999607521934,0.00358412259970907,0.635619638014299,0.0365784609194269,0.513293488269863,0.0130220288941476,0.778149591183227,0.0966440136130621,0.499751560186615,0.013991963485166,0.638144178504651,0.0261986309152312,0.503805871875138,0.00421486143741827,0.677119156984616,0.0501423685941342,0.512024911029002,0.00864266423744768,0.779608160287087,0.0922495504232471,0.501467548750089,0.00472347854299354
279,50.5,29.011491975882,0.675578896859064,0.0336763337190672,0.50175824476644,0.00250952628914182,0.635420277192967,0.0364054358440917,0.515077759181174,0.016039446307611,0.775432472135227,0.100176518314335,0.500717132411559,0.0116951020877225,0.636801038571551,0.027148426399737,0.503429896102041,0.00379819099850405,0.677691312897858,0.0495542337233539,0.513613758983549,0.00930269651693922,0.777617038055949,0.0926320095259335,0.502071953968447,0.00450376012004832
280,50.5,29.011491975882,0.67586191689604,0.0347794197926717,0.501596686034004,0.00269540961799321,0.635913770826026,0.0364174835903643,0.514162406020123,0.0148190154676386,0.775933641974708,0.0994319432466327,0.500233734499917,0.0148527472015011,0.637259172521677,0.0280900313927773,0.504439986736371,0.00468127746817209,0.677332457499784,0.0493560484493283,0.511665026675876,0.00803942345852387,0.778057962898717,0.0941344511510559,0.501986721702613,0.00468596746958104
281,50.5,29.011491975882,0.67604360264625,0.0360273229890799,0.501498898381083,0.00254441050393555,0.636559426905903,0.0365478482518075,0.514003155850038,0.0142847941646595,0.778134378772336,0.101719901596415,0.500985024212499,0.0136583275780585,0.637408116609576,0.0290315705207411,0.504745013337111,0.00433416572440677,0.677519393155865,0.0498349405549727,0.512760227603501,0.00915303862867364,0.77790910470856,0.0958707139428648,0.501286911744056,0.00531701288128939
282,50.5,29.011491975882,0.675685551214837,0.0374491361165414,0.502416778101319,0.00423709769324753,0.637009327343057,0.0368213871383699,0.513970455861158,0.0144331334629647,0.779537766781654,0.101758168672386,0.502159023823496,0.0135315454683161,0.638170383310458,0.030062847235262,0.503357497370399,0.00273861135794617,0.678382420298838,0.0504511817530402,0.513806188380728,0.00879817430770543,0.780133721145516,0.09718841316538,0.501627913223832,0.00418944528348812
283,50.5,29.011491975882,0.675245950798407,0.039657124581072,0.50216641310535,0.00321014142917765,0.637619770446336,0.036329982431043,0.514271540291293,0.0158798414293072,0.783474957412321,0.103356254039065,0.503047686862451,0.00986863221718658,0.637500670738719,0.0312012984202272,0.504033060733271,0.00396385012986379,0.678568922216761,0.0494186986629544,0.513995452390451,0.010817295142368,0.782631700015219,0.0983380112152154,0.501673467941032,0.00386074154909
284,50.5,29.011491975882,0.674919507907319,0.04140057396701,0.502163344540959,0.00313954822668639,0.638825529886038,0.0359837702765147,0.515627118562634,0.0167943240851402,0.782649350715193,0.103028656220512,0.505700695177152,0.0195263276245064,0.637955047773939,0.0330772543786167,0.504458605002633,0.00450385426576763,0.679352492694233,0.0476642206724362,0.51251498408007,0.00826335226249002,0.78486583604407,0.100601900998605,0.502220737324816,0.00416072927405863
285,50.5,29.011491975882,0.674725082641568,0.043001710454197,0.501552782435044,0.00238637344063165,0.639418047069797,0.0358369670307993,0.515563612180868,0.0160306694791947,0.78691974005639,0.10811121309439,0.503381161363964,0.013231055601556,0.638036713862081,0.0340843254902306,0.504157400771944,0.00404605067306764,0.679636919109937,0.0465909493125572,0.512137482537376,0.00797186016496259,0.786108499104349,0.103696365218694,0.502359860912582,0.0039448921722371
286,50.5,29.011491975882,0.674180276573297,0.0432213530431507,0.502182970331852,0.00268425123798354,0.638708271180239,0.0354195997463409,0.515239031571051,0.0159404164629729,0.788527548560166,0.109823870675307,0.504044084316668,0.0133220541977979,0.637740940757291,0.0348165378979531,0.504403622347525,0.00435716532789664,0.678886504933296,0.0462271680411424,0.511884293191427,0.00821470593852259,0.786113674323574,0.105862080047277,0.502670326571537,0.00359829266351778
287,50.5,29.011491975882,0.673957934125973,0.0440069792344143,0.502526163749061,0.00422953340079006,0.638411449747135,0.0356440253170513,0.517290074893462,0.015735010622077,0.787621775810304,0.109624701865812,0.506104654732361,0.02007489416572,0.637844637705725,0.0348814566642333,0.504913495617972,0.00447687152886452,0.677480733759855,0.0456710834950904,0.512054806694298,0.00817504243414693,0.787701373332622,0.106378172817412,0.501962552151151,0.0045358838952431
288,50.5,29.011491975882,0.674612151961485,0.044052194200967,0.501252728316554,0.00220175349991098,0.638429269466476,0.0361465188173957,0.516878653594413,0.0166377481597993,0.790399574754143,0.109128892455571,0.503468015753095,0.0160829097466978,0.638230411555989,0.0348132429218636,0.504789221562421,0.0039288936357255,0.677771872570779,0.0460243581178675,0.513375987791996,0.00915174475714388,0.787703902484782,0.103325961754139,0.502028520206255,0.00610314363781874
289,50.5,29.011491975882,0.674319421197696,0.043935500077191,0.501551177603245,0.00246468640756428,0.637793371380655,0.0369227221806222,0.516331679124773,0.0156154921056074,0.792149407685936,0.107277838313388,0.50349542669199,0.0147198290109059,0.638806838413675,0.0340424764193616,0.50361595805086,0.00366178828799908,0.677427369601709,0.0473856889604194,0.511842208520819,0.00943429326339935,0.791554571929018,0.101588369407556,0.500377203249349,0.00436312577264903
290,50.5,29.011491975882,0.675286737144823,0.0440754884323258,0.501617811809357,0.00263840294596918,0.637880317486915,0.0381980850974468,0.51505842600779,0.0144788589278633,0.79352233795176,0.104980487628005,0.502699251969311,0.0145635851962042,0.638696630554504,0.0342163577865981,0.504737645622724,0.00433042560320227,0.676171778296585,0.0484891963857455,0.510588455286574,0.00756904917133191,0.794159729256328,0.100044492125551,0.50068309272087,0.00481895280981661
291,50.5,29.011491975882,0.675032506595677,0.0442057486129116,0.502115304551254,0.00311453606791646,0.637022709562317,0.0390495868470237,0.514597591836061,0.0135683091557246,0.794522059119643,0.101350742899595,0.50224894666867,0.0138206281091302,0.637955301389889,0.0343235521750815,0.504960560990036,0.0042748176680121,0.674193081250473,0.0501252111164585,0.511718037382414,0.00792348751610247,0.794611069535622,0.0968296025187878,0.501938678984984,0.00454987375700243
292,50.5,29.011491975882,0.676423568832933,0.0448896570541144,0.501190024505907,0.00119507562428369,0.636694914614577,0.0402912901290634,0.513869107949614,0.0152385249960793,0.792045836467256,0.0972212183713779,0.507432481464794,0.0169993495636463,0.638179104658333,0.034248086837836,0.505204594107418,0.00517573228339371,0.672947370874916,0.0515081554751433,0.51118830549841,0.00791685584123734,0.796241572927992,0.0945000777530619,0.501553046773811,0.00494335030340277
293,50.5,29.011491975882,0.676031069140793,0.0446679768261948,0.501000797418225,0.00187933981128312,0.637136685361408,0.041167997860811,0.513047124733219,0.0144229395932622,0.796154868923152,0.0951624970058948,0.504843643915491,0.0121810396354723,0.637674799829862,0.0338254248954159,0.50519927341665,0.0040040863322772,0.672640672531655,0.0519131334982717,0.513744365916654,0.0107371611720513,0.79682957632594,0.0923258963714165,0.502161643513712,0.00377888028874012
294,50.5,29.011491975882,0.674799495103658,0.0448919321223056,0.501482073133627,0.00330139225587041,0.636855511461033,0.0415648623569366,0.512871918148419,0.0134539646713406,0.795921660533568,0.0932466594621363,0.504453804098413,0.0110202955381793,0.637411252363439,0.0335489714700405,0.504334519509872,0.00374237581072019,0.673013600953496,0.0525138883668794,0.514733981760259,0.0117307202666207,0.795996620133588,0.0904215257869809,0.502311860064438,0.00620806886547518
295,50.5,29.011491975882,0.674062141077156,0.0452665650049852,0.500925128446959,0.00187146160692656,0.637717438489546,0.0420248853869102,0.513996075314536,0.0182616224910768,0.795047318580046,0.0927078068366872,0.504939576250834,0.00997637737301539,0.636426657529932,0.0339179493937272,0.503808287239335,0.00335465618077448,0.674868493738722,0.05271653785942,0.514896813812269,0.0126626626552332,0.797566408150026,0.0893843066823004,0.501068516257417,0.00554273347849102
296,50.5,29.011491975882,0.671330032915536,0.0470426628322139,0.5025939144403,0.00414932390270414,0.636742242419359,0.0419764770364726,0.511194969794942,0.0136309837562011,0.797462234940017,0.0937033356347565,0.506964382816754,0.00946450649740453,0.635833625467691,0.035303757271566,0.504111413911709,0.00407764226167936,0.675117110290449,0.0522493486500269,0.513457633929704,0.0088441436749685,0.797981096603461,0.0886182928851265,0.500892390483935,0.00534472916519976
297,50.5,29.011491975882,0.670417642568224,0.0494466577391728,0.500884628038043,0.00206947035738018,0.637462811205904,0.0424717418677881,0.514192975807827,0.0160067429089925,0.795718465718196,0.0965114326368316,0.504742398942772,0.011206108933274,0.634749357101779,0.0370927147060383,0.50567995123982,0.00562814458600141,0.674445332365077,0.0522115929591138,0.512745898149108,0.00815167882941316,0.802059122644966,0.0892671402646784,0.501753629078258,0.00483968310584516
298,50.5,29.011491975882,0.669609583038337,0.0522399967984001,0.501286169664078,0.00315246241069052,0.636894097871291,0.0426503060135083,0.511485451722394,0.0125100785680864,0.79720672585777,0.0988810859443471,0.504369261000159,0.0104608894203975,0.635004015134251,0.0396012010021299,0.504555504926087,0.00434403460457851,0.675055507652694,0.052828442984056,0.512825959826895,0.0077123480837485,0.802409647390429,0.089918555425869,0.501013137310161,0.00448725703847386
299,50.5,29.011491975882,0.669786186579094,0.0554468878358666,0.501474091609311,0.00307791637977354,0.636196472374331,0.0428811712005536,0.510917892107875,0.0132719616590661,0.79656074773093,0.102322121844077,0.504952518024146,0.0103371518859377,0.634183706171458,0.0419858358726782,0.505621064756896,0.00496454054611579,0.674209940017348,0.0541531916317004,0.51346786500438,0.00898092770081001,0.801318414017114,0.0913390022021668,0.500477529833752,0.00515877624061412
300,50.5,29.011491975882,0.668466292712589,0.0559266887448649,0.500922128550223,0.00198561602497303,0.636012415078226,0.0448247876412948,0.511597121634192,0.0133282912586856,0.79756886979362,0.104401833727164,0.505458933974557,0.00967987928859933,0.633989157187619,0.042702591193572,0.504596702050887,0.0041925078633681,0.673311037024369,0.0563918437513015,0.514208799685547,0.00930750636406666,0.800000570470796,0.0912971268126231,0.50165536944499,0.00724558462748944
301,50.5,29.011491975882,0.668294159811551,0.055392336976293,0.501518240031153,0.00312836655681792,0.635479351119435,0.047342053669005,0.51115590653257,0.0124264845997318,0.797920693336775,0.102555797608562,0.506885994093033,0.0102053022607052,0.634378955579655,0.0429521257303836,0.504752489972941,0.0034296613165569,0.673140141223178,0.0593510319884255,0.513555461397808,0.00791695237381579,0.802285353870513,0.0904237929827729,0.501699617925359,0.00539429840890454
302,50.5,29.011491975882,0.668866596461637,0.0541398696433419,0.501234183210142,0.00235019776994663,0.635998212427245,0.0490449355853067,0.511568328404803,0.0132225302838045,0.797024628832843,0.103607920091033,0.50802899222366,0.010646341121834,0.634715031396977,0.0427028250050368,0.50435458822664,0.00292859567565013,0.673597741536642,0.0614971733770622,0.513332571626719,0.00781277057678177,0.800243898623718,0.0885622975965709,0.503822413063224,0.0070187609151502
303,50.5,29.011491975882,0.667747488513934,0.0533902803786992,0.501523754454396,0.0030686353475815,0.636779268058638,0.0505126745201943,0.511851705822196,0.0134276826234912,0.799910241358424,0.10456612629521,0.507146005936469,0.0088732504101016,0.633449072637052,0.0419021385802603,0.505834414344178,0.00429294349236018,0.673319629078357,0.0628264663462874,0.513244635069542,0.00798222157533616,0.802408430396734,0.0884498981693179,0.502626174009469,0.00500888511492646
304,50.5,29.011491975882,0.66768073244316,0.0528095987407707,0.501436461771703,0.00262192330638228,0.637455777228506,0.0512331821669244,0.511949351806864,0.0135292151494946,0.798756005656998,0.100994234451894,0.510063972476793,0.0118760605100082,0.63340319765315,0.0420089880983527,0.505378067032167,0.00422734499737288,0.674240832337179,0.064884475345498,0.515284179435671,0.00823614580377767,0.800966447344763,0.0863297962844306,0.503185660212628,0.00554473390274614
305,50.5,29.011491975882,0.668197929451404,0.0521160974361258,0.501189069805491,0.00231158006208868,0.638242061143211,0.0516678683291963,0.511086912374176,0.012348664531284,0.801839813684081,0.0998362515640132,0.509218058766196,0.0111048507403923,0.633609564047211,0.0420129047861367,0.505930128501247,0.00387204188284123,0.673188670641491,0.0652730018870053,0.513587724275596,0.00715209455083086,0.803976696027417,0.0854416779938747,0.503768423208741,0.00555624953240578
306,50.5,29.011491975882,0.667979738461535,0.0520259609139485,0.502064013143633,0.00370055896574595,0.638543956303186,0.0518152878761032,0.510742595945137,0.011864931791253,0.805081427244162,0.0980526026167704,0.509490395113918,0.00988102643595686,0.632535773048722,0.0417906830986997,0.507110405258618,0.00499365342809725,0.673952614639994,0.0658748510196271,0.515917725082717,0.00994972744827894,0.80244339509726,0.0836899050264833,0.504729590578471,0.00578438133699656
307,50.5,29.011491975882,0.668667121950945,0.0510609698984745,0.501127105844791,0.00178600152152849,0.63965188797816,0.0527439342431891,0.513290640939342,0.0155596555166712,0.80692417663912,0.0956135302294826,0.510720745975326,0.0113071953177902,0.633464179781323,0.0414059160009922,0.507360442676579,0.00630026113698325,0.673186533989383,0.0659596975076701,0.514120470507464,0.00958294012997208,0.805863112216356,0.0853588743146487,0.504961186957948,0.00578996990616182
308,50.5,29.011491975882,0.668982123690772,0.0496463698326866,0.501976137943446,0.00310228116589083,0.640349433518239,0.0526461953002216,0.510413562612357,0.0118636007442512,0.81085407719998,0.0978838754481669,0.510685027001076,0.00977918093490756,0.634598478149526,0.0404734646490524,0.506575229502677,0.00511421941465757,0.674076748503289,0.0659289770605537,0.513489134483268,0.00787325724467668,0.807926289191896,0.0862481784477341,0.505103422206707,0.00608550853571855
309,50.5,29.011491975882,0.669902123406227,0.0489432142228957,0.501555748990573,0.0024893122777466,0.640871982693217,0.0527706104676041,0.510284562596197,0.0108647779864343,0.810083305866198,0.0979054474315371,0.51572545858196,0.0157148620317853,0.635010525329374,0.0393454675168783,0.505838879826916,0.00375490610126064,0.674527092770256,0.0655765589003325,0.513979062789506,0.00828295358228456,0.807936351797162,0.0874122772581418,0.506940478346004,0.00804336020319821
310,50.5,29.011491975882,0.669529331967589,0.0478325048972197,0.503173092994204,0.00470209056358583,0.641656358176275,0.0519681406534209,0.511127227756116,0.0120279018314095,0.813205999875819,0.10058849108128,0.512324581194517,0.0104201798184152,0.635261624494394,0.0376074514925849,0.506152092925421,0.00469351785357346,0.675754363597295,0.0645895136528099,0.514245098349237,0.010126390218481,0.808618723543349,0.0902896524263422,0.50622365657016,0.00608206263625404
311,50.5,29.011491975882,0.670825663272372,0.0463578059940496,0.502429735292631,0.00316477278929639,0.643393190354387,0.0513301884255543,0.512989039300226,0.0129425597525653,0.814600797112882,0.102858152740323,0.511915938540775,0.00950075222405517,0.636186698874944,0.035922542731247,0.505753268478585,0.00404390357874059,0.677466577020093,0.0631387903870606,0.514403209219707,0.010908925618981,0.807101065111671,0.091681009579365,0.506891888972279,0.00594573126666583
312,50.5,29.011491975882,0.67159020502065,0.0451542782524371,0.502837705992506,0.00371562112196672,0.64412610763219,0.0492133880761956,0.514348725620049,0.0140597461558442,0.81341009282346,0.105923202244089,0.51291358522884,0.0103336043375047,0.636299659456989,0.0349547120593015,0.506683355839183,0.00462129334931559,0.678908929779999,0.0605622016035129,0.513050004506448,0.00822950616608913,0.80916263361821,0.0947280318666913,0.506360548250792,0.00564702766538959
313,50.5,29.011491975882,0.673016373758902,0.0439635716777589,0.50203612691825,0.00268804152429411,0.645824333097659,0.0467181276503818,0.516167283614162,0.0163281639804037,0.812881618368224,0.108357026563559,0.512939656397475,0.0104358129068821,0.636603629270022,0.0340103304751329,0.505841651627102,0.0038149038769321,0.680847177214962,0.0582618537928821,0.513772830043732,0.00923545866052045,0.808059960750125,0.0971544000223409,0.508039767455926,0.00725296221116698
314,50.5,29.011491975882,0.673128531543575,0.0432150501414819,0.50165533348815,0.00240407238142231,0.647504144098115,0.0446509135199862,0.517387542834454,0.0181653788546278,0.813064856083176,0.110298295285332,0.513162254580037,0.00946316812699118,0.636851151746915,0.0327464733039839,0.50642063451546,0.00465831527816458,0.682091788008502,0.0552211403916309,0.511984684168332,0.00700602500234867,0.808698699791798,0.0986190922956406,0.507521691102229,0.00612070355860231
315,50.5,29.011491975882,0.673934031401359,0.0426458704897383,0.501579045649336,0.00217417723568269,0.648706125174152,0.0420855637570232,0.514144062505151,0.0139160437405829,0.812554836359803,0.109061063158842,0.515709249867384,0.0130882017469232,0.636667992881428,0.0318771000916617,0.506936884141396,0.00506867994563353,0.682722333401257,0.0522616014568458,0.512093128118308,0.00856361181357419,0.808677687461745,0.0993392889112718,0.508030010558775,0.00599077274919725
316,50.5,29.011491975882,0.6734303083952,0.0417648820177321,0.502836959354679,0.00458724894308229,0.648517900543127,0.0399424038365126,0.513187361100587,0.0132368686779517,0.813949792599899,0.110054056384377,0.514386747948804,0.00895171420287032,0.636826789181752,0.0312251945059518,0.505920773432756,0.00479081182045881,0.684046892786538,0.049521133355217,0.514205073572732,0.00950012025853804,0.80839280840959,0.099314070931334,0.50789152941905,0.00522538465656016
317,50.5,29.011491975882,0.673628054699254,0.0408857053039436,0.502047128055623,0.00288693200314756,0.649609400023982,0.0384416229119224,0.51486749084238,0.0127406905760314,0.812800105639996,0.10840236938836,0.515152066057036,0.00973424910753968,0.637388449700466,0.0306015817468048,0.506153297993704,0.0036899178367415,0.685348108804885,0.0475713863114063,0.513321919107482,0.00826342253175894,0.807033158372199,0.100268260308811,0.50815155985969,0.0051591013706582
318,50.5,29.011491975882,0.672894394487175,0.0411747724915949,0.503699604327104,0.00476046256836762,0.649915882626578,0.03690191633486,0.515040473224558,0.0140989648540326,0.809668996677291,0.109263320258702,0.514971218821395,0.00907369570457557,0.636693287783683,0.0303192550317806,0.508304590744864,0.00514299385235792,0.684630372297509,0.0459055769854606,0.512303405353899,0.0079361804299609,0.803932260619411,0.101514083651199,0.508245285499744,0.00496288942116267
319,50.5,29.011491975882,0.673640090805381,0.0420462719877678,0.502289729495107,0.00289888173154743,0.651754847774866,0.0361135511156395,0.513387571839754,0.0128463845914421,0.80556579750903,0.111726152546018,0.518943518685183,0.0138439405802856,0.637571421251772,0.0309718928846476,0.506040571267648,0.00416116808130493,0.687316536385695,0.0454855533732246,0.514204800393215,0.00894851114693369,0.799674972853822,0.105884178880013,0.508202391699294,0.00484551404559292
320,50.5,29.011491975882,0.673888510816725,0.0423432730526405,0.503329908833087,0.00385050678151544,0.652386130639252,0.0347489286488914,0.51387524453205,0.0132804891136132,0.800230994346812,0.115789731539247,0.519095914349699,0.0139419045022452,0.637622919332463,0.0310992098806756,0.507288211600228,0.00543370246212161,0.687028682744315,0.0443444469396655,0.512286885583121,0.00738102472225953,0.797093244400403,0.109512497570874,0.508774726123497,0.00501738548390656
321,50.5,29.011491975882,0.67566409732813,0.0421509290628511,0.502445267662705,0.00282744177254501,0.653446385950729,0.033878304941623,0.514616644388338,0.0123050603261227,0.799707127596615,0.118297872868495,0.520638876856357,0.0124102209957567,0.638016158195135,0.0306626852479868,0.505924187865182,0.00396122917229579,0.687498246213828,0.0426950968688182,0.512506306959561,0.00740937619812766,0.796363659843796,0.110472045654811,0.50963662847173,0.00591691627822067
322,50.5,29.011491975882,0.677295432531652,0.0417184533673929,0.502628285019513,0.00331801813536924,0.65251591804941,0.0329157148537867,0.514901755304204,0.0113118707933298,0.800292786190995,0.115996010497667,0.520369274238295,0.0123758447949466,0.63825301681383,0.0301629959142067,0.505594796305999,0.00360618906186166,0.687590695010798,0.0423607069467204,0.514658910471052,0.010485188838472,0.794454283284661,0.107922416151372,0.509636904246899,0.00559210670078473
323,50.5,29.011491975882,0.678504151203126,0.0403080406706961,0.502170384072307,0.00263314230372159,0.65267081289338,0.0329704609322868,0.514886236707246,0.0122871634243312,0.800393678156609,0.112509359754661,0.51939698676835,0.0123414225973905,0.639923601702804,0.0294689820118032,0.505675622967071,0.00460512820415469,0.68628178630678,0.0422931859971388,0.512069620935371,0.0072293049742372,0.798319210413342,0.104982571894019,0.509944961750466,0.00522441687619813
324,50.5,29.011491975882,0.677972548892278,0.0386775654168505,0.502285225961993,0.00257900702565683,0.65292471214155,0.0327830362751244,0.515563101785227,0.0139407521936104,0.800676003420219,0.107747216419235,0.520519600081418,0.0121495395256574,0.639884586732,0.0284496394909012,0.50585433654608,0.00438132297802498,0.686223085041754,0.0423036578344959,0.512110289737875,0.00766224109907396,0.799367229569241,0.101096511072903,0.509845936641536,0.0050689740481905
325,50.5,29.011491975882,0.678355003540073,0.0376738777104492,0.503076026681221,0.00331873501685707,0.652110464054301,0.0340088963444401,0.511406670613632,0.0118231579905507,0.803316615043958,0.106352204524897,0.519654439330665,0.0112312837083724,0.639959334233343,0.0277874598652527,0.506847441897021,0.00562187994375438,0.684368630299475,0.0420370277664784,0.511371569860215,0.00621605584231786,0.79965366419438,0.0982734198957918,0.511363101140746,0.00744390793530596
326,50.5,29.011491975882,0.678691865544245,0.0371557411432415,0.503122077337759,0.00368329089309101,0.651682656129729,0.0351427386933874,0.513063209017828,0.0118865941209975,0.800650474810358,0.104311083600558,0.521933769367878,0.0188143815453303,0.640197548779388,0.0279805695948218,0.505312777900422,0.00384865249849373,0.685610587012734,0.0425089408389643,0.51354821789781,0.00942727952528796,0.799010235259642,0.0943780103803888,0.511148281284163,0.00627509337644648
327,50.5,29.011491975882,0.676893889529721,0.037841945073112,0.502318754166473,0.00231552355814837,0.652200790400915,0.0366457213199198,0.515955420245136,0.0126240565341954,0.800822311706313,0.101520550494808,0.521313143307096,0.0160216809995543,0.638256145339324,0.0285205565938943,0.507077363046353,0.00507589598176568,0.683993105223472,0.0439022619186806,0.512580523550182,0.00786726787075073,0.801050499128614,0.0911957272159745,0.510121812741396,0.00485837995057343
328,50.5,29.011491975882,0.674450041548615,0.0396525938901237,0.502364143339548,0.00250398513814073,0.65213462619881,0.03829583893824,0.514991922447893,0.0121905653988359,0.801878526280182,0.0992716818915995,0.520322793753033,0.0123399862747161,0.637544080848963,0.0308447110458698,0.5063136482164,0.00477850710729533,0.683467085542417,0.045818892189512,0.511035441035514,0.00699457482682072,0.803188530685784,0.088508676312111,0.510765822766227,0.00662561969348276
329,50.5,29.011491975882,0.672892549684204,0.0424548167237605,0.502381215847285,0.00256775824805048,0.652166844290363,0.0411382069885711,0.514898388324697,0.011981176636541,0.801947161917912,0.100391601091574,0.518729900317784,0.0103269423040026,0.635943207487504,0.0338918563936717,0.50694021948782,0.00516561229806224,0.682135211429001,0.0485674781688475,0.511986971935621,0.00789922223375153,0.802829537683141,0.0869706755468816,0.510096489139256,0.0056531306816332
330,50.5,29.011491975882,0.671586955132701,0.045145578543599,0.502675406072354,0.00273827877902245,0.651999890870349,0.0428634395244922,0.514173965187033,0.0111728471167055,0.801796505086438,0.10031339021936,0.518300260184985,0.0103973426040071,0.634867048282757,0.0362829982906741,0.50623603144196,0.00370879672707858,0.68199579788313,0.0514898575860197,0.512732504679625,0.00786071403976207,0.801929635332198,0.0870048330231185,0.510800984480687,0.00704302697655947
331,50.5,29.011491975882,0.671289379021015,0.0475741685267578,0.502235739938693,0.00222016431238353,0.652424666104502,0.0439781165829488,0.514993147171068,0.0136392882407839,0.798666275693877,0.100519179185597,0.519175959145761,0.00998283149381296,0.635091753640463,0.0384127002973072,0.505450420638508,0.00312229678327873,0.6831291547756,0.0516519999448051,0.512843614410358,0.00911139460090573,0.80167938318374,0.0895625694700787,0.511025286043933,0.00725938004314303
332,50.5,29.011491975882,0.670812442165314,0.0489896466235086,0.502384544250501,0.00246049379023632,0.652786849425737,0.0433278108444441,0.512760886618518,0.0108157570399067,0.8005802579706,0.103347330427938,0.51975522307463,0.0124372052301087,0.635481763578328,0.0391693562978042,0.505739448720751,0.00382515274843996,0.683241694221038,0.0503080324851407,0.51082622138102,0.006087599504568,0.803159030473111,0.0905768720718387,0.510958336974846,0.00699686199688881
333,50.5,29.011491975882,0.669919906788401,0.0497085775756462,0.503231266908951,0.0033125054789135,0.653644549480256,0.0417765128573206,0.512496522362849,0.0110038034288626,0.801229371177284,0.101945009545539,0.518488816634964,0.0111467329420326,0.634516567123691,0.0397593700186786,0.505825298015316,0.00392063068365046,0.683931991960099,0.0485723466665144,0.512013347546894,0.00738949339917442,0.802201623562509,0.0911953665923375,0.511392370903904,0.00769768553006191
334,50.5,29.011491975882,0.670412335255148,0.0497349539895177,0.50287703183958,0.0034629896546351,0.654367824694454,0.0396244394353696,0.514095268678305,0.0129403005248202,0.802576394623855,0.0978738457839568,0.518270435105986,0.010805969588544,0.633954430977011,0.0402303405085663,0.507337802485158,0.00523556890329665,0.684110374864832,0.0458340823605019,0.51187881669017,0.00682337384213304,0.803380240690266,0.0908780240018002,0.510199489349026,0.00595703077362977
335,50.5,29.011491975882,0.67126406942447,0.0490340364502518,0.50245039126323,0.0025347779996019,0.655591941824516,0.037704648365627,0.51438189543301,0.0130009018488617,0.80580716814446,0.0960196600283078,0.51867854523882,0.0103936967213136,0.634279600897199,0.039200899948241,0.506685555487742,0.00469123316784837,0.686493335759747,0.0431718787694645,0.513428944730228,0.0099874160365623,0.802582862605332,0.0904958548818822,0.511293216426644,0.00749969748457716
336,50.5,29.011491975882,0.670659522270952,0.0481946205155773,0.504264406790265,0.00454533142574239,0.654907027879708,0.0356741559401023,0.51454057621131,0.0137822798829923,0.805732540531147,0.0930214350095164,0.519897828562165,0.0141342250048366,0.634702996088946,0.0378732244768381,0.506563368408599,0.00455676977409855,0.687109352845087,0.0402071784007423,0.513001062282669,0.00810230513173464,0.806620286685133,0.0897821798370664,0.511125984905089,0.00701260814163764
337,50.5,29.011491975882,0.670914232841552,0.0468148189244247,0.502870732029156,0.00261155566419833,0.656347836660083,0.0347413543984107,0.516810933017833,0.01569729192632,0.810116698197412,0.0890979500052508,0.517553301610489,0.00880553557689762,0.63535422372565,0.0362454184327504,0.506032105832893,0.00373353711389964,0.687641595337282,0.0388359687450928,0.51239219999494,0.00824980956335058,0.809818183881533,0.0881449206390323,0.511152828123453,0.00735919918515097
338,50.5,29.011491975882,0.671605867289867,0.0452211086980729,0.502535761936184,0.00279068609981502,0.656847568110662,0.033710461268981,0.517286888190741,0.01561718099597,0.811034872831187,0.085352894774033,0.518945772808273,0.0109911198321143,0.635879499987936,0.0355537352572416,0.505134773389362,0.00304317000790242,0.689016370798256,0.0377290408905127,0.512361164212246,0.0075160772485674,0.810864521609132,0.0850590761573499,0.510811839152187,0.0070494940372761
339,50.5,29.011491975882,0.671817647720297,0.043724761295786,0.503571192258715,0.00370687713396117,0.656605077845583,0.0334670521107709,0.516598726403339,0.0157009033657683,0.811634218331972,0.0824960646237272,0.518808285874199,0.0115624768125634,0.634800891537281,0.0343282049160646,0.507877071547932,0.0064880496110217,0.688888942167224,0.0369648969579759,0.513400671526657,0.00868291405779458,0.808797060751094,0.0819617366445908,0.510939402820666,0.0072242130682044
340,50.5,29.011491975882,0.672652568903443,0.0420823217729604,0.503910988905901,0.00449924775754831,0.656941740367973,0.0330235744456968,0.516679095291886,0.0144816517546483,0.807571088723895,0.0804133765616383,0.521745794710148,0.0155262160386765,0.635574733065604,0.033803701887539,0.507816432188284,0.00526472358182533,0.689635663617162,0.0366059518711059,0.513832333430788,0.0105731521489142,0.808788726018912,0.0792361543436834,0.511379281569484,0.0073964811045392
341,50.5,29.011491975882,0.673598816622973,0.0402817796065062,0.503103322382677,0.00301238235467625,0.657585458014553,0.0328133737974626,0.517164177656727,0.0142696461058552,0.809848132126955,0.0798705453467659,0.520996600523634,0.0136989297665634,0.637435245325112,0.0322674580011601,0.50562932485488,0.00386366233909277,0.691338777227607,0.036184934817234,0.514590293031718,0.010232350333673,0.808642754717881,0.0759762419134739,0.511174048392644,0.00659003492798856
342,50.5,29.011491975882,0.67403987827768,0.0388871210717062,0.50469758729341,0.00523106821778169,0.657358194235411,0.0316644924552487,0.516279747138588,0.0129867146669088,0.807552701819979,0.0840761145680163,0.520964654906781,0.0136538824327202,0.638433994712984,0.0308746219250231,0.505395320819374,0.00345369223602243,0.692595642459642,0.0354061348126991,0.514522699139415,0.0100122074940658,0.806159935765005,0.0743988573255506,0.510835434581795,0.00629760516285804
343,50.5,29.011491975882,0.675639606044984,0.0375258670480168,0.503107212088193,0.00309481968650022,0.658727706326383,0.0315264337487381,0.516457431235122,0.0147080992683269,0.804461785954491,0.0882567003198308,0.52403295313694,0.0149381371824429,0.63845481022923,0.0298623382020351,0.505865821355079,0.00413589930670426,0.694152017895775,0.0362694073097611,0.517217349208003,0.0131232509570581,0.800891735548998,0.0766586408657917,0.510509155930571,0.00647776538026883
344,50.5,29.011491975882,0.676640149600796,0.0366730401846505,0.502985190750962,0.00294781155058175,0.658572134748242,0.0328105087075223,0.516792758997793,0.016191561287988,0.803610294857629,0.0919226854846397,0.521710968565659,0.0108102753931351,0.640386798202975,0.0291256943440461,0.506614846376037,0.00440338722738329,0.692666379927575,0.0374425516536357,0.514737006205044,0.00911023469968899,0.801634347838362,0.0783693266704003,0.512275250260447,0.006844632753525
345,50.5,29.011491975882,0.678366530005141,0.0363772643084512,0.502795638605976,0.00318427400290254,0.657535636265613,0.0340548725683742,0.516066527424264,0.0152454950271467,0.800436162881437,0.0931368814905106,0.526701941719823,0.0193261846535254,0.640562690649828,0.0293114745776181,0.506882084475075,0.00467515312899509,0.692911936907913,0.0398656204093821,0.517068862893243,0.0119764521721643,0.801833457302944,0.0799455084500751,0.510345035113261,0.0066356775595651
346,50.5,29.011491975882,0.678285285391554,0.036078513327798,0.503125178040841,0.00283760059501456,0.657364524622334,0.0346845289780156,0.516221471737753,0.0153574271338997,0.802175213351995,0.0929605541651976,0.526173028745806,0.0187621781769022,0.641679805126828,0.0292890291650809,0.506786398819716,0.0046770843374611,0.693059049116501,0.0411479740131319,0.514525223306059,0.00963597905888009,0.806643830179745,0.0806006564067673,0.510080670993393,0.00572462620335116
347,50.5,29.011491975882,0.678223218088604,0.0353674855364869,0.502905996162118,0.00325080951287982,0.658080001526214,0.0351916391528779,0.517437312099493,0.0143054353409971,0.805236271235708,0.0902323792299667,0.5228696565094,0.015519063928397,0.641298255573944,0.030055474813392,0.507327797345028,0.0050608976819868,0.693309311453035,0.0413212697190079,0.515933921309613,0.0139496736248109,0.806108348138343,0.0783776124158947,0.510723904046749,0.00653464894836811
348,50.5,29.011491975882,0.67845355275148,0.0350513937042394,0.502791619061561,0.00284111486730715,0.658573593196014,0.035011756810464,0.516368372501004,0.0132345739545828,0.808233884330081,0.0862788129288286,0.521992662833763,0.0146662339940316,0.642380787737552,0.030612660287398,0.506853694949767,0.00449935960732759,0.693360857552333,0.041161346584061,0.514978041684039,0.010394570529169,0.808244493343987,0.0747838859225364,0.511371284580469,0.0071706162325769
349,50.5,29.011491975882,0.678934786543232,0.035370780177618,0.503130715250008,0.00319970418123901,0.657789142605079,0.0356632634173271,0.51600807262818,0.0122328502627762,0.808261470418852,0.0815768992169943,0.52248019718536,0.0160437591593891,0.643166558068986,0.0308450594624457,0.506015903445652,0.00401521482775049,0.69341491949366,0.0413466279589272,0.514849802730889,0.0103217521731901,0.807959331817194,0.0717391346237185,0.511188601595879,0.00751336333896779
350,50.5,29.011491975882,0.678904750134285,0.035724691355748,0.503117677019691,0.0033299261627015,0.657195252433182,0.0355630028915488,0.517214136394866,0.0115058096867807,0.812150960287232,0.0772093317890586,0.520640783767971,0.0129403125405129,0.642312230445412,0.0305803156967573,0.506525163876466,0.0042081370693037,0.69298953871016,0.0422371834621514,0.516002359633993,0.010846738752768,0.806428708404525,0.068665208637955,0.510409779951524,0.00562212097845392
351,50.5,29.011491975882,0.678973692832973,0.0358104138015522,0.503189263827594,0.00314981218893014,0.657364609523332,0.0358505954852922,0.517222987670438,0.0119955332715621,0.812725260066792,0.0758632483588462,0.519665458747276,0.011874773586518,0.641841551230202,0.0310462252127734,0.50736601359698,0.00455982644144459,0.693053625367389,0.0415634426700295,0.516803912645903,0.00997287043216074,0.806733722801386,0.0662831604094219,0.510941817804587,0.00578467704178153
352,50.5,29.011491975882,0.678328783240805,0.0363796259120082,0.502773019549915,0.0027399898279574,0.65745954784237,0.0350034010831425,0.517765182446316,0.0126454707575928,0.813617994459263,0.0767413299360973,0.518542921891255,0.0111822151585265,0.642632842927396,0.0306703625920157,0.506286263265988,0.00426586907843988,0.692717606515839,0.0406310536554612,0.515380143253442,0.010114017785374,0.807197890309739,0.0682355801605953,0.511829836959939,0.00545651611965173
353,50.5,29.011491975882,0.677773658023432,0.0363365373182489,0.503309119076969,0.00339661210303932,0.656757605098271,0.0345257223329623,0.517990049097473,0.0128584897553598,0.810902390515076,0.078498003609539,0.519586120487612,0.0132176173789369,0.642485558455914,0.0304154887234853,0.505583347103424,0.00349351608194167,0.69218160127471,0.0396762371871805,0.51495662829254,0.00934668660988893,0.805421969137387,0.0704221135940931,0.511313362250378,0.0054035919433357
354,50.5,29.011491975882,0.677694080389399,0.0359077827448165,0.502381226376289,0.00227914785590309,0.656479109999113,0.0341471442652969,0.516703783420863,0.0124974311809952,0.811184680055918,0.0828631953022488,0.520296053919095,0.0138458978527798,0.640488431388038,0.0304635959466059,0.506724157246717,0.00498884974264937,0.69038066861467,0.0390424086182586,0.516271330671117,0.0112360274430605,0.801203105795635,0.0758086445922267,0.511202072011139,0.00559293316284594
355,50.5,29.011491975882,0.677826561167723,0.0358644293586718,0.502326699566794,0.00214882331787129,0.655964267786983,0.0343158628269795,0.515846942309101,0.0118095994630974,0.807952384403937,0.0861145693864716,0.518700483833597,0.0114937013383678,0.640901756845278,0.0294001531965963,0.506759375982689,0.00481060993022041,0.688706416605726,0.0395710756535573,0.514305226154021,0.00919430056200065,0.798468502073162,0.0787212962303717,0.510945194655395,0.00544196517192875
356,50.5,29.011491975882,0.678154467257963,0.0362775819313327,0.502663645528208,0.00242585507784668,0.655341242714877,0.0343599832289174,0.515000884782599,0.0108234826475067,0.804562174065922,0.0895879823066928,0.518767852712042,0.0110410500776231,0.641244276192803,0.0288227606345704,0.505769742168803,0.00332671128931399,0.688478411280642,0.0404783285775329,0.51340304089334,0.00768029390976224,0.796877493895852,0.0830047900093846,0.510847122588585,0.00537050246524555
357,50.5,29.011491975882,0.677879552029259,0.035668061641912,0.502556203562253,0.00291623846169344,0.655658315492628,0.0341503415257553,0.514500615589837,0.0110938921541099,0.803664525855704,0.0908281949692407,0.517982340991823,0.0103882218206906,0.640158736266082,0.0283773103473154,0.505399023154827,0.00287830202969394,0.690014592451684,0.0406417873499446,0.515603632771944,0.0102219519086623,0.794474958797801,0.0837359352118929,0.510987199983264,0.00524262810051996
358,50.5,29.011491975882,0.677387361162802,0.0353082108172791,0.503383061513068,0.00313008082993136,0.656680640575214,0.0328152589528121,0.513428427298161,0.0106092783118461,0.802020996001092,0.0911670731356315,0.518476665035068,0.0122307469663125,0.639659943231422,0.0285716484690679,0.507201391211339,0.00553946037521651,0.690543174213108,0.0399978980659336,0.515604895158752,0.00957399138097433,0.793026086459969,0.0836573580183953,0.511638948533391,0.00620317490609193
359,50.5,29.011491975882,0.677945628432353,0.0359131478688624,0.502857889560301,0.00299874271110209,0.658348148950162,0.0310553706518277,0.514398592210147,0.0109154310504371,0.80169623810441,0.0904618260263896,0.518417525809418,0.0109618728036021,0.640913647819278,0.0285696542198714,0.507306833065501,0.0049453092532261,0.691950818963457,0.0371380195155218,0.512901777025163,0.00781964634984701,0.799897607645754,0.0827452540551231,0.510624320845448,0.00520251750860853
360,50.5,29.011491975882,0.678480361869997,0.0361418990465667,0.502792244991942,0.00327781663615452,0.658747175482532,0.0294320397792596,0.514015941683588,0.0107216895963045,0.802716571976039,0.087874599119535,0.518704522825166,0.0121199967755015,0.640416084839068,0.0289597176626065,0.506900720517459,0.00413280182654529,0.693171343454202,0.0348667369948474,0.513752979105496,0.00992693349320395,0.802078100614354,0.0800373419626955,0.511006868789593,0.00562649488775116
361,50.5,29.011491975882,0.679234224771947,0.0369194481433118,0.502593960983567,0.00254752189398431,0.658897003682062,0.0277374562757246,0.515242203338492,0.0126311120944258,0.802097577243823,0.0861537121451243,0.517432379673882,0.0103663293527695,0.640471079678565,0.0294861416570979,0.507020226788408,0.00391873027825958,0.692900039469446,0.0335311057894219,0.51278468873725,0.00787626278991759,0.802458897576831,0.0769586011827346,0.512363442204164,0.00692467725536303
362,50.5,29.011491975882,0.678739163733056,0.0378014821929303,0.504350253729965,0.00422368911087806,0.658047195834052,0.0268403993179998,0.514026840781039,0.0117355999917497,0.802355674504083,0.0841109051045697,0.518552179188978,0.0117947940074095,0.640461434236815,0.0300857900384181,0.506836349716259,0.00381683607898155,0.693365025730527,0.0333638576504972,0.514253856122779,0.00986222339256882,0.802724421943985,0.0750151586565585,0.511572103010935,0.00662447979379026
363,50.5,29.011491975882,0.679851546248251,0.0391998734180151,0.503540174805852,0.00399575608279152,0.65838968942433,0.0275518024712995,0.516667772190291,0.0153190480600382,0.799920060886502,0.0823793663663578,0.522484946852601,0.0149643332469664,0.641041523131836,0.0310426728700929,0.506948447891105,0.00388141441520811,0.692531769871977,0.0328673850867588,0.513435050733456,0.00909825630048536,0.805441708131118,0.0750146783737234,0.512068522908292,0.00771414347622244
364,50.5,29.011491975882,0.68081436106184,0.0406192862771518,0.502387914494442,0.00239415105526152,0.659242032096404,0.0283788775328677,0.517143068421607,0.0147749254519744,0.803261706595126,0.0805400917245769,0.522521777318195,0.018094336885467,0.640646191412246,0.0316410045458548,0.50735290999343,0.00463785112559899,0.692887274245435,0.0343114344816392,0.513061709976967,0.00793454302197899,0.807326272926647,0.075691742815973,0.511235010798027,0.00638287609319519
365,50.5,29.011491975882,0.680512528870787,0.0409310277566778,0.50319647148829,0.00357034374607432,0.659260822769028,0.0298543631530014,0.517087026246038,0.0136674209667371,0.805805545365265,0.0818827818890574,0.519517250495381,0.0107079042203742,0.639040438091679,0.0320831139365073,0.509382936807463,0.00645677335879547,0.691923773046232,0.0357394249854078,0.51470083975075,0.00962710231194592,0.807008175465013,0.076934264524047,0.510503240591878,0.00645649589602832
366,50.5,29.011491975882,0.68044675664051,0.04231008670172,0.503070764506897,0.00329111973097562,0.659078389344039,0.0301719666690472,0.517700879820849,0.014785963892269,0.808808829666941,0.0817963510760599,0.519103131511595,0.010775850193098,0.640813614451278,0.0336711006899773,0.50772207654443,0.00440978628801521,0.692799068125498,0.0359456967429856,0.512938756189243,0.00785274151230839,0.809636670364086,0.0786327727656063,0.511391190355907,0.00710347089550901
367,50.5,29.011491975882,0.680339512415637,0.043310545430726,0.503350301643904,0.00342324335516539,0.65952422451615,0.0302313637078396,0.517487636041082,0.0144273931809151,0.807946807275556,0.0788258107536518,0.519625759751473,0.0112531289206506,0.640620245162808,0.0339637160521518,0.506335449537856,0.00305613798019846,0.693676494049725,0.0364300677654794,0.512736262678174,0.00784728617012591,0.81164003211196,0.0784366898641667,0.511089650921145,0.00669717818491633
368,50.5,29.011491975882,0.680285877568414,0.0441353504538369,0.503363596274307,0.00433579834487555,0.65864488600055,0.030020078086811,0.517997593611579,0.0145617320901905,0.806861961583605,0.0753510244596762,0.522005400922364,0.0133276375818787,0.640669289139228,0.0345180053537263,0.50629091019152,0.00361431311100791,0.694077174365987,0.036337082901475,0.513711979130782,0.00944555521045442,0.810529054237627,0.076545636320119,0.511121705430942,0.00627989757383292
369,50.5,29.011491975882,0.681059597103864,0.0447234520685516,0.502564396424372,0.00251321355749044,0.659032134690794,0.0302676156092306,0.519199928036886,0.0150035408796673,0.807588148075465,0.0779542238792307,0.521731363849978,0.0177888535045137,0.641195541446226,0.0353597327040419,0.506194520154858,0.00379135723180841,0.69459634123982,0.0371002320060932,0.513247469718551,0.00837416359090331,0.809297663856253,0.0762429686656245,0.511044857663277,0.00725370066612946
370,50.5,29.011491975882,0.680879220089935,0.045813502001101,0.503472324169096,0.00366139491119925,0.658446356281821,0.0310742645463663,0.517996907754304,0.0145827678912468,0.8068477909855,0.0756994196028273,0.520521222671324,0.0134332425998411,0.640114254204608,0.0361245913068608,0.506826469474548,0.00425262150476879,0.69496233674581,0.0382592441283605,0.514055905684404,0.0101974662605296,0.8091545393996,0.0765434188856797,0.510338631719496,0.00614654776079167
371,50.5,29.011491975882,0.679787085462765,0.0471643958777834,0.503035468550638,0.00286409149373737,0.658186229361193,0.0316927075606832,0.520047356778951,0.0143197527153484,0.806684479184966,0.0761452567676595,0.520062260374893,0.0131678719965788,0.639623545076173,0.0373325553109929,0.507602987281533,0.00479138517586942,0.693924770885202,0.038794319588194,0.510919226669242,0.00682387634701795,0.8112374530317,0.077284148301161,0.51043060920343,0.00580269361781397
372,50.5,29.011491975882,0.678171198675525,0.0479414372842109,0.50448097137878,0.00446905631067326,0.657550515630922,0.0328423269788152,0.518753848979373,0.0140146160007507,0.807683202647522,0.0753879256562029,0.517941882267429,0.00870365504622418,0.638728075777512,0.0378968428423885,0.507042560770928,0.00407834512830638,0.695292267505566,0.040292879650603,0.51255868237641,0.00840630593932447,0.809534093169381,0.077186095570985,0.510140297572068,0.00557525442526272
373,50.5,29.011491975882,0.678227183998511,0.0483407957981895,0.503092676528506,0.00289201765089899,0.656907361019629,0.0335626294450087,0.520165905562681,0.0139366883074517,0.804444202370328,0.0738394464347986,0.522331944893813,0.0158531615069662,0.638891673986607,0.0393297070973875,0.50685707444485,0.00450802105982132,0.693648984752833,0.040413719956153,0.512277577642146,0.00824489274683751,0.810922155531535,0.0747767168928666,0.510212394556349,0.0062343445120359
374,50.5,29.011491975882,0.677242374302368,0.0490516635533407,0.502457645819716,0.00189381323128772,0.656523027208128,0.034979742502616,0.519707363363378,0.0129017813412652,0.806896856228918,0.0759364017754491,0.520471614865125,0.0116991499067228,0.638107449526565,0.039775566983361,0.506498414178768,0.0045880357811463,0.692837356631001,0.0424957424661853,0.514108103730575,0.00959352009634853,0.810036835067183,0.0739655618029886,0.510098202751044,0.00647700742151872
375,50.5,29.011491975882,0.675254604539664,0.0499325838952545,0.50324455059538,0.00333564647148536,0.655744266100721,0.0363761690951372,0.517603715767134,0.0119733080979801,0.806191342078127,0.0778220855428297,0.520760394118984,0.0119295520361743,0.636304941345412,0.040402427972473,0.506490603550743,0.00381416330178545,0.692222701188292,0.0449064668626269,0.515808531277763,0.0110357754762954,0.80708738623342,0.0728816075362482,0.51143442055683,0.00655021687637385
376,50.5,29.011491975882,0.672661311920038,0.0519744092557291,0.503663873835231,0.00314813272317263,0.655914103091905,0.037934909882446,0.51798718793394,0.0134065290538112,0.808963621604376,0.0797974967687783,0.519349379284136,0.0102513420759081,0.635770238906957,0.041559857308413,0.508097903651253,0.00548779136544477,0.689772176464702,0.0470098115169606,0.511620622856725,0.00820971909156098,0.81154266166091,0.074438091050088,0.510555347239229,0.00641754395681788
377,50.5,29.011491975882,0.672406240823627,0.0535469145750118,0.502315530341001,0.00158454598929856,0.655352136564532,0.0398156070480136,0.518749539645814,0.013432383770746,0.805653651292841,0.0819704745042063,0.521761508361127,0.0145173442229848,0.63494322071823,0.0421896323332255,0.50801106312564,0.0045727459542566,0.687659371545247,0.0490183735126641,0.511053007876378,0.00758180563835722,0.811889954616482,0.0740137471307802,0.510488629434611,0.00621423966374016
378,50.5,29.011491975882,0.670961736749766,0.0551324273961666,0.503474053852543,0.00383944655831719,0.654114880497108,0.04074217713054,0.517609006958798,0.012213079322878,0.805837699412243,0.0849287126083348,0.519134837186794,0.00997873551456656,0.633021221640439,0.043237837049108,0.507365320924304,0.0048402283100388,0.687152806903902,0.0504991816001983,0.515188842150782,0.0104604797205621,0.809136822539508,0.0764629457079488,0.510838199743953,0.00651061318747246
379,50.5,29.011491975882,0.671337555107838,0.055722342081792,0.502580163911441,0.0021009811008563,0.653530781861304,0.0414679692629555,0.516472247621982,0.0117440523053038,0.806588789766692,0.0863523340977974,0.52026415871018,0.0128570158939322,0.63358857073325,0.0441813000234026,0.50735891155194,0.00511728194340016,0.685684900348054,0.0509661963543609,0.51279977760235,0.00940363116562366,0.8086222143101,0.0782891115091605,0.511456493671037,0.00733465948495189
380,50.5,29.011491975882,0.671329631130612,0.055164230650034,0.503642643600588,0.00369852758875031,0.651835525705091,0.0420038798859122,0.515936171234306,0.0112327321779149,0.805968250641944,0.0856303754591909,0.521612917325132,0.0134571459403168,0.633043148439553,0.0440379640017242,0.508213750721721,0.00552529450894755,0.684728158037691,0.0522163531468772,0.512863077707959,0.0100661675659776,0.809425807182316,0.0791503887349521,0.509936583204929,0.00601982124809193
381,50.5,29.011491975882,0.67208232751874,0.0547085353252296,0.502836281625688,0.00251024264762045,0.652075168927696,0.0435691194111496,0.515687332580367,0.0112291121796462,0.811103431913615,0.0834212565689653,0.518981942141303,0.0117042809172163,0.633156495805309,0.0440737919864599,0.508101843711248,0.00514868315193992,0.684553581553571,0.0535477828812023,0.513681874034044,0.0133560880584323,0.809744465044827,0.0799244898694165,0.510258755609244,0.00670975680893864
382,50.5,29.011491975882,0.672187897573915,0.0541340596900558,0.503933595304308,0.00396073583269285,0.651788356079578,0.0442846251582079,0.515625918273009,0.0109496720914359,0.813554049294563,0.0819461422410414,0.518386154791344,0.0104044198458739,0.633879424736909,0.0434313977701001,0.507899704130914,0.00383202429803595,0.685866366220055,0.0540625957737439,0.512806828664923,0.00924566828970519,0.813435241143726,0.0786485623849323,0.509859347742848,0.00588868418174284
383,50.5,29.011491975882,0.672814389559335,0.0539368677128991,0.503336063578308,0.00394164904010372,0.651403511075714,0.0448780441089589,0.516318263597111,0.0121039138283937,0.812710590229812,0.0789838558354687,0.52097154355903,0.0131261018896592,0.633115739383156,0.0423510005535755,0.508897772025271,0.00476048308224742,0.684873422199945,0.0545275000916082,0.511204621603727,0.0075370259805707,0.816471009116709,0.0753956399448936,0.509651094089471,0.00623810853837158
384,50.5,29.011491975882,0.672974137800353,0.053362421080564,0.503585580723815,0.00420923013392842,0.65242619918126,0.0446426063952725,0.517303552963276,0.0114676817765262,0.814570117145759,0.0769882761562174,0.518143726952583,0.0102009170145903,0.633690441507627,0.0416267534793188,0.508201758679837,0.00503086392611981,0.686438254403019,0.0551006543197922,0.512650353985189,0.0095292491897253,0.816426416722941,0.07508392418633,0.509093554346671,0.00600657340088845
385,50.5,29.011491975882,0.673180285950046,0.0524235905781954,0.50315379387668,0.00271095561431369,0.652600935089774,0.0442571457531222,0.515836354242321,0.0123791634019984,0.814237021605044,0.0749536260832672,0.520208776672304,0.0151642242376856,0.634341975913372,0.0401419308196851,0.507743099978008,0.00404071393869268,0.686698009684238,0.054523562738814,0.511532212884988,0.00825857286768359,0.818511805439159,0.0730250530787633,0.509337709553254,0.0062095265883015
386,50.5,29.011491975882,0.672608909641365,0.0515839458898425,0.502927059643711,0.00277986102369474,0.653799287947174,0.0437994302684706,0.516440276928959,0.0122560807603672,0.815204303037262,0.0770013700665499,0.51975584975329,0.0152942349680886,0.633755147906969,0.0394217320248267,0.507142779046281,0.00404012614737638,0.68763787641382,0.0546786247782612,0.513551645251508,0.00943837167331258,0.817220669643479,0.0727941898931214,0.50914623988845,0.00621860881259922
387,50.5,29.011491975882,0.672038477910231,0.0505653704968489,0.503475378168457,0.00302169199757209,0.653633770148259,0.0436946742583211,0.514989939740984,0.0125218154176244,0.817567795586454,0.080380089036544,0.516780231586795,0.00988656425769793,0.633850001820074,0.0387903370785119,0.507393174479395,0.00445186238108216,0.687333442731318,0.0547931102736032,0.514020351804756,0.01195864217862,0.816520201807656,0.0737376744269673,0.50885774319332,0.00535427103932294
388,50.5,29.011491975882,0.672326259163955,0.0490331281163694,0.503577878622718,0.00314853185607702,0.653213187215271,0.0439910371742568,0.515160287036163,0.0122086904484536,0.816875002642564,0.0834747769070926,0.517396736224617,0.010139879119019,0.634784218995947,0.0381554926987415,0.5071742916488,0.00431668521356157,0.687022362779638,0.0556973697190021,0.513785314786848,0.0112850388602446,0.81699845460723,0.0765744411315583,0.509133725548367,0.00641043778099948
389,50.5,29.011491975882,0.673094255839191,0.0475146595882135,0.503192444899149,0.00241675147753796,0.651728683772961,0.045341779815216,0.514769413268006,0.0125733751740529,0.819426480194354,0.0863640960386986,0.517069945641695,0.00924977820744887,0.635851320308722,0.0384715093915431,0.506401309186587,0.00400037220887264,0.685066740492019,0.0572966745246732,0.512111867758538,0.00970099371789171,0.818892776647057,0.0768406678817483,0.509075504552388,0.00638176942946684
390,50.5,29.011491975882,0.673859943282725,0.0458129918605914,0.502871938441861,0.00230939025748409,0.650845142628499,0.0458280331702507,0.514777717548389,0.0116531927912755,0.819099907754553,0.0892944255841031,0.516581257518031,0.00842541069523465,0.636400973119038,0.0374979079157032,0.506242255420005,0.00350954264113425,0.683658931427262,0.0582899601280484,0.511987534450899,0.00914422335117358,0.81855624791209,0.0790223995329579,0.509113595326576,0.00627909868323564
391,50.5,29.011491975882,0.673867664632802,0.0448266947687892,0.503634761036155,0.00376183654959964,0.649692291728932,0.0461979932604476,0.51650197287403,0.01450231544374,0.818593767073145,0.0910453735578616,0.516077841546352,0.00898800637580104,0.635400302608558,0.036439040840001,0.509140485651914,0.0054856065097166,0.68076479248157,0.0587872417374218,0.51262983783051,0.0096265099178145,0.817779659321603,0.0800045205793565,0.508711207477109,0.00583892185755702
392,50.5,29.011491975882,0.674087991237309,0.043865760786483,0.502529914830943,0.00223617031273816,0.649267873830539,0.0471541712828245,0.515121655868929,0.0125077482997154,0.818053515581791,0.0910691651047826,0.51790213921277,0.0112961230941539,0.636680588252696,0.0364078337179591,0.506764131350651,0.00396087992374017,0.680788423902828,0.0602426959558516,0.513532122867273,0.0104750663088792,0.81825129343341,0.0802143919364267,0.509054563502211,0.00573366456243369
393,50.5,29.011491975882,0.674203468941097,0.0422848653087806,0.502714291272817,0.00303976147044982,0.648901800111581,0.048327542910489,0.515984579662524,0.0156388126230856,0.816690499091917,0.0928856388297426,0.517898299825259,0.0120514133657652,0.635967908296742,0.0360389505591166,0.508693150422605,0.00582898052152652,0.678745087795566,0.0612466514998492,0.514379132295527,0.0112957264633439,0.815034712255237,0.0807076802157872,0.509992941390475,0.00727067835981246
394,50.5,29.011491975882,0.674016802926309,0.0413820351356518,0.50337468600768,0.00374686149459722,0.648060548249383,0.0491180788999715,0.513560836205851,0.0121974598973063,0.819388129154535,0.0939138066219945,0.517308287187613,0.0113501377596205,0.636196433219292,0.0359241721802004,0.507444475187429,0.00411876802240187,0.679471524607556,0.0628530664253502,0.513764747161065,0.00979985912093919,0.81647683781022,0.0835432163251612,0.509240285384456,0.0059345269389815
395,50.5,29.011491975882,0.674554151390653,0.0411548835396538,0.502704293490514,0.002792631591506,0.647999167103739,0.050539054146817,0.512993387136585,0.012789539800486,0.815592825095987,0.0948882636899605,0.519414742734,0.0150592505777594,0.635961006727734,0.0350502097608763,0.507120034378805,0.00462955850500651,0.679663944727661,0.0638034375926251,0.514083139267176,0.00982607173278694,0.81529528214732,0.0861560631032213,0.509958393993984,0.0072896194087619
396,50.5,29.011491975882,0.673128241731372,0.0407810906158009,0.503416864410511,0.00430673826696744,0.647839539500133,0.0513119966042855,0.511965574408546,0.0120306201878807,0.814855234400873,0.0974747162384115,0.520727786278333,0.0207170060251391,0.635699218202742,0.0349457105338798,0.507063483984255,0.00388636974788062,0.679245281812602,0.0653277987947133,0.513637390038784,0.00971660209841073,0.815123614855477,0.0874322346040648,0.509854706194417,0.0071427378010354
397,50.5,29.011491975882,0.672940990913522,0.0401776679198089,0.503920682294868,0.00428613968721418,0.648006338136249,0.0517267357172299,0.512684921295247,0.0127079746745174,0.816179139979001,0.097597374777339,0.519567599628613,0.0152169926935833,0.636352329070693,0.0346425109188396,0.506420685825267,0.0037506240432902,0.679495655132576,0.0663803250299027,0.51320815801021,0.00823917740750901,0.81289174720122,0.0898013358831401,0.510093439954988,0.00831933231119422
398,50.5,29.011491975882,0.673467770272248,0.0390387042014669,0.502944189001617,0.00291419829422575,0.648190292656491,0.0519228414823005,0.513745256428369,0.0123376975098354,0.815590981476562,0.0990116318444865,0.52040079204338,0.0151077942875436,0.636246731441609,0.0336461035939897,0.507410180070384,0.00499755333858582,0.67912115024897,0.0663016883809409,0.513347675184892,0.00821095808224944,0.812246434424806,0.0909904128952588,0.509938864431216,0.00793513897904632
399,50.5,29.011491975882,0.674034201089795,0.037551411735691,0.502651737937774,0.0030658456094295,0.647736811475132,0.0516982942057979,0.511863889496893,0.0110915792639987,0.81414167345962,0.0984970236541918,0.520553515749655,0.0150877434053488,0.636384379558396,0.032788491681357,0.507136985422168,0.00463101298247121,0.679129469454812,0.0664552916679777,0.514325573292136,0.00753347282216178,0.811872331137499,0.091345796183275,0.508900547766579,0.00601771657006361
400,50.5,29.011491975882,0.674313003884465,0.0362402808995244,0.503463476959504,0.00409243723774915,0.647154933722708,0.0512799350653799,0.511383290804719,0.0117636644479764,0.813608085080696,0.0975986380944128,0.520400724375307,0.0151784699966543,0.636638392589809,0.0319152637386964,0.508538397472812,0.00571965663841357,0.67769333231837,0.0660045381936035,0.51290107107844,0.00824115322371794,0.811723884425574,0.0893704087508195,0.50976305480287,0.00837147828390651
401,50.5,29.011491975882,0.676301136015341,0.036331309275527,0.502382276924494,0.002475594560646,0.646631858320044,0.0520049125691576,0.51394586924292,0.0125276518797971,0.814339771725313,0.0932176086473402,0.520737813349725,0.0166365933339279,0.637174305149507,0.0313052035815158,0.507107285400625,0.00430720995120124,0.678188579076355,0.0675057299230484,0.514941290686535,0.010641455230298,0.81232517773492,0.0884821512046361,0.509999356944478,0.00735462297787042
402,50.5,29.011491975882,0.67563610500079,0.0360606492333932,0.503306194788792,0.0034515984114614,0.646135329181213,0.0521966012865579,0.513131310717073,0.0105767648895738,0.81537560332551,0.0899343139697059,0.520998264669286,0.0156901110668815,0.637751695590697,0.031541813686887,0.506829363678083,0.00453745400569631,0.677047628679898,0.0676618952153424,0.513522362507517,0.0099850825343519,0.813912297003117,0.0849116713988125,0.509923389407393,0.00704424062091319
403,50.5,29.011491975882,0.67586508206464,0.0374628169009993,0.50311559929702,0.00308097763665382,0.646930040231443,0.0525488916978897,0.513375471962431,0.0113696645890713,0.815690274241397,0.0869802669181798,0.520905584800059,0.014768931226271,0.636984718039725,0.0316034733214571,0.506964471692794,0.0043314329001725,0.677467720234241,0.0680835985057918,0.512720511915078,0.0087170547175313,0.81585005677086,0.0815510614983006,0.509697417529189,0.00712696506149205
404,50.5,29.011491975882,0.675556511507915,0.039600926104412,0.502557156853637,0.00231015812311199,0.647455329775604,0.0528351745554481,0.514271458473075,0.0115426767995754,0.816486203092189,0.0819533066002734,0.519769358786091,0.0131045125533803,0.636463163930808,0.0320519923010459,0.507509688554279,0.00534127117345892,0.676243829474814,0.0677185518219369,0.5124501478069,0.00831151381588403,0.817372000666263,0.0778991013146471,0.509787112114362,0.00749847729184064
405,50.5,29.011491975882,0.674875409227451,0.0411949421797964,0.502873958444792,0.00299083627066033,0.646941213765216,0.0523428799371883,0.513061138652745,0.0108002873157816,0.816885718873912,0.077976187040396,0.520015067065872,0.0122068313715292,0.636065380043528,0.0328746217829015,0.507906568691355,0.00567690452359636,0.675421181871223,0.0663911361001191,0.512409277672644,0.00885461164361292,0.818110676378432,0.0735332094142049,0.509310928258642,0.00697364499384529
406,50.5,29.011491975882,0.674431424327418,0.0419299986128204,0.503199398808204,0.00351396907880057,0.646726066756416,0.0515827187109612,0.513450784388166,0.0123465348439441,0.813073797244966,0.0748896648180958,0.521901563485838,0.0147759592946573,0.635529265421792,0.0335318963891982,0.506357528981712,0.00395545849201695,0.676473900501697,0.0653082643025859,0.514224805486017,0.0106399112251558,0.816814190894632,0.070241335148145,0.508857206756661,0.00722151336231188
407,50.5,29.011491975882,0.674764835361664,0.0416503897239367,0.502818434105205,0.00269373236181435,0.646673013238753,0.0509517939914353,0.510744295603514,0.00909356047049224,0.816779876049967,0.0740338567051461,0.522431969979529,0.0147774873550707,0.635532228082943,0.0340915768002798,0.506780310361709,0.00420476903589721,0.675662648186599,0.0637784035393998,0.513842799298539,0.00958139825474127,0.81758062848552,0.0704752745284322,0.509533655866346,0.00638283870465116
408,50.5,29.011491975882,0.675291779614973,0.0407806777616422,0.502571899671233,0.00251156034235646,0.647160238795754,0.0498145727308695,0.512512162979219,0.0108358007017782,0.815885736607653,0.0767941844039622,0.521161345979911,0.0126228139590157,0.637215527625339,0.0340292328081345,0.505789541840917,0.00368330217933465,0.676194264666555,0.0627826055619053,0.513998382915144,0.00981209469768537,0.815361172890865,0.0721594626374473,0.51071034731387,0.00760496066296023
409,50.5,29.011491975882,0.675851887265261,0.0398553927204394,0.503294176992036,0.00325034436002547,0.646643234545834,0.0486536595670996,0.512760567101325,0.0107959871921129,0.813771341918051,0.0788219852754998,0.520250720013238,0.0115591167992123,0.637665171483012,0.0326891536426442,0.507476943226356,0.00503643038911156,0.67517565619049,0.060575177130091,0.513144920726348,0.00996268804848827,0.814935341147556,0.0758232786036856,0.511010099250167,0.00760378008006791
410,50.5,29.011491975882,0.676320798981208,0.0387276013745075,0.503528966493867,0.00422558927871112,0.646014382584469,0.0468753292918905,0.514831937312146,0.0108101601862357,0.814134444071323,0.0837279106826311,0.520204057891418,0.0121632391174961,0.63782346144843,0.0313598754098977,0.50678701532822,0.0050993969137797,0.67518411359339,0.0588644040504098,0.51348112628021,0.00890810002422052,0.81299079341855,0.0807249551020055,0.50973356027138,0.00687917648842403
411,50.5,29.011491975882,0.677360511248841,0.0386625293200344,0.5026936217823,0.00351054922315364,0.645682145378649,0.0455784500663984,0.513587074567531,0.0114653118630346,0.812748987861907,0.0872737100190236,0.520589530259221,0.0143995928690794,0.638399811664294,0.03090990093089,0.507616419746667,0.00504775502789502,0.673201036987346,0.056710347415788,0.512986466239646,0.0087496262206209,0.810885639056423,0.0824220994219328,0.510252750190454,0.00692737792270723
412,50.5,29.011491975882,0.677900039928505,0.0381745571811386,0.502583969700584,0.00238166333180129,0.644281424788657,0.0465196809533514,0.514100442449502,0.0107297716556271,0.813122775202303,0.0891727165729126,0.520143811405245,0.0148510901354334,0.639238316214482,0.0301112946285672,0.505693571806129,0.0035683003870594,0.672995499107303,0.0574426949570982,0.515507141347714,0.010333536045466,0.810437654964922,0.0837314592313757,0.509432261416904,0.0066434627036579
413,50.5,29.011491975882,0.679221169215799,0.0377620411709087,0.502020034342751,0.0014289470224577,0.643077083877111,0.047828456779338,0.513810139644035,0.0108167070483635,0.813443830606451,0.0902971080431916,0.51984481151023,0.0144670287068854,0.640211645542577,0.029417670154676,0.506286753989889,0.00413483558683279,0.671226768724589,0.0585155389312106,0.513153930548782,0.00874030314606161,0.813098731501997,0.0841637236195678,0.509339228773248,0.00646759161298882
414,50.5,29.011491975882,0.680306539907667,0.0371788327770069,0.502643753526925,0.00271252401058005,0.642222243685314,0.0488335007398539,0.512782260375153,0.0103564824870428,0.810481932956725,0.0903808678395986,0.521904433833725,0.0164403943704951,0.639731642314716,0.0287054765571833,0.506384755464926,0.00405711047597464,0.670611639732818,0.0603048511586582,0.514420575406696,0.0113205685370954,0.813599702804051,0.0842220236456993,0.509147097532665,0.00603766201196305
415,50.5,29.011491975882,0.678970780110098,0.0366301844793552,0.503994679776804,0.00464946035066489,0.642651060791095,0.0488236452314208,0.513633264816878,0.0120910763704035,0.813413646337539,0.0922045222716299,0.518746591350958,0.0128568350016453,0.639525710247953,0.0282262170337619,0.508343261598156,0.00675975823672031,0.669302281630082,0.060400698236243,0.513920516604574,0.00999227964251891,0.81384720281311,0.0849139009451019,0.509066472304777,0.00568268783625998
416,50.5,29.011491975882,0.679660558130265,0.0367361881086305,0.503005672604342,0.00388289061408235,0.643324391693242,0.0491095350991735,0.514689959730716,0.0117420514645026,0.813396923388789,0.0926811965742116,0.5188070569517,0.0141522318278292,0.640237998222873,0.0284219766779566,0.506422828809695,0.00510827045649448,0.67095436005174,0.0609750738310898,0.516429120699932,0.0147735844845931,0.813027746407331,0.085796157933062,0.50903466421106,0.00568492014375133
417,50.5,29.011491975882,0.679503121233067,0.0374723081501267,0.503295218664878,0.00384904843794238,0.643360364557724,0.0480298854454734,0.514550975963021,0.0105516277916183,0.814205397355669,0.0944849413866631,0.518606714517189,0.0131408873326455,0.641289609944317,0.0288185401967123,0.507320029468498,0.00482420736522664,0.670573898490361,0.0593695926790462,0.51437293143893,0.00819241822961277,0.814265181507693,0.0884181825473282,0.509110805907388,0.00607918865119341
418,50.5,29.011491975882,0.679337558395691,0.0383381048471853,0.501993117748509,0.00252735248261533,0.643002392870835,0.047287130004851,0.517218774370343,0.0142195954402687,0.809444669510563,0.0972663891132811,0.520349554096499,0.0168447013398851,0.641121526680842,0.0290548676324593,0.505727989026284,0.00365140575923457,0.67207091277827,0.0580271846687457,0.517478738922644,0.0133871631776916,0.808837761992155,0.0899780283657825,0.509003665694284,0.00562775648364504
419,50.5,29.011491975882,0.679129931597577,0.0395933824694757,0.503167863635825,0.00351059566690348,0.643165698515531,0.0466892801618135,0.515259016218623,0.012767901134241,0.806931359590008,0.0994696964467238,0.517964256527417,0.0128121520858381,0.641102275044755,0.02976062246125,0.50800321881598,0.00450114875340006,0.670906019435766,0.0565123036425809,0.513601932797348,0.00793232703775608,0.809250634968414,0.0933975326473448,0.509094449000377,0.00562898995922354
420,50.5,29.011491975882,0.67777103570589,0.0407383588242225,0.503540350258514,0.00353432366623609,0.643103862541742,0.0468452681023364,0.516056325271196,0.0128781080894446,0.80366215302818,0.10319633272052,0.517572913723285,0.0120419557517241,0.64002861966392,0.0304202736822314,0.50717727775189,0.00492977466530177,0.671849484799355,0.0569920174888416,0.514942861676589,0.00983292544193431,0.806111339191912,0.0973297574257358,0.509103259579491,0.00599166416815539
421,50.5,29.011491975882,0.677582950873638,0.0427336146409646,0.502329019859819,0.00285862661558468,0.643451011508323,0.0474322779814022,0.516051418318186,0.0130201888266013,0.801660269127638,0.107471041266805,0.518609753007734,0.012565317882279,0.639129604733504,0.0326538923101522,0.507725801801134,0.00633525515006336,0.672700109860072,0.0574680441364949,0.517606497091608,0.0124972257419646,0.802623861111382,0.0993648880827006,0.510174860679894,0.00780427168881209
422,50.5,29.011491975882,0.6774288202759,0.0442427588718151,0.502262267352893,0.00243449562362551,0.643578425761855,0.0485279239884172,0.515547389309983,0.0128666141469739,0.800366686746223,0.107516036726185,0.518780104628833,0.0131958601520728,0.639925699734199,0.0328647864413806,0.507757717706151,0.0057959386588775,0.672737664785822,0.0593832884864989,0.514317918679786,0.00935662802137531,0.807363426459608,0.102518873817876,0.510287250860406,0.00648973596394371
423,50.5,29.011491975882,0.676129158588925,0.0445397348203592,0.50243818864494,0.00255249089094234,0.643940571114642,0.0491700987344883,0.514672767904093,0.0111724946502655,0.799207530412789,0.106565243023465,0.521011136902426,0.0165848014904355,0.639386031430712,0.0327664308357129,0.506791648487015,0.00483777417450212,0.674918017372124,0.0613721315677187,0.515197807787844,0.0115289857663556,0.806237736091796,0.101928087376543,0.510882461302058,0.00621511042584805
424,50.5,29.011491975882,0.674607759841473,0.0443532060219677,0.503140054284881,0.00404433470834677,0.645173771949251,0.0494077845886238,0.515570878610404,0.0127010915465497,0.800385283952254,0.105807121179981,0.518322226825602,0.0119826344748843,0.639378080314617,0.0337146862445769,0.507452403240668,0.00498314766057978,0.675434061577751,0.0616106055316478,0.514084559501917,0.00833887015186448,0.807053677583857,0.101527922467046,0.510544925696798,0.00591852125469985
425,50.5,29.011491975882,0.672593120995102,0.0444430037578664,0.503549096569596,0.00366542304574741,0.645898623006516,0.0491933046931627,0.518405061374783,0.0161999579373031,0.79738733072846,0.106157947273279,0.518369647056756,0.0142291031873957,0.638666182492447,0.0349467919242275,0.505922969160939,0.00331665765938353,0.677325523987868,0.0623264182917327,0.513527369290994,0.00914927818204078,0.806546279073115,0.101875829574077,0.510108480033977,0.00581900994876355
426,50.5,29.011491975882,0.672366166450632,0.0462268931321357,0.502276938761909,0.00235886779080288,0.647001314265979,0.0493336546776471,0.516979061883458,0.0127726074120026,0.795768992407929,0.105716202036492,0.520131119382084,0.0161748215764772,0.636840432135526,0.0368978540049755,0.506660022527172,0.00492363000845664,0.678737264097575,0.0623839497485161,0.513471681585397,0.0092252038663947,0.804655797537062,0.102624448520629,0.509841713269068,0.00544586649858727
427,50.5,29.011491975882,0.670239359257737,0.0485624577865803,0.502983277321677,0.00336042944883359,0.647723570964641,0.0494304735715265,0.515871679214358,0.0123894840309934,0.794520112093254,0.10689690279193,0.517690009835698,0.0138079219518671,0.635789693554087,0.0394465967464746,0.506632423684509,0.00416223912049936,0.679322394536488,0.062748815315169,0.512185015549735,0.00843330806961843,0.803193213351112,0.10335834533255,0.509648643565985,0.00595714873091302
428,50.5,29.011491975882,0.668898174404412,0.051019877284978,0.503916065977625,0.00388314994674452,0.647409156815727,0.0491229690851506,0.514996872081968,0.0135469085069695,0.790865362793368,0.105980954665439,0.518484847635175,0.0127589380312992,0.633994336321313,0.0417383306878413,0.507168049989671,0.00595196940560519,0.680512677989193,0.0623441019190417,0.513511436199731,0.0101434875452041,0.798686707256934,0.101083332586238,0.510339356395236,0.00618690985116878
429,50.5,29.011491975882,0.668630084266771,0.0536919199615764,0.502689420805195,0.0033210492648793,0.64737213082596,0.0481917776625324,0.515860002648113,0.0147554182472046,0.791385333602638,0.104668064858941,0.518823149396399,0.0123843003696856,0.632814966249372,0.0433614899950986,0.507313183132567,0.00502778849457487,0.680815399310463,0.0607943157232644,0.513251809591833,0.00996780809958357,0.797063990930789,0.102591739911478,0.511357794903954,0.00834205770090021
430,50.5,29.011491975882,0.668963232398257,0.0559555802124364,0.50213995139702,0.00229596185364732,0.647680408441467,0.046869308981594,0.516790774789652,0.0148711012900791,0.790699441194741,0.108279367514219,0.518399871491464,0.0138243665997582,0.632991177236663,0.0441633190124948,0.506825071329044,0.00484350715268633,0.681050807958658,0.0597874329816652,0.512595596289111,0.00789808021219016,0.796976401118006,0.104480309457328,0.510783217866873,0.00748927323414022
431,50.5,29.011491975882,0.667984215583476,0.0578831328718362,0.502290640178635,0.00228652232018135,0.648262541706564,0.0459603159251025,0.515937661706801,0.0145731136623222,0.78861631185603,0.108412415923672,0.518147446341233,0.0124094283742233,0.63151843007111,0.0457153464681052,0.507995348357709,0.00548200424964454,0.680431252792858,0.0595065844480863,0.512915617118033,0.00807156115275126,0.79434444970971,0.104282888857968,0.51052034896922,0.00718291012564969
432,50.5,29.011491975882,0.667345826621955,0.059249875321445,0.501845800189099,0.00133608544282578,0.648536679018428,0.0453631354533473,0.515684616523097,0.014607332750643,0.789499173777793,0.109931502609646,0.518181941815217,0.0122818678338701,0.631166186961135,0.0469121261830023,0.507018544172365,0.0043388699076456,0.680451050265945,0.0590002683597113,0.513200713147013,0.00880865979267699,0.792032315355831,0.105892442316727,0.511384209284626,0.0078997177522288
433,50.5,29.011491975882,0.66622044400864,0.0602265598923349,0.502792218122861,0.00301634994919982,0.64779190478337,0.0452251895090856,0.515909149571387,0.0158836790633847,0.787241578913662,0.109296964382872,0.519663877243193,0.0132922761376574,0.631488467147922,0.0485562723972943,0.5062346708307,0.004011261935133,0.680149179730323,0.0588334979493446,0.512766790433761,0.00909692801485796,0.791784469076103,0.107171893985413,0.511032376362236,0.00713583847861731
434,50.5,29.011491975882,0.667149708031499,0.0615507290302893,0.502725723351501,0.00300449560340052,0.647904996648072,0.0449822037199568,0.51482249273437,0.0136671598279491,0.78834387178836,0.10997614716478,0.520006730233916,0.0135866902860497,0.631982862854498,0.0491215215874285,0.506811544860387,0.00472046002965755,0.679349712114615,0.058479507516158,0.511411063185074,0.00744872642915462,0.792044220804505,0.107891321858453,0.510591150780842,0.00688969441794485
435,50.5,29.011491975882,0.666211031839678,0.0615514247032122,0.503070269676424,0.00340409424236433,0.648138425228105,0.0442140012261536,0.515575678570078,0.0134715994996468,0.792662088420297,0.108070787835828,0.518914464493372,0.0134540590622268,0.631037483028155,0.0492218323470767,0.507320625382095,0.00553032140947671,0.678328365597474,0.0576457476039096,0.511980481073161,0.00832266842530413,0.794002570645424,0.10787510166746,0.510287212029804,0.00631998758349732
436,50.5,29.011491975882,0.663912113060277,0.0615420219307111,0.503165753275256,0.00389495308928989,0.648789916370816,0.0429408160408975,0.514767670656583,0.0142752960907899,0.794870109884402,0.104332276941103,0.518631442624686,0.0110337731474197,0.629559075266104,0.0493168308812093,0.507335227657742,0.0041847804110159,0.678230028354356,0.0565707270806608,0.511838922397713,0.00853810295284792,0.795331233039005,0.105599850099846,0.510228811795796,0.006332728355041
437,50.5,29.011491975882,0.662624191172002,0.0629223208600703,0.502874503426576,0.00257164915686428,0.649094089680604,0.0420153277703217,0.51393682787259,0.0134858879748732,0.796244205381376,0.101681314326795,0.519645340102118,0.0111816438731007,0.628273027355063,0.0502748114386924,0.507757189278036,0.00493105511021099,0.678875710673026,0.0550847644940071,0.51231835955891,0.00880773336591034,0.795436663459682,0.101347649363096,0.510193190301853,0.00728731052825147
438,50.5,29.011491975882,0.661033078356158,0.0651602752259892,0.502404110828863,0.00189718156855435,0.649305985785945,0.0413948001453868,0.513295627044628,0.0126773441690342,0.799301610078758,0.0980226328850116,0.519725223490357,0.0119518402575275,0.626949921975139,0.0512950523481105,0.507037370602253,0.00510470736866145,0.679536980072392,0.0542366268910325,0.512525120059244,0.00951550251619237,0.795910709384069,0.0980223707610057,0.511001883699369,0.00677116160653453
439,50.5,29.011491975882,0.658781242864797,0.0666390636955373,0.503584614473703,0.00374111333376008,0.648407639258289,0.0410399503977521,0.512314832574052,0.0122357818590466,0.800327801615169,0.0976074687407122,0.519241602163384,0.0111310425299031,0.625997908463646,0.0526044852538324,0.506261353595743,0.00348510017287489,0.678766344925821,0.0527325200360046,0.512045576365761,0.0092791514276515,0.799994117793828,0.0977366663742588,0.511064303553246,0.00723204128943102
440,50.5,29.011491975882,0.658051531825358,0.0683524644713765,0.502767114721203,0.00277914780642348,0.648788057219553,0.0417025985789254,0.512878990744578,0.012415309428271,0.801765030945517,0.0957437268411468,0.519015517343621,0.0115395473459557,0.625293876326293,0.0537948838564367,0.506819580057334,0.00511120255964015,0.67794636001813,0.0522252581179008,0.511557070613992,0.00899681974029169,0.798950803537953,0.0962977685224639,0.511017757238764,0.00816051656745886
441,50.5,29.011491975882,0.658225074696045,0.0683754641751691,0.502921172406389,0.00311530367851812,0.647826401295823,0.0430203595047191,0.512766475186806,0.0114717111681645,0.800035787028278,0.0972170281621102,0.520032677858155,0.0129090842542908,0.625826021100014,0.0539072966700745,0.50508228129482,0.00245148206159451,0.678313319056733,0.0537247855686959,0.512658329167007,0.0108679025873888,0.798532764004111,0.0936741714475488,0.511268772390695,0.0076327470363347
442,50.5,29.011491975882,0.659050373592604,0.0672892372625199,0.502505846622019,0.00197685705224332,0.647327557854419,0.045094426846237,0.512556566262888,0.0112932250773556,0.803354401126863,0.0979834940708843,0.518304984384044,0.0112229673071885,0.625345952381772,0.0524278249406525,0.506646032054745,0.0049564819945904,0.676337805281967,0.0550559984826283,0.513475614544568,0.0117416613333714,0.797390532004496,0.093184293266474,0.510738812649746,0.00692945036993623
443,50.5,29.011491975882,0.66066888374989,0.065582568834027,0.502870302503634,0.00273797567583944,0.646434651432682,0.0469016382912431,0.511536520133755,0.0109393747469108,0.803979806376277,0.0955045167393979,0.518040550160022,0.0118776473897042,0.627076688104335,0.0497684489375534,0.506444153778019,0.00442268205182761,0.675514062936513,0.0566049764366446,0.512061299267607,0.00916708342037423,0.800655376731382,0.0907488715972278,0.510660499856255,0.00717240503623634
444,50.5,29.011491975882,0.663114056513736,0.0630918011637131,0.502751708358377,0.00277918806349449,0.645080436556844,0.0481033033210039,0.509526631015575,0.00947087752098688,0.803688111139853,0.0940694933838399,0.521142833153887,0.0160780922050713,0.628923549724784,0.0468996358602659,0.505647347036182,0.00342553705145721,0.674916364166311,0.05834546813526,0.512413522838579,0.00926183196075813,0.80199062348745,0.0891567650218443,0.510011270591398,0.00659467405290305
445,50.5,29.011491975882,0.664993193205507,0.0595758418425135,0.502722998485352,0.00286361309603633,0.6446555645023,0.0487484473832561,0.510958342229913,0.010571164625915,0.807363707997108,0.0936510842494601,0.517263465205005,0.0108765748808064,0.629792544022647,0.0432602810220914,0.50635782056423,0.0045211190094716,0.674550869668062,0.0595036670770508,0.512966190194291,0.0090784902539158,0.802383576168283,0.0865609978906338,0.509707948189801,0.0061137126934283
446,50.5,29.011491975882,0.667346390172473,0.0560990527321419,0.502529219514123,0.0021867359079317,0.644602769473362,0.0487019100858454,0.511134333660884,0.0120092410306703,0.805928041522261,0.0946583186129779,0.519178182391222,0.0131698323046847,0.631184949056479,0.0398948350061131,0.506835599678106,0.00406662663665713,0.675499515017316,0.0602810266587533,0.513990610980852,0.00888764733535925,0.801931999890334,0.0830252995628975,0.510383382023676,0.00620351885598927
447,50.5,29.011491975882,0.669502492906732,0.0518265571033176,0.502831600626919,0.00263973093640611,0.644524275121434,0.0480043529410446,0.509248342843241,0.00964273773583795,0.806312592283843,0.0935848679786851,0.519374025771909,0.0158806164306085,0.632290704647227,0.0368747845177089,0.506014448678221,0.00324840321727716,0.67668983814961,0.0605416379804155,0.515128218445008,0.0111076748939781,0.804208442353949,0.0838043901793193,0.510068617500277,0.00616308418941423
448,50.5,29.011491975882,0.670270803559915,0.0481372300569657,0.503874262243031,0.004180226356928,0.644197946953418,0.0467527652024803,0.510181983592062,0.0107899400084939,0.807769421474431,0.0921205579544912,0.519709432814448,0.0141943595653116,0.633680441016412,0.0349644317166719,0.506828241380097,0.00399364319372121,0.678086119024961,0.0592430316873045,0.512553668713253,0.00879119893004342,0.808495506031187,0.0837447383016139,0.509500136706585,0.00559849534237551
449,50.5,29.011491975882,0.671882930401438,0.045950623535829,0.502534148144425,0.00246303097078495,0.646400055418598,0.0455698853190634,0.510945543723731,0.0115711711256798,0.80983052917493,0.0915923058527126,0.518593397518568,0.0107331859116755,0.635178450994892,0.0331695431880158,0.50649736525867,0.00410577824804924,0.679522963828182,0.0567295858571625,0.511620733408355,0.00868314130761086,0.811334356573982,0.0840706982478469,0.510018759122011,0.00640332570586449
450,50.5,29.011491975882,0.673342697946973,0.0441293449191296,0.50284135574693,0.00291552937522463,0.647293348164902,0.0440482189264279,0.510606498762479,0.0107583483671024,0.808767243246739,0.0907175022629789,0.519187413309361,0.0142071211755963,0.634856084468879,0.0320829643034162,0.507085916605353,0.00564291471346128,0.681340832232938,0.0548620315767092,0.514679731742561,0.0111002858949985,0.811355037016477,0.0807943996223386,0.509829933022456,0.0057999610608951
451,50.5,29.011491975882,0.672805648909873,0.0430530518413928,0.503264763058589,0.00333587952835979,0.648555842720948,0.0428767459109796,0.50963070467246,0.0100629160671644,0.812406315756114,0.0860592536281245,0.517881041060916,0.0109226822052248,0.635396130571467,0.0314885662043121,0.507444348211831,0.00456383958327282,0.682067977331869,0.0530863095440864,0.512677439110822,0.00909271109821666,0.814513500935246,0.0783237776062914,0.510961682889741,0.00838799097361612
452,50.5,29.011491975882,0.673064675250026,0.0433957543411976,0.50321260405869,0.00320708697827721,0.649585053468453,0.0428017207391866,0.50907425343616,0.00957913878496454,0.814055469265647,0.082931095146484,0.517475039804355,0.0106834372202915,0.635842843258681,0.0315991532340717,0.506359819589244,0.00403204181064332,0.684243663262836,0.053099463075647,0.513111945264268,0.00812315907646909,0.815487026121726,0.0759988858415186,0.510812368921757,0.00844604398639265
453,50.5,29.011491975882,0.673789330033163,0.0441435162957903,0.503089637052896,0.00319944969464016,0.650375435439688,0.0433401142003646,0.50981726630714,0.010252261155514,0.815050311279712,0.077073531702364,0.517845996672728,0.0109012407330053,0.635086413639816,0.0315209989531656,0.508382345472636,0.00498254211296991,0.683906485063143,0.0530958291238582,0.512456076626442,0.00878561212018753,0.816457631926774,0.0732946513861042,0.510983179185882,0.00816446977078439
454,50.5,29.011491975882,0.674137549271606,0.0434923939056295,0.503378227216526,0.00352883221307605,0.650349239250132,0.0439841157832135,0.509500912645589,0.00981761453792731,0.817757734155032,0.0730515053882096,0.518065911965126,0.0111356742549976,0.636674989280631,0.030942794414363,0.507964358455567,0.006424511980734,0.683698784035796,0.0540401757157922,0.511668145428495,0.0080478325094125,0.818250528902779,0.0701796175436037,0.511604176271626,0.00777888312265984
455,50.5,29.011491975882,0.675065903546139,0.041929345029392,0.50327811150762,0.00325278847697914,0.651115807348926,0.0441886854361194,0.508782515937971,0.00979708464463552,0.816570139133203,0.0712441350814823,0.517998320863918,0.0122624579417033,0.637056399047217,0.0292040957010994,0.50710661601024,0.00436596540739259,0.683939678793163,0.0547490002262599,0.512238372116983,0.00827060780609405,0.816629101809309,0.0676304851754529,0.512336555581354,0.00862300275225632
456,50.5,29.011491975882,0.674267729133048,0.0406396664693112,0.502980727870835,0.00300240039201338,0.650571498729421,0.0439848546676813,0.510005419045566,0.0110447884883472,0.81320799251678,0.069276437370578,0.520492824075865,0.0146638661776253,0.637286140567524,0.0292412627332788,0.506662742842585,0.00388311180454431,0.683988466397494,0.0545551037466978,0.510914217734391,0.00829788661497237,0.815907187400832,0.0659122189215876,0.511936611234836,0.00821185907994192
457,50.5,29.011491975882,0.673826395506323,0.0414649584614721,0.503167981066625,0.00284190457599061,0.651128584679297,0.0429177987265731,0.508764607677614,0.00927592996589681,0.814775267383198,0.0699976397285061,0.520089256836607,0.0130954976726017,0.636460068609408,0.0302070146091,0.506554344676052,0.00479272047350662,0.684942116210874,0.0541638539637138,0.51289332830233,0.0109105599172792,0.812677125614027,0.0653943788229895,0.511743641591004,0.0077512048304784
458,50.5,29.011491975882,0.673077159837771,0.0432116211780151,0.502743605107646,0.00257570525908685,0.650776083982415,0.0418046209869507,0.511629693745803,0.0119020908497654,0.812273033398703,0.070461519422534,0.52133755065086,0.0152983828545326,0.635977769928007,0.0310650506904455,0.506911299395431,0.00394292095917169,0.684381181536627,0.0525547691465147,0.512087508835279,0.0104078608224588,0.813518870970813,0.0667078817669197,0.511372703092832,0.00726433799291324
459,50.5,29.011491975882,0.672043721236609,0.0442271309819264,0.502952798941015,0.00296381778622526,0.650682804240864,0.040733622077025,0.511423558681697,0.0114019440033165,0.815146817046194,0.0697702465078506,0.519379451326358,0.0116899350441944,0.636164983598594,0.0326679338032835,0.506188787173266,0.00284404879883449,0.684487936087394,0.0509277506964664,0.510719603766581,0.00954835232226687,0.812939271997714,0.0656233495765865,0.51116107077075,0.00679564681055756
460,50.5,29.011491975882,0.671069265656266,0.0458849420465882,0.50232598368982,0.00204427264086037,0.650890676340969,0.0401852861926426,0.510954790103404,0.0121209346454567,0.815883040373355,0.0707439688366838,0.518479236223307,0.011025249179864,0.634627545751773,0.0348003147430103,0.507745311986843,0.00466853560466825,0.683914407486445,0.049136755931655,0.510851024807394,0.00922620241290849,0.811313126732115,0.0659742569071984,0.51135382665236,0.00670787584883993
461,50.5,29.011491975882,0.669007353861315,0.0478173808960913,0.504115465306324,0.00470961470123641,0.65006293122741,0.039516582008818,0.510717542692708,0.0127082725889555,0.815390352516619,0.073788638085128,0.517892106269054,0.0109215664437055,0.634372884964495,0.0367804979001048,0.507595898740363,0.00424247126640584,0.684402791142077,0.0483782747033669,0.509289449627304,0.00807747987326521,0.81358675785954,0.064235668866702,0.510852874214147,0.00633970193398147
462,50.5,29.011491975882,0.668689160124303,0.0489356342638199,0.501964016397854,0.00152597223789561,0.650466250945744,0.0411413407207632,0.511781138058447,0.0152797028090722,0.816255271836393,0.0727205390354247,0.51917559868674,0.0106680123790958,0.633322511945722,0.0376143906153444,0.50724150462667,0.0048501550170871,0.684375479828234,0.0499212582461592,0.512837798016476,0.0112971117920579,0.809120419213921,0.0620059118729349,0.510442317815993,0.00598530204675348
463,50.5,29.011491975882,0.667841302555137,0.0492251982648758,0.502520423049593,0.00278224926932462,0.649602960383593,0.0424618307201827,0.51121417240381,0.0143848692924217,0.81479297409105,0.0728503120261833,0.518860552576586,0.0103376655022635,0.63384877133117,0.0386005639484292,0.508449447590112,0.00474434808223222,0.683376392784783,0.0518574139745834,0.512150132892313,0.0103706511754939,0.810607786507093,0.0601214963244039,0.509533483077457,0.00576856686579903
464,50.5,29.011491975882,0.66778536385726,0.050102769694812,0.502713402397656,0.00306882060852124,0.648514611982516,0.0440571404908314,0.51021416388949,0.0141601874562409,0.813714340915498,0.0745863039273102,0.519252111742353,0.0111935668407966,0.634673803554233,0.0399928716759054,0.506859624503259,0.00313440566571412,0.682422019002772,0.0535816354270342,0.51159413539197,0.0102162378200485,0.811560272491846,0.0594117664879192,0.510926371904336,0.00636208933011758
465,50.5,29.011491975882,0.667620952002953,0.0501156806771329,0.503847640553414,0.00450757904880672,0.647567327505118,0.0449030249475851,0.509431752002727,0.0143325591719259,0.814386719319804,0.0748955116776537,0.518182236177435,0.00979149433737921,0.634702267732872,0.0399094826337328,0.507980065851132,0.0044057593107285,0.680563712804228,0.0546710361514079,0.511328289899377,0.00965869407065482,0.81314785486474,0.0580034660658105,0.511072978258683,0.0060564148929146
466,50.5,29.011491975882,0.668388048859588,0.0502173964499581,0.502168873679392,0.00192294675838284,0.647860605450065,0.0464680781490963,0.511364972375668,0.0157004405112939,0.813797740044101,0.0723706991302808,0.518691104410751,0.0114519493672168,0.634720583510905,0.0402193004876897,0.50782873995734,0.00504653422760799,0.68015765212045,0.056113499246535,0.511474955797238,0.00956659090544587,0.815004052819502,0.0567792876928109,0.510233263097279,0.00549444552929388
467,50.5,29.011491975882,0.668181794797933,0.0508237821469811,0.502662646662751,0.00307238357169332,0.647177843306854,0.0467583386164841,0.511092846805421,0.0150247649529574,0.810906127531968,0.0724678047181034,0.519861075783436,0.012567927513816,0.634998644761444,0.0405836975338324,0.507101539207077,0.00478364973705776,0.680279310657288,0.0571148285423404,0.513106908554192,0.0096888619877073,0.813848613282598,0.0576728078725186,0.510586911025556,0.00597100138785252
468,50.5,29.011491975882,0.668521562803907,0.0513743868893518,0.502695091647817,0.00311331210656895,0.647961234972691,0.0463776011987368,0.511473676485256,0.0141013931865064,0.812748298589883,0.0734295621928826,0.519139608767417,0.0114589097912494,0.634366783198515,0.0405350330190498,0.50683350173083,0.0043030647654963,0.681568916406335,0.0582316061558065,0.516513037213583,0.01271387144011,0.809899041552448,0.0578378274558488,0.511411140853709,0.00752004444729012
469,50.5,29.011491975882,0.668287369095959,0.0523247806339893,0.502479408414588,0.00282291664807308,0.648818422492377,0.0458042584984272,0.511772367260089,0.0139635144653851,0.812198924684853,0.0739940112518961,0.518125654036415,0.0107505738433073,0.635149224684805,0.0410292195020915,0.507896453991801,0.00457071975258838,0.68053190093169,0.0576077031388356,0.512140461501518,0.00962140757654916,0.814457063899753,0.0598811697370316,0.510916608665576,0.00710149052023851
470,50.5,29.011491975882,0.668592673514198,0.0522228873869269,0.50299346854666,0.00346457760426778,0.649380223097055,0.0452691383770494,0.511093068617986,0.0129958193368257,0.811269648865488,0.0731866119984924,0.518731099803181,0.0106441922809557,0.63495795912562,0.0405985546666777,0.50815355834295,0.00518528252961123,0.681175670161513,0.0570586731145058,0.513642610560174,0.0120620600270955,0.811276323860171,0.062689553738193,0.511028572090505,0.00768403076052563
471,50.5,29.011491975882,0.66942549370446,0.0515082060011619,0.502827992845997,0.00284012944900567,0.650176516268176,0.044669885743862,0.512555588275581,0.0142688418822134,0.812835329825096,0.0726983556743065,0.519551370681427,0.0123410197942734,0.635918908142384,0.0400901996633634,0.507338567449961,0.00396389870624867,0.682546625508477,0.0567508160289887,0.512545117798827,0.0102586490253062,0.813932757368881,0.0644299648647262,0.511281655471154,0.00753217549371919
472,50.5,29.011491975882,0.670446016584444,0.0506521031320876,0.502832403193158,0.00403007616404292,0.650388768167835,0.0444696128546018,0.512965840341159,0.0140404835318751,0.811428090929088,0.0748081812434584,0.522255801484758,0.0144018635905792,0.63602754992051,0.0392242762039939,0.507615626826213,0.00502748442294511,0.682572561005808,0.056460259884435,0.513105207991408,0.00965266844207534,0.813622901811248,0.0678470946987705,0.510672694680402,0.00684042195739783
473,50.5,29.011491975882,0.670340408886814,0.0495072839171747,0.50282886709651,0.00310664956809156,0.650850399468645,0.0434450499276444,0.513838504362069,0.0149979237290197,0.814349802517238,0.0760377839125044,0.5198755747921,0.0121042901383261,0.63599222512194,0.0378002503180388,0.508180454647533,0.00487906199492225,0.68297973306823,0.0547998464628375,0.512518507303669,0.00845681323476315,0.814893859631293,0.0705727267394471,0.510511878479211,0.00706564963801337
474,50.5,29.011491975882,0.670577235720075,0.0486177036900402,0.502549915317844,0.00313798370876111,0.651394385793233,0.041492794748049,0.513919324491824,0.0148456360564781,0.811719307202113,0.0777979460603993,0.522467472066189,0.0162502047399417,0.636008958340081,0.0375872317128809,0.506597520458167,0.00401872335682245,0.685447373373813,0.0529510475944992,0.513803695797102,0.0107850466722003,0.812773161002353,0.0739457546052072,0.5109804225697,0.00713609481103665
475,50.5,29.011491975882,0.671075070344356,0.0476540184902018,0.502351517892965,0.00221496064587724,0.652485713682909,0.0392357551872265,0.513931694979576,0.0139270690174681,0.810890353288041,0.0808207632795959,0.520820171977857,0.0138865237437495,0.636525465767057,0.036733601687633,0.506705140638311,0.00440186661037238,0.685819358819348,0.0503275231465957,0.513442911480728,0.0102794253300134,0.813215355934637,0.0767804687761553,0.510835981856142,0.00691854251742251
476,50.5,29.011491975882,0.670324579091599,0.0470260638618358,0.502691900000347,0.00277215346147995,0.652921607274152,0.0375865360675015,0.513228333742776,0.0131700279333157,0.813458460053607,0.0839465199638045,0.519171079503596,0.0101800084961863,0.636540213743752,0.0371526719433512,0.506789737297015,0.00452599347508407,0.6868832711468,0.0472794347508175,0.511968900080603,0.00844430536480715,0.814076932337877,0.0784640979561656,0.510699326308309,0.00698982573025591
477,50.5,29.011491975882,0.670037182662314,0.0462206512323687,0.502598568685335,0.00271251377100704,0.652916508916214,0.0361665485649385,0.512177299630114,0.0121476205356608,0.813795408798152,0.0868862445838727,0.51937637757469,0.011022814229176,0.635685227984779,0.0365957732791061,0.507549277883488,0.00491393404612523,0.686912797369731,0.0453350886229434,0.514709099980465,0.0100247325471304,0.810419564478949,0.0785409445806078,0.511416343849772,0.00744784890444356
478,50.5,29.011491975882,0.67118244838453,0.0455715924384859,0.502615020653714,0.00301197916788222,0.652737716771846,0.0356255947446724,0.51186449865456,0.0131454073083682,0.81419083821705,0.0877166573128104,0.518367387075603,0.0107209287698447,0.63689553281243,0.0359372740890275,0.507493500776536,0.00506451894844361,0.686335377271642,0.044004073579529,0.511820764495436,0.00719172911339503,0.813375415119064,0.0798032629828076,0.511041809186597,0.00624462210439301
479,50.5,29.011491975882,0.671874355467611,0.0448843463733956,0.503058708269087,0.00336914231575547,0.651837047484897,0.0360339244352896,0.511103125133344,0.0120209137893296,0.813391072611419,0.0887560286717654,0.520548717735527,0.0165832782350091,0.637389169991762,0.0350851575940545,0.506361401615196,0.00407736182077288,0.687064682921546,0.0444966691343049,0.514168271227066,0.0101160947689609,0.811095331854245,0.0803871030012956,0.510851008191804,0.0062113999560867
480,50.5,29.011491975882,0.672472127457664,0.0432223228568696,0.502653224708707,0.00260631232432985,0.652190158142741,0.0371432237005161,0.512517088037873,0.013970670577521,0.816211923966346,0.0867224779466539,0.518273308112889,0.0121086879861636,0.637723275620383,0.0334195622961043,0.507381828408862,0.00420951894470682,0.685974557439117,0.0452305023141641,0.512359028127931,0.00981871581927298,0.813367827333345,0.0808427328517585,0.510763536744857,0.00611661941126269
481,50.5,29.011491975882,0.673157296329857,0.0423133785031564,0.502287596004253,0.00199929359183479,0.652418153200037,0.0383270202503785,0.511855849261256,0.0128889359375358,0.817457050220873,0.0872407116601207,0.517602061976467,0.0101287610526243,0.637534516814124,0.0322505867376953,0.508263161921322,0.00553502715039363,0.685544900611408,0.0463007226040363,0.512666958021401,0.00838493800683728,0.812964960776186,0.0820372666794404,0.510448556013184,0.00573511275655954
482,50.5,29.011491975882,0.674119560062977,0.0408422461293166,0.502720174648595,0.00256194125503157,0.652698234386181,0.0388368316265521,0.511352351541433,0.0123516612253619,0.818132653807903,0.0902054579091964,0.517069661112759,0.0096014132355883,0.637911451485123,0.0315919248264946,0.506398340433403,0.00350768168910738,0.686715113526533,0.0473005756024026,0.513957370955244,0.0111969842673975,0.813017408512401,0.083773526743608,0.511376467591471,0.00668440953534158
483,50.5,29.011491975882,0.674857834424898,0.0389517669523719,0.502936036552335,0.00294680870612278,0.653477091655699,0.039402466474481,0.511333910965132,0.0116352251057802,0.816598286179436,0.0904146476221697,0.517030731083628,0.00957532149108199,0.6382267602682,0.0309611332607663,0.506714339411844,0.00339455821969069,0.687430543369681,0.0473386163838707,0.515037964982588,0.0104466741321903,0.812272451646366,0.0850445589420541,0.511356281900552,0.0065947812990343
484,50.5,29.011491975882,0.675598489294334,0.0375938321030346,0.502124757506132,0.0017801357054029,0.654264064534029,0.0387208888323715,0.511492418292249,0.0117460064113734,0.815799640792928,0.0931663506228178,0.518912925547301,0.0133755305544521,0.63855036899255,0.029598740545392,0.506230611144609,0.00365329683895405,0.688212330636299,0.0473147257985419,0.51621376842461,0.0124273615613703,0.81046029275018,0.0870375259520916,0.512071774186597,0.00704197342746476
485,50.5,29.011491975882,0.676046160664315,0.036232384245863,0.503105402553652,0.00372516450484604,0.655255610823545,0.0374175227522306,0.510807577967006,0.0105899038655995,0.814463509421918,0.0933426892055777,0.517776441355068,0.0136059839685862,0.639195246212504,0.0293812412022803,0.508462202727004,0.00529892214007316,0.687835358031927,0.0448913082472891,0.513747355653891,0.0101729072345017,0.81249937297135,0.0893626041850855,0.510982669037605,0.00525204839610565
486,50.5,29.011491975882,0.677318816360127,0.0346309840909097,0.502668476535228,0.00254922751117045,0.656415888127189,0.0362192374089533,0.511459530949625,0.0109493486367927,0.815682102581614,0.093935765648825,0.516141771229644,0.00848107691733734,0.640440451675635,0.0287706361197822,0.507741609177017,0.00414071989696632,0.688210434326258,0.0428229587895559,0.512243073308386,0.00711279252964227,0.814730788331411,0.0899906716671565,0.511488854441747,0.00643333677769263
487,50.5,29.011491975882,0.678440856748933,0.0336096806629322,0.502924593116563,0.00298235893339972,0.656302232478186,0.0348844324130817,0.510674466738581,0.00984000634198881,0.817215239061385,0.0938079767468042,0.516430398563172,0.00913942126841505,0.640613737017307,0.0282145782185014,0.507736416369213,0.00521779265769016,0.688107656669866,0.0405126006068225,0.512281298255026,0.00738351260481452,0.815349449053617,0.0891267314073642,0.511400514566147,0.00569230855030807
488,50.5,29.011491975882,0.679342134378994,0.0326845173632197,0.503102163532518,0.00302269068902975,0.656747377820003,0.0343378450856127,0.510935100556286,0.0118283366880993,0.815580004290291,0.0925284064989307,0.516519538090524,0.00949108653950536,0.640947526334557,0.0275919741343627,0.50650751990395,0.003468775679947,0.689260605404931,0.0400564189279566,0.513764862588284,0.00926932187970018,0.815018734952259,0.0873510729129873,0.511959403106357,0.00643002830854502
489,50.5,29.011491975882,0.680316054282477,0.0312474513665923,0.502213125560857,0.00160115127758775,0.657183850666092,0.0341389291875208,0.510440620183021,0.0116053088322262,0.816952089740596,0.0904822818247812,0.517554507239947,0.0123305361714351,0.641553750384038,0.0263499424254262,0.506752057567509,0.00421755665140816,0.688407977549473,0.0405286583258608,0.513273521493518,0.00878997264798686,0.815798169162069,0.087323460471258,0.512004876843475,0.00655943335293699
490,50.5,29.011491975882,0.679970596248047,0.03034376808097,0.503064271091656,0.0031463017517096,0.65727066190732,0.0344780095120049,0.509988763204423,0.0113544378381771,0.817821538709144,0.0877712469410264,0.516233160832642,0.0108431085801112,0.641369090334932,0.0254681785724011,0.506675229102704,0.00362571108560525,0.688959917738469,0.0405532595541805,0.514020580891133,0.00939985637052971,0.815200386592278,0.08554966442597,0.511437278825465,0.00625235162011444
491,50.5,29.011491975882,0.678987225094804,0.030857849098466,0.503084059400948,0.00354147820622914,0.65782422768845,0.0338883088633359,0.510282467364604,0.0133106061437746,0.81548212174361,0.0887649489742662,0.516478268183228,0.0115253787832554,0.640187837018772,0.0250771155882048,0.506635966863068,0.00427609395916655,0.690163750781906,0.0404020069894736,0.516230914174258,0.010421467616881,0.813368750404562,0.0851765783763929,0.510915288246465,0.00573579664781786
492,50.5,29.011491975882,0.678447977868649,0.0319937555962286,0.502933959218034,0.00372666138211508,0.658587719526243,0.0339732592082463,0.51162164088425,0.0142596874165398,0.813717337812513,0.0906734395727481,0.516915491606493,0.0129264038851176,0.64089664920957,0.0260748159136183,0.507109860455408,0.00432937182459412,0.689958831821068,0.0409053087343256,0.512976620132651,0.00806261519292169,0.815096505308451,0.0873251649519685,0.510304209085185,0.00515085412390081
493,50.5,29.011491975882,0.67847403849764,0.0332324988223468,0.502550385985604,0.00265419369837294,0.658714043084809,0.0347003472138588,0.510817413519534,0.0121760784270774,0.813772458212576,0.0933050017809117,0.518256680536003,0.0138916786727292,0.640045028026194,0.0266513970673127,0.507339749886863,0.00479257309220248,0.690239359268517,0.0422700111693828,0.515657679709246,0.00934916769337821,0.811913625348808,0.0894778848115852,0.510230052102821,0.00537405954367298
494,50.5,29.011491975882,0.677836870758636,0.034296060997676,0.503767699397864,0.00419331036427435,0.658451690371725,0.0351897093764406,0.510779441220371,0.0126636807912944,0.812579329387222,0.096558649604807,0.517927177780428,0.0129415141091088,0.640746059823282,0.0269898331191527,0.5073209317464,0.00437571088625999,0.690316370346698,0.0439122198440123,0.513630356716311,0.0100654013413382,0.81211278658962,0.0919778666769445,0.510160760389789,0.00581248287947043
495,50.5,29.011491975882,0.678148438790098,0.0339487224847156,0.503120448675526,0.00311688902880093,0.65810423641717,0.0361139577574187,0.511844702175037,0.0129067430532694,0.81299757042297,0.0983034346850594,0.520195151638989,0.01459797230392,0.641304689365838,0.0270626626327138,0.507230835318908,0.00494107363680496,0.689997134411811,0.0450149545343591,0.514388001592661,0.00817481811063439,0.812995933889518,0.0927638637339755,0.51047009885209,0.00644243860691395
496,50.5,29.011491975882,0.679213128459357,0.0335989597928376,0.503135444517265,0.00327530340260932,0.656903699369242,0.0368950861952392,0.5123147868659,0.0132354998631209,0.81020328057288,0.0979860364882276,0.521147315089199,0.0162994490982965,0.642107735767175,0.0265544545123205,0.506729801541278,0.00363839202018744,0.690443799512346,0.0468817348788093,0.515282353434056,0.00802685154876258,0.812112157780863,0.0943998454588214,0.509618907391628,0.0048225718135281
497,50.5,29.011491975882,0.679461019806008,0.0325598163458331,0.50263872503856,0.00284442425048947,0.655343867510831,0.0378804534181866,0.512527809080424,0.0139289868647419,0.810145515149695,0.0986996530382859,0.519104812866444,0.0114414537972075,0.64277587014404,0.0256828863354318,0.507361567082756,0.00527358315891111,0.688257910009357,0.0474979634676405,0.514098661432668,0.00913069027012013,0.811712460784921,0.0963260050875275,0.509973751761209,0.00614424821454058
498,50.5,29.011491975882,0.679325427443356,0.0314543516893963,0.502825391030928,0.00276170264702474,0.652454084610523,0.0388060759965455,0.512132306792417,0.0142848357008291,0.806665863120803,0.100784134522463,0.521163512928889,0.0180158844678773,0.642687042693763,0.0249770105392565,0.507154457861703,0.00469936173555678,0.685296776013562,0.0488142776692415,0.514455694939407,0.00810182004962317,0.808726214194954,0.0968367147311384,0.510352454310951,0.00766534316823404
499,50.5,29.011491975882,0.679252051025305,0.0314437277999545,0.502536454257258,0.00259371151508649,0.650931678286785,0.0416133217001303,0.513205754321497,0.0139785455928598,0.806062222808552,0.103859541292872,0.518033503186061,0.0112171468996224,0.642092372699221,0.0256566912389674,0.507395965761536,0.00428711033650472,0.682759523878043,0.0511328035225013,0.514522086065124,0.0107298798009905,0.80803682993732,0.10016224218724,0.509260194630134,0.0055045887851379
