"timestep","episode_mean","episode_sd","group0_trust_in_sp0_mean","group0_trust_in_sp0_sd","group0_trust_in_sp1_mean","group0_trust_in_sp1_sd","group0_trust_in_sp2_mean","group0_trust_in_sp2_sd","group1_trust_in_sp0_mean","group1_trust_in_sp0_sd","group1_trust_in_sp1_mean","group1_trust_in_sp1_sd","group1_trust_in_sp2_mean","group1_trust_in_sp2_sd","group2_trust_in_sp0_mean","group2_trust_in_sp0_sd","group2_trust_in_sp1_mean","group2_trust_in_sp1_sd","group2_trust_in_sp2_mean","group2_trust_in_sp2_sd","group3_trust_in_sp0_mean","group3_trust_in_sp0_sd","group3_trust_in_sp1_mean","group3_trust_in_sp1_sd","group3_trust_in_sp2_mean","group3_trust_in_sp2_sd"
0,50.5,29.011491975882,0.5,0,0.5,0,0.5,0,0.5,0,0.5,0,0.5,0,0.5,0,0.5,0,0.5,0,0.5,0,0.5,0,0.5,0
1,50.5,29.011491975882,0.588968803418804,0.0027635988812358,0.500414957264957,0.0011588093634917,0.575986217948718,0.00267079456350064,0.500952380952381,0.00385232291280453,0.660952380952381,0.00718349298348942,0.503809523809524,0.00651831081045613,0.567615421089105,0.0019885645655895,0.500799023720076,0.00147177876804523,0.593998917946286,0.00195844186967054,0.502026348039216,0.00364990749439552,0.659110416666667,0.00464309041129398,0.501369362745098,0.00247654519525623
2,50.5,29.011491975882,0.627057334670929,0.0050759934078191,0.500304487179487,0.000652425006891613,0.607124003037929,0.0153169674439735,0.502483579638752,0.00676992004053449,0.731802366216159,0.0144381543306071,0.504286398467433,0.00619953006809468,0.595630151667147,0.00611196668479153,0.502154211076485,0.00313156945631434,0.632562760695596,0.0186539568268568,0.504682199836168,0.006848370807576,0.725567050458557,0.0119712418211656,0.502116479971741,0.00323311476091517
3,50.5,29.011491975882,0.645555838943935,0.0127328162205535,0.50105986471551,0.00205772714246754,0.621631178524856,0.0252900828072554,0.50286197595576,0.00650500753047984,0.769355802058818,0.0236144321614498,0.504815735419123,0.00598920594226929,0.610006283341862,0.00990866023073656,0.50355562134227,0.00390611780561542,0.651429614920648,0.0312013435721244,0.505283842711772,0.00567076232728718,0.762845503333513,0.0149365207106433,0.502454396589979,0.00290509596377772
4,50.5,29.011491975882,0.656227339953275,0.0192464595839485,0.502022760073609,0.00292726041419764,0.628401017633668,0.0340007021134461,0.503084598699027,0.00680218659541619,0.787811422446735,0.0292815980819183,0.50969651191998,0.0117093862878243,0.619480047241744,0.0142234564410331,0.504873688886875,0.00431988077631416,0.660627739545152,0.0428924279848533,0.505526250598081,0.00593232449026862,0.787203812738312,0.0179559912016622,0.502695187228949,0.00376557273670411
5,50.5,29.011491975882,0.66100079078819,0.0264557249271183,0.501057132775367,0.00200889136383222,0.634825166444516,0.0396383253198244,0.504188172945155,0.0084460934997444,0.801334253598459,0.0367330679382681,0.509870324226689,0.0107844932759091,0.624848100512305,0.0201041535345497,0.503299739614736,0.00272466658171183,0.667822661695415,0.0503375613632577,0.509415776107197,0.00803749880908149,0.796950305411618,0.0261644256162511,0.503764031466409,0.00435818505136939
6,50.5,29.011491975882,0.662123947448364,0.0348100520232006,0.501521649413876,0.00226713778924703,0.63775618213754,0.0434274309679394,0.50346393738279,0.00695521817881582,0.799574335773813,0.0536127502959997,0.513229457215104,0.01401932467806,0.626387383737559,0.0274901744137749,0.503947000629642,0.00284108028429939,0.672352287483986,0.0553078156094361,0.509885976477239,0.00929553136894443,0.800871439074383,0.0470022414236104,0.503803011529963,0.00458683374682928
7,50.5,29.011491975882,0.662138438748252,0.0414182690853257,0.501865344106879,0.00264202867273002,0.63895047014493,0.046211364497627,0.505012741791879,0.0103148344425501,0.803070190716954,0.0710818822861102,0.510766034466323,0.00993838113768724,0.627986600080295,0.0332989261145036,0.50346837889094,0.00349845828562217,0.674688279639787,0.0579539584257834,0.509127574820126,0.00842834448976354,0.80089795568874,0.0638794505133373,0.505032114460465,0.0065507804991815
8,50.5,29.011491975882,0.66271268869517,0.0456547947116978,0.502176097351662,0.002775773263422,0.639162716627138,0.0490892751168904,0.50527412928429,0.0110143217742731,0.805816595274477,0.0819334013422366,0.512906462028078,0.0102972813043898,0.627944943921829,0.0374615413984749,0.505558862533506,0.00463183246512325,0.673869441433977,0.0617572005212719,0.509191976156575,0.00846712237586632,0.801326813379005,0.075957446191789,0.505105005194825,0.00613341005588468
9,50.5,29.011491975882,0.664125291131447,0.0499838644874032,0.501759508414747,0.00240250714975696,0.639936417349902,0.0522958561318777,0.505182658826857,0.0118998105905787,0.805980388850292,0.0910001110815791,0.513763222777,0.0138691324583998,0.631054591762628,0.0406919401698137,0.504741060385101,0.00439221127880814,0.673776328864109,0.0644857900708376,0.507662412787469,0.00563436027022871,0.804936481763469,0.0824673016440348,0.507058558927669,0.00785326095071007
10,50.5,29.011491975882,0.664427612881915,0.0517574276914082,0.503411995628677,0.00421042056188997,0.639651742614094,0.0534637643979425,0.505288918800827,0.0113347998372523,0.808740281521068,0.0965475778241856,0.514092550869476,0.0124609290324074,0.632464714207916,0.0423548230693035,0.505512939649411,0.00436506197617266,0.673207339114832,0.0666720141081031,0.507465735644988,0.00571200534592816,0.806752582533935,0.0887398509460154,0.506986890084163,0.00700139113308659
11,50.5,29.011491975882,0.66647974770933,0.0524908988804034,0.502945259988,0.00347313889322465,0.639889937540273,0.0546652733534738,0.505218238177846,0.0101275584164208,0.806678307545715,0.103573178449843,0.51770648899182,0.0153101624110457,0.632982380663914,0.0419028980513435,0.506667414380516,0.00660682994882845,0.674181591741163,0.0674496326716864,0.509019879017403,0.00695564595244892,0.801593899900709,0.0937123612551643,0.507800274494515,0.00901798359220602
12,50.5,29.011491975882,0.668955692013609,0.0515163433624051,0.502997627111141,0.00351689956519572,0.639601682278218,0.0557753266502908,0.508330344901742,0.0129303963183766,0.802143281496875,0.104777921183487,0.518885604890452,0.0153415659052628,0.634512469804384,0.0399389902036132,0.505992847021367,0.00565819221170685,0.675889972437379,0.067855669874402,0.510448873750659,0.00913920637908491,0.798103018659332,0.0997580697528214,0.509620056056035,0.00854934011122887
13,50.5,29.011491975882,0.670347341395588,0.0497905174866022,0.502317443336303,0.00309760302035406,0.640539174593833,0.0561918722972594,0.510134261093728,0.0145365684575846,0.803904505418445,0.108647879294985,0.51606409757772,0.0119429514409971,0.634606714116383,0.0375853724715777,0.5071803389696,0.00752090774973189,0.676515032495276,0.0683767065976496,0.510322368489143,0.00837105188249602,0.798433177572224,0.105324690428759,0.508755520276456,0.00801685759808513
14,50.5,29.011491975882,0.670915841333744,0.048429981675723,0.502822811843201,0.00341602333192488,0.641470519185731,0.0560574842478589,0.50951919497497,0.0134693421598489,0.803699360611033,0.109721777713327,0.517158311873052,0.0131267435876585,0.63605994842284,0.0368384699835462,0.505280749118541,0.0041861638704868,0.679623125194185,0.068628034931814,0.511266437688154,0.0089385029079756,0.797867181699693,0.110256381312372,0.509539613978906,0.00780568637383221
15,50.5,29.011491975882,0.669738384205187,0.0480386837106844,0.502492712158483,0.00276162847558717,0.64252806251314,0.0556203151721032,0.509890629066241,0.0144935592827792,0.801949982042227,0.111506804451797,0.517782075652426,0.0119184732722419,0.634865418238856,0.035838484103811,0.507760989638015,0.00822847208273922,0.678562147196848,0.0674011898816609,0.510169650952272,0.0078548699205655,0.794664233542525,0.113075837577218,0.510519844037407,0.00769296808573233
16,50.5,29.011491975882,0.668994419193032,0.0489907867970602,0.502036674969204,0.00262181016349442,0.644204790585879,0.0534713697319083,0.511326256631962,0.0141501692678284,0.80003588370768,0.111848740682751,0.519186294195111,0.0118332427056561,0.634445156379731,0.037063407228589,0.505234454033559,0.00385652997556958,0.681959177360186,0.0655113157652242,0.513167119491324,0.00959746269984863,0.791560205804114,0.114617170161583,0.509746089536974,0.00628743671651707
17,50.5,29.011491975882,0.667791743818288,0.0504610308895375,0.502778404068808,0.0039806023228759,0.645297191481656,0.0507161333777004,0.510264428841405,0.0131493419664956,0.797991664886749,0.114344057997057,0.519422961022913,0.0116080466109005,0.634467092942628,0.0390452269520083,0.505596746583356,0.00495430469924804,0.682850817357645,0.0628662429966474,0.51164300529767,0.00899980697392119,0.787011125795133,0.118421446784979,0.510753128004426,0.00788774779095082
18,50.5,29.011491975882,0.668135172641234,0.0519726456320407,0.501936454052378,0.00253435552631514,0.64804573096011,0.0471918699840117,0.514210125601365,0.01479350705354,0.794578396508933,0.116609843174109,0.518295967774471,0.010542248971034,0.634308337056984,0.0396539909875031,0.505913978389958,0.00517618088596887,0.6844354274568,0.0590515609072555,0.512345611381877,0.00948798047298508,0.786041809152198,0.121350700423808,0.509300110921661,0.00585508807852312
19,50.5,29.011491975882,0.667852618337118,0.0520109639929767,0.501992793744563,0.00252669946541904,0.649422051845877,0.0438131842719984,0.514750146442334,0.0157605784741312,0.792180074296634,0.119360577330236,0.517568666880017,0.00919079165643676,0.634282575616544,0.0402169326688599,0.504667266940949,0.0040442028151153,0.687954472428366,0.0554400169181832,0.515663694869505,0.0110387635591539,0.780528691761493,0.121546873835617,0.509878870473147,0.0064604621335976
20,50.5,29.011491975882,0.668164505122443,0.0523909460299504,0.502494046185012,0.00309021318857764,0.650166511042699,0.0402643014322223,0.513011405451507,0.0129546431450411,0.788999926397325,0.122172767146435,0.52158920232399,0.0180892064786482,0.634704315548126,0.0410894204395296,0.506067309239771,0.00531813253256439,0.688681250288553,0.0506672061235749,0.514306571701779,0.00991814423588961,0.779056704150298,0.124199790247161,0.510820273999817,0.00925141613206559
21,50.5,29.011491975882,0.668080641073159,0.0532224432853811,0.502042845324795,0.0023173730206241,0.652359323438429,0.0378681788056813,0.51612707942969,0.0168829536033525,0.790135393406648,0.121844284720192,0.517865983579131,0.0100521338390469,0.634852755360471,0.0412420665703057,0.506474259778963,0.004510491157299,0.689932545168444,0.0465516066532218,0.513058209392488,0.0100950474464222,0.780636664673514,0.12367530119711,0.509112397486215,0.00552911726423946
22,50.5,29.011491975882,0.668028056900378,0.0535869773963529,0.502505918832253,0.00283319447346131,0.651601408537766,0.0354237079729617,0.51588320524514,0.0171091548025659,0.788320421079677,0.11929360793312,0.517681091767618,0.0092494168051295,0.635249427331988,0.0421904904289166,0.506192350316643,0.00398993436336331,0.6894930448637,0.0430607831986959,0.513095245987536,0.0100269265625393,0.7779302242833,0.122390357591576,0.509158825353771,0.00571087099395067
23,50.5,29.011491975882,0.669471538981811,0.0532681334103909,0.502430963271172,0.00331876358429849,0.650982776961148,0.034844820510531,0.51275244908716,0.0158845023593946,0.787924046764861,0.119494652608243,0.520442053196161,0.0100892884954209,0.635691712294106,0.0417116442821022,0.506713982799091,0.00454789098881097,0.687629902167684,0.0426232595310305,0.511043534671702,0.00872965492044809,0.778820008228804,0.121289377743599,0.509380690587748,0.00558297625260874
24,50.5,29.011491975882,0.669901778705601,0.0528600831025945,0.502378355354404,0.00270810104468414,0.650925568069799,0.0361095565793325,0.513309592490311,0.0159403762658481,0.786830248516588,0.118864583715346,0.520075485009659,0.0109497883513401,0.635281067380204,0.040856004220116,0.506849931239236,0.00399721642246976,0.685991405181947,0.0431121953199921,0.512232562108216,0.00991126789608457,0.775447713049815,0.115735567424441,0.509973981246947,0.00643027933706687
25,50.5,29.011491975882,0.669765666029241,0.0521736414327743,0.50240284928648,0.0029834695483372,0.650430754240528,0.0376039171601265,0.516102857989297,0.0157761542174251,0.786525252260166,0.117405626141539,0.520400161373672,0.0128653322658995,0.636401602944732,0.0397184520573147,0.506565940612295,0.00471202247168455,0.684684855301961,0.0455115817246615,0.510889320191743,0.00777019538904199,0.775796902401399,0.111874688037074,0.511300941968871,0.00748636135944254
26,50.5,29.011491975882,0.669966173940373,0.0512897444293246,0.502861800019942,0.00371613045263826,0.650425963220481,0.039158830207803,0.515980764606248,0.0159606904099492,0.786804106825803,0.112438296547997,0.520846472866495,0.0129331695883871,0.636553114856794,0.0391402254077979,0.506009474831312,0.00388895004270745,0.684498615477095,0.0475889900894574,0.510471790110626,0.00738822939145502,0.778796401366064,0.108010304145623,0.51054857728077,0.00632764652506348
27,50.5,29.011491975882,0.671174956928337,0.0501041606498202,0.501598978519441,0.00117106750161407,0.651682124259017,0.0400732984041464,0.51732876222804,0.0154969614162092,0.790385772228098,0.110322162382598,0.520825248070276,0.0127066130728353,0.637284223751676,0.038448187218184,0.505646649343015,0.00301002882214136,0.685084416113483,0.0479877021090369,0.51066787441441,0.00679923424187767,0.780563747049705,0.103167007021128,0.510274566702581,0.00582980781937801
28,50.5,29.011491975882,0.671891516754983,0.0498432283383168,0.501550534158554,0.00123681540553192,0.652372421744784,0.0397931307307485,0.516391394991604,0.01430743308096,0.793397455721104,0.10599710012603,0.520348543042495,0.0126523859509326,0.636865262566991,0.0380458214353961,0.505456896646616,0.00306076988459732,0.685382235404435,0.0478245302408002,0.511158681280446,0.0068494379013551,0.780679957485262,0.0978364395229877,0.512746647057678,0.00996345656809526
29,50.5,29.011491975882,0.671327420870065,0.0494029825123875,0.50313593813094,0.00355523029095317,0.652251079861349,0.0387288143685367,0.513677190063363,0.0134970539595323,0.793313768209952,0.102798458361829,0.52106247344635,0.0119799959391481,0.636710639010812,0.0375350957697958,0.506497314108093,0.00406255881853232,0.686440966224211,0.0475607491131479,0.510265117636393,0.00703115523793486,0.783530552362952,0.094966463755846,0.510211099282857,0.00566440612427105
30,50.5,29.011491975882,0.671619389909055,0.0491488208331096,0.501853784115917,0.00156958108163789,0.654183921152027,0.0381526905399117,0.51554956485213,0.0130796496947662,0.797532246171087,0.0992025597461914,0.521078387821724,0.0105211457489716,0.636422844720893,0.0372611932731756,0.506294786506484,0.00439084914715842,0.687914551984233,0.0463381790403995,0.511180718489665,0.00767626505747246,0.785487670325934,0.0934935873269913,0.509733576917228,0.00529732359722704
31,50.5,29.011491975882,0.671649308376143,0.0487631502184157,0.502435253534949,0.0028937214216571,0.654509393634785,0.0372703764427676,0.513360752170677,0.0124840699992599,0.798185663858227,0.096721870190651,0.520993686380837,0.0101659010996845,0.635891248519044,0.0380930236760826,0.505617553796016,0.00280658980033488,0.689783085699266,0.046496828756361,0.512187974347201,0.00902434489406787,0.786146793528774,0.091450476729699,0.510259769940014,0.00614847111412837
32,50.5,29.011491975882,0.671989103601629,0.048119859296358,0.502978185343103,0.00333165586854501,0.654288914823944,0.036824521515831,0.510761059437917,0.0130527222817725,0.796324344164084,0.0958797881713038,0.523085811085408,0.0150281389929143,0.635222364833275,0.0373600731178118,0.506919359425151,0.00343331201947824,0.689667870551431,0.0461676104577494,0.51201711467797,0.00927913247684499,0.786875387423663,0.0904493213853284,0.511094901587023,0.00763124251546195
33,50.5,29.011491975882,0.671910335395983,0.0471482337837888,0.501831408060063,0.00140214757947215,0.655487438465179,0.0367775839359035,0.515201476973101,0.0134065323320743,0.79903610043839,0.0945225398067865,0.519526177158442,0.00885026260198477,0.634805655606266,0.0360983637872438,0.507571562298328,0.00441706890802261,0.689860524859896,0.0454839901392659,0.51009327867431,0.00706042783694559,0.790641311089794,0.0889904787277075,0.510113379384596,0.00557786784597604
34,50.5,29.011491975882,0.671225468035237,0.0472230074912583,0.502320490650542,0.00307824736569381,0.656099290612227,0.0364035791841998,0.51367653096295,0.0124254858554812,0.800657054343971,0.0922809887016164,0.51901456374519,0.00855378836828641,0.635547181309345,0.0370657761065305,0.506167830109423,0.00303959499377186,0.691320711568075,0.0450223579445112,0.510415127514046,0.00753561867169448,0.79398956561827,0.088097061482548,0.509874334109472,0.00529201860817852
35,50.5,29.011491975882,0.670787392775157,0.0472650677031488,0.502095821263235,0.00210113080873611,0.655717652136828,0.0356872492978903,0.51297036785794,0.0130245369355085,0.804821883845996,0.0894448586497817,0.518426366956537,0.00739492234983874,0.633714374621778,0.0363881518691525,0.507339735170102,0.00443132521807398,0.690642971902288,0.0437752918568014,0.510978063239884,0.0104139068805965,0.795449616041959,0.0852762893759644,0.509440000049246,0.0050377168458162
36,50.5,29.011491975882,0.670763523745786,0.0477948384473371,0.502888540826607,0.00348230119453745,0.653931967837237,0.0358443213335771,0.513556284565219,0.0124243243431141,0.802860604937154,0.0863497487637927,0.520330733764729,0.011291046911188,0.634319106040295,0.0366091322471652,0.50765758692585,0.00405739093599712,0.688294811194162,0.04419509333083,0.50927663750638,0.00658802997431021,0.79817938185112,0.0829728173273811,0.510843558052529,0.00631874471410051
37,50.5,29.011491975882,0.670950434802823,0.0483984071353351,0.501911706776149,0.00185619440029742,0.654199645584863,0.0366528398814201,0.514203115802046,0.0116971969500223,0.80733684841467,0.0853311341446272,0.519334237689455,0.0088235383940697,0.633885265978666,0.0371580671110033,0.50722847379136,0.00470304839613766,0.688751167399548,0.0452263024887749,0.510193538014185,0.00839042350955583,0.799945208851238,0.0803574636228912,0.510296798022537,0.00720235926257737
38,50.5,29.011491975882,0.670870053973605,0.0491718368277704,0.502319547954473,0.00242905977990989,0.653189641648155,0.0367943417600892,0.513623185188819,0.0110705524111691,0.809066428028861,0.0837646069466143,0.518214364506461,0.00702997245228932,0.633434341152498,0.0375584705183197,0.507289426275554,0.00411297598115158,0.688288247921192,0.0460198513694768,0.511299859949634,0.00769846204816367,0.800887492020567,0.0799255408124934,0.509637071790583,0.0046958526511399
39,50.5,29.011491975882,0.670774817740523,0.0492081032246825,0.50220854612032,0.00243451842727605,0.651774026038286,0.037946057282277,0.512457276243675,0.0101284976045525,0.810383208152335,0.0826088394128512,0.51892201413763,0.00836215127974572,0.633001367610158,0.0375052754076606,0.508309048555807,0.00518832133992436,0.686318661127626,0.0475498090810037,0.509560073271823,0.0072926624576546,0.802509689632678,0.0781617420302156,0.50971664433663,0.00474846149127698
40,50.5,29.011491975882,0.67038404706294,0.0487072661084889,0.501702006057451,0.00122570036959076,0.651130382673091,0.0393652632940703,0.512679174574685,0.00997336461097262,0.809735146804765,0.082363774604906,0.51808446622157,0.00749183472372262,0.632561437827019,0.0367624654404157,0.508689315321561,0.0061696914048074,0.685753128452802,0.0496702370338549,0.511100692571646,0.00945940205263817,0.799197175507129,0.0780569887264275,0.510183233168305,0.0056650726965704
41,50.5,29.011491975882,0.669896943899869,0.0481338590048055,0.502674216018499,0.00314485175022304,0.649892509040262,0.0406428154480465,0.511940059250129,0.00892303411681772,0.807576269797825,0.0819451785808012,0.520747787159766,0.0131521113706155,0.633413143746063,0.0371478209187868,0.507480926494962,0.00388702908562345,0.685230618812569,0.0513910690981428,0.511800401803144,0.00880437896074402,0.799875078848043,0.0809302889398996,0.511321533843588,0.00716944089086181
42,50.5,29.011491975882,0.670359739321724,0.0468568654382366,0.503326630070496,0.00371604869057667,0.649589474161299,0.0419236988664793,0.510296471761779,0.00965640433646177,0.810412834198353,0.0845664312575328,0.517540892828949,0.00895368338249804,0.633468617555555,0.0365402075932659,0.507701905653935,0.00492811623618807,0.685350411432714,0.0528822066501571,0.512674192613107,0.00922425429258094,0.799649528980266,0.0822494653414306,0.511127545898646,0.00674356426415825
43,50.5,29.011491975882,0.671590425265414,0.0457903797982755,0.502283070372857,0.00257814254793636,0.649839136049676,0.0429618369290455,0.513059449655628,0.0101913540698111,0.807006076905449,0.0839512164180627,0.519956372093719,0.0138719529725648,0.635044792796712,0.0356598357295956,0.506765552742969,0.00395983290175013,0.685820705514302,0.0535319748338703,0.51162015770484,0.00853129260154572,0.801749287200537,0.0820361758748402,0.510801847227671,0.00660955681908081
44,50.5,29.011491975882,0.672503090419661,0.0442726471948012,0.502196580169499,0.00228594111724747,0.649882404770005,0.0442127512367994,0.513608697618736,0.0102779338159968,0.810103159184523,0.0842892291898389,0.517723233935777,0.00887891446425922,0.635428048878065,0.0344567093082463,0.507894370139893,0.00540268558785912,0.684834366190184,0.0537489619826516,0.511494691208509,0.00822132411192793,0.801777540288073,0.0824466553551342,0.510913811069489,0.00669645886319378
45,50.5,29.011491975882,0.672587325685157,0.0423469568365605,0.502972390902975,0.00353610833865425,0.649904802241771,0.0448932532872267,0.513151085451496,0.0102971722072153,0.80939813981083,0.0863970183301765,0.517485126453886,0.00876541166307585,0.636322066652835,0.033188258170307,0.506576450889093,0.00367111824694037,0.686359140908764,0.0541128668677596,0.513436859759703,0.0109337426708171,0.801269822676852,0.0823795976752507,0.51042279690427,0.00591848006726499
46,50.5,29.011491975882,0.674152941969654,0.0406141964757853,0.502075580340168,0.00185610464094647,0.650046562194751,0.0449919413584409,0.513117461150682,0.0104131484932932,0.808179636048869,0.0868703615703688,0.519426834637392,0.0116667646629196,0.63600780320697,0.0316828790715956,0.508080403080287,0.00718308219426887,0.685697137203181,0.0533193595123406,0.51204222887654,0.0091878854999119,0.803862485730389,0.0813164132341371,0.510259817346686,0.00587027043001455
47,50.5,29.011491975882,0.674785535774695,0.0386177976453749,0.502826248210306,0.00305568288450725,0.650930427550963,0.0446016165685688,0.511128448571374,0.00866946415953015,0.812536641979533,0.0872762821962599,0.517504483029192,0.00873171659427452,0.63690204865461,0.0299090567742265,0.506539755371512,0.00417086689601299,0.68627410914196,0.0536683757322496,0.512431740359569,0.0098338054481835,0.80398507693267,0.0818324265708584,0.510266997965574,0.00546528172744991
48,50.5,29.011491975882,0.675361082354467,0.0363412838347853,0.503350599421062,0.00356729965779567,0.650568195439057,0.0442151757590113,0.51582152121184,0.0136907379256793,0.810619060370025,0.0858383337383022,0.516666447256249,0.00771102146196453,0.637624046805345,0.0282714572707547,0.506558783515519,0.00413009312031422,0.685612572234827,0.053992436051496,0.512693636723783,0.00921711860950812,0.805318993767483,0.082146664478068,0.509994717127295,0.00522118557715582
49,50.5,29.011491975882,0.676790101171056,0.034798521600458,0.502812022559734,0.00281954512688626,0.649941665689562,0.0448392532905206,0.512891379545858,0.0117248253975804,0.8123795955271,0.0850103575251885,0.517517074501125,0.00930030655110287,0.638343295333916,0.0274381958012016,0.507328539533843,0.00539240451836454,0.684196753787518,0.054473427851672,0.51274025071732,0.00823374046363571,0.802826992844042,0.0824261773863152,0.510109089260868,0.00539087814006401
50,50.5,29.011491975882,0.677154998909124,0.0331612623178255,0.503207310815091,0.00361372873350063,0.648455372609612,0.0459364847713198,0.514080154326648,0.0121463593925957,0.811098466353448,0.0855968020269381,0.518036659541817,0.0100758679298571,0.639427007078166,0.0269006824127472,0.505823210517579,0.00326321746851029,0.683818703573225,0.0564528217464311,0.513101152865498,0.00869744428773335,0.80239231110242,0.084035210317341,0.510085102400731,0.00619386170811234
51,50.5,29.011491975882,0.678424297503119,0.0326632014315174,0.502216314339682,0.00214652516174696,0.647648695731139,0.0473138199645163,0.514692075049439,0.011355527089102,0.809744677546407,0.0879353522534845,0.517277250758903,0.011217963788833,0.639526830578095,0.0262929444062791,0.506947157913442,0.00507310281592213,0.681064051982824,0.0583617436100486,0.512525269472857,0.00789498973235469,0.800845418883198,0.0854909445983646,0.509888156312671,0.00536794502686867
52,50.5,29.011491975882,0.678893684813442,0.032252442890942,0.502549802325427,0.00271664779258066,0.64678146725254,0.0478505120258392,0.51432128668485,0.0104002525336111,0.809456936229607,0.0905212965453469,0.517048708675646,0.0103000578727258,0.639020645810882,0.0262210272763701,0.506534375302541,0.0039063224986616,0.680924858653987,0.0593107903930145,0.514033969744025,0.00939200669895504,0.79829073914625,0.0879661501968074,0.509727245430698,0.0055311483345418
53,50.5,29.011491975882,0.678137026778723,0.0326737864620973,0.503497457694957,0.00418201054410469,0.64691501355826,0.0476866357859809,0.51380408327422,0.0101063735145642,0.810301603295306,0.0917029876595029,0.518093724133273,0.0111014188989103,0.639332672692701,0.0269037006587351,0.505614696496888,0.00331865905356215,0.681618829262415,0.0593034097863421,0.51455770765158,0.00834972718051848,0.798556863189781,0.089611287358687,0.509386979300947,0.00546426701655589
54,50.5,29.011491975882,0.678676645122654,0.033743123409118,0.502038201721879,0.00147735401466821,0.648035570910805,0.0479762699967727,0.514902838095641,0.0123703891056939,0.811152179302968,0.090967420201407,0.519280819315015,0.0127013010750104,0.638967159769121,0.027536991571225,0.50524967534474,0.00260291832926681,0.682039038730899,0.0591131127148602,0.51461394275886,0.00921765621846622,0.800845611743627,0.0883013937758799,0.508871848320023,0.00503781415741722
55,50.5,29.011491975882,0.677926852223032,0.0362488609043108,0.503011783202585,0.00298102685035203,0.648153370265753,0.0479289419734878,0.512077049366533,0.0106546006220074,0.812559140537232,0.0897720633610324,0.519056942265302,0.0116762144182254,0.638003143763802,0.0290740982046384,0.50657506819679,0.00445403539242109,0.681948391455687,0.0583502531630091,0.512316940054389,0.00781715187699853,0.804233265243151,0.0860195022580997,0.508778886326665,0.00549159286207901
56,50.5,29.011491975882,0.677449749433123,0.0391087364806183,0.50250556920806,0.00231382649317821,0.648422501700564,0.0481920052273282,0.515063137595366,0.0108723780844291,0.811989561707983,0.0912672993226395,0.518677352220313,0.0107983110445153,0.638004599667637,0.0321757075282472,0.505307431887266,0.00310832538516225,0.682585657439139,0.0582661363419414,0.512685531940356,0.00784062824394662,0.806150436271148,0.0839073562453192,0.509196786025974,0.00544467963431818
57,50.5,29.011491975882,0.677620581041346,0.0410886407740725,0.502556587650427,0.00292566975802559,0.648511276249552,0.0478237846070832,0.514948822412351,0.0107918657895907,0.812555667151092,0.0900575092009333,0.520197181495043,0.0136111793825156,0.636962981821765,0.033334538760831,0.505631185997427,0.00345770084075388,0.683085603341223,0.0580780135702174,0.514027175557876,0.00918197872056742,0.807456465551021,0.082561220036255,0.508928222861335,0.00501415726460676
58,50.5,29.011491975882,0.67781909117551,0.0424735249473726,0.502366122251179,0.00255341590523975,0.649349140267764,0.0485146028141991,0.515008182263874,0.0112770742068729,0.816368416405142,0.0859508421718158,0.517285542871497,0.0122387824271112,0.637802986313183,0.0339257015668344,0.505681093385151,0.00343164028190429,0.683266876852776,0.0583736933228781,0.511872401346028,0.00796191324947297,0.811115927273365,0.0780643702173946,0.509919844719032,0.00513610670627719
59,50.5,29.011491975882,0.677844070115939,0.0438860684997526,0.50303451595092,0.00337426767909848,0.648633658310664,0.0484959728951107,0.514760735542883,0.0120044091623624,0.818070215368867,0.0828411822167079,0.518878638140619,0.0136726248757524,0.637221364419773,0.0341682259943575,0.505846909558572,0.00397612099097656,0.683176046205421,0.0590098597494891,0.513319148550493,0.00930585678701465,0.812243893687953,0.0742243862502334,0.509424080730897,0.00534664504447701
60,50.5,29.011491975882,0.678926832407011,0.0440109700882923,0.501921122823894,0.0014928208602794,0.649268883087809,0.0484689986558973,0.514303469408267,0.0104633675196211,0.821134666538765,0.0805212917110931,0.519041692410645,0.0125800723550581,0.63762932091169,0.0344319036576206,0.504884705589201,0.00262105561429661,0.684986716514602,0.0596079198846218,0.516286557402255,0.0114099512700269,0.81149117644125,0.068482107028303,0.509537816473066,0.00606603937447162
61,50.5,29.011491975882,0.678236823170903,0.0432349170727903,0.502864353096147,0.00342259380035939,0.64888853882098,0.0478853243249238,0.513833202422199,0.00976551591124273,0.820393986523748,0.0767811092208263,0.520979425396242,0.0155969958651962,0.637909377098803,0.0346283226050981,0.50657559392583,0.00505688020709129,0.683195141096589,0.0585016966397277,0.511629066900152,0.00669011386056036,0.815235726831334,0.066114354664614,0.508952701029368,0.00461124335569532
62,50.5,29.011491975882,0.678095643810408,0.0422411306550966,0.503221869468939,0.00353687001072004,0.648565216919109,0.0472458774942995,0.515451089445353,0.0109334833898255,0.822598304023673,0.0750015515598428,0.51875581418556,0.0114959622549947,0.636712201088011,0.0340946791697733,0.506817191511801,0.00477812098583046,0.683475890405296,0.0577859481612195,0.515717390566137,0.0102464296773487,0.810639033508006,0.0633151161088792,0.509542192743012,0.00483046914145641
63,50.5,29.011491975882,0.676260431457561,0.0425749717967599,0.502518096354617,0.00255509500991325,0.64775185613839,0.0471248899973591,0.514089068267754,0.0100888612815173,0.82160973818428,0.0741344430740597,0.519176095575734,0.0134887647706665,0.636518076194183,0.0348571921310109,0.506307122526183,0.00392145846688524,0.682010247952629,0.0572323643236777,0.512005191958305,0.00705431548053018,0.81305922382626,0.0638554262924534,0.510495842818223,0.00533477940211929
64,50.5,29.011491975882,0.674913648099948,0.0445049441663893,0.502586356071895,0.00269040423505524,0.646334845391965,0.0468581956998791,0.513528475799303,0.010157433285263,0.819636035165396,0.0753620328163363,0.518663972026787,0.0125321647112661,0.635698703023112,0.0360351964195919,0.507358826425202,0.00443738019094168,0.68003515839978,0.0572741443693571,0.510769443382101,0.0062027819298084,0.813400820001572,0.0649572660702425,0.51062027572335,0.00565147235388504
65,50.5,29.011491975882,0.674037163563213,0.0467288960666974,0.502332473891257,0.00219097025753223,0.64626021727602,0.0458859984636567,0.513636028188584,0.0108663127155449,0.818550968851245,0.0745628516985862,0.518071791330564,0.0122863576656916,0.635256135550366,0.0370412460366359,0.50750970577992,0.00558956961288972,0.679138906188149,0.0571606692896557,0.512268549673124,0.00635297242324096,0.8139434946932,0.0649838718980247,0.509930263208556,0.00547395306085175
66,50.5,29.011491975882,0.672515257527406,0.0478223368949551,0.502462729910074,0.00279844827928329,0.646149141586306,0.0454726549144004,0.512697253937093,0.0113236464268043,0.812381448759768,0.0755122127594855,0.520281523490983,0.0147585182530087,0.634908532207214,0.0381359169336657,0.506167288722317,0.0035870948899274,0.680118361410214,0.0569493537759333,0.512374107707979,0.00805989916982051,0.813733459895818,0.0662237536520393,0.510031972597389,0.00542694841914441
67,50.5,29.011491975882,0.671122368177631,0.0495794683891305,0.502521759570876,0.00272651977020287,0.646493006271375,0.0449640532448951,0.512867185146521,0.0127701436743787,0.814225560315551,0.0774812096539007,0.517091893576818,0.0111022698107815,0.633471651368741,0.0391056756144568,0.506684760969516,0.00373827637209626,0.680393160928074,0.0559949006408387,0.514188933754078,0.00802785993749781,0.813097538680638,0.0672971128192753,0.509765211377371,0.00515667933167342
68,50.5,29.011491975882,0.668249559415133,0.0507335881573948,0.50312410524324,0.00337107017968368,0.64567141308995,0.0442857478588267,0.511502023814386,0.0140730955930615,0.809223084169548,0.0798676481728481,0.517087210028216,0.00998828764446087,0.632616168400895,0.0402958276401508,0.505978077112107,0.00449950754718748,0.679628396755481,0.0548028125955559,0.51299955490181,0.0082259627203132,0.810906714102606,0.0697265593225377,0.51032951924199,0.006195154831981
69,50.5,29.011491975882,0.665923157242773,0.0519141954641366,0.503565599187914,0.00337022752655148,0.644699570059583,0.0444932104150009,0.512889044852876,0.0150838306862793,0.808060968305278,0.08122885462931,0.516445444166412,0.0098447355034811,0.630396829781374,0.0408232163078514,0.506823382337283,0.00446306608717292,0.678728577837147,0.0541052842228262,0.513229640546303,0.00693262318440864,0.80892331549342,0.0728209819792636,0.509601302773618,0.00559708192206477
70,50.5,29.011491975882,0.665291856896122,0.0531697105137185,0.503327301311776,0.00415360530416014,0.644401659419501,0.0447483747126885,0.511840478138849,0.0132185976058183,0.806358887107841,0.0836245951384493,0.518414589118536,0.0127686175424991,0.630072875051444,0.0415402522078759,0.505530243926358,0.00283381865020976,0.679076380434998,0.0528681682947841,0.512672918941978,0.00907945722800143,0.808429501181474,0.0760517124229419,0.510624724670207,0.00579185319316738
71,50.5,29.011491975882,0.664379150244853,0.0537477243535498,0.502118243503453,0.00198784687518676,0.645261562872761,0.0443020090320612,0.513748529014642,0.0157350979612527,0.806870128971526,0.0841023482297609,0.517824561420901,0.0120494661422014,0.628715293318466,0.0420086065654852,0.507428057865463,0.00461756952399694,0.678389910226739,0.0514009093122798,0.512924850032685,0.0078797767768234,0.808199614132488,0.0771476560406211,0.509759580227167,0.00504153682078425
72,50.5,29.011491975882,0.663209138205853,0.0541680726191665,0.5039284755249,0.00383812664495871,0.644800100103161,0.0439329570518101,0.511480824359679,0.0153900229458104,0.806164082209024,0.082421364763915,0.517873393571761,0.011250441076833,0.629952826994989,0.0426140238185107,0.506151797352207,0.00359821859027131,0.67888652676827,0.0504623850170884,0.512686090606586,0.00912252664289892,0.805346765884781,0.0783731851216615,0.511623591331026,0.00812290915750365
73,50.5,29.011491975882,0.663384739547349,0.0546934700340742,0.503303404247008,0.0030088274920867,0.645663916108345,0.0434895833209725,0.514940138460171,0.0158425931265441,0.804496700873676,0.0847334192697315,0.519193860844416,0.0130702879044975,0.62949102738942,0.0431510654189995,0.508456389606749,0.00616051758124648,0.678780540251253,0.049307535960764,0.511634517987762,0.0101002053969056,0.80520425750322,0.0811830700987458,0.509359097399393,0.00454503353850182
74,50.5,29.011491975882,0.663683517558597,0.0551697288397696,0.50253661104603,0.00261504630513415,0.646963321562956,0.0430690862387204,0.513475852447408,0.0144177231809742,0.805887340210965,0.0861517647076174,0.519460122521193,0.0143137026714441,0.630799812068282,0.0434561782902651,0.505908037454415,0.00427267815211727,0.680541791064545,0.0486514013078423,0.51317823853389,0.00846016571403954,0.805299509539992,0.0839248337333601,0.510351587286714,0.0062265047811501
75,50.5,29.011491975882,0.663953951557153,0.0542860383472191,0.502420149031945,0.002491971492912,0.647109319697282,0.0437275167256559,0.514825281894461,0.0146415291747392,0.805032928246496,0.0878214327319035,0.518267443590431,0.0124148370583656,0.630122900802861,0.0419261970445005,0.506642811188952,0.00523851367668601,0.681299145796132,0.0501951838433295,0.516027040267799,0.0141945914933343,0.804029196521042,0.0863429835970489,0.508868133995328,0.00440367198518017
76,50.5,29.011491975882,0.665036577497492,0.0533827320382552,0.502301572947799,0.00259961396919712,0.646768136885139,0.0453245366810251,0.513119527705978,0.0129606772519489,0.803508897986324,0.0881572385898952,0.520976153542393,0.0163491883554568,0.630954754145335,0.0411086960992277,0.507092388381342,0.00609850901563233,0.680641859020612,0.0527904067118303,0.516038192099312,0.0126935334484797,0.805499251002152,0.0882622150720576,0.509880269691985,0.00600584921846308
77,50.5,29.011491975882,0.665604150919116,0.0512823870887083,0.502912077204762,0.00322848873928639,0.64690363429349,0.0461062692728686,0.512684991384736,0.0122776856430389,0.80673955148242,0.0891896349497904,0.518407767814313,0.0132017385168285,0.632276112509077,0.0403370873258018,0.50841061070404,0.00654804516258323,0.680044484482577,0.0535398430939165,0.513967302325797,0.00943949503717828,0.810482741315358,0.0887019458033794,0.508355496384953,0.00406692419510017
78,50.5,29.011491975882,0.667813488652107,0.0490215610580436,0.501789243678098,0.00136119592447256,0.647619071443736,0.0465749013637046,0.513396537199313,0.0122456312546143,0.808477089080408,0.0881058782511053,0.518766747391554,0.0132254160195895,0.632972277329676,0.0383123417288622,0.506827298698739,0.00560950392190193,0.681215858921927,0.0552950499813352,0.519740880463537,0.0116638252156442,0.807506463203281,0.0867434983449281,0.508417147302903,0.00466260177033261
79,50.5,29.011491975882,0.669097552720934,0.0456732158918083,0.502282082820518,0.00241889768403224,0.647815982547991,0.0471172911992875,0.512543380384011,0.0121099215766216,0.809655481549808,0.0874257327458849,0.518072880858034,0.0121108868069172,0.634383807734651,0.0359832197143607,0.508024061125226,0.00630045788293084,0.680666666716075,0.0566374736984557,0.516909017914976,0.0116888617194392,0.809543988172935,0.085309804914394,0.508707922927951,0.00416359840818788
80,50.5,29.011491975882,0.670461752183523,0.043967015378894,0.501736123745769,0.0012138058600722,0.647877365579935,0.0478162400230348,0.51212167191113,0.0106527380949681,0.808222945936289,0.0866266537908674,0.519767984805633,0.0171167114077163,0.636376140261206,0.0345054871721553,0.50617318054328,0.00441333310075878,0.681310485268922,0.0581881182083857,0.515970813113804,0.00891325678998971,0.811666494956482,0.0842931183662445,0.508584549925727,0.00578767675373773
81,50.5,29.011491975882,0.672460793433559,0.0421668730809627,0.502013077018245,0.00170555761352468,0.647830342349754,0.0489342364998749,0.511618991877443,0.0101412364451927,0.813389229225106,0.0858097947235427,0.517319096071459,0.0116891582662392,0.636958447534653,0.0324402948646874,0.507199481290134,0.00671025160466512,0.680708990060093,0.059750495649078,0.515739638504265,0.0101031726106976,0.812082515349822,0.0828346550565659,0.508546060145083,0.00584529399163155
82,50.5,29.011491975882,0.67258416939401,0.0405009620077106,0.503434882491116,0.00353279242198722,0.646540359994444,0.0490464441891326,0.510306727781433,0.00960073176423052,0.815945968596846,0.0840352094074767,0.517977767468226,0.012262231220883,0.637837280588161,0.0316579126737502,0.507783215466035,0.00546635897825267,0.680200989054915,0.0605832306292369,0.514442483329895,0.00821040768971338,0.813837843136907,0.0826590078472387,0.508056739512848,0.00555758867841731
83,50.5,29.011491975882,0.672964061398319,0.0387748548349615,0.50298095004613,0.00307786491102095,0.646913330585541,0.0503987705604851,0.511456138938378,0.0120038307632019,0.816453850922288,0.083359169817697,0.518845364869147,0.0119806405753785,0.638076367770361,0.0304132136918611,0.507710577367042,0.0053745277462113,0.679212973937082,0.0613580117068532,0.514943149154882,0.00934852817635484,0.814089224385165,0.0824802346514322,0.508093423611821,0.00525453517351351
84,50.5,29.011491975882,0.673286811447714,0.0384678484452858,0.502931720275732,0.00304910824781458,0.646497686966291,0.05181512291205,0.509824985470761,0.0118386071522685,0.818486718709256,0.0822562325099152,0.519208654976171,0.012274185415619,0.638342487818142,0.0298598829262929,0.506819719820694,0.00389616344486594,0.678897868578146,0.0626900598683857,0.516922079052941,0.0121294622850764,0.81230604525065,0.0834356373460444,0.508323399887366,0.00544239932691595
85,50.5,29.011491975882,0.674445808666767,0.0391636694611537,0.502022674475171,0.00199713709850257,0.646350828302978,0.0532058668495494,0.510892182945047,0.0124232651040877,0.816421862443884,0.0811124557865725,0.521378661376941,0.0144745381801889,0.639287407885483,0.0299167924556747,0.506843944168847,0.00420372336530774,0.677812625612328,0.0645277088256484,0.514025030525308,0.00923913917860885,0.814854464446368,0.0831781170348727,0.508469452952096,0.00627941348772224
86,50.5,29.011491975882,0.674091749290894,0.0401973916736559,0.502151859097271,0.00181821706377786,0.646566988184071,0.0531682093100206,0.510425563184534,0.0121932459888607,0.81939832452125,0.082857748436726,0.518350791679012,0.0119679518958646,0.638155440647848,0.0299217158077632,0.508568387406494,0.00543819395735242,0.676785599965983,0.065079038551041,0.513049585142582,0.00847172591950152,0.814005277853761,0.085073227067562,0.5082946117841,0.00614738628884552
87,50.5,29.011491975882,0.674078893520182,0.0414110888963873,0.501976742257782,0.00124380201837506,0.64656615401831,0.0528329028309587,0.509960514161864,0.0116000292743008,0.817974106280735,0.0862740374589097,0.517699052984785,0.0109864230665445,0.637901852360238,0.0316389326378777,0.507291588041869,0.00522592857986066,0.678852050056848,0.065462462168632,0.514977798433304,0.0120150948364151,0.80981041870598,0.0863191172472522,0.509324763500156,0.0064506709362359
88,50.5,29.011491975882,0.674708972279341,0.0424370160585257,0.502857455010365,0.00325919859937419,0.646214420479794,0.0503091660812917,0.509332035342615,0.0108038517811598,0.809665204948668,0.0887670197173907,0.522861155427689,0.0193617882952315,0.638318076174009,0.0323067572125118,0.506379459571284,0.00368075749544098,0.681049146520468,0.0640336397479816,0.51433724517717,0.00869368503236773,0.80800599295008,0.0889532040846221,0.509973325094616,0.00671613194419218
89,50.5,29.011491975882,0.674730453452061,0.0426758790655516,0.502983459867466,0.00299494060457772,0.647841480928614,0.0487740255516842,0.508586725577953,0.00996057424444037,0.814162287567132,0.0912678748673546,0.519309105086438,0.0105627774179388,0.637222906843331,0.03258732560256,0.506195692633611,0.00387825953591053,0.683372451437797,0.0617814512972395,0.518331316627005,0.0132656815456537,0.80359848236055,0.0898558357718284,0.509932536940241,0.00668924908161815
90,50.5,29.011491975882,0.674531113512972,0.0429599471958107,0.503925081795969,0.00405733271646617,0.648245770630559,0.0460328391007936,0.508007310051946,0.0121020903104339,0.813446462891737,0.0909479058881059,0.51871495276761,0.00958608779298995,0.639149079636464,0.0333933295052055,0.506523585935493,0.00382071740059725,0.683809942204914,0.0587516304732858,0.514138978113346,0.00963115450644754,0.806802313593008,0.0907756462070985,0.509390185981946,0.00612277227338393
91,50.5,29.011491975882,0.67501740112009,0.043477446727336,0.502672253498774,0.0023904775498218,0.649223500363788,0.0438772393970281,0.508996534154673,0.0101658689135226,0.81125047584394,0.0911732125760305,0.520496752020418,0.0120268775153896,0.637959019709211,0.0331535262788977,0.509244899570615,0.00703892993653455,0.683295531797902,0.0558653439907753,0.514086564910197,0.00899639548557403,0.805805373159453,0.0914638924968143,0.509432149771892,0.00591662433185933
92,50.5,29.011491975882,0.674822142470107,0.044090321532453,0.502331853240534,0.00146832051967536,0.649913640992514,0.0415693140495317,0.509534626081521,0.0112182925932823,0.808519278465599,0.0920406673409452,0.520198064866871,0.011565062581362,0.639177943212002,0.0335813051588632,0.50657128870492,0.00383716985217333,0.685738688735675,0.0530426271201606,0.51361621928928,0.00806729022736534,0.804147841703768,0.0917406844480452,0.510628840556736,0.00711094932782266
93,50.5,29.011491975882,0.673936221084813,0.0444003591403646,0.502982904838468,0.00247066299340891,0.649897556039235,0.0396313600854515,0.509101885243518,0.0100954752954703,0.807700321475959,0.09211438607095,0.519123011520261,0.0103890210212244,0.638352074545638,0.0335732315258087,0.506521763794299,0.00370066210784008,0.687323162023608,0.0505929802670432,0.51460594963262,0.00880771571241732,0.800881452983963,0.0923236581223963,0.51027543312883,0.0069777010003064
94,50.5,29.011491975882,0.673405330647608,0.0452422113246838,0.503325622583684,0.00337022591154497,0.649413247380755,0.0378066713659792,0.510495778788109,0.0116018324409923,0.805367223925544,0.0924078272382652,0.521655263242714,0.0131876691914006,0.63861735110099,0.0335406999645386,0.506382071448008,0.00383483868331088,0.687550490207311,0.0478450705097573,0.51267449570366,0.00720605269787797,0.799893494822233,0.0925083775092599,0.510398218501566,0.00649794779474088
95,50.5,29.011491975882,0.672255039072654,0.0453241898911803,0.504576833558746,0.00434886037057909,0.649696385453827,0.0363582541068225,0.511076246699421,0.013045890380653,0.806355358752115,0.0918120857543687,0.518853440133392,0.0101387898602256,0.638053577520396,0.0333572667573057,0.506367344761639,0.00337150011001315,0.68770484829994,0.0466625847457981,0.512698311213865,0.00718535376996342,0.798385188323072,0.0932532462434751,0.509938395221569,0.00596986496182262
96,50.5,29.011491975882,0.672846339896336,0.0450403101747446,0.503882685960458,0.0039144288246915,0.649469991322087,0.0364689842293142,0.512111177964885,0.0146334369856493,0.806290361834878,0.0929649355202697,0.518213337751164,0.0097589071474629,0.636929038989871,0.0337951828782055,0.507445787598529,0.00446271885854266,0.686579644794905,0.046785251111166,0.515300912208859,0.00979135747497994,0.796014388665776,0.0916987465635017,0.509553393197287,0.0054806402590818
97,50.5,29.011491975882,0.673519290591864,0.0451379960426755,0.50238639226868,0.00157334446198234,0.650193286680567,0.0366648916855918,0.514788393810058,0.01589667797023,0.805480863213173,0.0938476956618018,0.518423822376918,0.0101493380385932,0.63844383848457,0.0344432323931237,0.506527491342735,0.00405006121015,0.687086441194267,0.0465355212858678,0.513747108716218,0.00739606903140617,0.797794283407852,0.0922752820028142,0.509570077611996,0.0058964968931489
98,50.5,29.011491975882,0.673868841590411,0.0445646177203441,0.502620348823873,0.00231036122635045,0.650455574757439,0.0373343591660156,0.51448998263629,0.015303267171963,0.80401349756451,0.0937328718748158,0.517472551186109,0.00954530445698972,0.638376276020396,0.0338613583041052,0.506341218924536,0.00335237585432075,0.687915694006276,0.0459693599419799,0.514475055705714,0.00698201781534072,0.797299496513143,0.0946397178934113,0.509319692547179,0.00519771736611511
99,50.5,29.011491975882,0.674312036364343,0.0449962230711698,0.50206342625033,0.00108309661385223,0.650389727071353,0.0372738926024186,0.513416738720363,0.0138116732240299,0.802408333323455,0.0961049079064377,0.519815496480428,0.0129748387513842,0.637504564449942,0.0340487963249075,0.506103643278085,0.00386514294925446,0.688445481340858,0.0451761310770137,0.513027534632688,0.0072709073639324,0.798432192272436,0.094566136847505,0.509493692347419,0.00599319861682168
100,50.5,29.011491975882,0.672128189110076,0.0447349642714554,0.503113766537695,0.00316493979527047,0.650320623885643,0.0377958810511129,0.512478127003758,0.0131932252034088,0.806124193357208,0.0966730375507313,0.517516959632289,0.00855559021059658,0.636088040486112,0.0340887342653346,0.505901276859609,0.00366891229009884,0.688058725310487,0.0443556590522733,0.514932100101843,0.00987044425822602,0.79676043083896,0.0938814593478558,0.509881346843053,0.00645335234073248
101,50.5,29.011491975882,0.67172172286119,0.044845413883383,0.503048237171088,0.00331152745585337,0.650394530254655,0.0382398174391026,0.51284364188581,0.0133990090886212,0.806060146494286,0.0954822673874657,0.516804747333597,0.00950726552923635,0.635584023177727,0.0348493297720526,0.506655137715565,0.00482088897863287,0.687513671107292,0.0448956212324055,0.512540451481462,0.00673869135390659,0.79691725507085,0.0932681733559672,0.50902880020606,0.00489643195266112
102,50.5,29.011491975882,0.671056801701625,0.0455486752371843,0.502146101708187,0.00148057383612486,0.650853666211116,0.0399029703590781,0.511748382951372,0.0119014937888761,0.806166336101448,0.0944904601591926,0.518691652256375,0.0105123453430848,0.633832792762103,0.0357208617024137,0.505508880094029,0.0025297126434639,0.687424611387755,0.045964998244734,0.51457268265934,0.00903849695648701,0.796687933087699,0.09334225103749,0.509073417024382,0.00528408712239692
103,50.5,29.011491975882,0.669710069882745,0.0453495349660618,0.504114542039893,0.00495022457527816,0.649629658054529,0.0406566376951177,0.511315263601754,0.0112487396549603,0.806543817076836,0.0926597207272038,0.518392489981316,0.00968209151369463,0.63309941642242,0.0359529029596216,0.505551658428556,0.0031816039889863,0.6868645807778,0.0475594429053853,0.513614738125499,0.00667351292965073,0.798396599367279,0.093171105285394,0.509182726166778,0.0050502981325354
104,50.5,29.011491975882,0.670467094622062,0.0456406003219638,0.503318315178048,0.00361275848054982,0.649631646063328,0.0408804326910402,0.512945407926166,0.0116298912247556,0.80790907060212,0.0891672748025313,0.520325115838296,0.0102512887760878,0.633387130389074,0.0353250911658451,0.505548319705149,0.00336787587474141,0.686975897357627,0.0481217749826449,0.514059310562803,0.00738563979634084,0.799108663503902,0.0917003247262156,0.509818127734948,0.00535414050465787
105,50.5,29.011491975882,0.671353716875897,0.0451493331662398,0.502480075495298,0.00240992351724353,0.648996467242479,0.0396370871099287,0.516328624965438,0.0154214044352427,0.80709297932589,0.0877885709535852,0.519438872300951,0.00928476946454827,0.633582632406786,0.0346672366175689,0.50660771379282,0.00411798933093494,0.684400134025594,0.0478302450555834,0.51258634418751,0.00671355573399773,0.801826556835225,0.0899440744193385,0.509047938708532,0.00534329521971094
106,50.5,29.011491975882,0.672249184932551,0.0455675112630551,0.503152939981829,0.00305177856373447,0.6477318966286,0.0390505296531,0.514357144710332,0.0127318720968045,0.809980877211894,0.0869042885710747,0.519125458169324,0.0111481148825994,0.633830430310058,0.0352444541249531,0.50579980823407,0.00415032179596245,0.6839323818205,0.0490707575119165,0.51233093207632,0.00820196486981078,0.802243668046537,0.0864761611055005,0.510495888064415,0.00650015162830716
107,50.5,29.011491975882,0.672953805976308,0.0463034170713683,0.503231989352113,0.00308444274345873,0.647082474273735,0.0396783086362931,0.513311891592255,0.0116928805096539,0.812233445694594,0.0853490282243464,0.520106315599721,0.0103764573276654,0.634003672575955,0.0356133245960337,0.506099817591844,0.0035224128956815,0.683480518226773,0.049770402583039,0.512186930501433,0.0080956623108282,0.802626416877477,0.083495496984164,0.510810476554178,0.00647232492906475
108,50.5,29.011491975882,0.673648588730843,0.0465813454448152,0.502803159136719,0.00279312999318522,0.647060663950445,0.0398731654293441,0.513007020488497,0.0114527986154094,0.812629432244285,0.0822239732075039,0.519913926989676,0.0112205569810399,0.634460198842889,0.0361094399938393,0.506294649901537,0.0042961841827306,0.683275555989745,0.0506693419489483,0.510483902053525,0.00652625778087734,0.805251836401827,0.0822474513014298,0.511154419100081,0.00729143073986815
109,50.5,29.011491975882,0.673194755583883,0.0469574353066505,0.504845694231014,0.00558557725089586,0.645682591421754,0.0398327643911711,0.512395604845475,0.0131938981945954,0.810223387160221,0.0828288390316626,0.520897558831588,0.0115564148717168,0.634666869330604,0.0367730246698829,0.507740336201707,0.00584548423944169,0.681742229787861,0.0507606117580674,0.510273896821107,0.00733156314032859,0.806205839561784,0.080885956144439,0.511464009734453,0.00783989986240098
110,50.5,29.011491975882,0.674337522513938,0.0472581988692461,0.502506236578773,0.00239300054713087,0.646727882332644,0.0411971987778641,0.515319429572895,0.0136983739405642,0.809801219190701,0.0829514278992965,0.522360327108188,0.0129478143449668,0.634310073582764,0.0371181098967568,0.505571700349333,0.00377714498261499,0.683423851787867,0.0525341882936089,0.51470344377935,0.0106586098889793,0.804153918930443,0.0812865724992836,0.51264154720028,0.00844843902613537
111,50.5,29.011491975882,0.674100739187769,0.0475877272878311,0.502765319846194,0.00266590731489688,0.646842177937331,0.0418965535964835,0.513063562826299,0.0125235158954057,0.810157276009996,0.085013765462987,0.523931161870553,0.0138643599257955,0.633903963249929,0.0372932873504712,0.507102758010104,0.00551822536624741,0.682657567286806,0.053437099935116,0.513176566533344,0.00883079080596884,0.807112961377241,0.0822273888335875,0.511633248720086,0.00766891197507267
112,50.5,29.011491975882,0.673415500867667,0.0478680496866813,0.503402814497007,0.00375184739063095,0.646972892351671,0.0434165220932725,0.515976023635006,0.0147075822400734,0.809055701385195,0.0846434266087206,0.523040450214977,0.0136779589159952,0.6346586606805,0.0371688704881445,0.506687302814035,0.00576604768793852,0.682504899071043,0.0555755048337854,0.511340223483978,0.00846836283038618,0.809262624745896,0.0824518685154739,0.511592976603385,0.00773201782401118
113,50.5,29.011491975882,0.674620713024834,0.0494132256606329,0.50317808672222,0.00344099342410329,0.647710386326782,0.045309204792516,0.514218433737041,0.0136223561986319,0.806584880723331,0.0841558565836912,0.526667604754244,0.0148262695410882,0.634044383592655,0.037581811254531,0.505788502736803,0.00396340816241048,0.683649848800968,0.0577725402290709,0.514479571767934,0.0111710170490492,0.809004568361206,0.080654684672021,0.510952694511607,0.00758678648140318
114,50.5,29.011491975882,0.673352959585717,0.0511321433271562,0.5031344738381,0.00323041450336975,0.648202967259078,0.0466171996655173,0.516875540342939,0.0131129419760509,0.809947170534013,0.0836401830075647,0.523179154989553,0.0112012353025211,0.63373712548745,0.0386967497282623,0.505432322916197,0.00374923853985176,0.683370582486518,0.0593302137125021,0.512319268941332,0.00927673236556109,0.811517324837944,0.0814299160495395,0.511117270611704,0.00725189765678832
115,50.5,29.011491975882,0.673964563613296,0.0527381191348691,0.502502933339465,0.00239933940101974,0.648580506191518,0.0467449022814459,0.518145720612019,0.0132509498316129,0.811131755408964,0.083868560059374,0.523470078588025,0.0115226691041873,0.633038281032343,0.0401630389539875,0.50599685000082,0.00400520458210677,0.683573125978067,0.0598252735110632,0.511618534611854,0.00832643544777565,0.812224593192552,0.0818755571791608,0.510539056795758,0.00670277273583211
116,50.5,29.011491975882,0.673900670538048,0.0535521521261679,0.503203996760156,0.00329772676265325,0.648692410019161,0.046279847507882,0.516667012535489,0.0124853203092039,0.80974545091836,0.0851739476999345,0.52273589990692,0.0106508037602754,0.633371127751742,0.0411621470721085,0.505337275311814,0.00456142466554395,0.68503450259681,0.0588999152580255,0.514034431638822,0.0102415460759302,0.809460677115388,0.0819262413347769,0.510970881393761,0.00641145687786836
117,50.5,29.011491975882,0.674534617218817,0.0543157399096491,0.50183700295981,0.00107222726594937,0.650258468163388,0.0452536644176658,0.518084686183828,0.0139109724874372,0.808544670875521,0.0872421709339493,0.521696386424096,0.00985713106310776,0.634090818630201,0.0409362626295053,0.505979733100128,0.00486123523511665,0.685333562320151,0.0572454324941846,0.512180058402754,0.0103922191917363,0.809747392674722,0.0824685034229019,0.511243799116812,0.00618296063969734
118,50.5,29.011491975882,0.674080614881933,0.0545893536241879,0.502367201932607,0.0025052539184092,0.650629502194675,0.0435802752215476,0.516938444626455,0.0130752978510235,0.80807182620864,0.0872214978841427,0.521395020134597,0.00898588022182562,0.635440703657509,0.0412784158713279,0.504871984078076,0.00280046409549047,0.686907958436452,0.0560745674091051,0.512254669991269,0.00847070638508592,0.809869342160675,0.0852878053064012,0.510720915907325,0.00552486516214139
119,50.5,29.011491975882,0.674468951328547,0.0532753029133762,0.502070148348316,0.0018170924117149,0.651400632171289,0.0413875563283334,0.5173756408922,0.0134272794403789,0.808330948079065,0.0872284911408776,0.520037567367688,0.00835865661956238,0.635371889526511,0.0402794609231593,0.505451592463515,0.00358079933988017,0.68699465665017,0.0537983007490525,0.511176748992775,0.0079849686990279,0.808960149289767,0.0883671096390644,0.511409016884786,0.00827343209483456
120,50.5,29.011491975882,0.675356742355709,0.0508432543676762,0.502169203226935,0.00207620439951064,0.651994881635011,0.0385626058806419,0.51632369406907,0.0127188815288708,0.809512135602304,0.0872158642665767,0.519253481504727,0.00787037685468383,0.635783521480987,0.0387820887842746,0.50535641355774,0.00377672621793032,0.688688767378765,0.0514616777649421,0.511638928985948,0.00896273919984497,0.808596108581721,0.0897687055572032,0.50963145395584,0.00485361742284753
121,50.5,29.011491975882,0.675329372362418,0.0482773744412606,0.502310282556956,0.0026311170868439,0.65286677591277,0.0361213124682796,0.515350724552253,0.0138965978054449,0.809740723503775,0.0855694126686155,0.519064734460446,0.00815998881331049,0.634951263899958,0.0374280649410033,0.505732552479116,0.00407023091994165,0.689762338568257,0.0487780693970479,0.513422079375301,0.0105752999850059,0.805327394798734,0.0893124334019546,0.511605839860573,0.00726281799906953
122,50.5,29.011491975882,0.675612694727253,0.046966781941706,0.502559877662203,0.00274676989886663,0.654034974287559,0.0337306744842693,0.515998359173025,0.012837234289517,0.808806992443787,0.0853631409614381,0.518178202549827,0.00674906618843777,0.634903968099865,0.0364280020902028,0.506538457279932,0.00501958604392755,0.690578156104924,0.0455921671751512,0.511101897398313,0.00770092035082968,0.80711908276988,0.0887127034686471,0.509838081926536,0.0054139572171477
123,50.5,29.011491975882,0.676689133669108,0.0460001631171218,0.501701889375812,0.000670205954321118,0.65471343163687,0.0318915950780642,0.515410020166322,0.0129390921218444,0.806899551165238,0.0825223120666991,0.520912403119848,0.0137859068672611,0.634863395556846,0.0354057954696922,0.506925115902478,0.00489360455150402,0.690850465125414,0.0418698917463478,0.51187276137138,0.00795621086813905,0.805650784483981,0.0874786212451291,0.510141814242822,0.00608440573336353
124,50.5,29.011491975882,0.675691353558991,0.0454067208135903,0.503067349349851,0.00345678535927795,0.654846697774132,0.0306138811965741,0.513561024255624,0.0128898394490319,0.808578768875758,0.0818329539548136,0.518443660980908,0.00753912102968054,0.634289555550091,0.0346573697124886,0.505995612510137,0.00493060896453481,0.692191073958793,0.0397312861544036,0.513408629924835,0.00980686309939991,0.80642099170606,0.0827689034960641,0.510145395182926,0.00568667709672045
125,50.5,29.011491975882,0.675871361887108,0.046557963495643,0.503039205321015,0.00315263884661349,0.654483587874485,0.0297018697955725,0.513616760812691,0.0123531819474625,0.808019218512357,0.0783661201423018,0.519219813376746,0.0106552214224223,0.63298448723962,0.034585773891769,0.507948888461241,0.00494290160332572,0.69246656247289,0.0386735239136883,0.514927880457974,0.0147262539026363,0.80162934327439,0.0788646228437441,0.511658636370003,0.0073588143536187
126,50.5,29.011491975882,0.674490791122961,0.0466751810760631,0.503024178300195,0.00370712869974849,0.654830128870484,0.0297216262227433,0.515164057351289,0.0126664358327298,0.810112799925463,0.0763628763116352,0.517973917091508,0.00951844743894542,0.632706062576509,0.0352466055156737,0.508309000235863,0.00532316956630915,0.692397557019453,0.0386375841078844,0.512291550052385,0.00853331319104038,0.805872333896029,0.0771461660403749,0.510992388818108,0.00584933093218611
127,50.5,29.011491975882,0.674292853234237,0.0475017019502715,0.502031367300249,0.00160090043992109,0.654999019405654,0.0295334706640034,0.515809432516714,0.0131553720339308,0.807497155518669,0.0757379480163849,0.519482837127744,0.0143880910107349,0.632088910683606,0.0363607616856918,0.507531218668265,0.00566589300513524,0.692232792093329,0.0383176683090669,0.511548482621756,0.0100220180593256,0.808350469115084,0.0743164287236479,0.511411468699218,0.00586517195179658
128,50.5,29.011491975882,0.673575754800773,0.0476423546805247,0.503545937044714,0.00492913059541935,0.653601882129779,0.0298985639151789,0.513144582535771,0.0118362532077192,0.801710200950346,0.0770059753706923,0.52320727183059,0.0172132744165035,0.63233901199961,0.0370461208036879,0.507011938817683,0.0048135846575662,0.691731601062444,0.0387116466257697,0.511370538461601,0.00757932171814209,0.808575114595875,0.0717144907264278,0.511814246941341,0.00657418974198627
129,50.5,29.011491975882,0.672826742328623,0.047593368847693,0.503243290243535,0.00386896073650072,0.653907279415136,0.0301003103342921,0.516105471260787,0.0147671163220002,0.808384219770306,0.0728996412446876,0.515869657062558,0.00738576478388047,0.631572222169805,0.0369914084962064,0.508541322277342,0.00619329337167399,0.689760539121576,0.0386193277765304,0.511471943338517,0.00799080134808755,0.807110524584342,0.0697067236128003,0.512170446780246,0.00702066347332577
130,50.5,29.011491975882,0.671856794916691,0.0482272136881925,0.503310890596089,0.00325902373878522,0.653720624904492,0.0307040597764796,0.515947090657746,0.0149265561537894,0.80783152222478,0.0744892512997652,0.517418300924876,0.00987198111246273,0.631590810280468,0.037685401200745,0.508047117933048,0.00554834741801076,0.689666416216886,0.0388116204015002,0.512431618685446,0.00931602925046101,0.807306607304791,0.0686083039494305,0.510282943924743,0.00458558531246621
131,50.5,29.011491975882,0.670518277088666,0.0490890456588213,0.503434517798656,0.00368213949606718,0.653044460751364,0.0310829234392825,0.516677141890998,0.0139894285897298,0.806982748433519,0.0748038675308209,0.516535547584036,0.00826218235605003,0.631208317781241,0.038921254761817,0.506397179389056,0.00360553729027405,0.689866350691238,0.0395325383965963,0.514676616133479,0.0120094261318057,0.803995857837254,0.0695822312821383,0.509857301183363,0.00428645362399208
132,50.5,29.011491975882,0.669869491623941,0.0502683855451434,0.502300901511937,0.00178666576446846,0.653042326514144,0.0325765375277573,0.516463980260059,0.0142013424470994,0.805224970015625,0.0771040208110523,0.51789680049735,0.0109407755765471,0.630147640892427,0.0393328332561442,0.509191647152087,0.00526759713378566,0.687935833329584,0.0402993872935986,0.513118225428006,0.010716671741472,0.803612431569346,0.0707625025799537,0.509577322553459,0.00432179223069828
133,50.5,29.011491975882,0.669200371657471,0.0517641480389486,0.503059208985698,0.00273858744696195,0.65244400451782,0.0332793452691998,0.515542880232386,0.0133076981492275,0.802505250700029,0.0817848072915968,0.520652235514755,0.0168053686552296,0.628734050283703,0.0398168002701478,0.510153755769853,0.0059817266940277,0.687349023819804,0.0407533602173545,0.515595711611652,0.0117282808075297,0.801752258741737,0.0760574863161394,0.510487919954866,0.00617240767590116
134,50.5,29.011491975882,0.66836661587148,0.0521847893151472,0.503026254071207,0.0027876388764347,0.653546103824239,0.0338202682413329,0.515515284822384,0.0129028420539741,0.805718099443596,0.0876772407730896,0.51624309418724,0.00876104547840237,0.629891549171505,0.0408385162551365,0.50693088206428,0.00455112442047574,0.689334237504713,0.0419841066279655,0.51600819888648,0.0117044941737815,0.802434531003428,0.0807509605460856,0.511630545195059,0.00815502820076128
135,50.5,29.011491975882,0.667873659263137,0.0519046134189766,0.504197345492008,0.00416587657102277,0.652989614215948,0.0341318632706157,0.514291264228061,0.0131597916589814,0.805264476651439,0.0936712817310978,0.516285750127353,0.00834279925515743,0.630155880728598,0.04054386779212,0.507678268197091,0.00438444621187406,0.688294392850111,0.0425667828244876,0.516319001292565,0.0121267407553729,0.802503247298852,0.0846463708008709,0.51258854724005,0.00827539530331056
136,50.5,29.011491975882,0.668931599080249,0.051150683076883,0.502375786230034,0.00181002361631972,0.653117245233141,0.0359495327428672,0.515971216423964,0.013314535347755,0.806719429592747,0.0935495972040156,0.516744118938589,0.0105420430011342,0.631155116166358,0.0401960055289191,0.508148445422044,0.00438248405882071,0.686673142214033,0.0434566620109452,0.513686430642457,0.00880456028668587,0.804738561067641,0.0878509899614061,0.512103740934994,0.00854958515634959
137,50.5,29.011491975882,0.669218849936489,0.0503218964497436,0.502680612678411,0.00270296081976668,0.651950438834345,0.0380419082872624,0.515239183363985,0.0123109512961418,0.809464649687601,0.0946548611307593,0.516112795768788,0.00933353945858631,0.631859815787888,0.0400203291310285,0.506219057129615,0.00336309643280031,0.686335566271032,0.0457945952544165,0.515041652048077,0.0104219276864631,0.803677135902283,0.0893064582265253,0.51178298487637,0.00826684714038869
138,50.5,29.011491975882,0.668331589625519,0.050263662411848,0.50256712603187,0.0030121534898991,0.651706513318341,0.0403566314818737,0.514503567511781,0.0118937384053847,0.810292746775804,0.0954135622869117,0.516546666166474,0.0113465841997385,0.630634346090495,0.0399334844927308,0.507716892179742,0.00520618250862559,0.684516721934996,0.0489544608574637,0.513590111429193,0.00798483822034982,0.804473875838852,0.090539027169059,0.511476849441073,0.00775586159258388
139,50.5,29.011491975882,0.667626003232333,0.0506912345656163,0.502705183877747,0.00250914627749168,0.651531398083379,0.042027309364635,0.513134568546652,0.0113290353469464,0.809295362066336,0.0960612145761865,0.51720685508418,0.0111507734731419,0.629369871120327,0.0401126768941962,0.507001746193206,0.00388762530601656,0.685637812026321,0.0514858480112016,0.51557720789083,0.00926908561884142,0.804250215011887,0.0904395760761641,0.510614999091001,0.00742597142581337
140,50.5,29.011491975882,0.666850281494934,0.0510924757036497,0.5022047247866,0.00179760884627835,0.650953713115926,0.0434033971548221,0.514099838287132,0.0111925284216621,0.808376608778622,0.0951824761714499,0.516258943662551,0.0103555263205956,0.628989457712538,0.0395663218854211,0.507531101172413,0.00572862370972988,0.685829561956105,0.0545631499350391,0.515956398779583,0.0120189847058136,0.803809247910085,0.0894700321701615,0.510769744674645,0.00685135744011492
141,50.5,29.011491975882,0.666428120514809,0.051879408813247,0.502949206125216,0.00317304806310355,0.65064821364739,0.044318941437161,0.513778414866004,0.0111610543910514,0.80782092249317,0.0932256738785017,0.51635083065879,0.0107636354186185,0.629250513757341,0.0399937648989633,0.507912971774863,0.0049608150290815,0.684637169238501,0.0552779004133014,0.513860053209396,0.00927979101335975,0.805746883261264,0.0882138494049622,0.510961028476219,0.00718489920268536
142,50.5,29.011491975882,0.666131537849471,0.052692730833864,0.502888582983218,0.00269105284553412,0.650073579697944,0.0446619862597157,0.513078698333766,0.0119573791276857,0.802415117507576,0.0924494179576082,0.517854425651095,0.0132811999694078,0.629038480987984,0.0404146098375725,0.507364980245149,0.00543040096270111,0.684469314157134,0.0562760320980167,0.51419138266598,0.0093674686322738,0.803998485775151,0.0874916379996754,0.510973281694652,0.00683432882599628
143,50.5,29.011491975882,0.664448955423815,0.0533368814398385,0.5035832309558,0.00457997624026275,0.649772521299563,0.0452477531904597,0.514004955089543,0.0122094676240243,0.803311397966469,0.09271222981119,0.515363067850375,0.00984999535236071,0.628665516908843,0.041274147913921,0.507080815321075,0.00371192852648592,0.684196132102525,0.0570987039201635,0.514933083161371,0.0122691011651429,0.801338455149219,0.0871016542221174,0.510516314792893,0.00627464471479458
144,50.5,29.011491975882,0.664629298428873,0.0541599732920516,0.502584596306053,0.00226701652295119,0.649554489082217,0.0455306065755475,0.514537240474319,0.013227732524499,0.802071948946764,0.0956988594630275,0.515605624252002,0.0106318131792293,0.628575756015832,0.0418056465694824,0.507413806047211,0.00416297789110988,0.682060381502706,0.0570095211427401,0.513233330980732,0.00930327171195412,0.801422162798421,0.0873682390198835,0.511780838404916,0.00908042681431642
145,50.5,29.011491975882,0.664616212226576,0.0549557826582512,0.502328350658417,0.00230944787449112,0.648558038695205,0.0458125884947343,0.515418277782398,0.0127527753111491,0.801583720637297,0.0966454505635474,0.514628454794478,0.00870248606124267,0.629142084037836,0.0421387597656783,0.507344710808617,0.00457611014645926,0.681201974488931,0.0579438053251613,0.513872516382502,0.0104158766042105,0.800632050056884,0.0875920430257868,0.510046499105972,0.00610613316569813
146,50.5,29.011491975882,0.665852039681845,0.0546366263601586,0.501770855124045,0.00118363835239134,0.647637261174939,0.0462710228854351,0.514294716759792,0.0119108185509191,0.798667325530336,0.096153272597389,0.516826816852625,0.0138569826346733,0.629545853069752,0.0426160962274707,0.507616028223536,0.00429056801010076,0.679040809811027,0.0587422999301238,0.513707142108626,0.00898438807451126,0.80082638872485,0.0880440185730217,0.510017438226283,0.00597655297902887
147,50.5,29.011491975882,0.6664211588296,0.0550398439070732,0.502345446421612,0.00229627904273005,0.646058346219725,0.0475796045488748,0.513436201354806,0.0114325624493102,0.79823678372809,0.0945241083399663,0.517987598617777,0.0144241331178368,0.62989771224459,0.042984058459282,0.506669570709225,0.00349237795740233,0.678060012459118,0.0604775312768768,0.514197611713044,0.00836891484613106,0.800740736220444,0.0876681570895198,0.509640092813418,0.00545632418333021
148,50.5,29.011491975882,0.66571154180563,0.0547695304493488,0.503541467777634,0.00312037417483058,0.64505263389916,0.049254998582232,0.51254495682463,0.0120597195463953,0.800089214926171,0.0971703710917428,0.515064782932735,0.00814184184764428,0.629985737445572,0.0435813693582128,0.50723573814983,0.00450984690792963,0.676250858446231,0.0621074754917693,0.513161756587555,0.00795873135959289,0.80102696153,0.0877558293071416,0.509871322475367,0.00575058045249135
149,50.5,29.011491975882,0.667059017394745,0.0548765620346301,0.502592599790728,0.00238226459284636,0.644752053474084,0.0508039497229932,0.512133317673698,0.0123064960307001,0.800178030280177,0.094478515722625,0.514925707032572,0.0100614328347225,0.630102583225568,0.04412031567214,0.507836208691336,0.0045869896149574,0.675099397877409,0.062990992282535,0.51171581443577,0.00717175667995871,0.801523493926415,0.0857103854805099,0.509999354167731,0.0061089709014327
150,50.5,29.011491975882,0.668096895306263,0.054144593204856,0.502089344434453,0.00126512004724356,0.644744264601766,0.0514343585538914,0.51212130048309,0.0139954118068477,0.800597960751572,0.0917541298884473,0.514401931285829,0.00954975047418345,0.629871597394016,0.0429063669702963,0.506898995830263,0.00328556162589597,0.675886533805165,0.063970294966912,0.514472896567046,0.00925064923018657,0.801866888222041,0.0837146944708462,0.509393195613337,0.00516159184803171
151,50.5,29.011491975882,0.668767449987605,0.0530008734263399,0.503471682972559,0.00347102467945426,0.644574402961491,0.051389762303194,0.51215764076822,0.0144406459132221,0.798750212225232,0.0897366634609319,0.515589294591809,0.0116207112321105,0.630904273847414,0.0417901048433689,0.508702432542972,0.00497656236452805,0.675347610298267,0.0631818966896162,0.513149416414787,0.01024136304692,0.801616459167983,0.0805619533006587,0.510301754308829,0.00652024487637717
152,50.5,29.011491975882,0.669848776753082,0.0519591399865931,0.502607303043526,0.00232638488589397,0.645610437165883,0.0506861845841334,0.510988699018597,0.0126259726118312,0.800420456818121,0.0885653477578859,0.517474476947834,0.0109339567607928,0.632131385939441,0.0402520544378497,0.507838960427828,0.00443976082301475,0.677574653460358,0.0617591892826868,0.512040173253314,0.00783681348844657,0.805396508922403,0.0809144163814451,0.510302088518437,0.00711720107975338
153,50.5,29.011491975882,0.6708899543453,0.0507190667148707,0.503094081542044,0.00307398405942543,0.646466311311541,0.0485168895900467,0.509994878664755,0.0111637878358753,0.800806158453181,0.0880837829921125,0.518340320408512,0.011544499313024,0.632855524107256,0.0385834957777366,0.508904580780099,0.00575923721867545,0.678449814243,0.058747436806592,0.512434412286623,0.00803437823103263,0.803743037734193,0.0796120600919086,0.511021217429592,0.00776743863741784
154,50.5,29.011491975882,0.673059831371058,0.049763858647329,0.50211448970336,0.00152905365231677,0.647517026821152,0.0462161226563838,0.510785897973391,0.0115418903107278,0.80223614329791,0.0874564538526426,0.518582284646421,0.0134302913000413,0.63397838444402,0.0377699587338962,0.507521689607597,0.00496943252243973,0.680545352443647,0.0558727271834243,0.513561122754085,0.00975528533193106,0.805105585160303,0.0808935714237047,0.51159663254626,0.00775195413295388
155,50.5,29.011491975882,0.673904253453461,0.0487473563783044,0.501976230184542,0.00124652638898719,0.647388475396432,0.0450927858231402,0.510260046545371,0.0109586241295527,0.805211135385034,0.0862788861780483,0.517193753208607,0.011554352777614,0.63463051334763,0.0374115897638011,0.50768168366206,0.00554781639919993,0.68090400116399,0.0542799138654702,0.515012617906582,0.0119450750281399,0.805826492827864,0.0780961586289713,0.512272159788095,0.00795944410430562
156,50.5,29.011491975882,0.673707215732518,0.0483710836853544,0.502433515221649,0.00251138932898463,0.646952412996909,0.0438284104674364,0.509774050813013,0.0102838336255734,0.806782746687992,0.083575025871304,0.516879237984499,0.0108126629061576,0.636501747647517,0.0368497662305251,0.506471016043429,0.00278245835340533,0.681311885497542,0.0527973117874694,0.512450718706489,0.00888428225672792,0.807625020871068,0.0780937690093863,0.513720677147139,0.00968537291978174
157,50.5,29.011491975882,0.673633853513378,0.0479731464946956,0.503526956199045,0.00450912747640216,0.64675412804022,0.0425418347129417,0.509238708053903,0.0101655706982596,0.808199601957919,0.081202027457577,0.517876770693308,0.0124008920334064,0.636300910200446,0.0361202974519725,0.506946471148551,0.00440405952657454,0.681145259061076,0.050926470354154,0.511104262106565,0.00669722049131767,0.811020279984966,0.0755297896813285,0.511853553486512,0.00730784855638051
158,50.5,29.011491975882,0.674294178444255,0.046856937624883,0.503194253216976,0.00362623454775338,0.64585125066829,0.043258008734291,0.510189010330763,0.0101640607719041,0.807875718418827,0.0780216045359474,0.521840081536387,0.0181868944465822,0.635343601462654,0.0356601713939126,0.508529038360935,0.00543278902007466,0.67982161104144,0.0510830519971315,0.511995961920409,0.00888248760128925,0.809967479430403,0.0730359983982787,0.511862924524575,0.00713543122001613
159,50.5,29.011491975882,0.675553043536037,0.0466313835961951,0.502350084430388,0.00217541175343316,0.645695842141068,0.0445897410385375,0.511111279511032,0.0118620629654888,0.810015299267973,0.0763080116426616,0.5186903047573,0.0132779249003399,0.636979068637532,0.0351340735556342,0.507072812796605,0.00397056704267991,0.679024408008596,0.0528389697945018,0.510775509082233,0.00762583982389582,0.811924458317097,0.0711174670012297,0.512124541249877,0.00685059022510701
160,50.5,29.011491975882,0.675472492463264,0.0455008323471571,0.503022237746978,0.0029647381879839,0.644287043813235,0.0467852702346722,0.510744816044209,0.0112879161657643,0.809129264444635,0.0748651926501609,0.518153443753992,0.0134865808087759,0.635226364297292,0.0337984167661027,0.508863050096332,0.00591380984561132,0.676669309934063,0.0564796009296184,0.511899338226595,0.00967920013105118,0.810975810414166,0.0702496580963039,0.512353876996438,0.00733750544751291
161,50.5,29.011491975882,0.675224393501538,0.0452748584574348,0.502567014931277,0.00281657488995629,0.643552096830842,0.0491452755793492,0.510893000382758,0.0126212456795757,0.808924733227698,0.0757159786865542,0.518917008408099,0.0127988767932776,0.635343719286232,0.0321362103045104,0.506342104732577,0.00322244540338207,0.676736999784517,0.0604991767952953,0.51416925852058,0.0108085840093405,0.807088221732473,0.0703957578119416,0.513093370805074,0.00803468243701924
162,50.5,29.011491975882,0.674816790373504,0.0452685625673576,0.502008953124049,0.00148569120262945,0.644248331393231,0.0504770645059548,0.511134659137408,0.0122986955824404,0.811549851387413,0.076948370864597,0.518598242825704,0.0119973084504341,0.634804320312753,0.031579339424132,0.507518860058372,0.00487981178487263,0.676028829387585,0.0633323605347052,0.512066128340449,0.0102427902306727,0.809572106444844,0.0702166502967786,0.511027417242289,0.0065923192431444
163,50.5,29.011491975882,0.675148673696744,0.0454494449010029,0.502530442841267,0.0029695465364236,0.643450747855436,0.0505426166581837,0.510766606356914,0.0133425163428661,0.810775743899462,0.0751319943421785,0.521553704607711,0.0170777618753841,0.634065740874541,0.031021728735401,0.506911704778301,0.00350165075072446,0.67588618893552,0.0646242880608077,0.513642211054229,0.0103454113800362,0.811955937223446,0.068267868680203,0.511031538042529,0.00604580173713433
164,50.5,29.011491975882,0.675076939869475,0.0447730489290372,0.503231607128074,0.00384312331183704,0.64348998121086,0.0507712149809457,0.511098589674651,0.0114963867612057,0.817922983437922,0.0762452592452609,0.517498174458184,0.0103990317685608,0.633511245398734,0.0300975103045922,0.508837585166345,0.0050801879594135,0.67378833014948,0.0643602518127537,0.512288824405703,0.00860050953290494,0.814205982418734,0.0666652853025875,0.512117033628505,0.00665538000442546
165,50.5,29.011491975882,0.675499199247914,0.0444844419262064,0.502834798222168,0.00288226788111814,0.642836943235736,0.0502121739961296,0.510884756296306,0.0116768809023642,0.820248343370351,0.074812723968419,0.518795525790497,0.0146431691270065,0.634546962136597,0.0301122520418392,0.506413323726185,0.00397111881608175,0.674560551398596,0.0651033145316902,0.515629110388839,0.0112228172325784,0.815341226909038,0.0637578829143232,0.511178917715594,0.00616147878646683
166,50.5,29.011491975882,0.676236639406753,0.0424426050626982,0.502762522859441,0.00297789343571916,0.643132197326306,0.0510650609238597,0.512474654734833,0.0146796038072327,0.822536215169856,0.0732707061451189,0.516210952381302,0.00931391935836154,0.635370656862739,0.0295980715573169,0.50801151934511,0.00470093424634294,0.672730823189355,0.0646718762939944,0.512982894205802,0.00905983210913946,0.8186082477548,0.0594836794430287,0.511067976077858,0.00603260750352562
167,50.5,29.011491975882,0.677371603691111,0.0406645800081388,0.502241842235484,0.00158165222954495,0.643084094022232,0.0517706039984382,0.511795952623493,0.0138807624970138,0.823914430810002,0.072426437691852,0.517511517619206,0.0106354044219121,0.636371096770265,0.0287912349062666,0.507770264501393,0.00512000545825785,0.671995595922145,0.0653173994818203,0.513487654861241,0.0116962824670103,0.82048556024009,0.0578044909343275,0.511027989452119,0.00565526629436432
168,50.5,29.011491975882,0.67811431497017,0.0387526587586449,0.503268806583903,0.00313485457468103,0.642531799044636,0.0526764726933639,0.510581567111614,0.0129192243531692,0.82375589316722,0.072632173420127,0.516696409326691,0.0102227445820375,0.636082579562888,0.0282290186151643,0.50749014986728,0.00624432907739344,0.671795652442324,0.0665032157761351,0.515218922385958,0.0143380992858869,0.82010494004745,0.0582862331945549,0.511007167418444,0.00555877682966273
169,50.5,29.011491975882,0.678160340317755,0.037447538393853,0.502660989554411,0.00298248155576929,0.642451480356548,0.0527844134183431,0.511166039982477,0.0134810037940322,0.824057421310887,0.0733636595937468,0.517882494352833,0.0104959808466136,0.637160862888446,0.0278279369271793,0.506720853824004,0.00406784461349972,0.672027842178368,0.0656574345013825,0.512280378850776,0.00998914136745087,0.822002391651299,0.0593124057563856,0.511100162797574,0.00661720775228719
170,50.5,29.011491975882,0.677816046759566,0.0367634975486126,0.503486944008604,0.00350027123371756,0.642270409511662,0.0523912113838566,0.51219704801407,0.014430313505218,0.822199454994089,0.0745559619792351,0.517948859151597,0.010764364533888,0.637589276679092,0.0277312411645664,0.506581158214454,0.00386505870037094,0.672609905359797,0.0655576192277727,0.513602669052134,0.0119177275882547,0.817294238329769,0.0615737706489686,0.512379851383299,0.0084546378600467
171,50.5,29.011491975882,0.680206555752346,0.0367843231305257,0.502708756034748,0.00279670733310489,0.642795096028842,0.0523140320031978,0.511804437884871,0.0141389489114516,0.817445577679149,0.0759023599754598,0.521156366329178,0.0140680808621125,0.63843787715518,0.027486361574082,0.507198328562983,0.00417417301165166,0.672624859231055,0.0645678582676636,0.511695543587142,0.008576868482482,0.820973963915174,0.0630020279383017,0.510253028598641,0.00546336207589991
172,50.5,29.011491975882,0.680468028297465,0.0360613022055587,0.503978269798837,0.00398221379710462,0.643043180182591,0.0518288610559935,0.510858749032503,0.012897161393183,0.814640311214797,0.0777807750588214,0.522076079543412,0.0154850489301009,0.639369772519933,0.0272461645492016,0.505829685262231,0.00304862381496785,0.674343234392955,0.0642401875779888,0.513511947572363,0.00939268966270312,0.819490691422967,0.0644964994476009,0.509819854453714,0.00551567760211736
173,50.5,29.011491975882,0.681271490980031,0.035867135695252,0.502940900081798,0.002808859450334,0.643722496465304,0.0518076677159393,0.512618697595061,0.0120615014107831,0.813403747989628,0.0765391588575148,0.521755668591397,0.0151941142681461,0.637947089471991,0.027210131321901,0.507896718621773,0.0057119507819245,0.67345174210857,0.0628394591551818,0.514276877208448,0.00984224669198205,0.817245531749216,0.0653288400749881,0.509613517016874,0.00515070886719188
174,50.5,29.011491975882,0.680247544856377,0.0356551596468679,0.503103796721836,0.00317604811286225,0.643635667331021,0.0512631591445086,0.512856718040605,0.0117760562969657,0.812915071220008,0.0734400359527953,0.52067265244184,0.016169473813704,0.638758841704488,0.0281611846885152,0.506381678755335,0.00378440040709722,0.674266616789406,0.0622570949581338,0.51339626223404,0.00906306117639569,0.817613592823638,0.0675575604647331,0.509222957315339,0.004910969368206
175,50.5,29.011491975882,0.679052737158783,0.0361438039317392,0.504182271766979,0.00345720790863491,0.643952115978487,0.0513058153754953,0.514380041440706,0.0139257654246861,0.813550976585148,0.0722781013748272,0.519332295059707,0.0133262761510834,0.636894271743052,0.0284822034235666,0.507457951108223,0.00527444913468237,0.675219716911867,0.0621322017581435,0.516389287678612,0.0130594023077278,0.813871868920192,0.067852993080712,0.509178998467657,0.00462618238249228
176,50.5,29.011491975882,0.68016275777852,0.0375729441094137,0.50269697486335,0.00192168795071686,0.644763150604055,0.0504407084627964,0.511316470552434,0.0114013197596594,0.813570245134368,0.0715860164613727,0.523243343759566,0.0177232676013288,0.638377039073914,0.0298284963091766,0.506792139259253,0.0039515824577445,0.675750070802207,0.0611640432056521,0.513106221711267,0.00837092371960968,0.814899140645149,0.0668696561072551,0.50960383376373,0.00530050568781422
177,50.5,29.011491975882,0.67910387974149,0.0384927178029993,0.503951101496198,0.00326049416314868,0.645969939959286,0.0488889660483907,0.510241307809428,0.0108958402634778,0.815504051095921,0.0712436175591284,0.520066660736929,0.0142509468570613,0.63782451150071,0.0306089989634899,0.506979178957934,0.00487327800587268,0.676294725038641,0.059947943042464,0.51382288334315,0.00889378475088101,0.814018961108454,0.0673081602411127,0.509341999222591,0.00517149600456891
178,50.5,29.011491975882,0.678813413398387,0.0392171823771503,0.503623960749876,0.00324729435381209,0.647983078693548,0.0474192245134171,0.510645944706606,0.0109341787493844,0.814500521159195,0.0716703390730593,0.520484193238328,0.0137775726073601,0.638254232089605,0.030821539500747,0.508329361403181,0.00506708336272334,0.676969851137715,0.0580501779237001,0.511414992145472,0.0081653639015927,0.813495714857866,0.0681133313453848,0.509250169857202,0.00570824755916111
179,50.5,29.011491975882,0.678508460500653,0.0401246715143542,0.503069315957693,0.00244459590853854,0.648875172165645,0.045342129065912,0.511949760707025,0.0110461245667748,0.81443711226785,0.0729509814957222,0.519963751032679,0.0131341778713028,0.638735287998348,0.0314122020881485,0.507838473745839,0.00443299487648951,0.677262487318808,0.0549292663713865,0.510431906638848,0.007405083317566,0.812367259010802,0.0692597377047469,0.510657486224978,0.00748834807822216
180,50.5,29.011491975882,0.677956874515551,0.0404078090823798,0.503859939385957,0.00402130363705091,0.648595178875166,0.0438100662812535,0.512690579550527,0.0113253176773327,0.810250364479895,0.0753737352894917,0.522040293604056,0.0141625397638268,0.63818726495952,0.0318538504387845,0.507438404728238,0.00539142034176915,0.678190736035,0.053900077152235,0.513227947747795,0.0103298331151338,0.806892840411955,0.0710640142962778,0.511163269377764,0.0080347205812244
181,50.5,29.011491975882,0.676988347051483,0.0401169817002792,0.503918151156278,0.00387512785617177,0.649965329084815,0.0431952684819144,0.512163615137638,0.0131956276885449,0.807491262903813,0.0778692432365283,0.520967336698418,0.014138825762028,0.637788348719808,0.0315143517759181,0.507506122779904,0.0046935323818941,0.678652221742547,0.0531975931280522,0.512653027643116,0.00814964733922571,0.804476677769807,0.0733990238311024,0.51157172813694,0.00827415173395687
182,50.5,29.011491975882,0.675786779061204,0.040854904141283,0.503692153829135,0.00397412150770571,0.650865192319825,0.0429251943144131,0.513446567640217,0.0130976387574513,0.803339161030632,0.080609048375792,0.519167454614039,0.0117743345872982,0.636848182582428,0.0312354678082739,0.507580999958166,0.00474638615537107,0.679164291272511,0.0528322128235196,0.512424998341584,0.00830578276882164,0.803717996853778,0.0779027113314299,0.510494851393663,0.00663443008448446
183,50.5,29.011491975882,0.675174897833471,0.0410586645054789,0.503295069045306,0.00324041631338362,0.651132397206724,0.042706385801987,0.512556377100388,0.0153767119028109,0.800886666919499,0.0849380819405951,0.520787990877544,0.0132732266063147,0.636131012746133,0.0314368441515694,0.507446257314099,0.00519227609299466,0.679556062710797,0.0524787280828519,0.512694560775024,0.00777853307258126,0.801645379165385,0.0825011837228515,0.510765273486944,0.00680797271451053
184,50.5,29.011491975882,0.674682219722232,0.0419419085191452,0.502290797713273,0.00142751613991489,0.65211255328246,0.0426493979334058,0.512463130651176,0.0150649718479562,0.799466836716902,0.0890899663923969,0.520917608890787,0.0131525394678078,0.636625682734902,0.0320866395616031,0.505920593488307,0.00309632210600632,0.680078304316179,0.0522352074725684,0.512185391361594,0.0071478830041426,0.80162225769043,0.0873893999855418,0.510989195945016,0.00655441835267396
185,50.5,29.011491975882,0.672856353943,0.0425176576384423,0.50327182188794,0.00319513357369081,0.6516020012065,0.0427579348398766,0.512759488721291,0.0193717803291715,0.79496187947662,0.0918824476481819,0.520512862211269,0.0120908585190046,0.636184797124411,0.0333541079275873,0.506239096000259,0.00344066730234928,0.680211060855143,0.0527634661708704,0.511695119391124,0.00717187982837803,0.799878348972888,0.0902295854913427,0.510191277442597,0.00654971591975301
186,50.5,29.011491975882,0.672600600699573,0.0440403876039731,0.503137042343813,0.00307874737016237,0.651570668016128,0.0429707966017192,0.512320889618734,0.0140338158281066,0.79637760692977,0.0946555680139406,0.520400410309677,0.0126652986049783,0.635848062713935,0.0344552476460911,0.505694590743699,0.00306859234880968,0.680706369723542,0.0531508930835256,0.511355559956971,0.00748869970482418,0.798443484618218,0.0937604883619773,0.510701321167762,0.0063868664940271
187,50.5,29.011491975882,0.672956282978548,0.0453560557432972,0.503534302928771,0.00371111903934147,0.650480107217299,0.043330918693436,0.511782989869351,0.0107481931616102,0.794364817565265,0.0985116864749715,0.52151947070891,0.0137865065240581,0.634905020962231,0.0349038699084816,0.507279623096937,0.00490891502263842,0.67936655543361,0.0541259600229039,0.510961195762316,0.00619168439692436,0.797563007914957,0.0982663977058213,0.509554351598266,0.00573405336586229
188,50.5,29.011491975882,0.672758072794463,0.0462200398730908,0.503314143093557,0.00341276090837769,0.650442007566079,0.044652036698176,0.513761126637434,0.0149999376579451,0.794171663019667,0.101526279144776,0.521295390961686,0.0151242701015611,0.635693864040238,0.0361169511080943,0.507172032550858,0.00526333193762716,0.679405525767636,0.0549510030861645,0.510989785255285,0.00569901942246534,0.79742728820574,0.101617218447645,0.510538544834666,0.00699454040441992
189,50.5,29.011491975882,0.673561910146868,0.0476774836627524,0.50205782511543,0.00138854729217761,0.650198256751376,0.0459910282543481,0.514409508351898,0.0134636014928358,0.793574062281139,0.105766612261238,0.521793883427323,0.0150091526078301,0.636016788287229,0.0368795418258577,0.506158494511713,0.00433973001097375,0.678784370899996,0.0561450927503878,0.511957720558704,0.00741337623904416,0.797244580068483,0.10395877720946,0.510666645812255,0.00638910979114405
190,50.5,29.011491975882,0.673948378705485,0.0483339546091426,0.502132205413615,0.00157402312998475,0.648890132352902,0.0471290179748705,0.514018125477317,0.0126182274343536,0.790789156488097,0.108046093163305,0.522801656953921,0.014704607063721,0.63660189635207,0.0378258546062744,0.505377260320552,0.00316294389176151,0.67779325457747,0.0576893077213942,0.512721371300826,0.00757829169399701,0.797256463675179,0.106130044971303,0.510296824466659,0.0059610300878297
191,50.5,29.011491975882,0.672666465737588,0.048835538648538,0.503448849630745,0.00321800784356285,0.647151085095073,0.0490702389468176,0.511680290254575,0.0109917427481495,0.790870021291859,0.114162692858072,0.520945694085483,0.012691110281505,0.63575209174599,0.0382042818966452,0.505198924587202,0.00308134126720817,0.676758175552325,0.0603385970923185,0.515093120114733,0.00898278632576843,0.795157466076981,0.108478281606001,0.509862065527142,0.00566578272865389
192,50.5,29.011491975882,0.673171127798255,0.050368492723991,0.502545523344857,0.00274851720409507,0.646293495586779,0.052293034367198,0.514050880284908,0.0124251781772282,0.786336013332453,0.116370381444405,0.522228404540288,0.0150764926867804,0.636153850209446,0.0390100692429367,0.506188412340315,0.00407209264776631,0.67445733272595,0.0644741695953743,0.511988683629421,0.00771270273689684,0.796242331245005,0.110468035233333,0.50974179137321,0.00540315193371274
193,50.5,29.011491975882,0.672370792207191,0.0510084858487901,0.504285652061798,0.00524501783403504,0.644249964946223,0.0543602024164528,0.512973874128688,0.0116186939932415,0.780625091169151,0.118253106719927,0.524314952637948,0.0161981482543634,0.635030011409112,0.0394828147693401,0.506312400609668,0.00397382582433195,0.673471283100039,0.067653250276596,0.513100081115818,0.00912534575148487,0.79358104830245,0.112444420240236,0.510326931098498,0.0067649852207159
194,50.5,29.011491975882,0.672387929884038,0.0521810227216113,0.503151410615787,0.00341613927898257,0.643310183035614,0.0571412537867969,0.514386581648336,0.0121574184613788,0.784998300539786,0.120506181081041,0.522472206075059,0.0159450263642842,0.634994156287871,0.0405637718933818,0.50594404008695,0.00368228333987962,0.672211499438023,0.0708177384660964,0.511551868174396,0.00685316878162753,0.794933532707439,0.115036332698999,0.510436269957201,0.00802802864309445
195,50.5,29.011491975882,0.672048506348382,0.0526143147545784,0.502765744973218,0.00323943070972853,0.641780046520629,0.0589481557644965,0.514938716297035,0.0132785979842697,0.785842089179979,0.120157395470126,0.522365870695549,0.0164297679843749,0.634408667546171,0.0410326460317679,0.505092715510928,0.0028407553070355,0.671721233841173,0.0739417278690011,0.51360609251282,0.00900430437285969,0.794712624178459,0.114288907809923,0.510533013186933,0.00806332148037082
196,50.5,29.011491975882,0.673220149457847,0.0521102950543078,0.502015808156444,0.00144022913949721,0.640526477073785,0.060578047306939,0.515560813311604,0.0129469096194448,0.782664446442492,0.118685490841273,0.524379225140219,0.0179225197504043,0.634211060434791,0.0411156608790073,0.505793018348045,0.00333449346516459,0.66969834723126,0.0758036638558707,0.512507380202616,0.00899214123395827,0.792472166416765,0.11425319133346,0.510949654087567,0.00875843488964596
197,50.5,29.011491975882,0.6721756195125,0.0514413236543398,0.503079180157543,0.00310102201533485,0.640252943286491,0.0618259470420045,0.514846084372148,0.0122224523932309,0.780908896665835,0.119344907230322,0.52092077578992,0.0151886577660656,0.634292681771394,0.0402920653315062,0.506345296235637,0.00395682725393708,0.668763780666935,0.0771517068266502,0.511931658597877,0.00789161778517073,0.792289407642956,0.113993116877156,0.510247684292102,0.0075693181876514
198,50.5,29.011491975882,0.673110567348141,0.0509072731052678,0.5031232772342,0.00280037538319846,0.6406855849984,0.0607458321251046,0.513948390057109,0.0133871067461632,0.782526510652503,0.118373122409371,0.519837107157706,0.0160040281161859,0.634627632093119,0.0399565975187623,0.5067769030409,0.00517395816875936,0.668870804150674,0.0763749799294592,0.510740157810705,0.00692523955404837,0.792520855085728,0.115363880235563,0.510297013973002,0.00716046123727842
199,50.5,29.011491975882,0.673999799950281,0.0494388705389375,0.503076364721128,0.00370526966581985,0.641324672096222,0.0587547060797521,0.515011707060201,0.0132037187489122,0.781145735938235,0.116389886004208,0.522160643733403,0.0177231425179134,0.635543320304803,0.0394503188875271,0.505685889610175,0.00317630259538397,0.671050652212655,0.0751140366996793,0.513123603302283,0.00973152274998756,0.788992230923669,0.113105507130866,0.510107948943753,0.00725280000892804
200,50.5,29.011491975882,0.675155766114312,0.0483626274525765,0.502797496586437,0.00248366537420823,0.64219272899408,0.0571574033353709,0.514206651106537,0.0118669319805441,0.783845336977758,0.113725506940023,0.521925196718832,0.0160181143089229,0.634725404815214,0.0382128250871715,0.507146120047993,0.0045820679341155,0.670199305262172,0.0728794494032657,0.513160873112296,0.00880780376350555,0.789726565656668,0.113302671618475,0.510133151478574,0.00720282826816458
201,50.5,29.011491975882,0.675236953388738,0.0479386359168341,0.502728255678273,0.00236907521873596,0.6421095327687,0.0550369474550764,0.514745756551567,0.0124300454813222,0.78227308910861,0.11172658620802,0.522930052386482,0.0160828779669082,0.635525558017783,0.0375498807085587,0.506364946131866,0.00445129139443719,0.670468330199736,0.0705628461005985,0.511419523255273,0.00694962933820753,0.78983093330122,0.11180042900673,0.50805088813702,0.00751361439762985
202,50.5,29.011491975882,0.67395757842685,0.0476924946084495,0.5032418864759,0.00356197803255814,0.641962308192441,0.0527850914177284,0.513422003202166,0.0117452088786798,0.784521711744537,0.111490847176266,0.518998767700399,0.013658141866794,0.634572348312213,0.0373708618601876,0.506293098155943,0.00424306133585098,0.671377220518069,0.0685598818923621,0.51353596343019,0.00909568249913628,0.785500508385277,0.109553429844852,0.507158517982827,0.00715035264237134
203,50.5,29.011491975882,0.672680805202996,0.0485304082284511,0.503041930457356,0.00352192672262666,0.64194558268121,0.0514142222866547,0.515342446751736,0.0185660535057995,0.780205210057349,0.10963994940503,0.516967907880697,0.0120606939232406,0.634124598424633,0.0375072397705382,0.505085372105282,0.00415405632991587,0.671291376338418,0.0670227941343783,0.512615338072011,0.00697002674339792,0.785210069676507,0.107449793048141,0.506413983981913,0.00673778886417197
204,50.5,29.011491975882,0.672255141070567,0.0493761774448873,0.503237976188776,0.00374912481459706,0.641307848213932,0.0500649898800856,0.51365718164393,0.0121534384052741,0.778274264003945,0.10788203379929,0.517593890049856,0.014544039271151,0.632477084302283,0.0378105111896221,0.505895502775367,0.00563057266739441,0.671834340527867,0.0647260541181366,0.514072534463583,0.00839966293727607,0.780433332871293,0.106001654973333,0.505677700755299,0.00670331955123596
205,50.5,29.011491975882,0.671589410255906,0.0515521838073502,0.502029670866012,0.00227062758021055,0.6415112819038,0.0499690211248476,0.515256522400766,0.0131222129570401,0.777706370222128,0.10645527326004,0.516017360978585,0.0170910052212723,0.633305325945229,0.0396157610329593,0.504317245515116,0.00302000092959872,0.671745406577346,0.0642837450593956,0.512111872143211,0.00808615623560693,0.780661998499997,0.103786032088861,0.506089625885881,0.00743424532587595
206,50.5,29.011491975882,0.669861955168831,0.0533467147428217,0.502817690848477,0.00409372768805389,0.640733478397716,0.0503248276691129,0.516728835752817,0.015107121403434,0.778956459930049,0.101216304262718,0.514177914862228,0.0158928658782728,0.631852071135102,0.0405847594099486,0.50465749036793,0.00375335551909807,0.671285688433001,0.0648722555812793,0.51247806201452,0.00917478409596433,0.780908842819205,0.10062339659667,0.504360035440569,0.00632053699605615
207,50.5,29.011491975882,0.670099073407648,0.0555538349647408,0.50292903870038,0.00350843459959854,0.640378899980066,0.0499453014432813,0.514271321164546,0.0122383468784705,0.78045618063643,0.0975524635351108,0.51005071514458,0.0150921917555194,0.631494429591798,0.0417861658773985,0.503959881283355,0.00347329865899402,0.671806037742028,0.0645403996952035,0.513068505517608,0.00970083485892383,0.781758241919129,0.0962778495195682,0.50460252255572,0.00589258995388949
208,50.5,29.011491975882,0.67051560391164,0.0564291013730749,0.50133119423898,0.00237253477914998,0.64091549959263,0.049557855203395,0.517347705718187,0.0168334459240385,0.78035377794275,0.0943399651424694,0.508018613207009,0.0137154242867553,0.631134901666087,0.0421656116739737,0.505101364872316,0.00425427260707525,0.672001918893414,0.0627734530525195,0.5134989039365,0.00880985455696936,0.779471646766628,0.0932916939621027,0.504339591620017,0.00639903651128329
209,50.5,29.011491975882,0.670454083740592,0.055384540043479,0.502048268603652,0.00229752021497832,0.64043110473161,0.048685284701194,0.517690497967871,0.0176514403000577,0.781841828220062,0.0927595603015918,0.508402753045403,0.0126312783531701,0.631728519202465,0.0417337366793182,0.503517927312875,0.0036368871231826,0.67281732821705,0.0613231416887449,0.513569807108966,0.0102648416246329,0.781227213832962,0.0913390862122469,0.504069734193658,0.00572496686138818
210,50.5,29.011491975882,0.671291666331369,0.0535872980613269,0.501506990814352,0.00227482777919715,0.641095131950024,0.0478320538921802,0.517596021077934,0.0148188271929864,0.778598768814235,0.0929214995987081,0.508216419704443,0.0105962512539339,0.632832851965813,0.0409621337130404,0.504006475114126,0.00359042236419608,0.673437308897934,0.0591026502586934,0.511944812060755,0.00764874217683138,0.780537808823573,0.0897035771497202,0.503566644905933,0.0061459302099284
211,50.5,29.011491975882,0.671249452326174,0.0508041010586229,0.50247620930156,0.00388534102999143,0.64123831227863,0.0468456767820554,0.518510217211458,0.0159238771634103,0.777883977163325,0.0975327942192447,0.50898843967934,0.0107084749792458,0.632947699732969,0.0385780667065135,0.503707878949806,0.00293794740045398,0.675035660313294,0.0575301743034249,0.513152964695361,0.00812222205531324,0.779751580632724,0.0916618045877657,0.503647162703625,0.00544781542984856
212,50.5,29.011491975882,0.672289231790539,0.0483926807913667,0.502832501690096,0.00339684307161366,0.641203428889026,0.0443656821224506,0.514834159161029,0.0142688158617789,0.771568209964111,0.100154028462384,0.506980408104743,0.0142528426117245,0.633386241435556,0.0371177218260187,0.505034658921125,0.00582543564351048,0.676277957659628,0.0548640162859339,0.513958341082349,0.00995368400192561,0.775033228026033,0.0931235760922285,0.503311903476961,0.00622651299200241
213,50.5,29.011491975882,0.673585756789084,0.0461682116375567,0.500862031318389,0.00169391609756979,0.642997475404738,0.0424516496479008,0.519168644574895,0.0153211492241335,0.770216482524091,0.104116556241563,0.503731676290198,0.0127938017837225,0.63498986157957,0.0353100191647054,0.503484580013358,0.00324169888887366,0.677508146201917,0.0522962422002209,0.513539961504885,0.00960391753524148,0.771317464655244,0.0975082980979825,0.502392102435723,0.00936712883631679
214,50.5,29.011491975882,0.674867856821225,0.0446763122269638,0.500836902359148,0.00138400010118804,0.642352374659438,0.0400020624537361,0.518242667756743,0.0141985317817227,0.765116251332965,0.107541673833028,0.506851451173673,0.0163428809531023,0.634572456591334,0.0333115946134097,0.504214190261399,0.00410883874525724,0.676911122738657,0.0489420104834748,0.512985851276512,0.00901650321133845,0.768253219798287,0.103356629901713,0.5015361312571,0.00730348141001973
215,50.5,29.011491975882,0.676208603867376,0.0429292777990002,0.501525176196983,0.00318578682557725,0.641846613469279,0.0379644782080748,0.517286573156801,0.0137599562256167,0.767280847766359,0.111442965109206,0.506167496697591,0.0107316553600315,0.635939892769895,0.0321130542971757,0.502995903512117,0.00391719961122027,0.677461930755241,0.046719541009622,0.513812498581178,0.00918798068578212,0.767297901105538,0.108068608611646,0.500965420277106,0.00769384663277845
216,50.5,29.011491975882,0.676830780409121,0.0409307672372359,0.502388404803761,0.00353590624658091,0.64112836475612,0.0359420305869309,0.514658886259603,0.0102080905490393,0.761808360869666,0.111966518466468,0.507553860589303,0.0141954513420503,0.636337390840948,0.030229028304015,0.502628287286443,0.00348013608826722,0.677413929239727,0.0447091531647289,0.51200970953809,0.00654752250598218,0.765265687993173,0.112062364306329,0.5012874002735,0.0072700864640256
217,50.5,29.011491975882,0.677026997504318,0.0397910082869189,0.501871718604775,0.00353589243050244,0.64074395834093,0.035682931324994,0.51647107799384,0.0145510377024851,0.760709282245536,0.116361999979178,0.512620211070748,0.0155929020305575,0.636598321055698,0.0295408228600182,0.502702917929571,0.00397374692237715,0.676814959309258,0.0438821483977816,0.513198063438468,0.00719939317387043,0.763905379925347,0.114752553627657,0.502212622623572,0.00618665099868569
218,50.5,29.011491975882,0.676019060993874,0.0394034964798285,0.501128865528447,0.00241974198501027,0.641288883140506,0.0348860730977995,0.517027389459509,0.0146494524446475,0.76734770698159,0.117472484163305,0.505618746122338,0.0115514247296736,0.637274635228089,0.0299254874894587,0.503148741750258,0.00455341296679635,0.67540940092233,0.0436485144614748,0.511903432522618,0.00541236227475211,0.764405382834598,0.115519798825275,0.503243149475034,0.00900122512220927
219,50.5,29.011491975882,0.676052301541521,0.0403894970391803,0.501471649218031,0.00391089670039275,0.640575200179405,0.0344798938070992,0.515427341659663,0.0133805384094137,0.769839720460162,0.115459756626701,0.503143267110192,0.013967345841264,0.63638148495934,0.0295299032686491,0.502646274966447,0.00368039565259799,0.674782830189967,0.0438011771960989,0.514178959671008,0.00828609736424538,0.762708626304516,0.114237449149756,0.502230581217351,0.00855643434843862
220,50.5,29.011491975882,0.676017282108771,0.0402221436841822,0.500929474774853,0.00308400624261128,0.640112905452308,0.0352295844409473,0.516323712200459,0.0140078048787488,0.77307886108246,0.112042548601086,0.502912331460295,0.0127516574265016,0.636992973758437,0.029654127138088,0.501954166567259,0.00337717793683541,0.674365511961893,0.0458078670979939,0.513499769552935,0.00750962851225576,0.767444550339107,0.113791134396141,0.501554934967522,0.00584544281239865
221,50.5,29.011491975882,0.676433541201108,0.0400032575644791,0.501910297734345,0.00431476826996902,0.638800103747427,0.035972904831258,0.517577328556937,0.0154329425152937,0.773347345651358,0.111649849319041,0.503642630776595,0.0113619516383901,0.635954403960456,0.0295143843440628,0.504957028416648,0.00570174315121375,0.67059155203947,0.0470943648492909,0.511491480095628,0.00621517239954405,0.76866755501656,0.111671156064643,0.50355721176041,0.00781531492622547
222,50.5,29.011491975882,0.677706181259166,0.0398264903097642,0.50085449243941,0.00166031287377996,0.638087499186163,0.0376620276138918,0.517734806810289,0.0150594028259694,0.77520561643043,0.109918281478033,0.501002996203302,0.0131987504688008,0.636364637457115,0.0294712681414255,0.502619699931967,0.00413324157523969,0.672412835885724,0.0499149345961591,0.515258481497602,0.0103538147528308,0.768747140292443,0.110693029003509,0.500307108534078,0.00705323641513669
223,50.5,29.011491975882,0.678460892729131,0.03817535925403,0.501763631024292,0.00302560058602693,0.637098931261908,0.0376905481422918,0.51688992881058,0.0136805523927497,0.776226992059036,0.107424307023566,0.504827346971325,0.0132123129096246,0.638278343026821,0.0289622987705763,0.502410745528085,0.00437188384459182,0.672452021415783,0.051588149854,0.514116332508231,0.00755704115925084,0.767392304052359,0.109438426868949,0.501195142559287,0.0076972079714105
224,50.5,29.011491975882,0.678538609958019,0.0362257415368782,0.501083918819933,0.00361338676869189,0.638096898350758,0.0373027945059007,0.518769093814085,0.0143429322170668,0.782116305434646,0.104349121118897,0.501374235879671,0.011589689929136,0.638332002733967,0.0273613796553041,0.501994367417138,0.00438537348868783,0.673248208475836,0.0510073228904885,0.514046739737949,0.0097235478598452,0.770296894046932,0.1077509820866,0.500673127210938,0.00656387790267245
225,50.5,29.011491975882,0.680914337903774,0.0348968699265162,0.500338377806101,0.00166641741204992,0.638343987638105,0.0374299468210467,0.518575075827378,0.0150270382366682,0.782038506259083,0.104314360500376,0.504112913606898,0.0172699028142353,0.638862600893748,0.025957801927051,0.503076060367056,0.004803602336704,0.672361422656558,0.0513276949145103,0.51285586470258,0.00800727617730608,0.771465264822492,0.107170672105077,0.501824831180165,0.00686666155851813
226,50.5,29.011491975882,0.680457517831405,0.0349303896058112,0.501210754711008,0.00328953136190233,0.638331112332979,0.0379419866075961,0.517931745581364,0.0148405530827597,0.786449764190117,0.104917417377197,0.50153659580203,0.0101310298901605,0.638737944759403,0.0259808321800597,0.503531265324277,0.00633548644902098,0.673596783618997,0.0518074783938942,0.515818920686232,0.00877656400247267,0.771437679009664,0.106949729985597,0.501335254018716,0.00569558688934433
227,50.5,29.011491975882,0.68006629557795,0.0356322619783296,0.501311026466797,0.00347243145806751,0.637232060249862,0.0383716361478573,0.516076623408627,0.0131264646534491,0.787672094209554,0.102963071904236,0.498812416535509,0.0118049055567622,0.63843015628166,0.0261109075099868,0.503780211687154,0.00533593018177871,0.67260112302631,0.0513897799821697,0.513598754902241,0.00562108217482715,0.77476810096543,0.1071925055009,0.500186081041091,0.00583394671596332
228,50.5,29.011491975882,0.679084808756948,0.0353545522199384,0.502911794915736,0.00466116096777005,0.634477371323912,0.0391771654082652,0.514064885187422,0.0124363641579546,0.786559162872396,0.103571490266147,0.501295156835668,0.0149765383161247,0.638979498295893,0.0265988362528224,0.502498214153116,0.00540686346226077,0.672566795412672,0.0530595561515921,0.515227800448091,0.00616146277980945,0.776257161739923,0.107519474601985,0.501128649651046,0.00644204710050914
229,50.5,29.011491975882,0.680425635728369,0.0355575258247251,0.50114047304345,0.00280630887377259,0.634607892877175,0.0409499148125909,0.516763348078812,0.0130180890125605,0.785176251523739,0.100762717640181,0.498148424830444,0.0131869421766085,0.638923093633759,0.0265545615180552,0.501648539862529,0.00348856791024727,0.672808529510234,0.0550861807951405,0.516971255301864,0.0086331440290885,0.771168848720125,0.10736841526792,0.500978915543731,0.00540395726130042
230,50.5,29.011491975882,0.680104005243297,0.0341826976042588,0.501314081091542,0.00327156172065202,0.633861228866406,0.0433319182949307,0.519037031544249,0.0137918598977239,0.784105643901797,0.100750644966372,0.499408831998661,0.0105634806301515,0.64031728752171,0.026086702091451,0.50120653816858,0.00355877935728242,0.672015206537064,0.0574031925132859,0.515223712969236,0.00669771783661581,0.770038605050527,0.108263508598502,0.501577220246019,0.00500006526766882
231,50.5,29.011491975882,0.679842515236884,0.0323104340488019,0.502240762822246,0.00386044852040606,0.632973125077467,0.0450362149798862,0.519393351176414,0.0160197280928954,0.780280812026436,0.103299611144326,0.503433802046723,0.0171820821192943,0.639909563430151,0.0256262631066685,0.502810216378479,0.0045686722824504,0.671167220098375,0.059494996370487,0.516679714132028,0.010610487905007,0.76754524664517,0.11070977023842,0.502089595464246,0.00494333786893715
232,50.5,29.011491975882,0.680733982817646,0.0311000679051479,0.500279163136154,0.00205955616438352,0.633995511519538,0.0471582635780232,0.518014783091415,0.0173999488013905,0.781205388021723,0.104032791707734,0.499658685295868,0.00951461884955056,0.641552059907149,0.0250900993586973,0.502199720996421,0.00381464911059197,0.669822362846658,0.0612970516216998,0.514197487298487,0.00715131308858119,0.7686320314184,0.110863847077107,0.502617601284061,0.00467454385083621
233,50.5,29.011491975882,0.680783039414814,0.0300039182301218,0.500773230896229,0.0027485854236513,0.633152071754063,0.0480413459367984,0.51757938003774,0.0162817791746852,0.780914462996204,0.106099326080897,0.500381837298153,0.00904849168186967,0.641948740744441,0.0249242831357742,0.502533050267795,0.00400689039780636,0.669190850738596,0.0614001832926316,0.513686699004583,0.00682869624202982,0.76824963436568,0.111265559493315,0.502938270837246,0.00717979414637366
234,50.5,29.011491975882,0.680952960990045,0.0289394375455713,0.501298495723254,0.00315905152541104,0.633747787795998,0.047793612549228,0.518153690924432,0.020419547428358,0.777580037895037,0.107069447235654,0.501829011446578,0.0173587118397847,0.641104474476025,0.0235520572189768,0.504012563638947,0.00486155487039387,0.669227885198689,0.0615492112394336,0.51365130594957,0.00823422178650102,0.76855965393712,0.11107985427675,0.501043334166027,0.00642049985733311
235,50.5,29.011491975882,0.681346684242331,0.0279679972963283,0.500427973806994,0.00313058409709252,0.633728962479674,0.0474691375682858,0.514660838520057,0.0158759963282469,0.782828244302483,0.104430716055824,0.499765212488741,0.0136355713368579,0.641878498679805,0.023057480948273,0.502179250921799,0.00310822447318847,0.669933620526968,0.0612562342923183,0.515794588358884,0.01121637225128,0.769423888922931,0.108357763007683,0.501126287093014,0.00688300061824444
236,50.5,29.011491975882,0.681428464034815,0.0273704060129612,0.501272834742561,0.00345516178858716,0.633912646103205,0.0468915355535318,0.51783523847371,0.0156157537872291,0.78182329822764,0.101492897442332,0.500822617525063,0.0124288021469097,0.642307423571161,0.0226582566292593,0.502861631999339,0.00419587663578068,0.669985795446746,0.0604629389492156,0.516724677868606,0.00947766892875516,0.771714744231627,0.104844341743725,0.501802505133541,0.00664333448948907
237,50.5,29.011491975882,0.68258902142348,0.0273375566735571,0.501174925484027,0.00371997607977647,0.633430356888452,0.0453356778855133,0.515817794670521,0.0121903766867114,0.780783659867029,0.0996674837236464,0.50636352979085,0.020876264871947,0.64305228216873,0.0231170392010099,0.502635795775558,0.0043250529011706,0.669176902098955,0.0581805925103116,0.514107367256307,0.00764345691421086,0.773678716596927,0.102461494628413,0.501864984886787,0.0068437521142859
238,50.5,29.011491975882,0.681304623554478,0.0276151906005248,0.500270774067939,0.0036041182669796,0.634279653203387,0.0445939158314826,0.514767271394938,0.0115654939503408,0.786514304908356,0.0992145139509207,0.499425918138184,0.0144633597489983,0.641158475496283,0.02358759522241,0.505021737171417,0.00488628816960132,0.667096879370342,0.055877190203208,0.513267425610418,0.00760781237948259,0.775463600593151,0.0997783658474221,0.501936522922645,0.00657331958755083
239,50.5,29.011491975882,0.679499795742023,0.0293013948448669,0.500830452083956,0.00377254924904789,0.633828619807414,0.0432235450560906,0.513346665329662,0.0103977525607072,0.786463061335361,0.0980865197784191,0.498407117100729,0.0151782262312725,0.640968032557656,0.0255365801197569,0.502841892667683,0.00454016283336556,0.667832285784255,0.0548088026216499,0.513943501320662,0.00817367418705606,0.774854313238411,0.0962881028365916,0.502769786329596,0.00768925030646278
240,50.5,29.011491975882,0.678717273251975,0.0303412710842936,0.500762010991993,0.00387997103359338,0.633652726120836,0.0425539938053189,0.512448364869359,0.0100732108199662,0.78591230007356,0.09737586464467,0.496853777295895,0.0177840293515363,0.639083630817486,0.0268233660614958,0.503253470860848,0.00453205718025071,0.668809249283217,0.0535208167112883,0.515124609724226,0.00868611410736498,0.77234906463856,0.0954468437119933,0.502198096870991,0.00499288330900591
241,50.5,29.011491975882,0.678407232917878,0.0324569533032488,0.500319973945638,0.00147376833866462,0.633652360234085,0.0410237773356338,0.512307988488823,0.0118880159487832,0.784284677447344,0.0952535148621337,0.500160869551834,0.0188383637049904,0.638866815119302,0.0288813742299915,0.502888447031273,0.00320798926221234,0.668608331360315,0.0518982704703735,0.513412705587745,0.00774577756457993,0.774198133070289,0.093708045237077,0.502917326969014,0.00682280486799714
242,50.5,29.011491975882,0.677939050168484,0.0347329094335767,0.500239833131766,0.00253913070770138,0.634022258814325,0.0394439483392952,0.513851454127455,0.0119270122447879,0.78046730115071,0.0964853129538094,0.501637968300348,0.0203009222571365,0.637539414293056,0.029794719029876,0.503214615492984,0.00421263362800253,0.669771587380259,0.0501879192367689,0.514500698992948,0.00886701184256211,0.773890320890227,0.0915147591809909,0.502247748820983,0.00465376336726129
243,50.5,29.011491975882,0.677635946289797,0.0370169444018984,0.500207995389619,0.00258602103365435,0.63397299078157,0.0376543024454426,0.512665380370066,0.0108456337348935,0.783164361890515,0.0954295440953892,0.499859818529538,0.015179986381214,0.636771565325276,0.0308588961949106,0.503843818327494,0.00423193208992671,0.670482389713951,0.0485381635911771,0.51435337591055,0.00978448163314233,0.773806348836588,0.088545060963644,0.502386098498165,0.0041938665376639
244,50.5,29.011491975882,0.67687519735569,0.0388266409026334,0.501483231707589,0.0038766936698205,0.633652343212082,0.0361375322355092,0.512268850737137,0.0109821944279773,0.779618474293147,0.094497823532022,0.501224213334169,0.0194755875604944,0.636388926717988,0.0319385793344215,0.503673193895493,0.00461476276304301,0.671495241758981,0.046898390999534,0.513629006145196,0.0099089037953914,0.776815946978619,0.0886055445834825,0.502913057425763,0.00409498032437928
245,50.5,29.011491975882,0.676439791942099,0.0415830980640946,0.500888458300442,0.00382012307996542,0.634991393560768,0.0344589047023805,0.512844713510188,0.0131211725380731,0.782787252132648,0.0916257983191138,0.498855599525315,0.0152574988988586,0.635546744244111,0.0333818673967031,0.503095532382385,0.00337693864576374,0.673461124824481,0.0460710867937542,0.517604505679235,0.0116159034798827,0.772573986490311,0.0866079651702702,0.50220702220068,0.00365329853010248
246,50.5,29.011491975882,0.676639435160801,0.0424716478076692,0.500744494827703,0.00346716894213011,0.635265658297697,0.0337591708041039,0.51394378150383,0.0153158429404193,0.782006702924807,0.0916872055409347,0.499633134050245,0.012330184406428,0.636427627033606,0.03394600912621,0.503071026323881,0.00340056817662025,0.672920854206081,0.0441738421753548,0.514188266957617,0.00907763641730805,0.775684821629361,0.0872788945457884,0.502448287715453,0.00451519913451804
247,50.5,29.011491975882,0.676535323495347,0.0427658899495131,0.500545178405668,0.0031076964286809,0.63556821432207,0.0335016485969715,0.512426646523906,0.0142584783001446,0.779890890439142,0.0909436448692057,0.497756694754738,0.0138326531892218,0.635993547315226,0.03319355272764,0.504010211714473,0.00502449094383692,0.672805011100777,0.042644466406686,0.512768978228069,0.00803151542506081,0.774597407050883,0.0869767115314834,0.502755574174407,0.00438771253783929
248,50.5,29.011491975882,0.676614835465547,0.0417635372810051,0.500365617443339,0.00249166437194102,0.635760919990063,0.0326954742697557,0.511943566753694,0.0149771141786639,0.77989096512128,0.0934215061510274,0.498093168067997,0.0138246562727944,0.636899246550367,0.0320963646654144,0.502647352662689,0.00303567367683676,0.673550462332819,0.0427773009292614,0.513064600547155,0.00833574602148554,0.775042969096132,0.0872227107733126,0.5021537820324,0.00487266052521258
249,50.5,29.011491975882,0.677574150299301,0.0401889555898528,0.500981091210976,0.00306477949688382,0.634394138668611,0.033920004483107,0.513228321110323,0.0195673845628652,0.773083507957403,0.0948013833714258,0.50434387144803,0.0186253846338042,0.637182215245445,0.0309959206668039,0.503566146001212,0.00334646771979898,0.673239897771693,0.04489664549232,0.511428115900405,0.00709441618455267,0.776497057903331,0.0886488989616353,0.501789752468357,0.00613011242860074
250,50.5,29.011491975882,0.67755566438195,0.039381187956475,0.499635086148658,0.00238981663293787,0.635182579699081,0.0356343205217938,0.512492276827053,0.0140905121587705,0.777490134394347,0.0964521420876833,0.499323072710896,0.0138771089947849,0.63781176723755,0.0308091875003251,0.503359501585337,0.004082426844622,0.673261799901042,0.0464723732046132,0.511727920330471,0.00758989610554966,0.775932183773048,0.0879968122291594,0.501296930948252,0.00606653946639474
251,50.5,29.011491975882,0.676793719908019,0.0395752715439026,0.500418180369656,0.00292832312925449,0.634208947558491,0.0372393393479633,0.511596485507655,0.0139555798559197,0.779039277673695,0.0986829295377042,0.499985172924601,0.013258535270447,0.637794405156846,0.030272641943919,0.502970952409127,0.00347104833465465,0.673108450157986,0.0486128375039368,0.512702181659424,0.00855008734228377,0.776702732889318,0.0855780863253319,0.501125123559752,0.00641272634084023
252,50.5,29.011491975882,0.676249778159583,0.0394970304570471,0.501409571657397,0.00362066379856026,0.633645524250646,0.0392395730481706,0.511619207782357,0.0135791414627448,0.778846724393824,0.0979949887954303,0.500266583995765,0.0147697680784441,0.636951087944455,0.0297933374204517,0.503088629077865,0.00315041393396684,0.673020383481068,0.0504634706640763,0.514664248369376,0.0106737267423294,0.775136567994445,0.0837599640972766,0.500508699080917,0.00795399839849303
253,50.5,29.011491975882,0.675920653342802,0.0398671390294808,0.500697201819601,0.00323067354668617,0.63393392587234,0.0409683673639432,0.512015559406159,0.0122558040266248,0.782850407401088,0.0966543898295926,0.497524511236696,0.0154770156315446,0.637101352693641,0.0294627212926469,0.5036165748227,0.00346339825656912,0.67111125766887,0.0518931371327908,0.512173253937029,0.00868080555997774,0.7788810445839,0.0806733067500684,0.501189477421641,0.00829585544858551
254,50.5,29.011491975882,0.675520294042599,0.042043932207039,0.500358813396616,0.00256216319142262,0.632349167582666,0.0427582779741888,0.514647896494216,0.0128318920766359,0.782001685678112,0.095287376996797,0.498712738813734,0.0134527211703998,0.637587856062818,0.0314972718872705,0.50236368786933,0.00229407385117664,0.670440768353867,0.0538792098200786,0.510922165205439,0.0060283567477789,0.780605750278304,0.079437535490461,0.500427666637171,0.00903963470327254
255,50.5,29.011491975882,0.674580367251284,0.043651325429848,0.501171832056808,0.00372455699660806,0.632142386174218,0.0438773127232059,0.51454798149468,0.0127999944028223,0.778922945107153,0.09463065603863,0.499659705592802,0.0126246218875901,0.635982355725111,0.0332783017878453,0.50364027693102,0.00450352066447094,0.668556202520307,0.0556089271710594,0.511396691370489,0.0070885105773722,0.778973492808989,0.0770781470550738,0.500801308531905,0.00838493505585764
256,50.5,29.011491975882,0.674259625659216,0.0456180699259118,0.500528073589079,0.00197679900044635,0.632748038517895,0.0444388001864785,0.514553876051127,0.0126274319947387,0.782185551197748,0.0950502811514002,0.49934154610361,0.012045448228033,0.635869344232312,0.0352859523232416,0.503645654679414,0.00418281166788034,0.669065399275779,0.0562268932344095,0.5102114289455,0.00577599420516313,0.779452270613285,0.0784283887310574,0.500074325220521,0.00801167959658502
257,50.5,29.011491975882,0.674064851758668,0.0472764546984977,0.500761075069966,0.00274220697474366,0.633550856375241,0.0448127233242841,0.513558090305304,0.0112971502530923,0.781714696948001,0.0951582222880939,0.500180828355357,0.0115148196428721,0.63545204471784,0.0371008579191903,0.503512632910364,0.00389072371916833,0.669921187997021,0.0563606583728858,0.511399668866804,0.00667882904444879,0.777286392916007,0.0778723538201754,0.500373449736074,0.00755612121314145
258,50.5,29.011491975882,0.67299159833432,0.0485652565513973,0.501309018721626,0.00311467296047919,0.633256942621512,0.0444602114676069,0.513683664681845,0.0112149223260434,0.78245637140499,0.0948257886439935,0.500515317794992,0.00989909726679978,0.634215821220062,0.0379456047580028,0.503947689762865,0.00427443127559425,0.66944124594347,0.0558464234335628,0.513492312909723,0.011511643627904,0.775492224428659,0.078891482010007,0.500944601838671,0.00688851420102878
259,50.5,29.011491975882,0.672506061246317,0.0502010002995453,0.50119091906886,0.00270756676630417,0.633777925745026,0.044711446336297,0.515394127619865,0.0128118069964856,0.781581598807725,0.0972971626673096,0.502008572163367,0.0076675337506853,0.633764750554379,0.0389716194359178,0.50268901785913,0.00256563812704774,0.67084831948622,0.0567725732471525,0.516549304671515,0.0128093624378526,0.771318110539361,0.0811013346734553,0.500775588775038,0.00664402646239095
260,50.5,29.011491975882,0.672431377783301,0.0520954117617337,0.501368970751451,0.0031545945841249,0.634657040200703,0.0444113210357042,0.513079657207909,0.0123428733753035,0.780397965914561,0.0985290401871777,0.500584363623205,0.0110142844327298,0.634577493341723,0.0412300178192551,0.503619498863164,0.00386624592884714,0.670243245037569,0.0558579071192266,0.512803799947419,0.00750276734131607,0.772053410564024,0.0849061226556622,0.501121067795553,0.00615868893179346
261,50.5,29.011491975882,0.671727131829928,0.0537326547302509,0.500701454323454,0.00130838325183903,0.63642662046607,0.0436331036724745,0.515443818964446,0.0131000380162202,0.778561902302832,0.098341825089852,0.501315490638211,0.0105435471299555,0.632981198357389,0.0426145267513939,0.504530904407832,0.00499078462057804,0.670513650153047,0.0542491093701433,0.511618975000831,0.0058755781639433,0.772408070951543,0.0868608301972271,0.500604953674369,0.00618300395789447
262,50.5,29.011491975882,0.67088182230787,0.0555502328170344,0.501697127989192,0.00313980708494441,0.63651073060184,0.0420688725612344,0.513803106067136,0.0119484188701693,0.774398973993268,0.0977892327657575,0.502502282561245,0.0111895040837419,0.631961979698663,0.0441475415880828,0.502871220684068,0.00310880970281714,0.673245172530884,0.0531734863149964,0.515016448362619,0.0102545903330713,0.767592421556934,0.0856311498577128,0.500855300276571,0.00572398363689532
263,50.5,29.011491975882,0.670919263806022,0.0569273289037179,0.500851869019882,0.00126844560247531,0.637773128106281,0.0408577776385734,0.514771015940336,0.0123796462267695,0.770698674693052,0.0962827393907199,0.504928103254667,0.013672501693051,0.631201655499189,0.0452832357726813,0.504093609778756,0.00405064991418215,0.673044502472312,0.051883115054198,0.511953616547048,0.00778722903604246,0.770354097463606,0.085977710084717,0.501152368219864,0.00524979535538102
264,50.5,29.011491975882,0.670343202128971,0.0567298361876992,0.501176350536737,0.00258855652971297,0.639270081816471,0.038771423701328,0.514584740984375,0.0116521824168253,0.775255741272691,0.096869973045548,0.503279432111299,0.00815223701472576,0.630702221474278,0.0452668085407733,0.503886426978836,0.00371503960031242,0.674578428758987,0.0498340320322676,0.511805083741559,0.00726288557406539,0.769552062368178,0.0859685150775236,0.5016480339732,0.00493015537059426
265,50.5,29.011491975882,0.670785335839587,0.0566684598588679,0.501067485071738,0.00216239219313667,0.64027625383818,0.0363800908032806,0.514660629376334,0.0123139912542952,0.776767866562353,0.0954154371270641,0.504056892989372,0.00776463069546344,0.630535541383101,0.044444007462218,0.503987149157303,0.00360183704066812,0.676800779294719,0.0474365041631493,0.513069535529649,0.00957429022286929,0.768149848848246,0.0865057061556511,0.501274800098233,0.00582256116081308
266,50.5,29.011491975882,0.670990931987842,0.0552465562644708,0.501913404862349,0.00357471733573246,0.640663046570354,0.0336279420676936,0.513894615528337,0.0119147479119481,0.778458260142875,0.0969349446533991,0.502809152312712,0.00954046179844062,0.631534389487855,0.0438090636976588,0.50408016670793,0.00369984911359577,0.678166578018854,0.0450286832686315,0.512997096612204,0.0119026599969587,0.768063159713765,0.0876479714588969,0.501987014363635,0.00489808649649862
267,50.5,29.011491975882,0.671577985681823,0.0542452640736101,0.501076176808647,0.00225220198710452,0.642024837285123,0.0316152033951513,0.513658030710377,0.0116965117736645,0.779113589824267,0.0976857934586675,0.500559823650561,0.0106017921895313,0.632978420307811,0.0424572586067406,0.503788113063718,0.00328870197516345,0.678294988710643,0.0420569953257466,0.510666404669957,0.00717405682448674,0.767810771928264,0.0891623832201593,0.502011367540333,0.0052204883806544
268,50.5,29.011491975882,0.672024458451363,0.0537274805880249,0.501105496761812,0.00145291526169712,0.642520010850526,0.0299234931599076,0.512851095371346,0.0105399685858362,0.776306691084679,0.0988937360265755,0.50200657501797,0.0134438073121976,0.632558365824503,0.0420002475701518,0.503950341353129,0.00400247275059884,0.681102723562722,0.0400476443511094,0.510883631705006,0.00874291576891634,0.767267773457522,0.0880380832559513,0.502521727448391,0.00505350672682423
269,50.5,29.011491975882,0.671618521542635,0.0529272152892273,0.50096756371512,0.00171910763755742,0.643609982834873,0.0283970307721792,0.512046706744074,0.0100179830183031,0.776031755012012,0.0993386059629694,0.499761444058215,0.0107994982595268,0.6323169484426,0.0411086278784436,0.503695911506073,0.00416246597425834,0.681855115699133,0.0374282084598006,0.510296698463538,0.00730277641415739,0.765278326863392,0.0868662141215654,0.502437743151292,0.00543886998582993
270,50.5,29.011491975882,0.671131574464973,0.0520746347531592,0.500614041827553,0.00128224698890164,0.644316052081758,0.0273422726510286,0.512158962666525,0.010878492871638,0.772742608080353,0.0977111382789146,0.50058780744391,0.0101884833042827,0.630901674923742,0.0398804994308672,0.50398842504164,0.0044204212028928,0.682818205661735,0.0369400974881337,0.510962212434209,0.00861330060370693,0.762097322584685,0.0861278908827244,0.501574932676773,0.00632605257726949
271,50.5,29.011491975882,0.669698484577653,0.0505549774179395,0.502177960958042,0.00381533482820039,0.643907950197585,0.0271563241356917,0.511150354334378,0.0102055209287763,0.770966110506956,0.0976718607534592,0.501312089020082,0.0094293637507685,0.630268824569676,0.0393333076087208,0.503858313294995,0.00429198519512363,0.683635171804541,0.037737438294957,0.511297835220051,0.00819955454143137,0.759859039676364,0.0857656057820813,0.50095780793678,0.00604415908736463
272,50.5,29.011491975882,0.670313160845081,0.0493481534384762,0.501769575728691,0.00303402203104973,0.644527045364578,0.0288269868484464,0.513905487765031,0.0124344580201464,0.772855872255437,0.0983312930621276,0.500323921814108,0.00975680913297996,0.630578715842294,0.0394292823307704,0.502759991418967,0.00319536923250503,0.684405163488899,0.0384496590651144,0.51138953029487,0.00826610640439945,0.76155475588565,0.0840904036497657,0.500457764826877,0.00595157712758023
273,50.5,29.011491975882,0.670586192107929,0.0492332141904765,0.501184032929067,0.00209730449164005,0.645455053254264,0.0301480608656164,0.514165502493899,0.0121882744215636,0.77441625215156,0.0949050514781284,0.500105479709787,0.0115395961173362,0.630774143710941,0.039010993552503,0.50309166511977,0.00421160998913111,0.6838138751773,0.0395346223771747,0.50876539611542,0.00735766945866651,0.762490252139608,0.0831722382173432,0.502093382799592,0.00781964693874454
274,50.5,29.011491975882,0.670433827347471,0.0488168261956967,0.501161917837308,0.00240402702172484,0.645678564985152,0.0313547531580883,0.51366433941272,0.0118763127870975,0.774534285752973,0.0930459692941774,0.498928256067867,0.01043449489978,0.630297361852066,0.0388966896271219,0.504143455672707,0.00483621965302577,0.684025863835495,0.0404530507971095,0.508237238446496,0.00662088996900614,0.763100211942624,0.0820987178261505,0.499612092208181,0.0053488751657311
275,50.5,29.011491975882,0.669723948170471,0.0481511223075802,0.50147107619072,0.00259512421314501,0.645657862135472,0.0319936985294073,0.513000578140881,0.0105565553014583,0.776940063535507,0.0941187758502444,0.49960304947808,0.0110712227653181,0.630989342284111,0.0384773229159175,0.502561456476181,0.00348578219886454,0.685319191775341,0.0415925087593248,0.508867584686658,0.0073617025698971,0.763270621634728,0.0829242169487583,0.500784381437353,0.00782271802162
276,50.5,29.011491975882,0.669406915595047,0.048046384784121,0.501767439684753,0.00300493892517918,0.645619412341726,0.0323284521626063,0.513260819358949,0.0114674353531018,0.773799502290903,0.0960415680925434,0.502985855484502,0.015671459140833,0.630679450627649,0.0380067408280554,0.502383069178301,0.00435619968997428,0.686235361220779,0.0416346535793252,0.509915004905408,0.00840917567342571,0.761311096003441,0.086809811501408,0.500021973397151,0.00446394024755685
277,50.5,29.011491975882,0.667699749690988,0.0478768899345332,0.502492420132894,0.00349761629073255,0.645557189768841,0.0317111515913543,0.512200474982592,0.0128097339681485,0.775832797853357,0.0997226825031108,0.502015610093567,0.0172905218976123,0.63001883099379,0.0381826991300363,0.502138486673593,0.0025079073979781,0.687598052014685,0.040654865330871,0.511582475354902,0.00913692166492402,0.759053759536774,0.0914854459918599,0.500435558549675,0.00444714309093877
278,50.5,29.011491975882,0.667522753147558,0.0494167885592965,0.501106128340339,0.00292558052881379,0.645838299868293,0.0308480324514692,0.513684088422595,0.0123067044379798,0.77741330228205,0.103819160946646,0.498298043665296,0.0144165228497143,0.629168989802272,0.0392364935060699,0.504260298704825,0.00477281249201267,0.68606649047437,0.0386282947126923,0.509855197086063,0.00914086257662512,0.761590819094431,0.0961052862539971,0.500910685555274,0.00408868338329937
279,50.5,29.011491975882,0.66681489115005,0.0509906077405416,0.501123984905711,0.00284100877656225,0.645434000322164,0.0297901622191586,0.514391219975537,0.0129384180356523,0.777218321183009,0.106562144596074,0.499587225493835,0.0138397945307978,0.630336682395015,0.0407707424490843,0.501670941500303,0.00271371946080591,0.686729541487853,0.0379933406379207,0.510327356820844,0.00879701088879176,0.760235487753502,0.0987028086460172,0.50176417048452,0.00595678313648936
280,50.5,29.011491975882,0.666311408981442,0.0517598074662887,0.502416719070744,0.00399058270043312,0.644201930061905,0.0289461733838787,0.514348047452078,0.013735192491081,0.778509800524778,0.109915046503542,0.501249078409721,0.0136422353911899,0.629100371203796,0.04065417650914,0.503325015524887,0.00418382261326949,0.685708247169963,0.0369443874284573,0.510975905836108,0.00914492143301729,0.761420109625721,0.103281963226359,0.500896828068845,0.00486674110621046
281,50.5,29.011491975882,0.667790901255717,0.0519541939574401,0.50141317327506,0.00305373342263668,0.64489738002443,0.0290710337224602,0.513412031058584,0.0126334163639307,0.776288217772218,0.113939949270874,0.497073721766048,0.0165217938864639,0.630826088010559,0.0410166548228082,0.503290772874182,0.00363940312388375,0.685170716561399,0.0375416511974258,0.509144081403561,0.0084403617932088,0.76454957928737,0.107589440536612,0.501042437449122,0.004624818338391
282,50.5,29.011491975882,0.667959478632587,0.051363418705425,0.501472308838491,0.00290193998150751,0.644822163324639,0.0297154040525238,0.511087948338857,0.0128054335930559,0.775952665583691,0.117187779893651,0.497908154446005,0.0154863680058197,0.630537515593162,0.0409704014712243,0.503071647339985,0.00402546246356127,0.684631250540596,0.0384331889419146,0.512060127233752,0.011527037770385,0.763472634075041,0.110035174053082,0.501405418761969,0.00446544911939698
283,50.5,29.011491975882,0.668557063908746,0.0508919705046677,0.501292946677521,0.00248703593335948,0.644655300231609,0.0314318470320755,0.511902013738405,0.0126963736036859,0.773936866820094,0.121528608229779,0.499238665827556,0.0146352216788874,0.632226952649457,0.0410985350170431,0.50213962079251,0.00365263328465165,0.6844743470933,0.0406204036392012,0.511659109802734,0.00914342133024001,0.763022492532374,0.113876006447148,0.501779178061149,0.00399121682142413
284,50.5,29.011491975882,0.668132446304638,0.050174422528149,0.50291117218337,0.00397289775655047,0.643402718071566,0.0329423503440551,0.512819656150817,0.0128436437811158,0.773467397891307,0.12436479921141,0.49937598710965,0.0143489716227984,0.632393609908884,0.0404851775847063,0.504011581381688,0.00540665632131372,0.682066602763287,0.0425974432038181,0.511180094009065,0.0108044825684006,0.762583097583697,0.117187025408425,0.501489541276827,0.00489265936832989
285,50.5,29.011491975882,0.669312526124638,0.0493164788516411,0.501563098688146,0.00238202386846671,0.64331510879423,0.0349679723849667,0.515730555450865,0.0187200706456344,0.771505745089865,0.125659591248419,0.495722650296172,0.0174408517641353,0.634077279348616,0.0397484500127879,0.503513636008114,0.00466996391221182,0.681456752991133,0.0457133197460371,0.512257792226467,0.0100018988104827,0.76238415354253,0.117856767346931,0.502833161224724,0.00609386079903789
286,50.5,29.011491975882,0.670364096944555,0.0490686401469106,0.500702080444991,0.0012045650021331,0.643071977588688,0.0369364820707458,0.511930683836896,0.0128269647910269,0.775885948341271,0.124792191285421,0.497284160403939,0.0167233171365962,0.6347763043887,0.0396128108416733,0.502116257243529,0.00395565345732301,0.682045288689355,0.0486269733043611,0.513473973007342,0.0113442512777734,0.764842970402707,0.117912270874099,0.501563552148263,0.00403870388131115
287,50.5,29.011491975882,0.670964160762343,0.0491412866242641,0.500977962977275,0.00182737222468747,0.641979801394389,0.0378502327916692,0.51155775860237,0.0117590031613099,0.774917150154838,0.121599850309841,0.500297382719856,0.0202610302428939,0.634164420379763,0.0389538629688291,0.503957493848877,0.00479255424305725,0.679555224883738,0.0494747773653127,0.513074171738321,0.010377606818571,0.768417411056468,0.115165531350152,0.501877484410825,0.00474188496703573
288,50.5,29.011491975882,0.671760952174694,0.0485964066355855,0.501087750055352,0.0028374996548464,0.641539625195774,0.0398655128365445,0.510534109658733,0.0117847575152623,0.777494515751911,0.119068029842257,0.499783809980878,0.0144871331259669,0.634834025184571,0.0387444734352499,0.502622975144198,0.00461370533531319,0.679366860624378,0.0514918740462534,0.513338194543635,0.0099559787803991,0.771584450953738,0.109579383566894,0.50167268182098,0.00481002424543885
289,50.5,29.011491975882,0.672215163456173,0.0466780643634001,0.501685977689924,0.00354879552006856,0.640313690081725,0.0413391367465276,0.509966277239022,0.0113733490739389,0.778828501020865,0.112034986110931,0.498878099850929,0.0147278689596782,0.636050618015147,0.0375866022123309,0.502309456563217,0.00366056978046228,0.680234990671963,0.054059858071207,0.513693064534672,0.0110000465038475,0.77558693604564,0.103116432442881,0.501295975105361,0.00536805863153831
290,50.5,29.011491975882,0.67268418882007,0.044037722414016,0.502148163638072,0.00379032425510173,0.639864409568706,0.0428908964270296,0.511045958239581,0.00894007402218615,0.779222020820797,0.106829536354606,0.500602078285453,0.013154888415526,0.636771019254573,0.0358941086778561,0.50305757246266,0.0041166906448805,0.679091317071348,0.0562048926328462,0.512378381591033,0.00874315154265102,0.779040393563261,0.0962300873006955,0.501479709567566,0.00551802401545408
291,50.5,29.011491975882,0.674783875537038,0.0416210811195332,0.501491191445178,0.00308261061878033,0.63971433087761,0.0438187118893628,0.510354969993602,0.0102051503586677,0.780599564005335,0.101738969676947,0.498987633769888,0.0133376576944546,0.63841171729247,0.0340276310966669,0.502674151129505,0.00317635635437498,0.679344937231297,0.0579489875889045,0.513096000420842,0.00992524469928464,0.779662684532122,0.0933308762754045,0.501774264900203,0.00471808441179924
292,50.5,29.011491975882,0.676253213809905,0.038849847562056,0.501168684539242,0.00229370891160245,0.638764522137645,0.0443947295499418,0.510819366506101,0.00977992828243828,0.78167911809379,0.100430681916901,0.499267129295261,0.0123879656157275,0.639511675985521,0.0322779852267775,0.50316297154428,0.00346629341468847,0.67750148055111,0.058552384691703,0.51514738522198,0.010893061095491,0.778214174232422,0.0901402574671114,0.503541754632457,0.00649989221670319
293,50.5,29.011491975882,0.676964433028565,0.0364561741742694,0.501522123335849,0.00298417318691731,0.63682474395115,0.0452776925527264,0.510696093612124,0.0100646095277861,0.781872827511447,0.0980850496726158,0.500628534469397,0.0136069293071217,0.64032265923873,0.0304779083033827,0.502538792369083,0.0035274499582798,0.676115439302263,0.0593497942375576,0.513307248276448,0.0110490977752585,0.781950225351282,0.0900357484607469,0.502742486181209,0.00426288815698781
294,50.5,29.011491975882,0.67714860722282,0.0350997795032164,0.501763921288016,0.0031694216727887,0.635245818399078,0.0467155760810182,0.511125255876965,0.0101539675089732,0.78359958524727,0.0971676457506433,0.500580459502151,0.013909378206335,0.641820919648827,0.0299370838797721,0.502059780290414,0.00271314838737147,0.674280749337744,0.0600805226063295,0.512061566823609,0.00891107593643952,0.785428355111665,0.0911114800366412,0.503419804490999,0.00383955886115789
295,50.5,29.011491975882,0.677334107345978,0.0340997582084932,0.5019237624041,0.0030250028958953,0.633909523812207,0.0471631827680835,0.509758059530413,0.00989801879314725,0.786455402667951,0.0960295966007931,0.497675284885603,0.0143648463030552,0.641371975508851,0.0289636193319306,0.503063180788719,0.00400347206708168,0.672475780875908,0.0606222478629145,0.511789248120613,0.00823269187276648,0.78761437136791,0.0917129540299349,0.504405317875859,0.00358644173766617
296,50.5,29.011491975882,0.67735565381401,0.0346556003259949,0.501553133114579,0.0032221488973891,0.633156204006878,0.0478386111794432,0.51047623996778,0.0103828089108195,0.789061671945683,0.0929129658916399,0.500098089912126,0.0141242224364872,0.640980392652542,0.0292017444168236,0.502992087400408,0.00365319143228584,0.672047757525082,0.061423178586114,0.511806823420944,0.00833958219509186,0.79040950866444,0.0909347613254527,0.503772318983553,0.0042315478476807
297,50.5,29.011491975882,0.675919696999223,0.035315165683979,0.501327472739512,0.00285860666506922,0.632881467456526,0.04784224823283,0.510392187268418,0.00945169434566479,0.793728524385134,0.0891004530092089,0.499162132436575,0.0122602371019307,0.641090429979409,0.029510621692738,0.502150410660746,0.00198814607147346,0.671380180818933,0.0617680520069719,0.512330127195254,0.00784249641807623,0.791579697815067,0.0885063360138187,0.504959356183045,0.00463407192245885
298,50.5,29.011491975882,0.67589468449389,0.0365717839963961,0.50177650731311,0.00307185808070374,0.633372670281585,0.0474575607579204,0.509801876197447,0.00883106620439441,0.794667065851388,0.085761632859669,0.497687793753925,0.0123720278624424,0.640363837721715,0.0299142784258017,0.503434919022096,0.00372154442501858,0.670903567736035,0.0605569714625059,0.51144488682182,0.00724327326997215,0.792156891233678,0.0887597805370261,0.504636533829133,0.00355530452678809
299,50.5,29.011491975882,0.676509698378653,0.0373796401573076,0.500799077582504,0.00106884806522985,0.634754199192182,0.0468811550316559,0.509789800242231,0.00961635647186007,0.794532039529551,0.0848682367517108,0.497221912653482,0.0124760456826837,0.640444923880236,0.0299500015117517,0.50371703527241,0.00386223415627052,0.670760556618245,0.0589519287933094,0.510030948630887,0.00673054586800264,0.791452480989785,0.0888134289319062,0.504763488895805,0.00354528787411118
300,50.5,29.011491975882,0.676605978621254,0.0367513873489724,0.501931708808372,0.00330859582340885,0.633761539255046,0.0455585498921874,0.508132309206221,0.00813503318162408,0.795883668745317,0.084682801851652,0.498436030535618,0.0118004832761811,0.64012004057001,0.0293891591492258,0.50367957568038,0.00366853957168134,0.672230174586547,0.0570258196739034,0.512966239756741,0.00997233612696543,0.788743073260132,0.0892627408796846,0.503862468550923,0.00471286294779981
301,50.5,29.011491975882,0.676461665133343,0.0363646860287092,0.501938031693758,0.00259504234798216,0.633888927378598,0.0451613446955543,0.509728561318465,0.010194182840195,0.796208018941878,0.0886533838753027,0.500737550069583,0.0129411760615095,0.640522007956049,0.0290889409646342,0.503249426280954,0.00334219784076718,0.67282405808659,0.0569651093028841,0.51269543541198,0.00879869908949564,0.789553256075284,0.0896274738400674,0.504986405714141,0.00537257712724739
302,50.5,29.011491975882,0.676923401262097,0.0365742208816246,0.501475917073235,0.00216798623603068,0.634587031357503,0.0452534249315572,0.51059674582042,0.0106211881735753,0.794629274491743,0.0908986016375867,0.504050022889888,0.0177258922898331,0.640580256147219,0.0288719798143514,0.503492151136584,0.00292849380868459,0.672966193525662,0.0566206354375482,0.510364297872465,0.00541731565195182,0.792275842331581,0.0926345102156686,0.505296407006272,0.00552323221637651
303,50.5,29.011491975882,0.675997940010328,0.0369945098906392,0.501620399782366,0.00219090325307828,0.635374706939151,0.045582131652636,0.510956504701153,0.0115463030542433,0.798021746533915,0.0938976424054797,0.502264688309999,0.0127059205911961,0.639752177825266,0.0294233604158343,0.503395431149748,0.00318025911443561,0.674004801726852,0.0570337128148379,0.51337359603063,0.0089008146911189,0.790262927725585,0.0931642502972586,0.505155008890344,0.00505637948358923
304,50.5,29.011491975882,0.675778090708061,0.0385114499800543,0.501770285670067,0.00256978609608801,0.635568745735386,0.0462838657577974,0.510280183161948,0.0103733858150701,0.799227500584507,0.0952428343791401,0.504129199729718,0.0122354121407254,0.640010319426139,0.0314782346605542,0.503216904581096,0.00244651109320974,0.673363591013057,0.0575999027124564,0.511309442255533,0.00730059368018973,0.791877642212034,0.0950582878226384,0.505759848532455,0.00528664777426218
305,50.5,29.011491975882,0.675136339456119,0.0402613558997527,0.501654406682041,0.00229844022296018,0.635891134830899,0.047138907450482,0.509782701923399,0.00962873597293591,0.80214657568842,0.0940589426740111,0.505050274916433,0.0118195335341766,0.639135220959732,0.0328042970953773,0.504714421189015,0.00470767165986133,0.673035858404642,0.0592244296641136,0.510863845460923,0.00734746393062504,0.79040289357481,0.093600603909452,0.506829725527232,0.00695193998253201
306,50.5,29.011491975882,0.673349442806975,0.0420514993244767,0.501428976804068,0.00195821575474461,0.636399626549351,0.0472041768152163,0.51035208330375,0.0117430712431458,0.804217297365248,0.0909661889276742,0.505532621337847,0.0114018265449137,0.637574138684958,0.0353204864991993,0.50643278111472,0.00495560782934754,0.672889800996804,0.0586954148304359,0.510962535889618,0.00774216388757244,0.791903245511845,0.0939479617288345,0.505686747168631,0.00592950333326266
307,50.5,29.011491975882,0.673045421594099,0.0449042153185011,0.501218350446316,0.00137238652306728,0.637510279342721,0.0474928603249999,0.510976153581353,0.0119553602973874,0.805464008429484,0.0885225738442174,0.505911403590991,0.0104606208757805,0.637003450832902,0.0374746538809484,0.506042861729721,0.00730340883663847,0.673499651895276,0.0587442777219063,0.512317395153647,0.0104681200064048,0.792877545204569,0.0912850225616175,0.506183693180784,0.0052121618790941
308,50.5,29.011491975882,0.672299637799061,0.0477611107405508,0.501792625397047,0.00231214207632576,0.637768528789805,0.0480692307643542,0.510397901378366,0.0114205072177231,0.806708948971006,0.0868451631698237,0.506224930888311,0.00964501030972491,0.637647847612585,0.0405471206489787,0.505501520489141,0.00546441998561208,0.673290068487418,0.0591497431728558,0.510869299175054,0.00751178732991478,0.795766078592652,0.0898965208626824,0.506426984981746,0.00498360055725927
309,50.5,29.011491975882,0.671340678705154,0.0495271673802941,0.502443991871512,0.00362063520391011,0.638142332170049,0.0484986614613856,0.510552306674849,0.0113125742109848,0.806616221637482,0.083434832883417,0.5091499568268,0.0135614793503992,0.637297056182086,0.0414578279692482,0.50603688324803,0.00482164098919735,0.673811126215905,0.0594983289196095,0.512894423221199,0.0106192100226097,0.796040906575744,0.0885746862850486,0.506408736194978,0.00455791302323482
310,50.5,29.011491975882,0.671858852581785,0.0518951958489998,0.501271638535703,0.00123816792987247,0.640762939409847,0.048419392132206,0.511640649249432,0.0124223696599094,0.810208838906777,0.0796128671197016,0.509197068012714,0.00826327557944196,0.637121247418169,0.0433408819173223,0.506463295041121,0.0043692027517499,0.674690295884096,0.0595375323753289,0.51390186526416,0.0112801897471739,0.796461941818208,0.0848074381683565,0.507232643498516,0.00576009794982235
311,50.5,29.011491975882,0.670945107504984,0.0541884747435288,0.501756460090119,0.00233921786577514,0.641569296407844,0.0478606595763415,0.511284680117766,0.0116696320983668,0.808545612728288,0.0771967992408401,0.51185551732581,0.0126135688409743,0.637093419981706,0.0448018010308342,0.506208599736447,0.00519604246769685,0.675871030392879,0.0587814488200084,0.513066469179022,0.00782031854279144,0.798551586641336,0.0806970907476324,0.507125796358879,0.00480017179753965
312,50.5,29.011491975882,0.67053914448232,0.0561984509404862,0.501644942685307,0.00217255389824164,0.643273107799913,0.0459067781331243,0.511936083030627,0.0125929069565803,0.811208014387982,0.0793284438357138,0.509658061982553,0.00794179593826868,0.636336337429592,0.0460061281233247,0.506283686599829,0.00523868825502313,0.677194481786909,0.0564107395034037,0.513255393431359,0.00726692390331399,0.79954183804015,0.0791006620664566,0.507084510115402,0.00444328193797602
313,50.5,29.011491975882,0.670846951963566,0.0575048392162318,0.501892235684377,0.00249459130629387,0.64451416248711,0.0433163254587177,0.511353023841485,0.0116898557873853,0.813286011576958,0.0812836864958571,0.510026618662499,0.0081817374355635,0.635380538492414,0.0470780358208166,0.505463894561895,0.00513705858333208,0.680060134767322,0.0540604196750238,0.515492859221735,0.0100853286670909,0.797705344406388,0.0768044550314437,0.507272894606191,0.005420123702796
314,50.5,29.011491975882,0.670579557898681,0.0592899395911687,0.502899774039944,0.0033609347556567,0.6447180873544,0.040969467825773,0.512239236557094,0.0118959834801016,0.815435764361777,0.085604594202525,0.511183831026512,0.0091843372621019,0.635389398462172,0.0488281145238488,0.505334260568567,0.00417147188665031,0.680843063010828,0.0507234583364837,0.513424147466292,0.00851181799365283,0.800094007938884,0.0796973526540246,0.507165799319608,0.00520437894258643
315,50.5,29.011491975882,0.67161987268318,0.0607913953729501,0.501906662582086,0.00264614058320436,0.645806986399897,0.0392072783782844,0.512852792644325,0.0106866860457377,0.811749695505287,0.0896541449521775,0.512953674058514,0.010962872492871,0.634853346490761,0.0498026714600516,0.505749619582608,0.00362067490989235,0.681519838867335,0.0484265899772763,0.512709442203167,0.00783000672146535,0.80046353362396,0.0812717397349327,0.506986001119404,0.0050572849334787
316,50.5,29.011491975882,0.67143373190792,0.0612004878958212,0.50177648807769,0.0022835896782728,0.646763296066296,0.0377871663107535,0.512774433076506,0.0111152521543913,0.810852437281374,0.0932524301872493,0.513062213468193,0.0102827083814366,0.634526150624871,0.0493873956931268,0.50551846451782,0.00387535488290545,0.682123130702475,0.0467081253456536,0.512810444131411,0.00799967599284418,0.80077349006653,0.0830686988799823,0.507177931392659,0.0053306501278137
317,50.5,29.011491975882,0.671475569445004,0.0614144354382488,0.501639790311577,0.00199176727352627,0.647287926261093,0.0369594848457604,0.512248738755389,0.0115768211433176,0.810626153063714,0.0956275475057365,0.512935800807989,0.00965993927129235,0.63414655852192,0.0489333264206166,0.50522520456688,0.00335883854775267,0.683587282728451,0.0458152394291422,0.516252544628732,0.00994070604688438,0.799581059241546,0.0847001727309359,0.507072610148592,0.00425417648960053
318,50.5,29.011491975882,0.67186566011145,0.0612732162579021,0.502379369363752,0.00297010344788783,0.647225226233429,0.036562911110368,0.511894157315163,0.010835747394953,0.807122181428386,0.0970000016708483,0.517726574331702,0.015218950410447,0.634173244393868,0.0478634133145506,0.506044705810426,0.0038664930461867,0.684425791398247,0.0455474784227814,0.516989938021228,0.00995646264931302,0.798310664094608,0.0876840879038774,0.506624899419885,0.00418470483739131
319,50.5,29.011491975882,0.671204199752545,0.0590358052195651,0.502382975695028,0.00265713988596675,0.648667597649308,0.0364288753306523,0.511131838828929,0.0117834033407777,0.811447840084309,0.0997647188058584,0.514373676206292,0.0113479751213364,0.633850146646148,0.0465657656011875,0.507402752341806,0.0048425339526262,0.683319910419198,0.0454183252219191,0.51461264021815,0.00998159078347961,0.801780210201467,0.0913062026648159,0.507447689709649,0.00526604737404203
320,50.5,29.011491975882,0.671259241189511,0.0572876214461095,0.503338102886405,0.00365641337564309,0.648576546626906,0.0367209847380447,0.511805365519485,0.0118866913170907,0.808980964304701,0.101093083757923,0.516362337415538,0.0119428380773012,0.63525598277222,0.0455920598547222,0.505765213792661,0.00354847775678103,0.684965073390334,0.0460906144060706,0.515401302574172,0.00908263494500423,0.801771403829876,0.0925290886317323,0.507832838097593,0.0054082068900723
321,50.5,29.011491975882,0.671715528592054,0.0547179395200878,0.502145080898269,0.00273348907572461,0.649342571105575,0.0371774943385801,0.512764342513473,0.0125013919227865,0.809867093201921,0.099892186624102,0.51352017273202,0.0112650531633885,0.63574807833419,0.043650366211394,0.50667297092827,0.00529641347756927,0.683817717893353,0.0464559710555994,0.513636428600951,0.00742991661914916,0.80460920683562,0.0909240736260759,0.507662643639732,0.00519313306335083
322,50.5,29.011491975882,0.671198288523171,0.0533945594994187,0.502220503084435,0.00251890269760317,0.649681498692965,0.0377650722479165,0.512315271459705,0.0123615807888661,0.810673540273612,0.0973833345336977,0.513614639329504,0.010646324681225,0.635704507488884,0.0421690058131761,0.506147149476002,0.00411354693838918,0.684204699355089,0.0483658825088422,0.513757716932526,0.00784305394108813,0.805489597011855,0.0877799688469558,0.508344900248551,0.00553838328461762
323,50.5,29.011491975882,0.671392760840256,0.0519360505827121,0.502734606594424,0.00350276358689519,0.648221081347848,0.0386984548217405,0.510829321745145,0.0104375230803108,0.808837148601452,0.0930371106030012,0.517060092133,0.0153142239618062,0.634376640808202,0.0405693930338434,0.50649890445134,0.00482606898549944,0.684001447160913,0.0499360091441742,0.516890882875151,0.010524449498234,0.80366227225007,0.0821503930092073,0.508595059495199,0.00518461916606462
324,50.5,29.011491975882,0.671131213532685,0.0507235257816834,0.503078230268397,0.00418904871251345,0.648219214205176,0.0402982654696244,0.512357709206124,0.0125676085045754,0.807279405133281,0.0897522464379407,0.517458294216716,0.0140897461805351,0.634639137136127,0.0399228194759275,0.506363331301304,0.00433482922853491,0.683928772787761,0.0519793180977519,0.516641286337018,0.0121490872756582,0.804793543745457,0.0808847367531964,0.508617984973755,0.00596022107705115
325,50.5,29.011491975882,0.671767312683647,0.0500068549944255,0.501911357444082,0.00235328327413141,0.64817608288398,0.0415887729000121,0.51264250297784,0.0129797194362498,0.806442217543472,0.0862472392709222,0.518149543309826,0.0157207953128199,0.633991220453105,0.0396842422236462,0.507075805208388,0.00571217077148388,0.68250442893625,0.0519939941179245,0.514835292421483,0.00829510804145657,0.807335231251794,0.0787732388689334,0.508274387164457,0.00554524494162489
326,50.5,29.011491975882,0.670630698921729,0.0490967032826081,0.502848987212498,0.00296200755714977,0.647967348375509,0.0421996026922825,0.510270671750052,0.0103277614003206,0.807861745264096,0.0853130120382032,0.515744866904585,0.00996063226819548,0.63364801480646,0.0394921373064855,0.507395673642559,0.00524352164531668,0.681741035492382,0.0531784818037802,0.513964021759518,0.00799570225732628,0.80724596650802,0.0778215398147219,0.509317477917715,0.00647635303982397
327,50.5,29.011491975882,0.669344316007567,0.0487923432539548,0.50364409052527,0.00413857358052727,0.64730715618859,0.0444746282627125,0.51052422712937,0.0118248843521545,0.807135167878949,0.0869499816235412,0.516947806760311,0.0109734999299482,0.632797386247172,0.0396346235622773,0.506751230319027,0.00463429261858254,0.682151239868875,0.0556065793759409,0.517329685915922,0.0129481110765763,0.803993095292185,0.0760586861101521,0.509688982989104,0.00607545865109853
328,50.5,29.011491975882,0.66917524866715,0.0496175477029668,0.502470303656942,0.00293339381941328,0.647374505646125,0.0464071217657241,0.513429545822818,0.0147449220857007,0.80126098232228,0.086962810485966,0.52180580408627,0.0137837424149666,0.633393740977642,0.0405605234123577,0.506627562466833,0.00375724939564741,0.68078492813409,0.0575637496324369,0.513530714604019,0.00783443306592851,0.807584033422457,0.0773753102040617,0.509715954605438,0.00592745573418227
329,50.5,29.011491975882,0.667401542432429,0.049858087079973,0.502972190371895,0.00296724518755928,0.646886282762124,0.0477964164696982,0.511072824710994,0.0109017501723922,0.806526202665351,0.0872263465030463,0.519160234934605,0.0125694986040581,0.633045301600052,0.0409936748158374,0.506130393281277,0.00429243568959551,0.68083115625885,0.0590383371031381,0.513768655747334,0.00804037947336273,0.805147377534051,0.0780809629362332,0.510444498472205,0.00743481766355962
330,50.5,29.011491975882,0.668468000777327,0.0502336517169278,0.502189826629359,0.00243707203207344,0.647216680458554,0.0485626897545511,0.510294043964441,0.010081502749528,0.805447656659617,0.0843535027100491,0.520671796990752,0.0141146763901244,0.633264387175702,0.0410598861213648,0.506558085671963,0.00459188110137777,0.681738286264464,0.0601654821852896,0.513519801245928,0.00896396187661773,0.806076591117973,0.0786781180778149,0.509668380293375,0.00557189199418591
331,50.5,29.011491975882,0.668681768485608,0.0491637804968665,0.502718224325378,0.00304832151826139,0.647020098772106,0.0488209131986442,0.509485147952127,0.0101043311600591,0.805059627697144,0.0845269586728303,0.519785005356874,0.0133539136155657,0.63360796541411,0.0410174047992431,0.506879433698308,0.00435119495760286,0.681673317916173,0.0607160846096874,0.513127630342501,0.00899597808145755,0.80666386069183,0.0789645771860872,0.509396327596058,0.00535285681779703
332,50.5,29.011491975882,0.668886290118213,0.0485178980932207,0.503208097758179,0.00371818583807854,0.647177756934637,0.0481995804037965,0.509906965549868,0.0104993286649231,0.805882762034649,0.0817958062370536,0.51944940176138,0.0134746274893394,0.634030603424392,0.0402021807236249,0.506209226411642,0.00445801479682767,0.681944326942565,0.0604859606675031,0.514354194875055,0.0103418459584491,0.807216799338616,0.0799613198840803,0.509793273403855,0.00541441581391148
333,50.5,29.011491975882,0.66991235403381,0.0480467529584023,0.503044888483214,0.00335637247660582,0.647148787862635,0.0470673176960244,0.509684899187646,0.00940371204702995,0.805336562158147,0.0807936123526826,0.520163235177689,0.0136507911012574,0.634598807634666,0.0395175516855584,0.506840541359509,0.00429788482667341,0.681717476657084,0.0592504953880099,0.512238389473895,0.00732885463986984,0.808119003031648,0.079869067858348,0.510833522317294,0.00725014232988891
334,50.5,29.011491975882,0.669316374240959,0.0467807488549424,0.503729727018882,0.00452694312170147,0.647843285967493,0.0455489827514258,0.510792925654768,0.0113088580819741,0.803702434494757,0.0804928674559997,0.52322131771094,0.0161918638068151,0.633916195204915,0.0384113085493439,0.506974621048751,0.00512716064458698,0.682736722640175,0.057959029281938,0.514421485219033,0.0091820985731761,0.805814354059286,0.0788726851312639,0.511498043256441,0.00653046057855582
335,50.5,29.011491975882,0.668550487807224,0.0460977274921076,0.502881315012054,0.00276710477987239,0.649397387750848,0.0447351652194833,0.514371632713144,0.0149753236707674,0.80533260056904,0.0839293033815543,0.518254411410541,0.0124145633738611,0.63418410576117,0.0383451324369712,0.507419719597802,0.00484501774071685,0.68272400425478,0.0553719239194025,0.511904608920011,0.00697425640024878,0.806512289909353,0.0808768493690625,0.512280544175082,0.00945616683418245
336,50.5,29.011491975882,0.666872909034356,0.0464758870248637,0.50302389470068,0.00302110845326369,0.650327114942797,0.0429023059032526,0.513232305759178,0.0135390989989691,0.80539155397509,0.0877585326855847,0.519689434601194,0.0123661874297548,0.633334689386799,0.0385424729926174,0.505492530760108,0.00315858351859285,0.684775716285747,0.0536317994148428,0.511319181490557,0.00632693018688112,0.805745526770052,0.084852906428662,0.51265270383542,0.00829706899491892
337,50.5,29.011491975882,0.665351727067445,0.0477740227282457,0.502678295800511,0.00270483179252019,0.652544100280996,0.0414974880521829,0.517664185150493,0.017337809801628,0.80264757503702,0.0912880986286798,0.518093090657846,0.0109077722114444,0.631852193925001,0.0387279156381706,0.506560765636737,0.00384271394366025,0.684754013082891,0.0518869577046562,0.511409652722489,0.00789383882984165,0.803056196441833,0.0898544386158294,0.512885083022599,0.00824117299517906
338,50.5,29.011491975882,0.66492493534419,0.0497533143240427,0.502667793978139,0.00265744175336062,0.65306547614865,0.0395503844507349,0.514844383065837,0.0186487163101869,0.804628969361419,0.0931673536896605,0.51852504244837,0.0115144534315405,0.631208350901913,0.0395108517644707,0.505528118865379,0.00351490517439052,0.686389253094922,0.0502494365919414,0.512719420893554,0.00813834627414867,0.802577170888116,0.0935191530294086,0.511660464924244,0.00764305206031289
339,50.5,29.011491975882,0.666119495391628,0.0509315858438295,0.502116146101508,0.0018680039703904,0.653555379149884,0.0379553284446503,0.51290164230642,0.0155833113269665,0.803835664349091,0.0950109550714982,0.520419096708341,0.0120826335815647,0.631379936886942,0.0393483252366447,0.505567085895927,0.0036053832950715,0.686988110073193,0.0481001441853191,0.511763872482008,0.00711866370029316,0.801193163404825,0.0962022162602216,0.511274746165719,0.00748716713185916
340,50.5,29.011491975882,0.666717230591895,0.051532661673589,0.50292828716212,0.00307633017848013,0.653461439296305,0.03662312435892,0.511689545795879,0.0156688929465903,0.799867851858234,0.0971985898146906,0.521391909328456,0.0124553089146807,0.630950898041459,0.0389801833243048,0.506788376344039,0.0048832167829672,0.68724737531109,0.0460204546518562,0.510981524406342,0.0064827799421877,0.798095710123061,0.0983584831717147,0.511315517884914,0.00741396076960458
341,50.5,29.011491975882,0.667113984897368,0.0513423735599332,0.502551625475498,0.00231971028416465,0.653749579453505,0.0361312346888468,0.512525107740312,0.0142924390541572,0.80025993771912,0.0987512304188678,0.519250003462632,0.0113469754083656,0.631186842315265,0.0393796958745585,0.507646507941042,0.00602389376440969,0.686952450070269,0.0451808598019831,0.510257423146132,0.00553250907225922,0.794930032247966,0.100288912759998,0.512781342281192,0.0095226129700231
342,50.5,29.011491975882,0.6674998732989,0.0512169062398695,0.503458056586888,0.00335152147161151,0.653281922834302,0.035555613002817,0.510601049502133,0.0129069273400259,0.799663873054575,0.0979604153224837,0.518996663184324,0.0115480981414667,0.632239749800475,0.038935911576861,0.506932937515233,0.00416660541558872,0.687471410908816,0.0446478339351714,0.510658725602454,0.00540295265939697,0.796110417295685,0.10196353984005,0.511610176179013,0.00746497743500057
343,50.5,29.011491975882,0.669261479950159,0.0503557303107059,0.502786956557922,0.00298754010516327,0.653882978951582,0.0349252084843043,0.512311387454826,0.0139864796540342,0.795882123189608,0.0994595609946351,0.52190664281835,0.0145578117050564,0.632988436843972,0.0379584267418745,0.50614950641155,0.00396682666708193,0.688670945796495,0.0437803169991867,0.511796450212875,0.00728949550477661,0.792630737709617,0.104242357057584,0.512444897126939,0.00739556525944646
344,50.5,29.011491975882,0.670323718972676,0.0486872981115928,0.502169888533682,0.00139432692501422,0.655371652810126,0.0334915723100983,0.513549879189443,0.013726892121121,0.800032470915686,0.100565272303942,0.518482762626642,0.0105583157666888,0.633322480679635,0.0366861432069677,0.506311119103273,0.00455193951387742,0.688537027909788,0.0415515992665864,0.511219199570574,0.00698249776224444,0.793429852316698,0.105176803339474,0.511928430135961,0.00689851002445546
345,50.5,29.011491975882,0.670877789879068,0.0469873016512107,0.502803445939762,0.00305493111597437,0.655240450239515,0.0318864948048446,0.512865764358233,0.0128339521625267,0.799928843938309,0.100866329000529,0.518420178823139,0.0111390910990224,0.633915450349973,0.0354770826895726,0.50598256193938,0.0045116135946376,0.68866713934992,0.0399143857924187,0.511424235300259,0.00552607832832446,0.794003802553497,0.105554436993791,0.512740279283652,0.0088283126645616
346,50.5,29.011491975882,0.671886380331386,0.0455927479931518,0.50294614883214,0.00335827000818343,0.655955194467557,0.0312529887574567,0.51319069774675,0.0127036834594852,0.801916392083041,0.100771952802419,0.517723811493803,0.0113566459889445,0.634129048160786,0.0334415945344896,0.507628206461963,0.00590360196480908,0.689917220509901,0.0381875291479164,0.513449460154368,0.0083403768498758,0.792347669143708,0.104007774723948,0.510947090876001,0.0068263564767016
347,50.5,29.011491975882,0.673267234458827,0.0440355217687527,0.502854076856659,0.00271571483630111,0.656031910708728,0.0309548059373214,0.512447849385054,0.0112213600888421,0.802493983348049,0.0993426704286333,0.517981774005761,0.0106632785023937,0.635847804706603,0.0325011406373416,0.506269288307107,0.00475483482800247,0.689944208793584,0.0375666481115852,0.514510563779802,0.00785948702876995,0.794972295480711,0.100694478300281,0.511269970458441,0.00706337989946074
348,50.5,29.011491975882,0.674519843432328,0.0427556900477319,0.502149459977182,0.00146250218692263,0.655798327949396,0.0305574095772762,0.513968498631005,0.0131784054100422,0.804021543413295,0.098923108839074,0.51712564488708,0.00980345915026835,0.63739021035467,0.0313855351370793,0.506792362580868,0.00400145935424687,0.688381214541057,0.0375495276559781,0.513213544064998,0.00674664756459221,0.798295598459874,0.0976447612853122,0.511151067870845,0.00644842983770467
349,50.5,29.011491975882,0.674645482671033,0.0416379135458153,0.503278638617916,0.00395658723032139,0.654062202233593,0.0305703505377477,0.512451771343677,0.0121101474328212,0.807334640142368,0.0953910734757709,0.517085920345556,0.00955815955989118,0.638427006523225,0.03029665219758,0.50681074175703,0.00414261968660774,0.687394518485068,0.0377080764376993,0.514730982328876,0.00871832240191991,0.798790322256052,0.0915096290306364,0.511907254824607,0.00595450395572467
350,50.5,29.011491975882,0.675731266412501,0.0402885231950964,0.50268485961291,0.00289605918619624,0.653652300023401,0.0326141860133446,0.514265172714385,0.0125122711894295,0.807065663066746,0.0944170063016641,0.516621472173522,0.00995342711090385,0.639531644607774,0.0283275134452769,0.507193921663848,0.00502897229264679,0.686308453381404,0.0394364628545529,0.514770961874745,0.00848955776481019,0.79821851929457,0.0887241972211714,0.511638747769881,0.00567886167547523
351,50.5,29.011491975882,0.675494933423759,0.0390532871871377,0.502056304676938,0.00119380219757981,0.653577311943036,0.0346835214809328,0.514219995692084,0.0132261032059009,0.808490666230688,0.0906277594605821,0.51663618095524,0.00930532813568538,0.639899481818426,0.0278240005472026,0.507081351703515,0.00560665491034216,0.685254986121042,0.0421610489144722,0.515167204970308,0.0112385523278916,0.796990583553023,0.083535975713455,0.513799579976362,0.00706181154186816
352,50.5,29.011491975882,0.674646367184596,0.0381343120000898,0.502621822367655,0.00289273957406594,0.65292693261093,0.0367205541889716,0.513188210365056,0.0112665487065613,0.809302997464667,0.0866068815212668,0.516347514816362,0.00875590940419572,0.639306856354636,0.0269069202016512,0.506852323217369,0.00437143943534841,0.684431615966451,0.0444363142817274,0.514552889194034,0.00944190618645371,0.801660467184105,0.0816484947899518,0.51264322865857,0.00619021642425922
353,50.5,29.011491975882,0.67480137254171,0.0377137299517301,0.502305784812487,0.00207332643284155,0.65191206116501,0.0382600631884015,0.512100421680062,0.011937310000021,0.807850960374485,0.0831405150613568,0.517798787444382,0.0117923866745334,0.639054669803176,0.0272407765539774,0.506595671008796,0.00448475204834266,0.683654838033806,0.0474261422786294,0.514177188701167,0.00987995842826156,0.803277058745896,0.0780749566890228,0.513328069442393,0.00746286348488793
354,50.5,29.011491975882,0.674572065940714,0.0379925073158291,0.503592857272676,0.00322662760623135,0.650450223421132,0.03914627387412,0.511658037235162,0.0121604797919872,0.809676697974902,0.0809879769845977,0.51514563674403,0.00809272221072892,0.639201671701847,0.027779736034285,0.506312981869112,0.00608761761841502,0.682084810639254,0.0492882383610989,0.516191516058803,0.0108637495392445,0.802688715189483,0.074319245078418,0.51278323936143,0.0071896745443859
355,50.5,29.011491975882,0.67459296894982,0.0378507365029937,0.503130719262076,0.00332318997277408,0.649593689134143,0.0400402532836224,0.511054696505832,0.0111341224148085,0.810689958504139,0.0786146860188283,0.518085402754761,0.011678456059924,0.639221868779402,0.0281848107052768,0.508036997245428,0.00559302117767908,0.679687137675857,0.0504607737289107,0.513154787968612,0.00775266162265879,0.806318229117504,0.0732424297558043,0.512903435345594,0.00717439961904136
356,50.5,29.011491975882,0.674470508376986,0.0392900418494625,0.50273126836389,0.00310320574441925,0.649433448437935,0.0408972943431526,0.510982386578372,0.0115536809050066,0.810431065141953,0.0773958688261943,0.519131811353314,0.0126617022757647,0.638901531985592,0.0298493672450953,0.507213071146887,0.0056521645473924,0.679321858697641,0.0517013214526785,0.513324972775846,0.00909228416978193,0.808500615481238,0.0716254679710387,0.513004780083633,0.00747452715752893
357,50.5,29.011491975882,0.673013748589944,0.0414164057576125,0.503030589655689,0.00318222463375386,0.64900081099459,0.0422034385725276,0.510943423052943,0.0117060905867257,0.811159482763623,0.0774765258016305,0.519573137176152,0.0125256856197413,0.63724172376435,0.0323265760386566,0.506410353023004,0.0038238843404101,0.680003186539945,0.0530988922708667,0.51753271296437,0.0140795135506605,0.805406269018527,0.0715168770040988,0.513179940273533,0.00769409900665282
358,50.5,29.011491975882,0.672820914801889,0.0446824816129191,0.5021477624277,0.00207658849153956,0.64868676217304,0.0430443062947033,0.510905832722041,0.0106809679427132,0.812159003676644,0.0767232664193805,0.51947762966432,0.0131947969846177,0.637116312500667,0.0343934319823507,0.507476479785913,0.00531721437982873,0.678543949398257,0.0539714126821782,0.514547918459099,0.0094283991517063,0.805997095082692,0.0712894774591307,0.513975702012497,0.00921284056108238
359,50.5,29.011491975882,0.672063679928071,0.0460644119196711,0.503007511240367,0.00318290128716944,0.647780127791977,0.0431986035538574,0.510618604181594,0.0100230596504961,0.808787379052581,0.0780562353887011,0.522870700536244,0.0178426012679825,0.6356600018696,0.0357542548025322,0.506955985817187,0.00478324446068902,0.679844822953092,0.0543954750832847,0.517860715896506,0.0116328783694647,0.806027817667,0.0716492928178749,0.511821978169117,0.00650705203036504
360,50.5,29.011491975882,0.671348211504977,0.0465028768068863,0.503217101411524,0.00482828441667654,0.648312054965931,0.042954129955669,0.510594349228648,0.0111792700853154,0.811861798112513,0.0757402138170223,0.520688024276223,0.0154084894358991,0.635417494221967,0.0365263959991118,0.507670781236622,0.00451539728024015,0.679281589977208,0.0541356729332709,0.516537922730931,0.0119428961556335,0.806864955671639,0.0716499902522292,0.512485176720688,0.00810236506300527
361,50.5,29.011491975882,0.670189475848626,0.0463237144880137,0.50326156844774,0.00325824490968286,0.648764737166102,0.042069965759581,0.511164330609348,0.0115022827250148,0.812957043386165,0.0734147747608667,0.519926998641405,0.0137506232955893,0.635219681101131,0.0364772814782318,0.506614584580495,0.00382867798677666,0.680501419372413,0.0529924042185184,0.515001252027007,0.00981305374707596,0.809215057076169,0.070469832778542,0.512763045758781,0.00765365493212706
362,50.5,29.011491975882,0.670000807250268,0.0462505259516406,0.503204749523647,0.00453554499541424,0.64869095808049,0.0416828725038595,0.51117873617003,0.0125857610465074,0.810280195891266,0.0727746842511045,0.524580381030207,0.0179611480656269,0.634012944820021,0.0359531008554724,0.508781275628035,0.00742443344936985,0.679522215595408,0.0517087132825561,0.515073783259997,0.00959608952166091,0.810705739073559,0.070154402035961,0.511362420029908,0.00604202751108927
363,50.5,29.011491975882,0.670391040363859,0.0471331272415533,0.502620563970935,0.0021958826729592,0.649380364337756,0.0412853050381231,0.510727955994547,0.0114666731236196,0.812833429320651,0.0727040802421415,0.522243217824612,0.0156514393595862,0.635095559043333,0.037120926634402,0.506696508467497,0.0039843196359312,0.681932082293956,0.051998511053317,0.515995224874242,0.0126551805634209,0.810152406664849,0.0696691550676858,0.510916767432465,0.00568454703994876
364,50.5,29.011491975882,0.670393951883654,0.0483183187619473,0.503648804416086,0.00352672750839409,0.649241250490383,0.0399127035119352,0.511210111105704,0.0129026346717589,0.812181490123423,0.0719844260510364,0.523841036415204,0.0157639673543971,0.635484876201531,0.0379808253329047,0.506814991053791,0.00376752035651116,0.682038732142601,0.0499883727295301,0.514490549823175,0.0103338599062209,0.81273179639174,0.0698937739176394,0.510785105209159,0.00534547458097835
365,50.5,29.011491975882,0.670994007820576,0.0494280098844341,0.503712890580278,0.00402921099102366,0.649972412417598,0.0397151934891035,0.512749105467844,0.0136959465226776,0.817688606656023,0.069029283938741,0.522085421859135,0.0148856945090267,0.635580832678539,0.03850476692022,0.508457838651061,0.00756998805528871,0.681331694635599,0.0493968537038004,0.514300836189869,0.00985091834541036,0.812726093376772,0.0692846236181613,0.510885889573775,0.00552895583225791
366,50.5,29.011491975882,0.671627420398796,0.0511376449113554,0.50225523349421,0.00239783655824233,0.651819832648145,0.0395073909784481,0.51400054384987,0.0137003007779851,0.817402660770263,0.0671399259390507,0.521749518440877,0.0137014615358231,0.635782599373532,0.0398195429669767,0.508274378621805,0.00683250621776459,0.682265783849745,0.049262589436832,0.513698996716396,0.00803021989227955,0.813741207022261,0.0688740827734661,0.511702573972602,0.00744049597767153
367,50.5,29.011491975882,0.671537574272899,0.0524704621703203,0.503119548490504,0.0036327508398503,0.651889810228984,0.0391599674208693,0.513664485245614,0.0132450591555101,0.817173076934211,0.067085048237483,0.523142090654288,0.0195166709110568,0.634565431216771,0.0400350425548734,0.507524825753904,0.00537810589770714,0.684578185563339,0.0487014825924681,0.516393263084594,0.0108454386423108,0.81304081502315,0.068166400253041,0.510249022016979,0.00500696341516013
368,50.5,29.011491975882,0.67186670048717,0.0539854403432219,0.502132968644777,0.00195265082325554,0.653701870587467,0.0382275407927083,0.512904093116454,0.0121333586680302,0.818831116398413,0.068356470029461,0.522767652289994,0.0143683222689124,0.635099766984133,0.0411889312121945,0.50817799499573,0.00560208352825594,0.684971341882197,0.0474352967400949,0.51392638781217,0.0088202804889563,0.812798727681832,0.0701721458795818,0.510988651691446,0.00610768703882599
369,50.5,29.011491975882,0.672477389438101,0.055320111978818,0.502189378674556,0.00215339498299518,0.65378815516868,0.0376475086284566,0.51214611350912,0.0113932512383472,0.814700427701943,0.0729931525574823,0.523798046035823,0.0152718436283342,0.635460084420501,0.0419278824788704,0.507894378207485,0.00489460432937053,0.685988519948216,0.0468036808651608,0.513938265159798,0.010423813582171,0.809207992999778,0.0730973245083659,0.513049585671107,0.0102125604690746
370,50.5,29.011491975882,0.671944164601713,0.056531123413168,0.503252901832314,0.00291693643921728,0.654501546870144,0.0376755947654196,0.511606324946015,0.0109603858436456,0.816143963833847,0.0783907796578859,0.521020196079688,0.0120609283492499,0.635376750963519,0.0422950714529067,0.506971138999172,0.00386165853093893,0.687339602717989,0.0465443727747218,0.514161821772204,0.00997672346354816,0.810190157822864,0.0769244213886821,0.510859510630289,0.00624110505502551
371,50.5,29.011491975882,0.672128038743558,0.0573454270583019,0.502254008008927,0.00182376759501196,0.655690983368546,0.0380098574524374,0.511689204081171,0.0112211127946933,0.815435915487237,0.0805886787461338,0.521541667178139,0.0112190522948182,0.63449703892294,0.0431027677345529,0.508286918030288,0.00515507365201197,0.686824020760279,0.0468389632938237,0.515041735327097,0.00867083253643296,0.808810323803032,0.0799296177769338,0.510988451679263,0.00694234705525466
372,50.5,29.011491975882,0.671500948291603,0.0582991929609693,0.503649575104329,0.00332583326034992,0.655923123025084,0.0383470536129851,0.509968494294855,0.0102684312369735,0.815754086479396,0.0832268087464836,0.521327525432987,0.011450825102682,0.634411449185028,0.0435554185851519,0.508868960449392,0.00589286255150767,0.686850569802977,0.0469383098415927,0.513511548005505,0.0102855012084631,0.811888643794704,0.0806906291006302,0.51035359297932,0.00613127902581063
373,50.5,29.011491975882,0.671484354215561,0.0585845216506245,0.503670708435592,0.00358614789640846,0.656316111912061,0.038402433456561,0.511177763099078,0.0108661863644967,0.816136422578974,0.0866483389114153,0.521169890258502,0.0105622586333668,0.633822590859753,0.0444433797103503,0.507541655202734,0.00505011540658866,0.688332707779407,0.0483537494351238,0.515258622094068,0.0132216867308933,0.812862012526133,0.0787805878340093,0.510507540020164,0.00659133532482624
374,50.5,29.011491975882,0.67126612953537,0.0587959930601889,0.502926469707846,0.00313074910711319,0.655953376017554,0.0386597517087705,0.512688816156079,0.0131265711870466,0.813191819807489,0.0881779386758578,0.525716819009138,0.0122177093440821,0.633896628703762,0.045434894215046,0.507433603234244,0.00342828255868314,0.687901644684359,0.0482389363265678,0.513403650668191,0.00989482428742776,0.816895116481654,0.075139126159,0.51001416114902,0.00573679281460168
375,50.5,29.011491975882,0.671102132797268,0.0587076508080633,0.502391652470245,0.0025013210079851,0.655458703211047,0.0386650433757447,0.511140873733362,0.0116181010475099,0.816039410486962,0.0849712904836187,0.523660554508865,0.0100425142234086,0.632238823081001,0.0443513156439306,0.508764454141253,0.00648899952810391,0.687871826838696,0.0481367670302704,0.515243704727282,0.0131514261851103,0.81635552359836,0.0718089548565851,0.510112338823458,0.00715961113194385
376,50.5,29.011491975882,0.670550805231788,0.0564830536206781,0.503900024779995,0.00408952778227869,0.654222482566558,0.0383601148060233,0.510012210565271,0.00987853181368628,0.816459241930218,0.084049120269263,0.523637674508249,0.00985724498523178,0.634023786762555,0.0437204314766557,0.507086376345039,0.0041107324782353,0.688070589724107,0.0480098323534668,0.513349382308964,0.0102297347521911,0.820802247450443,0.0658786750179924,0.510824598273048,0.00701057688742864
377,50.5,29.011491975882,0.670946459124578,0.0542580858646405,0.503063728055454,0.00427278543693011,0.653677139665177,0.0388606477097822,0.51423958969055,0.0112899694225793,0.817248411265764,0.0814416721475454,0.522052681863395,0.00890984004834771,0.634205498237779,0.0421766676180333,0.508464168816642,0.00631716819389131,0.686220919961247,0.0487697186398958,0.513641386830569,0.0104599953116297,0.819722776519931,0.0627200234010395,0.511433666079335,0.00917428259186556
378,50.5,29.011491975882,0.670976045664818,0.051686329353406,0.50262654678412,0.00258065390720903,0.653429878142202,0.0388807648906347,0.5139201793557,0.0114910275797311,0.817763325938278,0.0811023603812837,0.5225509358196,0.00928596193196299,0.633121280055991,0.0406333429660717,0.508696095818401,0.00525900384459407,0.68644243754131,0.0490666102311748,0.516640938533075,0.0126108736082229,0.816112174548626,0.0593925120185506,0.511774728449516,0.00763735335254784
379,50.5,29.011491975882,0.671300009162658,0.0493156806130048,0.50268086719832,0.00313466927143355,0.65275924178585,0.0383312039611889,0.512308634228331,0.0101857304378022,0.819251988894096,0.0808948614878059,0.522580361847546,0.0109849171654142,0.632782923370303,0.0387790811149844,0.507914408094929,0.00496092201938302,0.686630489043266,0.0492138710193899,0.518565526079473,0.013570489398749,0.817755865742926,0.0579030833842773,0.510873320267181,0.0075834664495191
380,50.5,29.011491975882,0.670801927682206,0.0486119749202892,0.502753654938935,0.00292481487772863,0.651960386810035,0.0390539712795292,0.51344350783682,0.0113507058171741,0.81935151120244,0.0802816922602167,0.521768930546445,0.0107670556096754,0.632712640793161,0.0381750382646463,0.509951715410367,0.00571025528048757,0.683783156920403,0.0497566659873935,0.515702230610544,0.0116499659922673,0.820969580749455,0.0562909932461474,0.510621125885904,0.00709904446085266
381,50.5,29.011491975882,0.669929647530996,0.0492681323666717,0.502095182177963,0.00174669597059231,0.651385443519112,0.0399602429257692,0.514076888562407,0.0114045874527795,0.818267900102281,0.081117521485872,0.520336239513068,0.0102920587971189,0.632806338284629,0.0386122576193959,0.508347948317814,0.0052163648110506,0.684376218031207,0.0518059967021258,0.516671817753664,0.0115717917031875,0.818399479980964,0.0584778446310148,0.510673616661834,0.00722202424238891
382,50.5,29.011491975882,0.669338695926002,0.0488445758143122,0.502817011427742,0.0038061600083745,0.650486314580722,0.0411669734770768,0.513787197531246,0.0118486013113836,0.816669517357767,0.0813939034074753,0.519511624966413,0.0117236543773617,0.632580203924143,0.0377104503088071,0.507930423591166,0.00476203369264777,0.68451575144866,0.0537632031518894,0.516242635859471,0.0117311500959399,0.816286558007753,0.063545303348456,0.510717196924466,0.00678517927279818
383,50.5,29.011491975882,0.668789353625841,0.047346661809852,0.50251495299678,0.00247416008652735,0.650195033819605,0.0424875171666612,0.512766723007273,0.0100566487975283,0.814667515021644,0.0862908650364444,0.520356160150892,0.0126467265314078,0.631712222948828,0.0361571339163708,0.507516800741955,0.00453977457755827,0.684598258263662,0.0558656713207089,0.518767222427025,0.0125947976335852,0.810687261150953,0.0706736560151447,0.510918777980265,0.00813948142539338
384,50.5,29.011491975882,0.669914970673256,0.0454642524420353,0.502357797952524,0.00238078299444526,0.64933327514004,0.043622004296462,0.513050176868909,0.0114582062013731,0.8116922852415,0.0898546190040383,0.520031046797854,0.0129727624515104,0.633173095604736,0.0353581666157001,0.507413055491007,0.00411292741482314,0.682702182402562,0.057934633738081,0.51529778498481,0.00942897333724705,0.809030747388061,0.0786181545641044,0.510821324880057,0.00777257277350787
385,50.5,29.011491975882,0.670620957243155,0.0436571511703709,0.502274411819287,0.00204302292268554,0.648459203065032,0.0448345661012181,0.513487285240062,0.011601437192467,0.809353343806941,0.0941701057796283,0.518278283633156,0.00932355021236133,0.634071692436463,0.0344685935427181,0.507289907189846,0.00406275266676971,0.680772111729739,0.0591142637848654,0.515320489220364,0.00787044927349226,0.805109875652743,0.0846303744269084,0.510373913028767,0.0071756028958118
386,50.5,29.011491975882,0.67133034205509,0.040906087218516,0.501871838953123,0.00165592555880567,0.64867433022615,0.0465184161892433,0.51261465095233,0.0106545843451873,0.806333739410676,0.097048392426961,0.518574516755493,0.0127461567621686,0.634399164732428,0.0325807549090796,0.506419869383038,0.00339348652456061,0.679848214675112,0.0602409260309504,0.514604372129688,0.0079015996079438,0.801687274711244,0.0901678805286145,0.510658667435436,0.00655305523459347
387,50.5,29.011491975882,0.673122507588484,0.0391530581303644,0.501698117564842,0.000927441364957696,0.648422192034147,0.0479499044883236,0.51226671116825,0.0106232910159927,0.803295198143707,0.0997230517219361,0.51784562305194,0.0116062961597778,0.634172643226496,0.0314117947399538,0.507866108258757,0.00525475462355603,0.677767180343632,0.0611855664625454,0.515444603324334,0.00939725007438784,0.797108925637335,0.0941794239417626,0.510745363529205,0.00692421998034989
388,50.5,29.011491975882,0.673059782893064,0.0376699538906657,0.502544231076148,0.00263730152228156,0.647606556455127,0.0478966831275775,0.51071820764772,0.00967266663043561,0.800833858522759,0.102057580574985,0.517925817907886,0.0111072011710959,0.63526231641849,0.0304669758356063,0.507667143740474,0.00482998023043917,0.676102900530805,0.06088833299298,0.513858631773734,0.00827150427983845,0.797242798504001,0.0983113554666396,0.509981739396594,0.0058012905732361
389,50.5,29.011491975882,0.673949861141628,0.0367761157882493,0.502133092051272,0.00251601753124557,0.647888694358901,0.048196097154937,0.510753841983911,0.0092109024494418,0.799355128763002,0.104227614889911,0.518870940899696,0.0123677016976831,0.634770519766533,0.028966559500125,0.507356446805445,0.00500783044775116,0.676429059562052,0.0597882988849573,0.518230756590033,0.0100939775232523,0.792265684431735,0.100084638074368,0.511843177940616,0.00864382112491932
390,50.5,29.011491975882,0.674983545088434,0.0360509269730847,0.50211842446172,0.00225881967661677,0.648102996438292,0.0477476432762763,0.510381636968662,0.008234166948942,0.798278497277866,0.106702137105281,0.519055561931124,0.0129663963804524,0.637082451753435,0.0284611200831432,0.507280778527214,0.00467496732342781,0.676741930360079,0.0587373459090694,0.51490902262174,0.00796125058352549,0.795501240325813,0.103107997817877,0.510567172572682,0.00629943911193038
391,50.5,29.011491975882,0.676230536964858,0.0341226724726973,0.50209317052716,0.00242307762102345,0.649019316074096,0.0480490366887524,0.51004461957282,0.00784870006893164,0.798498740454776,0.105677530830989,0.519961376693008,0.012594622798918,0.637950202446023,0.0272366047985716,0.507382775727221,0.0046825586295282,0.677641860353803,0.0575799605927782,0.515677535910393,0.00842598991010233,0.794488984419109,0.102899390499032,0.510349806441479,0.0057146307243328
392,50.5,29.011491975882,0.67680677827798,0.0322048440325487,0.502350564828513,0.00272426476234853,0.649446183660311,0.0471593828336961,0.509869132999419,0.00785425881966243,0.798938018596844,0.101902834112728,0.520401086926014,0.0121706487026566,0.638276585330205,0.0260316957681817,0.507869594915749,0.00580171908545208,0.678268001049334,0.0570015986002201,0.516919868166632,0.0103157049039858,0.796189263060637,0.100945161818516,0.510577472016114,0.00568571272765942
393,50.5,29.011491975882,0.677809916117383,0.0308580934727981,0.502619683385197,0.00333264145294218,0.650152971133559,0.0458848970709767,0.509154096622639,0.00721537108856626,0.798974201051749,0.0997506163876989,0.521304900347161,0.012777949941144,0.639565582804291,0.0238511578062473,0.506856625511853,0.00456059733156499,0.679644051566704,0.0554394381059402,0.516564699016024,0.01169987120815,0.797868934166044,0.0992522262857315,0.510915569210497,0.0066800265170387
394,50.5,29.011491975882,0.678916013734618,0.0306193551261627,0.502284330457447,0.00308996389845861,0.651705841092587,0.0442451999886567,0.510803870964008,0.00939443317207984,0.799416493720074,0.0968826213134619,0.520800699018956,0.0119885322142809,0.640399727321607,0.0228579166863129,0.505782998676121,0.00277341215239225,0.681205336478011,0.0533057884570517,0.517065488450958,0.0104542252212656,0.798044046474556,0.0963143014444351,0.510816939583867,0.00648367805819146
395,50.5,29.011491975882,0.678495148383746,0.030534026160386,0.504209886090985,0.00497463657073804,0.651520033236983,0.0435915230308532,0.511677689107163,0.0118882328298184,0.801565508906785,0.0928199606881864,0.519014398754152,0.0107435420486894,0.641481609245163,0.0223936540402723,0.506134791315909,0.00289778584189057,0.681003107048274,0.0511090901567334,0.514872359914447,0.0101190622039767,0.798491609168054,0.0927790828322724,0.511807747460908,0.00669225645002828
396,50.5,29.011491975882,0.680011747923621,0.0307743716052397,0.503269365154603,0.00343692760256275,0.652294551781542,0.0426831733923135,0.513705176742651,0.0116407721333506,0.800285371137419,0.0924239957305974,0.520737782213489,0.0135203361271689,0.641864140248321,0.0224846648079461,0.507603717568992,0.00462915955142519,0.68047660019307,0.0502165076509341,0.513380931211238,0.00843093197282077,0.79975014867276,0.0909744741123858,0.51016583682154,0.00579614038946212
397,50.5,29.011491975882,0.680734899171131,0.0314685974289834,0.502426548664425,0.00287965735550815,0.6532698419063,0.0432489446191911,0.514588819540302,0.0123724601084552,0.800680796517131,0.0901401142057899,0.523623536943006,0.013417701578131,0.643433653168596,0.0227550911966333,0.5060006679122,0.00339924384392784,0.681914293482068,0.0502545757279476,0.514206029361541,0.00733569422831356,0.800967588427744,0.0890409296785449,0.51029843461836,0.00616614230805266
398,50.5,29.011491975882,0.681215394084314,0.0310815115004016,0.501855437141284,0.0023650753505719,0.653783619738059,0.0432727312832548,0.513963329281467,0.0116316275036866,0.802465815872883,0.0892163734224529,0.523763395747305,0.0142415342124921,0.643501547770372,0.0230166736192163,0.506765826830851,0.00480507061876012,0.681849389739558,0.0499171966417541,0.513607015387578,0.00745665159037345,0.801071466661319,0.088894688428884,0.511138854475633,0.00705312203049417
399,50.5,29.011491975882,0.681258227343258,0.0303189014790908,0.502183027535093,0.00252342383881067,0.654010631372521,0.0433477628009013,0.512405909155258,0.0109581507941889,0.80593156610401,0.0889551322650472,0.523114991805516,0.0138744024163002,0.642950050169559,0.0226820927972543,0.506779996579655,0.00410379835471208,0.683444057220336,0.0502063426644302,0.515052125522526,0.00990432008377665,0.80240373342725,0.0886058061531425,0.510184319276636,0.00676944779957075
400,50.5,29.011491975882,0.681943663751786,0.0298411031878097,0.50269832043123,0.0031898616721228,0.654283850798392,0.0419402474836315,0.512273987719976,0.011214250031044,0.805150397236249,0.0884155439272842,0.523016861978429,0.0132460907252507,0.643355624939779,0.021711197624727,0.506592192158817,0.00541778720246559,0.684533635909401,0.0492981015250772,0.51522445158837,0.00855745791445664,0.804146619877766,0.0882453718129557,0.509755518751593,0.0064103265866455
401,50.5,29.011491975882,0.681943131537528,0.0293220011895376,0.502565131166337,0.0030941514695011,0.65479459054414,0.0406426264490209,0.513019341250923,0.01188154347678,0.807683695326707,0.089409582329505,0.522510347667021,0.0129673156811851,0.643646244280956,0.0215241523452624,0.506491342223673,0.0038626505319435,0.685428406159629,0.0472823401682671,0.514227982106365,0.00791979860818305,0.806502417853604,0.0884585127668815,0.509608325953456,0.00600167552616139
402,50.5,29.011491975882,0.683008732563879,0.0307136227091896,0.50238912037176,0.00289168126485487,0.655416201185612,0.0391109476797273,0.511634289088883,0.0108368946283093,0.809762459664092,0.0897228852512757,0.524058891549539,0.012444044209449,0.64269709014119,0.0218484070098878,0.507030965633288,0.0049259147897216,0.686989433335289,0.0454647746400314,0.516080728663858,0.0095136615282595,0.806008202337758,0.0884395032248149,0.50939606470077,0.00551964736573026
403,50.5,29.011491975882,0.682206011603515,0.0309734169906126,0.502214879809519,0.00264562979834311,0.655116892464742,0.0371676615848551,0.512020610461596,0.0116131383065218,0.811256491268986,0.0902778472096483,0.524171799865393,0.0136323521508401,0.64386676860018,0.0226714279159502,0.505939307050163,0.00367560854127988,0.687041378789509,0.0436039027110459,0.514079969454778,0.00881969452265161,0.80948338496902,0.0874822371132428,0.50960013311725,0.00515845075162805
404,50.5,29.011491975882,0.681505462618434,0.0310023104677333,0.50340664204471,0.0039180198910998,0.654975043613684,0.0353673758316865,0.513396129985633,0.0126978118211124,0.809450498844928,0.0921536429943614,0.522755683019661,0.0126583132874209,0.642074109079872,0.0239323009547312,0.506697984023206,0.0046606608132099,0.687997970650588,0.043131955700296,0.51909594831024,0.0136879909298912,0.805223172429944,0.0869779557910856,0.509306403686128,0.00516698065253496
405,50.5,29.011491975882,0.681605083349944,0.032570456327629,0.501993576059953,0.00221862735191207,0.655180739967286,0.0348887478912659,0.515068119426993,0.0135910372643456,0.808219664094838,0.0921468990921766,0.522731451558999,0.0125350272560699,0.642343130053779,0.0244841855730223,0.508527224756335,0.00724860338799655,0.68561998498545,0.0421951510129849,0.513539007490733,0.00842751350909731,0.808774732454549,0.0867972903555655,0.511063674424252,0.00739497799415061
406,50.5,29.011491975882,0.6796733630615,0.0340827723777025,0.50227241114572,0.00299627460267907,0.654806757323718,0.0355804586806502,0.513910158503042,0.0130706590931142,0.806738127760681,0.0897483471589751,0.52228513858592,0.0119470426673926,0.642414636965618,0.0265265595224182,0.507082307323932,0.00519252274628637,0.685942625553434,0.0438530367387443,0.51322643164358,0.00811628019607045,0.807395085854364,0.0855144339143645,0.51063184709564,0.00819803405260326
407,50.5,29.011491975882,0.678840624774972,0.0352317443843604,0.502641990787108,0.00328309382397695,0.653491301753931,0.036667797729707,0.516863148759356,0.0149592166689574,0.804847812469512,0.0869106820616387,0.521306332612378,0.0108553624785737,0.641031595900853,0.0275712980790986,0.506479947900122,0.00434060536746882,0.686185897096488,0.0464591314587933,0.516501475037961,0.0105351929548243,0.805733331445294,0.08310290381291,0.509622750956016,0.00735769583894761
408,50.5,29.011491975882,0.679443665384267,0.0356618307984443,0.502027720911717,0.00253698981586478,0.652995664694434,0.0374131322511264,0.516629091150917,0.0146581701773301,0.801120310808555,0.0890737368576138,0.523890446178567,0.015260139234379,0.640891024896545,0.0273796220225136,0.507108884296261,0.00466007591460118,0.685418629400774,0.0475885143923894,0.51627029543008,0.0108537203243249,0.806063692155963,0.0823532078510615,0.509791073324576,0.00729915719659415
409,50.5,29.011491975882,0.678952991323719,0.0356930139717012,0.501613085229699,0.00154411558561925,0.652725398477763,0.0386911195692246,0.51684932272998,0.015050362009562,0.803125656656615,0.0890857107870762,0.520526886767111,0.0119557950379813,0.640794367154639,0.0273398373152324,0.507988866202307,0.00605737523975461,0.684160290095301,0.0489483566375069,0.513784789040873,0.0097401577348448,0.807130402967498,0.0807492798587126,0.510779033880158,0.00959159736622528
410,50.5,29.011491975882,0.678254236728688,0.0349793904415849,0.502740337577898,0.00318614936942217,0.652845759283001,0.038801073699462,0.515841492409167,0.0140893741010378,0.803365281746655,0.0893698933085806,0.520018433936625,0.0109327875610904,0.6412339033789,0.026984102103038,0.506560169974811,0.00449802855700176,0.686028688873992,0.0498290571876403,0.515414869433427,0.00915724858226761,0.808716932512671,0.0785284824193503,0.509565766993362,0.00649704369791935
411,50.5,29.011491975882,0.679167137271878,0.0345142487785723,0.501681102994993,0.0015353290392069,0.652656597787017,0.0385914071998599,0.515091194076101,0.0130731204473209,0.803543855408485,0.0872681283955574,0.521963379703509,0.0117411848157223,0.642156211655256,0.026508810038839,0.50596847609045,0.00348203062478322,0.686439289122065,0.0493994322272771,0.515841260806013,0.00877746703505355,0.807287002677415,0.0772876658807194,0.50930136229574,0.00626925001515085
412,50.5,29.011491975882,0.677399287278352,0.0342691963273668,0.503828790108864,0.00386552096216137,0.65138164835631,0.0387770741694298,0.514046545742524,0.0126011440236288,0.804487863493275,0.0869488069718725,0.521689728054984,0.0116296158651453,0.640895735944367,0.0275635934063882,0.506565642848635,0.006171891418688,0.685669402478086,0.0491304678321662,0.516020165051789,0.00948762660296853,0.806889524899781,0.0757382400923777,0.50946568957903,0.00606167894483047
413,50.5,29.011491975882,0.677647321515346,0.0355363505014681,0.501671391570819,0.0016660801051014,0.652542618158905,0.0382663297914863,0.514677942520264,0.0147232726976874,0.805789041276851,0.0839917219595519,0.523535774160574,0.0145613446231929,0.64021018451029,0.0292469997188171,0.507147319530834,0.00524577866149714,0.68531680027069,0.0491973664848873,0.516080938965213,0.00979644966377567,0.805094895484853,0.075720763848519,0.510447665981934,0.00660404089914995
414,50.5,29.011491975882,0.677144123344985,0.0377592801150821,0.501537631460591,0.00146309031966201,0.65211689637938,0.0380461410408092,0.513508686223323,0.0135198784329507,0.803747542053622,0.0827400174882761,0.52541617611724,0.0161583800113814,0.64013909173408,0.0320238376269749,0.506514180288475,0.00424882928136066,0.685331680267761,0.0488305297246063,0.514570047508189,0.00905883683579845,0.806762303682118,0.074682769166988,0.510719597773165,0.00679851967204036
415,50.5,29.011491975882,0.675545955466795,0.0402445869417685,0.502861532470527,0.00322701560119397,0.652203835378584,0.0373451891019856,0.512748771583417,0.0130875227480668,0.807627164612215,0.0799441033085789,0.522821816862318,0.0126431986116604,0.639744627621184,0.0340287560910606,0.506376903496751,0.00484257840598659,0.685286577008072,0.0483605652064428,0.515030651834864,0.00818554652881765,0.80771902835338,0.0729938846514174,0.510073875388559,0.00670969783877818
416,50.5,29.011491975882,0.674221343868275,0.0431678023720471,0.502869613553826,0.00342460773767599,0.652643769955462,0.0375552934242244,0.514455064833036,0.0122932289665367,0.808172388111051,0.0784010254051827,0.520723787584021,0.0103727530300195,0.638405021206269,0.0357919835469133,0.507004388616289,0.00470645348466877,0.685570208002207,0.0487403586231383,0.515030089849297,0.0103918191071623,0.808975941224741,0.0718297201979971,0.509944320668466,0.00622969394905042
417,50.5,29.011491975882,0.674208513478583,0.0458790069680352,0.502486145570772,0.00326989601240061,0.653324568324232,0.0377267542096646,0.513153452991322,0.0118154321663412,0.80949467468777,0.0752041062126874,0.523332979412028,0.0140564581325497,0.638477635828827,0.0384877241448596,0.506609530630782,0.00431550758034772,0.685833201230512,0.0484553494862505,0.513797449244337,0.00837814609696027,0.811825708057314,0.0690667466624806,0.509747244148361,0.00587548405702547
418,50.5,29.011491975882,0.674050866606357,0.0480767067352944,0.502282078799451,0.00248124305560988,0.653593779481681,0.0376421555576633,0.514092541363144,0.0122208972086213,0.811448484380142,0.0735528936971565,0.521328494243195,0.0137686886108951,0.637822785427904,0.0395491075295988,0.505477121251099,0.00363972148144845,0.686920830624153,0.0483071577931398,0.516127608140774,0.01083021792657,0.811921740670615,0.0664236561847363,0.509876203477606,0.00584343461588021
419,50.5,29.011491975882,0.674143367606295,0.0489093844772723,0.502785385275288,0.00304713134364614,0.65343757254706,0.0381023280905744,0.513484768890096,0.0113261068322857,0.81176088011385,0.0722107762587899,0.521967123546321,0.0127161193046663,0.638181764925578,0.040439808174589,0.505902129903696,0.00442576221927835,0.686228847384086,0.0481240738242207,0.513102367531287,0.00725356409812752,0.815196124002226,0.0626868437522239,0.510675902638965,0.00706407772693095
420,50.5,29.011491975882,0.675219370350966,0.0491198985011507,0.501631928783355,0.000975780318791413,0.654319066589587,0.0389954999252024,0.517889644942236,0.0160825378348109,0.805550924997958,0.0736501751848572,0.525541332475889,0.0166457928769515,0.637777661665372,0.0402562339659127,0.505917587350518,0.00422372055038805,0.686704396904456,0.0483884194520012,0.512975073595262,0.00737372022692932,0.818034886369061,0.060689178582472,0.510597109943321,0.00662042969467914
421,50.5,29.011491975882,0.673362970876958,0.0487618497669787,0.503634011070211,0.00369899400888983,0.654127042289778,0.039307733861452,0.51247333642977,0.0125521634015148,0.814443023561112,0.0706522153566699,0.521405127842124,0.012300379539457,0.636922605513631,0.0388527894321184,0.505913348827841,0.0041626405145057,0.687916261767535,0.0484816465185066,0.513365989220138,0.00826591293389363,0.818907746851765,0.0603550590268502,0.510055139741867,0.00608363319785519
422,50.5,29.011491975882,0.672731022734257,0.049187345317855,0.504241227102173,0.00544788624578025,0.653833370598704,0.03869679157827,0.513293741454481,0.0121663350639411,0.811873115108476,0.0744390344414515,0.523021190183205,0.0170214046681847,0.636598499856013,0.0384875701184571,0.506362921276626,0.00417082893273239,0.689168775278749,0.048791687300142,0.514314397605517,0.00902298320251107,0.81924163892795,0.0627488666294121,0.509723567111944,0.00572549616888444
423,50.5,29.011491975882,0.672920917393862,0.0494596391875601,0.502813282546473,0.00320516882797139,0.655732563222865,0.0378855106428084,0.516361075082935,0.0158025524266061,0.814119032438234,0.0744591777464533,0.521201201783896,0.0121921750951843,0.636307132708286,0.0382202075971706,0.506516937303348,0.00414866724142429,0.690097536650106,0.0478379742379525,0.515076244127556,0.00836260980673543,0.82117164933081,0.0655220918587417,0.509384748483667,0.00537193172990443
424,50.5,29.011491975882,0.673658770891021,0.0495499348854228,0.502197345126703,0.00193496380526276,0.657527443660622,0.0360004360735282,0.516363878332048,0.0142238542137859,0.814477061646306,0.0754098401818175,0.519895953028704,0.0107455242432711,0.636010887470124,0.0377537383479238,0.507097042614535,0.0046256894537676,0.690528999295231,0.0455276687358321,0.514534196749702,0.00904174348757774,0.821416217503646,0.0684940481866918,0.510638027773715,0.00530151779985182
425,50.5,29.011491975882,0.672228242711171,0.0491114363787519,0.503736137698187,0.00351092832082899,0.657655142671451,0.0343493918727829,0.515117365772806,0.0146642997013217,0.816102107290361,0.0756049300470778,0.51861859429155,0.00903422131907834,0.636004532629052,0.0371060813337718,0.507208833962645,0.00565456432108925,0.691697849676622,0.0429786635122289,0.51327496339276,0.00878560466882453,0.823092788261957,0.0692458044050881,0.509871096606166,0.00470924789317116
426,50.5,29.011491975882,0.67234243030166,0.0487708433802081,0.503069696377005,0.00292299590134427,0.658303781519063,0.0337223747251234,0.514846963206434,0.0114110392335585,0.817656420853795,0.0738940777858468,0.521281169585989,0.0133758186015926,0.635443861958099,0.0365170347035991,0.507430774246077,0.00543415173951734,0.692159974028691,0.0423985567338368,0.514655748103582,0.00910454364048765,0.823271916261419,0.0690443979152213,0.50994937041853,0.00506249643311206
427,50.5,29.011491975882,0.672688174543313,0.0482930127487366,0.503224795806897,0.00311029297035912,0.658908690662181,0.0321386669575464,0.515468724236124,0.0137146602512003,0.817453949258692,0.0713900393666174,0.523295933513746,0.0157464852715969,0.636288896035077,0.0361936223869777,0.506333681533939,0.0045602961823991,0.692772475682088,0.0411084225062682,0.514262905599649,0.00917170393909223,0.824587285243076,0.0667030877065319,0.510606767942573,0.00594343446367188
428,50.5,29.011491975882,0.672660074730975,0.0474658919214423,0.503168446500812,0.00386930488488502,0.659729405853229,0.031500587352612,0.515111862080653,0.0150205125263482,0.823170657178512,0.067582100625086,0.521598976623714,0.0118109376158605,0.636675781260285,0.0356970720189848,0.506259216820917,0.0045426114082639,0.694472082384832,0.0386533167052801,0.514775803861696,0.00997917359403308,0.82403066683338,0.0636192268147989,0.511061607906587,0.00688123841415854
429,50.5,29.011491975882,0.67326089671786,0.0478167496378045,0.50241907111349,0.00227536507238332,0.659707470693742,0.0300966468187335,0.516175314171457,0.0130191674429095,0.825637675054956,0.064673518350954,0.521066940381027,0.0117092063315103,0.63628122156063,0.0357643160615127,0.506799537997891,0.00510243493189774,0.695376139061279,0.0359895065256204,0.517382981924408,0.0147616870493706,0.823893367716936,0.0620495656782162,0.510685824404152,0.00639088022783652
430,50.5,29.011491975882,0.672472758072092,0.0481307499776775,0.503707631770081,0.00455760609383738,0.659584477668941,0.0291278207791385,0.516815741735378,0.0149951248450889,0.827724980607498,0.0631591957236445,0.520017555011642,0.010898890970359,0.637899944073154,0.0363679762664647,0.506182191073059,0.00433155027359906,0.695170800578169,0.0350116437664402,0.515739919413657,0.0111899310657118,0.827409549704513,0.0609612699434654,0.510242057474107,0.00565430435717966
431,50.5,29.011491975882,0.673729665068736,0.0481502195937355,0.503789970174283,0.0042248736085673,0.659999130241377,0.0285608516603371,0.515330607925528,0.0138099391789825,0.823112006064645,0.0625601719176443,0.526864052839881,0.0184765920972407,0.638304533709722,0.0365366493577595,0.505932207353731,0.00341551357965312,0.695475023523006,0.0340244529476961,0.516051462471415,0.00997447118189509,0.826608973597798,0.0597372706579721,0.510794868252496,0.00557523214478147
432,50.5,29.011491975882,0.673822741876101,0.0477346280180695,0.502402371593275,0.00223089379489832,0.661260901676071,0.0278981033542773,0.517921037833163,0.0188083543334897,0.824522334279856,0.06092127406965,0.523303462338516,0.0144004389470551,0.638365629339291,0.0368414949507728,0.506497829993085,0.00457632701070227,0.693775018890577,0.0332490910116782,0.514736492490672,0.0109005527326244,0.826847681841676,0.0599490108715646,0.510506805497851,0.00525261905801068
433,50.5,29.011491975882,0.67372846208016,0.0474826256728713,0.50566383323416,0.00512225340963051,0.659126343533477,0.0276690439825753,0.513460594170964,0.0115066654838038,0.823808018458141,0.0602324767090767,0.522907380416036,0.0174273995010969,0.638850928217897,0.0376481586844761,0.506476808941943,0.00350255952936205,0.692821961311585,0.0347152203080933,0.513765320286943,0.0116675588488072,0.825903392804952,0.060985659423393,0.510242443218649,0.00585138419034746
434,50.5,29.011491975882,0.674745732140774,0.0476728125077782,0.502634271255614,0.00273402884088145,0.659662675516835,0.02888433377358,0.515537591274487,0.0137791640389435,0.827956820962341,0.060973015051231,0.523830208341543,0.0138533376960482,0.637876026715435,0.0371999363863284,0.508360139938701,0.00652117259328445,0.690688139003845,0.0359796907928788,0.514873395863176,0.0109027267259487,0.8242172842991,0.0626602775485824,0.510404152981857,0.0055131754385691
435,50.5,29.011491975882,0.674677444594382,0.0475352415436183,0.504525629520644,0.00425544125657377,0.658170466365268,0.030404980387277,0.513936620540557,0.0140695455451421,0.830258009043043,0.061124705834888,0.522504010587122,0.0130437008742212,0.638987611355978,0.0372221913692338,0.506655224162474,0.00387509266200922,0.689950795981212,0.0386169015352251,0.514747906273445,0.00956415056154663,0.823874407791442,0.0623448630790924,0.511522009211524,0.00712708223364316
436,50.5,29.011491975882,0.675861884875447,0.0476392243247143,0.502461057819169,0.00236841472695694,0.657619785482219,0.0318304713791989,0.516318449779532,0.0147821152083693,0.830179988253679,0.0624365792841578,0.525160897043048,0.01419611910461,0.639752347972127,0.0368595438725756,0.50681607235771,0.00412198462475863,0.690000724180477,0.0402064546387049,0.515082899362214,0.0113526275214579,0.822652923757226,0.0615387979017714,0.511564212016237,0.00746784142353081
437,50.5,29.011491975882,0.674988468529937,0.0487290173749493,0.50294789865631,0.00311411646490798,0.656711026411523,0.032326858444675,0.515164953392483,0.0140165769316167,0.8319417219479,0.0591509727695106,0.525029007474787,0.0196956205495899,0.63924706594384,0.037612352414596,0.507587004509866,0.0044352632255055,0.689469765592934,0.0416593637573691,0.513201499747062,0.00811291456568404,0.82663208262648,0.0580001824039752,0.510689091092195,0.00620448436092593
438,50.5,29.011491975882,0.674565539912815,0.0495091143645277,0.503620390870574,0.00328520389722058,0.656758853166135,0.0334555710217756,0.51280972667123,0.0134246263974556,0.836629617764863,0.0582203738954253,0.522933069392479,0.0126928776952742,0.639112419545742,0.0380310067518692,0.507814527376203,0.00441859856128168,0.689161720178076,0.0425790125951338,0.513461114368933,0.00758117730965595,0.826036434749288,0.0563301151385394,0.511095501660018,0.00577902914951312
439,50.5,29.011491975882,0.674226741541588,0.0507799858896869,0.503295662002432,0.00314586512523302,0.657235325688133,0.0340498748953382,0.51422152102096,0.0134435941305539,0.837066714930781,0.0586306778557349,0.521533730560166,0.0121936197474418,0.637840010392732,0.0388705201661712,0.506744415011193,0.00349241363605288,0.690242119572077,0.0434481716304947,0.514814283241224,0.0101675201952622,0.825415225255063,0.0521738447501518,0.511793121516816,0.007297611587615
440,50.5,29.011491975882,0.673338398306165,0.0509948035283791,0.503872644256954,0.0033734816818799,0.657118542315004,0.0342251314220816,0.513875550180938,0.0136958262736438,0.83762420964592,0.0595454320235448,0.519038826224606,0.010101655619875,0.636690530989693,0.038779706990559,0.507140407182581,0.00431006094574104,0.690217105327909,0.0429926265500875,0.514095039344437,0.00814975505807944,0.826232429986827,0.0511861556011762,0.511671905440963,0.00680031906659442
441,50.5,29.011491975882,0.673086786839933,0.0506196436627622,0.502482778185463,0.00209252237743049,0.657485861179633,0.0338996358581347,0.514778467606816,0.0131838259246886,0.836162746175665,0.058065607416915,0.521166729815977,0.0115145484034416,0.635473826292393,0.0394989207220493,0.508458115642184,0.00509808583338442,0.68958056188066,0.0426579028379156,0.513349672282856,0.00785295628646474,0.827920140162147,0.0482594625069412,0.511563215297574,0.0080252188878707
442,50.5,29.011491975882,0.672664698286234,0.050309933656092,0.502847821212766,0.00293619813162412,0.657871174099632,0.0338422742331499,0.514467427683823,0.01261642337205,0.834759297897856,0.0571325249670477,0.519818715563847,0.0111601791925112,0.634477471311634,0.0388834239391236,0.506286225111149,0.00332211065060843,0.691360114027421,0.0434847411510962,0.517595203490599,0.0144543142981296,0.824537559851587,0.0472440738186051,0.512046031498025,0.00741746329209199
443,50.5,29.011491975882,0.672342043729225,0.0506709403853578,0.502614488134572,0.00248509678179849,0.65815088968721,0.0343533752205637,0.515371648423279,0.0138785788912531,0.832585677898756,0.05517965806286,0.522765563602769,0.0137104521931578,0.634508050301321,0.0398235944118125,0.508046477522067,0.00494041644940206,0.690421977095998,0.0438834705529271,0.514751628534831,0.00883189134679839,0.828610048616734,0.0448635988356803,0.511744913819547,0.00718748989855824
444,50.5,29.011491975882,0.672116574391758,0.0506782220645321,0.502474702692506,0.00165649734478557,0.659076232251778,0.034113929102488,0.515371145540364,0.0115926632519859,0.836347522756563,0.0540331267352413,0.519612612218019,0.00938046887046979,0.635217613689579,0.0405741420412955,0.507078521777605,0.00457144631129884,0.691215294637984,0.0450275475777706,0.513618336417492,0.00880800654025077,0.828538341290871,0.0433341994582563,0.514847703201733,0.0118029309309968
445,50.5,29.011491975882,0.671956616487978,0.0504061719108401,0.502355419518019,0.0017600703974474,0.660011557074018,0.0338222591900271,0.514540196599329,0.0106463931705239,0.833848080624132,0.0544443734812479,0.521363067708987,0.0126339537277175,0.634831812225333,0.0400482357774701,0.506825856709482,0.00469880543849927,0.693237266514438,0.0443538195523098,0.513815513519707,0.00909469507279454,0.830556525562826,0.0420887668592207,0.512147514561486,0.00785528993360972
446,50.5,29.011491975882,0.671203987007729,0.0501408848766174,0.503975932822661,0.00357574071342195,0.660673386837994,0.0323839495158684,0.515436890914805,0.0125064090706694,0.832698853301077,0.0561486632239843,0.519403199508408,0.0091954952777185,0.635146322503104,0.0393930706126027,0.507085267362305,0.00448902002560472,0.694816986962275,0.0434002488720425,0.516746330065919,0.012936131552111,0.825382712375813,0.0434149660974411,0.512897861605124,0.00825860139583557
447,50.5,29.011491975882,0.672042157524707,0.0503787994609579,0.503492615462771,0.00363253332818504,0.66174532074643,0.0308611969279682,0.513016733498898,0.0113876618650641,0.83035931580118,0.059220454165822,0.51939548854216,0.00953450687283413,0.635265142811587,0.0393532886230721,0.508350232847798,0.00502654883705781,0.694673488221174,0.0421141355411796,0.516509700918413,0.0101085335703054,0.825012482916346,0.0475197504041726,0.512284286199522,0.00800697703033487
448,50.5,29.011491975882,0.672483115423197,0.0499397090392045,0.502639689345755,0.00205513257729788,0.662795334073875,0.0290669061104414,0.512050467126669,0.0105846217073349,0.829563272293295,0.0636870368713959,0.519770057543181,0.0106415489301407,0.636234379193606,0.0390574191991331,0.507470483821191,0.00481360195097684,0.6957474006134,0.0396953803558876,0.513521763496895,0.00909501603586192,0.826093982026301,0.052362598244618,0.512110883956241,0.00698912507980622
449,50.5,29.011491975882,0.671411799115231,0.0498783486719826,0.502846782120471,0.00254206009313489,0.663834582846116,0.0270717187229695,0.512336647955622,0.0109602475224433,0.825937065100134,0.0692114622610851,0.519070639320668,0.0101857649743768,0.635444893473606,0.0389449915191868,0.507231924160447,0.00520710566460059,0.697437305896633,0.0378452641435778,0.515584972422108,0.0105884504079698,0.824911019300116,0.0566281890131619,0.51174818456147,0.00651647797079011
450,50.5,29.011491975882,0.670879934402781,0.0504310954303252,0.503296921935073,0.00386731522041249,0.663767458809734,0.0254384301911015,0.512277611049324,0.0115533494079055,0.822751043635057,0.072087372802518,0.518772691448149,0.00952722143286034,0.636242510918369,0.0389180842669622,0.50691208148698,0.00377077310371573,0.697817008999244,0.0353810491130689,0.513525980376435,0.0100510111406327,0.823750304814581,0.0584264506038492,0.511680255656677,0.00709019344063839
451,50.5,29.011491975882,0.669448183229713,0.0513276906770366,0.503607688268737,0.00396000240578305,0.66439487875443,0.0241440490761625,0.514592039002135,0.0113684178719836,0.820281645769844,0.0729506964908608,0.517395699208353,0.00850880459032141,0.634599467981783,0.0397178268832198,0.508870466878534,0.00571468215369162,0.696812878505777,0.0328971559528419,0.513868946712872,0.00986567002859215,0.821988839198234,0.0624535081016198,0.511692024987171,0.00617212304014713
452,50.5,29.011491975882,0.669867401441041,0.0536748750805075,0.502304830536996,0.0015755171531913,0.664811091894048,0.0229212684938022,0.514053680237825,0.0119362663255239,0.815029465563456,0.0770544993629788,0.522927172260161,0.014898426986953,0.634516563438025,0.0414441130284271,0.507698825686936,0.0050128250101448,0.697989436116362,0.0302439524144746,0.514304503275156,0.0100422159967343,0.82045973187054,0.068869385670568,0.511980246746307,0.00686473230731402
453,50.5,29.011491975882,0.6688773651892,0.0547887107910336,0.503979262198936,0.0045666861980315,0.66459465150464,0.0225042115420933,0.513273595638698,0.0100462204929986,0.815151224133734,0.0822253749401501,0.519161454628458,0.0104888096021859,0.634545048957452,0.0426025187247643,0.507291335612493,0.00498729929416264,0.698557290041808,0.0292858623072543,0.51390209195144,0.0104781604360969,0.819957968479787,0.0743174074991224,0.511673600542384,0.00645279129363765
454,50.5,29.011491975882,0.669057410087939,0.0557902998169156,0.503139010582091,0.00329390350637628,0.663966230691138,0.024128202117305,0.513141454919091,0.0107847148412547,0.813531389265921,0.0837700287602562,0.524164854489897,0.0156287992928305,0.634535178192308,0.0429340240893843,0.50612450820938,0.00372020604838836,0.698690735958034,0.0309749560643654,0.514539123417799,0.0122720212752635,0.817796804933091,0.0770276130066551,0.511687744423125,0.00627479869895899
455,50.5,29.011491975882,0.669544517520455,0.0550419958922858,0.502842745449483,0.00234883450849517,0.66339091457931,0.0261797125355281,0.512565627974324,0.0101983385041257,0.814067643939097,0.0866075686404388,0.52508690847447,0.0161502921009477,0.634570732544703,0.0417493010168384,0.50589943551191,0.00365642650525009,0.698868447888993,0.033336911794914,0.514321215712282,0.0118506103065388,0.816571324850116,0.0792861409537214,0.511012480922685,0.00600962242728347
456,50.5,29.011491975882,0.669843141585376,0.0540992305833034,0.503330996176479,0.00290282863722316,0.662797030370586,0.0280489697728803,0.513982858964712,0.0135185318960486,0.812620839102684,0.0879569725308725,0.52214499180387,0.012226814087893,0.635455939180082,0.0406578070268821,0.508365325535807,0.00617389229291334,0.697013788829116,0.0345397277561189,0.512981437986137,0.0123507548954385,0.813209377526242,0.0824278729973635,0.511697819674569,0.00827294723779641
457,50.5,29.011491975882,0.669798264691715,0.0528919178961785,0.504074334481635,0.00378821695368067,0.66087359290181,0.0302676882088443,0.5127690538609,0.00924783374440612,0.815572032848989,0.0912086525415973,0.521606206925726,0.0112564457163466,0.635870110512477,0.0404085429757911,0.507178609062812,0.00454393043396969,0.696720144485531,0.0365129490124963,0.51437089601344,0.00971703794464992,0.815262475580241,0.0828330890392525,0.510454482354769,0.00514701739218327
458,50.5,29.011491975882,0.670095603124602,0.0531742495802807,0.502882117704293,0.00249101499915614,0.659914743692935,0.0318831006827884,0.514860198367499,0.0119039206137435,0.815212954251378,0.0918186074554988,0.520666803991724,0.0100359785646047,0.634665328863921,0.0407413874537437,0.508150916132199,0.00511347534422228,0.695042506566425,0.0390129541480811,0.515426657252839,0.01126356327895,0.814436926480849,0.0836708549631683,0.510149968291786,0.00458480211977102
459,50.5,29.011491975882,0.669390895795219,0.0534472728705546,0.503890217640367,0.00333192963517955,0.658439723218188,0.0335641065329665,0.514585968802246,0.0106458573434286,0.814978712618128,0.0933042122890992,0.519977495875652,0.00928564535737478,0.634864289895551,0.041216463015835,0.509018676424778,0.00649585220605845,0.692860044149293,0.0404101943069915,0.512779530379565,0.00869530365349778,0.81538122191547,0.0824385836524575,0.509555562749922,0.00477003875964853
460,50.5,29.011491975882,0.669728033278205,0.0543455541504718,0.502215864661777,0.00144295511987885,0.658276038957607,0.0349554443127713,0.516057978898526,0.0122980225649875,0.813738183531842,0.0950958807261662,0.520051180390151,0.0106991154015223,0.634546458594995,0.0414390518357246,0.507917000351082,0.00517474518744614,0.692333829956829,0.0427153670599877,0.512435686719446,0.00741402524026153,0.81583228085918,0.0829948087419756,0.510858159729175,0.00681530601903714
461,50.5,29.011491975882,0.668505781998379,0.0549620543158809,0.503295755986726,0.00323018326651545,0.657159616116554,0.0353635835654203,0.51495680983552,0.0116904500322393,0.813868928179487,0.0951672156406743,0.519949578283678,0.00985027774436399,0.63407566847712,0.0415153242496694,0.505843681226812,0.00293311387758999,0.693017707535935,0.0442105976216497,0.512940952518004,0.00860824337312474,0.814946496658469,0.0819941189332426,0.511105296093615,0.0063352565200982
462,50.5,29.011491975882,0.669461083845573,0.0555960407839524,0.502192047852905,0.00172639183974589,0.657098531834831,0.0363094260433793,0.515530009436124,0.0122323674055643,0.813984953551622,0.0943370355472772,0.520205617317133,0.00996092517375661,0.63311831214274,0.0413791134335047,0.507317557348059,0.00374557159378518,0.692357244134863,0.0449456546610763,0.513855755741303,0.0098755349676736,0.814543154371169,0.0810945118888534,0.510957218429804,0.00581863784750048
463,50.5,29.011491975882,0.669061588357268,0.0551281793918866,0.503933647128818,0.00363259655959413,0.656026678311562,0.0364819133219211,0.51322080282158,0.0118792318825648,0.813225195788459,0.0941612337180019,0.520069437982658,0.00994707174066572,0.634255297769383,0.0411802657203474,0.507212223660856,0.00371963329419613,0.692234460352303,0.0441527535371062,0.511760267697974,0.00657780136151903,0.815612704331278,0.0811142152162793,0.510744165024293,0.00610259433579812
464,50.5,29.011491975882,0.670312539555368,0.0552470854123114,0.502024111766965,0.00153148361700721,0.656621601472036,0.036124842734759,0.515211570055894,0.0131735595075862,0.813407091649629,0.0893437483158345,0.52123716753015,0.0117867271020631,0.635430015299649,0.0413696422614922,0.506150831752556,0.00323018997505004,0.692612927907912,0.0431734603596049,0.511753246841262,0.00631792295433344,0.814919561672618,0.0805906328211654,0.51089883207357,0.00641748026521298
465,50.5,29.011491975882,0.670792755307011,0.0530870402373763,0.503209885469488,0.00337767125119958,0.656003406727557,0.035153451903588,0.512381933492326,0.010315536802722,0.810546469457028,0.087976785239511,0.52269261549416,0.0133936647621331,0.635819231708937,0.0400258030630933,0.506362809193974,0.00339688383900341,0.6924480325856,0.0424910213941848,0.510880284508243,0.0059266118767304,0.814786469599397,0.0782688689164375,0.51049467590947,0.0054779052554032
466,50.5,29.011491975882,0.672480313051933,0.0500789674525755,0.502783028033301,0.00310746695464453,0.656526374442822,0.0351977664629617,0.512619251675549,0.0112872773384808,0.813167443920873,0.0847668793816359,0.521305479877991,0.0130405482262016,0.637221527070533,0.0380302578736767,0.506243266947599,0.00345030247563483,0.692087628201971,0.0422019467711531,0.510479190289464,0.00529779324606084,0.813667613088932,0.0769101441517974,0.511190655433409,0.00625577014776744
467,50.5,29.011491975882,0.673719713544388,0.0474583799906874,0.502318397127954,0.00218256603794413,0.656600407759297,0.0352255040915501,0.513546975840767,0.0133786446079954,0.81038661228418,0.0855550080734446,0.521910638064664,0.0131012224137368,0.637625217539283,0.036581027160549,0.506727835163936,0.0033247074173739,0.692314951200083,0.0421247132096995,0.510283400838129,0.00503554294437725,0.814743250799186,0.0764553660472202,0.510195212704529,0.0054212560379593
468,50.5,29.011491975882,0.673895146246405,0.0450403853871144,0.503717158700733,0.00402421028521087,0.656360003488374,0.0361212841003455,0.511079264556946,0.012300359131222,0.809115578742993,0.0833845580381492,0.52235323379804,0.0125996131979742,0.637609603619347,0.0346498714250876,0.507137251334232,0.00431983643419182,0.691890118686519,0.0431673813971958,0.509961138088146,0.00489242744758212,0.81622643863168,0.0753472066388207,0.510760962031191,0.00653501109277426
469,50.5,29.011491975882,0.674716406487887,0.043941032908852,0.502058254292015,0.00127600394219589,0.655971493426169,0.0376998751458494,0.51533736569172,0.0135318474803563,0.811065148760503,0.0823226010037467,0.521324805608517,0.0131612889077446,0.637210028938551,0.0335555541456109,0.506610044538564,0.00398968732209608,0.691322009589436,0.0456721548755533,0.512473536955325,0.00958222218173904,0.815355886481787,0.0718157120011271,0.511172052837952,0.00611069690906939
470,50.5,29.011491975882,0.676280705444961,0.0428850583877796,0.502383478021484,0.00225372605099552,0.654541369833778,0.039057864511817,0.513647068496139,0.0125025525119979,0.807756362212182,0.078464431222604,0.524923742547263,0.0213201442052435,0.636867035055748,0.0321605106819611,0.506871808141811,0.004298706955799,0.69020715801384,0.0481137702894534,0.513882620186478,0.00938032301382181,0.815249114562733,0.0713000644860546,0.511521305241875,0.00567374003956594
471,50.5,29.011491975882,0.676255912671854,0.0410262440141684,0.503306381487209,0.00328844744403975,0.653725949426213,0.0395732507782333,0.514187968041314,0.0124302251846067,0.811810305184613,0.076559742042447,0.522469974093998,0.0159019537844331,0.638831206967987,0.0316340361006607,0.5060592440949,0.00304238700368903,0.689778949828227,0.0496420204364177,0.511085711087429,0.00590039920767709,0.819154824117362,0.0707258009491269,0.511135858314016,0.00579759720945193
472,50.5,29.011491975882,0.676885120893854,0.0399367446764824,0.502522466310614,0.00245146963333101,0.653404421753576,0.0402457116330284,0.515149246045664,0.0125734080382153,0.81669588440964,0.0725381007477851,0.519480016644121,0.00992178926102966,0.639228689537509,0.0306298215474485,0.507222445458336,0.00431658635154216,0.687827156508796,0.0507316464271584,0.510187399357922,0.00554752234144275,0.817991993035033,0.0696316896621147,0.51026059423478,0.00535719441925519
473,50.5,29.011491975882,0.677078779362329,0.0386391419557357,0.502517001233947,0.00211764085564465,0.652735356234488,0.0413294647472186,0.515565780202104,0.0122274318769078,0.815951615566228,0.07231764820379,0.519030401865847,0.00996439323116876,0.640124633055562,0.0297325025268471,0.506694714388898,0.0038062049732476,0.68688805357799,0.0513077209172703,0.511623315591894,0.00729952766632595,0.815525138324366,0.0682885461543341,0.511830392172847,0.00800016568181216
474,50.5,29.011491975882,0.676136309510712,0.0378382258086774,0.503242247075896,0.00395424567918063,0.652870714809506,0.0425525509283451,0.516134638234059,0.0118986352197039,0.814853539413361,0.0727575309214881,0.518499957962057,0.011527230042016,0.639864293185056,0.0281592061648898,0.507876806040834,0.00558918585489452,0.685600312759503,0.0515163483102674,0.511060058506976,0.00709212892641442,0.815964801726114,0.0707809276504175,0.510749350007798,0.00537515052400082
475,50.5,29.011491975882,0.676464048848281,0.0381814607512937,0.502384815620051,0.00264657221278412,0.652437989570885,0.043418344192474,0.514340351062748,0.0107257134645769,0.810875809861974,0.0746908946006429,0.522818640897635,0.0176417477052546,0.640103572792205,0.0282718313089102,0.506672738651255,0.00367274535916785,0.685952649093184,0.0515504906865814,0.51359563192264,0.00907042072315983,0.812991900572225,0.0702043968006797,0.510583076324517,0.00537228570420382
476,50.5,29.011491975882,0.675739127741768,0.0381067560003532,0.502798216285949,0.00296245250139766,0.652112682304845,0.0434224456729205,0.514247063837022,0.0106964780366015,0.810225678350602,0.075928327615627,0.522020452126318,0.0142632490620235,0.63959026097667,0.0285723330552085,0.505909202038436,0.0034266668339435,0.686232414039684,0.0515741627589485,0.513965299898765,0.00985132436761564,0.810419700520663,0.0717891167633924,0.510240953678344,0.00498541543783302
477,50.5,29.011491975882,0.675484423508392,0.0384307756088924,0.502785124934794,0.00307139255327989,0.652979436166329,0.0429055567186189,0.515150560754671,0.0101631118549364,0.810719664279895,0.0781244747457342,0.518779908566789,0.011811421019014,0.639274450308553,0.0284109295806186,0.507486691559101,0.00446417046339695,0.686226704743169,0.0505303451812524,0.512242505660702,0.0072963482373157,0.808737745282664,0.0739763483243367,0.510732065979633,0.00526260031805035
478,50.5,29.011491975882,0.675677610285361,0.038782610517286,0.50223921290388,0.00202584165086978,0.653342843494026,0.0417917542340999,0.513871937168922,0.00905263525561094,0.809386270773398,0.082661452876158,0.519594029114999,0.0124190764774727,0.640557622798071,0.0286389334547774,0.505689166782024,0.00335504333501949,0.688513803340215,0.0495886336470511,0.513238160764518,0.00889067120783238,0.806691427733611,0.07670282510899,0.511142708339481,0.00628304244083859
479,50.5,29.011491975882,0.675857885944522,0.0397952367358332,0.502606037387527,0.00284488751432076,0.654049898064629,0.0404397349957053,0.513478427825386,0.00946727094748684,0.807798900362217,0.0879385969764404,0.518526844726392,0.0115515652996205,0.640346537266423,0.0285579836861996,0.505760623089425,0.00387392739661647,0.688642164144911,0.0474852006096741,0.512729201921426,0.00759445309915897,0.805114860077119,0.0818398033974001,0.511364430693709,0.00598427773938391
480,50.5,29.011491975882,0.675597511985661,0.0405370953534582,0.502725481116216,0.00272847065373283,0.65388587111904,0.0383747056423223,0.512088930941127,0.0103684764014174,0.808559657774044,0.0929796897909322,0.517700954744784,0.0105898024962467,0.639437257890073,0.0290897082235876,0.509397575727435,0.00576576915864612,0.687641850587654,0.0451557462657643,0.512862756841108,0.00826933081933576,0.802917708144159,0.0864142028439258,0.510893471549785,0.00587178417821726
481,50.5,29.011491975882,0.676909496607039,0.041447019192917,0.502770776957888,0.00293578215352475,0.654121789685231,0.0375574227078962,0.511935016569631,0.010829246380812,0.808739875258759,0.0944240790795486,0.51788214681085,0.0111868107939516,0.641576761127274,0.0313636365666368,0.505623917646028,0.00427215127274815,0.689732586901295,0.0444750275573397,0.514962315936599,0.0102826656381603,0.804694691848155,0.0871291742553605,0.512088026017596,0.00734051204440685
482,50.5,29.011491975882,0.676798696933784,0.0425977880495313,0.502424125575762,0.00236489223718002,0.652697939329428,0.0382281145011773,0.513059964253801,0.0110733848207036,0.810720524566382,0.0938976312242232,0.517357458029044,0.0107165807871877,0.641530658856215,0.0325798537688872,0.507139365817626,0.00596933005234639,0.687183386834023,0.0456416883593739,0.512769317551017,0.00987053744165309,0.805426517958793,0.0871518836854312,0.511903863340288,0.00701747928031674
483,50.5,29.011491975882,0.676061193648195,0.0438680962004998,0.504236287379562,0.00459143720067358,0.650529629637453,0.0394154636777772,0.512858905666968,0.0109257012328064,0.81223091584016,0.0945982852101037,0.517439700288627,0.0104899203136292,0.640403189557587,0.0336424633251338,0.508539351234485,0.00599120475987362,0.684252342593285,0.0470433797220374,0.513225523146373,0.00906583042797627,0.80768342308616,0.0876380551054147,0.511595952360348,0.00686495242081657
484,50.5,29.011491975882,0.676809008339119,0.0455146463150033,0.501939839762366,0.00145195530838273,0.650272962622663,0.0415710406461267,0.515238802887969,0.0123177435619703,0.812297683134183,0.090840336130433,0.516398171263078,0.0107265398286191,0.640512070702165,0.0349115929777181,0.507223491967191,0.00449127221353805,0.682374489160799,0.0497588688839738,0.513239863106279,0.0105376435638145,0.80853587240129,0.0856001931525104,0.512562833856888,0.0073376804909261
485,50.5,29.011491975882,0.677066011887949,0.0472708112059781,0.50195868696577,0.00153758632655848,0.648644450621748,0.0438522641308844,0.514328292848529,0.0114011793289309,0.810148362280913,0.0883209961318249,0.518411614948949,0.0131347369828339,0.639936608475852,0.036172156633085,0.507624558015505,0.00457981909900182,0.68117313544267,0.0521030451714125,0.51259725882623,0.0088986726840514,0.8105775373845,0.0844270661072623,0.51275215200197,0.00755377506507222
486,50.5,29.011491975882,0.676028469429701,0.0477319810349962,0.503035925157735,0.00360416752497182,0.64838331705626,0.0454445117993173,0.514331979577937,0.0116855053068647,0.813441308145277,0.08806520140391,0.516350695322908,0.00976750644538123,0.640473501964343,0.0373561561863494,0.505839609864096,0.00349151905030351,0.681569657434279,0.0542670279126695,0.513169444672676,0.00987737274080637,0.811608414717749,0.0817371575360859,0.512612173957458,0.00880486333165831
487,50.5,29.011491975882,0.676998023808023,0.0483844139593224,0.502382733035853,0.00273217740112709,0.648999995527574,0.0468370595278399,0.512485187000854,0.0112978697478797,0.814235313413574,0.0866265767797161,0.518834284585798,0.0129112696088428,0.639844393318213,0.0381460329555201,0.506582527533255,0.00482970235887591,0.680457579384243,0.0561902475261269,0.513644306775899,0.0113924609569533,0.810775119455085,0.0795103943774692,0.51378660471431,0.0107008531145894
488,50.5,29.011491975882,0.67672338209041,0.0488286834680378,0.503646349210602,0.00394273954189202,0.648204566833006,0.0477918679722325,0.513199854403106,0.0122994526175505,0.814606291563036,0.085814643316269,0.51757334517854,0.0109804187923598,0.639957600882148,0.0381848667184819,0.506711391816458,0.00528440025122237,0.679849209819762,0.0581228119318306,0.51346178907407,0.0100221053023531,0.813498445101526,0.0771903123892509,0.512892179458208,0.0081086155674752
489,50.5,29.011491975882,0.678040343140447,0.0488801927127022,0.50236797549764,0.00232354206915346,0.648659139046205,0.0486964886497064,0.513364147172177,0.0133337097060733,0.816674247353797,0.0815599517740913,0.519637890549615,0.0139648440911679,0.639941690941402,0.0382717796372831,0.504904544841069,0.00264104419194324,0.681247845167522,0.0596011953113196,0.514961087636671,0.0105042677217692,0.815592307746428,0.0735032968948911,0.512389260647922,0.00754564229446938
490,50.5,29.011491975882,0.677709602515651,0.0481370799966486,0.503337773459704,0.00412845157148356,0.647960334780359,0.0492577092443012,0.512846526348492,0.0135142216795927,0.818607464407002,0.0790985506057436,0.518497025001255,0.0133421353914642,0.639164828480491,0.0382038464365146,0.50565430763549,0.00440233318332697,0.681168280570633,0.060656498900202,0.513872237208981,0.00991508878081059,0.81766023316158,0.0682981896404541,0.511796831255417,0.00716211771915162
491,50.5,29.011491975882,0.679451360914989,0.0477688263941863,0.503102846006594,0.00332044037856678,0.648055509301609,0.0496096301675569,0.513214471397974,0.0132756886717598,0.81650204182928,0.0761718560969036,0.51979954345784,0.0133921836838105,0.639092932200898,0.0378827284506983,0.506658325962346,0.00474410590296731,0.679251286001471,0.0611718741211411,0.512809992759761,0.00867579474760608,0.818295877381508,0.0650641202270566,0.511460579917665,0.00636701288738298
492,50.5,29.011491975882,0.679243498096598,0.0475310508888892,0.50243618143024,0.0028542007948369,0.647820059332113,0.0506440375996707,0.513010695479101,0.0132854302041753,0.817677126547986,0.0754397262882149,0.518885628016407,0.0131485780142301,0.637938730939969,0.0371784579944121,0.50622179473381,0.00600771848579121,0.678946348665187,0.0628476226903791,0.514702581946177,0.0103056605786585,0.814486876751709,0.0645436735257632,0.511855948193512,0.00744474698817084
493,50.5,29.011491975882,0.679107919897917,0.0466367319158695,0.502863576166589,0.00304953414162233,0.647102445424306,0.0510431832696329,0.513079288602623,0.012897935747005,0.815159910012879,0.0751976808925009,0.519656797881889,0.0141221257843745,0.637951331023474,0.0364438968228238,0.507346601067318,0.00466051827996535,0.677748898415299,0.0629512425054565,0.514084909686011,0.00931215500426695,0.81571721136319,0.0640555432293271,0.511143982487885,0.00666483731984968
494,50.5,29.011491975882,0.679454635066249,0.0464476446179226,0.502093005568721,0.00208382914943056,0.647580946831374,0.0507143897909807,0.511648137906632,0.0119604632831563,0.814780936829527,0.0752193801014946,0.520894809322952,0.0153107247857786,0.639075798098837,0.0362101962937916,0.506179421875524,0.00365583027624356,0.677813779252185,0.0626331740645933,0.51349978643283,0.00858739080535406,0.815593235013527,0.0644533384837667,0.51198837869385,0.0065484522634861
495,50.5,29.011491975882,0.678835609131682,0.0465587153215341,0.502357010721245,0.00272025894560143,0.647444758009872,0.0502783005533396,0.511741793264829,0.0118459092313851,0.812076546874393,0.0767404022755784,0.52233313855412,0.0173243207272604,0.638975798747492,0.0353529915253678,0.506387662305935,0.00371140685770568,0.677531606015436,0.0620163014376794,0.512800971077887,0.00860057855458827,0.81584048650412,0.0661817332540135,0.511281561997142,0.00632048622606564
496,50.5,29.011491975882,0.678074236100355,0.0471988067120329,0.502364972494173,0.00255501160190176,0.648323227135267,0.0489261535444055,0.512592953883331,0.0135742498235496,0.812813193064488,0.0765463040535664,0.519672375576777,0.0134441664009388,0.639019205702028,0.0354115595790668,0.505915300484388,0.00391461265719994,0.678409125649813,0.060542245824885,0.512396772028435,0.0082660595920771,0.814552180052754,0.06847055369891,0.511318128810361,0.00631400785295773
497,50.5,29.011491975882,0.677071118413488,0.0478825851247985,0.502074608933149,0.0020721660245573,0.648996061301776,0.0466045771438417,0.512688779002151,0.0122916762858863,0.81416849130415,0.0769255425107473,0.519659406343629,0.0128994076332498,0.638359335065742,0.0357544703177863,0.506099315294569,0.00379637585010731,0.678905307033093,0.0585968419631881,0.512443585447701,0.00780492225448892,0.814873727015961,0.0692100499743881,0.510792423278323,0.0057070657324664
498,50.5,29.011491975882,0.676207082647965,0.0489354047608594,0.501750392548073,0.00116234037691166,0.650272113373501,0.044399447758921,0.512362376123732,0.0126185996755537,0.81108433996366,0.0768103112777755,0.520203308348174,0.0123866235521502,0.636522385683072,0.0368065416197322,0.506248740316686,0.00365637656426608,0.680719680769359,0.0558955455315681,0.517040634765195,0.0131572816030174,0.810258911604229,0.0687032894055985,0.511264714251071,0.00587450011282823
499,50.5,29.011491975882,0.674183462781534,0.0506894215595834,0.503124796401833,0.00307992267986511,0.650640032031639,0.0412450586250411,0.510755829605892,0.0106340616303783,0.813471254993536,0.073801167978714,0.519635093279808,0.0118395339422265,0.636605313438543,0.038850818502558,0.506417282697843,0.00497879863643295,0.681735633112895,0.0530210926468048,0.514822535063856,0.00895457724857175,0.812764617618448,0.0690668159173495,0.51088659614662,0.00593041718844373
