episode,timestep,group0_trust_in_sp0,group0_trust_in_sp1,group0_trust_in_sp2,group1_trust_in_sp0,group1_trust_in_sp1,group1_trust_in_sp2,group2_trust_in_sp0,group2_trust_in_sp1,group2_trust_in_sp2,group3_trust_in_sp0,group3_trust_in_sp1,group3_trust_in_sp2
1,0,0.5,0.5,0.5,0.5,0.5,0.5,0.5,0.5,0.5,0.5,0.5,0.5
1,1,0.5923076923076924,0.5,0.5735042735042735,0.5,0.6619047619047619,0.5047619047619047,0.5631578947368421,0.5,0.5978070175438596,0.5,0.6604166666666667,0.503125
1,2,0.6271543222471607,0.5,0.6119034664127505,0.5023809523809524,0.739010989010989,0.5044334975369458,0.5981886081250871,0.500438596491228,0.6295057936618736,0.5,0.738069186560566,0.5029094827586207
1,3,0.6420685621732317,0.5004273504273504,0.5438220731982197,0.5022167487684729,0.7832463460418253,0.5078332512706375,0.6139638694487176,0.5004083484573503,0.5472885725359437,0.5,0.7720991596852952,0.5027024021352313
1,4,0.660605757704953,0.5003978779840849,0.5002253812854333,0.5020589730554144,0.8121280589051496,0.5081815491767427,0.622663976437134,0.5010636828291201,0.4942014309959413,0.5010416666666666,0.7926595907840395,0.5025043514107731
1,5,0.6735191712040572,0.5003695592663564,0.47160268985083204,0.501908077265351,0.8324781152884438,0.5100752225085919,0.6256686795033124,0.5095870570194379,0.4576947624447196,0.5010344827586207,0.8061465763363894,0.5024701630209706
1,6,0.6813698619406231,0.5003424754066015,0.46829255226823835,0.5017644021578361,0.8474938370386813,0.5106995306292113,0.6321719413775514,0.5009358405666888,0.45584995996063293,0.5102758007117438,0.7917430986151446,0.5028089485909365
1,7,0.6891904444764417,0.500316687566791,0.48009504062704333,0.5016281806585957,0.7341993747527816,0.5100515301482482,0.6294141257289682,0.5043527974343164,0.46991128291687334,0.51020078088475,0.6898428145282608,0.5016789782284252
1,8,0.6928616830921994,0.5005679140572985,0.501059711562037,0.5014995439920809,0.6454672534679344,0.5103098909889768,0.630337608032772,0.5012235766051701,0.4862791078913702,0.5182541323497473,0.6072141179122149,0.501460706140436
1,9,0.700390055562535,0.5005488874790504,0.5166934381375032,0.5012062136804513,0.5645223678410592,0.519148314032264,0.6308530256592496,0.502297595440565,0.5000200191667501,0.5176257930228467,0.5403263339840787,0.503619838356665
1,10,0.6969283928522569,0.49665613130100167,0.5357483558504105,0.5012650924781307,0.5619395388112106,0.5113741707658248,0.6327666467843809,0.5030215805941971,0.5163093975072025,0.517399814331585,0.5325907792108336,0.5034060905979606
1,11,0.6984061707206318,0.4968895877303323,0.5515751207641003,0.5011591126154329,0.5804565626393983,0.5107204238145674,0.6397949517772079,0.5030590851200171,0.5285434615675453,0.5161181632079389,0.5312995269357331,0.5031970918597805
1,12,0.6998848743549357,0.4979682395864157,0.5650367409187169,0.5010604092258464,0.5947525765752123,0.510080558837798,0.6361182871193024,0.502852380014318,0.5435458843597988,0.5169827403789222,0.5379326888040595,0.5038087686886404
1,13,0.6983626802613941,0.49834984921358444,0.5762732471703215,0.5009687501049453,0.6218310402083602,0.5101237433757807,0.6435443477457546,0.5031259308194296,0.5586823384874848,0.5156848189455052,0.555640729087466,0.5035708701895005
1,14,0.7020643413925187,0.4984911543795775,0.5472389239683348,0.5008838624806431,0.6451495094810733,0.5095257613706713,0.6395828763279301,0.5040879335039122,0.5259380321809274,0.5154216871208404,0.5727295169785412,0.5035617383413178
1,15,0.7027213423572893,0.49862313434453615,0.5392650665150652,0.5008054428425018,0.6618416896761679,0.5089442717660244,0.6428142014464026,0.5033090309872099,0.5131327513099776,0.5039272218341702,0.5925171169885727,0.5035932864022425
1,16,0.7007637613783589,0.5061342068714485,0.5416546872326922,0.5008553601971062,0.6778335454071528,0.509777576012547,0.6447927757049596,0.5033013306927675,0.5154888426130151,0.5034892201759043,0.6140713760671579,0.503935036324091
1,17,0.7073205854564932,0.49944346842257314,0.5496942544915874,0.5220952638696154,0.7147373396010177,0.5085288362206936,0.6425100365370258,0.5038641647783297,0.5153609488584412,0.5033023691199302,0.6399591698494571,0.5050432284825175
1,18,0.7051464884666935,0.4995179378627434,0.5590233258310573,0.5229373676923894,0.7250495107368663,0.5070906090009261,0.6475672088537494,0.503217591628793,0.5270708223242989,0.5131607895621838,0.6470161377908218,0.5044782300350784
1,19,0.7011019840357875,0.49958431142543613,0.5726361062185333,0.5212972767852222,0.7332294333519093,0.5067130200775208,0.6575611446253193,0.5030162978537632,0.536078636442188,0.5121285564272752,0.6671149392025044,0.5042302322771189
1,20,0.6954128185052376,0.4996431187724916,0.5867351285283525,0.5197302997690207,0.7417482338866055,0.5087215271714168,0.655422413882549,0.502821865418899,0.5450900218054583,0.5111590922115372,0.695023759397835,0.503985324777686
1,21,0.692849563371585,0.499694922054396,0.5984922950749446,0.5182396196802425,0.7472678692832198,0.5081913389375307,0.649709375503473,0.5026346556615068,0.5538224557413867,0.5102511156991728,0.7186292841568473,0.5045750994018096
1,22,0.6922663757505403,0.49974030000683,0.6093603306911889,0.5168273485185501,0.741775778367493,0.5076753303882909,0.6479777699344529,0.5024549721078673,0.5655272016168076,0.5083613410713694,0.739475495322939,0.5043334532612453
1,23,0.6989120640337793,0.4997740400674373,0.6132088639947312,0.5135577646652971,0.7073620628548113,0.5477414673355103,0.6470784454470068,0.5032443351139315,0.5779569427808431,0.5076430333194565,0.7582996293494064,0.504376300170315
1,24,0.6951174522700301,0.5039993955987122,0.6271148910066443,0.5142415124507106,0.7210141351716729,0.5089152474058709,0.6458088851350421,0.5034009697302935,0.5907298816960609,0.5069777279189445,0.7747875017938582,0.5041438032325035
1,25,0.6961630983831671,0.504173740508958,0.6345438935892029,0.5130674638721922,0.7193462485424654,0.5084131276984926,0.6456204860022833,0.5033281074138333,0.5997271612876305,0.5063628892602376,0.7847083161744869,0.5049754798747328
1,26,0.7037315944855035,0.5042535120031796,0.6374787947760743,0.511971060003345,0.7286958398895879,0.5088278271431675,0.649817044866999,0.5031122160115205,0.6134862210842188,0.505795885034998,0.7936686505235035,0.5046737129516567
1,27,0.7052964666946301,0.5039659824387538,0.6449906049941974,0.5109503035164777,0.7367720912105515,0.5105727576059221,0.6508059863706869,0.5031382934508082,0.6252773220626697,0.506184884706476,0.80055007521834,0.5043803007643751
1,28,0.7037711021699251,0.5039440182148617,0.6485115372004778,0.5100026918137065,0.755034765658532,0.5115141010349503,0.6474224859462228,0.513021026289179,0.6331071228545014,0.506728955471223,0.8024999578879927,0.5043692011484306
1,29,0.6999017662786947,0.5036690993571471,0.6555004686166563,0.5091253224627438,0.7602847700572349,0.5136046056881028,0.6497978298447782,0.5031601372691088,0.6475046651277033,0.49578505482313817,0.8130290314625755,0.5038219639830366
1,30,0.6970103589777842,0.5034051291426122,0.6564533608787987,0.5083149917097814,0.7540142566818601,0.512883233025941,0.6535233520947861,0.5030795828365472,0.6568094025032161,0.49597732919353044,0.8185027809791028,0.5046001401036897
1,31,0.6870576058542144,0.5087071067496487,0.6525665171014426,0.503909200861509,0.7668183269612209,0.5142016051965902,0.6542586656552656,0.5031644375281423,0.6654559190033642,0.4961800831527449,0.8236783466640175,0.5042760193843553
1,32,0.6488688768318508,0.5031741194077944,0.6564670686257096,0.4871744046795293,0.761088613542986,0.512289841342184,0.6237315642703813,0.5029679413600839,0.6713277275661623,0.49638934300891757,0.8326642842343523,0.5045501124802776
1,33,0.6154917380282433,0.5031495921464617,0.6566539618027296,0.48796784134294846,0.7663973928013688,0.5116094438200414,0.5962199597594432,0.5028919655300811,0.6769956734372153,0.4976725386941131,0.8412311508552706,0.5052153181730303
1,34,0.5850917625597256,0.5032989094685321,0.6591342879146312,0.4887432999578252,0.770781546691088,0.5115958499119733,0.5641958467868269,0.5029081687014263,0.6809538814613689,0.49876824598148045,0.8483694204332668,0.5055486230575612
1,35,0.5551973747827438,0.5032116092539338,0.6626363054103164,0.491817619322206,0.7745466715830124,0.5116733600212349,0.5431024447504456,0.5118519835176383,0.6835048394504437,0.498076678423028,0.8496263079918223,0.5064391939044652
1,36,0.5309663748530813,0.5032024309254051,0.6640281239902742,0.492390503946148,0.7780015758119616,0.5127765908846112,0.5219682347687109,0.5028137337692973,0.6921447050052949,0.48948413934225743,0.8512616326110896,0.5056328561461821
1,37,0.5086181938736132,0.5121106646652818,0.6636128896898157,0.49123655437729763,0.7664866371933255,0.5141799888184223,0.5067430299128762,0.5026494029521539,0.696124698754668,0.49119271658863495,0.8578308134357177,0.505243518247865
1,38,0.49819159144979125,0.5029251374058971,0.6708259356713673,0.49346562438921276,0.77116007555055,0.5356761142707234,0.500754492521264,0.5029283492707943,0.7024601752456116,0.4976225808977971,0.8419179683938633,0.5054755861201068
1,39,0.4935855464194147,0.5027238199346722,0.6738504275390668,0.493964954878936,0.7642330487637345,0.534515032950403,0.5075465907463447,0.5129830117640237,0.6977823000454153,0.4967720927440863,0.853391144326453,0.5046960208797547
1,40,0.4974148245301049,0.502532147582072,0.6725588107535767,0.49443758725463544,0.757809257922057,0.5330786955418365,0.5150934958090149,0.5087309932250063,0.6983144383184756,0.48360706750380017,0.8677836671560194,0.504173291951826
1,41,0.5074941963175061,0.5123307846815325,0.6673256320842069,0.4927931519223366,0.7273230639779932,0.5324696190395946,0.5204004796978271,0.5082392088360294,0.6988847850299322,0.48481452419038884,0.8675439875189189,0.5038514458483375
1,42,0.5206780045631145,0.5021775656577427,0.669474025705757,0.4970304724893063,0.7457721456091004,0.5509427433616347,0.5268823778259331,0.5079618409857187,0.7020020157746548,0.48596200021821595,0.8723513660282886,0.5035476250578163
1,43,0.5334794793860583,0.5020144640157518,0.6702900854205922,0.4973323231748043,0.7413408043807493,0.5481974835234557,0.539932950418383,0.5074849965681024,0.7001793952438836,0.48599569572760154,0.8716553888432508,0.5032618620628052
1,44,0.5515998225941856,0.5018606308184709,0.6707432440597825,0.4976066079836143,0.7373281473763338,0.5454121495159986,0.5503396016746313,0.5075891163161008,0.69615134286753,0.4870944283586577,0.8665525827830685,0.5029940071663407
1,45,0.5652540636588886,0.5017158798674612,0.6716377499723127,0.4978550369526454,0.7554118999957523,0.5422899206653885,0.5589082193154531,0.5071070352017237,0.6953252695931206,0.4881282663060098,0.8619397021604012,0.5027437510280788
1,46,0.5774404059086157,0.5017803076092595,0.6725496988480781,0.49807939998152956,0.7717603151431872,0.5393088010952264,0.5697448407750336,0.5066399341137903,0.6991489143006063,0.4890977962026139,0.862556788168688,0.5025106481823971
1,47,0.5920297967188117,0.5016932319590315,0.6708598966663067,0.49849632728661797,0.7506228134219414,0.582868490025586,0.5769932136934275,0.5068189819265415,0.7034562895993816,0.4900041441481154,0.8581585873210502,0.50306414954041
1,48,0.6035780817967861,0.5057602087923302,0.6747516584111265,0.4984631958353597,0.7992064578851743,0.5351600494556686,0.5833422383276626,0.5066946657617477,0.7079910549234807,0.490848899727354,0.8542792148341274,0.5041527727388023
1,49,0.6157644651594045,0.5053553513951936,0.6735678284778549,0.5009332438585116,0.8107060610987712,0.5331952410311672,0.5867399595782641,0.5063473209097354,0.7125336504787656,0.49258277642132164,0.8556633676898374,0.5038776631203414
1,50,0.6270552823108178,0.504968250892637,0.6745330819865041,0.5009260525151544,0.8105027235010774,0.5307588926022822,0.5935099334712207,0.5065089616935666,0.7196341940967743,0.4932522472970061,0.8569201667617393,0.5036139373447733
1,51,0.6328355422550803,0.514283658464697,0.6684223017143422,0.5047796016603651,0.7968981348385165,0.5332008847560061,0.6002039452704199,0.5060696514662613,0.7204010599031403,0.4938680109966857,0.8625081033621703,0.5050876195799592
1,52,0.645488527470917,0.5046217391935035,0.6713149440458044,0.5222315716192094,0.8090118773220302,0.5262899986502594,0.6018106191291107,0.5056799781060508,0.7265334633672357,0.5063795021477305,0.8426948332598198,0.5055385851554685
1,53,0.65130972907153,0.5042694668453872,0.6709821225871181,0.5207104725003437,0.8091503795103884,0.52425223106142,0.606663504369496,0.5101321533480774,0.7193385727919348,0.4968078640007418,0.868026229615947,0.5048647501690889
1,54,0.6568620165862503,0.5042611435371064,0.66967792708854,0.5192487695521613,0.8092558066897544,0.5223410750279893,0.6035836965722866,0.5268450381337246,0.7055859774227572,0.4993498703056892,0.874885635945763,0.5043254102351052
1,55,0.6612750373154876,0.5041703439860401,0.6711684736451244,0.5178502897287743,0.8091568434208615,0.5213482015662755,0.6132073101822679,0.5089133471624949,0.7168312146606381,0.5167661396203483,0.8752416696471527,0.5042479818151159
1,56,0.6637134693450495,0.5038537565389185,0.6700028853728858,0.5165179509800594,0.8090379998799534,0.5202594388185987,0.6174283939493149,0.5084227150392656,0.7198506728300517,0.5157291840882912,0.8744170615714624,0.5043163666123175
1,57,0.6684261176054938,0.5035549543706295,0.670735154001458,0.5152537770048308,0.8090307816602834,0.5208113740233289,0.6267752382488101,0.5077142366544083,0.715277441675806,0.5139137154242204,0.8526791024474858,0.5274871329238233
1,58,0.6765777882771745,0.5035428871365725,0.6657963199242097,0.51438490191849,0.7704841878109882,0.5684491442849877,0.6291407241475656,0.5112952173236166,0.7222822536804745,0.5137262969521181,0.8730182195456087,0.5044669267119348
1,59,0.6760778608553385,0.5070327601335315,0.6743702804637097,0.5129337959758165,0.8090616036771694,0.5177661515899808,0.6279853884709429,0.5104780092991129,0.724418411643995,0.5127714035405108,0.8723880885316713,0.5051594984709633
1,60,0.6790320307386836,0.5066533415765964,0.6767772533813357,0.511878002034911,0.808576750819805,0.5202463616237947,0.6268738003489235,0.5097013966781107,0.7259383851702654,0.5128950206620014,0.8716182008438266,0.5053171254803013
1,61,0.6873951146842915,0.5064309445417329,0.6747302046438991,0.5108905543793234,0.8087160211816894,0.5188357023249274,0.6223647170418625,0.5089658699946786,0.7179228208774598,0.5119452020826432,0.8757223713461455,0.5049796036774005
1,62,0.6911876230274245,0.5061238848006004,0.6730163450596418,0.5099698992194911,0.8192346929766725,0.5194866780184527,0.6182472524321824,0.508271528222713,0.706851567455679,0.5110406396606667,0.8795112788660222,0.5054266494834198
1,63,0.6980317994673806,0.5057990416089865,0.6714085498107712,0.5091140186622395,0.8285139345134639,0.5206458469105637,0.6144656249075998,0.507618113283105,0.6981634164892713,0.5101831158210306,0.8826618814820159,0.5065453668297747
1,64,0.7012998738910229,0.5053767330722115,0.6699242574064251,0.5083205195332847,0.836844907817479,0.5228884292420581,0.6112671242849639,0.5075282358335069,0.6931206919976006,0.5099743139779473,0.8856290617681106,0.5064361630231445
1,65,0.7020401109750978,0.5049773945940623,0.6729686223639263,0.507586717975231,0.8338900759682856,0.5215435556063183,0.6173616998587481,0.5069378686516904,0.6832442250345664,0.5091958852637053,0.879266721855619,0.5060384663622913
1,66,0.7085090135859368,0.5046513010471986,0.6629508753212638,0.506046003096937,0.7903256327365937,0.5695087738391387,0.6204114741808356,0.5063842027136986,0.6773268298488584,0.5084633556351994,0.8782239318829229,0.5063609576809796
1,67,0.7033681620336046,0.5080580526703868,0.6701895300241579,0.5062864814253711,0.829302730126266,0.5190004220881271,0.6217367240028523,0.5060605446996534,0.6736644008213146,0.5086867601339184,0.8769712435550386,0.5074285187768401
1,68,0.7077171914044542,0.5074651056918901,0.6645787000697404,0.5057138921010579,0.8271149824160394,0.5182455798591492,0.6234084642694165,0.5058928580542114,0.6684753125510389,0.5084970879927526,0.8757214922248221,0.5069652751195274
1,69,0.7077085780843564,0.5070949625009946,0.6600146025251059,0.5051888080198274,0.8359983412083529,0.5171077497232842,0.6242027265228327,0.5063735843748877,0.6606824142550567,0.5078363996373199,0.8751116278733366,0.5068575975317213
1,70,0.7114579719554615,0.5066909693918137,0.6557508582302334,0.5047081075416556,0.8439754163444385,0.5169088818440668,0.6222167601376226,0.5165471594215278,0.6568841072137817,0.507697401435362,0.8717452755460439,0.5067451425517058
1,71,0.707544102848275,0.5163343257145458,0.6480809049195313,0.5007325148468772,0.8283312029788309,0.5192415944193575,0.6254218455986875,0.5158569615159134,0.663120522923582,0.5170781537086669,0.8660337911659844,0.5055902445087932
1,72,0.7114775384255241,0.5058207839095776,0.6523802374146215,0.525510188074396,0.8358908952903358,0.5160164234534912,0.6240001711970654,0.515709108405451,0.6722833123370356,0.5158101019425407,0.8608041628684133,0.5052246339984029
1,73,0.709517585536637,0.5053762291794721,0.6548440908805649,0.5237950834509034,0.8333209826391589,0.5150664613156166,0.6262708326407936,0.5155905091915022,0.6751439918306976,0.5059607326056899,0.8596586365805198,0.5209239028730657
1,74,0.7093509983632517,0.5049587626786766,0.6555972988813235,0.524442520167422,0.8306899743643248,0.515503280647101,0.6269081110655034,0.5054363844958696,0.6898532089678571,0.5181587929059457,0.8628857333605036,0.5190152939962827
1,75,0.7036517139059726,0.5146687049216638,0.6226625598444046,0.5029930186887394,0.8027897834588442,0.5170159025939679,0.628160156156855,0.5050291298692365,0.6513613562848853,0.5169892916900298,0.86804104211288,0.5193531665619012
1,76,0.7036352862740273,0.5044445709207328,0.6039980712585068,0.5336504097809913,0.8260435747349513,0.5150178240518771,0.6327424753400861,0.5050541564832836,0.6346807451307076,0.5169032350998524,0.8726306050919354,0.5181701299743615
1,77,0.7005301369754253,0.5040965218062934,0.5917193500214709,0.5316834758189153,0.8349743791764767,0.5146303529211885,0.6369419009777476,0.505107166318238,0.6282562482923061,0.5157475200579185,0.8712334076245438,0.5175948167560666
1,78,0.6995845418409004,0.5039109409824312,0.5802836105184724,0.5297544346450079,0.842771647350247,0.5148028408246059,0.6414644746196071,0.5047144563265517,0.6173874255976558,0.5146402399518681,0.870775091494692,0.5169543644392275
1,79,0.6999615399079635,0.5036074940358232,0.581604543570942,0.5278717919912342,0.8395523871527149,0.5140397042128765,0.644981759455552,0.5043453674866027,0.613745484383759,0.5143693780528201,0.8657514651574688,0.5164631866332742
1,80,0.6966586613121055,0.503323931188851,0.5778055740242131,0.5260432771754974,0.8469997652770062,0.5138203914467238,0.6483244871796393,0.5042576770991184,0.616786791789548,0.5133262294361881,0.8565039109495617,0.5153729588777226
1,81,0.6965763886277093,0.5031847805092264,0.5826476799548514,0.524275718312556,0.8428344260902272,0.5139329561160378,0.6475864819067094,0.5144329690556959,0.6191328163068582,0.5131472040194206,0.8434718795147735,0.5140278182914809
1,82,0.6998723058462499,0.502939272141873,0.5891790639440835,0.522574951087871,0.8391637889600843,0.5157168539271528,0.6536766605554876,0.5043041683750965,0.6254550868961595,0.5219707978253171,0.8445162315891563,0.5147743472499813
1,83,0.7031075371322458,0.502815075349736,0.5983026761830958,0.5209457627440045,0.846896825185342,0.5149443665772828,0.6558796872922987,0.5043935585790787,0.6293860394988812,0.5214946071433751,0.8466241769620483,0.513740612504329
1,84,0.7024320928781749,0.5026032613717086,0.6023462803976078,0.5193918708570856,0.8539626443074971,0.5141851353924394,0.6559792615895974,0.5044618197182944,0.6346070448562627,0.521006004116423,0.8392873025692501,0.5132403655914611
1,85,0.6993525169889921,0.5024055232644574,0.6060766104792066,0.5179159346316065,0.8599464635938572,0.5150062874991769,0.6541282651869081,0.5044564986948705,0.6396023615819428,0.5194788771660784,0.8420746412521394,0.5122894823737375
1,86,0.700286116284386,0.5022210085879218,0.6132686120942062,0.5165195949525675,0.8547345098043103,0.5147690781991479,0.6502133373734186,0.5047386108616907,0.6439808110240799,0.5190646102846629,0.8444819454962826,0.5121557801242895
1,87,0.6990831432600492,0.5027573766754266,0.6196609255217868,0.5152035383857573,0.8499068137580638,0.5144963919242803,0.6507773810256811,0.5044048007782485,0.6465235786952951,0.517616132985042,0.8467621533157796,0.5112611335250203
1,88,0.6999699003543245,0.5025569024244322,0.6231717516477708,0.5139675797331397,0.8459429063007375,0.5137549504649319,0.6531560510872645,0.5043023500484631,0.6475127773836962,0.5166972184422254,0.848837305700938,0.5104121256172391
1,89,0.6956337634588925,0.5083193047811715,0.6232941194935524,0.5148824340014236,0.8726333632508915,0.515019133063816,0.6534121372372068,0.5039976668432292,0.6527125704920966,0.5154023487189122,0.8460951643360475,0.510126208051728
1,90,0.6986197067337742,0.5126522501481391,0.6260800375065622,0.500803681165629,0.8464778056552911,0.48934168282742235,0.6495131147279682,0.5144669417620124,0.6536054214945058,0.5115919489562388,0.8439458712064092,0.5106080353187017
1,91,0.7047341462394086,0.5022011707532511,0.6338669044217916,0.5269761648033818,0.8610098380110915,0.4923160045443746,0.6395028012091114,0.5146545121756325,0.6620873958499893,0.5404706762144931,0.8192552694539698,0.5090740227411855
1,92,0.7049417997453205,0.5020399390386666,0.6320397407266126,0.5252696372488076,0.8556890700755423,0.49444828508685773,0.6442563532177609,0.5075146968179668,0.6659482158254834,0.529920263555845,0.832252615189074,0.5085950436140727
1,93,0.7041326595049373,0.5120583611901673,0.6287035987671792,0.5005990311207269,0.8417307149673773,0.49428759722717563,0.6457460020220971,0.506989819061824,0.6670338379620131,0.5278033270196989,0.8307556974477766,0.5084121723806986
1,94,0.7034995905900995,0.5017443745491174,0.6326120373222464,0.5327939260344855,0.8567297461727489,0.4957048124285547,0.6470128780012688,0.5064881799337595,0.6681211293136857,0.5257809346142768,0.825075280338521,0.508818046807765
1,95,0.7000527038570915,0.5016095079523002,0.6335232616530454,0.5310315389884919,0.8626553897823427,0.4962520628377588,0.6497613657485894,0.506010465922477,0.669624149091074,0.5238563923337971,0.8198094409192715,0.5081474347142344
1,96,0.6971338281177663,0.5014829007497492,0.6357570761835374,0.5292855709628164,0.8555445432432386,0.4978417662968089,0.650185370996997,0.5059616313408545,0.6630107108978885,0.5220318713845097,0.815428436207535,0.5081854189827739
1,97,0.6963531152491629,0.5015811310209315,0.6355572995038211,0.5275645788921148,0.8387171120199902,0.5002421274443066,0.6472021502361225,0.5060527580542584,0.6611301332081622,0.5211768866269724,0.8011726057023412,0.5075678853052451
1,98,0.6972305667462708,0.5024785527208097,0.6338715515279018,0.525876747633712,0.8241757429158307,0.5005085847429619,0.6440857319073763,0.5057942081885113,0.6652830746476454,0.5199972190489732,0.7935313186157474,0.5069856952786058
1,99,0.6965848103402106,0.5023160349472301,0.6304091278009201,0.5242297130987252,0.8110830800216251,0.5007242606351145,0.6421934292861387,0.5162709650298065,0.6587441088334841,0.5134843804862581,0.7835235417711852,0.5076819065702886
1,100,0.6954178541798033,0.5021596804412852,0.6255159739001966,0.522630410819808,0.7999562989706306,0.5019484150643835,0.6454805231753911,0.5059640366347338,0.664765428478287,0.5243519380080655,0.7937755996051498,0.5066917107263834
1,101,0.6967435379244875,0.5022606234823428,0.6249203065624889,0.5210849554206488,0.7795199273900504,0.5020634869469623,0.6479592354870167,0.5157526693308454,0.6645216653466998,0.5128297445632629,0.7991374071683983,0.5065442634065502
1,102,0.693470484294211,0.5021097382818763,0.6235984772303919,0.5195985542395162,0.7716885200085324,0.5032357133454044,0.6480166640700602,0.5051307798818211,0.6741637898337421,0.5258899237293589,0.8108118650998808,0.5064302352029383
1,103,0.6923997452204177,0.5019647181233311,0.6307056316865379,0.518175456098027,0.7648678343308085,0.5032563627210179,0.648549607579801,0.5047467936546182,0.6796183282607845,0.5242892871465271,0.8161655129318833,0.5059383194899836
1,104,0.6917881557111619,0.5018258209914135,0.632939236089978,0.5168189341065063,0.7585794608585988,0.5047155456233952,0.6472198013285797,0.5145357332184363,0.6776861773580521,0.5115674559659035,0.8161835507387647,0.5058125204835544
1,105,0.691010531650667,0.5016932564447304,0.640458753314201,0.5155312996254732,0.7634118961448754,0.5023660109586829,0.6425775853671543,0.5040431414581193,0.6844092082649127,0.5259521087140671,0.8252755712870736,0.5056993723450297
1,106,0.6902231047035586,0.5015671800579286,0.6460899664669809,0.5143139431677003,0.7787227916606733,0.5035701107111918,0.6400538685270583,0.5041289733953525,0.6865828911865705,0.5244437996391509,0.8200910764961913,0.5052683307255299
1,107,0.6931459679984376,0.5014476904326634,0.6505545006246983,0.5131673971733376,0.7924404936612354,0.5035160305518451,0.6394904917792196,0.5040542113485489,0.6902515700320146,0.5229781219528177,0.8105209658272587,0.505893203366306
1,108,0.6898910636900397,0.5013348285813642,0.6613034944679261,0.5120914152113375,0.8049508527746484,0.5057976236079117,0.6370681348373233,0.5138925133778166,0.6890129414957341,0.5083563549607386,0.800404667564956,0.5054027338939862
1,109,0.6848598877302793,0.5091852039786883,0.6588073026966297,0.5001167783391819,0.8149430189627269,0.509434772274199,0.630778459225021,0.5036957703896915,0.6967880684521117,0.5240472810300439,0.8027222506423604,0.5055992953859325
1,110,0.6918422452694081,0.5011288748405587,0.6660002520600679,0.5262606145281538,0.823703179414916,0.5077510439919636,0.6268370893132402,0.5032405291074684,0.7004293057574704,0.5365117759923991,0.7828552921586424,0.5057491483391922
1,111,0.6933516061473359,0.5010355985131779,0.669052108511452,0.5246300968512784,0.8223167605395896,0.5087485819799042,0.6287351338709298,0.5073199259220834,0.6943576376009741,0.5225528224120225,0.7921998439562714,0.5047826543628107
1,112,0.6944234474141459,0.5013759415701508,0.668020209360756,0.5230409366640497,0.831810611874878,0.5093233137378662,0.6260856335869732,0.5176863958432969,0.6884562175878262,0.521921022332757,0.78702446963062,0.5046286920316361
1,113,0.6897832666521122,0.5012655346861846,0.669022480744015,0.5214999243615032,0.840468165072177,0.5088990615007335,0.633927842839122,0.5066996076352637,0.6925513753470968,0.5293599877697008,0.791374175247052,0.5070221869372371
1,114,0.683716953661379,0.5011621280446052,0.6721478682166364,0.520012956142708,0.8481055457844331,0.5084622556533888,0.6348229362016662,0.5138727173875975,0.6924404341085381,0.5284793615053375,0.7825331909669118,0.5057911361002059
1,115,0.6784593780614867,0.5010655523372973,0.6752191247094358,0.5185849675492789,0.8550705629239493,0.5080179173538198,0.6394269819088859,0.505720641816364,0.7031396790459291,0.5355101163281593,0.7866566772213093,0.5060074765372767
1,116,0.6764648870130344,0.5014029508026455,0.6770869804264853,0.5172199020271468,0.8613165349360484,0.5075706968116506,0.6394677723689902,0.5056964954063984,0.7073594826149747,0.5335746400428252,0.7947462267389879,0.5062513428415143
1,117,0.6757929341200202,0.5016431849223042,0.6769076620622316,0.5159207123061348,0.8453098862308475,0.5083498418140575,0.6414151884927656,0.5052463626699253,0.7074726601980408,0.5323573502767698,0.8021082988552687,0.5065756333361155
1,118,0.6791509101596658,0.5018587948190272,0.6767508154948669,0.5146893908625689,0.8416508160993595,0.5089160810847182,0.6408407439988695,0.5048236264381355,0.7118375643184605,0.5301436661636286,0.803527240297265,0.5072162650231158
1,119,0.6762800383523657,0.5017234676242092,0.6754216976627229,0.5135270246701535,0.8488013478137593,0.50914578146696,0.6434117469404937,0.5053530399099306,0.7156975245630813,0.5280181209638598,0.7907951684815628,0.5071372422575254
1,120,0.6757112720074481,0.5015948399350787,0.6739063860764894,0.5124338688672623,0.8553089106056605,0.5101489956396958,0.6427482167670722,0.504942885867337,0.7189479514145913,0.5259858493690345,0.7836084948407059,0.5077110840444816
1,121,0.6746394367642389,0.5019001692051865,0.6776785089015381,0.5114094338376449,0.8611615330825353,0.5101063574219961,0.6423653459062318,0.5047259423225486,0.7194071510716854,0.5244330354979815,0.7727198251500426,0.5088151488977083
1,122,0.675678932112345,0.5017557031052172,0.677741708058774,0.5104525804432436,0.8666245231142577,0.5103790724915639,0.6416999460252476,0.5054449709141046,0.7178599814396598,0.5225966204261412,0.7677994001512662,0.5082611923909903
1,123,0.6729877181423864,0.5103655777286048,0.6730234921587958,0.5111552217809806,0.8623436541371539,0.5118922215368592,0.6433548321305024,0.5050400058203461,0.7187209134407289,0.5208591819944921,0.7732136202463927,0.5092420580831373
1,124,0.6781346586374777,0.5116061440748113,0.6671337695720673,0.501285897792794,0.8080248124012214,0.5903253575712774,0.6464915933090257,0.5048018455097956,0.7174549191513893,0.5208138205572809,0.7777042808762447,0.5086546757782232
1,125,0.6776440524121313,0.49752352657115084,0.6773617030550533,0.5251379728361852,0.8033264032565139,0.5299644926917095,0.649771187079371,0.5044425773113498,0.7140977509069609,0.5191896257800376,0.7161421389843815,0.508087592436018
1,126,0.6769231493942792,0.49767584607553644,0.6754843748999674,0.5259229865428545,0.7378385415611787,0.5281028435976458,0.6527763799459421,0.5041043853187047,0.7151237136597427,0.5176631314729663,0.660540167089479,0.5075419697749637
1,127,0.6760743701534658,0.4981324486196536,0.6755553391445722,0.524208212753756,0.6792451401440818,0.5263003331414746,0.6577340393411286,0.5040696070019219,0.7158460660115162,0.516232636606188,0.6105278631286898,0.5070187793748324
1,128,0.675355111501133,0.498264687202969,0.6774681353527044,0.5225508579155927,0.6266122486172397,0.5245619781758257,0.6542433517494194,0.5026743531308928,0.7194556710727072,0.5368140202059863,0.5643022573756393,0.5074504400061808
1,129,0.6788411040584846,0.4983917404993971,0.6772971706886823,0.5209567711752376,0.5795818469752738,0.5228918457580175,0.6598847055953493,0.49944981124275417,0.7132351002302477,0.5136497943932903,0.5255291042026211,0.5060425836390531
1,130,0.6815724841559823,0.49851312217377014,0.6760092544033746,0.5194306971045217,0.5375065475765523,0.5233085892452856,0.6563117809567611,0.49969820397833564,0.7121386160112334,0.512491306561498,0.4886851892432719,0.5055905136337421
1,131,0.6801191422708838,0.4986284774484018,0.6746498646680265,0.5179762692919722,0.5322767458538651,0.5225701203988609,0.6544156275426493,0.49971215870966007,0.7138194836257833,0.5119657216104467,0.48825934729583914,0.5051627496707739
1,132,0.6830804994794972,0.49873757349013004,0.6746585427918731,0.5165960372288996,0.5382945068715828,0.5216403252487957,0.6548940360385375,0.4997277652479586,0.7146271613827949,0.5113144376566295,0.491841994045568,0.5047592647429351
1,133,0.6814499457813243,0.4988402875701208,0.674998358755293,0.5152915214412247,0.5423241160194128,0.5219196479791349,0.6515622910017709,0.4997823506729564,0.7116384266459377,0.5110734042320081,0.5074119040631849,0.50467184061456
1,134,0.6819474230586821,0.49893659385783495,0.6738407045131317,0.5140632910463723,0.5458606120772895,0.5208790579596606,0.6532766816863688,0.5000542846793319,0.7236818484385953,0.5098018579056223,0.5201962425290234,0.5133991320665031
1,135,0.6823223149576008,0.4994417893908627,0.6743126941633238,0.5129110576490362,0.5503029253564341,0.5198512456696733,0.6518936473710353,0.5000505287873123,0.7234173178557961,0.5100457569837945,0.550135734818284,0.5141999697814762
1,136,0.6826937855475963,0.4994978516232712,0.6724914838341811,0.5118337796589637,0.5634139764049858,0.5185668401857774,0.6527921170249091,0.500076102807432,0.7232072487258335,0.5094780090604919,0.5711083749283588,0.5145240553776884
1,137,0.6825557530646138,0.4995487864342674,0.6686961165980916,0.5108297716198652,0.5767471438243239,0.5187982034369518,0.6495574922990827,0.5007884243842831,0.7211704139533378,0.5087296106985315,0.5907807549380798,0.5139117524794774
1,138,0.6796090059452399,0.49959492776074865,0.6676321251884264,0.509896813873296,0.5895874318631243,0.5176266101093692,0.6462944831174253,0.5013711008223773,0.7172487539471444,0.5080343758750792,0.6139238270297512,0.5129221837348142
1,139,0.6783909012817977,0.49963662042024065,0.6664796270916886,0.5109796080427887,0.6112832121676625,0.5165064869277797,0.6456024295263204,0.5055970037019811,0.7085539774719856,0.5078815802998806,0.636363747362592,0.505939102061443
1,140,0.68096482281011,0.49967421084454017,0.6682178901745112,0.5111826335926758,0.6198465795331013,0.5167021468348877,0.6480496527216234,0.500933652969425,0.7083411624910383,0.5067902624443423,0.6583830528726715,0.5197281881335065
1,141,0.6815084407948182,0.4997080396662179,0.6689997848615924,0.5103241132780323,0.6283507633743145,0.5156921464873148,0.6475061676805446,0.5008918801543584,0.7042088521145949,0.5062352188588983,0.6793383319841969,0.518519541058025
1,142,0.6797985448664076,0.49973843603179485,0.6700631976765978,0.5095194046851407,0.6350420944285788,0.5154243470217434,0.6444366262458809,0.501440816000096,0.7065815636395757,0.5057210190553245,0.6983364665764217,0.5177568515942834
1,143,0.6822748578541366,0.49976571346140136,0.6706908773683292,0.5087664346644243,0.6414117882822664,0.5145043219554986,0.6460445559345187,0.50187783277059,0.7102990192866327,0.5062067050511265,0.7145898312197969,0.5171427170788446
1,144,0.6810182333760084,0.4997901670453517,0.6721145454996267,0.5080630711014343,0.6584759300055495,0.5136209085679955,0.6471453533675797,0.5022784361983661,0.7157687855208476,0.506697387822935,0.7201180350619383,0.5160213925156499
1,145,0.6816661862348727,0.5002394221859833,0.6730650889231963,0.5074071486134193,0.673889286500836,0.5127732109358826,0.6418579204186101,0.5021669086253864,0.7162000976796931,0.5061671289490202,0.7297614357168357,0.5152880462209638
1,146,0.6866850579583756,0.5002295596639669,0.6730922300773335,0.5067964880016572,0.6874491062566391,0.5119604981847764,0.6393359716650036,0.504352832143328,0.7073994379077444,0.5060495861877253,0.7531257085499328,0.5072338084857809
1,147,0.6869390876840483,0.5002187891836655,0.6733067174535385,0.5062289109238735,0.6889761536772048,0.5128957026895976,0.6445151796839559,0.5021294074123173,0.7055332424341286,0.5052089878467776,0.7487625359639757,0.5194086328347928
1,148,0.690830720819359,0.5002074044727788,0.6716678068916989,0.5080832035103097,0.690143376240794,0.5120760920667914,0.6421116746617348,0.5065141676137436,0.6984073487539592,0.504066549306498,0.7626373834909291,0.5197268886512817
1,149,0.6924094870026961,0.5005769281707048,0.6683144310850959,0.5074311121621335,0.6915089320018334,0.5112868636076588,0.6460042249252201,0.5035209244194881,0.7016057321859109,0.5134468398116268,0.766073657260423,0.5174522368446454
1,150,0.6921302174913426,0.5005422092121187,0.6630301617171875,0.5068221040954354,0.7032671877548985,0.5116900914747357,0.6485446069139645,0.5033247711808242,0.7087992981778948,0.5124739270466181,0.7810018129420471,0.5173828264894109
1,151,0.6905073495695357,0.503592157376023,0.6555480722469145,0.5100734521571596,0.7285561923695204,0.5124415372160125,0.6511653189892488,0.5031303834203955,0.7124256251687315,0.511547636916529,0.7946029951509962,0.5162521901231026
1,152,0.6949669484640378,0.5004741503978182,0.6588081923552895,0.5079434994623215,0.7187210980324276,0.5346995361699417,0.6510171567303876,0.5033386869597117,0.7201003110474945,0.5131017393008089,0.8019584142235252,0.5161720668713555
1,153,0.6940913277542206,0.5004413749669229,0.6629737507267337,0.5072959203268549,0.7280690290926207,0.5323720918387272,0.6444547433179363,0.5031268042677884,0.7227972681481196,0.512542090858817,0.8086281682636071,0.5157917010480964
1,154,0.6933304619409816,0.5004097274998326,0.6642821429118745,0.506691409876204,0.7363368893050499,0.5312683634291897,0.6420535588184216,0.5032012468747182,0.7252305867725379,0.512672733454148,0.8145377017540618,0.5156380914780261
1,155,0.6927623956681175,0.5003793688900983,0.6654053073054182,0.5061284677761908,0.7543966824365317,0.529104767507859,0.6416080782017907,0.5034271323152505,0.7273160326722331,0.511736237604568,0.8190916362418191,0.5145643454585068
1,156,0.6974475180194836,0.5006344765915385,0.6625523348182231,0.5056054669007344,0.7706320408704743,0.5278607055446991,0.6406888205664328,0.5032138665632148,0.7289447204161215,0.5108489531100169,0.8241607928082139,0.5135355064848925
1,157,0.6943637335633059,0.5010160283902837,0.6620996641868022,0.5051206749213367,0.785038624380168,0.5279828568506596,0.6404582892814903,0.5033205855774369,0.7264734846388733,0.5100109957811548,0.8285486017900539,0.5125535146847824
1,158,0.6962469472550176,0.5011355332122864,0.6602692234117088,0.504672277718877,0.7983839813221747,0.5260610715589953,0.6400331225323627,0.503119463957117,0.7222822023750447,0.5102603630717575,0.8272795729956162,0.5126526661996194
1,159,0.697021670405364,0.5013064301645914,0.6588098696148227,0.5042584034431367,0.8103548596058109,0.5242271275292381,0.6395045547355218,0.5031971241608235,0.7144456736576535,0.5103239301209973,0.8215480779701534,0.5122469835630445
1,160,0.6976168728349195,0.5012354156781251,0.6642604092559277,0.5038771461979811,0.8210981450369331,0.5224822990212518,0.6430347537100886,0.5029985855809828,0.7096755918065125,0.510096431998461,0.81653021491815,0.5126255062246138
1,161,0.692064123128165,0.5113125431784453,0.6618838881396872,0.504114353272031,0.8056882087323998,0.5244193829471534,0.6388574555158839,0.5029882791855531,0.7077348058076927,0.5093196658813643,0.8072169283552797,0.5131709382461966
1,162,0.6958278848330551,0.5012473360733334,0.6667580168212898,0.5032048220117815,0.8168737432506159,0.5421670868897255,0.6370964135657613,0.5029616324856985,0.7033453956595358,0.508588775727034,0.7992220450575315,0.5122335491853881
1,163,0.6998771910636247,0.5011784918350864,0.6660012957764085,0.5029099657200541,0.8041191662420877,0.5405280569827223,0.6358983441141035,0.512241525464863,0.6960715407092347,0.5084202055559067,0.7869226217150135,0.512097904937977
1,164,0.698681167097932,0.5013147254663758,0.6651451587688322,0.5026401819668043,0.7931410857459633,0.5376968628953988,0.637651125652045,0.5037512510584415,0.6973516449621453,0.5182022219780612,0.7935228725562153,0.5104960457940649
1,165,0.694899056021024,0.5012445011454951,0.6659724748496192,0.5044756477975422,0.7946530681900993,0.5349942905307654,0.6376824417595953,0.503696751824323,0.69426654686968,0.5168717514906108,0.8006961271907734,0.5105887979342768
1,166,0.6902577438578705,0.5015884758271705,0.6629409914988583,0.5041293048833061,0.7959820833231463,0.5331656790388355,0.6358874332822598,0.5038700738705963,0.7020703933061511,0.5156080168024779,0.8072511541097683,0.510396435154047
1,167,0.6796250090168615,0.5108409608535746,0.6603234221416046,0.5038667876977311,0.7853745100045654,0.5364953205136419,0.6323879422801969,0.5036146308492203,0.7027253535803163,0.5149754140493247,0.8180247681270554,0.5096188325118846
1,168,0.686404847683294,0.5017597833128529,0.6651992584262495,0.5246832963111209,0.807375798344909,0.5289888003641697,0.6309935330451627,0.5033686228676018,0.7048857862886805,0.5138327645671247,0.8232898518511618,0.5088839834772496
1,169,0.6850625269045673,0.5016626971397692,0.6685408082619964,0.5229570864122095,0.8181356404193101,0.5280188444675221,0.6298067737065798,0.5134659753665142,0.6982691303020159,0.512498235306937,0.8229566979927267,0.5089963923047047
1,170,0.6884170680209257,0.5108168153042768,0.664981322954914,0.5030223709337304,0.8207300317816778,0.5311950121359347,0.6374477300847953,0.5031215589577358,0.6977968457101114,0.5211165087368156,0.8313168601128117,0.5079847626853394
1,171,0.6851054750870116,0.5042894459933814,0.6657335877211892,0.5404358663394956,0.8718797388449827,0.5195378439015007,0.6330600533042218,0.5025920723147381,0.7013048317317246,0.5417867622124989,0.8161293948032968,0.507854976664828
1,172,0.6897007385154041,0.5013810655874399,0.6671617163498872,0.5326200270263117,0.839002098533297,0.5429522447508675,0.6437091025814321,0.5068489118731303,0.697490729544825,0.5180099122564108,0.8428335518059771,0.5071266909963003
1,173,0.689326868254948,0.5012917858422381,0.6661447978485694,0.5306220531487785,0.8349006424417709,0.540043442036446,0.6417206245493993,0.5152021010833435,0.6932895079895481,0.5176930329601441,0.8399942344520283,0.507022230186933
1,174,0.6896213673179997,0.501205395114826,0.6671928947330135,0.5286740407871475,0.8206197358341101,0.5378194483667287,0.6465431093337985,0.5060692334254371,0.6953870156973317,0.5256630709219021,0.8424437977687781,0.5060735969286628
1,175,0.6932253830174552,0.5011221768150601,0.6677371886029262,0.5267837141917974,0.8081280592812846,0.5360485698377466,0.643197651557417,0.5022451445906807,0.699206548068147,0.5455548335207673,0.8324694551867361,0.5066912392734044
1,176,0.696966362654787,0.5010423641534859,0.6685340514610189,0.5273388019642253,0.8192080477938568,0.5340179387927565,0.6444560901109254,0.5151372336469444,0.6870247582108695,0.522869112931407,0.8449387273311704,0.5050157429722443
1,177,0.7000790829262817,0.5009661398080775,0.6669765755951648,0.527799971985912,0.8291841972941075,0.5316247529571133,0.6416709909761205,0.5169855341342454,0.6822799120713663,0.5214037678617868,0.8423318547100231,0.5154076843802652
1,178,0.7067371276335225,0.500893636845293,0.6659914099464771,0.5257974790061591,0.8377435869290265,0.5305633076499128,0.6443865678932781,0.5074376318529484,0.6846501799629913,0.5278137758948525,0.8498392695077038,0.5139340829942273
1,179,0.7090959626172203,0.5011399491111492,0.6668742279884751,0.5238869533071181,0.8454683184562757,0.5287976364090197,0.6400668251875004,0.5174221900712498,0.6740273046669021,0.527346473128789,0.8530025525321261,0.5137589475826381
1,180,0.7092472066054128,0.5010607306521039,0.6621598873209589,0.522071752905245,0.8529598820453473,0.5267875285410465,0.6413084813654039,0.5067320270880501,0.6821132864771413,0.5339531871313683,0.8618100663738142,0.5119177793155704
1,181,0.7109272468609952,0.5014122043218285,0.6597990998277086,0.52035398247751,0.8486351328911993,0.526845059694068,0.639834649140566,0.5165154831789187,0.6780966308838586,0.5328720539050933,0.8646290137256343,0.5108030140823234
1,182,0.7088052048324711,0.5013103490491958,0.6556380332246082,0.5187345692266155,0.8447044033212855,0.5249451183766642,0.6424474078658969,0.5159773290319926,0.6798447129375292,0.52212047254327,0.864418017009761,0.5218073352273547
1,183,0.7068418574038138,0.5012132496302469,0.6520270947662692,0.5172133624023912,0.8412818684655831,0.5231476969752458,0.641366367178598,0.5056147900073359,0.6944192266772174,0.5320455761920782,0.8615254708947377,0.519506988395289
1,184,0.70312048331204,0.501548403428365,0.6503936356689461,0.5157892495495332,0.8380296036332469,0.5227068942542592,0.637157934382957,0.5059886766484236,0.7021740679233178,0.5523262434414129,0.836453340627852,0.5182578538679333
1,185,0.7016298137578869,0.5014317242095531,0.6473124400980657,0.5144602828219741,0.834864771629667,0.5226213271769863,0.6370514827864358,0.5065569280205724,0.7049022964337218,0.5495226058721923,0.8395921713608901,0.5179021762129794
1,186,0.7020998752250681,0.501321219572676,0.6485120525166146,0.5132238093346783,0.8430252722151058,0.5219702781632789,0.6431331049628188,0.5121635980020023,0.7008944951741697,0.5263882426260427,0.8546538609699719,0.5165672241292463
1,187,0.7025863213666221,0.5012169504105527,0.6536847487151356,0.5120766003943961,0.8503343533483326,0.5205090966036123,0.6483244559111435,0.5118781044519959,0.7000077715984909,0.5229140195459705,0.8393765461720228,0.5247511295882081
1,188,0.6941994469300713,0.5102406510738041,0.6524457584783543,0.5127947462915138,0.8555883792006415,0.5223073859672592,0.6459731494517051,0.5074608539520932,0.7030834401109466,0.5229984367000047,0.8659674300816613,0.5141454677904697
1,189,0.6959106513529492,0.5010270403186254,0.6504232247556787,0.5100349176069298,0.8508480488081513,0.5392282247081661,0.6469442738715501,0.5073648951226372,0.7032052971117541,0.5211830116519619,0.8616001556736672,0.5133100440646572
1,190,0.6901127528833662,0.5100749875653107,0.6471155906165715,0.5106087429497007,0.8434656470209543,0.519305907708712,0.6499821860099996,0.5070521210321863,0.697223285717442,0.5198799775903308,0.8566466179481595,0.513104016652752
1,191,0.6939481025722428,0.5008612907157317,0.6463653950313772,0.529730943248915,0.8301949084066285,0.534919800828075,0.6385130544851566,0.5130288567636765,0.6913061641908412,0.5570007186562327,0.8136177384583785,0.5143330911429937
1,192,0.6935100449232933,0.5007870563928221,0.643755884521467,0.5274917919326529,0.8062991755977008,0.5332562961677868,0.6543099095123138,0.512397306479371,0.6850270538255202,0.5167995875835909,0.844696052482813,0.5206443512682195
1,193,0.6927253169575693,0.5103119053528442,0.6434147954857936,0.5079512265870793,0.7705916210893357,0.5182059561446434,0.6549104902054327,0.5117389683966717,0.6850624321352266,0.5154127370323888,0.8468320402420131,0.5191332013486611
1,194,0.6919125362032649,0.5009712352804404,0.6431986925076718,0.5233789070971797,0.7752456529404886,0.5430651974827667,0.655114280779947,0.5110097758190285,0.6846950002698559,0.51506590365154,0.8485972575934511,0.5199368406541628
1,195,0.6893810190950792,0.5008957892779674,0.6421108455876012,0.5215036876749928,0.7119600971967132,0.5404361365078078,0.6529750933437534,0.5106434091564287,0.6868596906661854,0.5138106519233269,0.7793879310334411,0.5184587173921418
1,196,0.6873544481856146,0.5008248937324274,0.6414654090813889,0.519746877438049,0.7108170186303525,0.5391540285056112,0.6527744021249934,0.509942719729937,0.6906347453696049,0.5126443606551598,0.7355023972424873,0.51706223170564
1,197,0.6853163931335798,0.5007584443851366,0.6408139626777617,0.5181057247929662,0.7208540907465174,0.536650414817718,0.6531828253517261,0.5095112604571606,0.6900484530358849,0.5115628681391354,0.7156156250086873,0.515746519146563
1,198,0.6826266029448538,0.5080127634559306,0.6402647882240111,0.5193396346228412,0.7216697914293716,0.5403799534076431,0.6520305737352038,0.5098587310773149,0.6847304699488047,0.51036912302545,0.7127455944185341,0.5148824398145471
1,199,0.68269732132991,0.5010033123989525,0.6512503750651913,0.5151562432124016,0.7353295329368807,0.554078665360443,0.658038293591696,0.5087934797656615,0.6926267012110163,0.5096372496449364,0.6926644657561234,0.5227264552912372
1,200,0.6793363343982041,0.5009259652862591,0.6536445656887039,0.513839570034652,0.7426774247537741,0.5538139048535841,0.6563009854816294,0.5095255103773981,0.6823062760877208,0.5104014517713842,0.6952330321435797,0.5204187156683915
1,201,0.676111083614334,0.5008530759909114,0.6616299862688925,0.5126220695299976,0.7161806682170052,0.550095281294719,0.6576273282700716,0.5092447050372351,0.6796141845043113,0.5195021058217811,0.6607775363696766,0.5224909107265171
1,202,0.6774040150126088,0.5012118784446221,0.6651659088878629,0.511498752837163,0.7147694967413188,0.5475257591983176,0.6614228412279967,0.5076802910156814,0.6765409677338513,0.5085299288821712,0.6553711105086708,0.5197495239125698
1,203,0.6806511067142896,0.5011182737557602,0.6681817241476059,0.5104644731387962,0.7136158345426118,0.5441136992270763,0.6609128547488461,0.5080850014530673,0.6711095983827371,0.5087800377813423,0.6620864060077373,0.5182539294493983
1,204,0.6853988310851967,0.5010300534748038,0.6697559881196463,0.5095140074777227,0.7231173247670094,0.5408637021173447,0.6667114259177325,0.5076829407739638,0.6677295004571451,0.5098183333846072,0.6679712448296682,0.5168461200180745
1,205,0.6927032828441525,0.5009471725039604,0.6703448076929519,0.5086421289932858,0.7306103222481861,0.5377794965840604,0.6684538744367491,0.5073352251774634,0.6653134355184422,0.5079265918358244,0.6640218002014119,0.5160695922813132
1,206,0.6963095267481736,0.5008695460352985,0.6666120478220043,0.5078436690592737,0.726015416396863,0.5348629966250923,0.6696264820563457,0.5069018315515708,0.6638371135300409,0.5072422830454805,0.6650547279014836,0.5148188371978153
1,207,0.6973533269522344,0.5007970538973068,0.662156219004321,0.5071135692932963,0.7328305735294377,0.5344953864348908,0.6684560585385789,0.5066682813184361,0.6581130785594744,0.5066099683865647,0.6800439418211669,0.5136466938999121
1,208,0.6961122430878897,0.5007295453358843,0.6661177963508371,0.5064469237906358,0.7391447082660267,0.5317492648750501,0.6631850833770729,0.5065602211620707,0.6578819641740967,0.5060266913070725,0.6941729953798618,0.5125505234540654
1,209,0.6929730186960606,0.500666844010613,0.6674490354219634,0.505839012216072,0.7462575330202578,0.530939982989745,0.6589479608918654,0.5062706007881139,0.6535843222452988,0.5054895371111161,0.7020621092369167,0.5118919715982693
1,210,0.6923384954942067,0.5006087530095376,0.6684035186503845,0.5052853245744066,0.7618238114133132,0.5284499600590972,0.6508387302833142,0.5150552860506336,0.6484431019826085,0.5053286903089744,0.6982123622226777,0.513492595384884
1,211,0.6854418152591134,0.4976871592262692,0.6654744160796886,0.5045237933892435,0.8425991674032641,0.5323406624839816,0.6528523525046909,0.5054117337434565,0.6556464117319418,0.5053561637606891,0.7086595459832069,0.5210410042106256
1,212,0.6878688421174322,0.5009282193435302,0.6722491710775487,0.5253451605160342,0.7624976859865124,0.5269775577814825,0.6514919205265158,0.5050164681516183,0.6585194674322322,0.5048999402321682,0.7005461607318527,0.5209508944457266
1,213,0.6856318925841105,0.5008538710519509,0.6754238062210532,0.5235124095448818,0.7568520214674022,0.5248353140426454,0.6542231129395512,0.5041379400889813,0.6635315660856321,0.5137318048526983,0.7002302991896147,0.5199312128242817
1,214,0.6834926324020094,0.5007842916836801,0.678339207799255,0.5217679050573907,0.7504341537035222,0.5244873069801731,0.6553066309385196,0.5079343226059829,0.6639933664581291,0.5058640650156436,0.7271611546770278,0.5188292412539407
1,215,0.6802828844444682,0.5007193393100872,0.6802030238480771,0.5201133085581013,0.7457365330357373,0.5225458126797679,0.6552226668901975,0.5077711579033021,0.6659543448267248,0.5053964709105212,0.746119361824469,0.5173819312297921
1,216,0.6770544791942273,0.5098150319448735,0.6722278173544449,0.5001571885650831,0.7661705912935315,0.5209761479313322,0.6570129039975503,0.5073321748655478,0.6736752661164583,0.5049594336637292,0.7581989324479141,0.5169919615032541
1,217,0.6853334104679981,0.5009674100446901,0.6798408415089283,0.49510177153520657,0.7307568873867457,0.5396862382137302,0.6564865718073517,0.5072086150150736,0.6849737742477351,0.5045517375768405,0.7596824297235961,0.5156508184747032
1,218,0.6873685052579694,0.5008919155314887,0.6803307766164193,0.49530134973862605,0.7500297645747119,0.5368930012677905,0.6568262079658628,0.5077329608157265,0.6912215928816184,0.504172152058167,0.7658745076368646,0.5151400460908027
1,219,0.6858371650782943,0.5097735721709079,0.6775021117077544,0.4928516668537166,0.7520751593612817,0.5136919638194292,0.6545999310222745,0.5080173387297521,0.6971368167960427,0.5058326108833325,0.7714700384936419,0.5139300324596701
1,220,0.6834132636613531,0.5079901116575877,0.6721648996804184,0.5190695538704598,0.7715159779674875,0.536857823153921,0.6529035071347178,0.5074883498374604,0.6998651759922399,0.5062915017398785,0.7764713011741294,0.5127972168170309
1,221,0.6882073232532447,0.5017659907269252,0.6799421682505138,0.5366473666598658,0.771241886453646,0.5346754381700095,0.6484027219047586,0.5063248017306584,0.7058432624608384,0.5273733859911538,0.7517046057519564,0.5221978415007109
1,222,0.6900202352882399,0.5019177246709711,0.6778675284689463,0.5364652333701426,0.763508240950668,0.5337754281679372,0.6494386300124143,0.506661727527718,0.7020049134453558,0.5066409162413616,0.7891877081810917,0.5113822516529456
1,223,0.691811259043034,0.5017896441238672,0.675966704342837,0.5338442026854889,0.7791295440030069,0.533363170799387,0.6464567114313032,0.513843790613418,0.6997715440503365,0.5060524349429623,0.7917391305818992,0.5102601917565003
1,224,0.6894505947808443,0.5016662492568245,0.6721719219652342,0.5313413324263336,0.771992512085917,0.531057947543017,0.6487939621598515,0.506450468727279,0.7063457346063171,0.4963363993596691,0.7923884314781873,0.5101677600761018
1,225,0.6816060656304972,0.5015478766126181,0.6709305364183827,0.5303652523606306,0.7544456933617677,0.5288580070487506,0.6498028146907111,0.5059958222562867,0.7085482815099404,0.4965546328485458,0.7894473818992889,0.5093338450334808
1,226,0.6801486026787862,0.501434794395468,0.669719097239818,0.5280695806970951,0.7375921783500028,0.526764810009157,0.6502021829253882,0.5055697152286683,0.7101807912820243,0.4967715306785127,0.7961867401733296,0.50855753445786
1,227,0.6847843507174781,0.5013272016576207,0.6708936299123521,0.5282725885724392,0.7339705912456076,0.5259986467446011,0.6476517729645977,0.5090992882481672,0.7072962934037272,0.49584106701140124,0.7975642832124028,0.5083277414373089
1,228,0.6853534746540892,0.5018867075316898,0.6715009850569601,0.5260607808604265,0.7309118866450994,0.5250370178426752,0.6516919314525702,0.5053784658465471,0.7095223367900876,0.5068993299212691,0.7840587598923218,0.5081371791993217
1,229,0.6854686568341444,0.5019051261481321,0.6390150096408923,0.5239790156430975,0.7388234992692159,0.5232276116513237,0.6500529513308909,0.5141974356511408,0.6649854765739628,0.5068704452110079,0.7672561545857334,0.5079455859247288
1,230,0.6905673299579852,0.501779250663538,0.6121125157271978,0.5220262161272317,0.7566475044407789,0.5222397562413542,0.6600348566888303,0.5054973876313728,0.6298879379466339,0.5149892756321793,0.7453189852954045,0.5230195149986261
1,231,0.6944552556098691,0.5016586144136385,0.5855230277418966,0.5202001881272755,0.7724590351580114,0.5221801532287773,0.6557449574455403,0.5090134766030863,0.5983034823613148,0.514865148272542,0.7418846406434986,0.5079387191361864
1,232,0.6959867357107811,0.5015433342133035,0.5614249703520721,0.5184977858175239,0.7757436457534259,0.5206549548950432,0.6539263622988994,0.5084566879216409,0.5691559657843289,0.5138507540839821,0.73456575474777,0.5082452463019833
1,233,0.6951215381879238,0.5014334863294622,0.5553307087364076,0.5169150755387927,0.7900442427990768,0.5192087793626448,0.6562662036035747,0.5079191004441133,0.5563935437978982,0.5128745865616898,0.7227712271210341,0.5086447362933828
1,234,0.694165797347017,0.501329108728116,0.5644800852532454,0.5171032208798404,0.8026407326348,0.5178396263791288,0.6581454381342858,0.5073495553730848,0.5449366148035774,0.5119396770280302,0.7174324315427115,0.5080050255335685
1,235,0.687684160303162,0.5016496079671254,0.5739936096633661,0.5156770213776986,0.8033309871038742,0.5180386992756685,0.6575663610623103,0.5068100090514948,0.5411399464746891,0.5117910598984814,0.7128008998063865,0.5074018157117266
1,236,0.6893827479050747,0.5018742913123618,0.5823286687560698,0.5143518552191898,0.8040533139437812,0.5167658984394298,0.6498068321726135,0.5041610257608692,0.5460689198049891,0.5152013999079844,0.7330104425887533,0.5066930410969228
1,237,0.6884421776935093,0.5017406997510973,0.592909112086106,0.5131231169889603,0.8046809544707539,0.515559062047266,0.6551263612426518,0.5065661019275097,0.5522675361692425,0.5202110430139185,0.7207331576635296,0.5067474510701151
1,238,0.6889687451073113,0.5016133208641234,0.5994068036922772,0.5119860387449322,0.7929041676619005,0.5144168599506609,0.6549751005299215,0.5062320015906215,0.5632498897650274,0.5187161792244479,0.7249918362811618,0.5062426756551155
1,239,0.689051913347155,0.5063921443348594,0.6041750035923078,0.5064283131085212,0.7978393513208667,0.5132779690369061,0.6507466205116967,0.5140716233145864,0.5711930710774819,0.5184287543803765,0.7278930277762435,0.5054971972900382
1,240,0.6886835919905264,0.5015956095006083,0.6151357940246566,0.5099673928816039,0.7693950950800781,0.5347320119394727,0.658379449766591,0.5054251498194152,0.5787240604241225,0.5253255067349335,0.7364986006791108,0.5053219480876602
1,241,0.6845845829083528,0.5047060929321506,0.624002876808975,0.5053742772021037,0.7962546623176888,0.5142327357306503,0.6585082446210655,0.5054611574532712,0.5888603862711284,0.523421050230969,0.7443459793041707,0.5053023443329162
1,242,0.6883382331840977,0.5013730136362925,0.6276771559237531,0.5082569765424266,0.7828796863808792,0.5429749066695048,0.6563803650430293,0.5052816339604963,0.5997954804287775,0.5231435033952151,0.7508500556786771,0.5049093098516996
1,243,0.6879840588212476,0.5012701421076299,0.6328975740335898,0.5075054233411403,0.7967934069476301,0.5405398506831988,0.6540587339469236,0.5050072752976229,0.6078621925960747,0.5213724071364622,0.7618425367805713,0.5045399153909416
1,244,0.6900330445324317,0.5011729025564315,0.6359878736782877,0.5068168374953513,0.787709385673315,0.5391446577503556,0.6520353094367414,0.5149342902565991,0.6122265559960509,0.5209809722661342,0.7627704354383865,0.5046371330956284
1,245,0.6917523486660324,0.5010812573991831,0.6383438787661111,0.506186806942013,0.7900711472164106,0.5374770840012555,0.6498751766443018,0.5096026030891366,0.6152015333103458,0.5206560397122386,0.8094922269064598,0.5153940046248554
1,246,0.7002379420458221,0.5010213381008203,0.6354023325259953,0.5049108036125785,0.7544253337237665,0.5645142978567441,0.6574917123277028,0.5040023585190424,0.6290145645011571,0.50727815956359,0.788135973475187,0.5222056414766592
1,247,0.6981060668622554,0.5047605790980547,0.6421383367926344,0.5050856571171385,0.7820342396455109,0.5355866935953493,0.6572705637677679,0.5037067492699506,0.6382775082434091,0.5065481431350399,0.8002025438187752,0.521708326931106
1,248,0.701014588361677,0.504419895977208,0.6456814605201278,0.5064365043580635,0.7846789184119676,0.5343827681517684,0.6497807657288911,0.5107318881575911,0.6444876958145814,0.5055530627337183,0.8084113199643954,0.5227417969410796
1,249,0.7018399942627359,0.5040947138361922,0.6487276189019453,0.5059112793907905,0.74314050644629,0.5336955655503581,0.6542839180168836,0.5042384392338406,0.6548271848187013,0.5076010905406384,0.8007455193780136,0.5293246702638217
1,250,0.7027326333456823,0.5040585979013612,0.6514672457888683,0.5054233339534739,0.7380898026118469,0.533298805003965,0.6503851052833471,0.5039323537446622,0.6631763258460643,0.5069429439452566,0.8066172586442346,0.5272294069322054
1,251,0.705801672405453,0.5037561245588734,0.6540528073100188,0.5071445198670078,0.7125347909856475,0.5311698649672182,0.644859049050691,0.5036429041918978,0.6670894579713816,0.5063369770207479,0.8025221884683053,0.5256521442624027
1,252,0.7059180249449098,0.5034693999095887,0.656685391237664,0.5065906666465537,0.7109350289676089,0.5291116635533536,0.6419387931840486,0.5035409911320557,0.6725302900531595,0.505779637218081,0.8037274567196047,0.5237504306640556
1,253,0.7026931985087177,0.5058268105980118,0.6532904137828603,0.5070818663262723,0.7389591631797843,0.5311252581240872,0.6438550748383536,0.5036747643957019,0.6784873992724554,0.5052675279271645,0.799847234268677,0.5219479879917633
1,254,0.7097695702463613,0.5031508601598751,0.6551327281300606,0.50558320460723,0.7243459007589106,0.5488745760733619,0.6435602569943217,0.5035580466417624,0.6803603053641109,0.5047974226088082,0.8011398659946123,0.5202455182751848
1,255,0.706190824292557,0.5100278689818911,0.651697526520476,0.5059810046516094,0.7261946033852428,0.5519134308748502,0.6450168099365474,0.5033219894653049,0.6865243235718312,0.5049414202691836,0.7975274891286834,0.5186427665489359
1,256,0.7109206782390186,0.5030773885628553,0.6556143271993966,0.5047024552166607,0.7378714026093548,0.5657682477092453,0.6444583959197644,0.5030970506284663,0.6915090358610696,0.505137117369217,0.7895096611688451,0.5171386199732618
1,257,0.7120281091404248,0.5028348614772299,0.6553306901711513,0.5043067856168114,0.679488933591917,0.5610984108837586,0.634384662190209,0.5103593928247934,0.6961047513351577,0.5269000319310929,0.7078442629344481,0.5122304570321712
1,258,0.713537648262319,0.5026074100466251,0.655498584694163,0.5039393048978464,0.6268921788816492,0.5566394376935151,0.640777403957738,0.4989013092587779,0.6971541658496193,0.5043700643651035,0.6716512801480197,0.5232733427211773
1,259,0.7149671628148092,0.5025841492199516,0.6602529868052874,0.503598739224265,0.5800735553512704,0.5523986237223869,0.6363553591073525,0.4991289183184301,0.7051618289214455,0.5040248167522831,0.6193006162671232,0.5216078865824412
1,260,0.7160182893795379,0.5023832104993372,0.6639579725985204,0.5050621441431994,0.5376192134237344,0.5510225975861284,0.636316222699006,0.49906164483059134,0.7088278473587917,0.5045328582048468,0.5715897099837075,0.5206289805982087
1,261,0.7149595803758733,0.5021950672137253,0.67066814941604,0.5046886288737037,0.5326346662097632,0.5471574587371894,0.6400206695104683,0.4988648423663188,0.7077967125974398,0.5041905773506477,0.5532922543558177,0.519988127995537
1,262,0.7067841653884279,0.502614907977257,0.6688917539739881,0.504562400473101,0.5277438774370811,0.5493647694493418,0.6381291465561735,0.4991120938061218,0.7070161733767891,0.5038685386768067,0.5743245997731914,0.5185375363507433
1,263,0.7098031050938846,0.5018552003721929,0.6737358946293907,0.5252186157662938,0.5504697849811648,0.5412207364255579,0.6397810192468665,0.4997582947480539,0.7063045630667194,0.5051817395488767,0.5976569369900052,0.5171622347116283
1,264,0.7094397038445784,0.5025361831862634,0.6721984511834876,0.5234590560539665,0.5765841077985281,0.5406233733377325,0.6366935583421165,0.5026326063188049,0.7001188217334305,0.5078273474616936,0.6199370285351519,0.5172736805530732
1,265,0.7088665836011047,0.502531711784994,0.6784084213267817,0.5217722860437989,0.5994472652538994,0.5391930367549086,0.6404928016757651,0.5003868533345843,0.7091741202256653,0.49802801864482327,0.6410792620628218,0.5149696919328047
1,266,0.7053621299134915,0.49943244373299683,0.6746093749256603,0.5223597919045594,0.6725580539445283,0.538981820474923,0.6400585194888182,0.5010126845415565,0.7120884774772968,0.498160237024574,0.6625027507083103,0.5138166366488623
1,267,0.7104125238152954,0.5023088064801136,0.674717944457507,0.5186322496880605,0.6423849409208684,0.5555322816309466,0.643935242527817,0.5010114044919873,0.7110606259498233,0.49829499161337826,0.6776187232156053,0.512733393460175
1,268,0.7118507292395901,0.5021421108299116,0.6730059760847992,0.5171838268592406,0.6489277333547668,0.5521502842581881,0.6473195313769975,0.5013812505180353,0.7098387322425441,0.4984294092754093,0.7006093321637662,0.5117181443517063
1,269,0.7167189983155559,0.5020371070404983,0.6657161666186703,0.5138408721706792,0.6449473478548808,0.5940718866466332,0.6510447760868205,0.5009525774063418,0.7127987040673864,0.49856114027142273,0.7157843915014173,0.510768810565598
1,270,0.7107815610269314,0.5059648404057605,0.6668499303365211,0.5145346659825055,0.6912170179869391,0.5455074524567649,0.6515668835555946,0.5009537523942005,0.7075544511436096,0.4986883288413647,0.7302778556677647,0.5105462367924536
1,271,0.7124273756061792,0.5055496472514769,0.6638725060046275,0.5133330238630884,0.7137602325482659,0.5453877208994876,0.6543165909446357,0.5009479978453824,0.704878176452031,0.4996594556213945,0.7430796371605956,0.509698167803886
1,272,0.709893347175637,0.5055699545404126,0.6648915098173215,0.5122114718616332,0.7231302765028199,0.5440608042053096,0.6592347693850236,0.5014755439095513,0.702232154058292,0.5000670277542348,0.7497635476310256,0.5089066339981632
1,273,0.7023054671391803,0.5100666402976755,0.6621386348366554,0.5130695440332248,0.7375356953920497,0.5478220336475573,0.6571659253966253,0.5097443901316959,0.6991102737305118,0.5007032846128124,0.7516358200276909,0.5098988361994427
1,274,0.7071392624916469,0.5047773440919535,0.6674386322965341,0.5316101807459858,0.7473407705555052,0.5385298235799947,0.6678281352038831,0.5016197892983668,0.7001958497577571,0.5095661609225653,0.7316131718821646,0.5334327118230744
1,275,0.7089291334178198,0.5046601320318843,0.6682866576767734,0.5292381391500209,0.7642685951658399,0.5363231421433257,0.6627223640170682,0.4978520918588551,0.7065558312430686,0.510690514877553,0.7380181329376501,0.509804112805967
1,276,0.7106259575904496,0.5043074261967928,0.668966206215628,0.5269925918215561,0.7692524556616138,0.5337389953040859,0.6642555571429248,0.49805300728492147,0.7058965523536024,0.5100726562811273,0.7409503392203636,0.5090406007746318
1,277,0.7079920331274442,0.5103915642076932,0.6650363893603872,0.5090254598752479,0.763083145894431,0.5370758568293573,0.6657540049905176,0.4982394978406009,0.7081817960050595,0.5094649370617221,0.7574762578591608,0.5088325636069959
1,278,0.709696236582711,0.503660530946081,0.6709673715536989,0.5383784716269032,0.764724041124084,0.5294910782476954,0.6669588245462096,0.4986004703510624,0.7072875615185447,0.508870535174288,0.7625116545862916,0.508153042716882
1,279,0.7086158190658016,0.5033660128782574,0.6735698147507866,0.5359218954033148,0.779766306742288,0.5283662261136131,0.663430449903744,0.5055626488127823,0.7014349492995792,0.5090733244570422,0.7623117953601277,0.5080164743499408
1,280,0.7103122556566223,0.5030903312285218,0.6719729545037156,0.533548904160262,0.793547853745725,0.5267240707648175,0.6678274540990564,0.4988094728655163,0.7062432228905994,0.5080302914020294,0.7665557879389803,0.5162932955995566
1,281,0.7059192439157933,0.5177568044978051,0.6636554948549166,0.5070538456852436,0.7919219364315493,0.5253489382487005,0.6685744375404042,0.4989422417355181,0.7072939187444686,0.5074929202699999,0.7759032904105457,0.5168484810883056
1,282,0.7131974340777734,0.5032534047457158,0.6692902968862479,0.5392682501319042,0.7917071311302156,0.5447361078327727,0.6696999144820307,0.4989719661084579,0.708160858715869,0.506976285646519,0.7747039529042082,0.5163423467906123
1,283,0.7143830117018989,0.5085537353476512,0.6658691331963682,0.5068704033444551,0.726831152364921,0.5489450509276613,0.6700052653444453,0.49908109704502196,0.7092661076355865,0.5064816698001708,0.712186991342011,0.5163643498964413
1,284,0.7129625155038896,0.5027881960399687,0.6703519823685666,0.5422163873956535,0.6768812119663935,0.5392615926365355,0.6690361608839183,0.5011848915935527,0.7153905656838406,0.527303691216585,0.6434701729648288,0.5152620042283109
1,285,0.7121892745229038,0.502575957001175,0.6678147661955229,0.5400633224523073,0.6339275305588036,0.5366680679794101,0.6722070211683807,0.5041357337860538,0.710358868166017,0.5062852477977265,0.6422799006988004,0.5150129669567995
1,286,0.7133311350851076,0.502530020439251,0.6631436048294191,0.5379338662379219,0.6195820666265783,0.5341773220260227,0.6695026155465225,0.5086944927041892,0.7059910407182617,0.5024806637704263,0.648325857840741,0.5144951654677105
1,287,0.7128678859751758,0.5026911740253238,0.6609110193340777,0.5358344217368234,0.6181094839584853,0.5317933838163585,0.6705512028239947,0.5041573519053674,0.7114466445577874,0.513055445377136,0.6591038203226897,0.5135220446348425
1,288,0.7101013368264121,0.5024969786648359,0.6606782810501133,0.5337716627794141,0.6147263678252779,0.5295192767335164,0.6688502563365543,0.5040443645252187,0.7143067570502757,0.5122396688069721,0.6650244170457792,0.5124800273566502
1,289,0.7057008897391136,0.5023133658137907,0.6584530756410385,0.5317523384661335,0.6349106882299261,0.5273570130238259,0.6672291021785135,0.5036945679180409,0.7170355096115509,0.5119730431252756,0.6795745943041928,0.5121766245102222
1,290,0.7019288666064396,0.502140073580294,0.6546032156212228,0.5297830766604853,0.6524334772173991,0.5253076178598478,0.6658658466413448,0.5034313801788123,0.7172296395938792,0.5111896461376312,0.6929134594078433,0.5112299538808995
1,291,0.7041452137069714,0.5019768327077557,0.6484935413218853,0.5278701962332734,0.6682609545025127,0.5269246755769912,0.660607498440456,0.5107957666543427,0.7079144994122374,0.5107723657549867,0.6786007007679532,0.51200869562641
1,292,0.7008753450393803,0.5018233637139544,0.6436641622548683,0.5260195368650603,0.6932469876373436,0.5249164248857859,0.6596617527173617,0.5024459335122906,0.7099401627734139,0.5097000227993245,0.6837267888438379,0.5202666563103148
1,293,0.7039127949949917,0.5016793746635618,0.6423205640407919,0.5242363137025908,0.6933551599838047,0.523882616395765,0.6547656836779298,0.5022415300114965,0.7119316482303817,0.5089992554082088,0.6775154180434129,0.5187731606326648
1,294,0.7066745464327173,0.501544559721654,0.6391200155206832,0.5225250021895101,0.7041075175176754,0.5220934728825739,0.6564625738626648,0.5017608889133328,0.7101551001952504,0.5083305469177097,0.6910863871203128,0.5173569594098146
1,295,0.7070973213909668,0.502057773976646,0.6408305722846658,0.5232032340130198,0.7147593597359668,0.5204075779939189,0.6539991816489872,0.5017628442491214,0.7132554172956178,0.507695240259917,0.7075133241861061,0.5160184429406893
1,296,0.7073012754651798,0.5019067424212468,0.643416554557536,0.5214916053157488,0.7238038880918155,0.5188226673935308,0.6518358410867874,0.5016070278454139,0.7121718451016903,0.5070941742000921,0.7129587040604894,0.5147573633811615
1,297,0.7080395932587252,0.5017640686264897,0.6446714356550448,0.5198653275276929,0.7325164993970795,0.5173360623176035,0.6539492053746164,0.5015934210408632,0.7093140870508475,0.5065277261876682,0.7133886441932084,0.5135728817841962
1,298,0.7029121578595862,0.5046593593610531,0.6406632876516957,0.5213803672325615,0.750138284946768,0.5187521276464704,0.6562344015188603,0.501704651417868,0.7088691671300722,0.5067492276288063,0.6996153993888118,0.5133319352130413
1,299,0.7100186861160483,0.5022369984435331,0.6457077784714258,0.5383029599655281,0.7437582795375736,0.5168641416733813,0.658631299467884,0.5018629456616079,0.7116060491117281,0.5062182058582274,0.7165724517337335,0.5129979640851828
1,300,0.7116473949485731,0.5024923735276088,0.6467577014592142,0.5354609385158483,0.7615804650507504,0.515609566887696,0.6615041596212289,0.5017278077633957,0.7117147413368062,0.5067607529727784,0.7358644172762155,0.5119527543866614
1,301,0.710798818127745,0.5026494002108673,0.6566254067787772,0.5327632113696678,0.7667817305049069,0.5144298345164116,0.6565457719551883,0.515997034320889,0.6974730579574722,0.5070961675886952,0.7481932470501681,0.5114921113406327
1,302,0.7105764846974906,0.5024576047804936,0.6607590908162423,0.5302121317397409,0.7712331109002474,0.5143165111009267,0.6644016084282205,0.5082840205275444,0.7018733321475912,0.5071964105235799,0.7635586353970574,0.5007329531525434
1,303,0.7101567724340231,0.5025063227374671,0.6628560304700581,0.5278084471045695,0.7751693365210608,0.5141772527776414,0.6557789775947795,0.5018245062567662,0.7125549128952844,0.5377242465077058,0.7516183152028032,0.5014370628028518
1,304,0.7098296632616017,0.5025490002793322,0.6624888107461403,0.5255514343854318,0.7892441008455425,0.5131864338959743,0.6615068428996314,0.5059777778143517,0.7111047539616714,0.5193031210645245,0.777363366441171,0.501287761079485
1,305,0.7072898532065646,0.5104609539215614,0.6608861822220362,0.5177254008044233,0.7981016598652539,0.5142911285552337,0.6630455413077524,0.5057418868997025,0.7147331069665844,0.5180746031083013,0.790827137156537,0.501082591348961
1,306,0.7184886185927344,0.5019833470087499,0.658118119057083,0.5340751050087633,0.7739905695070909,0.560851238362647,0.6645381819064669,0.5056060189098395,0.7155774238334615,0.5168867322514229,0.8032341113644738,0.5016255178315019
1,307,0.7144776189037307,0.5058931045723793,0.6656178440323594,0.5361057477385979,0.8222024057760705,0.5113758196950078,0.6659895379979253,0.5058396833295526,0.7105311118437604,0.5157423819015101,0.81005870704754,0.5014468162960046
1,308,0.7157526291615258,0.5054763222159152,0.6688719581813886,0.5334809737897804,0.8316696761225159,0.5111956043975684,0.6679214062732209,0.5055562700964572,0.70562382142465,0.5146440228029342,0.8204395801459576,0.5012892029618877
1,309,0.7127011484253583,0.5050779514628273,0.6720795709089699,0.5309841669130847,0.8401890817391254,0.5115756284774724,0.666470650379836,0.505860480427463,0.7012419472173608,0.5135936821769774,0.8205013015829943,0.5011500749814848
1,310,0.7104556695570082,0.5046987083235519,0.6749906963540431,0.5286177425529793,0.8479812048652251,0.5108576207896506,0.6653028824057357,0.5054441578463496,0.6952890009828555,0.5125929164456513,0.8207396662643855,0.5010271260026133
1,311,0.7059774823005184,0.5043390749935389,0.6788285701628235,0.5287637365859318,0.8436382245449865,0.5101696903053173,0.6642768479065102,0.5053659365553261,0.6941895352649475,0.511642798440792,0.8207682694497979,0.5009183268179783
1,312,0.7037638473122733,0.5039993088362339,0.6829400496692107,0.5288191679173551,0.8400021163176955,0.5095109863418246,0.6638014005990951,0.5100436478345544,0.6946473960570074,0.5118272828392982,0.8337945428642924,0.5007104510020857
1,313,0.7018187472232953,0.5040580336285228,0.6806166877197081,0.5265321470696108,0.8368770270848758,0.5088808830642011,0.6625628218161247,0.5139788731385916,0.7014579588308535,0.5220211269661302,0.8204949696733386,0.5004109948005858
1,314,0.7023946905504657,0.5037354892655218,0.6783016323591001,0.5243849814909394,0.8448055530756482,0.509315103230081,0.6636744753734425,0.5046029233310847,0.7103648017963216,0.51918349665526,0.8266104022265202,0.5100351954185882
1,315,0.698010796563044,0.5129742580138548,0.6706601368089651,0.5240461554223186,0.8466003697035394,0.5059193437114206,0.6595640479144245,0.5133032336125246,0.706180798258249,0.5189287150318309,0.8293504538091564,0.5098962706230812
1,316,0.7012514763809438,0.5031492914384875,0.6728486129233109,0.5205001318382833,0.8571962296522556,0.5295612387706747,0.648647187159152,0.5254051404074855,0.6971393789380181,0.5188212912017033,0.8483842846844994,0.5126612139194493
1,317,0.6977103288074146,0.5028848900134504,0.6753283384938152,0.5187551184743071,0.8522297545718959,0.5283934028801895,0.6626934916588344,0.5041977067929847,0.7117996139690019,0.5211225853499207,0.8428360417043959,0.5110009502734382
1,318,0.6946555925134812,0.5026389002516691,0.6756260887710125,0.5171355960611331,0.8477143789210512,0.5287256922970974,0.6613264294814933,0.5039037716659722,0.7169872289544386,0.5193001385909285,0.8453641371130199,0.5112412850559479
1,319,0.6924113845394044,0.5024106505711066,0.672385445236678,0.515636271438365,0.8438899659415178,0.5267224615794065,0.6651730754064634,0.5036257699564306,0.7154210549080166,0.518640191790953,0.843284361190212,0.510435752765987
1,320,0.6935394100747164,0.5021993906246194,0.6695089982367559,0.5142514514967668,0.8403069262112322,0.5248065245251504,0.6636636861861187,0.5033632426610988,0.7204888946873831,0.5176671458754155,0.8457417590408558,0.5096681774293963
1,321,0.7004761345022404,0.5020043117844429,0.6716994474963698,0.512975168588141,0.8372282078154434,0.5229810838279525,0.6645951508321917,0.503382447236719,0.7187869344933224,0.5161075255974598,0.8481851364146591,0.5095930205421537
1,322,0.7035812827897028,0.502174618767148,0.6721363233868539,0.5118012935545873,0.8344567078307888,0.5212482949271549,0.66594124539725,0.5033068089042327,0.719455887873673,0.5146622444103168,0.8454345592053463,0.5098148843271606
1,323,0.7079825820897717,0.5019906570609441,0.6727458869474017,0.5130007398362043,0.8426375922760717,0.5196093090237472,0.6671842633630206,0.503854007105664,0.7199636080380802,0.5142802327383453,0.8430188337727003,0.5090842769572381
1,324,0.7079954375687777,0.5021745910183254,0.6732413277749525,0.511864293476648,0.8498041554671115,0.5205931679208012,0.6687940778612615,0.5036033696276317,0.7161695914820608,0.5140335604573149,0.8404386075851488,0.5083921118860947
1,325,0.7056399984323748,0.5019976143508582,0.6774879345455139,0.5121151276494552,0.845648171720082,0.5190777417335302,0.6732432465055599,0.5038096098555759,0.7166744744127143,0.5127753648915335,0.8337846433866088,0.5087534468214235
1,326,0.7037903791640772,0.5018326446852667,0.6780084456078809,0.5111172587708207,0.8420377020109332,0.5176444421344472,0.6739376053095701,0.5035492472490332,0.7217952507960321,0.5116164354616436,0.8232226886909355,0.5081197443266607
1,327,0.7037166364390044,0.5019294746507302,0.6815101857718342,0.5101920581598057,0.8385222299362696,0.5186625866561277,0.6746907735832893,0.5033012023308009,0.7200954037149156,0.5105514637881144,0.8178873802701988,0.5075193611344977
1,328,0.7038975776213936,0.5017794894948948,0.6834697439921651,0.5093351648776335,0.8246440626507763,0.514777610471472,0.6726117071152732,0.5034296678229806,0.7184227739323406,0.5095749415135034,0.8180943678746547,0.5079375806610108
1,329,0.704279536667048,0.5016390402815186,0.6845200273380575,0.5085424089661589,0.8228593091164197,0.5148247517077512,0.6691623997325338,0.5035829716456761,0.71648113239526,0.5093536370071375,0.8277296648749362,0.5082991162823857
1,330,0.7035895953655945,0.5015077358679474,0.6846072496713038,0.5078098115214981,0.8215463115677524,0.5137007592692426,0.6682006241660331,0.5035565590650992,0.7130434110407408,0.5085127982556152,0.8316544775113791,0.5084393735320589
1,331,0.6985005335013106,0.501385188153286,0.682140251572491,0.5071335807795545,0.8094581273148777,0.512643249084692,0.663172195698599,0.503307423893534,0.7099514520927162,0.5077418047151965,0.8390595483948842,0.5083581495789746
1,332,0.693081628969922,0.5012710110968929,0.676148645141831,0.5065101058430403,0.7986113082153391,0.5116504450722636,0.6585318133420932,0.5032331014689508,0.7070876238382859,0.5079053203017692,0.8420021846446858,0.5077957272244453
1,333,0.6900812561273303,0.5112247432686198,0.6678645642811991,0.506901503727026,0.7822902515314368,0.5136120693184912,0.6543716380760703,0.5033269232051181,0.7047076733066602,0.5072117998841318,0.8389643780852667,0.5077015337346934
1,334,0.6988447243312012,0.5010662317984429,0.6713237169270367,0.5268262244744466,0.8102708328165998,0.5098509723007912,0.6486225498555553,0.503096583933457,0.702869094098008,0.5065738795956886,0.8374544165632981,0.5071837426448703
1,335,0.699799532206378,0.5009748643467974,0.6725028137745349,0.5248647503807885,0.8209841317052338,0.509039945159529,0.6403925747502737,0.5024543632443671,0.7114738761709646,0.5304099617292454,0.8214281316668175,0.507659748607888
1,336,0.6986053912825828,0.5008903380569807,0.6730401925313969,0.5230008948586382,0.830248024926146,0.5082849531675248,0.64597752763408,0.5068949253311735,0.7060156147561121,0.5071299985375599,0.8476303429743686,0.5072568967494994
1,337,0.6979041282465099,0.5008122764372757,0.6715043559094728,0.5212359381859354,0.8282268308888491,0.5075835522870159,0.6457821143857022,0.5064149309787801,0.7085657162302254,0.5065427475026766,0.844826128826879,0.5068060532868454
1,338,0.69615106995602,0.5007596844863087,0.6751689043239859,0.5666233768735919,0.7853723796883071,0.507260414230595,0.6474611302695731,0.5063824545698036,0.7086577601097656,0.5059971055385224,0.8515828779062287,0.5063727390658856
1,339,0.7011604010451109,0.5045202189971594,0.6713131602059751,0.5201123506866089,0.8135226312699181,0.5093404321199421,0.6445668819814413,0.5163155236448785,0.7039664468064009,0.5064968955027997,0.854688186251982,0.5073147230569117
1,340,0.7017470786165446,0.5046214431921033,0.6717429480047219,0.5185017843042996,0.8130054934682338,0.5086689030670472,0.6516479826355321,0.5057811225479284,0.7062893893021863,0.5145390068221823,0.8625660839094123,0.5080717870174202
1,341,0.6982394760497448,0.5042812466674834,0.6724217704938087,0.5169917257024049,0.8126991734794201,0.5080328942183625,0.6520104451221972,0.5059531185297179,0.7043899763684461,0.513497446363142,0.8678879999073272,0.5081776626631151
1,342,0.6970186437449709,0.5039579972758593,0.6725126422969387,0.5155802304272481,0.7904479040449733,0.5074316836317212,0.652778636712657,0.5057302721972,0.7023781121177483,0.5142067011255961,0.8676296478193386,0.5076437396939961
1,343,0.6968909339921207,0.5036519995343013,0.6769837866527789,0.514264698467885,0.7706350533992482,0.5068645418363241,0.6491521906764376,0.505741301156322,0.6987976375723269,0.5131712525091996,0.8723183212751866,0.5071292450469345
1,344,0.6960564394087458,0.5033633768044082,0.6775027043162272,0.5130419758590553,0.7638952665412456,0.5063307052841076,0.6478828367526228,0.5054835814021276,0.6974600521457465,0.5121876619340511,0.8766245813557892,0.50663523807013
1,345,0.6948028114919309,0.5030920827484493,0.6833405478709017,0.5119084578638484,0.7685267337034586,0.5058293558717757,0.648936043515299,0.5050763640396345,0.6979341604923506,0.5112564041366067,0.8804417783654909,0.5061625990962284
1,346,0.6872444411083599,0.5027422255647009,0.6467435636934866,0.5111143581137703,0.8056360070358738,0.5061919069449622,0.6503915122108122,0.5154677119931794,0.6548534626290827,0.5047478324471825,0.8774795684923687,0.5053750407425484
1,347,0.6845240338110867,0.5129179639486516,0.6179975836689576,0.5109160623426899,0.7350604137837901,0.4807351362250793,0.6542836557106835,0.5048703573251727,0.6233598095863006,0.5095507483693077,0.8727997934645549,0.49642387451610454
1,348,0.6883762367406174,0.5023794981853962,0.5953561027557979,0.5301631035413277,0.7536282710050518,0.48455660341486523,0.6563023986547438,0.5045002904760004,0.5922350197415496,0.508775308183032,0.872385630724232,0.4966520363274377
1,349,0.6825792719034156,0.5021742373327794,0.5709336019949699,0.5279070321684207,0.7481144490443198,0.48717227288822584,0.6586887744351121,0.5041520624230638,0.5640917483768412,0.5080501724292895,0.866916702763156,0.49805598701774323
1,350,0.6826672099256077,0.5019841258151657,0.5500254141680129,0.5233242081628757,0.7430581105248824,0.4890737472020986,0.6582231859517653,0.5038251872265122,0.5382287594875899,0.507373987057549,0.8670668017669684,0.49823548624710323
1,351,0.6858777155923039,0.5017958061606813,0.5302057563599377,0.5194426688914139,0.7080894947060874,0.49493014545218417,0.6578213494488563,0.5035190781610019,0.5112612587515591,0.5067451388125135,0.8669741176061846,0.4988891537919519
1,352,0.681969105634454,0.505464876654585,0.5125677652654901,0.5197593260537992,0.744569271377384,0.4924685146308992,0.6593632591314101,0.503637544058403,0.49093361632012344,0.506161800865696,0.8669697757294896,0.5008362565399223
1,353,0.684663781671769,0.5050548354719977,0.4957054769415728,0.5181413131660414,0.7509654991567558,0.493180107973073,0.6549854798034489,0.5035662922681815,0.4717691474639003,0.5056219784064663,0.8623417393636885,0.5012431429101432
1,354,0.6847217559784584,0.5046668052958595,0.4776460783189108,0.5166299476823998,0.7565950882883803,0.4947119058429994,0.6535194336062583,0.504027420801739,0.45149713565621274,0.5061648855502595,0.8577768714065357,0.5012438608676897
1,355,0.6851052085568471,0.5043008064940933,0.4608623762100436,0.5152221752863185,0.7615474084666357,0.49821687360984207,0.6496589257945422,0.5037264311728307,0.4357945981739312,0.5071777570501125,0.8436582443624047,0.5016684591047468
1,356,0.6831016037354766,0.5039566839396317,0.4492203924919727,0.5161163086522569,0.7660526546722869,0.49862301342148757,0.6464494159361461,0.5036565173596292,0.4215211300133046,0.5066154483057412,0.8361417011674321,0.5030488543673932
1,357,0.6815863338499172,0.5040604409838172,0.4444448697247822,0.5147602668479355,0.781079255069424,0.49951331762894624,0.6415352241346687,0.503768320775402,0.4186422925233884,0.5060884477413484,0.8292073572816254,0.5020247677126309
1,358,0.6842286837669656,0.5037296575748488,0.4493261630458636,0.5135008375696658,0.7945520630298952,0.5002552510548439,0.6394094045479884,0.5141573345220588,0.4248464914220796,0.5063429610197347,0.8276732983718813,0.5016577684026614
1,359,0.6847664957436197,0.5040870175728566,0.45977773501712943,0.5123337965871431,0.8069876011503797,0.5005370464810067,0.6406852138053925,0.5084468387195308,0.4349768274394496,0.4956648368990862,0.8503157238592031,0.5025322400342708
1,360,0.6851837362836618,0.5037629801465844,0.4717553303119447,0.5112546895604505,0.8181333327465106,0.500772917082067,0.646058673067147,0.5034637442930594,0.4468005336760508,0.5055028046658234,0.8419508895798323,0.5023031854112092
1,361,0.6925565880623792,0.5034594665711501,0.48147170006263706,0.5102589115650187,0.8280059496295307,0.5026069345733276,0.6481688263248382,0.503214090276073,0.4678375044028543,0.5050567179755786,0.8446094853141631,0.5037427211046204
1,362,0.6921440643690401,0.5031758824555107,0.492585650775534,0.5093417785619421,0.8368435065435377,0.5026947150029735,0.6466644140670141,0.5034158235187212,0.49283500279062337,0.5046408369475157,0.8469725243025863,0.5035725360592943
1,363,0.689741362293995,0.5029115525080293,0.5064200642889813,0.5084985902537104,0.8444437102793564,0.5049960223463897,0.6478350204645978,0.5037773952424519,0.5092483183001374,0.504008066202897,0.8286172565232918,0.507918009829252
1,364,0.6877810528354222,0.5026657353460595,0.5172483158673988,0.5077246841891213,0.851658653434698,0.5073295928513673,0.6435594870851716,0.5074108695538236,0.5308988355967428,0.5038943328182703,0.8509356197511287,0.5038302409247527
1,365,0.69104575970065,0.502437637747086,0.5285796023407595,0.5070154813086167,0.8578636369152798,0.5075812642516332,0.6442955855877589,0.5073169516986126,0.5474790052312561,0.5035610242145729,0.8526463658459692,0.5043732458589377
1,366,0.6871106280003036,0.5022264281124152,0.5432158757281068,0.5063665233597636,0.8636079907729998,0.5073215384029969,0.6477992767099352,0.5074401563597808,0.5691110507601685,0.50325255347292,0.8538456694323023,0.504164473585353
1,367,0.6835808339256965,0.5020312489732384,0.5560560983455803,0.5076388166411617,0.8688796461719264,0.5070402669662897,0.6486039914329162,0.5074989247463837,0.5800840922630648,0.5029675820055877,0.8554887030053869,0.5046672454566983
1,368,0.6801701776172839,0.5018512284199117,0.5641305118908964,0.5069991268554204,0.7984880948775672,0.5067423070748788,0.649212496360714,0.5072163682623629,0.5899870348037608,0.5027047810904877,0.7859891854311083,0.5044224126288461
1,369,0.6751926577024365,0.501953731023044,0.5426655616948766,0.506407236327679,0.7349100503498568,0.5079161508822849,0.6476293889032801,0.5126541886554435,0.5564852772273242,0.5023157954907753,0.7223009959996778,0.5048093073185037
1,370,0.6706610989303777,0.5017921565712745,0.5233181032368883,0.5058601250713382,0.6773459345162242,0.5105581880893725,0.6537298887706386,0.5062282927096414,0.5325949988842303,0.5116154619296025,0.670516080988177,0.5050361351132179
1,371,0.668477843765246,0.5020665570442002,0.5120510294881053,0.5053549357039717,0.6259911608487868,0.5105083455072681,0.6502002458363696,0.5062976219404108,0.5200886057632624,0.5313633009483294,0.6124008736396438,0.49231272987952446
1,372,0.6710649923842847,0.501898735340775,0.5049848452279111,0.5048889634471657,0.6014583952990515,0.5099855081559782,0.657667781817246,0.5098889385141631,0.5160143649583655,0.5099566056180248,0.6112439660803878,0.5048329202875494
1,373,0.6726707515238071,0.5021697459591805,0.49840220770767246,0.5044596460621136,0.6005615683294144,0.5094626967207689,0.659684067095669,0.509748312119586,0.5225694315467265,0.5091913530572421,0.6085137642637727,0.505602644538667
1,374,0.6726751351298343,0.5019948776627563,0.502543706325282,0.5040645544031459,0.5997465924866187,0.5089434553468909,0.6618344973339892,0.5093703926323346,0.5324840909977282,0.5084692821773077,0.6152312623243753,0.505263015062624
1,375,0.6731499438253125,0.5018315734634999,0.510370609399686,0.503701384011708,0.6313920438932042,0.510168766263343,0.6633519917379873,0.5094601883122406,0.5454362687439152,0.5098737123092124,0.6259981960834641,0.5049315986770544
1,376,0.6742201415886032,0.5016793854369825,0.5245198285225378,0.503367947949761,0.6600070554127561,0.5095877052344661,0.6644782440284986,0.508982217430604,0.5606341397871392,0.5100163174291009,0.6407315967393086,0.5046097936745859
1,377,0.6716973113739259,0.5019650921198211,0.5356997447406616,0.5030621708939312,0.6852876884896373,0.5079961249496476,0.6679358458936653,0.5083385454766998,0.5692112812753969,0.5092283221005814,0.6540097495773334,0.5048584361633052
1,378,0.672851208262091,0.5018042789975448,0.5454219699302723,0.5027820843832522,0.7085005166653949,0.5075431238038725,0.6651496579090368,0.5077271858061785,0.5785029991666027,0.509510030473428,0.665749273428057,0.5045718083326537
1,379,0.6745669500488274,0.501654308274734,0.5565292571138348,0.5025258230319982,0.7184723207051765,0.5070978986384765,0.6606991387191946,0.5094059313109208,0.5888015119344926,0.5093893981219172,0.6821782130222072,0.503860003257135
1,380,0.675827342793302,0.5015147672004177,0.5664936339470156,0.5022916214789934,0.7275055307917666,0.5066625357345836,0.6552869547391841,0.5069862876269786,0.6082892043099664,0.5324177091366651,0.6783896683796872,0.5135287291970057
1,381,0.6765417686072074,0.5013852190460384,0.5711060879419797,0.5020778118377064,0.7354682378818856,0.5088647759747625,0.6550693786705379,0.5216350980810931,0.6106572356607194,0.5094257735328191,0.6920201154917994,0.5157181447954167
1,382,0.6780621408238208,0.5012652074818015,0.5804731736303146,0.5018828214284239,0.7429218670690803,0.5083769656460138,0.6588142285625423,0.5097372607619858,0.627444660514606,0.5175564513240506,0.706748271961528,0.5222048717541251
1,383,0.6789494456957049,0.5011542614493174,0.5886468576502327,0.501705170606186,0.7601925805986786,0.5089665304376128,0.6550745617615377,0.5092053007245311,0.6371363620931453,0.516251732441546,0.7175149838580965,0.5213253190564411
1,384,0.6833748267715161,0.5014777278327206,0.5977249352743562,0.501543470538463,0.775624179895445,0.5084785839828344,0.6551850882781406,0.5087968583965343,0.6476837121719656,0.5150155229604068,0.732838035372422,0.520234961629713
1,385,0.6875431032956617,0.5013542226945917,0.6072885359635688,0.5013964208287752,0.7897614063890325,0.5079959747637499,0.6536139614981715,0.5081398474031524,0.6572588374739482,0.5148397307854062,0.7464689918952606,0.5188032794232682
1,386,0.6893411516868939,0.501601535324294,0.6158693682047992,0.5012628069223283,0.8023361996250633,0.5075210774136982,0.6517661130017074,0.5075201808317544,0.6696742555704852,0.513676381720919,0.7588307459470949,0.5174368795429877
1,387,0.6862257738473942,0.5087745555766547,0.6168428764420679,0.5007768775585173,0.816656730087308,0.5109171491622624,0.6504100034954184,0.5069372083913835,0.6734091324411695,0.5125825643486706,0.7697378638970627,0.5164807976708516
1,388,0.6540610984634861,0.5013561691220302,0.6216050720794797,0.5010314402113938,0.8211596169842501,0.5313863147803971,0.6173495946528643,0.5071651155512937,0.6758631447308725,0.5134437074903921,0.7747549150802429,0.5156572389011913
1,389,0.6217106363762588,0.5104574763891434,0.6215318746321616,0.5010869374977885,0.8244192854728104,0.5332627981056864,0.6076859429562639,0.5066062857093402,0.6743650876656574,0.5123692814231716,0.7839326799547567,0.5147774211518791
1,390,0.613749823389823,0.5014202713283855,0.6250440692621172,0.5256461919593155,0.7955927141688703,0.5807103919498904,0.6011316468173014,0.5062555376276946,0.6788153095513089,0.5124018630413801,0.7967482815968563,0.5136807843247333
1,391,0.6083446930943052,0.5140611147574234,0.634012811338401,0.5001235663577298,0.8337155674157536,0.5408148948844286,0.5896993541296415,0.5057636414065664,0.6832174348125938,0.5113895082040991,0.8084241547712371,0.5126465787552621
1,392,0.6187160243832536,0.49776974691912185,0.6375045534136675,0.5433677472874949,0.8374693143707926,0.5462268887597146,0.5849726129323798,0.5151203699149053,0.684495462326937,0.5098214821053939,0.8151618775299974,0.5124518807552202
1,393,0.6244668070947619,0.4979323961317941,0.639790479928961,0.5427493913072541,0.8438297245101556,0.5429240083109113,0.5934712751334673,0.5051954272660673,0.6929550135215699,0.5186507761716588,0.8232592716928837,0.5107604597273048
1,394,0.6304854257580195,0.4982176676762249,0.6416038334694223,0.539707738038057,0.8499416173270218,0.5397744595909707,0.6001512813292151,0.5049024255802999,0.690021032324075,0.5179445880719737,0.8275528028275434,0.5099052690802593
1,395,0.6432997810873244,0.5079361368880013,0.6407020217994323,0.5227531713690753,0.8537198521753021,0.5429132663778667,0.6057227651344724,0.5140457187739339,0.6864515649335349,0.5174597236166065,0.8280839530488511,0.5101060089448093
1,396,0.6520110153399715,0.49887742810568797,0.6479541094331159,0.5486168329328953,0.847441832145683,0.5339516475168474,0.61281331523342,0.5045835893045452,0.6921156305463745,0.5255032993874528,0.8389235164115898,0.509775475204491
1,397,0.6602439312473514,0.5081641636992651,0.6515823808685377,0.5209993510749945,0.8508786356060233,0.5364954740321543,0.6190844630089032,0.5050491905353656,0.695546978184511,0.5246277863332648,0.8416282167843371,0.5099324242933297
1,398,0.6621218733187507,0.4990878321497297,0.6543981667229216,0.5513428901772874,0.8576446604320669,0.5297215916682659,0.6246377057318394,0.5046662898909868,0.7021273000108902,0.5227413364728267,0.8348487122910828,0.509163046018252
1,399,0.6645399779353316,0.4991808458278204,0.6235364389065655,0.5506589567234934,0.8631977251685168,0.529423086944408,0.6227829219298556,0.5045295570453181,0.6663600561511555,0.5424666341057559,0.8100294621924019,0.5107205544608595
1,400,0.6629002704062229,0.49963411567922944,0.5958000842128313,0.547600054761636,0.8689322412476768,0.5270943387899452,0.632347253476338,0.5081577272392431,0.6275128818854526,0.5192853148357944,0.823263484234864,0.5087322970480204
1,401,0.6613647141569468,0.49989613228386715,0.570847919942161,0.5446242939003555,0.8740048580966805,0.5249131285147678,0.6380674922885853,0.5075648576379929,0.5972645795048759,0.5177141976193667,0.8179558355104516,0.5096599176640509
1,402,0.6688559078339307,0.4999419361499787,0.5492908955930919,0.5417404751727667,0.8554978165923287,0.5228752462423186,0.6406106340975039,0.5174770441924108,0.5637784886300724,0.5169136397288104,0.8072190921365147,0.509866965309108
1,403,0.6751631700855492,0.500175681462196,0.5403034105008562,0.5389564240596939,0.7845217434866584,0.5209758219015164,0.6400337490742946,0.5067324233720036,0.5511887573023042,0.5159126334020594,0.7520423005110705,0.5191981522108553
1,404,0.6784784388464805,0.5002044038246164,0.5364454877344019,0.5362788944977658,0.72124227755465,0.5192094674368846,0.6417264082859433,0.5062182090281503,0.548222838373542,0.5153206604340066,0.6925769479031438,0.5178086170091631
1,405,0.6779768778427645,0.5002261093322496,0.5389065037927516,0.533713495317596,0.7182660956668233,0.5190811511521901,0.638065512346296,0.5060887636126008,0.548330045913977,0.532913248275248,0.6624719561636088,0.5168487653283229
1,406,0.6751376991244034,0.500241568489056,0.5474400389532471,0.531264642969061,0.72731964420149,0.5202969621930856,0.6462660544594104,0.5098481371606818,0.5489891099597998,0.512846619944563,0.6680975256821597,0.5152345103304785
1,407,0.6686958650277733,0.500251543656078,0.5577347024030535,0.5289355428295351,0.7347662453417858,0.5198041182245641,0.6437304864164967,0.5090252421528453,0.5548584828524173,0.5325580351922399,0.6644296475833993,0.5132226282007326
1,408,0.6609633436537231,0.500256774377038,0.569406976922891,0.5267281996463932,0.7415625021941813,0.5183274702544077,0.6519380852530474,0.5126007358712614,0.5540501011650757,0.5107177308522514,0.6779501253806663,0.5129369773050195
1,409,0.6562558109437453,0.5002579653081083,0.5781367874569876,0.5246434559394121,0.7372550729455597,0.516940434834554,0.6547020885744971,0.5117067698148583,0.5571342541434796,0.5117164019401568,0.6824428514291674,0.511427480281611
1,410,0.659408061446461,0.5002557767806619,0.5834387288145993,0.5226810556596679,0.7444658017747141,0.5170865643684811,0.6550969447473424,0.5110743802317685,0.5649446259802486,0.5107219582840758,0.6962631225419028,0.5105076760857702
1,411,0.6567595641101597,0.5002508179271404,0.5900541088656472,0.5208397292008444,0.7511870021763956,0.5158205910463988,0.651762828853555,0.5110347829929506,0.577060303409846,0.5100847622266877,0.7112323741504288,0.5097436351785454
1,412,0.6572789141450945,0.5002436422136989,0.5960955346979543,0.5191172950616479,0.7571357286132246,0.5146282728127315,0.6556785946267287,0.5098892700836218,0.5873292473812682,0.5183222730140247,0.704427871264237,0.5088449177476443
1,413,0.6582994732941464,0.5002347451530245,0.600265769208361,0.5175107730824066,0.7626403016246514,0.5135069955069665,0.657840009625725,0.5094630796297295,0.6003633690032228,0.5168885579434543,0.7151328352075506,0.5080981825940817
1,414,0.6592709835375782,0.5002245639195367,0.6044109026028203,0.5160165041945589,0.7672952487275904,0.5124542407334328,0.6586241785420401,0.508747478194629,0.6107535524004966,0.5155418446415414,0.7302628738734601,0.5084466067178204
1,415,0.6589993175912237,0.5014514510036887,0.6096774329950605,0.5146302719630971,0.7603878311616749,0.5126630829846558,0.6526751985129675,0.506447025960168,0.6213014040162185,0.5368677404199917,0.7293235956198963,0.5084600638974741
1,416,0.6641922233194893,0.5013577356734339,0.6143041768210206,0.5133474217839071,0.7543631454283055,0.5125014555076238,0.6566100328751207,0.5105779735809961,0.6250408550357751,0.5139615349238998,0.7516834264164709,0.5076020780014817
1,417,0.660993871898069,0.5126885568607044,0.6167755980150584,0.5047076337672121,0.6792816087888194,0.5160501145439986,0.6570408151809484,0.509839283894947,0.6347241291489754,0.5128099311410161,0.6920674827779225,0.5059107870060612
1,418,0.6762086681469092,0.5012089154710225,0.6233498024240202,0.5434197409324998,0.637952349029519,0.549046686468361,0.6570691102645405,0.5095329052789331,0.6434342535970399,0.5125443044867977,0.6391530858328927,0.5054032837694528
1,419,0.6766926565069155,0.4972466509958208,0.6308442078982665,0.5462595679069099,0.6070231725679532,0.5099812080528369,0.6574400152805491,0.5088385652606354,0.6516748885663141,0.5115063862927727,0.590854588982355,0.5053845146328714
1,420,0.6778125205380783,0.49743047779698346,0.6331006566732131,0.5430254993358821,0.5837339349930587,0.5092354420425778,0.6512300687913323,0.5095812026293342,0.6529831027534232,0.5124003349821227,0.558335325063461,0.5050052617516144
1,421,0.6782901762834426,0.49760785911739536,0.6394620103653452,0.542117808861389,0.5737154819007879,0.5085339894211365,0.6532554567753831,0.5081592602536281,0.659593643870602,0.510581210152663,0.5381558990447337,0.5148148673305168
1,422,0.6790663643959166,0.49777823146028755,0.6471109092085093,0.5390280671459701,0.5729950337897282,0.5078752302243343,0.6456557807620005,0.5083596197805729,0.6687688932722641,0.530524276772224,0.5407986631703855,0.5129342083088629
1,423,0.6762793956364166,0.4979411365481556,0.646414386600916,0.5373575391312021,0.5732628682519287,0.5072575750571034,0.6517106054938445,0.5116313885485259,0.6733987038438892,0.5097007975746009,0.5478009055781371,0.5127222487941828
1,424,0.6738497123413036,0.49846517277241886,0.6503986279449915,0.5345429885420647,0.5739604264173334,0.5084692540976271,0.6497312609928091,0.5111530075343349,0.6766253293458598,0.5099080236707946,0.555136666715321,0.5117562621292353
1,425,0.6711912856808395,0.4985910485370182,0.6554403627179511,0.5318794549169411,0.5865334821673118,0.5089799929251765,0.6482837156042561,0.5107675888932169,0.6830161542578816,0.50908242629853,0.5712673535948228,0.5122766824672514
1,426,0.6652842574247239,0.4991362160904534,0.6538362920153192,0.5293677171018983,0.6078077192559243,0.5094895806678834,0.6467875682813483,0.5095260569203743,0.689222064374125,0.5083148453234978,0.5917718315379583,0.5113506037658694
1,427,0.6614265364299846,0.4992166383693275,0.6527121949098988,0.5270070807354355,0.6271378876138026,0.5088891056999929,0.6477769709955931,0.509083267874651,0.6942568503814827,0.5076027235151767,0.609043449438433,0.5111709668228472
1,428,0.6570806738973889,0.5013307429956414,0.6461270982972436,0.5251055103721426,0.6547602739391627,0.5101004507333935,0.6487531698173999,0.5083864275970869,0.6989755585961221,0.5069434127162818,0.6308067953261607,0.5103213795489249
1,429,0.6589454445711098,0.49935811960906606,0.6470244659845726,0.5227299217039367,0.6439755122630922,0.5307421345458,0.6478848120794165,0.5083153310921708,0.7035869282406244,0.5063342039504801,0.6541498516291292,0.5095205098281987
1,430,0.6574717848308191,0.4994198797809967,0.6472459795685364,0.5208061108122093,0.6496191747734025,0.531468878899316,0.6410690012538557,0.5113879763209453,0.7022233283833008,0.5068957020980719,0.6821447406200412,0.5102628909575799
1,431,0.6562160732874256,0.5068453081725263,0.6431400696795899,0.5193927368810722,0.631584265974452,0.5294753997062759,0.6478295239346191,0.5071733408008864,0.713380558381524,0.5152963538387768,0.6924113800958369,0.5089921895286103
1,432,0.6627153822750982,0.499527313019275,0.6454791448291507,0.5151343841461933,0.6675375939067051,0.5506951655249169,0.650627466153848,0.5067013640870557,0.7145494066913589,0.5141460558000868,0.7097565534093997,0.5087741198710297
1,433,0.6676575485150831,0.4995737465280066,0.6447741688518712,0.5137645562059191,0.6808592851467543,0.5473190917202367,0.6531784612621078,0.5064075094704796,0.7181620119708103,0.5139642580603713,0.7252776468699889,0.508088358989026
1,434,0.6716086516788022,0.499615821302003,0.6460368203084343,0.5125061814834616,0.6938578979441719,0.5440714467416281,0.6529425552547881,0.5059105791780883,0.7209225890049678,0.513867442614457,0.7348154990132424,0.5074454900368679
1,435,0.6707929399250888,0.49965389442808306,0.647853281652482,0.5113524546268613,0.7055641286179402,0.5409599826000313,0.6426504377890666,0.5198486609347253,0.7084270009929525,0.514266143459416,0.7361662208770803,0.5084981798684518
1,436,0.6706845036137203,0.5000177728958197,0.6473806677079071,0.5102965682643814,0.7161065681753787,0.5390743093370199,0.6467823375987108,0.5050124601046271,0.715922334559746,0.5224532945396847,0.7485883789698916,0.516388896532903
1,437,0.6722034248338529,0.5000327445526291,0.6482901162160289,0.5093318055492465,0.7256702917915091,0.5362354562593284,0.6455233435713312,0.5049164090088726,0.7127796705349551,0.5208074852896613,0.7555835851917695,0.5172170316597879
1,438,0.6713635475783317,0.5000443148792414,0.6529869196684656,0.5084516149971778,0.7329090587761595,0.5342948823031677,0.646755140764385,0.5050627556529076,0.7098537397949837,0.5192439828779283,0.7575776586200661,0.5164324436638477
1,439,0.673268314788619,0.5004803043884367,0.6592805652423211,0.5076496690199511,0.6753849344269192,0.534127341302587,0.651419536476254,0.5050053076896296,0.7110164396413915,0.517763963346457,0.69745644821821,0.5152113778066187
1,440,0.6766730201741834,0.5004569735616927,0.659343921431731,0.5069199078368574,0.6328278925010482,0.5325014766051045,0.6501608391666587,0.5046521153316508,0.7145476531129227,0.5163677937906094,0.6716224316170785,0.5150881082236466
1,441,0.6757752423464952,0.500432694393795,0.6611444388966304,0.5062565705818731,0.6177111775342295,0.5314445861994294,0.6495953013553349,0.5043195014854183,0.7152706435793741,0.5166723132768161,0.6624589293543557,0.5143170079149301
1,442,0.6744518536106974,0.5004079041728744,0.6590684884644438,0.5056542154474223,0.6145868272860129,0.5307077908893929,0.6527126584499654,0.5041063493939947,0.7138308797992416,0.5153611757108123,0.659120643461149,0.5132194661855594
1,443,0.676409847184558,0.5008472464894295,0.660199219712293,0.5044692643139576,0.5963171573655353,0.5497887668372446,0.6539452770905674,0.5038138933757691,0.7126029775979369,0.5141293867253313,0.6614305228534116,0.512186241031904
1,444,0.6677283494000203,0.4970108012290789,0.6585479877238816,0.5046123378397258,0.6304835702459816,0.5264308154297169,0.6542968934662957,0.5035386127328497,0.7117481910382913,0.5129756007952828,0.6729396321467291,0.5126402676691629
1,445,0.6699694022726266,0.49720906489807165,0.6562906900320146,0.5041635895735005,0.6483297379399228,0.5244694284557345,0.6525860245189659,0.5037182471028935,0.7111977571798024,0.5118979620508421,0.6830081944858891,0.5125488455186515
1,446,0.6682551630168976,0.5012738226914932,0.6531679238900938,0.5036120505148937,0.6816268534538986,0.5197962991415924,0.6568830672224447,0.5042536611599245,0.7158643719867509,0.5108941788631035,0.6827458069393957,0.5115900682570869
1,447,0.6747292188542202,0.4979725336202695,0.657656013047095,0.5033898440315989,0.6950026864198374,0.540576577613387,0.6612501245145311,0.5040678847964181,0.7140081188752413,0.5109990370182982,0.6869666991938428,0.5128643379113951
1,448,0.6777901076624938,0.5051151639559088,0.656829088191198,0.5015780957085462,0.7077343255385816,0.5441294384299307,0.6569133365839899,0.5081982752349394,0.7070616001276152,0.5116269576639237,0.6868510421389316,0.5127100274930224
1,449,0.686277115118198,0.498266276405966,0.6651961869691708,0.523336542593439,0.7353211438043873,0.5362282816466506,0.658717702708689,0.5060412215381712,0.7011100446314005,0.521608668415514,0.7081183031025816,0.5117156931108212
1,450,0.6903254550496691,0.49840195468646076,0.6683510889292283,0.5217132274508753,0.7538602483032495,0.5336942076484172,0.6619619384605485,0.5032279316652324,0.7086460452822333,0.5278842599951041,0.6977495993503716,0.5200289339467098
1,451,0.6921994736328192,0.506159780350045,0.6669301998983612,0.5011537809157802,0.7639617941395201,0.5383379074253923,0.6562693025121528,0.5118921183129532,0.7032198350957126,0.5266994343241655,0.7007376983040999,0.5190351375799621
1,452,0.6955299780488624,0.4986501520000927,0.6721352846583968,0.4968736420545384,0.7819486021407224,0.5320328747133197,0.6582695207757436,0.5035937356282819,0.7099259872725683,0.5238360887709508,0.72068415032504,0.52660034935228
1,453,0.694560269702408,0.498762676474401,0.6704413937523392,0.49700901296773947,0.7959250577302113,0.5297974978575642,0.6582662009720422,0.5036013391755817,0.7098145916994123,0.5219765881856961,0.7312869298471708,0.524656523752555
1,454,0.6940523987097323,0.4988676321798376,0.6691965670537904,0.49715044120195817,0.7976796399139465,0.5276684348866694,0.6604363560109499,0.5033372953388708,0.7123884556821403,0.5208676841481805,0.7452623236336228,0.5228074569668245
1,455,0.6912795847976655,0.49896521685083667,0.6723385249331597,0.497295921477119,0.7990477378392234,0.5280257830760078,0.6603015600197876,0.5035944154034018,0.7140411607457032,0.5192046050099716,0.7575849168993007,0.5229985053810321
1,456,0.6955188287760569,0.4990556820947123,0.6713038584396672,0.49744361070511783,0.8110572023706867,0.5259467087038753,0.6624099411421317,0.5034685572180809,0.7168461911412091,0.5180753274415377,0.7637147890138986,0.5220063325172127
1,457,0.6951962464610159,0.4991393211178691,0.6743101950286323,0.4975918403179954,0.8218140526969587,0.5239803087455237,0.6603932734201162,0.5032293423638666,0.7198831800999795,0.5166142622057414,0.7690846771948082,0.52115401732895
1,458,0.6965387935273174,0.4992164575810696,0.6737398042359647,0.4977391248804463,0.8204608403268987,0.5248063723591349,0.6618976184232103,0.5030016853997102,0.7220599050674396,0.515249753347022,0.7741256766759687,0.5195793142451985
1,459,0.695845537297447,0.5001361500147963,0.6742007828024603,0.4978841665935372,0.8298871952106948,0.523812666013569,0.6614700265607364,0.5027855282587229,0.7184055366713352,0.5139785116192479,0.7834306230879667,0.5180912107580253
1,460,0.6971246557078509,0.5001432796035902,0.6762769807064067,0.49802585558863716,0.8167513910909527,0.5226885024951697,0.6568018456958523,0.5036147953197587,0.7150537889702655,0.5127968931003496,0.7967287128651683,0.5170138365243128
1,461,0.692258584345322,0.500147154296632,0.6751159852433626,0.49816326617984247,0.8157564314131313,0.5222935050807849,0.6551294789643791,0.5033664808981625,0.7139109988137795,0.5121219514851744,0.8083732713104593,0.5163007976688978
1,462,0.6896674189592529,0.5008268917304346,0.6756781253285438,0.49829564946789784,0.814851944940979,0.5207367917948045,0.6579021289390274,0.5031291987301126,0.7123659096234792,0.5111044318924831,0.8188070915727987,0.5163245582386052
1,463,0.6875507601514771,0.5007887726035251,0.6758539541280424,0.4984224228550782,0.8032124936500933,0.5192601456820242,0.6564708263293061,0.5121129594808382,0.7049940851452714,0.5077562756620464,0.8262826426787233,0.5160912503643628
1,464,0.6875597411830171,0.5007491111308325,0.672122230796249,0.49854315713334846,0.803655266802544,0.5185032338271772,0.6586972897924558,0.5026884031879141,0.7114485745722586,0.5172436777217746,0.8318134875799619,0.5139215137398937
1,465,0.6893984305962223,0.5007085232534069,0.6708964260890237,0.4986575618494763,0.8039368577367115,0.5182065692208033,0.6570369740235611,0.502485048521766,0.7113278893575561,0.5163777527600995,0.8354349473806162,0.5136780789596528
1,466,0.6890947523436548,0.5006675596607552,0.6696978832546532,0.4987654696384614,0.8041303399733754,0.5181996130737743,0.6572274390009024,0.5025177898910879,0.7135002445076966,0.5164351098457544,0.8337542986029274,0.5131216691715658
1,467,0.6850429861194441,0.5006267039587573,0.6706235110704123,0.498866820162071,0.804421095119487,0.5170288817398665,0.654673598180092,0.5027707978625159,0.7137597723254241,0.5157796450126084,0.8323320354245395,0.512765509884743
1,468,0.6831667165428211,0.5009024670002884,0.6730544006396167,0.4989616442053148,0.8156191355915804,0.5159141015693275,0.6492846161995668,0.5129133537084075,0.7042932348821169,0.5153218009607337,0.8261538739948455,0.5118122542623045
1,469,0.685402036059003,0.5011459518928719,0.6752347024064145,0.4990500483829801,0.8258330233064753,0.5148533436272761,0.6532668212053697,0.512796461853103,0.7055965275596303,0.5164479035175183,0.8360252606777492,0.5119222972916634
1,470,0.68889338643217,0.5010803079303938,0.6751040357807813,0.4991322008019215,0.834999977242545,0.5138448504433651,0.6549023871767868,0.502853061666358,0.7088994363414599,0.5289569971967738,0.8454520137388085,0.5103496866280796
1,471,0.6943650302869963,0.5010150982863019,0.6749577036547387,0.49920831792147774,0.8430464470107566,0.5136689730733668,0.6534902560718849,0.5026430371498469,0.7066018595760027,0.5270717628812733,0.8475431880543983,0.509573030448613
1,472,0.6959321351933375,0.5009508592872982,0.6733295381164442,0.4992786527604457,0.828668881581932,0.5133348286259626,0.6519539721820011,0.5028785454882317,0.708074643060195,0.5252522480482783,0.8496684178229176,0.5088448653319463
1,473,0.695239903218126,0.5008880561116792,0.6678823221015117,0.4993434845183161,0.8268258081867159,0.5124827274133337,0.6526022169405234,0.5028882426159188,0.7100320130167781,0.5235030296935406,0.8465601671094786,0.5084520155845192
1,474,0.6985355386931524,0.5008270824428093,0.6672419599767506,0.49940310961278606,0.8357229928113901,0.5135239749360164,0.6521509527865386,0.5026771896542556,0.7133167656750821,0.5218279126629148,0.8394866101597485,0.5078174828331534
1,475,0.7011549179111959,0.5007682618548464,0.6661556871926777,0.4994578340850424,0.8438640698097072,0.5126572684714492,0.6490774584498941,0.5124846828888354,0.7107939407541344,0.5115019288722716,0.8389729683048402,0.5077048774712073
1,476,0.700016851000809,0.5091231458613177,0.6634319451329544,0.4993910571349209,0.8532938833234279,0.5124596208711579,0.6532532135262975,0.5027697497891551,0.7125244540464702,0.5231858887898936,0.8240979267175539,0.5195333998783539
1,477,0.6981705775603839,0.5108762986976213,0.6640300353283777,0.5028380682227435,0.8464449476302557,0.5376189196093205,0.6522589717629937,0.5072777239021337,0.7117016942700183,0.5233230531965108,0.8513271700707485,0.5071895721200137
1,478,0.704001861130774,0.5010191507077573,0.6708233029635016,0.5225940627941132,0.8606316354163278,0.5301369118984139,0.654897659270549,0.5073057696916649,0.7107879000733542,0.5217853731763465,0.857620023033452,0.5074847293984629
1,479,0.704579861263228,0.5009436809823922,0.6731237723764306,0.5210779805597998,0.8543126210538434,0.5287001242063709,0.6551325443250485,0.5071149406726437,0.7117873811731605,0.520306447579351,0.8632179181253112,0.5079307354943382
1,480,0.7093721636704654,0.5011062572961189,0.6788906817923995,0.5196156638848551,0.8490414573103037,0.5280720839567776,0.653406934432723,0.506606240584404,0.7113873519080854,0.5188888540271174,0.8684453144925351,0.5073299257169812
1,481,0.710931368925639,0.5010323067982612,0.6845870936540707,0.5182119275100504,0.833203562401475,0.5261723607116077,0.6527510087641154,0.5061209852092695,0.7087485138701929,0.5185763206716121,0.8682228581769436,0.50741073506042
1,482,0.7111859618129908,0.5011245159003679,0.6895553526905405,0.5168705953634157,0.8302563205165079,0.5265331761815844,0.6515580241213689,0.5056598984886781,0.7104378595789138,0.5172152425865653,0.8585689837340973,0.5068569649391597
1,483,0.7093601347570075,0.5010558196164677,0.6883538854054108,0.5155945070462513,0.8277552134503664,0.5256474627613203,0.6521956275516867,0.5052234173635952,0.7143391954457434,0.5159229176806974,0.8546301246205955,0.5063342950079098
1,484,0.7073438718546351,0.5009894105625661,0.6840724275933161,0.5143855523188883,0.8255452631367358,0.5245601888467404,0.6547788442688349,0.5054297467018382,0.7177329683926681,0.5146999917481967,0.8558107175987051,0.506505261465547
1,485,0.7052189651731481,0.500925387458766,0.6797004278436993,0.513244728766162,0.8237753689250452,0.5228532653509635,0.6530541209826306,0.5056420246764932,0.7202184871859221,0.5135465303401879,0.8570391451523283,0.5065730034764675
1,486,0.6993459662702026,0.5008638351705057,0.6781416651823531,0.5121722173184279,0.8332190990545608,0.522048402686051,0.6513467769908092,0.5052212926309627,0.7193361487837123,0.5124620478740648,0.8530839934095684,0.5061011580073009
1,487,0.694093468092019,0.5008048246868143,0.6773080131683613,0.511167470228164,0.8415139074501774,0.5205052943918794,0.6523069731425033,0.504823366780548,0.7200353430080652,0.5114455488687943,0.8544168924359461,0.5056536137500371
1,488,0.6988276408384329,0.5007484127102492,0.6787060386050103,0.5102293063804038,0.8490362938794578,0.519039492238828,0.6511900619626928,0.504645742709306,0.7204034690442831,0.5114183106222906,0.8558613673349119,0.505230119614431
1,489,0.6976430002184457,0.5006946410558984,0.6788977462149306,0.5093560093554803,0.8449844274881476,0.5176504645474317,0.647881137376076,0.5047551902612161,0.7209050758919637,0.5104782718221015,0.8570334225503377,0.5054521409533764
1,490,0.6901805092760483,0.5101404472217692,0.6720763079190497,0.5090234161849452,0.8373853473300712,0.5112243059134524,0.6470059245515697,0.5045790726865603,0.7173295892537918,0.5108729445705826,0.8577950226992896,0.5050563379427103
1,491,0.6922864967053568,0.500954584115754,0.6745688946332152,0.5077950510032848,0.8471586121729634,0.5362547459087398,0.6449565922485694,0.5149922210930762,0.7086617472759128,0.5092496907480754,0.8559113417480035,0.5048628712692734
1,492,0.6897359075306546,0.500886170770192,0.6715285136445502,0.5071021294230972,0.854308335508747,0.534048342773163,0.6458598963610407,0.5044185567662953,0.7209058277331387,0.5328914831495345,0.8339721650073132,0.5042208057636027
1,493,0.6856150562263491,0.5008209054507972,0.6702516581589644,0.5064637185355368,0.860403286723726,0.5347083194021159,0.6480057177077244,0.5085526074848304,0.716215144293291,0.5186986617855941,0.860424514894021,0.5039922184825604
1,494,0.6836968712564261,0.5007588873689668,0.6709783432187533,0.5058767651775712,0.8658190818148727,0.5342074003176377,0.64779224368996,0.5045112598803038,0.7204493074527225,0.533951249220709,0.8489784615504555,0.5035829959716029
1,495,0.6821315014105936,0.5007001781793341,0.6716556743575807,0.5053381639888497,0.8708912094213349,0.5320617855694081,0.6498211111778203,0.5105620844382205,0.7137993249926475,0.5190562097104191,0.8612137376921368,0.5042642614757112
1,496,0.6807867153677984,0.5006448036385155,0.674085412709416,0.5048448080504729,0.8755732485984498,0.5299826323935176,0.6436220238575,0.5106790956870874,0.71633008935835,0.5408500130138059,0.84039073847094,0.5048546283810333
1,497,0.6715143515891208,0.5109186063020793,0.6728825641482814,0.5051167991788753,0.8736902497396423,0.5297041384259027,0.6515253632308117,0.5137195267169085,0.7122365442000995,0.5162368659735898,0.8573554638628288,0.5045810042709793
1,498,0.6730089017328013,0.5005439976247177,0.6789923254363722,0.4849332400481929,0.8819111570109323,0.5266072893479639,0.6475004713040334,0.5128378511639007,0.7216232424622847,0.5149466305125897,0.8489211839792131,0.5048675814221623
1,499,0.674074145056338,0.5004984635977255,0.6787252390467644,0.4858713420432142,0.8852637949227534,0.5252565705834541,0.6440021057279259,0.5121779628561139,0.7222486529452095,0.513735394890183,0.8459600205428774,0.5055243267797741
