episode,timestep,group0_trust_in_sp0,group0_trust_in_sp1,group0_trust_in_sp2,group1_trust_in_sp0,group1_trust_in_sp1,group1_trust_in_sp2,group2_trust_in_sp0,group2_trust_in_sp1,group2_trust_in_sp2,group3_trust_in_sp0,group3_trust_in_sp1,group3_trust_in_sp2
1,0,0.5,0.5,0.5,0.5,0.5,0.5,0.5,0.5,0.5,0.5,0.5,0.5
1,1,0.5866666666666668,0.5041666666666667,0.575,0.5,0.6666666666666666,0.5,0.5662280701754385,0.5043859649122806,0.5912280701754385,0.5,0.6614583333333333,0.5020833333333333
1,2,0.6305164478904535,0.5,0.6130279534788821,0.5238095238095238,0.7309586964759378,0.5,0.600994128182457,0.5110793715568251,0.6316420685120951,0.5,0.7256410256410258,0.5020689655172413
1,3,0.6530795669157414,0.5004273504273504,0.637740984611349,0.5245484400656814,0.7783691761766026,0.5,0.6226558715265915,0.505088021028139,0.6529642186168731,0.509375,0.7567565191633296,0.5028432680901542
1,4,0.6639090350491998,0.5003978779840849,0.6482454593535707,0.5228064793226163,0.7860505353302077,0.5023809523809524,0.6364033382026836,0.5051783780888973,0.6683962667137887,0.508728448275862,0.7595717816386383,0.5036810618600557
1,5,0.6762494373772562,0.5003695592663564,0.6504408831579799,0.5211397457089243,0.7692223449104002,0.5058608058608058,0.6408427210162116,0.5048137810177441,0.6795212482072953,0.508107206405694,0.7624582427167474,0.5034144801860573
1,6,0.6778374561498394,0.5005944399749709,0.6498251845630995,0.5209559014389138,0.7573059215293857,0.5055090090688195,0.6431772581039531,0.5023018752850755,0.6857351146204905,0.5080139245144741,0.7893211433957537,0.5024804893738827
1,7,0.6792378621486393,0.5011466171866514,0.6452019041527716,0.5194074217261392,0.783711352825815,0.5075461297717319,0.6461926536624624,0.5050423617225427,0.6992774448302866,0.5173640001631464,0.7675829008545231,0.5029188107407151
1,8,0.6832816549616887,0.5010836942873076,0.6425755961331927,0.5179372218404731,0.7875003696406643,0.5083106129196074,0.6422271070765829,0.5046806446001755,0.702982177004244,0.5171509038719564,0.7746539024725356,0.5033340708770071
1,9,0.683628353008745,0.5010216781739789,0.6453352938727321,0.516546628117412,0.7907317386560457,0.5077992983579157,0.641401584865117,0.5045540013042779,0.7062517574380763,0.5169239558391296,0.7809488244645773,0.5030974268687615
1,10,0.6870208317529324,0.5009608354784376,0.6468281278721423,0.5152360584636431,0.7779493686978756,0.5107924125127552,0.6446678971125769,0.5042224684247583,0.708791139980514,0.515646427895892,0.7872931164381576,0.5039135465421551
1,11,0.6878115545150788,0.5009014142173057,0.6431489054911729,0.5140051131766741,0.7672137109975974,0.5117259717236452,0.6437252232300054,0.5039076251718824,0.711690255597756,0.5144361455885076,0.7976407416047172,0.5043770949336253
1,12,0.6852948979327772,0.5008436402897987,0.6454994178875105,0.5128526732119401,0.7729318719716654,0.5110171277880227,0.6459883309268136,0.5036096289838589,0.7079943823561139,0.5132940060522678,0.807116639735521,0.5045678693818385
1,13,0.6828759608260793,0.5007877145889287,0.6457982855428579,0.51177700166561,0.7908150533837002,0.5112103243063323,0.6479786342365582,0.5033284852421105,0.7046338754199387,0.5122201212743128,0.8150856253281593,0.5042677951675545
1,14,0.6807045272299883,0.5007338108006072,0.6455508197664287,0.5107758448763896,0.8060654698768489,0.5105341647342224,0.6489709737996592,0.5035485100302403,0.7048959358280279,0.5122555681418162,0.8217100596062847,0.5039789542858213
1,15,0.6734701893545862,0.5105657827161005,0.641334034063798,0.5030304687507895,0.791191157497119,0.5123311435208427,0.6494315641683639,0.5032871281311346,0.7074801026278668,0.5112439730323218,0.8269719837463307,0.5047435920088272
1,16,0.678188621942226,0.5006326196297346,0.6441399710767123,0.5268526944182089,0.8046761932466513,0.5117859280359315,0.6523165564379957,0.5030400759125099,0.7108358468593273,0.5102999343960215,0.8310712809039759,0.5057153993936414
1,17,0.6792233139217861,0.5010128845696757,0.6438091009615959,0.5250806838239448,0.8176604898592378,0.5124776805149638,0.6559561318433532,0.5030092344380857,0.7130888278483597,0.5094215045603365,0.8355460244441705,0.5053412868422872
1,18,0.6801899943164672,0.500938753082609,0.6477737021528694,0.5233687790566015,0.829110339046622,0.5118140959293832,0.6555968026357971,0.5029598741935061,0.7168744911582207,0.5094010129777439,0.8390983741169603,0.5049809051654293
1,19,0.6821920480102691,0.509534633471589,0.6445392297277938,0.5253430377220611,0.8376660123072545,0.5116664997549835,0.6562957647540258,0.5027492135168865,0.7157909522318272,0.5086082753291663,0.8422387822216484,0.5062186569148708
1,20,0.6889836068192041,0.501150952533284,0.6491016743297031,0.5201467358609828,0.7730759073290677,0.5325289965468242,0.6582641878883716,0.5025498773642278,0.7138709305533077,0.5089140145408444,0.7667366453899075,0.5058099860611023
1,21,0.696543361172964,0.5010692550328469,0.6472639133710508,0.518644692952986,0.7047289033993608,0.530430666290967,0.6599178598864268,0.5023615786436956,0.7119947448434389,0.5081605107207928,0.7001651752390484,0.5064573063898634
1,22,0.6978297645453794,0.5014185209059249,0.6407863254637239,0.517218949551532,0.64431302910457,0.5289148437330927,0.6621408142271653,0.5021840208623655,0.7116423324749107,0.5074614091366837,0.6416037327539146,0.5071818806865191
1,23,0.6988394904703746,0.5013147290467856,0.6403109163961701,0.5158709821101054,0.5913537198093112,0.528671848276541,0.6619599608847332,0.5024554947093,0.7090869035659205,0.5068141575520444,0.5897698475467408,0.5073193245933545
1,24,0.705467128120148,0.5012159573771721,0.6445570612101384,0.5146013368290416,0.5448445771872436,0.5271345087811701,0.6579443351786455,0.5027068400816163,0.7091354263754032,0.5062161195311554,0.5438129471831261,0.5071887926243932
1,25,0.7041030277016106,0.501122340434948,0.6478537722381034,0.5134097147599361,0.5036004513498052,0.525638001324196,0.6514236074825339,0.5033190765420332,0.7069487288946724,0.5057596036617432,0.5009729501604079,0.5071859729281663
1,26,0.7048303035214801,0.5010339487005734,0.6501439379702408,0.5122950686741045,0.4661481862254723,0.5239368728347992,0.6555991712404936,0.502548455068551,0.7163531650161946,0.5051569375821411,0.469510089624461,0.515674525869593
1,27,0.699325482710672,0.5009507936887965,0.6528547227196639,0.5112557064708491,0.43440651596080676,0.5223135077444707,0.6540718091950319,0.5029530253110572,0.7131107100417441,0.5046904148722118,0.43644784430696526,0.5156480678351153
1,28,0.69234538332549,0.500872833931356,0.6555110868042551,0.5102893964738158,0.40193529350599094,0.5207686544748364,0.6545906035241738,0.5028554593718241,0.7126088592313201,0.504262401761508,0.40576963722039394,0.5145501105932386
1,29,0.6828398409709566,0.49778937783824206,0.6520394207953151,0.5008285055177112,0.4157355533514804,0.522970528634693,0.6528201677347879,0.5000339297970413,0.706548951028428,0.5041283381897911,0.4014638152993141,0.5159223875521621
1,30,0.68452190498742,0.5011594593765877,0.6579019132697042,0.5257432082936805,0.4222017192553577,0.5186397077751864,0.650433425218515,0.5028671525217483,0.7172067536560213,0.536088338117463,0.41157242532872396,0.5138831837054264
1,31,0.6790050404299051,0.5010669338594609,0.6635092848289252,0.5240898711632098,0.43762177675728214,0.5173525567869655,0.6589934423968591,0.5066216021998969,0.7145013394369965,0.5119124601700192,0.4386163425024324,0.5142183673824783
1,32,0.6780537394486564,0.5013490678999543,0.666779357443773,0.522486484110442,0.46348015834489925,0.5161375389626913,0.6630946937397623,0.5061541746429623,0.7126925457091888,0.5109922776137769,0.46720044641739983,0.5131931915940393
1,33,0.6770029624066374,0.501246843867196,0.6661657142311624,0.520938962058896,0.49846767533289793,0.517373249013818,0.6627930763585453,0.5052569952816939,0.7061025473868728,0.5101256911719422,0.4980685291281369,0.5122175928815057
1,34,0.6783586204580596,0.5011502542217342,0.6635012469434388,0.5194522955600401,0.5293915886916679,0.516548399999919,0.6621756024896552,0.5048655533537364,0.7036632194001694,0.5103536262608389,0.5253273621712059,0.5120964256600272
1,35,0.6810961940824035,0.5012911562990315,0.6611669958228905,0.5180305075301798,0.5351567301381758,0.5153899873932006,0.659835033531962,0.504652268516832,0.703795506883762,0.5109435276569508,0.5548334825933897,0.5116684957992417
1,36,0.6791922299096026,0.5025848051379821,0.6577227554649063,0.5194560839141876,0.551074033986455,0.5162316350889695,0.6469368919605175,0.5026364137642886,0.7032903387160921,0.5354552848437758,0.5917459247264325,0.5116269125194652
1,37,0.6856376499959572,0.5014749135434591,0.66931205058549,0.5368213626619338,0.5827549024671906,0.5155332438702365,0.6513052493877044,0.5065312789094856,0.6984752818490574,0.5104891252604721,0.6215833820681027,0.5221245665700445
1,38,0.6964600495678943,0.5014086357254817,0.6677918758013305,0.5341939517142708,0.6028645894068835,0.5529100160067737,0.6560695602912358,0.506975288332053,0.703073981654683,0.500706687139094,0.6400354726936789,0.5204081038010873
1,39,0.6933134025239589,0.5053370325015976,0.6720835089570962,0.5339506978275727,0.6480723045994186,0.5158490713221877,0.6556951013466243,0.5066694917390946,0.6992812063036706,0.501620196908247,0.6682997932516223,0.5189493985680749
1,40,0.696743548015008,0.5055133079570864,0.668952941589628,0.5336467525147609,0.6744640183906646,0.5184104044326726,0.6526430604359418,0.5073590801448885,0.6946068484258551,0.5003390321308767,0.7058799322666081,0.5177573327176553
1,41,0.6994806672193546,0.5052431844760397,0.6687487619312887,0.5310453712162493,0.699082062396685,0.5172400524549464,0.6562122303280004,0.5072338740525477,0.7006789052892994,0.5012822587281861,0.708445613963306,0.5256169765538625
1,42,0.6985577725655447,0.5105229175092958,0.6634855845074272,0.5218663503594089,0.7195076571680121,0.5201444717909242,0.652560950207289,0.5067388389452285,0.6991096312531406,0.501142002426427,0.7249191480949312,0.5242399345847594
1,43,0.703845832513175,0.5045443979957717,0.6661016080998413,0.5429070105875468,0.738003959015877,0.5161734485021577,0.6530270181220919,0.5066632514465421,0.6967445479827145,0.5010179739483909,0.73501057089036,0.5224332494596348
1,44,0.7092831089398605,0.5042182108138603,0.6655879771210311,0.5399250031622032,0.7566095540015984,0.515123482965485,0.6476912532003187,0.5061840766756371,0.6931463540720559,0.5019140819958815,0.7434414032239941,0.5214539865709933
1,45,0.709573235907333,0.5108976457969503,0.6614536736426204,0.5170468989182174,0.7734700676901145,0.5182424567461635,0.642665809612552,0.5064258931317936,0.6874829009029501,0.502449555389483,0.7558680410113359,0.5202558091146611
1,46,0.7106822556494576,0.5107421607250779,0.6625964665960031,0.5174669127222676,0.7879438447297614,0.5171256899754227,0.6399616109421665,0.5060938781363259,0.6854382005832429,0.5022717727411549,0.7716422687145893,0.5186986439491701
1,47,0.7101225534283803,0.5039728365272024,0.6684164474284933,0.5511127245034972,0.794515929551103,0.514463248402411,0.6379828167398809,0.5058405634549432,0.6853645881068667,0.5021043056271831,0.7862500703442359,0.517733236845522
1,48,0.7071968466965048,0.5036734799916943,0.6679144513041734,0.5483364626054555,0.7827133079168559,0.5141120363376616,0.6326745220218826,0.5111743551446469,0.6823400674164528,0.5014280391760203,0.8038730375917437,0.5101287868308133
1,49,0.702518425164558,0.5033907795938822,0.6698051181708808,0.5467156702804583,0.7854552319606991,0.5143513486897802,0.6384662139720244,0.5052623924148522,0.6822288490028999,0.5023176677839761,0.8042714014098981,0.5208991703693737
1,50,0.6987393164143935,0.503124606278255,0.6710106473783861,0.5440363668531989,0.7886883850312627,0.5135663615731014,0.6390897954523099,0.5120290387726187,0.6753391668109503,0.5023125350614449,0.8076723978911868,0.5207388796643804
1,51,0.7015259484385014,0.5028747136664166,0.6702788102022943,0.5414189155859127,0.7914001903618856,0.5128057161931009,0.6448524720841773,0.5046302253644079,0.6800032016132718,0.5113995896678154,0.8113680994288079,0.5180529107126544
1,52,0.7043553312386339,0.5026407527557516,0.6669809059628151,0.5388703234506987,0.7932984977685387,0.5126878580685009,0.646339539983454,0.5053597134744349,0.6804679774896996,0.5106158056411114,0.817089301785733,0.5167307663689015
1,53,0.7060949363841634,0.5096659420836133,0.6630409349128271,0.5106667799208057,0.7958454733863789,0.5139817491374802,0.6474980759956231,0.5049904650416411,0.6806432066351686,0.5098634778950738,0.8270885779005295,0.5154767942798743
1,54,0.7073590300743765,0.5025697032499172,0.6680563780254425,0.5429478094993775,0.7938917227592893,0.5113016181092968,0.6475195905448279,0.504817325900258,0.685038619542947,0.5099305982312402,0.8357879610701275,0.5142910763615791
1,55,0.7096953824878705,0.502361848270858,0.6695514712654708,0.5405599860412191,0.8067090024250874,0.5106397047280334,0.6522504659904318,0.5044827645311597,0.6865395458187386,0.5096670153639565,0.8437291076501452,0.5131732506941982
1,56,0.7122673796792485,0.5100209626672918,0.6661476547409093,0.5082173958029527,0.8181383698398849,0.5124687869451002,0.6510084951925232,0.5041650314560273,0.686071827496695,0.5100107157251033,0.8508922612824394,0.5121225254187861
1,57,0.7134833210073257,0.5019867220260307,0.6715772961156584,0.5433418132571534,0.8254724943387165,0.5100746745013663,0.6535989448574829,0.5038638926298942,0.6861969895634396,0.5098447866490637,0.8569948556793427,0.5111377036036773
1,58,0.7126453560399146,0.5018184730772323,0.673615197045029,0.5411179770574688,0.8348699041956575,0.5102741785641257,0.6559467564713425,0.5035790673912425,0.6916412539052267,0.509136080258651,0.8625447775648408,0.5102172174261291
1,59,0.7119498767403811,0.5022639139989267,0.6761507357487797,0.5389196653581906,0.8428987443314798,0.5103411165383493,0.6581545156450694,0.5033102314945033,0.6925846012290319,0.5084620656973843,0.8630872658282263,0.5102980013216868
1,60,0.709290387660802,0.5022677128948738,0.6748628735379264,0.5367535748683216,0.8396024589896115,0.510279991241125,0.658341013598959,0.5030570197361758,0.6955562855463051,0.5078232066147698,0.8588297370275104,0.5104849186211489
1,61,0.7069056522071738,0.5021060764548261,0.6741012139792033,0.5346266283891091,0.825935345062895,0.5097527015023395,0.6614238087864756,0.5028190284183716,0.6980211147896553,0.5082613065054439,0.8595254869957574,0.510388252855925
1,62,0.7014051037797012,0.5019530626637582,0.6671495090459023,0.5325457776657659,0.8137787819826416,0.5092354957504471,0.6591633137363656,0.503034414358822,0.702984469706707,0.5076210297257259,0.8605624738766195,0.5095412063289901
1,63,0.662878828082364,0.5019537937934581,0.6604097502436272,0.5305178068713932,0.8025531678883648,0.5092307284342057,0.630818234710777,0.5031218097566044,0.7099863443444917,0.5070182606091439,0.865920404237392,0.5093652567138002
1,64,0.6281599788933091,0.501817637981434,0.6565232865052184,0.5285491462306696,0.7926752934505789,0.5087474618381007,0.5984014062251306,0.5196377410904355,0.7012397010491862,0.5073038115886744,0.8753752782303741,0.5097683446085128
1,65,0.5978628095473193,0.5016886799847153,0.6547681192828639,0.5266457043499811,0.7834225139085572,0.510588193418673,0.5789387671058998,0.5026572778436456,0.7131707152853829,0.4969861927061119,0.8592991933760108,0.4985327019717519
1,66,0.5699874980005916,0.5015667066684176,0.6590843948111179,0.5248127262790317,0.7751946481431536,0.5099707964733176,0.5484786156490252,0.5098119721498718,0.7110660810344671,0.496789947362158,0.8615812437489783,0.49887038131491196
1,67,0.5444934806712052,0.5014515105903699,0.6634123864307838,0.5230546823520393,0.7787304112956741,0.5093697139690428,0.5300027703868613,0.5127730648090517,0.7145889321448531,0.4968856852212153,0.8530285961042186,0.507493079442289
1,68,0.521868683342237,0.5013428878066869,0.6651034157322441,0.5237561430328149,0.7923322639601744,0.5100008521715137,0.5149988378440559,0.5027561176203363,0.7250319638101299,0.4948428177794816,0.8302885322316563,0.5179648662795504
1,69,0.5147332379417683,0.5012406357391627,0.6665579488685112,0.523933335483102,0.8044267205785945,0.5116307764742011,0.5066724815472556,0.5064233132660991,0.716412964810783,0.4974259979685828,0.8478010056532781,0.5179477753950049
1,70,0.5163322028302408,0.5011445512178898,0.6675231978642707,0.5221577422034794,0.815043303626446,0.5140629226367748,0.511579733216557,0.5059540740693267,0.7129872373429316,0.4975610094103782,0.8500254695883103,0.5171388134941174
1,71,0.5263915373315947,0.5010544288020469,0.6689411731282506,0.5204722318325498,0.8250740587820562,0.5138782286804234,0.5181894623798571,0.5057289113983044,0.7131319870756991,0.49769983699489284,0.8518873544436563,0.5159832204043763
1,72,0.5381455003316632,0.5009700594634919,0.6715418671574586,0.5188782698665403,0.758278706414415,0.5135919176339881,0.5318990686897319,0.5058955082311899,0.7133880880082588,0.4921719709144535,0.7654356291710133,0.5196646090453095
1,73,0.5477841502359865,0.5062821872218644,0.6699714205139014,0.5202723880429282,0.7079566758955508,0.5174177809464154,0.5357020861477683,0.5092530240007147,0.7094947596604628,0.4997225578707907,0.7575824583327131,0.5144182449380095
1,74,0.5622012382073491,0.5078358464601347,0.6728555555551952,0.5185239727185696,0.6799914690022367,0.5369222733206235,0.5405990272681264,0.5088995085741118,0.7091312652926253,0.499756624191387,0.7733001449356356,0.5144248382631281
1,75,0.5722776096372324,0.5010973508456198,0.6786509142255327,0.5146459704389693,0.6708256759274948,0.5549106962529186,0.5516118700455112,0.508428296825318,0.7105510453279504,0.5008274462578763,0.7873134120629447,0.5137833068569104
1,76,0.5829865245781743,0.5010153902347323,0.6805931572827664,0.5134143223207552,0.6847573342124161,0.5530085894346816,0.5583392845529332,0.5078239140564971,0.7156469395271942,0.5129050877385575,0.7828507760395415,0.5127738418960227
1,77,0.5943878745753446,0.5088761700677754,0.6773867590082178,0.5024044478098153,0.6791139594643543,0.5577647656628265,0.5745140264707405,0.5114954119128649,0.7093942713861017,0.5007428999533948,0.8070528436028892,0.5118169991615287
1,78,0.6082562957089949,0.5011250528929674,0.6831909605402824,0.5282093751462114,0.7066199830842864,0.5461459171043491,0.582722936000572,0.5110420083191874,0.705360451551824,0.5007007647136595,0.8131405435304921,0.5114040714876126
1,79,0.614063249496106,0.5010461918031097,0.6842613642487233,0.52635846095937,0.7173496399555109,0.5429167977499904,0.588295841819343,0.5166455343885186,0.7005049077266569,0.4999709502746748,0.8223969099689052,0.510975108629638
1,80,0.6163955219281381,0.5093698490395843,0.6837945023909013,0.5286102387538293,0.7082716037626963,0.5269950788718795,0.5984555615592472,0.5094192951264404,0.7061973747593723,0.5099892722941404,0.822142520144946,0.5109744494978978
1,81,0.6243570034493872,0.5008993911591931,0.6862409649232379,0.5228502909252032,0.7332496023633922,0.5163769323742861,0.6059491519062387,0.5092444065489445,0.7059743465766815,0.5093029541358807,0.826503309316566,0.510548983070219
1,82,0.6285974523584672,0.5008315400491073,0.6870416085414163,0.5212031082206142,0.7410608368792746,0.5159644436236139,0.610929073436492,0.5089605086624106,0.7061269720873503,0.5086429572218953,0.8306450057024923,0.5106389465995979
1,83,0.6320462028196604,0.5007674076758675,0.6855419814358468,0.519632248498033,0.748183017333849,0.5147820114880393,0.6142044474698505,0.505581951333839,0.7132736177101489,0.5165574020670907,0.8210208234841588,0.5110375412426439
1,84,0.6380417134799752,0.5011285392452179,0.6821836529248012,0.518140241681865,0.7318342006252374,0.5143352362188681,0.6201262075284201,0.5103126032593456,0.7063934419432911,0.5081804175544257,0.8373969985770028,0.5095092944758921
1,85,0.6407515624122256,0.5010431636156115,0.6821389571550656,0.5167286386500025,0.7506158923618054,0.5132920073899992,0.623833386247562,0.5102731819946551,0.7081343043458527,0.5075740787768951,0.8452832790714238,0.5091827143828332
1,86,0.6467667277255174,0.5009624209156885,0.6827204983760181,0.5153980659205876,0.7674581342870693,0.5123090879855088,0.6229306300278218,0.5098568823370733,0.7091321382956458,0.5069980659958764,0.8521659391945688,0.5094152226123585
1,87,0.6473221503634016,0.5008863191613668,0.6839659573617891,0.5141483000674657,0.782254180068712,0.5134009259367269,0.6273748563625171,0.5098448931248102,0.7121885069321261,0.5064530654588929,0.8582097485241859,0.509037981402926
1,88,0.6455794065173431,0.5008148264974979,0.6832243891326523,0.5129783564340235,0.7955286618664826,0.5144744540420089,0.6284348235267078,0.5091274755072077,0.7111636610707712,0.5059393719678613,0.8639985045217943,0.508406833424899
1,89,0.6445195733032055,0.5007478746071975,0.682333527732393,0.5118865868424268,0.7964659742527472,0.5135809689755634,0.6334260723936836,0.5084462529250832,0.7101035880228723,0.5064546260642665,0.8687693259661738,0.5088474183965535
1,90,0.6433362346525803,0.5006853627737661,0.6817787222685008,0.5130004028701693,0.7974586501928753,0.5127248304782469,0.630031271008041,0.5175489206358108,0.7066406741962967,0.5074313476475109,0.872699016036933,0.5077201637209587
1,91,0.6438283943113763,0.5009478212221626,0.6793629357169494,0.5131039076381645,0.8090076013416218,0.5139602806971065,0.6358271028571864,0.5042985471687526,0.7142114510879052,0.519986553435003,0.8577817051604966,0.5101290567992959
1,92,0.6407873952711896,0.5102491154356362,0.6739780866282755,0.5140970019599606,0.7979749090506428,0.5111736586405483,0.6264458050002679,0.5094822832572486,0.7159663651983619,0.5344686114437651,0.8468645393038847,0.5092827128449036
1,93,0.6447701857988173,0.5010136833223865,0.6754390346847532,0.5111267126531807,0.8075427657685968,0.5329240446517383,0.637041125190903,0.5206583424391062,0.704239250589634,0.515158936817545,0.8503515347778996,0.5084345697843147
1,94,0.6488651191188637,0.5009484454669135,0.6734269631025604,0.5102324288962109,0.8069340424626663,0.5309967766794488,0.6428737647937414,0.512635872847103,0.710333829284859,0.5131322165149755,0.8353419618340209,0.4979757304600001
1,95,0.6584927930735136,0.5010325117144118,0.6713679999613859,0.5093979405675858,0.8061670838106014,0.5299083545488203,0.6424480295808048,0.5123822107542587,0.7096984582164424,0.5121125854139925,0.8293625304387369,0.4980645135940592
1,96,0.6633825222223582,0.5009726014474916,0.6686278390962476,0.5086207700278986,0.8058380493392422,0.5280709828859748,0.6460913263805345,0.51153517314682,0.7121597761583655,0.5111524405319512,0.823827028981522,0.49816002772475443
1,97,0.6621961026976948,0.5036718760149143,0.6640137369739915,0.5105443206854009,0.8375795216286067,0.5110616785857878,0.6493598525274749,0.5107230566471547,0.7134759520575815,0.5102511449405834,0.8234602118543938,0.49980330887083524
1,98,0.662913658002421,0.5008583435438084,0.6624268508916669,0.5083479462304034,0.8117146576640849,0.538325975863693,0.65235302076389,0.5105192511149055,0.713949186328894,0.5094076382007985,0.8278006950144103,0.5008738541637286
1,99,0.6595027327600322,0.500804085905777,0.6619383477312141,0.5100090583274736,0.8102549080294369,0.5362351084767697,0.6529078788983155,0.5097597009758251,0.713096573212583,0.509660684511097,0.8317767662828779,0.500829859731913
1,100,0.6545044869338027,0.5007518098119034,0.6595877482499791,0.5092518700718779,0.8092003260669435,0.5341646655085498,0.6515065265825836,0.5090368953137108,0.712257654427303,0.5088565153277499,0.8399508777019346,0.501373696919306
1,101,0.6501101602245425,0.5007015667290606,0.6559605112263142,0.508539542295628,0.8204926103633892,0.5329138364080478,0.6419682650720322,0.5080484374729858,0.7151138970120892,0.5268267843938488,0.8444940645828573,0.5024436299127227
1,102,0.6516792554142717,0.5006534051548354,0.6516046005156648,0.5102516602590741,0.8197728535786885,0.5309192545491879,0.6503662484115845,0.5114460494548654,0.7163358903166018,0.5074122419115812,0.847432547141885,0.5114433709305523
1,103,0.6493276180714725,0.5006073676709055,0.6482858801087159,0.5094607048585165,0.8189942731523632,0.5289717083116952,0.6503738488377282,0.5109200075787012,0.7144279830278988,0.5067678750555125,0.8448346175556746,0.5107434855815915
1,104,0.6548919267093132,0.5005634883398253,0.6452619908841155,0.5087168003286002,0.8287877291010988,0.5279654537785069,0.6486905892593127,0.5106023732417526,0.712559038210803,0.5061722190222416,0.8470245733557487,0.5100589968141501
1,105,0.6223067892123755,0.5005217905749821,0.6423678199054962,0.5080188876735892,0.8379061487021839,0.5261332484219573,0.6182346092605397,0.5102813096610447,0.7148359037946127,0.5056227742027306,0.8491077768839083,0.5093932981041357
1,106,0.6031877345069508,0.5004822855685988,0.6473026329222521,0.507365746053489,0.8458773838251326,0.5252085923840747,0.6066324554347284,0.5095722594221502,0.7143754615642636,0.5051169756047539,0.8556967563396324,0.5087493508724991
1,107,0.5918403700017516,0.5047677624015485,0.6482648284366851,0.5059824561083476,0.8475917719741383,0.509091010127222,0.6008894804657576,0.5088937239163158,0.7140489810946535,0.5046522316234601,0.8471643463010029,0.5091574775765527
1,108,0.5931769762675524,0.5012201131885348,0.6480174300625132,0.5061881332916766,0.8044818381693729,0.5357756886220857,0.5986048099349602,0.5083873748217077,0.7132762294486479,0.5050631241731137,0.8397036968467625,0.5085442137174497
1,109,0.5970323100215372,0.5011315573846912,0.6527810716168302,0.5073177315148311,0.7942983816240409,0.5346124219122285,0.5983876761438477,0.5082693801465289,0.7152979604923884,0.5046292949794039,0.8376181731428526,0.5083119762249626
1,110,0.5904318875182405,0.501047197428565,0.6555151542057331,0.5077502494519248,0.7746394900021222,0.532574623891788,0.5964745592894213,0.5045081297067293,0.7187719025959927,0.5202538191099045,0.8278019762567331,0.5066241875896148
1,111,0.5923474943077132,0.5012597621223587,0.6575047429282167,0.5072161351848316,0.7784994529503232,0.5305765290566135,0.6057667610027739,0.5030592573825702,0.7122051780879306,0.5048283218228147,0.8432392481443733,0.5081491713637993
1,112,0.5977356008707453,0.50158130820182,0.6591966110191689,0.5067090617121759,0.7817226470774414,0.5286273581368162,0.6121311566792977,0.5028143786766859,0.7136330903655228,0.504418471837895,0.8455795018982067,0.5075751190304225
1,113,0.6026599595491131,0.5014707864963299,0.6633603876754124,0.5062283868435805,0.7847455340743507,0.5267353896477777,0.6122228811410512,0.5028879861282952,0.7139788683143959,0.5040388733181932,0.8476876518972745,0.5082763965766048
1,114,0.6076597855813024,0.5015981803808037,0.6665003416029599,0.50577348471987,0.7765615322980726,0.5249078451339667,0.6143900657587119,0.5028884070023856,0.7114725652585322,0.50368789466066,0.8495949797216689,0.5084639670869076
1,115,0.6133424625484378,0.5014913087632513,0.6695811880218917,0.5053437340997123,0.790553620909681,0.5241412444660656,0.618701453896507,0.5031435263881919,0.7092386529338227,0.5033639237400837,0.8513588755966617,0.5078840036748691
1,116,0.5839087156904754,0.501388550814843,0.6721485612251028,0.5049385069600442,0.8031440702632339,0.5236966974098242,0.5918090085506671,0.5030601973110017,0.7091766009401236,0.5040323553448034,0.8528535441784789,0.5073291317535058
1,117,0.5583851068441473,0.5012901306574139,0.6783075672936854,0.5045571581424846,0.8037138305914173,0.5220516296476607,0.5673416322793879,0.5030624433060837,0.7090861666923427,0.5036967592554664,0.854451759392396,0.5068000957536776
1,118,0.5349184761675395,0.5011962208704299,0.6804961184904644,0.5041990166818182,0.8043966366725824,0.5204781500705882,0.5443202889799874,0.5133982366136974,0.7077649816155553,0.5036080552192911,0.8516691332791664,0.5081679640422972
1,119,0.5088899662999472,0.5014488559229776,0.6825253662381412,0.5062443228898145,0.8045931378953183,0.5212451100265605,0.5262372762645163,0.503036939942616,0.7127941830573346,0.49372067999052627,0.8563109765359078,0.5077060624151222
1,120,0.4894066608463818,0.5013466406730231,0.6840103403734117,0.5057662476449766,0.7835367039012044,0.5196742960624153,0.5095815786967034,0.5033141888682285,0.7087507988975869,0.4944465737553318,0.8365012791484888,0.5269760198267645
1,121,0.48338291629109165,0.5012489344727248,0.6856272720437746,0.5029345644446372,0.7646072947921115,0.5181843514131145,0.4992974025301228,0.499080118480747,0.7152054135308619,0.4942402146928654,0.8582586460100172,0.5076096208412804
1,122,0.4861296423724501,0.5011559091064337,0.6853505271556107,0.5041442667740946,0.7583278025564703,0.5167760727195116,0.500892452248403,0.49915948387814457,0.7180898789418548,0.4946380783985998,0.8590647017184021,0.5071193237650622
1,123,0.4955052778961098,0.5013765609058083,0.6851058292934802,0.5038560232439843,0.7526765190447093,0.5177512611681606,0.5081756771257799,0.499554332746947,0.720639607241358,0.49693048175358573,0.8598073351287163,0.5069961665932682
1,124,0.5103327893872853,0.5012795312665819,0.6820647611481132,0.5035820310003464,0.7475601342244091,0.5175887227878492,0.5232735879833538,0.4996249756558548,0.7207021211837867,0.4971786253901086,0.8604376631312652,0.507580606293637
1,125,0.5188606939520025,0.5013825543176922,0.6860661395697495,0.5033220636804326,0.7321244977119855,0.5162475424781086,0.5319857288266526,0.49982285123336373,0.7199238092011182,0.49741261274753606,0.86120892274144,0.5070741358898455
1,126,0.5302911179021816,0.5012914038679747,0.6830898385521815,0.5030759003758494,0.7285463981491358,0.5178433930031908,0.5411925167302866,0.5004505675960181,0.7236099391553709,0.49763211431508914,0.8617857002704412,0.5065883807845168
1,127,0.5435838879963243,0.5012038556462298,0.6825221260021295,0.5028433121859532,0.7256286039746414,0.5174717863969958,0.5524224068915718,0.5007595677169011,0.7233872650353719,0.499413855197573,0.8667578089537681,0.5061239725473061
1,128,0.5569201822736428,0.5011200379706143,0.6857267209651027,0.5039015313540416,0.7230927192974538,0.5162557349532138,0.5543540944057065,0.5005753288920808,0.7277322153119485,0.5146307245491777,0.8458322398221196,0.5051980758151718
1,129,0.5644406961915511,0.5031410406711977,0.6790653591966674,0.5004545485971894,0.744569773537025,0.5137274503579358,0.5610917681887857,0.5151052664352923,0.7186251855546629,0.5005010879059709,0.8651385705985,0.5054162023984982
1,130,0.5756492301286786,0.50113302927919,0.6810094216531777,0.5034344092389357,0.7243791187029746,0.5364234585924672,0.569152238094854,0.5048498416798376,0.7286440948556488,0.5013146187454223,0.856769482315185,0.5148595200222493
1,131,0.5800203052520401,0.5103609777850557,0.6744099256375741,0.5037458110445318,0.7084566440878807,0.5372315814218999,0.5799373545110633,0.5045647140521948,0.7300300999834018,0.501281610602102,0.8577933539272644,0.5144949803606997
1,132,0.5917862305812264,0.5009876522464143,0.6781660339516065,0.5244260471085949,0.7492652761534815,0.5319838468072545,0.5881553065456646,0.5042845351250188,0.7295111963926363,0.5012408007421534,0.8580244554915046,0.5140229699564806
1,133,0.5982874449213532,0.5009196217797727,0.6807847477382258,0.5227427276281456,0.7649119847150113,0.5298618121190143,0.5952357108907796,0.5043959409366787,0.7293558617000448,0.5011937214605966,0.8590784408966189,0.514112381212487
1,134,0.6077594195829423,0.5008547357802257,0.6801522243543665,0.5211259573697976,0.780415455910555,0.5278152565371925,0.6027655875051121,0.5044707285675801,0.7267758949793981,0.5011418116205791,0.8646365622936119,0.5131331537310662
1,135,0.6154927528556886,0.5007930080332921,0.6821055122757419,0.5195800592425817,0.794136696555884,0.5266846338173162,0.6058021573212177,0.5126824897065035,0.7192800086897705,0.5008844437970473,0.8669970101490349,0.5115750929446299
1,136,0.6238112814882053,0.501338765437891,0.6819298812517093,0.5181082952987129,0.806334254001664,0.5274583594024331,0.6141957943389984,0.5132249309558254,0.7209853366372524,0.5008488725247511,0.8718033881242255,0.5107060872958196
1,137,0.6320929645119845,0.5012537563908738,0.6836093845466138,0.5167128892160664,0.8171069383276527,0.5255902778336778,0.6153012975401498,0.5049024440930836,0.7241371651761777,0.5146460734420025,0.8728330176748602,0.5110010236620287
1,138,0.6408804613977032,0.5011716971785288,0.6925307886528864,0.5153950770275346,0.8160242186982508,0.5238007604785697,0.6195379454052157,0.5047298532176377,0.7207679116685962,0.5138515012726474,0.871388612186926,0.5122509676032496
1,139,0.6479936042932192,0.5010927423911641,0.6931322600203889,0.5141551803701776,0.8149937164545539,0.5220926310669831,0.6233909514467533,0.5048508195197412,0.7154439792129558,0.5140256189596704,0.8710679136681647,0.5113351836951552
1,140,0.6535340061197419,0.5011872368944622,0.693780687235236,0.5129926962476558,0.8139554243826589,0.5214057651956464,0.6305516144744491,0.5119831157415382,0.7090925839960038,0.5006805775876849,0.8769076284677233,0.5101388620367517
1,141,0.6586241633303607,0.5011137035164968,0.694767950711608,0.5119063974525904,0.8133530363230876,0.5198595354986205,0.6332474695424309,0.5046522497610725,0.7136109835944977,0.5032012391564257,0.869558719127739,0.5106401128806638
1,142,0.6617756831915051,0.5014700490469466,0.6912215905225892,0.5108944382842048,0.8238761180240254,0.518393060061588,0.635130975581936,0.5146557745750531,0.7037641692381185,0.502985739405917,0.8667318951180876,0.5114587487225732
1,143,0.6636924798161145,0.5013721973193199,0.6921143524280244,0.5099544609143131,0.8221732108332951,0.5170061689970038,0.6427820520926402,0.5040582715191977,0.7027520800823825,0.5121984010457077,0.8687936493138693,0.5099025964761399
1,144,0.6701874592228547,0.5012782109899433,0.6875065723144774,0.5090836985990029,0.820685537681341,0.5168655858464948,0.649954213307082,0.5037799081972579,0.6967984964898247,0.511369867778773,0.8683998908000007,0.5098073915217278
1,145,0.6720605662034401,0.5013574250203724,0.6828068503670691,0.5106340388560763,0.8300747569629895,0.5175908137855815,0.6505877509754006,0.510373695296158,0.6863828232708995,0.5112771922806026,0.8748605261676697,0.5104835850210241
1,146,0.6716054122420321,0.5012705003376597,0.6804485099446753,0.5097319395019894,0.8388733236108987,0.5163016289693487,0.655160150612462,0.5032617600662723,0.6906741595331192,0.5098083331875204,0.8717364283485053,0.5194348205815748
1,147,0.6732621215934059,0.501186903655996,0.6760857834012673,0.5102207044225956,0.8465807623644676,0.5150813174060188,0.651644182307882,0.5031038488055425,0.6929431907174497,0.5237947192052517,0.85389199238845,0.5169779100454709
1,148,0.6750268047322623,0.5080977784629515,0.6688201551512609,0.5101241637857429,0.8667740178693221,0.5102643179361026,0.6467225359351527,0.5170042801270074,0.6789755762098871,0.5087526174155205,0.8778346422600348,0.5169944345781484
1,149,0.6837818066471615,0.5012770971314308,0.6651873463853233,0.5086549361402827,0.8572247649549319,0.5317377709682527,0.6471580409516697,0.5062568553125015,0.6802189436136435,0.5188675966872633,0.8825477083927742,0.5153685952473118
1,150,0.6878496533250164,0.501205346501508,0.6650288369190195,0.508942625371884,0.8629020455762103,0.5310088575406499,0.6441669336785977,0.5057940855412909,0.6763949768148761,0.5175049249680946,0.8808573769000311,0.5141585089172622
1,151,0.6913136709099734,0.5011358475132563,0.6623865348287108,0.5082778203306128,0.8683558185801693,0.5289100279747906,0.6396802071798404,0.5055344725969702,0.6741406780696023,0.5187790976077622,0.8838060068106254,0.514454804790221
1,152,0.6944970472296201,0.5010686106469944,0.6655638669242243,0.5076543859411676,0.8731728846651355,0.5268895015846676,0.6376192402780001,0.5051179665784495,0.6736117480298097,0.5173987109141828,0.8869008525463441,0.5133282972590243
1,153,0.7000752393354379,0.5014876804278499,0.664534829191667,0.5070702047393489,0.8776804651864134,0.524953200227604,0.63771950143356,0.505029783225855,0.6743171818145421,0.5160870946778748,0.8894997810511305,0.5135469619215601
1,154,0.6989054515363738,0.501405146193951,0.6660226092767696,0.5065232916821116,0.8814606679484189,0.5245274331489044,0.6327391125033613,0.504719911233985,0.6807853152589395,0.5374935816423888,0.8659346311120594,0.5133070251272308
1,155,0.7030251382244742,0.5018886184029621,0.6631084204974428,0.5050819485228677,0.8175650350633188,0.5599220268041213,0.6432518124779376,0.5089512564040918,0.6758378067973883,0.513674566483955,0.8854746078935156,0.5122950101212798
1,156,0.695371386127703,0.5055815975835828,0.6680010184009753,0.505533926330945,0.8356152283237606,0.521980149509544,0.6441926767995954,0.5083197156658662,0.6728632212170353,0.5125739367660193,0.8788727249488585,0.5133161992810908
1,157,0.6911952595516146,0.5052143104881216,0.6666535355199544,0.5050880582375987,0.8221313935467052,0.5231008976833926,0.6450947755472701,0.5077166599283983,0.6697279304700745,0.5115427948009118,0.8681156676407032,0.5132062758043647
1,158,0.6910386390615907,0.5051179661359956,0.6678316375833964,0.5046725966209545,0.8311906325396183,0.5246322174669563,0.6480281757284616,0.507379472229025,0.6711772455283939,0.5105797215986994,0.8677873100811849,0.5131741868571251
1,159,0.6902953039558127,0.504770105632742,0.6705606005671079,0.5042860231209262,0.8396116036310219,0.5229365883352368,0.6445092554554521,0.5073742292260875,0.6706433688429216,0.5267419826298584,0.8504277630372468,0.5127186177423196
1,160,0.6941594600945385,0.5044363711939593,0.6673843934840656,0.5039268719378162,0.8360479661401905,0.522437874025665,0.6491085991183813,0.5109617816832199,0.6627541616012538,0.5088498341427401,0.876689562083694,0.5113568443822001
1,161,0.6968568484664549,0.5041174456777554,0.6684032151629632,0.5035937203395606,0.8332491658506554,0.5208787633458604,0.6497619411596457,0.5101761383774989,0.6671359584515213,0.5088550340993541,0.8802935524113429,0.5105183192008949
1,162,0.6996064419069534,0.503813823334583,0.6712294811708013,0.5032851817798015,0.8307554832973584,0.5193929994689702,0.6527382422817254,0.5094282961617607,0.6710439430704385,0.5081057732890453,0.8834231101104731,0.5108324457449063
1,163,0.700160113169993,0.5035258183256516,0.6738341352107773,0.5029999015638772,0.8178181276015094,0.5179811024288635,0.6551634992781715,0.508925244731515,0.6725015243459602,0.5082451212879829,0.8862991477495379,0.5100542041987706
1,164,0.6986855138042962,0.5032535764448767,0.6744130965103446,0.5027365548160518,0.8060558207426782,0.5166431133224668,0.6529238134759188,0.5058477465319159,0.6811677219962385,0.5308014014079121,0.8719760059597357,0.5090964746030705
1,165,0.6994193948004174,0.5035039294923837,0.675478851347286,0.502493846379331,0.7953236569834495,0.5177311185225141,0.6515757970661176,0.5308211194503953,0.6732622831445958,0.5071785305570445,0.8891843837657113,0.5075797935472365
1,166,0.698471056682435,0.5034975436382254,0.6777950813962789,0.5022705122148307,0.7963695875834859,0.5190941829851017,0.6588565190737949,0.5102329977021514,0.6915304597017088,0.4973601545579686,0.8834609287177065,0.5173366483138107
1,167,0.6973275029186431,0.5036729481727055,0.6778419509762623,0.5020653218523472,0.797630748517433,0.518513689418205,0.6582503491463784,0.5095005118024427,0.699521381702103,0.4988169863121533,0.8765370711957255,0.5164626514525369
1,168,0.6960974043395809,0.5034044928546613,0.6787190187257921,0.5018770814666237,0.8095107772838271,0.5173845915354922,0.6624843436314513,0.5094946602377908,0.7039570890596077,0.49929146165415583,0.8657185019133651,0.5155361982242733
1,169,0.696935002626261,0.5037383437314846,0.6767818748148394,0.5017046372031634,0.8093373181997092,0.5162988074224693,0.6600230719996515,0.5087945053902955,0.7060873742823894,0.4993115421361081,0.851255067020424,0.5154202888432238
1,170,0.7036089879397783,0.5034680850062836,0.6749942413776091,0.5015468784423908,0.8091455630764604,0.5158407549549664,0.6536413674403708,0.5186685219827575,0.7049002799133537,0.4992926278748532,0.8335678182721274,0.51474849095302
1,171,0.7042186203643905,0.5033389477720639,0.6734923768085749,0.501402740762188,0.8088801004689598,0.5160961841321116,0.6571496415547445,0.5189914021132319,0.7020074620736723,0.5001731864619154,0.8015653038197145,0.5385807355842195
1,172,0.7009222543143261,0.5033219794329007,0.668349421671133,0.5012712084290667,0.8090341803080859,0.5151608699771858,0.6498697314842073,0.5118445939771638,0.7154682846116763,0.5131125441103627,0.8208374359355974,0.5124145616178214
1,173,0.699570694967082,0.5032344091114637,0.6657992318712866,0.5011513163124058,0.8197395763559666,0.5142585721022096,0.6507139366315513,0.5109758280440679,0.7185484115446922,0.5124144836856847,0.8255047915239463,0.5114567227555429
1,174,0.6966730178391557,0.5030134498881088,0.6668565833896279,0.5010421511712042,0.8292802293380744,0.5138644022562537,0.6515403966812245,0.5105837683873828,0.7208978963572438,0.5121946542718339,0.8249068969811262,0.5105576628772003
1,175,0.6955355936764394,0.5029326956299662,0.6678186738165638,0.5009428523072507,0.8379437764745193,0.5130397142968156,0.6545687315978056,0.5097754157115708,0.7255222227318691,0.5118249164431014,0.8291532912406272,0.5097157729950422
1,176,0.6921656842260628,0.5100958212183333,0.6642717149576384,0.5009918251526225,0.8411124717989322,0.5152714092158438,0.6476673014848421,0.5068818087093306,0.7321930384098753,0.5344147383867585,0.8185471327453591,0.5091344975636353
1,177,0.6962533858222114,0.5026871914874335,0.6720755845066834,0.522198562101036,0.8299931893686396,0.5123249673780271,0.6527869786861232,0.5115289923618012,0.7240029356971899,0.5111504640298798,0.8362692183960853,0.5092342714926137
1,178,0.6953330790392047,0.5026274639254624,0.670560543258809,0.5206464909487887,0.8277709979781649,0.5121342507926878,0.6557654867834039,0.5108917477436957,0.7241805818139538,0.5107683742006099,0.8433761032284031,0.5102453819068393
1,179,0.6947636256300033,0.5024589460715064,0.6693663783507097,0.5191591988960333,0.8257792793444018,0.5114314491004457,0.6582573139426205,0.51002932968069,0.722415326665002,0.518693477415926,0.8318157527511612,0.5177461177104096
1,180,0.6916123342234355,0.5026411559596428,0.6738440039188567,0.5177401484203454,0.8239886504535906,0.5115597351036821,0.6589353585988541,0.5134594352569816,0.7112080365782806,0.5094740629205063,0.8524540949044053,0.508693231167789
1,181,0.694738590979018,0.5026086824360197,0.6732853397852576,0.5163918464167092,0.8225238515867238,0.5109044635016234,0.6549100680084907,0.517767231002172,0.7027476209781135,0.5094384183277413,0.868492569291059,0.506574851499558
1,182,0.6919536349593661,0.502568838851481,0.6717396658153818,0.5151158728694506,0.8213333257564513,0.5102681801704394,0.6550765361495445,0.5118961817641045,0.7069551174359099,0.5082552371027966,0.8623208996927608,0.4993731810453939
1,183,0.6912979120603432,0.5024129474651995,0.6723829616388789,0.51615742995105,0.8200526595045943,0.5096512710258831,0.6447337499641997,0.5185090436674553,0.7060524297606912,0.5317871400563996,0.8497991120282142,0.5003667044212609
1,184,0.697690635853283,0.5021987493166322,0.6667958383072393,0.5130504054193308,0.7796002628879349,0.5603425265018405,0.6471357353621309,0.5212039942806133,0.7008515218939498,0.5173924786732013,0.8751950069599257,0.4984687088152785
1,185,0.6922891134588118,0.5059644206850569,0.6715331182724034,0.5136851180010992,0.8179892496128437,0.5092203982316883,0.6454104863159343,0.5126274226059289,0.7102344002957767,0.5326213632219893,0.8538673980208085,0.5104336011557736
1,186,0.6957103951743341,0.5055604277926704,0.6683191835350153,0.5125621529471929,0.8168765608370797,0.508665494616378,0.6462358136773007,0.5158150011318078,0.7050145522488466,0.5151103872161936,0.8748281274985052,0.5096623719529763
1,187,0.694727127699383,0.5051726012127866,0.6692576629873417,0.5115130453947474,0.8160655857858314,0.5081282500477164,0.6433181137764712,0.5147299132259056,0.7064366300239332,0.5150357912900918,0.873884175331573,0.508979848112886
1,188,0.689944046716725,0.5048017106197035,0.6702900491225234,0.5105358739696506,0.8153383121003321,0.5096100535741271,0.6429849117369923,0.513691127632778,0.7085603274133806,0.5148690985159663,0.873013813547106,0.5083277006045285
1,189,0.688255194387133,0.504613289404148,0.6730632571751187,0.5096282594916136,0.8252523842597919,0.5089995035369935,0.6439523322415287,0.5228521750530256,0.7029681533034684,0.5081736648612634,0.8649216476197873,0.5081517531779706
1,190,0.6916446383170106,0.5043930519241221,0.6761832432014857,0.510405991325631,0.8342848522365164,0.5084085440236631,0.6351842606073073,0.5355491638921803,0.6933782651112113,0.518036372768543,0.87488958518053,0.5200469800107346
1,191,0.6949620320866335,0.504164017309463,0.6766955171623671,0.5095643930176511,0.8425626022011817,0.5078387498018934,0.645291431670811,0.5112762387971486,0.7091762133564788,0.5407310100829689,0.8693114176417353,0.5168935027281081
1,192,0.707889226884701,0.5040936264694007,0.6764245570631543,0.5087794564472407,0.8498830210752529,0.5072914899560832,0.6466343211089056,0.510425222910542,0.710379997794545,0.5394075317102667,0.8737869631659072,0.5156576154589136
1,193,0.707969425482505,0.5038861763337891,0.6787526945530278,0.5080488419530527,0.8562827663200384,0.5092826704335783,0.6477971252190412,0.5096219400758963,0.7118237508869897,0.5364931401111064,0.8730704727800683,0.5144815799416724
1,194,0.7065273532209589,0.5037757760010273,0.6808116934673466,0.5073701174971494,0.8621748075402038,0.5094637056665651,0.6490607729754503,0.5088659327985002,0.7128922840632148,0.5337261805924237,0.8723421045881905,0.5133669488999608
1,195,0.7106016482873171,0.5035187918729292,0.6815377975518032,0.5067407905650106,0.8676611109269635,0.508923645196966,0.6503773296509058,0.508918943343453,0.7137953588490301,0.5321499391855395,0.8665418914099663,0.5123145307181566
1,196,0.7127487813055193,0.5034004580109629,0.6831461653238171,0.506158335664541,0.8724312106304615,0.5094282660322696,0.6481774833469347,0.5170383996881389,0.7112437697798384,0.5289312716710869,0.8533541437960838,0.5113758890985741
1,197,0.7120083629218199,0.5032647831833021,0.6828174784499554,0.5056202181479117,0.8765803154896685,0.509607848811393,0.6537372284128881,0.5083567932548129,0.7153339829067396,0.5356202431759757,0.8433198463171304,0.5113127047059604
1,198,0.6998347965106578,0.5205734081899328,0.6719413228320261,0.5024988221843778,0.8877778141873897,0.5124403993574548,0.6561296812953534,0.5089791339157433,0.7100145712117812,0.5334275691324166,0.8313174272252076,0.5111162018757625
1,199,0.7025284230091102,0.513123255701324,0.6719298591393208,0.528514214940796,0.8754257913167812,0.5349051395555989,0.6561613938958586,0.5085888014355687,0.7094357409850717,0.5308298100309592,0.8206065205738386,0.5109106111152147
1,200,0.7066797170190101,0.5125656634951389,0.669741608097881,0.5267718402756102,0.8810780407294064,0.5326247668467697,0.6565185354287022,0.5080737592813778,0.7063650179148779,0.5283842673173905,0.8206471180831514,0.5110743170009758
1,201,0.7063054530261537,0.5026066659353053,0.672805326681335,0.5525782356875505,0.8634284013642594,0.5260759650659156,0.6557075287868407,0.5075810652084581,0.7081918089871851,0.5277603068417372,0.7859357271718151,0.5107444156403816
1,202,0.7048114711235535,0.5024327932480701,0.6711586350462199,0.5493549663581854,0.845791434524029,0.5242601048026593,0.6530468818667976,0.5059013720257509,0.710922981559882,0.5475319996207109,0.7695591271322502,0.5109137996707925
1,203,0.7050359510559076,0.502267630937464,0.6658470497572341,0.5462156199161419,0.8302545031734901,0.5225211837626235,0.660991269714659,0.5100470569634008,0.7034256007294637,0.5234358169278136,0.7715827845001798,0.5109143797422897
1,204,0.7014149298812965,0.5021108639776228,0.6672562778760287,0.5431720013326062,0.8165298190220975,0.5208627824215515,0.6609341299999278,0.5118534405348262,0.6985672226874057,0.5167990304163765,0.7667509781746101,0.509647007987328
1,205,0.6980017178966276,0.50196221012876,0.6706129042306388,0.5402343976072289,0.8041246586321149,0.5225730219280341,0.6644054077831164,0.5087364698777616,0.703357722904614,0.5276221256030105,0.7457236762782398,0.5093565250790235
1,206,0.6882457724537347,0.5110430186628699,0.6710996460731478,0.5436446113518051,0.7803239478108273,0.509883923006574,0.6654132354331427,0.5082603805675338,0.7051878290746028,0.5255954613110108,0.7431655049899367,0.508643050793885
1,207,0.6906376417089468,0.5016882458105514,0.6758362499561015,0.5347102448997652,0.7935230459090203,0.537141486838039,0.6699716424244833,0.5072434703208393,0.7006590589460109,0.5247193546570316,0.750302875103543,0.5090081500145087
1,208,0.6952612294453205,0.5015624857609315,0.6779612199434315,0.5321360215960433,0.8050799559957162,0.5349482225872578,0.6726471640856443,0.5062851355204455,0.7062323931577696,0.5228373163163555,0.7473281448697785,0.5087025894673318
1,209,0.6945998148225306,0.5014439271927627,0.6784851999946557,0.5296924941884203,0.7939625674914083,0.5327971913184454,0.6712020258726681,0.5058223826256503,0.7078202529139755,0.5210639172209534,0.7539529508222855,0.5080429096869968
1,210,0.6962336901232943,0.5013323662395545,0.6783567203715369,0.5273817821169291,0.7726260660968024,0.5306985797562305,0.6697211196089372,0.5052600941617389,0.7032337735067905,0.519397189395817,0.7596688584723652,0.5083466088992422
1,211,0.6973749352425289,0.5025053897851571,0.6780638255632656,0.5252045435133453,0.7766251929535741,0.5286615345502284,0.6647839680401791,0.5030154900052576,0.7063692441520906,0.5395233580899725,0.7450544494690569,0.5080776533529332
1,212,0.6968318062711009,0.5027900721473925,0.6758047885701907,0.5231601043938197,0.7800072540030293,0.5266940297431029,0.6612281372221738,0.5028029127162756,0.7123843444641803,0.5376692695101966,0.7407326791210287,0.5075074866473485
1,213,0.6993193444966633,0.5026015960129282,0.6776725878844518,0.5212466051602422,0.7830497132824045,0.5248027790857169,0.66114002385763,0.4984283286444702,0.7149370025591301,0.529015445595295,0.7549381975787389,0.5072602220172228
1,214,0.7001227149949588,0.5024210034898003,0.679663628091963,0.5194611574655802,0.7962736821705919,0.5242251727983632,0.6629832225508644,0.5030714678337196,0.7125601016175217,0.514319987657744,0.7790387574741447,0.5078079830836277
1,215,0.698633766756301,0.5022485055034094,0.6762148617488736,0.5178000050313091,0.8080666324543522,0.5224741797709063,0.658243961406936,0.5114035371126785,0.7082148608383549,0.5139985074639921,0.7788856350021157,0.507026046283843
1,216,0.695658117018519,0.5025116103954114,0.6726104272809172,0.5162586828030238,0.8188823244864333,0.5216808133372923,0.6595865956668182,0.5124033302997894,0.7065696623821651,0.5227420255959273,0.7779906501109181,0.5074943258864659
1,217,0.692562172162364,0.5023262452324547,0.6718266388884637,0.5148321697944868,0.8286539986754794,0.5200964274531642,0.6645409994135978,0.5023050201439333,0.7107997573999455,0.520449136886795,0.7814629433793532,0.5158929630135632
1,218,0.6859321818443537,0.5024505080775094,0.6704170397804285,0.5135150320065553,0.8375525227605545,0.5185940195303659,0.665839318592888,0.5027896299396837,0.7095839997856027,0.5188703218713383,0.7842631213156501,0.5157048017959848
1,219,0.684214507354437,0.5022716441235122,0.6711993036775998,0.5123015528346134,0.845541166331506,0.5171739871746137,0.6691582008804494,0.502700899800329,0.7050415887361354,0.5166667977378431,0.7743769813968424,0.5345839042918298
1,220,0.684344868671394,0.5021017398056067,0.6725568100187487,0.5111858493333197,0.8525438551753313,0.5166622220804856,0.6621445267957509,0.506379572649901,0.7079358699877841,0.5168709218707617,0.798037205509411,0.5135631005627845
1,221,0.6845411925759529,0.5021998639526509,0.673539593599102,0.5101619735474482,0.8585530938037736,0.5194764195817859,0.6671723838956976,0.505923770169442,0.7080720418730897,0.5158352219182922,0.8038486012965271,0.5125685807734903
1,222,0.6884253636336879,0.502258308549882,0.6737640640731639,0.5092239988178865,0.8642955066870327,0.5191996360254661,0.6678771553863149,0.5054918571741145,0.7093133980580224,0.5145788490319293,0.804305718579526,0.5123641769778379
1,223,0.6921203833142517,0.5025241657675846,0.6744314237181654,0.5083660915241305,0.8692184089820577,0.5184409696800054,0.6691613025018626,0.5051558671528849,0.7103617495882228,0.5136638045476678,0.805026645743043,0.5121869986903236
1,224,0.6962831315854857,0.5023460025026123,0.6749207942247707,0.5075825691330171,0.8625639673131579,0.5219543412944981,0.6696867238325123,0.5047736626967321,0.7073775362315687,0.5125738003589723,0.8058806994783306,0.5112820144708974
1,225,0.6952731909935976,0.5021761807795224,0.6731628144437399,0.5068679457008467,0.8573605173626716,0.5206328672844205,0.6680974155262536,0.5044142052391842,0.7065925026788186,0.5115583840136053,0.8066562794550788,0.5104254104188877
1,226,0.6946519647806644,0.5022651938105818,0.6716707555855878,0.5062169661404974,0.8526520647091355,0.5193609277643964,0.6625828290717728,0.5040768668628196,0.7053246690801306,0.5106139539945638,0.8118618325097847,0.5105501550791942
1,227,0.6915268274012429,0.5123986930360369,0.6691340950894711,0.5065618377489073,0.838554064937587,0.5129257213596748,0.6631833240627238,0.5037609145309788,0.7085668072335968,0.5097368761262616,0.816592161387155,0.5097334495447559
1,228,0.6969026976343401,0.5021445850222198,0.6729964815999092,0.5085659325523187,0.8429792683926707,0.5366196997643015,0.6635352911230468,0.5031783621022641,0.7139156810073469,0.5099033547576454,0.8113530119331575,0.5099378618284616
1,229,0.6957894904912104,0.5019957993041575,0.6713252910173297,0.5078894038122646,0.8502344337052141,0.5343870469470212,0.6642209983623555,0.5030743988965453,0.7128689850004782,0.5104671284629232,0.8064087162220707,0.5096901342117839
1,230,0.696459541124555,0.5018538712151239,0.6699827729420837,0.5072597115097155,0.8567616991420807,0.5328398493740927,0.6653705558278208,0.5029890533527699,0.7100310469100183,0.5096389202522218,0.8115080428538439,0.5089428348010419
1,231,0.6991417978308603,0.5017188698116516,0.6673479980942246,0.5066739678647741,0.8515401323845373,0.5342846632797211,0.6699586936171249,0.5026690132427674,0.7090732242728954,0.5091420747201921,0.8113839068222328,0.5082400364320544
1,232,0.7016404747732613,0.5015908247868978,0.6642864088240972,0.5061295060164283,0.8471607079526154,0.5326243144596415,0.6680381961405832,0.502052269469934,0.7085434036960873,0.5094611701751178,0.8159648306918144,0.5075808244454462
1,233,0.7037942681484075,0.5016661990411514,0.6625375001288794,0.5056238530578264,0.8431126864677204,0.530977662964225,0.668334157861516,0.5020856453707845,0.7119237017812317,0.5087244185765045,0.8201514769790947,0.5080057348643556
1,234,0.7074648131299134,0.5019763844158133,0.6612861499012955,0.5063384284724143,0.8501322654804413,0.528981039392539,0.6664932851451534,0.5020879401373703,0.7092082323638694,0.5080365497779507,0.823955559311665,0.5073582789318606
1,235,0.7049790431092984,0.5018356203983728,0.6678771745862944,0.5058803997005888,0.8567622433063817,0.5285410869560846,0.6627648422770835,0.5018220559846381,0.7086055697802218,0.5073951152447937,0.8272782070170733,0.5077949692560811
1,236,0.7030327999232838,0.5017018094448668,0.6692280142201886,0.5054492872562546,0.7868912391112011,0.5280348158889813,0.6578755650468708,0.5019664416615836,0.7078551684488846,0.5067977284731181,0.7599306059253083,0.5080128359032605
1,237,0.7054595950210533,0.5015749646296452,0.672292312850782,0.5050437145879861,0.7241226763435435,0.5286189719259177,0.657949030162305,0.5018118899939057,0.7071125563282192,0.5072591995685849,0.6993200984891559,0.5073738741423204
1,238,0.6991610931276725,0.5063028280969197,0.6673558227671673,0.5053996308860264,0.6629957898389077,0.5275047630540505,0.6575956918339237,0.5014884815314985,0.706563801634231,0.5066748370236581,0.6448159303378029,0.5076180746719795
1,239,0.7004452994613,0.5013420275345322,0.6675251088518264,0.5066854005833786,0.6242966934725792,0.5475109064487531,0.6573438042286274,0.5017567637721092,0.7043855189287318,0.5070420407105658,0.5957800369792297,0.5074951686780554
1,240,0.6992470998492387,0.501235766488885,0.660733406197721,0.5061854144001122,0.5778053446347914,0.544322277732252,0.6565040210660418,0.5016095576786046,0.7050884412670776,0.5064817866995739,0.5517648170062779,0.5069224877582518
1,241,0.6983373301513627,0.5013595845607631,0.6545778915643004,0.5057131647110806,0.5361018505751859,0.5412681144242806,0.655900005176717,0.5014725148149042,0.7048132276672003,0.5059579683903869,0.5120567176044019,0.5063841728858293
1,242,0.6998605250865677,0.5012613454878012,0.6524763257083229,0.5052682222050578,0.4985415518935174,0.5383523020191122,0.6574666885518985,0.5018360605331601,0.7071273096263329,0.5054691766753917,0.4764221239933874,0.5065954309359991
1,243,0.6955973962272621,0.5006685006588226,0.649824317731831,0.5048194614267226,0.46186561532221243,0.5421701731440798,0.6573576008434774,0.5018611276205343,0.706474752851622,0.5058874582493269,0.4442255309206855,0.5071243183137695
1,244,0.6994644492396401,0.5010806651145913,0.6559558883386897,0.5269570063228557,0.43879357851072465,0.5335236467097301,0.6594061649259686,0.5015322784380289,0.7060611611196773,0.5059905175819501,0.41466513210266137,0.5065820615794111
1,245,0.6983970411659394,0.5009979959524775,0.6560719684332934,0.5251213383847461,0.4096432385097405,0.5310408419841589,0.659085455161985,0.5014172300448209,0.7033374810221805,0.5055349132961393,0.3887289447109393,0.5060712169332148
1,246,0.6980661886970663,0.5004860535019132,0.6547172907437925,0.523356081247089,0.38345120375923875,0.528696379513626,0.6591378896852982,0.5017351225581536,0.7044423982530644,0.5051065135543477,0.3646412503048851,0.5061046174316302
1,247,0.6967362311132289,0.5000175349574552,0.6491130007471175,0.5216660689834348,0.35860282734620746,0.5271095692462264,0.6585505930997557,0.49656963556389455,0.7006894512472908,0.5063101514994087,0.34426762675344713,0.5057939569412133
1,248,0.6938252575962813,0.5000080954574092,0.6496403410328957,0.5200550157059608,0.33616788876887355,0.5282816527497548,0.6618749212650942,0.5010639957032716,0.7073087606820359,0.5152321908982282,0.32368068321252347,0.5052119316911948
1,249,0.6879802957932497,0.49468477481546674,0.6444312554086145,0.5161378271466711,0.34417212182478235,0.5586991281966193,0.6614857217568882,0.5009794404626366,0.7084097734950089,0.5141529902852876,0.3044167978627349,0.5048051844847318
1,250,0.681477014841469,0.4958973184785921,0.6501292359811529,0.49691079515602626,0.30292461288609085,0.5247846859290368,0.6610582182082785,0.5009002606424255,0.7113624992715984,0.5131220469698935,0.2870312322990163,0.5044238282624376
1,251,0.679942071909645,0.4965842589820883,0.6468074758452256,0.49781259084937435,0.30735321025262907,0.5245659274812348,0.6623351331018741,0.5006665330002216,0.7144013065726262,0.5128428904838614,0.30461658532163,0.5045332216627547
1,252,0.6859494311492162,0.4968182836089119,0.6458288786517573,0.49791936829851047,0.323684398656579,0.5227720708070324,0.6664400605348396,0.5006180205165677,0.7165173895498861,0.5118853310573583,0.33374919541231396,0.5051791576701703
1,253,0.6880165102423609,0.4970435130631225,0.6450048559902058,0.4980373553692032,0.3501327948989695,0.5227246486044206,0.6613470781777192,0.49801943634476187,0.7131010180597763,0.511686440996782,0.36539393618255495,0.5051150577889781
1,254,0.691525826000254,0.4972592070194679,0.6396490504188552,0.4981624788586359,0.395077781045268,0.5211277822394168,0.6603070590099569,0.4984120396883718,0.7073122155725468,0.5214580217830053,0.3931507952863429,0.5061829699935884
1,255,0.6931829355085792,0.4974648023522614,0.640047619866934,0.49829118637511005,0.44638093465770273,0.521970245295153,0.6635034557655753,0.5013927277567711,0.7097172669821088,0.5280267883655811,0.4318987876988132,0.5053925091737566
1,256,0.6947823496083103,0.4976599054331918,0.6433067893919464,0.4984204683545245,0.46766902673643773,0.5229152261050622,0.656727810268392,0.5014551069975756,0.7134504850526977,0.5474133149685432,0.4711185862562099,0.5072729139232264
1,257,0.6957711047570321,0.49826929298769,0.6463664725906721,0.49854785446913263,0.4897226686688549,0.5223956210162626,0.6649427384530382,0.5053209703172732,0.7079690546858025,0.5244990818638404,0.5066464877037505,0.5061027072305239
1,258,0.6982669809415835,0.4987076424512223,0.6517967835352937,0.4996792980499759,0.5095814942362157,0.5210611827658498,0.6660780346997129,0.5046239164399783,0.7028180121202118,0.5234621466875927,0.5367735699966195,0.5057086385604025
1,259,0.7046666384270324,0.49923889064868276,0.6544174272505411,0.4997872089169174,0.5267840259831981,0.5197808749584741,0.6651874431465482,0.5043076891200623,0.7003029710705396,0.5216702742850132,0.5628836273810376,0.5053318985230421
1,260,0.7027006623101071,0.5023472585628165,0.6525198316351462,0.49979682786266316,0.5301382721928815,0.5212917379130166,0.666186327526909,0.5040036195401782,0.6979660240234633,0.5199784829417091,0.5834728433645666,0.5049724187944824
1,261,0.7008371021152983,0.4951912439724825,0.6553811875673773,0.5245379291123871,0.6052787039969533,0.5154590468860162,0.6653105735401382,0.5037125900114118,0.6979599165394731,0.5183865543244275,0.610011477533924,0.5053386345613105
1,262,0.7043770586608571,0.49984484497118187,0.6609970534742846,0.5199667465154819,0.5927490841902644,0.5382654927913865,0.6641033180128711,0.5036232618360491,0.7019515067107011,0.5168933893366955,0.6245125236427496,0.5058851841266362
1,263,0.7005276332238041,0.4998833975863513,0.6628338227117226,0.5186115064800306,0.6042394876259839,0.5357211185415263,0.6610764752937234,0.5036489135033603,0.7055594686121378,0.5154971155363182,0.6388659659293042,0.5054948265899619
1,264,0.6944249955639095,0.5068566825847007,0.6628648523790672,0.5201885963676486,0.5990312118483028,0.5338249302502778,0.6601547130870404,0.5033464161244469,0.7107623348008945,0.5147010930562137,0.6466953281632525,0.5051200017654794
1,265,0.6985418680468006,0.4999423714519702,0.6672767230086912,0.5160563422574588,0.6412333770454586,0.5534148296194038,0.6578881898282738,0.5031147236214665,0.7120640266390509,0.513816698580243,0.658130295052053,0.5047612403979383
1,266,0.704539166801957,0.5009876873724756,0.6632026130852468,0.513005486139921,0.6260210275446025,0.5878628437487273,0.6493407103659063,0.5039259096800361,0.7187879198642169,0.5302085152001517,0.6665405925518835,0.5041592814502378
1,267,0.6983154711240247,0.504687353608928,0.6665175992392498,0.5137301433006669,0.6529840183605363,0.5473239642356883,0.6491375026128322,0.5076111243112389,0.7118829948792904,0.5120751998738229,0.6961198736438778,0.5040934390516105
1,268,0.6971431289495285,0.5043874256496047,0.6638626892507286,0.5126579461424637,0.6578204191529918,0.5440218599031923,0.6457304855057472,0.5072984377033627,0.7106435880897568,0.5131266161126813,0.7121320965954605,0.5037848512900376
1,269,0.6996798439689208,0.5040969745242848,0.6623805333067343,0.5116474405846748,0.6517675227526933,0.5408669432049401,0.6444657231489703,0.5069388917097649,0.7075375597596364,0.5121218478719691,0.7271180707760887,0.5034932286168083
1,270,0.6982092663034053,0.504126362749459,0.661978847047372,0.5106985488922499,0.6543882792926297,0.537863599921533,0.6449068114509426,0.5065666250821838,0.7086538168033217,0.5111840216380098,0.7403366306303798,0.5032184836752049
1,271,0.6973019819790098,0.5038438004362197,0.657973970624658,0.5098105696500469,0.6588178307164603,0.5369556356004657,0.6421499570294841,0.5139316039495968,0.7010118632044389,0.5109514463469266,0.7439087356799561,0.5027741621695357
1,272,0.6970940646889147,0.5035725005252801,0.6586269917625344,0.5113626842663581,0.6613897761425378,0.5358608805352957,0.6466701982702,0.5059692233783347,0.701539700868536,0.5188491540281647,0.7529740491711586,0.5027187056543779
1,273,0.6998925585799031,0.5033131151804813,0.6591763131575303,0.5104282350531232,0.6542211335840482,0.5345451896698307,0.6420295155173187,0.5147618056553721,0.694478176152342,0.5175337687947973,0.7518894592726894,0.5029068966501856
1,274,0.7008339659054988,0.5030661320408705,0.6608721954073997,0.5095561268961215,0.6479357635091028,0.5321342223365414,0.6461110242365457,0.5052640710175413,0.6956695278309245,0.5250086816955256,0.7588919914615773,0.503027995710315
1,275,0.7017593787712687,0.5028318788087239,0.662052376218468,0.5101481000512079,0.6424504449492201,0.5298502530363847,0.6471209602863753,0.5049034447634244,0.6944967005044737,0.5231893953501479,0.7501547363157254,0.50347614705256
1,276,0.7001821864136025,0.5028488972481809,0.6634642477080203,0.5093521146155505,0.6374762191038797,0.5283605879711802,0.6478993217631958,0.5041383204673462,0.689278004902062,0.5214613413784689,0.7376293826000916,0.5032312366870967
1,277,0.6991828370348566,0.5026334036767462,0.662847114451381,0.5086068904574789,0.6326972194970548,0.5268367972648427,0.6450862175366415,0.5112249884807176,0.6815581344678804,0.521339892810864,0.7223563795093992,0.5031976072313952
1,278,0.6960933684135048,0.5024300137870759,0.6599623452997003,0.507910601447383,0.6286639104712249,0.5255742301789302,0.65267762987935,0.5042581238021985,0.6814364241105689,0.528368237103117,0.7247173110874515,0.5027761529921357
1,279,0.6933285634422425,0.5022386260044901,0.6557148661028338,0.5072613189296679,0.6336485267118318,0.5253576733207411,0.6531650023282807,0.5039558694539436,0.6808843797854743,0.5262871565665979,0.7285894072118986,0.5025661466158612
1,280,0.6919530874803904,0.5020590504011343,0.6580070506581688,0.5066570390311218,0.6513006371063741,0.5240621375095476,0.6553873298822568,0.5033054222259378,0.6786728230607859,0.5246129478995698,0.741097395843524,0.5023678223683924
1,281,0.6880212292972756,0.5022094222268227,0.6599811281010036,0.50609570584331,0.6670312564949212,0.522472158964291,0.6532734103345066,0.5030550982579375,0.6806321052593406,0.5229735731639941,0.7522694424205347,0.5028532080667031
1,282,0.6852565344384067,0.5022562359726586,0.6650954976033727,0.5055752313601181,0.6812777240116389,0.5213435961013989,0.6535875800819988,0.5030373449299378,0.6823230396714205,0.5212174919187248,0.7624091819156588,0.5026534661372812
1,283,0.6855147739296993,0.50208980939084,0.6663025505699474,0.5050935129126762,0.6941816606864497,0.5199293565373923,0.6520739212966229,0.5129618586468232,0.6753208185780065,0.5159457305886505,0.7637977531727084,0.5023962349820212
1,284,0.6855830479854865,0.5019326936768446,0.6670478635539256,0.5061064084130705,0.7055733607990626,0.5185895630914436,0.6500538191550359,0.5131816132522729,0.6751434841712879,0.5271185016566421,0.7723314157936998,0.5024210671487873
1,285,0.6872018269589893,0.511016405218403,0.6640698354993008,0.5060838108955814,0.6903982425186531,0.5202076591024211,0.6541072540499512,0.503024812867328,0.6815815046869442,0.5236521421119538,0.7921814381754702,0.5114790902384089
1,286,0.6994903445709172,0.501884759129446,0.670751657026332,0.5264294845029199,0.7242370798012405,0.5161201414224469,0.6520878365109554,0.5024671731251928,0.6772413338447603,0.5219647981294937,0.803160194876536,0.5106711687099014
1,287,0.7026368101677831,0.5017476915242381,0.6693259710084701,0.5245799849045617,0.7329595832613128,0.5149846194970678,0.6532756139077404,0.5024726185284895,0.6771683248045922,0.5212924830415027,0.8087529772411951,0.5098978004479916
1,288,0.7021975691596392,0.5109714514678264,0.6635243903798559,0.5048044493386747,0.7052772161159435,0.5169092859025622,0.6511294638180044,0.5023148158447285,0.6810802315040426,0.5197198251378475,0.8182244067740774,0.5101946965803252
1,289,0.7011486179785662,0.5080414574120021,0.6602799586610963,0.5395593896702627,0.7188161339430322,0.515665052401782,0.6549912751434769,0.5026950811776829,0.6829652230710156,0.5184618032973058,0.8268514105054533,0.509424274159951
1,290,0.7033827188535942,0.5111291197595677,0.6600123294191677,0.5367452118353586,0.6915603673297458,0.5395832334332179,0.651107965154857,0.5117376815781299,0.6799953527385084,0.5181283753690178,0.8318278150002173,0.509241869769302
1,291,0.7162175830826691,0.5014777382721742,0.658560662613846,0.5516982947953161,0.7173566759622815,0.5315734976636809,0.6548550550837656,0.5020182644723465,0.6859396665424334,0.5157491380005658,0.8410474031391396,0.5180694669362365
1,292,0.7174343100641047,0.5013725692376513,0.6568849275531545,0.5506634005456671,0.7154554309701255,0.5346167229617849,0.6548022525442763,0.5019761439365551,0.6890453282196273,0.5145144874262589,0.8428600743700599,0.517767063773962
1,293,0.7164831721519453,0.5015436738512015,0.6568944809531622,0.5473179012711448,0.7024167884131095,0.5322049388020427,0.6569475740604974,0.5018499361197609,0.6897293603523025,0.5133581681349091,0.8443710684251214,0.5185136410306743
1,294,0.7156069236423394,0.501606945567187,0.6594134624505754,0.5440839559531109,0.690789643552348,0.5308324001235638,0.6546577727278834,0.5017301204292002,0.6871778659115706,0.5122776593187899,0.8459935810448226,0.5171163451941067
1,295,0.7126832852213081,0.5015066540647537,0.6649661220426052,0.5409730358198802,0.6914506143201393,0.5286340549044617,0.6553041858436331,0.5017111740635666,0.6859739442533623,0.5112701729445893,0.848008681229969,0.5168351392914506
1,296,0.7118447095823003,0.5014100542770697,0.6637394187424241,0.5379944319380492,0.702858437119381,0.5265430856467763,0.6542152386112413,0.5016052925747668,0.6915546495345476,0.5103327135199636,0.8497252342032572,0.5155154788161107
1,297,0.7093955574327991,0.5013171970660228,0.6655486833282293,0.5351552553338557,0.7127206378796436,0.526600116151683,0.6514980251315947,0.5015044173506644,0.6905760603933072,0.509462133698859,0.8514307691908181,0.5142735317532752
1,298,0.709169759288554,0.5012281392425705,0.6696722590325875,0.5324604983931907,0.7092055363420187,0.5257544418790372,0.6505334836363569,0.5014082894848065,0.6918782058286341,0.5086551848335414,0.8478214025479401,0.5131086493810636
1,299,0.7073545093969239,0.500715510675306,0.6701879286471842,0.5299131481072169,0.7076493489461865,0.52457660046453,0.6494762541395162,0.5016883591055314,0.6889057971450973,0.5079085619768284,0.8356589262390799,0.5120195254189867
1,300,0.7055340345762405,0.5006637005213466,0.6705651222999125,0.5275143403808197,0.7066303952037865,0.52286044353481,0.6486241770110627,0.50175970907056,0.6864467753523487,0.5072189431784216,0.8148075853151968,0.5110042885239678
1,301,0.7038043916934459,0.5006146725669653,0.6737186095348559,0.525263544165805,0.7056181888612398,0.5220888427783393,0.6481320563671968,0.5016679788253279,0.6902207790607826,0.5065830231880651,0.7963583620502378,0.5100605958125706
1,302,0.7082874874469616,0.5005683654370672,0.6754143406527566,0.5231587644968665,0.7160964132716244,0.5216496866784809,0.6409611993187706,0.5016247758649482,0.6965664335690539,0.5288476700421662,0.7761233246918852,0.5100160200612854
1,303,0.7094361400755377,0.5005247179524912,0.6795999643135436,0.5228522971266655,0.7360912050581984,0.5209105575162034,0.6445261085477384,0.5058137929914267,0.697369327133828,0.5054593077571305,0.7909216077092238,0.5100916081520355
1,304,0.7154591485246478,0.500897279795228,0.6799978347612052,0.5209600929701971,0.7436022519885144,0.5200564036791383,0.6525431728570431,0.5060621286213033,0.6995941434420777,0.5055632558940633,0.7891200093009704,0.5092436951205741
1,305,0.7150115488493426,0.5008313270671036,0.6781340962294159,0.5191975974256148,0.7607243068752927,0.5187319211562615,0.6535898563145933,0.5056652647540701,0.7002035296846227,0.5061348569993911,0.7822927404252161,0.5084565675180142
1,306,0.7128296730346377,0.5007687135831776,0.6760486449424539,0.5175600649441376,0.7759668678099778,0.5192393714126287,0.6561194838908907,0.505463476169569,0.70064047129601,0.5066706291796703,0.7768681617846341,0.5077273851350592
1,307,0.7121179972735512,0.5009568900175642,0.6777902545747018,0.5160422435607772,0.7900657087467352,0.5185797112152012,0.6506065995106265,0.501876623999121,0.7085596527975466,0.5280083040508609,0.773075193464954,0.5069185171651776
1,308,0.7120707093176067,0.5011747808292959,0.6778391103765754,0.5166721848932841,0.8025436849949628,0.5174367369204644,0.6573302432041183,0.5076139644923429,0.7090249166721113,0.5065664553173805,0.7950727799380793,0.5073740129579332
1,309,0.7101176304436932,0.5011035451978306,0.68026442635537,0.5152617250362407,0.8138064325688708,0.5168254521318901,0.6595756940017656,0.507590731227026,0.7102992286703467,0.5060402969150463,0.8068099859751968,0.5077481888569232
1,310,0.7119567513344154,0.5010612979600194,0.6749086416363018,0.5122096723495956,0.7833621755447597,0.5640972021829042,0.6646057638511036,0.5075827395649443,0.7116690835072447,0.5065886516233518,0.8173200258722196,0.5086797273971855
1,311,0.7069969201178761,0.5051629224767097,0.6805021961731469,0.5127436686276431,0.8328791270266598,0.5176817214424388,0.6641727793843714,0.507105639915402,0.7109478933321259,0.5081260860090996,0.8268294389083486,0.5079926293972872
1,312,0.7031099491295341,0.5048137879607241,0.6805548451110209,0.5129806796430516,0.8411164914410671,0.5166008501100599,0.6660497518005215,0.5071098669203817,0.7082435156349345,0.5091323924271418,0.8354350607352985,0.5073503357226055
1,313,0.6977070550193354,0.5044773632003372,0.6786390915455944,0.5119120665870556,0.837725569371279,0.5161150694295953,0.6667937773879848,0.5066483121308386,0.7099563005641362,0.5089977322552496,0.8433537828568344,0.5067510265096036
1,314,0.6948714539434787,0.5041547284172418,0.6798206498806705,0.5109203287082642,0.8455886254810625,0.5158976645154977,0.666244880185204,0.5064102384321699,0.704993922015163,0.5083358248361771,0.8503412016681343,0.5072296059876203
1,315,0.6904076497315145,0.5038467310749073,0.6778593547249547,0.5100011270742483,0.852592693068091,0.5149457180245232,0.6615203233709909,0.5061200275412889,0.7026852696417096,0.5077095095191431,0.8567160258542659,0.5066395933569549
1,316,0.6881354036309414,0.5035539889027788,0.6781632286086342,0.5091502617289848,0.8588556974728311,0.5140268557349197,0.6574015307343473,0.5059481764229756,0.7011540092259766,0.5071184083068745,0.8575763725307384,0.5060896697217747
1,317,0.6860630548422425,0.5032768993731265,0.6784964769151448,0.5083636782210255,0.8644334397412143,0.5138373007626323,0.6559109220911836,0.5055420015763883,0.6996004769836144,0.5065619871009879,0.8634160637334815,0.50619070553624
1,318,0.6820639525605369,0.5117003052888427,0.6759944113439349,0.5062579486676403,0.8729701187930837,0.5132416530781957,0.6459318949784957,0.5019583354026678,0.7113659006974885,0.5442460964311984,0.8302577370420423,0.508717936661098
1,319,0.6931884872351275,0.503196935864084,0.6741928469790475,0.5082666851631711,0.8724420651802847,0.5335325156405494,0.654505223728344,0.5114292231806162,0.7023985911699336,0.5055502926893484,0.8685404094558801,0.5068300797407722
1,320,0.6924560670447192,0.5036675966908869,0.6744346418799302,0.5084512825005888,0.8768420088835079,0.5313966196358338,0.6537698558909371,0.5108490594186291,0.6988431642092955,0.5050932232082976,0.8730470586828252,0.5072418326313045
1,321,0.6896833488819583,0.5033820086149114,0.6766234683983183,0.5084469021576734,0.8803930397180645,0.5299419432526021,0.6519390634273469,0.5101370082771945,0.7023923567585786,0.5046672675386839,0.8769414292561112,0.506705453927634
1,322,0.6853354635667792,0.511422345190285,0.6741418027844357,0.5072417500566082,0.8922712236400768,0.5326193835873662,0.6528648076735353,0.5094493227296353,0.7064536862500331,0.5048826471584801,0.8711546632570939,0.5061983784503639
1,323,0.6875998794709961,0.5028614220582863,0.6807590209955892,0.5279525286762555,0.8852987800713426,0.5284325383541775,0.6478167161792425,0.5091606612048317,0.7117716350837446,0.5044969113043001,0.8662703449807994,0.5057201941902374
1,324,0.6857204400860721,0.5028427460934876,0.6823052254627229,0.5261012338902343,0.8883301000341337,0.5293027491850743,0.6453681118142973,0.5086231146345623,0.7131284329274477,0.5041362968948014,0.8664374200983374,0.5052703894551218
1,325,0.6821070961406992,0.5026184991168883,0.6820393269395826,0.5243188643264369,0.8913288642065392,0.5272973133834803,0.6432968060045421,0.5081809053598423,0.7141860282911847,0.5037997795366962,0.8665513923232242,0.504848348765096
1,326,0.682776388789952,0.5024086330939073,0.6813572198152625,0.5226096182482193,0.8938076255086586,0.526094460534324,0.6422129503395473,0.5076004269412249,0.7171089339340685,0.5039673558161653,0.8618794532165988,0.5050272787987653
1,327,0.6850309748494031,0.5022126491309795,0.6807636362277983,0.5233575775974048,0.895993102555565,0.5242705215423078,0.6460312218872194,0.5070480484512796,0.7178936707586192,0.5036685732650771,0.8624125091932997,0.5046435992427692
1,328,0.6887665748374613,0.5023970432136053,0.6843833468027279,0.5216394602167672,0.8979193480170722,0.5231285205362234,0.6466878595748539,0.5069626581838298,0.7136976847804094,0.5033883954776793,0.8630409613931691,0.5042829376394299
1,329,0.68670367435849,0.5022062776382504,0.6836010759268456,0.5200081824020789,0.8997482393220098,0.5234775870517624,0.6480001162278831,0.5069844544350791,0.706776206965069,0.5031259546928413,0.8587456714607998,0.5039446216979248
1,330,0.686895499074655,0.5022460758664069,0.6831552902506811,0.5184649127691072,0.9015279736687977,0.5218140480741237,0.6488980780806932,0.50686793259919,0.7027207770434165,0.50288042210865,0.859576954304544,0.5036279328230301
1,331,0.6872084078756989,0.5020748357318636,0.6809350846383062,0.51700993107161,0.903109491877828,0.5202343506056889,0.6497066728299581,0.5063557493569931,0.7019862700510172,0.5026510039507402,0.8648624924535651,0.5033321094849212
1,332,0.6851169860318246,0.501914047958054,0.6788839364156278,0.5156427021246136,0.9042219347160861,0.5211601060987311,0.6523192084210175,0.5058716184863165,0.7005259002568882,0.502436936992997,0.8699415156343856,0.503584367312839
1,333,0.6867252433641052,0.5017633428433752,0.6779395792302706,0.5143619614353453,0.9051388631370694,0.5205154279411514,0.6529631201587366,0.5054153156768028,0.6976279232178374,0.503198340928842,0.8695038418281047,0.504144987094143
1,334,0.6867897280560834,0.5016223438039443,0.6720134468804815,0.513165807997319,0.9059813009817294,0.5198985298644947,0.6554516880327084,0.5052091235219995,0.6928691310103865,0.5039341126545049,0.8644510566525659,0.5038511564242927
1,335,0.6888335009218098,0.5017610972979698,0.6671897048634486,0.5120518001859999,0.9068666559942591,0.5191432283500669,0.6579020348189946,0.5052401606073346,0.6898713225649153,0.504558430903969,0.8599216320274711,0.5039811176886623
1,336,0.6921056233441127,0.5020282258889524,0.6642224830318192,0.5110170512843344,0.9072788128566226,0.5200419301968299,0.6573113977951857,0.5052645676645379,0.7008221670119653,0.5042260414401954,0.8606141095957472,0.5037142481315762
1,337,0.6916565360827681,0.502305717960233,0.6619607310799213,0.5100583218044917,0.9079110561704061,0.5195361307226832,0.6498097264667843,0.523008572214769,0.6925601099998142,0.506655341365448,0.8499482979658983,0.5028023365962986
1,338,0.6888529686239016,0.512066675977511,0.6590596803036914,0.5033951143369931,0.8974746612754624,0.521954292425301,0.6593748606510907,0.5047271047947397,0.704703399264022,0.5157811173878728,0.8472360510139039,0.5129089598515758
1,339,0.6922689519906287,0.5019724318976787,0.6648193120039103,0.5266983962711179,0.8876343785317017,0.519790600042023,0.6592433393111473,0.5049739367708682,0.7092203235341229,0.5152271424625556,0.8346210194778025,0.5120374223482301
1,340,0.6938503305581749,0.5020387099712399,0.6332955265521607,0.5249060621559613,0.8573660801601859,0.518632025438192,0.6592382308743809,0.5048189664406442,0.669749475781698,0.5147752389037019,0.8424610120205048,0.5142587178586391
1,341,0.694920653452535,0.5018900581592955,0.6009278197839864,0.5231793531015925,0.83016564573939,0.5175115538328933,0.6544381365456119,0.5092346115374411,0.6228621661373789,0.5139530671802397,0.8605367218254051,0.515046001747233
1,342,0.69595634558824,0.5017493107498446,0.575673420940578,0.5215232169000052,0.8168219136530176,0.5164297044473661,0.6627563471873023,0.5121271799207633,0.5928944183237443,0.5158118302265731,0.8575457826542088,0.5133430896855944
1,343,0.6989336530846756,0.501909586761045,0.570763212926843,0.5199415805441654,0.8046384155997678,0.5162271171110554,0.665682640859114,0.5054363218575485,0.5758389989704733,0.5269473447675754,0.8589764256311645,0.512591368937231
1,344,0.701626962030122,0.5017724667767702,0.5715374298168306,0.5184373438566979,0.805249581954074,0.5158424117437536,0.6604724776740226,0.5152854544942048,0.5653696362076939,0.5268371422824945,0.8621560736866087,0.5123260445252805
1,345,0.7019495585479886,0.5016422112929592,0.5781525399375751,0.517012403571975,0.8057171458714888,0.5148844811510974,0.6658335828358884,0.504793514889493,0.5675700574599041,0.5328581725090652,0.8692975277065708,0.509810052167597
1,346,0.7022366323173684,0.5015188198088438,0.5858261809818422,0.5156677035926587,0.8059125555465344,0.5144932665901794,0.6653158420699633,0.5044550102245511,0.5711335950732235,0.5311398243456003,0.8737163515074867,0.5097606261243472
1,347,0.6997190323082051,0.5071228141774556,0.5887606596335402,0.5014676103388916,0.8191992344137295,0.5158829395324713,0.6644801296554206,0.5041341602061765,0.5785967370888677,0.5289457056302023,0.8731542557829506,0.5090765821376939
1,348,0.6992429882833135,0.5017198037506295,0.5927897890398227,0.5282957953546835,0.8035100452791767,0.5127664473794974,0.6657809936363898,0.5038306653743891,0.5877412065173435,0.5272984963550637,0.8773623086228509,0.50842815295186
1,349,0.6978202374041681,0.5015871801798667,0.6015589544227854,0.5265511367891559,0.8148402107123613,0.5152818190502112,0.6673547137916571,0.5035441810596721,0.5982235138741145,0.5257173582828191,0.8810345709679166,0.5078147443006997
1,350,0.696766377507848,0.501462223826082,0.6074536164369697,0.5248510848749968,0.8252094367279528,0.5118778347958856,0.6682781706181928,0.5035354457642578,0.6090944001985089,0.5246571686298016,0.8842452020654682,0.5082760969741731
1,351,0.6968154808686073,0.5063169808350442,0.6092753687263481,0.5009884121819373,0.8307813623102988,0.512993023086426,0.6686987484474066,0.5032736832928447,0.6176389380034066,0.5228055675866763,0.8825396749336052,0.5076572015209742
1,352,0.6934038707401213,0.5064834887545729,0.6144378737818424,0.5377233340459228,0.8241576467582893,0.5080253535662297,0.6673658614026127,0.5140679392121472,0.6234763003545206,0.5170344967931546,0.884315432726445,0.5074748921590545
1,353,0.6989723147162706,0.5011322267041073,0.6206280161156043,0.5308177227941225,0.8159829280890792,0.5327631179262388,0.6666272134607579,0.513638784169625,0.6304736896678331,0.5157506531053995,0.887448597276138,0.507349438731311
1,354,0.6998541546140988,0.5014639363638481,0.6257435944545843,0.5290715305561597,0.8265738057982178,0.5312457301577417,0.6668634088872977,0.5033069653950114,0.6417310622221951,0.5286385685796761,0.8852159621533022,0.5064320995017614
1,355,0.7006682115206897,0.5013456098558882,0.6309340423373982,0.527351744925489,0.8360199259944778,0.5291941486123709,0.6675385698636945,0.5032684793171127,0.6461986632306354,0.5268309114895283,0.8836533602971086,0.5059448263583949
1,356,0.6970315326081913,0.5082272078456264,0.632069649564387,0.5005960919306284,0.8551289559856623,0.531758487538141,0.6644052828600454,0.5030232594802362,0.6484202676026939,0.525088131801064,0.8820255782964244,0.506436097692887
1,357,0.6944814153122403,0.5018834804418685,0.6392229532580951,0.5338192907571792,0.8492685993192056,0.5253316450435875,0.6613756343674325,0.5030121899517987,0.6520947053325457,0.5234126914276247,0.8806090610077921,0.5059484667367208
1,358,0.6885400849055363,0.5090223179229391,0.6354070144672768,0.5004856853678457,0.8671059414587879,0.5274483775037162,0.659279049169091,0.5027902201683769,0.6556170278225054,0.5218066663408654,0.8790227582913253,0.5054893531775251
1,359,0.6510336389465107,0.5016094501032763,0.6425696780162802,0.5104952222115778,0.8600848378462082,0.5218100716420432,0.6291875552438235,0.5030192626204507,0.6607062128036978,0.5202717185082761,0.8826746727336721,0.5050580441067871
1,360,0.6150274219776894,0.5113797574198301,0.6425660441058573,0.5142252366640293,0.863586618540605,0.5230852219404792,0.6020165561207029,0.5027915312078786,0.6647461982635843,0.5192800731869256,0.8856339830515845,0.5046537587594917
1,361,0.5881863238098916,0.501763508421177,0.6513336568080519,0.5117318278416717,0.8699570922668489,0.5408561740433021,0.5776765949574754,0.5029627243083584,0.6692573332350991,0.5178839031801883,0.8837988231794269,0.5053173158847575
1,362,0.5699978960170686,0.5019879168936043,0.6574942617184292,0.5110838506797561,0.8745794910867492,0.5407525416654512,0.5655708205307063,0.5029363541322261,0.6707691868472819,0.5165587743954375,0.8868890499020486,0.5048926368683351
1,363,0.5672998554608718,0.5020926929536861,0.6572021078025999,0.5104456290230356,0.8681373449980069,0.5388765674006536,0.569063783180552,0.5027216165946361,0.6745823532409725,0.5153046959409964,0.8894205505854843,0.5044950731416199
1,364,0.5689742063810755,0.5019419282606636,0.6574287808940967,0.509819773120415,0.8731023425549836,0.5361118251842315,0.568993579949251,0.5025184455444913,0.6773740430840609,0.514121254574224,0.8917144032881987,0.505099129594671
1,365,0.5765698939433347,0.5017986109088991,0.6573287360188763,0.5092087543294531,0.8776700646982899,0.5334801738063535,0.5718769281390612,0.5023266872909187,0.6757868778426476,0.5130076267288225,0.8940280225900902,0.5057233192732267
1,366,0.5813244189708022,0.5016628046956393,0.6595208772712569,0.5086148560843214,0.8815867305630878,0.5318179055449358,0.5768611279472038,0.5117421042490543,0.6717890264635535,0.5127593545704185,0.8977175471995639,0.505621584287857
1,367,0.5900537487402315,0.5015345158974559,0.6614193488151756,0.5080401319965601,0.8850604856453295,0.5294566346724338,0.5812180651951401,0.5024359643086396,0.6817872522826643,0.5203592484229679,0.8970630821097269,0.5048463345334865
1,368,0.596047781366143,0.5016806861051879,0.6636903188847874,0.5074863724945312,0.8774251490444753,0.5281274812294574,0.5865774631654952,0.5022643356685236,0.687785296680202,0.5187998828611147,0.898787840647944,0.5053831181569424
1,369,0.6098768440089875,0.5015581145270608,0.6659510206355056,0.5093332318596014,0.8705960956715721,0.526021842011633,0.5929755858824546,0.5025299907869529,0.6933962827636342,0.517328773433972,0.9002959483985327,0.5049548970745162
1,370,0.6109902541606178,0.5119072363804542,0.6644818828831719,0.5412512741526854,0.7965490198607077,0.5163043818341874,0.5992641288170877,0.5127932194163868,0.693657941394741,0.5117605444667953,0.8961293158467041,0.5049991394080247
1,371,0.6236913025883724,0.5053546430595539,0.6607679979416485,0.5080213618527052,0.8374317514712962,0.5401452977324782,0.6113543897729755,0.5025800164371095,0.7025877678582961,0.5222649282551799,0.8981052142794568,0.5054682633684197
1,372,0.6293384520950769,0.5049832782638717,0.6622130205871686,0.507412886848723,0.8345928925159894,0.5384915074097077,0.6162383469721459,0.5028053618064646,0.7072906140741105,0.520707963099012,0.8948392798992892,0.5050653919860747
1,373,0.6311996862808275,0.5046276327177045,0.6618699740824421,0.5068370568358673,0.8321644529966122,0.5359733611202324,0.6188639066865173,0.5033732771730283,0.7107720187213433,0.5202471919425332,0.8920936376298708,0.5054319251912329
1,374,0.6343238670073743,0.5042883804291444,0.6634418012934333,0.5062941476868604,0.8293571298610043,0.5376128167133384,0.6227353223833696,0.5036878999879534,0.7118860622791509,0.5198033614285995,0.8851444557964556,0.505040611384624
1,375,0.637161770691953,0.5039659999879122,0.6627451644749165,0.5057840878784972,0.8381626727422348,0.5351143157349209,0.6244327278064002,0.5034508546040639,0.7109552784239686,0.5183211452221879,0.8741124277955356,0.5057101320697619
1,376,0.6376564328427332,0.5036607799322809,0.6665614264329821,0.5053064945696742,0.8460711300804896,0.5327135629983891,0.6305597146324224,0.519380699230337,0.6998362427029079,0.5098225468264774,0.8641411196013751,0.5054890842837587
1,377,0.6424486288951212,0.5033728286627464,0.6698509085628448,0.5048607132753562,0.8530115828393641,0.531081410873181,0.6402802682268307,0.5031946837460489,0.7088120054513011,0.5154138225496268,0.8537099190454887,0.506466096378897
1,378,0.6472068730104843,0.5031020880176441,0.6725023234761031,0.5044458592050837,0.8481262557329098,0.5308316255993721,0.6406847831245857,0.5135051075020267,0.7032946454570635,0.515125275187355,0.8460134128867318,0.5059643955627188
1,379,0.6512242241462284,0.5032750595606778,0.6748192852709213,0.5040608585830559,0.8440892746086252,0.5296822947083515,0.6477090355598256,0.5032168380708866,0.710378398987902,0.5224361020396565,0.8467904075161693,0.5070345288411585
1,380,0.6614221945812481,0.5034359570713292,0.6768083782452882,0.5037044885655415,0.8511147704701022,0.5302264807326018,0.6506181937272838,0.5035545169326013,0.7122015817977235,0.520720572093352,0.8489131134723228,0.506548607528255
1,381,0.6658775751293893,0.5031573803334524,0.6752985292679449,0.5033754146883667,0.8577367994696472,0.5282236238281558,0.6534921447114808,0.5033143620005026,0.7131641219694306,0.5191002598025726,0.8411419956962713,0.5067028377211038
1,382,0.6696285805037048,0.5028968410406761,0.6739226354027336,0.5030722250866118,0.8635031893358927,0.5268791666662109,0.6555755930777979,0.5030843276479812,0.7220361263482417,0.5175751045630775,0.8390145280740134,0.5068115603264212
1,383,0.6707494223900394,0.5026538602703049,0.6742086719193116,0.5027934610115017,0.8686942965183071,0.5259391508358803,0.6560124143870945,0.5032138452892383,0.7241683251780375,0.5181944944960503,0.837157215794754,0.5063524989381836
1,384,0.6796816907098647,0.5024278624294423,0.6703840871804375,0.502537643413875,0.8626218756977755,0.5248271224488963,0.656504945712935,0.5033057106709189,0.7261271951732976,0.5185497045322431,0.8399240598428721,0.5066061572287569
1,385,0.6880235448094394,0.502218193474592,0.6664768969651826,0.5023032955637173,0.8675503490104959,0.5246120719174494,0.6508521973508673,0.5028758025363542,0.7225667233971067,0.5181881993003599,0.8613359139495339,0.5062101783226821
1,386,0.6916328038139274,0.5023314881851164,0.6617286646199018,0.5020889618301204,0.8720925893479128,0.5236688379329693,0.6550399113537287,0.5034076519535194,0.7277927281689711,0.5167002889302557,0.8378365103203858,0.5155288221143279
1,387,0.6949426950001261,0.5021388065025977,0.6578780617484947,0.5018932228582287,0.8764445600002061,0.5221782003892326,0.6514065330729736,0.503175567465496,0.7231429983715533,0.5153250690397545,0.8362966463762804,0.5144641693274119
1,388,0.6963323640692932,0.5019596162123633,0.653675246616338,0.5017147074541114,0.8802754397105923,0.5212461701203368,0.6519737507440276,0.5029529468083995,0.7233248721622406,0.514042272532119,0.8394959138265163,0.5143812082380591
1,389,0.6977218176597868,0.5017932991127549,0.6521978755358243,0.501552101531023,0.8732693010941862,0.5198944604383451,0.651155269722799,0.5030155537682236,0.725832614390664,0.5137444924326258,0.8423731571871591,0.5133890425380188
1,390,0.700410258929784,0.5016392228241725,0.6534864650525551,0.5014041544875313,0.8775406784845129,0.5186023806105748,0.6522405122279011,0.5034755503678991,0.7237689362370461,0.5125859762543608,0.8496994107594789,0.5134765779129792
1,391,0.7006480769103618,0.5014967476068757,0.6593830970518452,0.501269683385572,0.8813485293794419,0.5173688533537887,0.6531372010742227,0.503237221369218,0.7204717103028317,0.512233848129157,0.8563962856157747,0.5125001815953567
1,392,0.6974952593330714,0.5013652323998606,0.6613426917982554,0.501147575280096,0.8847068742971597,0.516192865813775,0.6520069823287585,0.504066085231164,0.7150288235928502,0.5112067502435611,0.8620992772381164,0.5126134121202295
1,393,0.6943588101218731,0.5012440401481176,0.6630164148389298,0.5010367880262603,0.8877941890307455,0.5150734525692994,0.6509034123950779,0.5038089751912895,0.7122538529540097,0.5102532231998803,0.8674177962727684,0.5116619135163322
1,394,0.6916316653272615,0.5011325424740971,0.6643784054087528,0.5009363498588626,0.8906202044027216,0.5140096728286763,0.652000251396435,0.5035603233921099,0.7075945858660979,0.5093698118252222,0.8627848240390337,0.5107622457843738
1,395,0.6856500307468308,0.5010301237377245,0.6675431253800799,0.50084535800489,0.8930523266024796,0.5137606917561822,0.6418448276365148,0.5130986210409835,0.7014830495611225,0.5344363590612865,0.831008313672224,0.5089835624580877
1,396,0.6838922265504954,0.5013453803667277,0.6685442782176869,0.5007629765558163,0.8953075312812171,0.5128089564809459,0.6506488580058283,0.5071783186268847,0.700177441341137,0.5166347317567914,0.849629315952929,0.5091870235745912
1,397,0.6840349301522073,0.5012325554969547,0.6713936392063079,0.5006884337932177,0.8973562461500749,0.5119057383825973,0.6514836241754951,0.5066861350377182,0.6952154182382703,0.5153603149139183,0.8516021714342392,0.5084384757159257
1,398,0.6824804724465295,0.5011278708499751,0.6706996924680697,0.5006210191303835,0.8990580196440172,0.5146670305867407,0.6529232244324334,0.516102277950741,0.6913631991749362,0.5072951973730627,0.8508756318900109,0.5086658989224858
1,399,0.6820925427433062,0.5113958583051315,0.6677437186603796,0.503331701778219,0.8982210212893872,0.5133575138624665,0.6557831083901845,0.5061134296846718,0.6981502614733567,0.5184989961242026,0.8539016887015575,0.5076138680425285
1,400,0.6908062761234011,0.5011994686826327,0.6719633464679257,0.5026519290531282,0.9013421694421,0.5330458957316164,0.6552877531945728,0.5061183875036124,0.7008881517463891,0.5183092749528266,0.8601431210498357,0.5077015417940032
1,401,0.6954079936229804,0.5011084712328817,0.6725569370945307,0.5024549866789082,0.9027476355138118,0.5308207359228707,0.6532721138688298,0.5056756081457137,0.7021615918490891,0.5170596997458933,0.8655865497560321,0.5070956889532712
1,402,0.6945148998902021,0.5010230921237473,0.675031647277478,0.5022683146134372,0.9040133345321466,0.5296484277658612,0.6528305509062825,0.5055813094244236,0.7081231466340919,0.5398851929832633,0.8486414061764409,0.5061530404107503
1,403,0.6918836729502548,0.5011305013943083,0.6773669603695468,0.5020919606647423,0.9048611319765056,0.5286843211778098,0.6643643304805537,0.5089820651848707,0.7031784181396099,0.5170009201167192,0.8745814870879308,0.5059986006444277
1,404,0.6915124092558395,0.501053349467555,0.679550100081132,0.5019258932685001,0.9060868982661946,0.5266945311626523,0.6656210643685917,0.5091956506682851,0.703206646081776,0.5158066445082287,0.8785555614133215,0.5063074732587276
1,405,0.6918301854569368,0.5113309201256596,0.6763661737567983,0.5018472231906604,0.8933743369240138,0.5289233371699112,0.6633687289715087,0.5190047129048049,0.6967771875425492,0.5159553016603016,0.8804297425125224,0.5051354290155199
1,406,0.6954877399863854,0.5009108270557918,0.6845018743375769,0.5228591457090462,0.8868127718052105,0.5229779964381521,0.6683509788527204,0.5081775519377796,0.7021947828006957,0.5238975484388468,0.8801007319310061,0.5053347935468172
1,407,0.6929488165565467,0.5008451747580486,0.6845653542774479,0.5212724432113055,0.8791134859695126,0.521256183512836,0.6639064200243187,0.5077597049382593,0.7110012105734492,0.5423246570111901,0.8522505036087759,0.5053689056888615
1,408,0.6885181613883763,0.5007831019881255,0.6818298765682056,0.5197497650368595,0.871782023108276,0.5216361406523607,0.6702538324826331,0.5111220964583012,0.7057662534755239,0.5205103520018903,0.86889740215069,0.504488978445522
1,409,0.6846437086672633,0.5013022745782301,0.6777041143025624,0.5182951165022447,0.865126851564788,0.521117260517929,0.6690377489546682,0.5102934030723112,0.7063358573411745,0.5194615201412199,0.8731817516458631,0.5050210648131981
1,410,0.6827836117734167,0.5018602679951972,0.6759395422006363,0.5169114603877581,0.8591346541865394,0.5207188849081227,0.6658450515076906,0.509508438887074,0.7082989971267767,0.5189098639116607,0.8773798370689608,0.5046167317191109
1,411,0.6831418380850572,0.5023059889613253,0.6759479083514127,0.5156007529260186,0.8539353768656955,0.5192075976677829,0.6564670034382107,0.5080050377949187,0.7155984708612909,0.5402913223598321,0.861801057628775,0.5044705754151351
1,412,0.6814087870421717,0.5025968961311881,0.6763553729085805,0.5143640041128374,0.8493814757960193,0.5186239776795599,0.662546453836259,0.5126788048605593,0.7075319877054811,0.5164745942075276,0.8837218675925007,0.5046381153199117
1,413,0.6823339373585093,0.5024344507397582,0.6744866067140802,0.5132013569013824,0.8452518409569431,0.5186598428050481,0.6646815190125771,0.5117721324803309,0.7072777277429414,0.5157580412224018,0.8866023467786943,0.505301079098408
1,414,0.6828641989924076,0.5022770241292366,0.6746347688603315,0.512112179707296,0.8522626329179033,0.5180132909949557,0.6642535457381149,0.5109080560565291,0.7090980998385303,0.5145275247000994,0.8896354964904315,0.5048935571754031
1,415,0.6850996566624828,0.5021250563538306,0.6754694065509689,0.5110951668923998,0.8587533019719337,0.5167686544337295,0.6662135193805119,0.5109344057558982,0.7108068998391202,0.513373041457649,0.8918987095424262,0.505318782008254
1,416,0.6868535369471663,0.5019789251332035,0.6761951324348133,0.5101484424173688,0.8642758367942102,0.5155868754983293,0.6672877006924745,0.5102652673325592,0.7147944378121776,0.5122925922183904,0.893788965090707,0.5054593121363183
1,417,0.6857594702425723,0.5020104374461789,0.678034864774891,0.5565236860194405,0.8232529557846373,0.5182554799869539,0.6622804115299243,0.5185552931386191,0.7126308602925445,0.5119680526121102,0.8833915894322575,0.5054072133600166
1,418,0.6899996298579154,0.5056931811975774,0.6756537452165589,0.5084561144188245,0.873609307901564,0.5187820016484751,0.6698925270151931,0.508912695842776,0.7185970632085102,0.5197191907082694,0.8749650625214789,0.5050820849406222
1,419,0.6880133124891039,0.5053025561127334,0.6723206426466637,0.5077048076726834,0.8776922667159054,0.5175733004373809,0.6687982580245224,0.5082283308941629,0.7191455956641298,0.5186693754052557,0.8694755557565933,0.505293206617677
1,420,0.6878252221590222,0.5049276808644156,0.6713442408995415,0.5070125579827479,0.8816767367915964,0.5164140154049475,0.6659031207606574,0.507584826341766,0.7199197684458291,0.517231540035082,0.8639811853039716,0.505972236022784
1,421,0.6893008342513802,0.5045694312571771,0.6719111710318242,0.5063760609433087,0.885120701283529,0.5153043869969116,0.6630092444359252,0.5071358558806501,0.7207021722795135,0.5158786934170879,0.8503730587203451,0.5055686331190651
1,422,0.6852115248535002,0.5144933587796464,0.6723626103025862,0.500374593089361,0.8839051605968983,0.5166187156971922,0.6615235251218857,0.5065711550233768,0.7254107738396185,0.5156315143214104,0.842762808774548,0.5060708978156094
1,423,0.6875415895206892,0.5039051713890484,0.6756124665223725,0.5239694556412609,0.890057331836249,0.5147540806523415,0.66100342695521,0.5060432250173003,0.7236777643792806,0.5143743967514842,0.8407460270259685,0.5056514744936049
1,424,0.6507822982380307,0.5035998009581435,0.6739875165585899,0.5223902559506708,0.892410997716943,0.5157493429355139,0.6309250971068049,0.5060751452716289,0.7237791483454974,0.5131986089948319,0.829382700343436,0.505250414896282
1,425,0.6181862646003411,0.513473766534976,0.6684023947883608,0.5002763280486664,0.8924083723300597,0.517219197301572,0.6052674578676114,0.5057957916665208,0.7277240265709353,0.5121016680177922,0.8192939699875252,0.5048681782503792
1,426,0.6103436745282854,0.5034700653535655,0.674851355455797,0.5311011734822172,0.895351917000183,0.5153199826716737,0.5888841390429094,0.5053467753553763,0.7275711263297858,0.5110807791785461,0.8192874821153433,0.50450507864701
1,427,0.6054586978100759,0.5031884263851809,0.679217303792377,0.5293960324243089,0.8973897068006481,0.5144095002663873,0.5838970429574893,0.5049266170064669,0.7276852557551298,0.5108895297401245,0.8190734079188582,0.5041612806706518
1,428,0.5960680194166654,0.5029249936989908,0.6785616125563377,0.527708860600976,0.8993927311717486,0.5135283997428357,0.5827374289387897,0.5045340530712504,0.7274413518184734,0.5099776697538422,0.8287097014420445,0.5038367998687051
1,429,0.5988855878475648,0.5026793089980716,0.6767419643526024,0.5260483397288012,0.8904632357822909,0.5126775196185636,0.5845827370550777,0.5045179433692548,0.7253910058406879,0.5091308257040362,0.8325196785613855,0.5035315076319815
1,430,0.6014808354967237,0.5024508070754498,0.675439554826203,0.524422634137769,0.8822187496014896,0.5125670349238293,0.590758397031146,0.504174384136965,0.719492756355857,0.5093876263363685,0.8264301519525458,0.5032451398769632
1,431,0.6095482569193433,0.5029464698135824,0.6732916978641872,0.5228392304311648,0.8748262732002817,0.5126511339934053,0.5929514216684565,0.5038528484524974,0.712017029271729,0.5102865446562727,0.8305779312553483,0.5029773087993094
1,432,0.6147090006662086,0.5030750251280548,0.6745109407849696,0.5213048069118087,0.868341401967795,0.511896064271905,0.5955378916349788,0.5041358656497827,0.705162012745361,0.5094529927517482,0.8389571426138754,0.5034007555259246
1,433,0.6179220232647261,0.5028337428337343,0.675817956041767,0.5222060890483162,0.8621354602594276,0.5129774351247826,0.5977030795797419,0.5038255988016269,0.7028451542187554,0.5086756933218516,0.8419978099521154,0.5041092724774058
1,434,0.6253205031016328,0.5026074176886672,0.6761617955721285,0.5218848794272339,0.8460605997376128,0.5121854644964517,0.6044407815520879,0.5035344680263393,0.7002013199121319,0.507952263814789,0.8444551216351475,0.5038065487570891
1,435,0.6293280369471161,0.5023956393295613,0.6752075413220984,0.5203405476029827,0.831585772978176,0.5125442013935133,0.608178189947174,0.503261610486565,0.7002359521369941,0.5072802679361963,0.8467439214762416,0.5044012529803601
1,436,0.6316069805209874,0.5021979445085415,0.674062822155012,0.5212035194245169,0.8182969007257347,0.5117825394174177,0.6092953901417848,0.5031505565225709,0.6985547496869036,0.5076618852582889,0.8484749595184027,0.5040811020650161
1,437,0.6332326453579371,0.5020138246268184,0.6728733454788242,0.5196395047558716,0.8174520024962904,0.5110424895873613,0.6087987839179058,0.5125518695734872,0.6963982452044272,0.5074868983260061,0.8485910748809186,0.5040285576722823
1,438,0.6308980869170514,0.5121629809928802,0.665276195595012,0.5211791699703615,0.8126992573710757,0.5088534146018678,0.6121368168005302,0.5125874368900982,0.6967651252293979,0.5063137352800458,0.8547528121996412,0.5139574007465916
1,439,0.6372777258048565,0.5019450970813184,0.6661237929497508,0.5167473831983584,0.8351129668061213,0.5329463265254478,0.6175811445606939,0.502965141530279,0.7004173386425897,0.5058690554495071,0.8615390899233883,0.5218767956163564
1,440,0.6400479632455705,0.5022419288600404,0.6620018563321244,0.5154214692866174,0.8432991908629239,0.53070836526599,0.6215536871232047,0.5031925117887885,0.6968017135713914,0.5059893462213692,0.8622175757428123,0.5213752954747237
1,441,0.6386215774966182,0.50208478523257,0.6580480963481123,0.5141756381197149,0.8506602347205515,0.5285547981885126,0.6188323082119581,0.511647650422651,0.6947370808865576,0.5056743942201013,0.8647176479771848,0.5222142353222917
1,442,0.6410316536674638,0.5019359716198405,0.6561547142362618,0.5130089115404962,0.8571360554182281,0.5277206408567358,0.6216156937832962,0.5031956700843649,0.7020942484927558,0.5147740070216956,0.866600625604635,0.519286565195532
1,443,0.6449906562710325,0.5022102148765615,0.6578236679636893,0.5119196596338008,0.862979738013865,0.5270970726549317,0.623251818432006,0.5029747659989802,0.7058376831355371,0.5145703628982745,0.8714963592830527,0.518747298631572
1,444,0.6542434214973633,0.5020496823207833,0.6572387581091197,0.5109057039758619,0.868244272999125,0.5251564571224182,0.6271615525685588,0.5027645745414604,0.70921929578618,0.5135233421103989,0.8758445480169523,0.5182541373572714
1,445,0.659562095789987,0.5022895021892456,0.6618020807008467,0.5099644185903237,0.8729576675566426,0.5242466258226681,0.6289919816576702,0.5031072019808336,0.7140342855306964,0.5135669301050598,0.8750716375394475,0.5168363600878185
1,446,0.6641580468983783,0.5022867045044801,0.6304954822609087,0.5090928259720969,0.8772169274523532,0.5224845075765471,0.6349144681612422,0.5029752738805011,0.6691086848021864,0.5130300997797264,0.8520914432932652,0.5344962701386727
1,447,0.6717351928791336,0.5026984612175069,0.6041010372226282,0.5082876862100048,0.8810598388656965,0.5224671054926582,0.6327082678115549,0.5068130218802339,0.6380949705838336,0.5124052764629505,0.8780990687917491,0.5149151767164206
1,448,0.671478139508801,0.5025323272719326,0.5787695348405456,0.5075455778627148,0.884489485147629,0.5224131371503308,0.6383465999050489,0.50734184032086,0.6026299541561212,0.5129698105147655,0.8814948768944434,0.5151421864768058
1,449,0.6728624202335446,0.5023722504478101,0.5521024905949751,0.506862969796601,0.8875766686667932,0.5216513617893868,0.6405489663800031,0.5068389629764559,0.5723634497399526,0.5119990409282374,0.8850950277644246,0.5139546208483348
1,450,0.6704559760557574,0.5025123087220195,0.5356235895552599,0.5062362836655779,0.8797873871917997,0.5201054884706356,0.6470983042127134,0.5063573853314968,0.5524093588139326,0.5110800112057512,0.8831068196627485,0.5128393956027008
1,451,0.6703698657574149,0.5025289823156459,0.52839222548199,0.507675319261727,0.8726165032047483,0.5186376563335274,0.6486574190983275,0.5061835270945112,0.5514001846557943,0.5102129065059569,0.8720479459090306,0.5117950638348815
1,452,0.674296706414033,0.5028007372836557,0.5274256799028941,0.507037545523864,0.8766281584396998,0.5160971591346033,0.6498398581428391,0.5057361262281759,0.5598191565866365,0.5099973523535438,0.86667817683576,0.5108197544294474
1,453,0.677846968519189,0.502620631686909,0.5285561324674836,0.506445311959785,0.8805102643033168,0.5157540242820912,0.6506378325920089,0.5053108822324851,0.5681997868861464,0.5098449864624943,0.8619457535933585,0.5117767256553928
1,454,0.6815233952546186,0.5024469099868261,0.5330233411225084,0.5058962930185354,0.8839783671479949,0.5152442145351832,0.6443807106668435,0.5053860693315918,0.5835913523051872,0.5318628970484957,0.8376255623675476,0.510967872906159
1,455,0.6846865741212468,0.5022799049869443,0.5380422482480895,0.5053881830361381,0.8870746007653828,0.5142046579604187,0.6491543340768842,0.5094717437162564,0.5897392645956122,0.5087895254645862,0.8537391282102187,0.5103913899186933
1,456,0.6848510860153095,0.5021199017655307,0.5459356135766728,0.5049187056977751,0.8789624692575408,0.5137375269296635,0.6499763985710861,0.5092228044500162,0.5979191303687084,0.509540127206479,0.8498556032586465,0.5105906260674976
1,457,0.6869698098385754,0.5019671305324129,0.5588387059435556,0.5044856226869074,0.8719300927854247,0.5143469468053757,0.6482529166984458,0.5085400487799975,0.6104211826618329,0.5088508288023518,0.8464725546679729,0.5110824516755642
1,458,0.6892279184159249,0.5018217617639362,0.5715165900368093,0.5040867417831774,0.8654472843346742,0.5146028675664809,0.647247643683651,0.5085294625131609,0.6174786571277843,0.5081977793081665,0.8484686547474479,0.5102336618223346
1,459,0.6890044174545111,0.5016839036201924,0.5822311571977968,0.5037199245093784,0.859790474687232,0.5160679558810879,0.6543767850104131,0.508359232782652,0.6258373814559492,0.5075805274352777,0.8546361786025766,0.510750870072999
1,460,0.6892420810592175,0.5015536015377017,0.5916746937132601,0.5033830933105821,0.8541217704534504,0.5166965272099275,0.6570006044912529,0.5081726138345066,0.6391867990690435,0.5069985003602805,0.8604507745006751,0.510842980741397
1,461,0.6889297015115694,0.5014308397957976,0.6059039545114094,0.503074238175548,0.8497264752925632,0.5156921874558698,0.6570497821335352,0.5075515194269634,0.6477992902762763,0.507065663590253,0.8655909753243806,0.5112080211949893
1,462,0.6883523347883211,0.5013155447818579,0.6182846448549344,0.5027914225768486,0.8349147061436649,0.5147219793092181,0.6576548452557492,0.5069657772908619,0.6536040991179233,0.5065332082426498,0.8658427135212952,0.5104137570571238
1,463,0.689853008467912,0.5018450968869589,0.6260000643973135,0.5025327886038568,0.8103855488542047,0.5154288134642327,0.6534272623110634,0.5134189089041088,0.6539212736958852,0.5066164269646446,0.8680200758079937,0.509317591332704
1,464,0.6935806681106997,0.502007284014917,0.630445376962727,0.5022965611828363,0.7886144170154409,0.5145246659882374,0.6601616626436604,0.5066667187370607,0.6601743851831432,0.505974317139338,0.860591091457858,0.5183196457660155
1,465,0.697153181545333,0.5021568083331165,0.6348386253430979,0.502081051312101,0.7800434502968886,0.5136485012426346,0.6624981772134748,0.5061540173758295,0.6644852607710758,0.5055263621769398,0.8565285103758241,0.5169974506673699
1,466,0.6991520271641088,0.5024105978145931,0.6348670508904107,0.5018846582799019,0.7826823264822186,0.5150177610410772,0.6574137847428947,0.5058120500343924,0.6756602149416959,0.5289876167338825,0.8358083241477116,0.515030039861645
1,467,0.6976281177873161,0.5022675605115224,0.6378299696668908,0.5017058708724403,0.7743367419527968,0.516337362888898,0.665423170277869,0.5091613753143884,0.6723204150771048,0.5047084408003405,0.8628151510258399,0.5145457000656555
1,468,0.6948088691136234,0.5021279673638193,0.640391924266047,0.5015432676150182,0.7776628634014303,0.5153442190276942,0.6669409075569658,0.5086977609806475,0.6714524434219604,0.5043369001491718,0.8676917525558621,0.5139664134537203
1,469,0.6922417536087352,0.5019922841303225,0.6426740553165597,0.5013955161183165,0.7916359497626768,0.5143813419454106,0.6677083419123087,0.5082940107699926,0.6791683239182886,0.5044355604390661,0.8669087812949288,0.5136323916191847
1,470,0.6918486847310472,0.5020275901995771,0.6444622314067349,0.5012613716230759,0.8039217781700962,0.5134508071584605,0.6686519010744219,0.5080290776452927,0.6822294617452042,0.5041059421746794,0.8667294373437968,0.5129747500376044
1,471,0.6911252952198282,0.5019500133355272,0.636929533530853,0.526733197500816,0.7753900593664228,0.5538304955690936,0.6652062433852914,0.5178208234441397,0.6801226746772211,0.5040489047347784,0.8689127448043982,0.5127551938996168
1,472,0.6949175389701234,0.5056227398223309,0.6376203206104858,0.5010293492678756,0.8248204924311994,0.5144154607097999,0.6704123512972139,0.5072367055973176,0.6867594138392242,0.512880100879928,0.8755826644615319,0.5115650106346407
1,473,0.7022782958675815,0.5052385125344468,0.6373104202178669,0.5009293978943089,0.8335934656708216,0.5143807272954938,0.6704705225376163,0.5068702523854837,0.6977674894366628,0.5119609034260737,0.8746289588115181,0.5110171587477556
1,474,0.7044533866558391,0.5048693768795908,0.641766567355498,0.5008388997373326,0.8415279397896127,0.515391520543487,0.6691880745853971,0.5065796722181991,0.6982534274659735,0.5110844608107742,0.868931648149559,0.5104352885484663
1,475,0.7036524783245425,0.5147913961387347,0.6399064821075526,0.5008831734954371,0.8377538169538551,0.5150864360317473,0.6701465648251067,0.5060691023575498,0.6992376863947056,0.5112692007589595,0.8643391739169073,0.5096621192581716
1,476,0.7087219283355176,0.5041799060334706,0.6448643160067119,0.47925436456337905,0.854763021160821,0.5136710663688271,0.6725498947681028,0.5055897242728215,0.7016487279966875,0.5104127274808116,0.8595964113414296,0.5093648911240821
1,477,0.7086098493328483,0.5038607662733461,0.6464520258026679,0.48066523439492675,0.861029310084715,0.5128411914325445,0.6705252993512378,0.5057687264005226,0.7004046242679123,0.5096031730464978,0.8604925744479524,0.5095806883974423
1,478,0.7104989422693485,0.5035591252917448,0.6495833382386252,0.4844056484592934,0.8665231246097006,0.5120346505714336,0.6694262375735235,0.5053372612127959,0.706354028816769,0.5088405881044938,0.8659398658941903,0.5096805871407477
1,479,0.7083902936537361,0.5037834537788617,0.6505113670948882,0.48554484676122317,0.8607380093315692,0.5112535992032486,0.6697115761192588,0.5153626714310451,0.7008520088726717,0.5028763512504233,0.8679399856586486,0.5095698678952486
1,480,0.7063942949142794,0.5035007088017748,0.6528860084213197,0.4866307887425782,0.8554485209506809,0.5104999964091943,0.6702448815662697,0.5045503198746607,0.7061264789949028,0.5142009832087212,0.8746185231951424,0.5088928879084152
1,481,0.7050322534664015,0.5032334913494716,0.6552566805651031,0.48766133000474393,0.7855459824868137,0.5097755619081423,0.6649332775526611,0.5030558384819549,0.7072014840246398,0.5367331217451025,0.7880048587688828,0.5081530576788579
1,482,0.7032290532496638,0.5029816914612019,0.6576662145895035,0.488635174768335,0.7228390667919691,0.513398989417884,0.6719933911146505,0.49999416182071205,0.6999316336525296,0.5123888777663177,0.738654407980058,0.508012669982459
1,483,0.6966134371066237,0.5053896956191242,0.6563259615350748,0.4878104347165362,0.7016568225023939,0.5146733866665486,0.6726133395741369,0.5000937815137618,0.6964892735922051,0.5115316998739486,0.7081951427724218,0.5079265966674021
1,484,0.6975405208801145,0.5057199620310538,0.6601568268970655,0.4870638018807194,0.6815382875262591,0.5360979343115481,0.6734167731756996,0.5000791043115891,0.6989745723486088,0.5114768414059445,0.6906786813220918,0.5084149090235501
1,485,0.6988835835089219,0.5023161592681346,0.6647618660286925,0.5126432451018421,0.6836223393493287,0.5309675606878991,0.673659577241069,0.5004791205549384,0.703624457964519,0.5114118455685315,0.6848478177762684,0.5078219520235964
1,486,0.6932891794593588,0.5064685583038949,0.6583273207527603,0.513741854586323,0.686434333782695,0.534736230293798,0.6670489816844803,0.5027266904980923,0.7097761595014322,0.5339601390956146,0.6643140063257134,0.507351464698578
1,487,0.6970772767024825,0.5022074198430609,0.6618196462673483,0.532563872564811,0.6718708386166019,0.527694754941505,0.6736019698186342,0.5048798233725563,0.704796440234859,0.5098179333409938,0.6889306942629865,0.5082261826459612
1,488,0.6957090090827011,0.5020318669314732,0.6650812225447007,0.5303796709989663,0.674945527134154,0.5257058581846327,0.6656561025610521,0.5057350546661379,0.7006764075868378,0.51071422337465,0.7092001252774628,0.5057184724366001
1,489,0.6970292336249063,0.5018678174562241,0.6666752659801916,0.5282681874711093,0.6774205930095699,0.5267614753436103,0.6669735766972942,0.5058263331177438,0.7075822717179621,0.5186729822661773,0.7022438067963033,0.5070896284876805
1,490,0.697762570243749,0.5017148115028857,0.6682985411154494,0.5262381566244931,0.6905215120375017,0.5271393770833186,0.664722446849195,0.5056443158455759,0.7071091589503765,0.5178768775329168,0.7142060165690258,0.5065637252827278
1,491,0.6991764698185329,0.5011482011341281,0.6694479049500729,0.5242965004314196,0.7024067598139283,0.5256991572432056,0.6601817208813557,0.5109745070329879,0.7015885457830243,0.5171214099674235,0.7247994947298645,0.5063617259054681
1,492,0.7000549959484069,0.5010447665178853,0.6738379903955839,0.522448378430245,0.7132980011642304,0.5239043112870626,0.6632907284724354,0.5049278207017625,0.7086175677467557,0.525050410652884,0.7379927437998959,0.5055964417580654
1,493,0.6955697045782625,0.5071252007617411,0.6697034921028796,0.5241468315407463,0.6464543372081701,0.5137261359182533,0.6631170676414841,0.5045889044096233,0.7100988515374047,0.5232178348601585,0.679946759523598,0.5062909007623401
1,494,0.6998285062844488,0.5050420592874468,0.6671628662406818,0.5222193743542474,0.6103832013504391,0.5412510843619298,0.6603701659971988,0.5047485919016119,0.713951471488943,0.5235119617272666,0.627875835463531,0.5062268379205714
1,495,0.7054136366772182,0.5013049807261936,0.6679953508999327,0.5389212132902407,0.5862603690670282,0.5367729157264042,0.6628176023812555,0.5044250705387981,0.7212745913346531,0.5217264649077878,0.614166933159375,0.5058044466179842
1,496,0.7083359822148768,0.5016206464975912,0.6668713488865803,0.5359897905580221,0.5761412164966656,0.5344722197335285,0.6534858194706642,0.5041085250320048,0.725618670018995,0.5431317204720137,0.6102292581681368,0.5058160764252095
1,497,0.7049622598262111,0.5021072762745161,0.661811602514926,0.5275760706745879,0.5875607609133243,0.5376134007174873,0.6597718474628067,0.5080525040937971,0.7127780754980104,0.5184492258452679,0.6177486264053598,0.505018990948348
1,498,0.7009187792831904,0.502728352731281,0.653943946053918,0.5305824924167493,0.5929419862372959,0.5362871163977918,0.6532342069318892,0.5074866140768451,0.7067572753544634,0.5169568898783702,0.6238192552986077,0.5061473412343812
1,499,0.7048265603889602,0.5014630855495651,0.6576398090462685,0.5537063741242091,0.5867762379565,0.5494064292703061,0.6563279169421524,0.5069449861882583,0.702421278649772,0.515560253410282,0.6436570021792007,0.5057283859185936
