episode,timestep,group0_trust_in_sp0,group0_trust_in_sp1,group0_trust_in_sp2,group1_trust_in_sp0,group1_trust_in_sp1,group1_trust_in_sp2,group2_trust_in_sp0,group2_trust_in_sp1,group2_trust_in_sp2,group3_trust_in_sp0,group3_trust_in_sp1,group3_trust_in_sp2
1,0,0.5,0.5,0.5,0.5,0.5,0.5,0.5,0.5,0.5,0.5,0.5,0.5
1,1,0.5918803418803419,0.5,0.573076923076923,0.5,0.6642857142857143,0.5,0.5684210526315789,0.500438596491228,0.5942982456140351,0.5010416666666666,0.6624999999999999,0.5
1,2,0.6284658459724773,0.5008547008547009,0.5985377133918249,0.5,0.7412277377794619,0.5,0.6033214667969659,0.5004083484573503,0.6290229885057472,0.5020114942528735,0.7229498231653406,0.5
1,3,0.6435843382036487,0.5010224670702125,0.6138716580013533,0.5,0.7850762559797531,0.5,0.6168336441910592,0.5010636828291201,0.6534256514610343,0.5018706282979506,0.7718625928037423,0.5
1,4,0.652930599979963,0.5016273274258715,0.6253750548786312,0.5,0.814560074454562,0.5,0.6263010247585088,0.5014375817776309,0.668715441713256,0.5017355845153348,0.8043902325487912,0.5
1,5,0.6528043272841774,0.5015308941341247,0.6315057710934642,0.5,0.81377881171986,0.5,0.6281647414074637,0.5015141882218186,0.6797000004310441,0.502648376414311,0.8255572299779977,0.5
1,6,0.6513994825326735,0.5014364286347435,0.6326885659074492,0.5023809523809524,0.8319827909602544,0.5,0.6340789536360334,0.5018614861127461,0.6863545100255942,0.5024540825683959,0.8414743824217121,0.5010416666666666
1,7,0.6615163811648488,0.5013443559634744,0.6275870390945374,0.5022167487684729,0.8283454446726365,0.5,0.6387192903289094,0.5019750250557247,0.6919325070460645,0.5022691802464148,0.8459639118885722,0.5009698275862069
1,8,0.6660301337193388,0.501255056722139,0.6282942547536661,0.5020589730554144,0.8251183467129811,0.5023809523809524,0.6419012109234765,0.5024322394105616,0.6994239301871986,0.5020939411403521,0.8565557461166041,0.5009008007117438
1,9,0.6696753907121202,0.501168861894299,0.6357333798901383,0.501908077265351,0.821917475292196,0.5058608058608058,0.6365880728572769,0.5094605756635578,0.701209517489392,0.5014137641634512,0.8632342692086095,0.5020015471682749
1,10,0.6681021312775314,0.510430239627683,0.640737511947594,0.5,0.8103981703437574,0.5025862068965518,0.6423411350597098,0.5030563659164534,0.7037086948777052,0.4923979187665697,0.857956085036511,0.5017417535302602
1,11,0.6794765137016459,0.501006842526924,0.6456405340346502,0.5016281806585957,0.8162495649950817,0.5265937488193508,0.6448908319401486,0.5028717047060608,0.7084409874749505,0.49289864302623304,0.8588914866063359,0.5026547964165461
1,12,0.686333941575395,0.5009314097479968,0.6522050823215896,0.5038804963730332,0.8152070452139261,0.5271624507369624,0.6415831678251818,0.50269169523732,0.705187928554985,0.49338365764175307,0.8598310951813882,0.5024606618863333
1,13,0.6909776082664008,0.5011163310453399,0.6610767827834021,0.5035952786889887,0.8280230127030803,0.5276354967057235,0.6431405200653605,0.5035395884945676,0.7012855619480975,0.49385094173305755,0.8606585912206246,0.5022758334960227
1,14,0.6952508068415548,0.5010406641838105,0.6225738889630975,0.5057050179144974,0.8377076993534899,0.53193364204717,0.6428404957177714,0.5038292106912834,0.6526858782930421,0.494298849351648,0.8671865756533788,0.502850203574738
1,15,0.6992433628923431,0.5009680849096286,0.5903459476290313,0.5052839386492568,0.8464962199540667,0.5314490330220157,0.6420111253915937,0.5037524560679069,0.6117564967643222,0.49552077204298145,0.8727540796286699,0.5026517897743521
1,16,0.7019303472670937,0.5008987210402646,0.558453009513041,0.5048837844390969,0.8550299408008746,0.5293650816588144,0.6419446308978551,0.5036375650173831,0.5760286823698669,0.4963497654827231,0.8717309948913322,0.5024617602649607
1,17,0.7025152125501156,0.5011392957075171,0.5335109229783495,0.504505008028892,0.8496075276549467,0.5280869724107301,0.6456110613761229,0.5040603841932878,0.5447123001685863,0.49772990365069236,0.876677055740332,0.5022805064248914
1,18,0.7046922017456628,0.5014195274816314,0.5103034542753105,0.5041478086305601,0.8329275440912315,0.526175278639685,0.6526533976448793,0.5041366552659738,0.5186872136153077,0.49797134281829436,0.8756861252714693,0.502108304476947
1,19,0.7103657690303427,0.5013267763384217,0.4922828874731142,0.5038121534216133,0.8180267463681349,0.5249477715571972,0.6520896308945441,0.5141758553816665,0.4943769319950978,0.4991815342249461,0.8671779888810071,0.5020750087223849
1,20,0.7117664816214667,0.5014450596779718,0.47711402482600546,0.5034978023534454,0.8049288883943451,0.5236810534349984,0.6586303574359654,0.5043442653333259,0.4728539191296148,0.5091414058463123,0.8684975647578946,0.5017916185895561
1,21,0.7111696146190529,0.5013547442051804,0.4790532334665738,0.5032043349769925,0.7937642332951823,0.5220455982985263,0.658714406154271,0.5046913494243317,0.47097923110781453,0.5092465806828189,0.8578789317958253,0.5016471679861559
1,22,0.7086241542583058,0.5014175737559137,0.48809976250811116,0.502931178099158,0.7718965243096134,0.5204919631492161,0.6541764399883883,0.5044001231465642,0.47930341784194164,0.509647470546069,0.8586425284916797,0.5030246858107519
1,23,0.7061759032195553,0.5013327244242786,0.5040518196268139,0.5026776332383984,0.7641213856459963,0.5195021888113837,0.650513071742878,0.5041176511325337,0.49433581478934235,0.5090457971291729,0.8644881499692466,0.5028297029071249
1,24,0.7043376253927242,0.501250220059629,0.5199582792790566,0.502442903031937,0.7672223968369282,0.5192288009128345,0.6490887159624931,0.5038447685659994,0.5095335096891567,0.5084578518707348,0.8700175079650967,0.5020109094128163
1,25,0.7105229729170467,0.5015976434922104,0.535336118908964,0.5022261159418134,0.7713237174784181,0.5179075379633102,0.6481333964882069,0.5038106881168609,0.5280056479885602,0.5078868799849197,0.869105538409395,0.5024502144004246
1,26,0.7107262490781711,0.5014910233890331,0.545319726415327,0.5020263487972291,0.7867013028950768,0.5166550807506266,0.6443571777131744,0.514567082882898,0.5458047717457816,0.50782465149126,0.866169804972002,0.5028393435967264
1,27,0.7083706445910424,0.5013885071548996,0.5548930866153602,0.5018426468851331,0.8004707500552849,0.5154696180622258,0.6477099641022976,0.5038732925469978,0.5584508576421934,0.5161812583761475,0.8681576630584947,0.5041213901433612
1,28,0.7078161489612709,0.5012903152504529,0.5630323603190944,0.5016740414524028,0.8122897499053163,0.516057619353459,0.6448413007202325,0.5036074445131501,0.569911896327921,0.516070651960645,0.8681965542693048,0.5045321809878167
1,29,0.7053577851126863,0.5011966167564009,0.5683436386585969,0.5015195646075643,0.8118090401756353,0.5159565812401323,0.646216723229947,0.5033531408229086,0.5830194165547513,0.5156913849799545,0.8678622940334482,0.5055870706946799
1,30,0.7031223946073372,0.5014494526308227,0.5865712056716212,0.5034874763771857,0.8110705746215604,0.515575397106289,0.6431510468253743,0.5031107020450886,0.5934575325876262,0.5145348101828918,0.8729158238947651,0.5053155854823653
1,31,0.7032519577159538,0.5013474051255259,0.5977236770162195,0.5032332777387551,0.8216494499665059,0.5145473786710765,0.6443292719505639,0.5030437827133571,0.6049397226963937,0.5141126154069506,0.8771742454660761,0.5050448124033207
1,32,0.7082359356082923,0.5012498428615887,0.6081519904022862,0.5029919719301115,0.820506350467455,0.5135665545170786,0.6425717208240773,0.5128229624685623,0.6069592906372824,0.51305797889456,0.8806633625645108,0.5067316720318102
1,33,0.7088535044136355,0.501378842432481,0.6155464017642094,0.5027636072514847,0.8192929593512055,0.5126321806713832,0.6472605460791844,0.5029005499208136,0.6133917831231176,0.5037025434318938,0.8835873815045309,0.5059599826251048
1,34,0.7125968207202886,0.5012857643732109,0.618833392061508,0.5025481478764966,0.8293290062961203,0.5117435590412739,0.6483491117152042,0.5026921497398257,0.6187011867094014,0.5043374592614038,0.8865533870690917,0.5060749515572659
1,35,0.7148434514176089,0.5011965558424293,0.6281045965765873,0.5023454745946504,0.8379562978860509,0.512798877403104,0.6526665824390637,0.5024942996455661,0.6225869134085871,0.5039273193019104,0.8894446634385074,0.5057314840563387
1,36,0.7165500076454823,0.5011113402821255,0.6349876151695866,0.5021553881867084,0.8351165377987664,0.5119844246867747,0.6525963730624057,0.5026457321546984,0.6272126269293112,0.504831527195201,0.891829507287451,0.506435978242749
1,37,0.7196308726788434,0.5010302059510735,0.6387730529571949,0.5035556189007268,0.8321695063387482,0.5112039160715626,0.6497620096471446,0.5129524790939949,0.6312997031089785,0.5042948093256235,0.8928411535766386,0.5053971898316642
1,38,0.719425482505085,0.500953206539749,0.6453911598972227,0.5033296008349233,0.8297470178497176,0.5104570348542831,0.6495243331003351,0.502268817828016,0.6391912799298459,0.5153270530823012,0.8908457605790279,0.506686443961603
1,39,0.7171835161839882,0.5008803623070978,0.6506220970420219,0.5031109704131659,0.8386144889847412,0.5097435459764424,0.6528110338074843,0.502576427044889,0.6418802039795468,0.5149959965800047,0.8882999836097693,0.506237722887658
1,40,0.7148611417666922,0.5008116617233452,0.6517783104225429,0.5040053582888471,0.8461752680932887,0.5099061201127203,0.6535913647826691,0.5025625468586702,0.6484170294312588,0.5139531034073187,0.8859091231413482,0.5058058308483601
1,41,0.710809483731297,0.5007470635804336,0.6540763264397282,0.5037858655686984,0.853118347013719,0.5092584235524168,0.6560705263555476,0.5023939289574719,0.6518011474103153,0.5129573147425532,0.8841582579732705,0.506006048170455
1,42,0.7051230526881535,0.5006864995100455,0.6583738056798918,0.5035697919200668,0.8594119624488573,0.5098199723954767,0.6564159893994327,0.5022324006518114,0.6546478485633755,0.5120095560617642,0.8823766634259248,0.505592288446481
1,43,0.7018922401609589,0.5008907078646438,0.6581352597142822,0.5033578950341757,0.8647969074208435,0.5099429044122562,0.6568401112732728,0.5020780339833686,0.6558192124025566,0.5111103781616616,0.8808167062566565,0.5057508179749145
1,44,0.699046549648912,0.5008294067979536,0.660385869033124,0.5031509236281482,0.8698910750636931,0.5102050911040121,0.6513654149924404,0.5123709039389012,0.6546450297320777,0.5096248881805082,0.8778814403972176,0.5060990665364687
1,45,0.6943275519899704,0.5011982838514428,0.6619597546831253,0.5029495949289071,0.8745386644059224,0.5096357618835173,0.6529165326178509,0.5022805619642629,0.6736097903449775,0.5182489760809807,0.8599250558731496,0.5138519366379154
1,46,0.6859562729596014,0.5014740779710477,0.6635512028960844,0.502754574545861,0.8786199239009783,0.5097549302331303,0.6509361413424588,0.5060244455447825,0.6728133208665589,0.5097460224088713,0.8810100563568682,0.5137108304673595
1,47,0.6808398112604497,0.5015747289493192,0.6652830651094936,0.5025664594924677,0.8066705528845243,0.5092224798378704,0.653559077184352,0.5056143353673621,0.6756019666663764,0.510009315080224,0.808240152185424,0.5127446728121823
1,48,0.6772875459597661,0.5014742599001597,0.6755646307125582,0.5023857648835188,0.7423692722152928,0.508702205582681,0.6561124676167868,0.5052206005399495,0.6783327069970283,0.5092080393688645,0.7427260890610163,0.5118213537917883
1,49,0.6742535765872885,0.5018044741758749,0.6779828560480013,0.5022129145810841,0.6843135509105629,0.5081948138367902,0.6525004837520039,0.5056456278700017,0.687769890131144,0.5301440336916764,0.673262245800215,0.5108035477496086
1,50,0.6653917696041206,0.5017256963538581,0.6830053712775214,0.5523959162334989,0.615582213699598,0.5085846213902303,0.658228427916146,0.5019323248397757,0.6848933061236889,0.5077560468641428,0.631559104737928,0.5104864183660113
1,51,0.657188187599191,0.501603869099985,0.6696944719770979,0.5025483802145724,0.5878307848510476,0.5124398550112661,0.6517534805284808,0.5043030508819134,0.6804309381742095,0.5072002668001567,0.5824260052279772,0.5108426259733789
1,52,0.6594533279945693,0.4978695809851422,0.6785236503774799,0.5231727837589929,0.5543252064039683,0.5299721569222094,0.6576681272445732,0.5016756413423675,0.6849960020491505,0.5064954032151109,0.5432164669107628,0.5189676552518143
1,53,0.6578453195177447,0.49801694837266625,0.6788262596483724,0.521555779741939,0.5145479666900478,0.5280293715535057,0.657887572383459,0.501557537183893,0.6917682912776065,0.5059324754234766,0.5048947958673787,0.5175928434991379
1,54,0.6585377796236954,0.498158711222773,0.6785538998381612,0.5200051563628636,0.478948692626243,0.5261525516171052,0.6575892290288815,0.5010101789874511,0.6898205190686175,0.5067639535436292,0.4686085074106361,0.5173705382219324
1,55,0.6616407009857201,0.4985936456712096,0.6769476212093233,0.5185248613918602,0.46692113775653477,0.5243470273210135,0.6531454829688574,0.5013331741687272,0.6988061847058468,0.5290639033819707,0.47136775017726174,0.5233161395952642
1,56,0.6640985519614838,0.4987103029151915,0.680725248815224,0.5171177746525651,0.4783130301817281,0.5226171609681376,0.6571567547830716,0.5059175724871451,0.6945689187801865,0.5053505466788359,0.48595838561548566,0.5234775152508513
1,57,0.6681688483573535,0.49881961380759815,0.6806842111464115,0.5157857491220691,0.49882979690722234,0.5209663302737616,0.6568155997002301,0.5052561855801532,0.7017356163614764,0.5048836964082577,0.5143146772701177,0.5217052626413644
1,58,0.6700772926749197,0.4992386716638811,0.678694605746843,0.5145296764201385,0.5198627126269729,0.5193969395232997,0.6587449774106101,0.5048959470037241,0.7064050934857347,0.5044526982413725,0.5389299343401198,0.5216693879299884
1,59,0.6714500757960338,0.4993188749460288,0.6747504135690549,0.5133495709438177,0.5384394266672885,0.5201864563769991,0.6587963014675322,0.5045505566724883,0.7104135651525879,0.5040555564285789,0.5672329138298327,0.5199985124796693
1,60,0.6747900660090217,0.49925066971691184,0.6731421182603298,0.5122446668543853,0.5551415536021642,0.518634784354378,0.6607513158945543,0.50422067410516,0.7096095848140619,0.5036902700971764,0.5879470064638793,0.518423376032213
1,61,0.6774709913957732,0.49933468508982143,0.6696018474102763,0.5112135224452664,0.5794984425939679,0.5185230941121438,0.6591316840703088,0.5039067849117889,0.706597279795799,0.503354854142031,0.6115663219941437,0.5169433216997407
1,62,0.6837958228327453,0.4994102581408275,0.6713006040623265,0.5102541270143104,0.6028233597322004,0.5171086645343514,0.6607212885407303,0.5039935538623785,0.7004274322576981,0.5030473572295602,0.6369593297884847,0.5155569227868342
1,63,0.6857027374522436,0.4994779761740422,0.668270743345384,0.5114108028140921,0.6235533847748455,0.5157753633733423,0.6577708549514937,0.5011521022672749,0.6939885521330826,0.5026161068309066,0.6705672541389464,0.5151671670659038
1,64,0.6874397672281582,0.49996000677460384,0.6691117396308287,0.5128469764704283,0.6421448463688029,0.5145222277285034,0.6565381112946475,0.5039412469588183,0.702315918742448,0.5170643468831054,0.6623067814794569,0.5136634653332285
1,65,0.6894117198663015,0.4999852285910623,0.6699024238894072,0.5118069986920134,0.6590724952621213,0.5133477567585346,0.6614443910960885,0.4995892869852721,0.6974760510823175,0.4944490809331857,0.6874297685508666,0.5129057445559287
1,66,0.691316660540565,0.5000054447488634,0.6687123961991629,0.510834983789658,0.6741339219815955,0.512249984361549,0.654606916642181,0.5005985163755338,0.699769400334854,0.5194076477693613,0.6865542656761197,0.5201178774344251
1,67,0.6893774906330149,0.507090647626414,0.6655227689615377,0.5092456032543032,0.6713964134143707,0.5157548978189953,0.6602259722321081,0.503602328325387,0.6990251374701902,0.49593595665218493,0.7175567739309039,0.5107731872598968
1,68,0.6930814736206913,0.500033498814717,0.6667173699399279,0.5090861888378151,0.6968204995676537,0.5367736534075841,0.659855590331073,0.5033155820487207,0.6995441133707556,0.49623159433763164,0.7330878693011571,0.5108240966542933
1,69,0.6927508985369045,0.5000425283393842,0.6637828094225021,0.5083044293117235,0.6967701524594915,0.5341546508128036,0.6576668119957764,0.5030476699358106,0.7028518693086354,0.49651460545211984,0.74127664622345,0.5098841149910247
1,70,0.6940363453638052,0.5000489282171796,0.6649780746358122,0.5075807850275286,0.7078890146474252,0.534124757489938,0.6532767959525906,0.5027978191987451,0.702850799662672,0.49678398175868516,0.7541593636772319,0.5090156393200299
1,71,0.692435559850041,0.5000531542307215,0.6619656149879388,0.5069123579341495,0.7169215530229938,0.5316955349150349,0.6533987193191704,0.5025652433351375,0.7053997030891774,0.49703904338904403,0.7600921666000032,0.5082148012792038
1,72,0.6918942695567653,0.5000556069208886,0.6597214204815398,0.5079739037970398,0.7261071055612701,0.5293822695762979,0.6497143033418576,0.5107049228882052,0.7022591823112533,0.49814578244289703,0.7677457317985065,0.5089016840072735
1,73,0.687550587859728,0.5000566342497954,0.6573782219505665,0.5073357886879223,0.7344780334884314,0.5283521538692694,0.6545107565960941,0.5024501056681305,0.7076009411670469,0.48978496077265327,0.7791078087984868,0.5084067484897504
1,74,0.685089170416768,0.5000565351544611,0.6573231749319607,0.50911780950216,0.7416570231333884,0.5279596219364018,0.654565283119408,0.5062952831654183,0.6992813636173152,0.4903822801294779,0.7791360408994165,0.5180138798474332
1,75,0.6831934695772497,0.5004111728410501,0.6599552832623243,0.5083995708879253,0.7486024258120454,0.5259707759350841,0.6574727112178491,0.5068153553967164,0.7007236118599692,0.5004922209664012,0.7938520926734637,0.5070463681258361
1,76,0.6836220332624502,0.5003901471880298,0.6577457843701484,0.5077265550507583,0.7544906088269234,0.5240848790441734,0.6579769226350377,0.5063169106371732,0.7009788024044584,0.5005539972603301,0.8003794170137156,0.5064406621356522
1,77,0.681840324191302,0.5003685892027567,0.6571273570284429,0.5070973065539627,0.759634938864174,0.5229946524627106,0.6535909991521567,0.5060836514371609,0.6974623352355716,0.5005978812814096,0.8062378510213113,0.5058809416572895
1,78,0.6818205101442872,0.5003468272327397,0.657535728027078,0.5065102768310757,0.7643235418622031,0.5243014955790917,0.6518720973932631,0.506461640085934,0.6941367459579265,0.5006261992160064,0.8124689224529449,0.5053645213454988
1,79,0.6798827535602219,0.5003251422143001,0.6622374733286713,0.5059638309392821,0.7576451112102862,0.5232066463023771,0.6466959232964249,0.5154572775981067,0.6906578310179662,0.5006839381365449,0.8194483887838506,0.5052146982392496
1,80,0.6758724081735493,0.5099866243647803,0.658072771620753,0.5063656341014752,0.7417842867745934,0.5277209416208272,0.6490943292457884,0.5055183342187953,0.6909168888226146,0.5107560341560662,0.8307943783255123,0.5050963730756247
1,81,0.684065409781148,0.5002829056088548,0.665670252629569,0.5264143547407288,0.7646523882425899,0.5221861626047163,0.6463931038374838,0.5050855604695572,0.6901259863346689,0.5100726456038043,0.8391953448854269,0.5046727439049633
1,82,0.6843925444323583,0.5002627041786434,0.6655533706514322,0.5245013244591428,0.7798392539591799,0.5206858068107272,0.6454161757185785,0.5046786001778815,0.6933616020940556,0.5104415663966886,0.846421436427453,0.5050307402035112
1,83,0.6821328083912835,0.5002432870144347,0.6649554835550937,0.5226795687144372,0.7934517552063347,0.5192584450586065,0.6447318342308997,0.5047353904232692,0.6967721161268753,0.5097236813555761,0.8438063022124924,0.505673321407154
1,84,0.6819680377656062,0.5002247441096573,0.6687295393444772,0.5209512880362388,0.805907692785596,0.5179027454034534,0.6438635434899362,0.5046295225670313,0.6992754100324415,0.5090318245615999,0.8460280089304758,0.5057079785744231
1,85,0.6821795935612857,0.5006389631868654,0.6718237150801125,0.5193176838593115,0.8169517678929595,0.5178454636710439,0.6431119224683927,0.5051263439394832,0.7035687200414854,0.5091203729568352,0.847952927272901,0.5052871192307299
1,86,0.6842979361203947,0.5005918947593727,0.6728443733342846,0.5177790052133778,0.8268349509242322,0.5174160757476935,0.6431623678010804,0.5051276657058732,0.7055919323259838,0.5084552864166709,0.8501511526957471,0.504890501228784
1,87,0.6844404610865104,0.5005471693435839,0.6734209903119035,0.5163346183913282,0.8358947739713017,0.5162357212564123,0.6402082951584179,0.5051399140138554,0.7145553745126223,0.51719935617005,0.8367622488266238,0.5018017360191414
1,88,0.6829974166468824,0.5005048349276381,0.6758903593126363,0.514983093898126,0.8433767383416921,0.5181463347288345,0.6416213394231618,0.5087512270792188,0.7085693875217509,0.5077869577193063,0.8621015363725245,0.5055147897277698
1,89,0.6835437280127616,0.5008073457237509,0.6779942217649596,0.5137223049760924,0.8507835742585567,0.5169218782102201,0.6430956963360076,0.5087860391199791,0.7068328035592863,0.5071998477818402,0.8670533537651289,0.5060632692730003
1,90,0.6822945201690825,0.5007521179716752,0.6782548643129463,0.5125495323547852,0.8574323312160547,0.5157550392993365,0.6471057509473113,0.5088108704031139,0.7044285958087806,0.5077060451386685,0.8714294186013574,0.5056266949017358
1,91,0.6806197631855608,0.500699049827297,0.6786505903802112,0.5114615704881109,0.8631324620602684,0.5158759338151736,0.6506187627714483,0.5081863037998419,0.7041565139766359,0.5081443253830655,0.875630898025839,0.5052126829349232
1,92,0.6793671310732557,0.5006482811964434,0.6786490273727682,0.5104548313179632,0.8679120645864332,0.5177517806735633,0.6471961483383206,0.5075912015980003,0.7080704715617346,0.5085479482842683,0.8748188854312323,0.5048210433544718
1,93,0.6743271436466366,0.5005999177445368,0.6786762173621143,0.5116592458923123,0.8618413498487756,0.5166809371041483,0.6422074717267484,0.5166994637527669,0.7008115102742117,0.5090787915496864,0.8735813754553796,0.504251985306796
1,94,0.6743036543016258,0.5005540319740687,0.6764829684418684,0.5106746220182748,0.8561906651634734,0.5170287491189032,0.6435744936218019,0.5066892964941536,0.7021870339055928,0.5072473510033139,0.8730258671529677,0.5134786896961258
1,95,0.6676665653798215,0.5005106650107723,0.6765800739026507,0.5097610392849169,0.8510127504710594,0.518401219209686,0.6442693217991254,0.506181849263051,0.7072934825083613,0.5066565107118399,0.867173269000193,0.5125056068046387
1,96,0.6615134584171649,0.5004698289697996,0.6791855502098362,0.5089151596431533,0.8574154784805942,0.5173982059366623,0.6457857423747676,0.5057033821047634,0.710997914769861,0.5068525016954534,0.8619988283424876,0.5144514329797468
1,97,0.6546573548173179,0.5008478926578344,0.6772960163246184,0.508133536451146,0.8309333034563496,0.5187978466912826,0.6468413168945281,0.505253504498772,0.7145133328840694,0.5063014354644713,0.8528765445506179,0.5133688305113822
1,98,0.6478399302952922,0.5012017735611868,0.6808070793206716,0.5074126636244722,0.7963932637847199,0.519804034779936,0.6494765497001728,0.5051527782290615,0.7253052260996137,0.5057863990290012,0.8404371501311723,0.5123643448453443
1,99,0.644344931629151,0.501113442623191,0.6826452279844543,0.5067490188957363,0.7869451328691847,0.5185865164167722,0.6502391500613024,0.5050829762552982,0.727393465206241,0.5053062018853272,0.8289182679547791,0.5114126360815486
1,100,0.6398006219187453,0.5047706260266498,0.6800369833034411,0.5050261388049986,0.7870409660231105,0.5203057858686471,0.6509661672399325,0.5049149242574947,0.7290690947478662,0.5054159827867212,0.8278265544640847,0.510514263124346
1,101,0.6373835252693862,0.5011986592170317,0.6865794607794639,0.5270866919528636,0.7675679274363548,0.5171265948432228,0.6460347165966656,0.5045344640085047,0.7301690094444616,0.5049848889057146,0.8270786784561404,0.5103420527061376
1,102,0.6329610597957289,0.5013885900274564,0.6883376080518943,0.5252489323112065,0.7719729317794636,0.516024335325697,0.6398064542541146,0.5126369860290462,0.7318413453169577,0.5263248878000082,0.8117301606784032,0.509511547968506
1,103,0.6326099396443431,0.506672376580138,0.6847002771504148,0.5039667593848675,0.775340999341459,0.5185671709033746,0.6511905826222134,0.5081671520147483,0.7293782812853273,0.5042085432937002,0.8335285894099388,0.5189948005564528
1,104,0.6336492633703952,0.5019610769098927,0.689982932992261,0.533737891371122,0.7657696752962309,0.5148868093946359,0.6478502795201823,0.506667233308545,0.7354572595560622,0.5255226499007838,0.8149822015952349,0.5147753065028953
1,105,0.6389297528091681,0.5018319507773328,0.6910471451617625,0.5318011419465967,0.7599762350215761,0.5138972124446739,0.6514160336678285,0.513501510573595,0.7229447369628661,0.5047917690199096,0.8306646838687913,0.5157265663882752
1,106,0.6414675760481787,0.501928141716432,0.6898605698713042,0.5298982290508429,0.7546409767401107,0.5129475161937265,0.6554115155726834,0.5030224892139933,0.7281594461780996,0.49476007423213114,0.8427440363767286,0.5151092467903021
1,107,0.6454923344039386,0.501803213674909,0.6892136470081069,0.5280375590631156,0.760463894354588,0.5120390068865455,0.6558398794083212,0.513423896955087,0.7196102829613826,0.49415610248430697,0.840546103666,0.5148436538331259
1,108,0.6479731732854859,0.5016824083002803,0.6887706821191947,0.5262268785289329,0.7654922611383148,0.5122114697652201,0.6593352993351732,0.5027306998122182,0.7250887219855997,0.5057980002781889,0.8466429921474616,0.5133969559462759
1,109,0.6516967685520151,0.5015661015393028,0.6842461858375162,0.5262028323960689,0.7694847336972916,0.5131032057556874,0.6564768325020758,0.5027181315336001,0.726865855642964,0.5054462594896221,0.8489700765238535,0.5123291663935111
1,110,0.6549854399588926,0.5014546028128185,0.6821586492169494,0.5244349652924871,0.7735664547508951,0.5141477677365874,0.6543906203805382,0.5025192269850131,0.7268180896642653,0.5051025988762602,0.8500921686359271,0.5113286417506641
1,111,0.6656205750650315,0.5016202949950292,0.6814203729388068,0.5248081842508638,0.7768807843431408,0.5138728743710591,0.6490551487563263,0.5120657557442259,0.727021083451455,0.5059254372829766,0.8505384400693768,0.5068951080620493
1,112,0.671484847694851,0.5015094250908074,0.675737008629366,0.523054769227187,0.7903627960374351,0.5154425889561235,0.6494796299172998,0.5131818410973161,0.7271450165293056,0.5046091897299222,0.8489118780692153,0.5195415898900718
1,113,0.6749084856299061,0.501403076311831,0.66821947774345,0.5213764951867583,0.8031363573900281,0.5145509787843564,0.6534505404092306,0.5027853644603858,0.7323462105616982,0.5143548694189519,0.8490868387326928,0.5175922393768717
1,114,0.6764221172354413,0.5013014647797022,0.663632791455897,0.5197772316292734,0.8146008365429092,0.5136835966077268,0.65272359617663,0.5027308942183558,0.7332058642035211,0.5133521492664751,0.8462344235035816,0.5167218755821277
1,115,0.6813529145194969,0.5012047499275781,0.6633095828640183,0.5182596809756924,0.8245659209086705,0.51525665263836,0.653233628527059,0.5028666960046494,0.7304751306134233,0.5123903996603031,0.8485668696735181,0.5155668240962431
1,116,0.6855145420634222,0.5011130358053089,0.6610222066956511,0.5168254372928321,0.8334862419939577,0.515109104953281,0.6417257826065268,0.5136992010402001,0.724250769746527,0.5409104680671089,0.8249695711084059,0.5155535714490576
1,117,0.6916485620786988,0.5010263735650948,0.6609258520019414,0.5178485681294335,0.8415320507759362,0.5142681717208146,0.6541577500974942,0.5066884352917954,0.7185644610893238,0.5208311289939194,0.8515348271078549,0.5150054642353113
1,118,0.6929926325673734,0.5009447649522645,0.654584586735072,0.5164186355420456,0.8487652021992647,0.5141047308338824,0.6543375256332171,0.5062505968326009,0.7155729299477014,0.5200427214209082,0.8574187457299977,0.5148620473079726
1,119,0.6944272309204924,0.5012140257874186,0.6507484953453643,0.515077327729096,0.8550555973244599,0.5164142790385384,0.6565103356640252,0.5064113924961151,0.7104247231789121,0.518542249712468,0.8584902933820459,0.5137756740265049
1,120,0.6956065654299203,0.5014921302176157,0.6475184208001955,0.513823247667936,0.861331123677579,0.5155783682642305,0.6584247506507728,0.5067969254832421,0.704227798847125,0.5171216568291138,0.8593541137936398,0.5127435186527787
1,121,0.6967599558890178,0.5016670224803873,0.6466545404075464,0.5126543073798032,0.8669502603685556,0.5147503747808867,0.6600872407405863,0.5065827812290279,0.7022523029104893,0.5162948933536089,0.8601118124204239,0.5117663237209871
1,122,0.6937331368159898,0.5112012009459238,0.6448000286706983,0.5044932312822348,0.8692797096281036,0.5162555386818275,0.6569240449925552,0.5062900555541548,0.7051343832593884,0.5150244571244308,0.8605609411956302,0.5114402032825178
1,123,0.6912355768803795,0.5117545809162027,0.6458492440958253,0.5329027535946445,0.8699296170002576,0.5159605373549091,0.6531106280096838,0.5144934823590683,0.7002914478082923,0.5136739086718702,0.852660402558217,0.5123201871375521
1,124,0.6931180357093023,0.5015696834266351,0.6503995891743818,0.5282168374398021,0.866990853322105,0.5347068814771642,0.6551577988362951,0.5160256950104037,0.7001893646024453,0.5218959571403626,0.8479189341492528,0.5118435074653164
1,125,0.6908360099244114,0.5014643459553747,0.6523064674264974,0.5263078872808321,0.8608860422805835,0.5344499428182299,0.6597931375508314,0.5052420054140389,0.7075280863293893,0.5314522239230985,0.8526106330570017,0.5102508789056077
1,126,0.6902330288467996,0.5013630398692747,0.6560809832219325,0.5244700504375749,0.8558587450765857,0.532243162267459,0.6573380751811416,0.5048716414172174,0.7086233339457044,0.5291853486539747,0.8584771564035089,0.510186853805158
1,127,0.6918335631559055,0.5020540812199445,0.6585990225037692,0.5227086688161661,0.8404054499489788,0.5306931327906026,0.6587871916213726,0.5139395886895763,0.6987319912869189,0.528845924775426,0.8635063471045641,0.5096993739201355
1,128,0.6928303218561498,0.5019119496786644,0.6627572583947698,0.5210279170430373,0.826535759864045,0.528648480963529,0.6639803913354867,0.5041841795783457,0.6975515139171042,0.536285770791945,0.8685202463448931,0.5086673118860581
1,129,0.6975188142609696,0.5017755673657806,0.6600751645983058,0.5208050135255913,0.8245587130851041,0.5266849012985675,0.6626081200352002,0.5038673200168784,0.69795099210137,0.5335766806751999,0.8676152506604056,0.5083859038346776
1,130,0.6982858226459242,0.5020726250248635,0.6605426854818371,0.5211997372423539,0.8334524591961073,0.5253761880432938,0.6621981391733104,0.5050732019204287,0.6942617307747161,0.5310076754923188,0.8629123714230239,0.5087829736173215
1,131,0.6925185442702231,0.5115779480943731,0.6586017243712939,0.5223436896547766,0.8339790816496988,0.5274046415262692,0.6599230170721464,0.5046995652969993,0.6967363798997639,0.5285805823572867,0.8630094031460345,0.5088299703526777
1,132,0.6983171206235408,0.5020264246609718,0.6643134016695046,0.5181338530120354,0.8475230976121454,0.5461220227777152,0.6573585167606775,0.5045910036243043,0.6974991181413754,0.5269481852935388,0.8677315357689629,0.5081612077215849
1,133,0.6950863356858368,0.5119242809232878,0.6616818929703769,0.5061305384318864,0.8463689685603945,0.5500477716020359,0.6575686740321695,0.5050196204754672,0.6977915966827968,0.5247820981584201,0.8722788900811173,0.5075318920728458
1,134,0.6985859195909294,0.5017420676909979,0.6665663453057499,0.5312548492458894,0.8594878023443544,0.5402760345077257,0.6576350881103475,0.505101860402203,0.6982937494371426,0.5237487735871709,0.8766715373574199,0.5069409497250075
1,135,0.6989176552539521,0.5016105233087742,0.666904846497333,0.5292803213696547,0.8650691190694259,0.5373626075045438,0.6579698565265101,0.5051943569843013,0.6960489845899258,0.5217883457540107,0.8804389393781975,0.5063872207076694
1,136,0.6980084057831341,0.5014861731942765,0.6681409949099064,0.5273611411985548,0.87005842790755,0.5363992177524722,0.6600632426399313,0.5049800150357666,0.6951852145036647,0.5199599916695167,0.8836639308592977,0.5065742753170674
1,137,0.6955624327102876,0.5013690104997006,0.6652702435137047,0.5255048524207986,0.864096077786326,0.5337024776324729,0.6554138139508295,0.5152167539283603,0.691366466573686,0.5148177303695759,0.8802834879689454,0.5075714112223022
1,138,0.6963513155482917,0.501606889522999,0.6682935162093588,0.5237179066522832,0.8692960804884196,0.5311535365255036,0.6594691702725065,0.5048330180560503,0.6987077044662127,0.5240995282851943,0.8802464483757103,0.507097898528073
1,139,0.6955045403448475,0.5018628033312637,0.6717810015269824,0.5220056027393445,0.8739353435285675,0.5304729383882264,0.6497898286005686,0.5141554664541799,0.7010036099527008,0.5455713093465414,0.8574365518381334,0.5060425523414187
1,140,0.6948683242526565,0.5017257386049225,0.6741606612185004,0.5203720654828983,0.8674051233031141,0.5281390240170174,0.658681598745818,0.5086691961881019,0.7028423150880394,0.5302783131265907,0.8774205897442036,0.5060675560101356
1,141,0.6952584114732107,0.5016375804732052,0.679926550170626,0.5471115773402518,0.8164540565492209,0.5277320441409608,0.6545889107262527,0.5081098333298864,0.7027754778736087,0.5280942742409444,0.8761175659773692,0.505596974430538
1,142,0.6971184018162623,0.5053186066278142,0.6785016185140195,0.5173520422041558,0.8668648384442748,0.5258397568377929,0.6507916313308894,0.5083948792539325,0.7030952012015126,0.5260159207983528,0.8798501647402796,0.5051551364123708
1,143,0.6964678303365073,0.5049372481542652,0.6779514068729177,0.515968224361344,0.8718895230749083,0.5238918159111888,0.6534677604040311,0.5078376563913932,0.7069755724517419,0.5240449195896509,0.8738695181847648,0.5047412172495337
1,144,0.6942100629158939,0.5045732648558694,0.678104677696325,0.5146686750992799,0.8652360703190982,0.5220618584580325,0.6480470238874797,0.5073007922870275,0.7108046245800769,0.5221820032338091,0.8733796301860025,0.5051343999076212
1,145,0.6972542117952798,0.504227289372405,0.6799948518380731,0.5134524220316431,0.8591553611205206,0.5210524773605425,0.6488524294363932,0.5067857179771664,0.7141001951552903,0.5204270012675285,0.877659749094801,0.5047370990072879
1,146,0.6983571977320066,0.5041843981448828,0.6758518141366573,0.5123177664583498,0.8650085780312174,0.5194520813127156,0.6473607037465715,0.5066599854451714,0.7154844309870667,0.5187788933832137,0.8813129127285493,0.5043637309415965
1,147,0.6972691929314839,0.5044827452812759,0.6744744753913109,0.5112623997809946,0.8592159274874293,0.5179531230099467,0.6413717846691921,0.5147996853763145,0.711016321628644,0.5164891998020732,0.887870540260384,0.5051275084699803
1,148,0.6984497433918233,0.5041531979067686,0.6759918983570768,0.5102835179532708,0.8646483102502033,0.5189228464025684,0.6384860495664426,0.5162545981747811,0.7113079328571201,0.5254700829374338,0.8850432843924314,0.506496182511645
1,149,0.697680076851943,0.5038403742822763,0.6778112462378911,0.5093779304704836,0.8699393777235718,0.5174503772217534,0.6392966648852069,0.5056554591836405,0.7162542748410737,0.5328460472801915,0.888906693744044,0.5056545742652548
1,150,0.6966000849754077,0.5035444642074655,0.6760617744001972,0.5085421613186296,0.8745442969208611,0.5173527019245376,0.6370030943525157,0.5057570234456509,0.7169457063284279,0.530373005851929,0.8916669773728384,0.5052343782969062
1,151,0.6957336798966576,0.503888644763718,0.6751675914075854,0.5077725401587797,0.8788173910978403,0.5160334429384219,0.6344040135570886,0.5053514813855164,0.7184580607624252,0.5287677569343163,0.8937181265487506,0.5056978534505661
1,152,0.694706702738786,0.503596276969498,0.6795256832979449,0.5070652827755308,0.882528512591796,0.516964624691141,0.6300388840128963,0.5033644050260474,0.7208366492937176,0.5489985439762873,0.8770503478793564,0.5063487076343324
1,153,0.6939159552887052,0.5033200609850487,0.6814863566145842,0.5064165604468095,0.8858341519374117,0.5156709113252467,0.6391927904871594,0.5081642642952052,0.7127933721309161,0.5244211907200523,0.892834820928162,0.505340172957999
1,154,0.6932504421603356,0.5030598877507809,0.6832599905652431,0.5058225583894703,0.8888020531212193,0.5155341977739661,0.639372338430559,0.5076275260643685,0.710298042241136,0.5224429578280969,0.8900335031426472,0.5049540746413915
1,155,0.6906386865020799,0.5028155350755418,0.6831267875021236,0.5052795238055204,0.8806520604172504,0.5143773792768981,0.644910183026707,0.5071094483781193,0.7074134834654638,0.5205920302345065,0.8830787663593717,0.5045878115386931
1,156,0.6854028919768017,0.5131061388365868,0.6782588152647591,0.5055811050279219,0.866190422131202,0.5163344345200046,0.6463836587351952,0.5069772133885824,0.7050225589601758,0.5198024026522681,0.881500504174551,0.5042413252777754
1,157,0.6948357828541514,0.5027748048847646,0.6746217785492995,0.5225403929669643,0.8199264156406391,0.5672435829803523,0.6515653581587141,0.5073088889091111,0.6990537777300687,0.518339245034988,0.8576070076428999,0.5277328891038733
1,158,0.6892246215812476,0.5066464709272877,0.6784903652068028,0.5238711128405517,0.8598855264702275,0.5162470396507851,0.6440187175842849,0.5110929273457442,0.7118827035564124,0.5367546457493768,0.8521688816739192,0.5033947247265322
1,159,0.6848638029541234,0.5061785486748295,0.6763824667181454,0.5220768482650483,0.854707947189745,0.5160744869932259,0.6496768743842465,0.523659418673279,0.7028457832661467,0.5130056217423957,0.8670728530752545,0.5040608148917525
1,160,0.6848614496541737,0.5057323223804989,0.6761203302242708,0.520378698821938,0.8500806447617882,0.5149653248016628,0.6539064211341201,0.5133993073980017,0.7122394854704054,0.5223375669005856,0.8678144810329796,0.5037189868899913
1,161,0.6804563869555387,0.5144510123256988,0.6753862323999882,0.5189913182035699,0.8539177662903003,0.5184563952022075,0.6515992678439853,0.5100841790135495,0.7186470352004992,0.5433722326019262,0.8578768932636929,0.5036888692441776
1,162,0.6849504933088011,0.5049064009260952,0.6841531911768788,0.5374571301604464,0.8607507018050516,0.515348662537231,0.6492367246688209,0.5097433876326313,0.7255440595150304,0.5415526523656518,0.8672099696050236,0.5034003779562347
1,163,0.683346217927978,0.5045269563367285,0.6855562683248505,0.537121807710177,0.8661998869792569,0.5143776884123183,0.6558984030408005,0.5161180035459306,0.7187434848596581,0.517655827979354,0.8804605637855025,0.5029232803886399
1,164,0.6870275584947834,0.5041697263902583,0.6863552903877201,0.5356387844685965,0.8484484723296367,0.5155670271447528,0.6558479840644262,0.5151097547036452,0.7200091994490322,0.5162692622799776,0.8839944527923466,0.5026892243829967
1,165,0.6831652617572812,0.5038344108498992,0.6856397431801382,0.5330032681360468,0.8332828672702635,0.5146214915253328,0.6541268101273738,0.5141348392719188,0.7160244256128165,0.5149674898783332,0.8871709367407331,0.5024701632935926
1,166,0.6833070126007134,0.5038776825696568,0.6853468076378136,0.5305020652279503,0.808518821627401,0.5137094215560584,0.6539858303170176,0.5131954014127862,0.7168583103523531,0.5144370257390053,0.8897896066202808,0.5041483545223177
1,167,0.6855058936555104,0.5035651473735403,0.6830655541045016,0.528137036230997,0.7971090241931746,0.5139661709686585,0.6600584242274984,0.5128523150620738,0.7132596625132781,0.513272510543121,0.8923044959631808,0.5038432126060246
1,168,0.6854898855777357,0.5034979932308722,0.6771794193612879,0.5259085945865501,0.7981819589055813,0.5136642458774158,0.6577027936923241,0.5124046927667104,0.7068551024569619,0.5121840562728024,0.8896902153279632,0.5041092073656345
1,169,0.6871660565735936,0.5032200422766091,0.6716108167446112,0.5238158435004008,0.8101991369026785,0.5128426213934457,0.6595585115118046,0.5115271616057061,0.6985663340451305,0.5111691620152107,0.8873504165480657,0.5038218494694482
1,170,0.6882518605472161,0.50296006993711,0.6651399414633078,0.5218567267843319,0.8209560194714509,0.5140350622458078,0.6574440598953514,0.5106906680792276,0.6930761165601318,0.5112599635932299,0.8853373609227256,0.5045057875919163
1,171,0.6877883431681641,0.5027174466699292,0.6572975983371986,0.5200281870926684,0.8198167489458497,0.5137150178760203,0.6578470411911016,0.5105015087074,0.6900953328638747,0.5103129333781202,0.8834263055190863,0.5041856252370215
1,172,0.6877433384707908,0.5024914956897221,0.6538335827133921,0.5183263256836692,0.8295246690361486,0.5140755560095654,0.6575948881253547,0.5097215524931233,0.6879878953734381,0.5094333416559167,0.8817608361940181,0.5049216499270025
1,173,0.6881381229859774,0.5022815038456978,0.6585044889919863,0.5167465587502866,0.8275194017960367,0.5132458520242765,0.6521049724018769,0.5057099466728818,0.6903280722029497,0.531835878275273,0.8666364110050039,0.5044354369616093
1,174,0.6846381450382073,0.508931666130353,0.6569788577650716,0.5079638444094928,0.8464658495862568,0.5159048635484073,0.6584490882084086,0.5119366101411982,0.6871642837127652,0.5078643260560203,0.8834361863969193,0.5050299509586111
1,175,0.6972374105077038,0.501906422261165,0.6626707432124783,0.531218639264137,0.8416462745802173,0.5136124049090145,0.659140682531906,0.5111402935826027,0.6884450043319624,0.5071685639157095,0.886488200078351,0.5046641189622458
1,176,0.6974177182981831,0.508864849159402,0.6608162016496095,0.5066038696620464,0.8594598564379772,0.5156389303459038,0.658967308669466,0.5107375607194513,0.6897731677256306,0.5074596376965427,0.8846335273595173,0.5043160519382365
1,177,0.7011504217412485,0.5015861275299341,0.6660901390698336,0.5056397139482816,0.852940131827008,0.5126532564242134,0.6633638556562123,0.5102827933158863,0.6886038763795452,0.5068142903967302,0.8782083900225063,0.5039861187733488
1,178,0.7041365475034436,0.5017712133551151,0.6672299663191362,0.5075084829892063,0.8594139589173864,0.5119194878555974,0.6650874120327712,0.5097228819202646,0.6883223557591149,0.50725529452675,0.8767737076108474,0.5036744960733948
1,179,0.706320423319305,0.502000783080236,0.6682540515868249,0.5092530271981264,0.7883073870713011,0.5120886751292799,0.6677919783991033,0.5090426388979731,0.686412068413077,0.5066343564095825,0.8052419131769483,0.5043209526271659
1,180,0.7072940391146549,0.5022556663878864,0.6696798517456694,0.5098452981974992,0.7242384118238906,0.5133124364452815,0.6610461295081964,0.5045304516833097,0.6933530315694535,0.5263077617845465,0.735604985989163,0.5038246961363709
1,181,0.7013757982188422,0.5023021235419316,0.6703772199607224,0.5091201552114192,0.6672504056584009,0.5133033807123024,0.6606611383402039,0.5092790971663411,0.6880423130237185,0.5057177473560256,0.6819378172727415,0.5038969520029116
1,182,0.7011714604416385,0.5021328688353552,0.6733849612912668,0.5084354648899908,0.6591621702904632,0.5126179908478806,0.6617987244137157,0.503816107609456,0.6940573162963449,0.5150928097734505,0.6534800030624637,0.5033804051438037
1,183,0.6977477192950299,0.5019729057463415,0.6739517405505836,0.5077902825372084,0.6630771602768543,0.5119412723029653,0.6570298430307676,0.506130593948091,0.6921097965882717,0.5160665529100327,0.6445825000026711,0.5033080306841363
1,184,0.6947557143502786,0.5018220614776879,0.6763277699182803,0.5071836043679764,0.6769439118566091,0.5119193364126231,0.6611796627271486,0.5034325436382961,0.6998624556528813,0.5139751441228279,0.644071990653199,0.5122209080672445
1,185,0.6960765849886354,0.5019512344365114,0.6785636403268749,0.5066143586101256,0.6897872517422625,0.5120037774899686,0.6570534223443382,0.50335282318312,0.7025560360972603,0.5129364557389959,0.6477798915824715,0.5113337969904629
1,186,0.7012103634497285,0.5018084786745225,0.6778413442389905,0.5060814004341078,0.7125489442541454,0.5152287748887818,0.6551101116431122,0.5033779922354965,0.706527425451574,0.5119510344324192,0.6646513888580378,0.510489028000798
1,187,0.7018844696669604,0.5016733625431886,0.6742136252482123,0.5076622140949183,0.733325267337981,0.5144699143473909,0.65787201732617,0.5031318751530138,0.7103646246446522,0.5110195598916544,0.6800208159452856,0.5105389336595261
1,188,0.702218212839318,0.5015457833244683,0.674106716722083,0.5094580676121894,0.7518959453416051,0.5137154105729708,0.6597430544882729,0.5032365354386887,0.7076495657754364,0.5118113145000366,0.6984065373085525,0.5117273948455119
1,189,0.7029253282449179,0.5014256155775438,0.6714119091358615,0.5087422736612449,0.7564399786505682,0.5137122651870137,0.66111172531454,0.5031893721311954,0.7012905215424919,0.5109004163355524,0.7108704304314556,0.5108384689255543
1,190,0.7001263006049199,0.505906557266605,0.6640578177033758,0.5091763250951381,0.7794816303498875,0.5185579743053831,0.6631016692327814,0.5029646729901164,0.693466931710041,0.5100416752497368,0.7269007627495353,0.5099974813882281
1,191,0.7091013282543265,0.5021661012124966,0.6670315991658687,0.48882069839533404,0.7610222280201436,0.5150316518905512,0.6651013015567824,0.502731414340718,0.6826473929209611,0.5094926223716449,0.7267577968387325,0.5330762567062131
1,192,0.7091855107814653,0.5020122851432559,0.6699854766528985,0.48934821212943624,0.7658235438670449,0.5169094205599098,0.6569103177821938,0.5151841723798567,0.6813053130539183,0.5049675438132201,0.7522466650734406,0.5099038956030594
1,193,0.7006412370003682,0.5068476134605967,0.6709497106182998,0.5071350721177647,0.7821037533742882,0.5187041299983131,0.6591000048038562,0.5062844720287016,0.6815773484676124,0.5156550637687993,0.7681033151170316,0.5099256169826506
1,194,0.7087237777850773,0.501726726319282,0.6777275002789602,0.5099703389432781,0.781538954485499,0.5151654527636454,0.6532611376548687,0.5061389897421216,0.6845926207151881,0.5354214011655727,0.7615776352944627,0.508636574142859
1,195,0.712250039110127,0.5015951083385812,0.6832799048592041,0.5092696499925816,0.7847334321728122,0.5148130855111843,0.6586175278188807,0.5089272662672008,0.6779317176101526,0.5153606434082755,0.7870500570343973,0.5084378712811316
1,196,0.7117015250267857,0.5014709262897744,0.6811230102842293,0.5086036291221637,0.7984504647252394,0.5139891814527878,0.6585732765903427,0.5083017543119732,0.6803122217466244,0.5142989064375394,0.7948632813627324,0.5084863274088001
1,197,0.7111879128777441,0.5013541121715571,0.6809524604547449,0.5079721057797378,0.8105315635002864,0.5131826306788762,0.658542270679036,0.508411554705582,0.6848992332109924,0.5132802330658887,0.8020220749909903,0.5078238866701946
1,198,0.6999507914637085,0.5057853614318575,0.6765384229953572,0.5073124794729919,0.8459000680505712,0.5153741301940927,0.6601484556341216,0.508242715459401,0.6865156650050099,0.5123070566681618,0.8135190778335023,0.5072022403568659
1,199,0.6925524230124814,0.5056350835473384,0.6818892937972987,0.5067657611795112,0.8532795277427275,0.5144904111161589,0.6583129699198268,0.5076340463844037,0.6860990134246593,0.5113811865122574,0.8233646560801352,0.5066202990583841
1,200,0.692113590322397,0.5012683602322188,0.687772357826623,0.5062806288556465,0.8327200330741286,0.54305952857545,0.6561530486033301,0.5072624313164111,0.688273536754464,0.510503820541138,0.8275989259947281,0.508046156553039
1,201,0.6880017102515015,0.5011716096315795,0.6892674505403351,0.5057825158896673,0.8308342350474222,0.5423863622781234,0.6523502157519383,0.5062705957887979,0.6898117315339529,0.5103375543082338,0.8306770289616175,0.5079559929759444
1,202,0.689662068224713,0.5010805793965643,0.6899780049733046,0.5053159495568647,0.8289757018707575,0.5409563085328138,0.6525888997515836,0.5061089447679258,0.6924713261922811,0.5095351309066275,0.8332022051337019,0.5077027196378522
1,203,0.6853115085960467,0.5098367871226022,0.6823759929034917,0.5028286975701329,0.824948554291557,0.5459325579688376,0.6511301203590103,0.5056342014352492,0.6875030797723372,0.5092183929165138,0.8405212648295425,0.5071325657837328
1,204,0.6877511913117631,0.5012353488405162,0.6861509228074649,0.521138809337073,0.8239493450178598,0.5369991469570009,0.6516826124795925,0.5053924265578887,0.6810543456631282,0.5093166937280866,0.8421374207020361,0.5065953866644716
1,205,0.6877588970413877,0.501143217949164,0.6816658018121582,0.5198651426353643,0.8229302447804355,0.5346830816736039,0.6520964698933606,0.504970199806747,0.6817451216488455,0.509499048083451,0.8436159346652307,0.5060902509295727
1,206,0.6879864755860983,0.5010560578349994,0.6816913760862116,0.5186238774649646,0.8326373203896585,0.5324319608677746,0.6498892782510406,0.5047788189098716,0.6860609013928717,0.508779122607124,0.8449921818356025,0.5066577730749114
1,207,0.6904714953032716,0.5012283330129809,0.6811565805025811,0.5174190315367398,0.8409725526384584,0.5314490836909422,0.6428343589617598,0.5146932753006913,0.6831746301262976,0.5086387581373601,0.8424754001380853,0.5069183274556902
1,208,0.6925287986609664,0.5011431172140428,0.6825444644467638,0.5162542825408364,0.8486446163045178,0.5293275292517329,0.6451704935262651,0.5041734057789893,0.6888182206259694,0.5074616891031605,0.8516475365955986,0.515909547487109
1,209,0.6981589212171951,0.501061812886035,0.6819360643172653,0.515132882585223,0.8440685409767118,0.5292136127143946,0.6421314826483243,0.5039934994271486,0.6868269675314844,0.5068628436191036,0.8477032105746303,0.5147541578671172
1,210,0.7011866798357723,0.5009844596885883,0.6819214309250415,0.5140575918396625,0.828604785389242,0.5271581187023276,0.6416147936978489,0.5042279927256085,0.6868483659425905,0.5069278595065793,0.8440281637894909,0.5136550182372324
1,211,0.7037731801314165,0.500911077064137,0.6795240747480185,0.5153443172807467,0.8041060372320378,0.5251918231566868,0.6398580385829379,0.5039811711630601,0.6941617686466426,0.5210815667071822,0.8163106281055984,0.5123446843963734
1,212,0.7048309093168226,0.5008416626397394,0.6823133757401325,0.5142131625750469,0.815370161389364,0.5243950266687889,0.6374218262172161,0.4996457985286331,0.6864352467303054,0.5064317506317155,0.8288316237250658,0.5121230903807602
1,213,0.7055773078851472,0.5007761914787948,0.6841556467876869,0.5131381924088638,0.8254950071413799,0.5246461780113195,0.6345590434395653,0.499589199450027,0.6837759767469094,0.5055934174962544,0.8049335689803282,0.5271002204431524
1,214,0.7056248284547836,0.5007146161474866,0.6835943189684865,0.5121205498988263,0.8345575921878025,0.5250713314042696,0.6259880898152682,0.5039136816857472,0.686943240891901,0.5063899092451573,0.8257880401215021,0.5115997293315059
1,215,0.7076182732494499,0.5006568675210183,0.6826332350363102,0.5111607357373024,0.8319594478237303,0.5249404372765241,0.6226105142646204,0.5039306327327193,0.6901609480957195,0.5059065267163741,0.8196041527831944,0.5115827220187257
1,216,0.7025262955183392,0.5107202182198126,0.6766368501615044,0.51180133913988,0.817097688961062,0.523601701166973,0.6198980490602605,0.5036338217033883,0.6911054694928898,0.5059054025207947,0.8139099754660617,0.510698349123671
1,217,0.7039303291601662,0.5085220449749708,0.6434424045672692,0.5050801309164701,0.8273276174594347,0.5002966959903697,0.6282319546570324,0.5036361680707809,0.6568929248423631,0.4974433662997624,0.7904783766398443,0.5094550631353493
1,218,0.7077869461083041,0.5011371458396989,0.6343090359506472,0.5277221093658738,0.8328020841887798,0.4978107913128237,0.6225494025511557,0.5068982621893173,0.6364009223321347,0.5056754242122546,0.8092984272805475,0.5090834155892966
1,219,0.7064637139227061,0.5091589815686477,0.6329169216526646,0.5043403008445618,0.8440972917809922,0.49760868371680655,0.6259145245851433,0.5075306269741942,0.6285957471635393,0.5056423549277457,0.8047372298437947,0.5087522528151885
1,220,0.708223652623626,0.5009940139079079,0.6363231139361936,0.5347731641911656,0.8467056566288794,0.4993012151979652,0.6264196047434447,0.515314936779499,0.6208760130360179,0.5044727346107531,0.809921869582774,0.5079096993760446
1,221,0.7060609252767639,0.5009261209821627,0.6367455413698726,0.5328984272459193,0.8540567458243938,0.49942000960617694,0.6297890137091079,0.5069138218687181,0.6294938593852804,0.5147651663717614,0.8140353220275787,0.5074235188460487
1,222,0.7043434732186366,0.5012882747350017,0.6329106820988277,0.5310443321272532,0.8498794988612363,0.4995311448820906,0.6288110932828692,0.506230451358676,0.6358428070574053,0.513780309796843,0.8185331183433544,0.5068239578121407
1,223,0.7023315554790887,0.5011964486860422,0.6321730996893837,0.5292193320829509,0.8332573978716763,0.499633033282342,0.6256932850055854,0.5057487726714955,0.6402213688109978,0.5128310009084368,0.8273892743108364,0.5062652509682116
1,224,0.7077420731261247,0.5011242974819906,0.6314612225625711,0.5250340587713124,0.7789198003111207,0.5145407872053619,0.6245570671700735,0.5052935366638135,0.644120604200641,0.5119200025545391,0.8352268118588626,0.5064727651645886
1,225,0.704916395198166,0.4971791321521907,0.6313296498703671,0.525688367044194,0.8056072312367292,0.5027010472826182,0.6285532891609669,0.5035268826279534,0.6575450837366926,0.5165775944477264,0.79945293765696,0.5056705163920135
1,226,0.7014787226627965,0.49736531327865297,0.6284699106101532,0.5239967782296581,0.817118087845792,0.5026765546079247,0.6231735920024121,0.5215862258917614,0.6463764586988271,0.5109025099619123,0.834970652897985,0.5067756992003862
1,227,0.6959163708417034,0.4978403415832258,0.6275244163861133,0.5223627791961947,0.8270531063719521,0.5063444544444325,0.6329009795412385,0.5107359972414539,0.6552669259924191,0.5094359740017567,0.8414232445444167,0.5152925049233418
1,228,0.6948850507773514,0.49800182564723566,0.6289470983508478,0.5207915293975478,0.8360213859646098,0.5069013829730941,0.6333860150660333,0.5099869402946373,0.6555501340113402,0.5086945598172621,0.8424876877466743,0.5141735366984402
1,229,0.6902708449522442,0.4981553709648469,0.6320651184361336,0.5192872487142371,0.8442409731939706,0.5077049403468836,0.6305342946153055,0.5196308030291162,0.6583781910971414,0.5085300225143532,0.8446480995607767,0.5148575515811654
1,230,0.6802369833800437,0.49872805691506716,0.6042935613152088,0.5178531956275176,0.8515326523860258,0.5074942961375868,0.6303675729080813,0.5183635202039684,0.6210232642277698,0.5178321798554155,0.8523007853578576,0.5130208800398809
1,231,0.6751972761642512,0.4988355634790918,0.5785641296400768,0.5164916752923207,0.8581595095678481,0.5072530249542038,0.6337837039936361,0.5162900373367953,0.5914744375583698,0.5259704915664634,0.8344421377330777,0.5147728034461276
1,232,0.6602963959700813,0.5183497900455283,0.549518260894555,0.5212183106793812,0.8510952278449011,0.5079004488064341,0.6339791829161078,0.5109934835002076,0.5643921356431915,0.5237094144521462,0.853483632518333,0.5033683859333409
1,233,0.6642101106171048,0.50939915225168,0.5306317957780328,0.5163102512820696,0.8613811142183255,0.48332779551631044,0.6288472531697318,0.5185216434913033,0.5368599265332321,0.5233918906280299,0.8552522017102536,0.5036844897934373
1,234,0.6648975619397444,0.4994324223405703,0.5106571565069828,0.5327976287481626,0.870779408099591,0.4624859333088961,0.6344687869058876,0.5098926665517755,0.5142209622447976,0.5296205244133555,0.8587814672093271,0.5036309686634913
1,235,0.6689288336534914,0.5003475465390135,0.4937521948016145,0.5303126598039879,0.8648390682473565,0.46526480412615456,0.636554653828656,0.5095203209892964,0.4929079090524567,0.5273829464414176,0.8581328175453458,0.5033689769685551
1,236,0.6746095524555088,0.5003452650066452,0.47929239625314124,0.5279611458529633,0.859325951862696,0.46945569222998457,0.642462785251679,0.5086433761987108,0.47450995039927474,0.5252649449446007,0.8627857828890617,0.503124763003496
1,237,0.6797068719130738,0.5003393117884297,0.46584633754534904,0.5257440821835432,0.8542369078248019,0.47189443485970023,0.642398325377575,0.5083164030421716,0.45664891430772714,0.5240358242695704,0.8669844297755288,0.503262144852901
1,238,0.6875425690432028,0.5003303576097515,0.4541294108732477,0.5236610762597099,0.8497316133872282,0.4741855104058267,0.6477706161311024,0.5079339760539915,0.44210248319194656,0.522123343458825,0.8708680964970485,0.5020044183047246
1,239,0.6914141983359514,0.5003190213627347,0.44244257262083836,0.5217104943195253,0.8456625955698811,0.4763304216906379,0.6439923087794491,0.5059164075137434,0.42532376825380974,0.5389680176448487,0.8504113222906807,0.5017828785317389
1,240,0.6931917515654467,0.500305863436543,0.4285700340397072,0.5198896206197796,0.8418448575774283,0.4799708675827509,0.6492115571034804,0.5026089812077977,0.4146484401769023,0.5205315549039382,0.8637688597401958,0.5007304816227967
1,241,0.7006945253800106,0.5002913821399283,0.42042595732042326,0.518194822247537,0.8383697588873928,0.4817659530072066,0.6483752123174203,0.502801423237168,0.4031290528997103,0.5188430883223119,0.8584048950097614,0.500685125773302
1,242,0.6976488491934338,0.5002760127685197,0.4120204754168721,0.5166217132988876,0.8237420653824679,0.4849492029671157,0.6508180600236235,0.5025433290582421,0.3924663922624325,0.5172673179181794,0.8535366766694208,0.5006435378918466
1,243,0.6948674046132849,0.5002601288268924,0.4044741975239886,0.5151653132878399,0.821758191500022,0.486418675364289,0.6480514072238698,0.5119693989243989,0.38595586006676313,0.5160014386593307,0.8523148206340956,0.5010110969243752
1,244,0.6946347960062977,0.5005553546358416,0.39867019842287427,0.513820195786861,0.8199073476239703,0.48876761710035704,0.6477146371948671,0.5020886803054805,0.36989320287852007,0.5154141738250554,0.8583269045592608,0.491604978058076
1,245,0.6940408350964198,0.500525392232385,0.3931737843310181,0.5125806244249336,0.8294983927364422,0.48997561479880397,0.6447587407311438,0.5017251074120177,0.3616635886687951,0.5144052887559072,0.8582411892916818,0.49221218191476385
1,246,0.6952587259591855,0.5004951599826494,0.387677020905575,0.5114406744105318,0.8383937994891948,0.49106539783177405,0.6419103666881745,0.5018913072111983,0.3538332989811711,0.5132193331507998,0.8583497407049586,0.4927935747285842
1,247,0.6989765980736637,0.5004650111221521,0.38213385025306923,0.5103943386595529,0.846363053895516,0.49204567147910677,0.6358980184847008,0.5118429208287162,0.34557157185833515,0.5119242038721799,0.8566935310815863,0.5008675490193503
1,248,0.6998647281980567,0.5006583009307279,0.38319876159814636,0.5094356183668367,0.8424541789158381,0.4913916133535313,0.6368464483420571,0.5023031547717336,0.3530700884950174,0.5207507060528329,0.8624561035343201,0.4946426908926299
1,249,0.7004420447924551,0.5010514899885408,0.39114995174994105,0.5085585984567716,0.8389082539686049,0.4923498255871324,0.6368824822331395,0.5024619384180884,0.36778071094031634,0.5191990871737859,0.8621255621571154,0.4970991196180799
1,250,0.6946392786077643,0.5109166533230919,0.40974495871756433,0.5059883650868896,0.8253684201888293,0.4920792025602834,0.6381314198206772,0.5023151508325366,0.38192177936075805,0.5397554344726395,0.84145371759943,0.4985721610545807
1,251,0.6873440649389626,0.5111756994690576,0.4282891028541621,0.5316348750493028,0.8185875590215798,0.4985282395570838,0.6467587883304643,0.516032324181682,0.4136327102926637,0.5101060429578531,0.8496814156342708,0.5037966666473654
1,252,0.6872208889265091,0.5012917061153229,0.4429537395553821,0.525172374214567,0.8281115513386345,0.5157822432246179,0.650550848756008,0.5058054632837439,0.44125389839412993,0.5216017406406522,0.8475756949269402,0.49839052333161177
1,253,0.684869723431946,0.5012034354794132,0.4622851114009404,0.5233167541269219,0.8369855860049528,0.5149303884299333,0.6457230965495131,0.5157011426485931,0.4660688405282471,0.5202129770779921,0.8391287031497626,0.49674590278592184
1,254,0.6830785980228696,0.5011184907360745,0.4790606694420271,0.5215554955364486,0.8451010567106112,0.5140742633822455,0.6494235412319483,0.5055376439325527,0.4902350501055149,0.5275295984710593,0.8447879208443126,0.4973589149561439
1,255,0.6807521766759907,0.5110309754180665,0.4927894775699834,0.5036477329399601,0.8443059948561084,0.5154261717291778,0.6571419353788395,0.504883966461197,0.5104038223464931,0.5251545643052117,0.831503520041476,0.49712355297084965
1,256,0.6827408173356488,0.5009595950760722,0.5121728086232618,0.5317296266802882,0.8573699375495819,0.5157235005825865,0.6547550917479208,0.5085322645962524,0.5237427899723873,0.5247949653643234,0.8515788693672459,0.4987563818549492
1,257,0.6871774903857724,0.5011351619066294,0.5293575245819105,0.5297938128690506,0.8507725899572851,0.516191000095861,0.6458035179320697,0.5326386894125218,0.5320120670308826,0.526686907456495,0.8540483146695863,0.49962260068171455
1,258,0.6933593366649832,0.5010582097855452,0.5453092161540943,0.527909554189395,0.8453291775656426,0.5175790377760109,0.6563553310047215,0.5077333558606455,0.546908397481225,0.5406002261781878,0.8503552637973302,0.5090149227532529
1,259,0.6949207237154327,0.5009844093529408,0.5595300662850325,0.5260828889335372,0.8406111584434555,0.5174426843516458,0.6560087144449277,0.5071722472822785,0.5681514715113146,0.5376653401100291,0.8465678911800744,0.5089054120236496
1,260,0.6960489385745241,0.5009138902640422,0.5763647290691172,0.5266991904173675,0.8484656993332623,0.5162973577675289,0.6538379449030541,0.5066373505831026,0.5808343798070196,0.5353045062745986,0.8477707757719517,0.5083507519792654
1,261,0.6915763693698309,0.5008467460908596,0.5859058201022437,0.5248394194998743,0.8556137635905829,0.5151923799766777,0.6539639590029064,0.5063981360360753,0.5909501809082077,0.5326460314532899,0.8488561234059739,0.507808083204506
1,262,0.683164713169465,0.5110326956161896,0.5960637396385741,0.5244978681311158,0.8408621105086874,0.5070248308717967,0.6469987883034343,0.5040548033571216,0.6001284139538895,0.5526978516125016,0.8329777049240905,0.5070280970362697
1,263,0.6862223605652722,0.5007227862312964,0.6016431537636672,0.521358331977386,0.8456745775016695,0.5338061850737732,0.6493163250961528,0.5089848591406626,0.6055526403345847,0.5284198105545099,0.8505984377577269,0.5067712357995022
1,264,0.6789120344916469,0.5076530891717683,0.6005221558963696,0.5035116566244876,0.8651244037157001,0.537044969806796,0.6513484763181207,0.5185969513364652,0.6122831351325271,0.5221057956504367,0.8475998580383984,0.5093410644163121
1,265,0.6793082323129626,0.501039975928297,0.614179548278895,0.5316464820961571,0.8568060422308621,0.5297424842785498,0.6516589566197248,0.5076498883678375,0.6314092847585244,0.5424626747306005,0.8306897706655884,0.5065631132693992
1,266,0.6785314218269578,0.5060904231571455,0.6174914232688028,0.5029307013355644,0.8747051116530574,0.5356291122926587,0.6529652001306342,0.510988683255152,0.6390116763460798,0.5289264456323325,0.8522365838157338,0.5064419963076645
1,267,0.6763164185403802,0.5008854770849797,0.6260357816107235,0.5070981882872599,0.8536303795284087,0.529447936839994,0.6533803019321219,0.5103654038942189,0.6493301711264216,0.5267630840105368,0.8527938688321663,0.5064675096049459
1,268,0.6820793243306428,0.5008148777256699,0.6311667530764066,0.5090355445739929,0.836788966921989,0.5275304064380278,0.6538849450546274,0.5098411205516351,0.6581331430080738,0.5247181994152853,0.8582199963808287,0.5059805806275066
1,269,0.6826300692422412,0.5007486546389546,0.6357216741416468,0.5084492645179727,0.845132852573421,0.527013699613287,0.6539020933971186,0.5093318509362054,0.6661261522695052,0.5227909409008846,0.8630612445750082,0.5063970614038108
1,270,0.683254909338344,0.5011052428327529,0.6420043664420225,0.507885298090012,0.840108562265529,0.526688812262784,0.6553984046041659,0.5188820690156238,0.6644908003315921,0.5196500455679209,0.8641769848161818,0.5061299627624193
1,271,0.6838059766332729,0.5017559102244776,0.6477985309493066,0.5097253519237644,0.8480690557512901,0.5258255353391481,0.6582605646062263,0.5079358185003284,0.6735149680159556,0.5273957876273397,0.8706694610991167,0.5060571719074891
1,272,0.6840101341533692,0.5018685375788225,0.6560327262101064,0.5109505493837059,0.8550644176737254,0.5250814747633289,0.6617911413845592,0.5074859223940129,0.6776905124002217,0.5253423133678777,0.8741011642656938,0.506646218683085
1,273,0.6826680893699044,0.5119484806617518,0.6566780080657646,0.5088518732586496,0.8532798961302199,0.5146180345181466,0.663061343434981,0.5068827530750223,0.6867016335347187,0.5241201179009047,0.8724296874459804,0.5065983502355349
1,274,0.6876837559884142,0.501624127801382,0.6601955696323628,0.5309106717528572,0.8553331375045675,0.5237935692155544,0.6627945510482635,0.51687382476756,0.6838050896543292,0.5176900027442419,0.8734497965055097,0.5071388097083103
1,275,0.6876608666471792,0.5015093120682119,0.6649751569085973,0.5287454034322974,0.8403350919083453,0.5222060529941256,0.6657572926437566,0.5061634718802309,0.6920785085031194,0.527364441271316,0.8735662479547447,0.506222529689036
1,276,0.6909064638620059,0.5119368390529908,0.6641233641909009,0.507028903947221,0.8259061099386183,0.5132453558692902,0.6636313010289329,0.5161941964200861,0.6898671355304425,0.5193952402564282,0.8644556222600779,0.5060657404035546
1,277,0.6959739344644059,0.5016933431043151,0.6696984876668688,0.5246919204258755,0.8443303748421096,0.5362003411328503,0.6660957516614723,0.5051900954353601,0.6974076915726153,0.5298851121259935,0.8565520315753857,0.5057505045178639
1,278,0.6973780995085793,0.5115569151560203,0.6711129065128909,0.5059696756224564,0.8429988111801316,0.5146358385910482,0.6674912369842246,0.5047601627490208,0.7017777159701284,0.5289760659188878,0.8567179348474959,0.5053496204132806
1,279,0.7020679124558038,0.501445840276955,0.6722985587165752,0.5210334689236121,0.8352560616235802,0.5445908586387849,0.6682221047279437,0.504360876504561,0.7017128546845444,0.52703345655473,0.8569261159505722,0.5049696127762673
1,280,0.7048411679339619,0.5013322229378588,0.6727178745157999,0.5193570798469799,0.8218226979698453,0.5422067610752711,0.6691400146250356,0.5043258101560341,0.7013760183434566,0.5251671526603807,0.8569094654115484,0.5053620963398218
1,281,0.7069544838643689,0.5019481797107902,0.6734493296751081,0.5177827082754444,0.8203630979246442,0.5422221378810362,0.6603897101301422,0.5135119670127233,0.6987840229901412,0.5459886222318099,0.834494493721811,0.5099567507408337
1,282,0.7068381455448769,0.5018063898318569,0.6739930027657732,0.5163091629305571,0.8191009234883231,0.540796386916149,0.6704567940360531,0.5070611320166042,0.7004982010121837,0.5220544487789619,0.8615439984653321,0.5140165981132601
1,283,0.7067415152043766,0.5016716406478837,0.6762987766852862,0.5149343828181306,0.8284942725151545,0.5394489886852466,0.6633572453596646,0.5170221502317128,0.6986453810805625,0.5224477520574091,0.8582905027047956,0.5117252789946388
1,284,0.7034213197469543,0.5019593989891181,0.6780076275280275,0.5136555751460603,0.8370899695483942,0.5370198408635332,0.6696291966862996,0.5062910547222433,0.707557878740753,0.5195423563255485,0.8620668525643395,0.5219692639812372
1,285,0.6997917667689072,0.5018112474162894,0.6807874803836069,0.5124693514836355,0.8340563411925811,0.5370363573318737,0.6684714606830484,0.5065185332950539,0.7088910484756965,0.51806337729669,0.8581144428553732,0.5204326499045776
1,286,0.6964922428520111,0.5016711332423639,0.6831404823786436,0.5113718578621171,0.8207247165528297,0.5352737253368416,0.6701218762556396,0.5064831375900812,0.7123270950302708,0.5166665848322305,0.8589483281945022,0.5189597866639766
1,287,0.6955969538589023,0.5018585332002014,0.6804316149078986,0.5122919853946277,0.8192600589909572,0.5334593897358266,0.6707477185625573,0.5060027072600723,0.7158947327769646,0.5153515024866586,0.8598950042305058,0.5185078831775088
1,288,0.6947114884047411,0.5020925605393256,0.678003052775759,0.5112572609108177,0.8182688934255037,0.5323575746975789,0.6716810146740756,0.5057821932292116,0.7164676052516912,0.514117056106323,0.8554664398116397,0.5177753221006473
1,289,0.6962082978365562,0.5019393175182382,0.6743379191480862,0.5102971621506435,0.8171704088735464,0.5321427352895443,0.6700608797470128,0.5061362161290157,0.7199970013054295,0.5129616342117317,0.851105744026391,0.5174607921774691
1,290,0.6964345033680939,0.5020770018072748,0.6744709415655296,0.5094081008533936,0.8162278841500953,0.5305617938299815,0.6623543699463526,0.5160182732563016,0.7183675566394112,0.5126454448876057,0.8437890791371618,0.5099932730668326
1,291,0.6953655164822249,0.5019283078890858,0.6754235870509268,0.5085864007451452,0.8151527910200749,0.528977777903321,0.6592224178192753,0.5057647313733079,0.7289517626446897,0.5342078988351076,0.8191212458548267,0.5213818232767428
1,292,0.6923063737379774,0.5020326318579879,0.6786968190948746,0.5078283461236037,0.8037778741403206,0.5277635803381652,0.6665080481776555,0.5093886890270425,0.7246638270985525,0.5104554901772308,0.8376961729911507,0.5220390711440692
1,293,0.6893434747248404,0.5018910762021535,0.6826645293409056,0.5071302235713373,0.7820251969343177,0.5263391530068536,0.665231920947229,0.5088121561625562,0.7244322623368828,0.5095791024559175,0.8213806645980151,0.5205652274231147
1,294,0.6891683849864276,0.5017558578285454,0.6844055847810965,0.506488357441264,0.7633986821644205,0.5246304056126798,0.6655041230892483,0.5093018822892984,0.7238230061781682,0.509807591008495,0.7973002999765026,0.5195558613892377
1,295,0.6907228755187537,0.5019551046946668,0.686422318025072,0.5058991397175895,0.7786541547949364,0.5236260769486415,0.662797651242284,0.5086274034087923,0.7220658464908909,0.5089826664715373,0.7940257883440653,0.5199631732108592
1,296,0.6902310181689609,0.5020071502043644,0.687969444136209,0.5053590547993261,0.7920714584598583,0.5224869572485348,0.6621913919816398,0.5079874229797339,0.7208088242955689,0.5092589611615409,0.7968756437997818,0.5193852527953052
1,297,0.6936226418039869,0.5018728432664309,0.686988852509285,0.5048646996972709,0.7939611531733515,0.5210236006184835,0.6638328638672535,0.5073820449963599,0.7189776605996974,0.5084787004060706,0.7945985835970619,0.5184702201163749
1,298,0.6948572182063925,0.5017440079363057,0.6879871203933331,0.5067116444298143,0.7954931865109979,0.5196297465138985,0.6675460552435656,0.5071387167351574,0.719372767471728,0.5077549707959538,0.7973494814857479,0.5171471165996937
1,299,0.6966483909762514,0.5016208267058778,0.6887576600579572,0.5061470568462345,0.7965894213587392,0.5187425648303524,0.6645696648237014,0.5076025218084893,0.7236839327977749,0.5070849492551149,0.7953091163175146,0.5158873913958916
1,300,0.6983619778959302,0.5015034347072334,0.6901633618887383,0.5056236202606378,0.8086894249561264,0.5174961979884648,0.6617903059530328,0.5071482434328584,0.725601568125389,0.5079059310735311,0.7929753575769505,0.5146921535506246
1,301,0.6990989135131783,0.5013919194269292,0.6887381935252765,0.5051391343659427,0.8195565185774726,0.5163128960407327,0.6529113044159244,0.5161708615081859,0.7307395846509183,0.5272361499724345,0.7731742519915665,0.5139791520864577
1,302,0.7001426954861062,0.5012863214377116,0.6878751865031374,0.5046914349974464,0.8183142057120684,0.5181452053875838,0.6606526146703536,0.5026144642449569,0.7321968596291363,0.5152092720076695,0.7927074599920373,0.5124965677381743
1,303,0.7007678872578329,0.5018183164407822,0.6851601746440933,0.5042783981681916,0.817164760394106,0.5175811798775178,0.6649504176937268,0.5023984315144189,0.7289902703339467,0.5133053662474528,0.7833994777372787,0.5346035955564515
1,304,0.7013476456428044,0.5016951979512305,0.680410088868545,0.50389794502146,0.8161209622860852,0.5181870137049881,0.6601902870445732,0.5069038109583607,0.7344634075739513,0.5141538872879883,0.8066745174338694,0.5105577764890978
1,305,0.7016767834892138,0.501576968893357,0.6820532165172546,0.5035480474287223,0.804808681967783,0.5170359093533182,0.6578580185797228,0.5068002632136238,0.7319636135894259,0.5131072167022233,0.8128083030528608,0.5131020854681506
1,306,0.7055265270673134,0.5095058020765426,0.6759652634578667,0.5035691138711642,0.7287508847103146,0.5185856836115309,0.6560588236749982,0.506555275325676,0.7294209117926487,0.512113862578767,0.7474507922092256,0.5125581628482898
1,307,0.7044673904475923,0.5015946659489409,0.6767123863828405,0.5240682927836298,0.691909064280338,0.5148712490795296,0.6544104588163592,0.5063122979396543,0.7299571631185807,0.5117440515331863,0.6887460581237946,0.5116010287935744
1,308,0.6987751103987909,0.5014843400538085,0.6755851271313906,0.5223607638387839,0.6383711840385465,0.5145857284716409,0.652866672614427,0.5058448942804814,0.7296614714962768,0.5108442032495574,0.635765997172073,0.5107006592788048
1,309,0.6975905876417836,0.5018060927665823,0.6783859945361773,0.5207295807005807,0.6340381562085764,0.5136239352105569,0.6516227647406879,0.5058414022992354,0.726765444785275,0.5099957760442216,0.6163160552597774,0.5102339177268684
1,310,0.6968514044915177,0.508510786760943,0.6737146845448883,0.5024261879210431,0.5929938390232912,0.5174938663137373,0.646131202181554,0.5053941443743211,0.728448058427378,0.5098974280399758,0.6085657423875229,0.5097124818546396
1,311,0.6996899492224778,0.501760107903764,0.6762148902085509,0.5308807530438026,0.6030224304868466,0.5150321558547014,0.6450658354644713,0.5049727760417574,0.7280930098023898,0.5091227648237157,0.620404361933788,0.5089740604210907
1,312,0.7009621300639114,0.5016385789361972,0.6763147035500204,0.5290514503743491,0.5811296202566972,0.514036696044271,0.6462099072363932,0.5045768909613056,0.7260616076815203,0.5094354553525483,0.6449915980123305,0.5090074092366376
1,313,0.7021255139957583,0.5015224799398085,0.6764481890298247,0.5292686575102554,0.5825819466561736,0.5130831096405615,0.6464503978411754,0.5044377657941408,0.7179190709806477,0.5086824878946156,0.6626207119942584,0.5083303661540731
1,314,0.6991739257166315,0.5014119241567534,0.6744475209464128,0.5274147645920364,0.5838861972152491,0.5130343493344253,0.6479599363953487,0.5040856936006066,0.710879055845019,0.5079771975780024,0.6831793511738642,0.5076944672655408
1,315,0.6921580682289233,0.5013069787602479,0.6746763810944492,0.5256142445872471,0.617064376985333,0.5148082011473892,0.6495152880161402,0.5037561576741748,0.7101521627467458,0.5073183238406701,0.7010007442198399,0.5074151552609698
1,316,0.6850213355703126,0.5049386577963468,0.6710520949792316,0.5299433169298011,0.6460643488237218,0.5146808356045287,0.6555106557310056,0.5038311594422479,0.7035781776568524,0.5063100109923605,0.7048170014309851,0.5309079644485495
1,317,0.6898905369709082,0.5011139684313617,0.673717436425818,0.5257610805310914,0.6690139921050833,0.536172137149196,0.6442966961176303,0.5075994727025833,0.7110963884528875,0.5293775258397931,0.7190606053546206,0.5087383560776464
1,318,0.6898295471798324,0.5010258262220676,0.675872849720971,0.5239620756779128,0.6940707312529175,0.5338799682514127,0.6491242460915858,0.5118888291825975,0.7085490507577236,0.5066625036015837,0.7458809790079887,0.5058490012423534
1,319,0.6919548225039306,0.500943146262843,0.6761865090655321,0.5222389749835342,0.7060258479622805,0.5316575061814044,0.6464416891383306,0.5129849085490289,0.7028943461646426,0.5058388693315241,0.771103046282668,0.5066925369240902
1,320,0.6919541844067423,0.500865803135593,0.670607848213237,0.5205955144035401,0.7166968203463195,0.5295122927704563,0.6503892442257687,0.5112033253459276,0.7170384801470627,0.515022916637924,0.7616771748626779,0.5069036365132508
1,321,0.6898585126122065,0.500793643726988,0.667720214121703,0.5201096955877138,0.7260289451702379,0.5274506502860167,0.6517275356966334,0.5103916560353451,0.7140975955609192,0.5146495728969802,0.7628819742524523,0.5064198410091681
1,322,0.6896548636022192,0.5007264914080632,0.6646927150002384,0.518617476393047,0.7233872845618448,0.5254776530649278,0.6455236353483188,0.509213285137444,0.7207068952933884,0.5370418531326419,0.7498970665588502,0.5078620309887341
1,323,0.6930824468595141,0.5006641502380181,0.6617598966905138,0.5172045132409397,0.7318007600082276,0.5261051617358213,0.6545646308956388,0.5127122877599202,0.7143530459282479,0.5152805628787317,0.7696985853808284,0.5075542453501762
1,324,0.6921707223464336,0.5006064090911498,0.6627918130619176,0.5158709749664584,0.7500829528959022,0.5250312653110177,0.6548202186456631,0.5117668771283687,0.7129784179552725,0.5151989240505519,0.7745767130543264,0.5076227805131974
1,325,0.6921530278159219,0.5009307379477593,0.6584526428015249,0.5146163219745645,0.7666930137870759,0.5238416073287976,0.6532996718384771,0.5112947911080582,0.7077534739674837,0.5150770899007426,0.7837039706889941,0.5075036220080265
1,326,0.6917069284367297,0.5008591825129048,0.654522116390763,0.5134393909509936,0.7816350608237543,0.523866892344903,0.645572117648594,0.5104192928381063,0.7105259074306295,0.5140239697032477,0.7920856752767234,0.509172093764531
1,327,0.6915329425991537,0.501110800935949,0.6547674625125854,0.5123384810505901,0.7950291898999975,0.5232904205984641,0.6427058657150347,0.5095941286003541,0.7101155111384363,0.5130203381101482,0.7996260955085333,0.5096028912299055
1,328,0.6960969989899346,0.5010032576494654,0.6485614247385414,0.5115960531311886,0.7594731795238262,0.5686127483257462,0.6442967932077398,0.5091448806361643,0.7077172742503143,0.5120666557804227,0.8063973565151333,0.5095270548972899
1,329,0.688025726149985,0.5098798284518614,0.6505337530107805,0.5135207280296668,0.8121246001163419,0.5184120975255292,0.6458936286969735,0.5087062712155024,0.7070983186516151,0.5111630529218935,0.8125624305924691,0.5099143206013371
1,330,0.6957857804447313,0.5044681082118562,0.6564276726361984,0.5106759118687683,0.8057311073226435,0.49635137210116537,0.6510431941611362,0.5080009039357498,0.7086663687327918,0.5103093402871788,0.8132722147458898,0.5102773133618561
1,331,0.6990950436019722,0.5041459830410744,0.6548893958993893,0.5098214385361096,0.805396577979022,0.4941146951272325,0.6516179986322793,0.5076847572659253,0.709973920591598,0.5095050250949279,0.8092484001197666,0.5101986800286578
1,332,0.6978741024016489,0.5038386703193575,0.6555642186135403,0.5090244964884083,0.8053999869676813,0.49449973242411344,0.6520259171425504,0.5076544328017447,0.7150838483142671,0.5102966186513995,0.8100152671045223,0.5099047853663531
1,333,0.6615584776391608,0.503798068732445,0.6616180444563613,0.5082824627256742,0.8163625487876844,0.49337410254850383,0.6225556290878549,0.5072515016824645,0.7156985559228165,0.5104368264952185,0.810646102328255,0.5097435329217439
1,334,0.6270071724536854,0.5035142157403265,0.6611348204492795,0.5075926987301,0.8263071461562453,0.4956029273968393,0.5976840600794678,0.5069087305286807,0.7178249393141836,0.50968041422557,0.8068145820344153,0.5094190144989428
1,335,0.5947939031428088,0.5128242459218935,0.6587359027934762,0.5048245558736214,0.8267988790517022,0.49526579714048174,0.5732999913195425,0.5063626359528243,0.7164666530906348,0.5089653087685462,0.8034078362728386,0.5094969721451753
1,336,0.5686404975858761,0.5029914442998729,0.6647415318546537,0.48574904869958263,0.8421150449257742,0.495008669637766,0.5521634904491645,0.5058518624463391,0.717520736654221,0.509332235109222,0.8051476378786715,0.5089112761219001
1,337,0.5436200636513865,0.5027526162938319,0.6679139825217622,0.48672182433897043,0.8496090597534547,0.49536732039553816,0.5286696867344038,0.5057711033259653,0.7178472333437437,0.5075813611990314,0.8114772635424616,0.5087811803352846
1,338,0.521875073333931,0.5025286510065013,0.6735642970466228,0.48857603890747064,0.8557849537248898,0.49948860771808273,0.5101005023956163,0.5041409845256161,0.7228218351144008,0.5105491147413632,0.806096107171322,0.5081283680735947
1,339,0.5015668954648859,0.502666302835866,0.6720301756566823,0.4894709247488932,0.8616850961625959,0.5013852007589158,0.4972823507453318,0.508117431259655,0.7090047287609342,0.5082697128037458,0.8435513471798899,0.5065957682028166
1,340,0.4969692538260445,0.5122105242291349,0.6703654795114894,0.5045541909404055,0.8623219360196063,0.5041872929724788,0.4920009968796745,0.5080439562896563,0.7101249867414995,0.49841334166601486,0.8233565690539614,0.5071789637081741
1,341,0.5062400492499768,0.5022529008186881,0.673790659830292,0.4793680513673966,0.8701762560449099,0.5044157551223811,0.4880558405993152,0.5074812288725642,0.70583800311463,0.49852499549555146,0.8279195596497421,0.5070779851504387
1,342,0.5142691658412064,0.5022900358537943,0.6724555728239809,0.4805166369316646,0.8749367068360382,0.5043165992027868,0.49302068099378404,0.5070812524795206,0.7021843403331098,0.4986384049611695,0.8318247123167992,0.5072783757794341
1,343,0.5261390831857746,0.5021110292804905,0.6726791784154974,0.48165317438381045,0.8784444037427254,0.5072733717096891,0.5015329856060495,0.5067614921987853,0.6998765271403149,0.49875115473609816,0.8400711772346813,0.5067988417250022
1,344,0.5355776821418703,0.5019433862539793,0.6713344563285044,0.48277125678797334,0.8824810017493123,0.5070691465283937,0.5152181792145818,0.5062760037960643,0.7002074218401262,0.49886127380134143,0.8427751918273105,0.5068196218674484
1,345,0.5438004692248887,0.5017867016145909,0.6744339728381761,0.4815234073908802,0.8747863395482443,0.5075089535446626,0.5283112106032211,0.5164609373629551,0.6975231658978879,0.49851641429917454,0.8424172503229045,0.5065394370814044
1,346,0.5532873091744994,0.5018251228288254,0.6767457482648043,0.48274475160605224,0.8684409470914599,0.5072552666481853,0.5458597066977886,0.5060867370663803,0.7028034625973495,0.508442812766982,0.8470946668464227,0.5066209119960844
1,347,0.565659423307171,0.5020019891588466,0.678745293127384,0.4814791145943488,0.8622708912477087,0.5077964950349011,0.5572487213895907,0.5060504828551659,0.7027922951517642,0.5078907100850014,0.8540794216881655,0.5065972811070855
1,348,0.5797424207479762,0.5018581412635488,0.680044105955297,0.4827933393204204,0.856878693571156,0.5081586868610307,0.5644305060782432,0.5057762340257516,0.697323744073623,0.5073572597546849,0.8509587061841323,0.5061721838742038
1,349,0.5958813981367362,0.5017673930633918,0.6771772412698561,0.4845849597398502,0.80751500432819,0.5504923916858733,0.5712292039376465,0.5053436370690741,0.690047340387887,0.506843992192213,0.8433264976004186,0.5057624761487723
1,350,0.6016600928300727,0.5154297478631767,0.6786422349311321,0.49764837443113547,0.849803109069907,0.5094041655282249,0.5719486976149429,0.5053251416198549,0.6851939250400427,0.5063522109771459,0.8361707919912666,0.5058509852805032
1,351,0.6168545449971263,0.5050533863372608,0.6834128769513353,0.5065334927313538,0.8625922144563072,0.5077325169460682,0.5754789656764882,0.5053814719439865,0.6871676223401286,0.50755493932857,0.8343779007065566,0.5061285563684172
1,352,0.6220067502661851,0.504684589033827,0.6849516448150796,0.5061481191797272,0.8675995564705545,0.5094096120424249,0.5812472387765815,0.5156381564971448,0.6821120247567007,0.5074869223132922,0.8280785075438615,0.5046795255510936
1,353,0.6289412291580652,0.5043338729190447,0.6860262774914319,0.5057700405893929,0.872354881516468,0.509015044647939,0.5889079970007458,0.5051998563168396,0.6896758502446296,0.5065069487109155,0.8309729612383716,0.5157506477027111
1,354,0.635845004737384,0.5040015712555985,0.689166945541068,0.5054010401353274,0.8763512879823043,0.510100647087457,0.5936619671791965,0.5050511322464853,0.6928887803915219,0.5060196246615827,0.8249402122358288,0.51467071130175
1,355,0.6432545381202119,0.5039178812707648,0.6879917904770827,0.5050427335089372,0.8805490101742517,0.5096862939315484,0.6003587075069782,0.505101477760295,0.6955130225079355,0.5055576767547894,0.8195462852274699,0.5143120358823149
1,356,0.648099631817943,0.5036170415151532,0.6890137217160697,0.5066394075144727,0.8837141808398181,0.5097108099338323,0.6002636587792398,0.51361834082408,0.693787111286045,0.5080023046887174,0.8183954600882546,0.5133696049680663
1,357,0.6537727735531746,0.5033335995317029,0.6571603758677006,0.5061939278025983,0.8866507643542344,0.5108808285227064,0.6088887987431227,0.5051349734058753,0.659610083505462,0.4972228944336195,0.8236528575286689,0.5128470964062103
1,358,0.6573502497485366,0.5032416896155486,0.6256000485731608,0.5057648259513229,0.8895747560025689,0.5104328371612458,0.6137938547164935,0.5049986608419069,0.6241832054611068,0.4972876457272709,0.8276459464670938,0.5124548456680358
1,359,0.6602846565268081,0.5034182257426454,0.597889690473148,0.5053533480958169,0.8815365365718285,0.5099767783091946,0.6180699639021917,0.5046816655661861,0.5919586754572461,0.4973713025654461,0.8269543721683732,0.5115499940143626
1,360,0.6686954063741266,0.503478005741853,0.582703895942762,0.5063966533226864,0.8846389931662876,0.5099246365325181,0.6222298395429924,0.5039645341547422,0.5713859998104891,0.4976429664113278,0.8040649731430938,0.5127543978007428
1,361,0.6729775925719064,0.5032139530406565,0.5706092902808501,0.5059647738491062,0.8879606383368489,0.5094698114415939,0.6188116093233946,0.5081429968526359,0.5648487558890514,0.4985807573830153,0.8122054931910107,0.5102932146236421
1,362,0.6732907113843201,0.5029652575646448,0.5672642422063638,0.5055510549710533,0.890625524307099,0.5094036896527802,0.6229688573847331,0.5075920729773072,0.5623051368054741,0.4986333806599789,0.8036371496286402,0.5095211320859847
1,363,0.676740507837321,0.5031587061503355,0.5689987120319039,0.5051560844168891,0.8931867912502579,0.5101211436887108,0.6242790469007214,0.5074656579514946,0.5621950107844537,0.4995184979345164,0.8097858293907678,0.5100887524416945
1,364,0.6734995982168408,0.5124785229992395,0.5783192684290122,0.5034730239452795,0.8968615944048529,0.5097798055475541,0.6302483486478282,0.507526754555644,0.565871699508256,0.4995417412401197,0.8153952992959648,0.5101101017426742
1,365,0.6847243404513692,0.5026772604630992,0.5887214245921529,0.5044237781922565,0.896181296944533,0.5313934654435452,0.6344530069195171,0.5070097076018781,0.5877195952094016,0.5006093098016717,0.8248681313757478,0.5104237844506266
1,366,0.6889798114791545,0.5024592144320164,0.5975578535347315,0.5040866981118591,0.8983241267235574,0.5294488700114981,0.6365152334073801,0.5066584299772082,0.6010499404591632,0.5015442518645897,0.8336325485211031,0.5096813964228433
1,367,0.6881042746711848,0.5117256361004213,0.6013443318761608,0.5043777766481391,0.9031824378560932,0.527480100326032,0.6384984157654184,0.5061884601072263,0.6131577371175748,0.5024885716653935,0.8415592221076391,0.5089782913100145
1,368,0.6904220029092654,0.5020661795973426,0.6089881907048648,0.5034701625183285,0.9001484792646011,0.5477012718963747,0.6363629752677935,0.5057414698286583,0.6232734926773917,0.5030437161650367,0.8439637587860831,0.5093555223695686
1,369,0.6867547944713138,0.5018901205790665,0.6137351439728957,0.5031900998324217,0.9017419249906977,0.5444747881678184,0.6401223066205098,0.5053175477006038,0.63409493493556,0.5028485237174938,0.8511599313003498,0.5086571447618815
1,370,0.6891275301477495,0.5021542736476571,0.6193497336997249,0.5029282511080434,0.9031510064055881,0.5413765168695616,0.6399029474919736,0.5135643798538434,0.6474204750400708,0.5015138401704368,0.8585113212269956,0.5085076686173263
1,371,0.6883378905039449,0.5023413500794487,0.6205020807773555,0.519829991133958,0.8442024151304091,0.5571394174605376,0.6460112641979096,0.5045384869025138,0.6586958594830539,0.511815922427761,0.8622684005462032,0.5073789647757253
1,372,0.6833799750894133,0.4982540039854623,0.62771132509164,0.5024568924783752,0.884465077091256,0.5355911249471491,0.6485331303074098,0.5045511091198582,0.6596300999582261,0.5109996325390052,0.8674512325579848,0.5071803089701522
1,373,0.6794668570072318,0.49854489534944024,0.632084943046543,0.5022460604933581,0.8876594396121419,0.5329125916313201,0.6487696265019675,0.504197035556051,0.6647648500769936,0.5102155239494963,0.8720900113740163,0.5066346538446092
1,374,0.676444322014174,0.49863861616906635,0.6386688151918596,0.50205082654683,0.8796512142178334,0.5303796690230892,0.6501165243335679,0.504322086235404,0.6672136210656161,0.5102278710897621,0.8764744227631275,0.5061226154637976
1,375,0.6759840485329688,0.4987310715627679,0.6429632829832223,0.5018704211917333,0.8508766965357736,0.5279925328729089,0.6494240726067635,0.5137861012809937,0.6669895450760364,0.5095503262490094,0.879913873134646,0.5075659717379148
1,376,0.674930378143154,0.5089009854411702,0.6437073547467705,0.5020755775036948,0.8113438616954941,0.5353535551481191,0.6543002434037103,0.5037814601103383,0.6835864992542964,0.5392154382539429,0.8604388645967896,0.5063776828154579
1,377,0.6813632872815343,0.49924162560738783,0.6518527877254015,0.5015509245758663,0.799831458213221,0.5516775459142716,0.6614749378804091,0.5073499858620678,0.6883297946639038,0.5168208378321285,0.8816517924212229,0.5061010205575307
1,378,0.684200811370787,0.4993089218613805,0.6544119731335503,0.5014102318708374,0.7792664426330459,0.5478778947614605,0.6592188412516007,0.5160652119275246,0.6877950619293868,0.517710523268402,0.8807633063159277,0.5054200976090155
1,379,0.6825912665565668,0.49937194075574265,0.6574059350278268,0.5012811830022649,0.7818224272670842,0.5452745791941976,0.6645801531718877,0.5062980632957197,0.6896875935453743,0.5259975806620156,0.8726430253041925,0.5061915433310908
1,380,0.6848809230959096,0.4994305709609039,0.6588447726295125,0.5011630003173428,0.7738259488331141,0.5418585362532985,0.6737809719539759,0.5063399687077131,0.6909813358918886,0.5241155803364169,0.876054435809904,0.5057644205064703
1,381,0.6844664620543606,0.4994848031382017,0.6564632191131385,0.5010549274709374,0.7772080947360136,0.5386340352346952,0.6739092409795636,0.505866306180004,0.6949041845561791,0.5223215064682294,0.8797809588109151,0.5053577212907415
1,382,0.6834084987254279,0.5001623801342961,0.658124406896341,0.500956234316596,0.7800246957714974,0.5374266298673576,0.6766806895883828,0.5054183773066394,0.6981039630649896,0.5206183342066926,0.882722081306498,0.5049712709924361
1,383,0.6844577823777951,0.5001780492630092,0.6545689181449565,0.5008662207183593,0.7938740879882916,0.5345680845241201,0.6690823559780548,0.504914064988758,0.7024702601749755,0.5407508174282686,0.8635290321469254,0.5127646211579875
1,384,0.6881991969197092,0.5016594776525615,0.647909610072955,0.506466130078489,0.7608429288838288,0.5733157992126142,0.6739457071362317,0.5089849095582292,0.7055103801685533,0.5174906437560908,0.8789899553413254,0.5052970861079317
1,385,0.689110101631255,0.4972312659617461,0.6532037266192499,0.5007095977433715,0.816984411595221,0.5305360118845035,0.6684843208639494,0.5083102459083215,0.7077381837184173,0.5160664178357902,0.8728222660223366,0.5065294253590468
1,386,0.6846347441664096,0.5078427433560485,0.6501276239928221,0.5003161308431107,0.8119166819103171,0.5333670963829203,0.6614206830740987,0.5178068169074768,0.7024394564822214,0.5127940077949977,0.8543371756505492,0.5070776189173987
1,387,0.6830145773791757,0.5078374977041145,0.6528231957584317,0.5002867485971723,0.8219689482985019,0.5323572593127336,0.6612633654527683,0.5081324021633674,0.7116569946480339,0.5230794483223374,0.8376702159431866,0.5061806424077491
1,388,0.6892838280872768,0.49772928669977173,0.6589077609682521,0.4693149442209437,0.8411622728243202,0.5259971543633094,0.6597275176093436,0.50775353394594,0.7148387788553903,0.5214437006118978,0.8400512072507796,0.505745524123006
1,389,0.690064682305346,0.4978868712864266,0.6589894846228904,0.47094730182567607,0.8376260238391354,0.5241098999770328,0.6555976900746772,0.5071590595712984,0.7139000113222698,0.5198836475133275,0.8423216952421784,0.5053304377616612
1,390,0.6882263132139512,0.4983621120592953,0.659026751850215,0.4749432207352244,0.8349376220671577,0.5223439654303706,0.6538892848034867,0.5065987138948661,0.712823988455799,0.5184009860138863,0.8449079875394878,0.5049357590740842
1,391,0.6844283339978097,0.5069892747111362,0.6555619955410801,0.4724464624021902,0.8315942846066443,0.5241251774528699,0.6519199103152057,0.5063356337905697,0.7156235981003087,0.5169966856404021,0.8517667850397475,0.504561706876873
1,392,0.6888954195738566,0.49861524748215086,0.6613798147881609,0.5029452253560656,0.8280115781813169,0.5191487713843287,0.6519244651796242,0.506030383404177,0.7125812036957068,0.515671018230534,0.8574677972717856,0.5042083411248843
1,393,0.6840125170628427,0.4987307770560514,0.6596226452568725,0.5026559180860309,0.8258677607321422,0.519170583957046,0.6509003557022522,0.5159884855674842,0.7084592046614022,0.5081527789837593,0.8552982203854411,0.5047962744977983
1,394,0.6775064556658058,0.49917173068786114,0.6573307506857636,0.5023901685528638,0.8240870616551624,0.5185294069137455,0.6543277102439211,0.505290826295257,0.7148452457225405,0.5197262409717168,0.8590788599140341,0.5041647963018344
1,395,0.6768401687115011,0.49925592348953646,0.656089574140422,0.5021471944425168,0.8226828694010574,0.5172717361785611,0.6554138627993794,0.5054847969729694,0.716324790167679,0.5188159581764644,0.8552279517110245,0.5038508806506757
1,396,0.6776943079016298,0.49996519218184443,0.6565222069111671,0.5019259869464751,0.8213292068801703,0.5166759420191974,0.6528215027549108,0.5054388757818422,0.7112773026527399,0.5175497613251256,0.8421120604222083,0.5040076372140018
1,397,0.6785134826229099,0.5004031756055346,0.6571544562934434,0.5017253664290371,0.8304590473082722,0.5184169593853308,0.6516355100803608,0.5052061235567299,0.7124210342681735,0.5163364927154394,0.8390691519404169,0.5040327667400475
1,398,0.6775727004851468,0.5004248614253577,0.657675965744978,0.5015440356276635,0.8388777449041649,0.5177413131395368,0.6528422747214606,0.5054364644076893,0.7093986488386017,0.5151774413098481,0.8414474026318928,0.5039974351283242
1,399,0.6747835040869895,0.5004391066792939,0.6598691148868034,0.5013806281290735,0.8355239654471406,0.5174983934845172,0.6533419879169311,0.505070227908133,0.7088108636692712,0.5140735718760616,0.8441369937009641,0.5037485137656519
1,400,0.671071123187515,0.5107559609494126,0.6575762547102936,0.5171698216410964,0.8195670666379801,0.5208234657675774,0.6537478456547147,0.5047218908542682,0.7090106139588319,0.5140671624199883,0.8459756982797575,0.5043888387588326
1,401,0.6769820391918975,0.5005840595835809,0.6634486480851228,0.5244972784765765,0.818351068213281,0.5168178915303334,0.6522833026944143,0.5045215148588473,0.7084734325375296,0.5130032811985555,0.8481702729559917,0.5041135664444473
1,402,0.6777017005746442,0.5005815212034082,0.6654735057130906,0.5227461032040643,0.817582757308359,0.5158269519175737,0.6491371634187454,0.5046464422144477,0.7058953426293479,0.5119981112821766,0.8543107375836791,0.5059127636879029
1,403,0.6886668015671804,0.500573981713831,0.6604545333659478,0.5210802804795073,0.8167146169130856,0.5158953374286355,0.6467314354773667,0.5045796755569576,0.7011082462790226,0.5125976525108524,0.8599189595148764,0.5066166505708839
1,404,0.6925060788940555,0.5008696957900924,0.6603956304280237,0.5195006070980174,0.8268043070541834,0.5149684153860556,0.6450270557003858,0.5044219956409822,0.7050544495659443,0.5116276364781563,0.8652242480216586,0.5070492875871265
1,405,0.655293627918936,0.5012306577205228,0.6588814424732533,0.518007216064485,0.8356984650096234,0.5140724290859713,0.6161833569983625,0.504616836793463,0.7046496860370606,0.5107147013965965,0.8701058513561921,0.5076194698533995
1,406,0.6217207776130085,0.5011910539533815,0.6588280943684891,0.5165996177124813,0.832653379884337,0.5138864634006691,0.5918933951755208,0.504325405457472,0.7101723057567356,0.5098578590373058,0.8745955128048486,0.5071760976038339
1,407,0.591923176735813,0.5011471120104817,0.6585898202130276,0.5152767468216004,0.8296221365073675,0.5138594346348214,0.5683748005960096,0.5043396693979988,0.7099568180572657,0.5094851519904197,0.873573989457508,0.5067421295974093
1,408,0.5642669976295116,0.5114689248276422,0.6589418226992432,0.5163401960180601,0.8133716347455971,0.5114888205412422,0.5477800067340562,0.5045068528050287,0.7097759828970488,0.5087325902469952,0.872917684691899,0.506319159420913
1,409,0.5338251245194608,0.5015422112585906,0.6639113948541462,0.5128783692916458,0.8239033686851409,0.5358811714514388,0.5305158092734367,0.5042201380694886,0.716431528869301,0.5080292222551537,0.8720227510555523,0.5059086598276563
1,410,0.5334400640187111,0.5014697681065092,0.6632906281202107,0.5117983503706754,0.8224929013368534,0.5336810566712294,0.5174325899934992,0.5039446442810899,0.7192041023260467,0.5083878733033409,0.8668167901008991,0.5069959498209439
1,411,0.5439052456899937,0.5013956587231062,0.6663072580447973,0.5107941579676073,0.821095222131631,0.533879331312709,0.5120769770265597,0.5038270949564968,0.7215345480208628,0.5091315104291093,0.8620133835240047,0.5070728652026139
1,412,0.5598397800121654,0.5014467752305981,0.6675107666074976,0.5098627128974563,0.8195721387768465,0.5322671576202013,0.5148183443899049,0.5035747477018635,0.72190552905907,0.5084266923359823,0.8627908631234326,0.507663262547637
1,413,0.5721248357376433,0.5013728230776534,0.6685158899684119,0.5090007195863733,0.8294109710303663,0.5301415274859174,0.5209714859703274,0.5033331352419413,0.7226487700523503,0.5077661497044844,0.8676146877987954,0.5071562469583097
1,414,0.5875100089696002,0.5012987535936039,0.6713864984027548,0.5082047258460158,0.8380731515228073,0.5280996890235137,0.5288082180009791,0.5039776107231982,0.7226091287526922,0.5071482449911817,0.8725582262578653,0.5066674314674077
1,415,0.599428637372505,0.5012251426122963,0.6717205637558444,0.5074711789199152,0.8458282660152326,0.5261450106129194,0.5358168854846815,0.5043307031174818,0.7225868621412049,0.506571277398945,0.8764615173832663,0.5072165861750746
1,416,0.6163204002983396,0.5011524996503908,0.67371377553248,0.5067964768232117,0.8528494590945587,0.5254323573982488,0.5435523155195946,0.5040510286066879,0.7249959281545413,0.5060335005572062,0.8707725147034442,0.5070625024369261
1,417,0.6278101702841719,0.5114192899258364,0.6731415729424305,0.5040349795457401,0.8373381876487334,0.5286970095840748,0.5461910618364187,0.5040135518963992,0.7299420057720849,0.5065734922558474,0.8658696481138947,0.5068477621745974
1,418,0.638674071636003,0.5010118351341379,0.6795015908747379,0.5246351595646975,0.8435363637364081,0.522882488441827,0.5493976009456059,0.5143824144991274,0.7288771210261145,0.5154842610402144,0.8312445066403947,0.5122994696061909
1,419,0.6456857287607592,0.5009445191960237,0.6797117037573379,0.5229615903991035,0.8401962238202074,0.5212497998066992,0.5618395475517427,0.508007005764342,0.7325220519222787,0.5153676307970254,0.8478172111194674,0.5060075552046319
1,420,0.6534907580739482,0.500879588282717,0.6833764038699504,0.5233383454919486,0.8263002228581487,0.5196995815029284,0.5731146625005948,0.5076214453544514,0.7335153603353518,0.5142481364488322,0.8405772487921406,0.506653067693763
1,421,0.6637080026328132,0.5008172556454732,0.6825890130640819,0.5216932891092197,0.8353832762472725,0.5182315597949959,0.5813437669967875,0.5071027863323948,0.7344869292537615,0.5131852155396809,0.82905481207387,0.5062017585001677
1,422,0.6680657751745687,0.500964177965831,0.6846334139095205,0.5201204581471891,0.8431463144444791,0.5197721508316621,0.5948701766117923,0.5066054941283172,0.7311862576357421,0.513220809207264,0.813906822554623,0.5070848719673883
1,423,0.6696714183790752,0.5012490444101861,0.6865601044982863,0.5186225885435655,0.8504146185338085,0.5183592408660854,0.6008074567069759,0.506130472579805,0.7285301169201611,0.5121998113834839,0.80989487476679,0.5081281230591509
1,424,0.6611021154492837,0.5207660585430529,0.6758628309264105,0.5239134050978775,0.8074547124404358,0.5167032881224988,0.6059784419080707,0.505826349481726,0.7282395336024393,0.5112379778850006,0.8108846876040635,0.5078456812068748
1,425,0.6713922992843292,0.5010980520160426,0.6857027787022543,0.5372870087694254,0.8187701225225472,0.5371766015861646,0.6105647939968825,0.5159327426179121,0.7203755733863453,0.5100121549908203,0.8102490563978766,0.5067588444937254
1,426,0.673083634807769,0.5012016178425752,0.6871389733137574,0.5345441899165532,0.8172119976322298,0.5381235471350104,0.6194475283332935,0.5055146299717418,0.7235205786480732,0.5094887525639744,0.8117807631057762,0.5168727433489996
1,427,0.676519517432001,0.5011302923773291,0.6884079831313092,0.5319368701957082,0.8050136312544883,0.5368628691171822,0.6253349713193731,0.5051063006644277,0.7217321256559542,0.5086988927376289,0.8079452987558499,0.5157416571255103
1,428,0.6851944795082684,0.5012726090656164,0.6838540247060331,0.5222256151228561,0.7676863136610984,0.582526610850414,0.6284673165312932,0.5047205332706189,0.7184173217758532,0.5079633496328524,0.8136085308593641,0.5146542803453837
1,429,0.6823429056591807,0.5050805680703774,0.6872652866490863,0.5271387662648914,0.8059665577373041,0.5337083722108239,0.6311459927612663,0.5047065314035343,0.7192008379581638,0.5087417019912907,0.814114035475437,0.5141594662606275
1,430,0.6872318674554391,0.5047417852114556,0.686281885115489,0.5249491556001662,0.8062128634668463,0.5312787144636422,0.6314517703847153,0.5043470806274674,0.7200579248133998,0.5080456711402924,0.8194699047164762,0.5131538084936117
1,431,0.6910143670728893,0.5044150026623472,0.6842286611095424,0.5228976558427979,0.7956327072347795,0.5312662879184602,0.6315858082326169,0.5040087898640906,0.7249305259717626,0.5073947918058501,0.824097250811803,0.5121951725935086
1,432,0.692474821406112,0.5046888409387353,0.6819466119884618,0.5209816395278309,0.7969432563110835,0.5290293145152265,0.6224663188188253,0.5118739080710101,0.7208048762947578,0.5260210552071117,0.8090856587760262,0.511575135896405
1,433,0.6937695879103948,0.5044878237403485,0.6817499126177612,0.5191974897626472,0.7983070864948975,0.5269060245969552,0.6245398964998717,0.5073410399366074,0.7217343789039531,0.5165611636436527,0.8310964310117911,0.5118186040607855
1,434,0.6937915504091478,0.504175238141305,0.6814852488662166,0.5175407717987957,0.8098451976142214,0.524896143888925,0.621784312964951,0.5067910532039037,0.7205240880857173,0.5153208972623968,0.8344712151911504,0.5109400855924526
1,435,0.6911622889406921,0.5042179936996694,0.6818155738178426,0.5160063999908446,0.8204201190536453,0.5237529655543568,0.6233659782595954,0.5065365375567493,0.715104526060346,0.5141470081782691,0.8377451301443326,0.5104315703386285
1,436,0.6903286086727929,0.5039296255176384,0.6838267763759047,0.5145887954732393,0.8296424145739258,0.5219702628983202,0.6290407745806427,0.5066413457162308,0.7178686787134247,0.5130395363388259,0.8361351987413209,0.510637331321235
1,437,0.6903188691210249,0.5036544648793942,0.6835925121645196,0.5132820311612561,0.8384328873153378,0.5202920793257285,0.629632446419268,0.50674356616404,0.7147780752669758,0.5119980148365872,0.8343148716436972,0.5107768503156458
1,438,0.6901196708565297,0.5034956691285591,0.6813311591700236,0.5120799618629694,0.8354802044077382,0.5187157353698922,0.630459255734969,0.5062432500152624,0.7144466908369036,0.5110215032933092,0.8276555822015462,0.5099657158107596
1,439,0.6898459922017228,0.5032491934588423,0.6790909059174058,0.5109763383235775,0.8217257661787619,0.5194080746022391,0.6263879498406105,0.5035302789502747,0.7189536857176656,0.5299250949394615,0.814365985032794,0.5098245835185199
1,440,0.6873797065970553,0.503015581518235,0.6810986692018217,0.509964904883511,0.8096100442898937,0.5185403691207423,0.6253703194753788,0.5095493230641556,0.7198086165723863,0.5319932494645301,0.8026350709255231,0.5095320158708613
1,441,0.6896507632388292,0.5030113239942064,0.6787486655072941,0.5090394811094685,0.798816146003386,0.5187851522453963,0.6340797324710951,0.5048165510761591,0.7112143175000977,0.5095078623360514,0.8213354991602064,0.5093134853224119
1,442,0.6878359706190279,0.5027983737438574,0.676822741199049,0.5103519024288827,0.7891108904630146,0.5174740330743723,0.6342602750487698,0.5045065488200997,0.7063944254544055,0.5087023801319933,0.8208985895331755,0.5105243615549202
1,443,0.6795728842547241,0.5036045128470887,0.6686806234167291,0.5082292212326093,0.8196536903277613,0.5210866245687583,0.6358764940633843,0.5042075284147036,0.704814895153073,0.5079546351873523,0.8255367157141942,0.5097337710357721
1,444,0.6860660205829776,0.5024058903954377,0.6701119821881552,0.5086163710375816,0.7770831220813424,0.49839808104498645,0.6380421903618901,0.5039200307995311,0.700870944935478,0.509125020106271,0.8203255381997767,0.5089866232917527
1,445,0.6900925916779043,0.5022258765543137,0.6666835819491437,0.5078503744355322,0.758484605636692,0.4985175077807541,0.6375640510474262,0.5036445349105896,0.7014633263239753,0.5083723450368143,0.8197065108575949,0.5082826213978097
1,446,0.6913823121149121,0.5020563229039288,0.6647475939055952,0.507146387078918,0.752363597517685,0.49987018635789315,0.6417922678786131,0.5035818766345589,0.7019800874527029,0.5076714319597168,0.818758997512458,0.5076211918716624
1,447,0.6930104325640861,0.5018969365226116,0.6622187633324222,0.5065002357762394,0.7578734190668326,0.499974614753479,0.6435665273764378,0.5035774647797977,0.7022356036852156,0.507020177178297,0.8182099706749834,0.5075818884267802
1,448,0.6913808715706623,0.5109220211173449,0.6582604643239403,0.5068925707172017,0.7452276423219087,0.49800167283223945,0.6467998395752521,0.5036592502774673,0.6993811779480398,0.5069932030842489,0.8184001042883874,0.5069874003423965
1,449,0.6953057447318605,0.5020289140142342,0.6617099107466974,0.506958471605577,0.7655457532095965,0.5223073705197196,0.6477191198339032,0.5034065153786097,0.6999069056168846,0.5064193510985451,0.8181629775001384,0.506430056261997
1,450,0.6941991098351632,0.5020941994843334,0.6591347839110236,0.5064007420530408,0.7587647451306389,0.5230432103506054,0.6466817646313439,0.5031646973630487,0.7003692597581707,0.5058859826254497,0.8180433509424876,0.5059087533506962
1,451,0.6952395625132812,0.5019394887633691,0.6612870786664656,0.5082627989097175,0.7637297980796642,0.5216437192743149,0.6475763714407496,0.503258739157517,0.7027870845002949,0.5063929974678277,0.8177140896954541,0.5069654764922931
1,452,0.6986955562369412,0.501793417954745,0.6612200467129958,0.5076162471245045,0.7791195846246016,0.5202837677217691,0.6472857803652744,0.5104628762101208,0.6999635773311959,0.5051550951007101,0.8198266428728851,0.5056652958486935
1,453,0.699341074779396,0.5016557996560013,0.6656711273677345,0.5070105429353357,0.7824636643181594,0.5189673568882434,0.6529367919112212,0.502801878278644,0.7050382979231529,0.5145849434004799,0.8164916956093038,0.5059459364968462
1,454,0.7048089951117426,0.5015264282265283,0.6666732415052734,0.5064441452838612,0.7961510950062399,0.5176980143627711,0.6531522673203352,0.5025903401554137,0.7073149078922455,0.5135790856677654,0.8219574043890403,0.5063073371178111
1,455,0.7055887927599414,0.5014050789823533,0.6675068149503676,0.505915515198694,0.8079541233150106,0.5178588250205326,0.6535866722974426,0.5106491584325199,0.7040448573205769,0.504085150834134,0.8271803256419358,0.5057947513305349
1,456,0.7036835960112942,0.5012915081471574,0.6682274114251232,0.5054231015932833,0.8082690907750706,0.5166516610273224,0.6563666127693791,0.5024372539859804,0.710529363046691,0.5169221368462916,0.8295439263919889,0.5065073044411255
1,457,0.7073477056372874,0.5011854535517507,0.6658593000857934,0.5065633533682101,0.8189648113042863,0.5164375903318805,0.655751545229529,0.5205946765836743,0.701774280015481,0.502781587045635,0.828814709184302,0.5071028230853997
1,458,0.7071404476824643,0.5014172050047611,0.6633095019829193,0.5060762712459684,0.8288721910523354,0.5153246230329502,0.6601322214899916,0.5023457561818092,0.7109561166585163,0.51853601884917,0.8351301048443973,0.516283542920662
1,459,0.7054912133089909,0.5013090953811302,0.6607944635356913,0.505616569853603,0.8377606695776889,0.5142593562923637,0.6501021132523606,0.5014686150301876,0.7236380165127742,0.5531659835346677,0.8022533251935116,0.5153537555778247
1,460,0.7017907664841653,0.5012072713004929,0.6584463568533651,0.5051836066067973,0.8457381721107049,0.5132429794950863,0.6570068782330383,0.5098777757048816,0.7136496929324999,0.5165850193655253,0.8414694651604673,0.5149184851208319
1,461,0.6963538551254081,0.5015214889875387,0.6610718463017358,0.5047767067420788,0.8524762419803767,0.514796035565712,0.6609228643478364,0.5095947309927742,0.7121318738076647,0.5156316236202737,0.844402345226102,0.5138818022921264
1,462,0.695575172302236,0.5014049499310788,0.6606612317892976,0.5043951509556225,0.8479152526666288,0.5138092984662722,0.6625112997728423,0.509597605283528,0.7110315487703507,0.514697596417893,0.8421233130492551,0.5133118164226158
1,463,0.6991515399648068,0.5012950640082037,0.6608827401570435,0.5040381680589314,0.8441333840984272,0.5128642369053692,0.6617424021597491,0.5089230328605071,0.7129886250737275,0.5145242604037947,0.8446808160134591,0.5123659024021049
1,464,0.700796332279482,0.501191758867719,0.6602609406131307,0.5037049321918575,0.8405784880037245,0.5143115238973619,0.6614743701518985,0.5082774172773535,0.7118181215951898,0.5156577869973975,0.8470010920629361,0.5114660933998408
1,465,0.7014352662692022,0.5010949218617166,0.6291209764868696,0.503394563989917,0.8266016101240251,0.5132924194796152,0.6609614722250317,0.508257844729175,0.6714558601762558,0.5146290278940793,0.8489570820433571,0.5106127911873248
1,466,0.7044489677352239,0.5010044031716103,0.6009100202907477,0.5031061350083983,0.8249375716639501,0.5123224119203843,0.6608816178309868,0.5078417737541233,0.6348440224784759,0.5136353588823012,0.8508480252830308,0.5107919741907837
1,467,0.701530162643047,0.5104148399308094,0.5874651146302683,0.5013232081356956,0.8262421370153182,0.5150655623019462,0.660359892572612,0.5076034449763721,0.6140544596151637,0.5126798080247746,0.8523941435814909,0.5099677859335324
1,468,0.7044201913759988,0.5008415600974618,0.5833746319718635,0.5239141994726367,0.8405553489926456,0.515622616260349,0.6599426137850072,0.5074769317150885,0.5978079550158505,0.5117648657872995,0.8538956616918086,0.5091909130176615
1,469,0.7012950885262035,0.5102278887872315,0.5851764359343882,0.5010861873472584,0.8427389922958956,0.5180247851849836,0.6627533419625775,0.5069243226331277,0.5909014194534172,0.5108924663570741,0.8597622928038823,0.5084607556851286
1,470,0.6982243358909094,0.5092025031529092,0.5878115146128162,0.49804900028784366,0.8552852396069547,0.5203030117275003,0.6601987873049907,0.5066157125227106,0.5923258868200972,0.5118945012354397,0.8650778736371308,0.5077764185116848
1,471,0.7053729644457386,0.5006392813474378,0.593486221625495,0.4988741960028629,0.8578323822382998,0.536225573620028,0.6597805075072337,0.5062601818345422,0.6008976987456889,0.5110033132264596,0.8699546925920061,0.5071367475118239
1,472,0.7072288985701779,0.5009494324388223,0.5961324855685967,0.4988794511709419,0.8527860671097919,0.5337392183347436,0.6575951723886648,0.5059374173317416,0.610337899412781,0.5101583427854073,0.8743525795322544,0.5074722135577091
1,473,0.7074243972459868,0.5012202719581177,0.600690433064616,0.5012764368333931,0.8479811587552363,0.5334880110117347,0.6576101656629278,0.5062808901218536,0.6157042771049467,0.5093602583405894,0.8781236157940424,0.5068615728822952
1,474,0.7050915877647775,0.501329660060792,0.6083794525856003,0.5011373356031282,0.8440904746954904,0.531783020532136,0.6564323040956438,0.5062858400833508,0.6166182601476837,0.5086091995713373,0.8768350346133872,0.5062917787751554
1,475,0.7031535235149395,0.5016467727533647,0.6139286584770104,0.5010121131844327,0.851326135120327,0.5304919100265206,0.6488623751565669,0.5063547431416482,0.6203244846161943,0.5324018058711446,0.8492052536228467,0.506636327483506
1,476,0.7046909918194898,0.5015381632346838,0.6173902871033009,0.5008997136169091,0.8471223327503011,0.5295398246405848,0.6563626384056295,0.5102523580011247,0.6198202128899336,0.5089988839030285,0.8609760317847044,0.5059139301554231
1,477,0.7031140007294524,0.5014336001998033,0.619421446959948,0.5007990944650242,0.8433490434767863,0.5298386346759631,0.6549416992855589,0.5097014785997395,0.6241868525576924,0.5089631968979673,0.8614273835714246,0.5061498582742561
1,478,0.7016302042217265,0.5013333061247259,0.6230818735484427,0.5007092399831014,0.82914785315927,0.5295299080967066,0.6533426304834512,0.5090161029791074,0.6341557853840974,0.5093047933131484,0.8616630149163554,0.5056709289407061
1,479,0.7001515491606641,0.501237459729812,0.6228965785718451,0.5006291723278826,0.837975877994766,0.5274619049780921,0.6522164734173063,0.5085473930100066,0.6413271904669374,0.508575654758821,0.8622914491259208,0.5060630759543273
1,480,0.6968664365700613,0.5014143216042702,0.6242123129770181,0.5005579606219738,0.8457525896340348,0.5254908263325059,0.651622781567898,0.508068063000764,0.6474648445333923,0.5078908383381128,0.8626960323780535,0.5055988307450532
1,481,0.6897973340142685,0.5016196368659472,0.6255890587942944,0.500494727807079,0.8524567072298108,0.5236177983699728,0.6455913795670788,0.5177224704544708,0.6495790126611246,0.5047705517215,0.8551329678083783,0.5059978426856832
1,482,0.6888191778218635,0.5015547730441264,0.6229537852991184,0.5003838234282928,0.8136662144823119,0.5570421212918966,0.6431698137418872,0.5069212599145994,0.658296408620273,0.5146575113062499,0.8533742493036978,0.5063085577517861
1,483,0.6751017755795379,0.505259747476487,0.6334851218876806,0.5003889859321672,0.8532902520136266,0.5239187257968686,0.6446095295495972,0.5063946121711866,0.663600707561764,0.5144761876323256,0.8546681817702753,0.5062198898447531
1,484,0.6663283424595197,0.5105451840660998,0.6295425896622997,0.5004025284121698,0.7929120312317274,0.5218750837126617,0.6459641861025476,0.5061018762009406,0.6674338236168268,0.5134639687968867,0.785549326287071,0.5057763523999271
1,485,0.6704479593772608,0.5045484349145949,0.6306595158186896,0.5003061373031925,0.7512110515163221,0.5416075839699701,0.646857396003199,0.5060614939657848,0.670707052058026,0.51249446217507,0.7556062575919834,0.505356118686138
1,486,0.6719172507096618,0.5042152696729901,0.6346575898413978,0.5002717508764685,0.7239695213701234,0.538650889812656,0.6438915801816597,0.5053168751790628,0.6782709567843761,0.5298557731410518,0.7298923695478083,0.5072222837875051
1,487,0.6715894766948967,0.5038981168271115,0.6367142535360881,0.5026223009555816,0.7108990410920392,0.537279536454074,0.6487383031743578,0.5015296301196397,0.676336737633064,0.510587871595962,0.7409232005728162,0.5066027750074547
1,488,0.6692246964530068,0.5035974551218424,0.6333320544559365,0.5024312164688937,0.6993274455757775,0.5359154818125887,0.6493764165651802,0.5013926252268225,0.680681266643559,0.5097655852346638,0.739344814875565,0.5064395251349332
1,489,0.6673349310185029,0.5033135483590961,0.6416776778523645,0.502249668503169,0.6996472466678776,0.5332888973282687,0.6504835488101458,0.5012684185066586,0.6854880156413605,0.5089901008082865,0.7380186471954889,0.5060138414909043
1,490,0.6629841092294143,0.5122227360683349,0.6400324770618127,0.5046306907352335,0.6713031125052051,0.537028827410344,0.6508682335742945,0.5019778191416753,0.6870667684742107,0.5082613848545791,0.7420638759107132,0.5056072682097116
1,491,0.669318216060331,0.5030866636112189,0.6452253539290113,0.5235601317918499,0.7090917046717417,0.5293749042688632,0.6520262394143866,0.5021981017831395,0.6889140066732914,0.5075789474587217,0.7451781950762091,0.5052197297250177
1,492,0.6646146290926251,0.5032678062694582,0.641693053030947,0.5256288897167475,0.764735616414185,0.5302285075392935,0.6526018760897784,0.5022374898405033,0.6905526244582813,0.5078141973863114,0.7479558470580121,0.5048511057129706
1,493,0.670529154733443,0.5031394417775308,0.6468132246162436,0.5205418847236934,0.7428924838135277,0.505911115588835,0.6487337001159507,0.5109044915385049,0.6868302638131354,0.5075697577794793,0.7491421263082709,0.504801308861498
1,494,0.6777254992719934,0.5029044392894874,0.6455212112741772,0.5191120900183793,0.7602673559430485,0.5084625715295856,0.6533112347386207,0.5024021114947823,0.6929082039668554,0.5159432275262377,0.7648887018341075,0.5041698727176758
1,495,0.6781858222125248,0.5026828235758126,0.6454831420106459,0.5177410743359956,0.7656087186986006,0.5078457829496881,0.6541620570784044,0.5022460559906089,0.6911371748485905,0.5147380616990049,0.7702967473444733,0.5063597688118515
1,496,0.6791672755709985,0.5024743470718125,0.6455239753306525,0.5164321570546778,0.759057618056222,0.5072685697890404,0.6525737622385304,0.5023925628579019,0.6897859833083207,0.513598756263323,0.7755738985487398,0.5059298189185384
1,497,0.6802288218807094,0.5024448755388097,0.6429285335129232,0.5151877706002905,0.7530797648557386,0.5067284188511773,0.6529785245494075,0.5022381576001966,0.6973252878925534,0.5125252460965376,0.7802934375933448,0.5055174809007158
1,498,0.681127865743678,0.5023774893815218,0.6424089848606089,0.5177807282907714,0.747351647399351,0.5070963716876785,0.6551289882586714,0.5023366488896759,0.7004685645124326,0.5125585858352456,0.7843041264894398,0.5056109895686219
1,499,0.6800816956938887,0.5027223012753543,0.6421163835632598,0.516463796198299,0.742619154923862,0.5066214318609262,0.6549052634414846,0.5021872996326965,0.7049793855538558,0.5123938779145492,0.7832226645535244,0.5052277513787721
