episode,timestep,group0_trust_in_sp0,group0_trust_in_sp1,group0_trust_in_sp2,group1_trust_in_sp0,group1_trust_in_sp1,group1_trust_in_sp2,group2_trust_in_sp0,group2_trust_in_sp1,group2_trust_in_sp2,group3_trust_in_sp0,group3_trust_in_sp1,group3_trust_in_sp2
1,0,0.5,0.5,0.5,0.5,0.5,0.5,0.5,0.5,0.5,0.5,0.5,0.5
1,1,0.5893162393162394,0.5,0.5769230769230769,0.5,0.6666666666666666,0.5,0.5675438596491228,0.5008771929824561,0.593859649122807,0.5,0.6614583333333333,0.5
1,2,0.6294020778072504,0.5060897435897436,0.6053348806366048,0.5,0.7421161214264663,0.5027777777777778,0.5987633207687654,0.5012552934059286,0.6367548513192797,0.5,0.7362124226348365,0.5
1,3,0.6519742557068119,0.5,0.6216940617881481,0.5,0.7766420498866756,0.5260262725779967,0.6165049382229169,0.5011669174777661,0.6660558918184765,0.5,0.7569708717642409,0.5
1,4,0.6596627666025225,0.5,0.6349252509441465,0.5,0.7840896846445186,0.525489565451524,0.6294290643692724,0.5013408555597164,0.6833170045495612,0.5010416666666666,0.770175020493442,0.5
1,5,0.6653301248843899,0.5,0.6435144385189855,0.5,0.8107850954870515,0.5237310950644266,0.6339612487115199,0.5097767066265063,0.6910600198400474,0.5010344827586207,0.7869597012638825,0.5
1,6,0.668877460596752,0.5004273504273504,0.6472972460207519,0.5,0.830407914856001,0.5220433018813602,0.6458670051659917,0.5011668566619125,0.7044503257208484,0.5113174673784104,0.7936517981408364,0.5
1,7,0.6720431876351368,0.5004083484573503,0.6434738871105441,0.5035079914096046,0.800994638067148,0.5649855240421083,0.6441740317762185,0.5015234221475575,0.7085511892044023,0.5115747263323267,0.8066098710526437,0.5
1,8,0.672597910821693,0.5044552123292281,0.6528890136284831,0.5045977011494253,0.8549087474553191,0.5211125545876486,0.6416443684650853,0.5014529647174012,0.713293185294131,0.5316223259520131,0.7974412573353074,0.5
1,9,0.6822568856342988,0.504265772945205,0.6487550172226119,0.5037412565959013,0.8183962563050792,0.5640834713935711,0.6456530793753348,0.5055041196522851,0.7037282874725271,0.50996096778579,0.8227186795445177,0.503125
1,10,0.6787865014681855,0.50002216493942,0.6547055876706523,0.5039670503207654,0.8715719738163202,0.51797629838268,0.6420332028638244,0.5051265493222912,0.7012004705614432,0.5102517604073262,0.8351635502139413,0.5045037577365163
1,11,0.6827170054039149,0.5000109893775189,0.6473670048072103,0.5036724794231872,0.8773597368363077,0.5203929813724263,0.6385705989925626,0.5051771252270919,0.699344612192292,0.5094681507518423,0.839587702131873,0.5047955722318458
1,12,0.689463614337385,0.5000017919990994,0.6352526135321181,0.503392582816432,0.8819643254429764,0.5224765361452482,0.6390724521709762,0.5048229778246605,0.6957781548182796,0.5094767254482444,0.8367339743207018,0.504869365287084
1,13,0.6909307394660663,0.49999436788615415,0.6372014300625184,0.5031277246506766,0.8862645820640095,0.5208106430454104,0.6391477201154295,0.5044835098738772,0.6922006086780287,0.5087457160361462,0.8399701591037951,0.5048456639428751
1,14,0.6852951184537651,0.49998851069188677,0.6373699445870821,0.5028780739125966,0.876900398570004,0.5192338274674299,0.6347849392289558,0.504159372988271,0.6900271495375598,0.5080561367627001,0.8425894046202381,0.5045664874602762
1,15,0.6850905413053622,0.5002154765067899,0.6434249961082765,0.5026436223986465,0.8669581724940467,0.5188784425454858,0.6351624655024919,0.5038510290794559,0.6870727023187215,0.5074079026590106,0.8517116812411747,0.5042940933793087
1,16,0.6806531297606097,0.5102158457976055,0.6442707431184194,0.5028282392758242,0.8381427491893426,0.5203691074345008,0.6278494436188583,0.5042457369220057,0.6832634589751548,0.5298132340863743,0.837707557017666,0.5052600940712204
1,17,0.6833758081340192,0.5001973505199724,0.6518530193732557,0.5236480932698507,0.8412113860772598,0.5161211586991538,0.6310238852463437,0.5177239825026692,0.6756849094666736,0.5071165771667797,0.8640919858079241,0.5056003944682688
1,18,0.6838706218731385,0.5001883078650939,0.6532631989403753,0.5243608506280003,0.8369714159935169,0.5169150116735143,0.6366347660058554,0.508212077853589,0.6782863325271485,0.5066747107185068,0.8696499404511513,0.5142962850827415
1,19,0.6857773920120136,0.5001792494107778,0.6584643227080809,0.5244632630666439,0.8332505752559982,0.5168733795910458,0.6346137152755323,0.5076217515099529,0.6792204717202232,0.5077886424897267,0.8745322134333137,0.5133310101370067
1,20,0.6876290699328644,0.5001701805233569,0.6608153965558163,0.5237643187064186,0.8303449937060441,0.5156223080293525,0.6328927581892464,0.5070597057227628,0.6796299015792538,0.5082174842282657,0.8789420466719817,0.5134439214647897
1,21,0.684921154130102,0.5005884736443007,0.6602260070992231,0.522060025993922,0.8161650195102376,0.5144406860309594,0.6250858891577317,0.5167385000689112,0.6792921826910853,0.5080758622570115,0.8703926859902402,0.5133145057336647
1,22,0.6849299474917052,0.5009773400358606,0.6594467967833145,0.5204360186952479,0.8153268885192967,0.5152302584423393,0.6288617599815762,0.5061741694700423,0.6867222799510169,0.5069647960443493,0.8714855256878706,0.5209395444869996
1,23,0.682671171786123,0.5009106249404167,0.6262901987714231,0.518894400834329,0.8261165259262129,0.5140856909087734,0.6259422526788527,0.5165737829749918,0.6423539492415232,0.5077328017599744,0.8688733823352874,0.5207152306648037
1,24,0.6812201502196172,0.500846431973187,0.596735491660026,0.5174363058059868,0.8126335692687716,0.5130050178021485,0.6299568592096099,0.5061493345134767,0.6099943430915733,0.5066746445927249,0.8650859649654185,0.5085981536830425
1,25,0.6795863145238507,0.5007849499664497,0.5908704248965949,0.5160619755896666,0.8004725857341474,0.5135476492226397,0.6287067414295274,0.5056863612995814,0.5854916679215713,0.5061359559103032,0.8546251642640861,0.5078711950736635
1,26,0.6800177006169902,0.5009903683674806,0.5919076385410404,0.514770850901231,0.7900771740869929,0.5125336153056318,0.6275816255927607,0.5053963066275469,0.5790390911479678,0.5066740995302389,0.8558953415340853,0.507761734803085
1,27,0.6808253208586572,0.5009258842857779,0.5946275970482544,0.5135616678193944,0.7807379094776578,0.5131129080916087,0.628904307842182,0.5055087830467063,0.5820129957375983,0.5061327617371882,0.8571201452756325,0.5079338637785001
1,28,0.6814946910953211,0.501290926566568,0.6021378092714615,0.5124325569718614,0.7719953857245768,0.5155866738614784,0.6309041667785397,0.5050982419165984,0.5907476654288749,0.505627001037111,0.8581862239953224,0.5086135817764011
1,29,0.6847610008233814,0.5012015081337818,0.6080551122748439,0.5113811419935648,0.7758103332224404,0.5154918551297867,0.6318607562366633,0.5047118084747314,0.5974806912259494,0.5051556586846797,0.8591469040987764,0.5079598624670784
1,30,0.6836605969292504,0.5116831823181325,0.6060794628912175,0.5036815905378106,0.7568227984382911,0.5185506764063467,0.6322654672425817,0.5043488120225631,0.6043778628370412,0.504717451443319,0.8550863759953509,0.508386974616871
1,31,0.6921905923255277,0.5015230477162067,0.6100804499368842,0.5273665603895069,0.7809586496033472,0.5150050588659343,0.6367526439842461,0.5043828124422056,0.6102439130955893,0.5043109939695949,0.8562229871580284,0.5077386595290586
1,32,0.6896914878997092,0.5014278031610768,0.6169078661726903,0.5255531568208124,0.7837117569868424,0.514133960727127,0.6405085071175057,0.5044967711387668,0.6255133845748118,0.5039348215314253,0.8522187567494663,0.5074996543026602
1,33,0.6860921725468676,0.501335436487206,0.6212292528982287,0.52380259616002,0.7858239995224954,0.5145507653456751,0.6448367666624062,0.5041613764953897,0.6349765477149808,0.5046290790429055,0.8485678018238396,0.5080467769803435
1,34,0.6844692157914108,0.5012462341640318,0.6251003174393348,0.5221203929117803,0.788099487067788,0.5137485423147176,0.6445366694732269,0.5142052023882726,0.6389905790954793,0.5054060859797876,0.8361199219212554,0.5071715433245001
1,35,0.6868153035180972,0.5013254587266633,0.6304873398033691,0.5205110142876814,0.7791526271965253,0.5135297746614849,0.6515814596091581,0.5038315378001839,0.6467244421319576,0.50561495768548,0.8281714656692947,0.5163013215898523
1,36,0.6887544022153594,0.5008150686959956,0.635607896499001,0.5207230926165058,0.7818543058286739,0.5133604167880392,0.6509744364604918,0.5035437110339709,0.6485495329030242,0.5051763015901295,0.8177886511481642,0.5140706634605164
1,37,0.6925275050240352,0.5011917252530917,0.6380047087326491,0.5191896207796994,0.795568122304803,0.5126405888287837,0.6553769298754907,0.5032729097637273,0.6495181546954517,0.5056172397900862,0.8130902931278455,0.5130444191259906
1,38,0.6918741590612688,0.501113421664546,0.6397718331482549,0.5177331903595404,0.7966608694267849,0.5119380408244428,0.6542818675574654,0.5030185846251088,0.6528791773177647,0.5051858394222878,0.8088949784801984,0.5120706531894721
1,39,0.6913437451881763,0.5013477705916367,0.6436090319187996,0.516355281485449,0.8089243998956483,0.5112535246749117,0.647148452830663,0.5027185762611218,0.6605369225481894,0.5204915601690594,0.7968822486004695,0.5116616568215172
1,40,0.6540255291490411,0.501261945302592,0.6485488653948649,0.515056465141654,0.8194063185898146,0.5132581907482368,0.6158716132730782,0.5169292515299097,0.6568553158398914,0.5039020205030066,0.8089555182583857,0.512046231744103
1,41,0.6207316815284777,0.5013581229271991,0.651321672178545,0.513836483316508,0.8289752289599113,0.5143959718530654,0.5915232008149768,0.5131136184420747,0.6686296986564603,0.5043094369808635,0.8193890917618059,0.52072368323791
1,42,0.5908599442107276,0.5012762012513101,0.6204197934275367,0.5126943405773645,0.837786215385874,0.5136451019024191,0.5698461218795268,0.5062031341997185,0.6360765653576648,0.4943309827429846,0.8151282856039253,0.518827707032702
1,43,0.5634791785004152,0.5011965154634883,0.5932273099048792,0.5116284022467577,0.8454296259255332,0.5135198754402747,0.5436945067501696,0.5060566087578865,0.6043046372702292,0.4954045636520548,0.8201415328175519,0.5183663736640998
1,44,0.5544300198674212,0.5012676542647228,0.5684690343399083,0.512158155046926,0.8520438529048046,0.5132752853884239,0.5348439822519173,0.5059174129687619,0.574215539033036,0.4957047638119684,0.8247944015333385,0.5170067018973261
1,45,0.5500568858557391,0.501300278870721,0.5460509913714814,0.5135643138186596,0.8581030383414715,0.5149607593778266,0.5290079087691197,0.5058857229012786,0.5472580982310051,0.4970249766233647,0.8242832351602104,0.5157191991902506
1,46,0.5518589287615906,0.5012295837978644,0.5267016261717402,0.5124892653116729,0.8640929710559202,0.5141122201494335,0.530476355642954,0.5054665040538155,0.5227138132024175,0.49723850763832345,0.8334325867997573,0.5145038084751868
1,47,0.5556088043871261,0.501160522829826,0.5087182465838509,0.5114823070174074,0.8584493558340972,0.5137730885150633,0.5329021781441599,0.5050682556237177,0.5005863495815203,0.498472630551143,0.841599996804066,0.5133599302411501
1,48,0.5650808599646445,0.5015321313804496,0.49191567017669685,0.5116961015226994,0.8422085974163548,0.514320669772547,0.5358347236799345,0.5048177950389846,0.4803801108488342,0.5038100258663495,0.8237101210972984,0.5126091412641249
1,49,0.5734098698128358,0.5014348623625291,0.477129068223306,0.5107980978076391,0.8173441630434706,0.514822330965471,0.5404485285403616,0.508282025152071,0.4598380842389447,0.49766867328671205,0.8510750529895308,0.5123235711552283
1,50,0.5849014677017574,0.5013764798495497,0.4778718639881151,0.508711543764299,0.7768306114190812,0.4918595482512226,0.5475614729678115,0.5078652805449884,0.45265526203636597,0.4978529873092158,0.8526188269112686,0.5113141444733436
1,51,0.5911979153312586,0.5050973732893456,0.4751721213172816,0.5091678477428225,0.826352463689747,0.5136643457829883,0.5517767835584316,0.515705576073259,0.4514557788631582,0.49789502524184936,0.850529712323942,0.5103735014153323
1,52,0.5969527159681286,0.5047459640149283,0.48255846738450786,0.5094133099059318,0.8245285821621577,0.5129227835018874,0.5590065476954702,0.5067369649967256,0.45470778347214735,0.5075644255191603,0.8408524569489553,0.5094956802144597
1,53,0.5997259630187143,0.5044088229189363,0.4896694283257796,0.5087177062080251,0.8334356387183994,0.5152415729051174,0.5667907703378559,0.5068388253569304,0.47066443489033105,0.5080630394084561,0.8437466194735537,0.5086817976195819
1,54,0.6013071231956003,0.5085596514516171,0.4991896143792675,0.5093789895214831,0.8683443081699164,0.5154500336682754,0.5785663964338429,0.5063190192982385,0.48912235356190026,0.5075188802544193,0.8413025590340886,0.5079278828879875
1,55,0.6096407854790041,0.5037802731982677,0.5098737622491507,0.5074511424149226,0.8454677394246625,0.5350063257990126,0.5832485966684914,0.5066358523651079,0.5159313942769751,0.506993535519349,0.834328490209912,0.5072310409269353
1,56,0.6208996144288074,0.5034898246019908,0.5209598893374899,0.5068764141883448,0.8527054771312556,0.5340314098934841,0.5863705156098777,0.5063549607265462,0.5379515466472331,0.5073981402909625,0.8232311055528656,0.5065882791015844
1,57,0.6197878628190381,0.5032155795429589,0.5310716215060417,0.5063383552981592,0.8589970832162238,0.531792177525224,0.5919595505216602,0.5058685644863575,0.5560944560037044,0.5068631641548449,0.8277041746868681,0.5059965518973147
1,58,0.6222606067592094,0.5029575560857591,0.5392467492734443,0.5058352867155264,0.8649057208709207,0.5296327007861602,0.5968710012603549,0.50541064173753,0.5725765678195158,0.5068895533242761,0.8318770773082171,0.5054528008547673
1,59,0.6267499294139034,0.5029593080089463,0.5489392516548423,0.5053655931827785,0.8701366846489211,0.5285713637799324,0.5994328191035068,0.513447664027928,0.5833825044295283,0.5100260910319704,0.8352467587513661,0.507434916935845
1,60,0.6226092626716382,0.5027263042280065,0.5570678903877366,0.5049277123729404,0.8747816769513852,0.5272725842704802,0.6085082675314732,0.5048280441552353,0.5950636580895778,0.49841183423252466,0.8376204115828815,0.5059184761991089
1,61,0.6250939242167761,0.5025077814998732,0.5632651206652277,0.5045201250720728,0.8791102240681108,0.5253736536838173,0.615166782045339,0.5044447904962531,0.6061629119153026,0.4984106001904051,0.8404298260037155,0.5062660635708405
1,62,0.6290530233764849,0.5023033820572286,0.5754539962424198,0.5041413470580862,0.882834580695752,0.5245589792308397,0.6100595494947171,0.5231632517585262,0.6138092831076752,0.5268248286326561,0.8163610403830824,0.506116945554652
1,63,0.6346266124100693,0.5021126748504214,0.5839487806328778,0.5037899230725492,0.8860004424086354,0.5228273504005909,0.6291548713768924,0.5078696813131716,0.6244689843396344,0.49329789243962335,0.8487614508895888,0.5146091022165891
1,64,0.637807800992616,0.5019351694867882,0.5930456050989243,0.5034644230272054,0.8887727168707087,0.5218923154843983,0.6342824822774701,0.5075457786412411,0.6303715577081113,0.4934772658003758,0.8555553406468714,0.5135391379095904
1,65,0.6372819746104836,0.5123220859873042,0.5981435366247565,0.5019530892112708,0.8877249946044378,0.5237258243301955,0.637872949068778,0.5069832260900669,0.6376611581608935,0.495171832450924,0.8567843596983615,0.5125233418825528
1,66,0.6461229085065094,0.5023880460440362,0.6112106744029147,0.5237754291588973,0.8929849826984039,0.5188614626749565,0.6378795272799755,0.5068085082618211,0.6458817601074529,0.4974245284621967,0.8578278745195324,0.5121670321800613
1,67,0.6482714347660014,0.5027403876936737,0.6177254847544363,0.5221218256638868,0.8952537959118203,0.5181226651925666,0.6385140691260229,0.5067266768795241,0.6542381584642611,0.4981557223483589,0.8585937419521867,0.5121548797392704
1,68,0.6475222165260113,0.5025498843970418,0.6294985348262646,0.5205358121485374,0.89746096571413,0.5168142503764207,0.6408548812170326,0.5062058424855741,0.6614240520495492,0.49818896223960824,0.8544690553388293,0.511642583823874
1,69,0.6476598934445825,0.5027762654261987,0.6342248603986139,0.5190213396379144,0.8884472939935548,0.5155793382739857,0.6407824685664619,0.5057156488444484,0.6654046270844877,0.4992505398859477,0.8606767115101195,0.5107660911178822
1,70,0.6457924662244061,0.5117950405925118,0.6368579701901714,0.5205060741653447,0.8817570068876749,0.5102524099331469,0.6404799560999795,0.5052556223982186,0.6670446888659093,0.4992434804383644,0.8660785991573267,0.5099390520280382
1,71,0.6549022324984667,0.5027922931036747,0.6427179794917547,0.5227151451379156,0.871211093512012,0.5324210023628687,0.6441359663782088,0.5050812698933568,0.670956030166396,0.49924799437554435,0.8708314452307938,0.5101918268806277
1,72,0.6565971025092677,0.5027156354981955,0.6446036878967226,0.5210259212456035,0.8758907707042262,0.5303425327182668,0.6455091324784811,0.5051104535582759,0.6791831923912756,0.49926184295107645,0.8704010468141706,0.5093912700320588
1,73,0.6593406152739906,0.5025255227619458,0.6458655190883548,0.5194227241816803,0.8687664390103499,0.5283314185190674,0.6415995674827095,0.5032783489685991,0.6884122083268487,0.5200007731371579,0.8522295790448929,0.50868594931381
1,74,0.6621071505909045,0.5023452216604667,0.6454319836747204,0.5179070348166407,0.8733753278937539,0.5285249004587304,0.6402785115130551,0.5105731821102673,0.6785408062370811,0.5059801524603593,0.8632432047654557,0.5083108531090047
1,75,0.6667485865207209,0.5027935432762748,0.6390190512624495,0.5164793228550908,0.8776958667020656,0.528780231204547,0.645752446836178,0.511361219416411,0.6780003638419072,0.5094132242871682,0.8562287808871402,0.5093231913204989
1,76,0.6667879803851999,0.5026048824255039,0.634827343985882,0.5151391445444435,0.8816857868423514,0.5268224038683256,0.6499172641738954,0.5006447938484616,0.6876798438578346,0.5089802865814244,0.8598017458206026,0.5174701074093517
1,77,0.6681864538491586,0.5114175832647926,0.6312410854279074,0.5039206950038368,0.888906951005767,0.5298274392370678,0.6463338496336452,0.5002351955494009,0.6938758081560864,0.5272541968511892,0.8446773891468178,0.5160240808167638
1,78,0.6707811155074992,0.5022520724727717,0.6347358115832481,0.5297668625701596,0.8863800974438674,0.5237818530285372,0.6517224623498178,0.5049696169747254,0.6865017524579442,0.508982054297464,0.868991203227133,0.5150136297211206
1,79,0.6708051652498198,0.5020881514108306,0.6329633710343802,0.5278061928050917,0.8776833349882344,0.5220806043337463,0.6540172819743266,0.5049795115967088,0.6852711483920035,0.5083496765139143,0.8735456690501192,0.5138798521116045
1,80,0.6761358371682673,0.5019326314582176,0.6358205154680079,0.52753334859913,0.8699074001597612,0.5204641198398955,0.6511628753248648,0.5047904113404945,0.6865274322683229,0.5085174254302789,0.8776741116713549,0.5128091760804726
1,81,0.681262662346694,0.5017855114977153,0.6358908730236232,0.5256470482912822,0.8630548331509844,0.5210721475998347,0.6470706068329629,0.50471316946481,0.6882799503747756,0.5079107273277471,0.8813153471182855,0.5132169585294706
1,82,0.6860223277579307,0.501646740952207,0.6403893714140931,0.5238345024897072,0.8687420693311643,0.5194970734704006,0.6457397755613501,0.5043894387528643,0.6877864573295771,0.507728211563711,0.8797759234566067,0.5127474748576742
1,83,0.6861987553402669,0.5017352128022902,0.6423577321352966,0.5221005323323086,0.8736830341249114,0.5180084650905318,0.6450592680004406,0.5040795870239803,0.6898776381846217,0.507457807623338,0.8829968688995385,0.5126555258941218
1,84,0.6795608506073746,0.5119589656063142,0.640567066927768,0.5238569285727783,0.8717301223264582,0.5209059998143326,0.6366172162208846,0.5050701421793624,0.6944947227653948,0.5264525649504931,0.8563545314917448,0.5110604179006011
1,85,0.6804056212001789,0.5016438379671069,0.6435717827913532,0.518881814800339,0.8809459750765162,0.538000071710231,0.6411335698287662,0.5072833958015744,0.6895098353489302,0.506447146980279,0.8847033452537285,0.5107904375601995
1,86,0.6793355822888424,0.5015301752901481,0.6473330104517587,0.5174010288950052,0.8846688837970546,0.5352476028902714,0.6428367618348253,0.5067616536614669,0.6912018830282285,0.5059804866294287,0.8874950080757246,0.5099405587596314
1,87,0.6799748864210604,0.5018497054455643,0.6502498253300867,0.5160068745042609,0.887867945819152,0.5326292415626306,0.6434949445490519,0.5062648440064595,0.6928352730830054,0.5055391685704949,0.8904212458797944,0.5091440462882928
1,88,0.6804440571119583,0.5017181157978465,0.6572249659553003,0.5146988796312025,0.8905300247662185,0.5329892166763901,0.642908718534938,0.5164980293123711,0.6912096830847183,0.5054642523481534,0.8916365153093533,0.5089732581118688
1,89,0.6812272872894043,0.5092635060068424,0.6513785834153325,0.5024709472101029,0.9071394510208641,0.5364805972696985,0.6528585558533022,0.5056366835855949,0.6994955915818368,0.5047306438762712,0.894753345882585,0.5170812825923644
1,90,0.6910653985187115,0.5014750151634678,0.6555414195948669,0.5284954570660358,0.8930548267841295,0.5289619436372553,0.6551595243466334,0.5056312893741994,0.6980515982637858,0.5043622633958301,0.8918113284180758,0.5157877961769084
1,91,0.6923497600693972,0.501363351807999,0.6495062565530566,0.5266719083042299,0.895632899569958,0.526780036009246,0.6536395486366365,0.5051941881785998,0.6951401168601234,0.5044340809240834,0.8892359879188285,0.5155083952682069
1,92,0.6932658729847221,0.5012581390542961,0.6518757272589022,0.5249038719405038,0.8979068950762207,0.5247223766628315,0.654612540077784,0.5050728625793974,0.6921472632828615,0.5043988547933397,0.8870020801715616,0.5143000347953669
1,93,0.6947313240323795,0.5011592425140662,0.6511259169198597,0.5231975242362153,0.8996567002811059,0.5227871578267372,0.6488619795646312,0.5155928227727327,0.6904670578068179,0.5046036342709375,0.8878164917355007,0.514075113102825
1,94,0.6895063330622098,0.5123531681522764,0.6497619422191301,0.525151118364986,0.8995339010836846,0.5122939298392888,0.6534324372152793,0.5047368559717722,0.6967552812522367,0.5040344740491807,0.8915723269909054,0.5214711863078307
1,95,0.695344788378283,0.5019571939695485,0.6565094196787525,0.5199898480622002,0.9017613944631846,0.5370878691313334,0.6501259088793993,0.5045102975815312,0.695931812453976,0.5037680994080502,0.8938872639770028,0.5198268025760189
1,96,0.7000632190017623,0.5019716641442796,0.657050023454769,0.5184959985544495,0.8925171422341424,0.5363591180071804,0.6482455969752209,0.5041708958222297,0.6961273408242701,0.5043654681083247,0.8957372376268551,0.5203577852079936
1,97,0.7007457208988687,0.5018393956089832,0.6551770023332777,0.5194595918218837,0.8726756906493083,0.5349333664619148,0.6461160066438759,0.5038516392680769,0.694623037911629,0.5040818016433782,0.8929178074561328,0.5196865213242488
1,98,0.7013103935913164,0.501712997469445,0.6535011149697392,0.517956125882835,0.8552265351830405,0.5326023416373996,0.6470362172653412,0.5035519571171776,0.6952732739599989,0.5048443181012409,0.8857925985826022,0.5181233899753844
1,99,0.7019764480904953,0.5020043001568475,0.6534757404159812,0.5165373959804094,0.8503192186917329,0.5303590398698436,0.6482060488316006,0.5035056545461558,0.694979533282189,0.5045148299248182,0.8789559556151815,0.5166561941559648
1,100,0.7008415304451011,0.5021397915820072,0.6520832220471302,0.5152034303400749,0.8458314979230784,0.5282086838828001,0.6487931865382086,0.5036476058769948,0.6899060210615995,0.5042001918760172,0.8776813345035237,0.5152832569402032
1,101,0.7020774046395388,0.5019946453148254,0.6508048923218944,0.5139534259233822,0.8418263590683972,0.5274645426209937,0.6497491254599547,0.5033700009199725,0.6892612588584329,0.503900490099263,0.8719689697123153,0.5140022655652132
1,102,0.7062326507937127,0.5018555453819088,0.6490074455223445,0.5127858511632154,0.8383212384805985,0.5254775991634989,0.6607033881666807,0.5029784647581953,0.6868953525346846,0.5256062780097351,0.8191344735786178,0.5346959158813269
1,103,0.7029947449127733,0.5119833194324405,0.6444850903284001,0.5136483125488557,0.8220405903601556,0.513530182642009,0.6663757266499792,0.5110391522498471,0.6844614396416557,0.5043631181821273,0.8440856293212688,0.5133766464811249
1,104,0.7132109249054701,0.5013282726864955,0.6410931180879803,0.5113269562039644,0.791122219048171,0.5859994868270855,0.6678683892393295,0.5213830093305571,0.6663511690031753,0.5038667974843831,0.8158697328819442,0.5364353177832096
1,105,0.7061005928373729,0.5053223719947648,0.6487791487795168,0.5114670823886346,0.8285511471828463,0.5381209024398907,0.6694071089972968,0.5137608887100393,0.672694788857085,0.4944652351694112,0.8388520136124932,0.5129807323185415
1,106,0.7041867559149659,0.5052366919483652,0.6477958426769905,0.5105278709032784,0.8264833409232336,0.5358317456738728,0.6686937956616502,0.5127861645393029,0.6716068698852152,0.4957966421572775,0.8369904774872104,0.5124487476570078
1,107,0.7021586053952664,0.5048629354403206,0.6486164179163426,0.5096530257799948,0.8233161840517351,0.5359774442214708,0.6673657134060904,0.5120995324095133,0.668008188513134,0.49607101538636317,0.8352392020034285,0.5114450631639746
1,108,0.7074087529266501,0.5045060447033726,0.6525088683400421,0.508839849798536,0.819531846479855,0.5355515490155531,0.6663769738598492,0.5112054025604053,0.6695176839202087,0.4963374621103732,0.8432869547191311,0.5111236855593817
1,109,0.7013262224550003,0.5035216249944412,0.6536180776241516,0.5030234483287451,0.8616513487229431,0.5394448440052214,0.67000402779179,0.5107947260037454,0.6722824630706145,0.4965947042155386,0.8505104725223473,0.5102333248713915
1,110,0.7035112089801986,0.5041280759500772,0.65894993211243,0.526137333629617,0.8120169155424308,0.5316174825320208,0.6672311378647814,0.5101442621922406,0.6750968673170146,0.49684169595157784,0.8568252008176417,0.5094025062810623
1,111,0.7042472438217475,0.5038138884054708,0.6588495744061635,0.5267474437050496,0.8122583641439892,0.5295035008747652,0.6665018005682952,0.5093559161320677,0.6833579525889664,0.49707762164310904,0.8624844243991328,0.5086285950402187
1,112,0.7042887221922692,0.5041758532067263,0.6574189662399331,0.5249083903562104,0.8126082904615727,0.5274730958550619,0.6637200861906859,0.5093098017800287,0.6890898658753734,0.4973018867107792,0.8582098890546657,0.5088718552824466
1,113,0.7035876738443123,0.5038617090917263,0.660087408238154,0.5231410909342357,0.812613274839496,0.5261274017414649,0.6551012938484835,0.5189422260809546,0.6877876177563521,0.49733851679369506,0.8504080329935202,0.5091230456337883
1,114,0.7034916279440085,0.5035647756345989,0.6584140319218366,0.521450494438356,0.8123367422651927,0.525433151226116,0.6531755954805026,0.5078862028866434,0.7008354592657724,0.4984486556242915,0.8597526520371065,0.5178696602422972
1,115,0.7039269284559609,0.5032849955866296,0.6529172612718942,0.5198403538669529,0.8122545567931116,0.5236598630715016,0.6458442685845744,0.5176556379339035,0.697691243190365,0.49851186030597566,0.8621117088350928,0.5187249642633012
1,116,0.704551332126685,0.5033553859925428,0.6555563782541264,0.5183132552724928,0.8226422070751772,0.523384090995053,0.6465692166582959,0.5151362377339942,0.6998101820861636,0.4986631651373377,0.872970579792906,0.5273427819811022
1,117,0.7063520024025309,0.5030926575254555,0.6522614852794616,0.5168706773684847,0.8321098769612068,0.5217916215732815,0.6510298987436226,0.5069258369991151,0.7068980993554035,0.5082526935452564,0.8731168353456081,0.5240980085354351
1,118,0.7082099513285807,0.5028458413029296,0.6471817108860962,0.5155130754062378,0.8405083911040491,0.5218432547828172,0.6522647806936642,0.5063463378345917,0.7130072454739032,0.5077237278244705,0.8682153718620658,0.5223157968078348
1,119,0.7060297761912785,0.5026146243899456,0.6428622928513963,0.5142399827477856,0.8373911522184282,0.5209136672078728,0.6543748618748421,0.5058075752704478,0.7155289949493242,0.5072086563031671,0.8633810146819332,0.5206270690800133
1,120,0.7053648292087912,0.502398605966733,0.6438473830077462,0.5130501237389163,0.8345704380321342,0.5203005952847434,0.6547572148650548,0.5056784651267395,0.7162525699612972,0.5075819942665531,0.8684568828999173,0.5197723700012027
1,121,0.7019187422478773,0.5021973100280837,0.6437968592244918,0.5119415320278712,0.8316399215003989,0.5205559926034805,0.6551083761715613,0.5058856018529438,0.7153107017474687,0.507054201276771,0.8682891013867481,0.51823892614197
1,122,0.694398962154748,0.502010198070193,0.6447034970559171,0.5109116692652688,0.8293319580042402,0.5196717942951714,0.6587238637409056,0.5054012485987444,0.7160080134692601,0.5065468020905468,0.8632204514580374,0.518255883487831
1,123,0.6960101390233525,0.5018366815108788,0.6429074847997347,0.5099575400477484,0.827472880048466,0.5184531871243606,0.6567217199124304,0.5141779431409964,0.7135035655227211,0.5001669714526789,0.8636538953915381,0.5179539845278074
1,124,0.6968476548030634,0.5016761336114204,0.6406800415480314,0.509075799935039,0.8257715327015525,0.5172862810077479,0.6522696145788739,0.5049704290930711,0.721879949790524,0.5131118904829295,0.8679612894547897,0.5163122703132552
1,125,0.6977699626870332,0.5018187633710317,0.636538689124278,0.5082628543015918,0.8240927022104619,0.5161701087133684,0.6513682307501524,0.5045521049510439,0.7186177503541995,0.5123395346146702,0.8678280215869971,0.5150188477366799
1,126,0.69836533424107,0.5016705425132023,0.6359443856204323,0.5075149466260621,0.8223225689435071,0.5165147219204193,0.6484974573908657,0.5242060731267283,0.7062886398036733,0.5019341233198128,0.8641496792064318,0.5166985769856033
1,127,0.6970684955898453,0.501853626988861,0.6342249980472829,0.5068282355424659,0.8207893820360351,0.5155045897584388,0.6521550282979574,0.5049341309541479,0.7105143509046712,0.5159424214484104,0.8661545901252845,0.5050647099422476
1,128,0.6958796537484421,0.5017103575460472,0.6329695782569488,0.506198860561593,0.8298919670268393,0.515251419160313,0.6488707251027817,0.5046699273226055,0.705829775811685,0.5151183958650601,0.8711884850545802,0.5045977738168518
1,129,0.6984459367148051,0.5019374614154153,0.6358810066141541,0.5056229968200417,0.8279481571193863,0.5143280809129628,0.650263191829729,0.5043129064480609,0.7022163236137804,0.5142955189685161,0.8756206562252924,0.5052154396452385
1,130,0.7013819394932355,0.5017913699838661,0.636287207778239,0.5050968995366703,0.8365121444055509,0.5140354180830624,0.6551273124376857,0.5039787517969903,0.7041579248084859,0.5134789256788367,0.8795300784345136,0.5051364836558659
1,131,0.6973517079670769,0.5109219553999782,0.6352394030409306,0.5004046915649908,0.8397389513198834,0.5161144697801171,0.655660819592277,0.5036664018156296,0.7066389910297091,0.5140611007812652,0.8828134220041113,0.5054777613602128
1,132,0.7018372819339591,0.501523794542603,0.6387581994073473,0.5258728539340074,0.850077924263695,0.5130105736634532,0.6559455655177396,0.5033748176822034,0.7084506026289664,0.513213952596774,0.8766248248345783,0.5039971686292493
1,133,0.7017073909672219,0.5020569901416913,0.6331264019250741,0.5241402884735673,0.8459161432715485,0.5128146144010597,0.6583502445962258,0.5032401790543806,0.7037415561683757,0.5123838828460546,0.8706758047319029,0.5036830331412364
1,134,0.6978977583067277,0.502550861956231,0.6335447659498199,0.5248499738767213,0.8525244762073315,0.5120787624395888,0.6582763602116055,0.5030893611855735,0.7027665877482346,0.5115751649087948,0.8612037233092202,0.5033922788834019
1,135,0.6985323945491593,0.5023772817366704,0.6336845072462842,0.5230812394605955,0.8589234895655462,0.5113674257809985,0.6579386224553672,0.5032640566567544,0.6988254018648887,0.5107915366957198,0.8524052420325123,0.5039006694889405
1,136,0.7048865526057472,0.5022110852634604,0.6386654024809237,0.5213899790612927,0.8642827848962396,0.5112462460165416,0.6577690327564364,0.503110644481187,0.6974373003488864,0.5100361692655294,0.8446043437598262,0.5025381158703065
1,137,0.7064561338082931,0.5020524668464534,0.6418092729453204,0.5197798709407994,0.8585736855997579,0.510594127199408,0.6555909691631417,0.5028846884759112,0.6961101564473964,0.5093116535692932,0.8419378601348856,0.5029761823147805
1,138,0.7082718547934163,0.5019015659386792,0.6450722259432405,0.5182534194621213,0.853273278224614,0.5122683256172071,0.65615787719981,0.5037780671910245,0.6948069296072664,0.5112286613277258,0.8394842769571482,0.5038054607120186
1,139,0.7097869013954985,0.5017584645735903,0.6500785226353594,0.5168120181817442,0.8484719278078087,0.5119864316068209,0.656472585865425,0.5039480495410892,0.6938423470012969,0.5112924478341311,0.8420974286713536,0.5045850083847532
1,140,0.709546139366863,0.501623186752419,0.6469900864773682,0.5154560368575116,0.8340031074507388,0.5113333030843855,0.6545727646753595,0.5036712732698705,0.6947094367331469,0.5115128281184218,0.8445341810700577,0.5059785876821162
1,141,0.7052930086791758,0.5014956996109028,0.6481223114808169,0.5141849256830662,0.8207879177368967,0.5118947237330163,0.6545826015612725,0.503408227585043,0.6916491330879887,0.5106594927986106,0.8513130523249534,0.5055763928111762
1,142,0.7037063842228907,0.501950310804653,0.6453934807128336,0.5129973302908621,0.8089036711016716,0.513629878999198,0.6506921874832126,0.508466609109155,0.6893718903170609,0.5114233906004794,0.8677673455171055,0.5058545426191607
1,143,0.7037972709090379,0.5018145807829515,0.6465290153340618,0.5118912116551909,0.8086169164540112,0.5133209449566437,0.6509222051160667,0.513611217608272,0.6969055295091464,0.5191026212685206,0.8585182400007425,0.5067197328057196
1,144,0.7082233298219869,0.5019745406503052,0.6495783879860059,0.5108639658552906,0.797754424385813,0.5129517566112982,0.6549948674166352,0.5033381974619068,0.7039011406459559,0.5270317518004001,0.866421143937418,0.5066096373382243
1,145,0.7099998948962801,0.501839850733119,0.6506073988564874,0.511775681715189,0.777102609666429,0.5135983452321361,0.6550585020668344,0.5031116984908897,0.703779649772305,0.5250620841084999,0.871532006827658,0.5061638904459289
1,146,0.7095864157270402,0.5018993654058092,0.6515255893897539,0.513184550284694,0.7690599429391172,0.5140945414861929,0.65564973724239,0.5139127537416114,0.7022256137367305,0.5247554364624862,0.8678053092580297,0.5062975225946126
1,147,0.709165459555795,0.5017737744979077,0.6523853088560494,0.5121153316643431,0.7620935869053562,0.5136917771567135,0.6493451184373298,0.5034593597792562,0.716343913355138,0.5431138519669653,0.8534149136106555,0.5150569895665233
1,148,0.7053932097565778,0.5003547199325252,0.6517041791691309,0.512969688428078,0.8072611762513627,0.5173343550403573,0.6533096580453901,0.49970916010994676,0.7129305083341239,0.5202739582955479,0.8784791904097204,0.5151594940009516
1,149,0.7124084075454686,0.5015378019792437,0.6547374236001469,0.5101867324520748,0.744374006246835,0.49305328499827944,0.6510677428595946,0.5102864061562673,0.7104166794286131,0.5117448483512304,0.875557703848384,0.515050011078897
1,150,0.7138525452196988,0.5014276949010512,0.6571428845833437,0.5093222242929503,0.7514127695400326,0.4937133810864583,0.6453162358684275,0.5104831198556296,0.7125845999302446,0.5224996243298743,0.8736594885002363,0.5144932769289209
1,151,0.6708555973235766,0.5115304312923944,0.6553749894666375,0.5041069669298238,0.7322321555189459,0.4944357251781791,0.619093679939565,0.5004337995444994,0.7188631209344938,0.5127434250353643,0.8744021564529185,0.513168204682127
1,152,0.638901972151706,0.5012236542150983,0.6631556591030598,0.4859750408678568,0.7619341231009524,0.49644367685206797,0.593231527605906,0.5004417072505374,0.7192248010990102,0.5126626955183109,0.8736175282788935,0.5125968611548591
1,153,0.6071937709784813,0.5011297731631416,0.6667675186518977,0.48684734951142417,0.7670376924984573,0.4969856910891144,0.5698151475950788,0.5008641382367864,0.7200828650686744,0.5117663542117223,0.8728316809601809,0.5117205279163293
1,154,0.5800696153546546,0.5010412907694052,0.6719357803172966,0.4876997384810868,0.7712315886817768,0.49802153800174837,0.5488285206493834,0.5008378405537885,0.7178269419544612,0.5114152663725868,0.8770462441035953,0.5111638314661848
1,155,0.5538555603015299,0.5009581416763936,0.6706072463718089,0.4885277390437538,0.7858127911671389,0.49847587253646486,0.5308378104397505,0.5010864562064977,0.7176938851459558,0.5120619599208711,0.8806652721788965,0.5109267692594476
1,156,0.5303359974798105,0.5012836013692541,0.6711643231528933,0.489327521431307,0.798846724050622,0.4988792912475102,0.5133309266134456,0.5111136565605643,0.7073713809740032,0.5109204349956943,0.8788705844489014,0.5103013770637205
1,157,0.528612835840124,0.5014031764798125,0.6715695312122858,0.4900959205553632,0.7998877758884125,0.49977452283205703,0.5106252300165791,0.5108344948954868,0.7049682545010568,0.508722136351106,0.8544237828529118,0.5208505859317017
1,158,0.5363924480478828,0.5013054286426647,0.6722535907137984,0.49083043831545087,0.8007730650485451,0.5005209556276331,0.5082757390914412,0.5143873809555405,0.6941069023901623,0.5075210605426389,0.8764844810580203,0.5196510591933524
1,159,0.545523665960327,0.5012123146506026,0.6692147532943226,0.4915292253856417,0.8012504287866119,0.5032408637965788,0.5115625464255145,0.5053615028245767,0.6958118719885281,0.500019498316173,0.873557898388978,0.526673416085411
1,160,0.5494985186420751,0.5113728482482479,0.6656283320775409,0.5046450148583711,0.7838781608847336,0.5039314146115003,0.522990071517695,0.51544781626844,0.690076681591149,0.5009991547606726,0.8652879604414371,0.5263448254408728
1,161,0.5637494418263139,0.5010400412290884,0.6631557556171144,0.5162846890461132,0.8122488832973976,0.5045218302012694,0.535243115721266,0.5046852324690793,0.6911794918775361,0.5103027209604466,0.8724517708234245,0.5241433822600668
1,162,0.5734111832501753,0.5110546047174105,0.6534744725785611,0.5039470783340935,0.8088509981670334,0.5068302541605714,0.5454318391519503,0.50436311149042,0.6935753072931881,0.5106087659369689,0.8715934462928072,0.5226344983347426
1,163,0.5833821556423796,0.5008862130720351,0.6562968039766816,0.5290348851536414,0.8305119219953524,0.5058117274376104,0.5547727913659134,0.5040533711314175,0.6903841699390527,0.5103498104027626,0.8709112700049378,0.5229181745072795
1,164,0.5929216324156563,0.5008160665443689,0.6547956404168818,0.525083191687295,0.8388905708184504,0.5057272469458305,0.5628708649561974,0.5040467942300463,0.692107755520296,0.5116319936545303,0.8707535270975751,0.5220512881414257
1,165,0.6014592647328441,0.5070331635373329,0.6523355112381477,0.5276246267139079,0.8625782198162989,0.5018413962871159,0.5688387066463717,0.5142644545388111,0.6904148195035363,0.5104245718046514,0.8675312755447486,0.5211435302736246
1,166,0.6137883076163891,0.5006888200883304,0.6562247428918196,0.5222949861237642,0.8510021553066373,0.5268825014232438,0.5766971580043966,0.5034739579455995,0.6957398571694611,0.5203711371078121,0.8648541057854412,0.5187988136665482
1,167,0.6213127578683277,0.5006314682673104,0.6565222996164387,0.5209389310483489,0.8362681933889774,0.525226099092683,0.5824162575392464,0.5134587750827461,0.6964134713987539,0.520153504519777,0.8570750610011261,0.5184678121997103
1,168,0.6288470148431811,0.5005781031582569,0.6617050004628295,0.5196159597617926,0.8222163047728512,0.5236062032727816,0.5920024317175324,0.5029579470457739,0.7044434707635968,0.5174867574285554,0.8602170537840255,0.5252955499647601
1,169,0.635598810428173,0.5005285630126459,0.6628568044875917,0.5183312793410262,0.8210635457785995,0.523305967603879,0.6002396800316739,0.5029706858680931,0.7082988591746081,0.5169239532071599,0.8560928602026979,0.5237276199207641
1,170,0.6442577206228438,0.5004826762663843,0.6643041969502158,0.517089516173344,0.8199702166829456,0.521753136713259,0.6079356069895151,0.5027421404182697,0.7078557815261485,0.5156264955790737,0.8525296169281089,0.522741707475298
1,171,0.6503255012901591,0.5008160794948775,0.6637252892316753,0.5158946457290935,0.8186586682357228,0.5226323141994522,0.6138361972801804,0.502956729381799,0.7073835295710965,0.5144013333806231,0.8446616612016046,0.5212687542212859
1,172,0.6577854455358491,0.5007548743387118,0.6597279871721045,0.5147499465081334,0.8286114458670125,0.5210278777219748,0.6186402992830743,0.5031165097718777,0.705235215022076,0.513248495185686,0.8377423947371411,0.5196054558143732
1,173,0.6626432458538626,0.5010194828015835,0.6622973878537048,0.5136579783020928,0.8375377819587536,0.5194929422551978,0.6197136457788189,0.5033147234023264,0.7126064947123673,0.5121673252633467,0.8217225156636853,0.5180455436331239
1,174,0.6672502316040794,0.5009496842859138,0.6619366266297333,0.5126205835345657,0.8455469496699334,0.5180310991161768,0.6216000787992434,0.5030580632568353,0.7141781334445644,0.5118096584268571,0.8070601512734631,0.5165862491404486
1,175,0.6709259752537035,0.501083936793071,0.6615283590774191,0.5116389093051803,0.852571258552137,0.5179065482806606,0.6235959268981596,0.5028163866010776,0.7152302917041479,0.5108450686405906,0.7987505680735097,0.5163664998508387
1,176,0.6743622568675397,0.5010166686708505,0.6613613431884491,0.5107134469376328,0.848027470268553,0.51738429249019,0.6179564655081377,0.5131337764994003,0.7089013599973775,0.5106078326597555,0.7835782304304988,0.5165609337579985
1,177,0.6792926110679713,0.5013626414244804,0.6609603216932216,0.5098440853402021,0.8442471018717261,0.5161179321288597,0.619241816679051,0.5023771553187224,0.7153673909720999,0.5184819017102644,0.7896426139424371,0.5143067223404788
1,178,0.681808844714234,0.5012726823363644,0.6628281645701424,0.5114111014901285,0.8513397545585076,0.514919173756721,0.6218354317823698,0.5021789444453146,0.7167514487528436,0.5170572150745447,0.8020195762860808,0.5139928225878372
1,179,0.6842604021382421,0.5014199262695328,0.66403475225288,0.5104873214196798,0.8579307357042776,0.5137875881314189,0.6190840471423942,0.5047301909957619,0.7085342180182845,0.5165061434259692,0.8175826435257274,0.5133700922175058
1,180,0.6844625167923635,0.501330674020192,0.6652244705496253,0.5117202542942986,0.8637249766753883,0.5127222477133528,0.6237012330913534,0.5020901838187868,0.7091124560421298,0.5162409991260946,0.8031903492076616,0.5221054356289597
1,181,0.6829087084389949,0.5115559890744252,0.6639818395234103,0.5051068748523837,0.861613163645064,0.5136754426795763,0.6206728468910956,0.5021618085847086,0.7142070109908623,0.5359555768207924,0.7872961192159696,0.5199569992436386
1,182,0.68521467547789,0.5011605219033218,0.6692785807175291,0.527663434280863,0.8621047441709748,0.5107845810279135,0.6316636192569601,0.4988363277303006,0.7074143149728872,0.5146706258630617,0.8066701675524028,0.5194435311975839
1,183,0.6815566731849473,0.5012695937006626,0.6717734489307092,0.525869156756729,0.8565717687067853,0.5129215381565622,0.6341939039750509,0.4992622802330216,0.7075403372421366,0.5134900237417952,0.8127433403337556,0.5179498150060702
1,184,0.6818828068331875,0.5011901303196533,0.674328379203413,0.5241315957460726,0.8411731760101019,0.511983190634082,0.6304060317294112,0.4993073233113254,0.7127330738302768,0.53458850840925,0.79974785533088,0.5164967573519496
1,185,0.6765386991416444,0.5011132474539146,0.6768310045097027,0.5224568906986774,0.8268885266493733,0.5118577348207493,0.6350387955269537,0.5033359551957054,0.7081552414947978,0.5113534380760885,0.8235796719041166,0.5169748916870758
1,186,0.6733953637217994,0.5099591407133447,0.6742316854449263,0.5226832906435527,0.807235672421884,0.5103031507298351,0.6339221098647855,0.5035110171097752,0.7096546530630313,0.5103931196690131,0.8280228414047429,0.5161177023114819
1,187,0.6788615040976405,0.5012428599129458,0.6798828375871397,0.5193154473150369,0.8015159741720493,0.5316656335724658,0.6324061895312607,0.5032828102938606,0.7089436474244967,0.5095013337989919,0.8367035954458392,0.5148532107344732
1,188,0.6783143980505727,0.5011647358802308,0.6813585908498137,0.517855762370858,0.7913348921561544,0.5294435191562061,0.6269090938117229,0.5028616395957528,0.7159031827141189,0.5252734805195322,0.8203540651728198,0.5128633651210961
1,189,0.6794496708701526,0.5010889399271571,0.6828441595820638,0.5164730724024696,0.7932312504987019,0.527321472581895,0.6312849708129384,0.49890343791396524,0.7129556191511626,0.5079115182550629,0.8474761481774292,0.5125578641843397
1,190,0.678635466711243,0.5010157079174281,0.6839391211874496,0.5151683795214438,0.8055040560061063,0.5276607115097827,0.6323622279947847,0.4989728431690116,0.7139057976818229,0.5072071580998815,0.8540360756720631,0.5121986845202727
1,191,0.6862146296939137,0.5009452457798216,0.6886339455086982,0.5139417944309359,0.8165544663399741,0.5271917796107582,0.6367589014075361,0.4999050357616551,0.7130255821631927,0.5075517687182097,0.8553773317583987,0.5118293688569616
1,192,0.6865327245636957,0.5015262367500378,0.6854970903186081,0.5127926287808706,0.8148860301206391,0.5271044432493075,0.6407115472070662,0.5003968490250896,0.7160673140165723,0.5079301310388317,0.8566149157674341,0.5108873550629588
1,193,0.6888458765620905,0.5014274426988794,0.6828707415771098,0.5117194966217676,0.8138443823547349,0.5251684557860347,0.644395215757684,0.5006325479922654,0.7209014953797274,0.506177560005521,0.8573073759289178,0.5108291716267017
1,194,0.6869056131414403,0.5013320175854182,0.6828935922915541,0.5107204199133942,0.8242672005938807,0.5233301341595581,0.6473501823810888,0.5008099253068465,0.7267501312672473,0.5158261066315554,0.8339267835352916,0.5103056454676987
1,195,0.6853328880040529,0.5012402171809663,0.6810160593069458,0.5121249807456751,0.8226120246865218,0.5215894394131901,0.6500095217990033,0.5053917243752575,0.7273844911899566,0.5069251319977672,0.8453839571484674,0.5091596711347167
1,196,0.6876794453144288,0.501152252868908,0.6787923602552987,0.5111093336893296,0.8213975118443039,0.5199456866378621,0.6527297777973778,0.5052710655237829,0.7290797253117175,0.5063482702750316,0.8380055814276923,0.5094143978057003
1,197,0.6896443499787666,0.5010682901515039,0.6790978842617234,0.5101647365984008,0.8201429226762454,0.5193533364738062,0.6494167492678367,0.5113103922959413,0.7321561335798956,0.5187374586128765,0.8215303040783547,0.5100343144091276
1,198,0.6926000896364929,0.5013927751959911,0.6785364919182882,0.509288404872407,0.8190083516041172,0.5189208161928452,0.6562911953875107,0.5077439621993869,0.7319418474478,0.5146918984962593,0.8436028076216838,0.5085168648940409
1,199,0.6939976140904783,0.5012910493429411,0.6818883925189126,0.5084773077596169,0.8181206202345195,0.5175345908690544,0.6564883227646449,0.5079921951739439,0.7292193388684228,0.5135841626337523,0.8507403800240393,0.5078305882451203
1,200,0.6899782623687296,0.5118556202679846,0.6786912192852342,0.5028154029223972,0.8133248082175227,0.5189318931036934,0.6590933824389894,0.5075448621766747,0.7285550925091314,0.5142164654311531,0.8569762268933462,0.5071899977055018
1,201,0.6915476398608899,0.501408690882805,0.6846993513985112,0.5257684202917875,0.7925394742611303,0.5158708138909062,0.6645611769539694,0.5072420724837425,0.7276713528804577,0.5131376252654419,0.8346020285689617,0.5081528447817949
1,202,0.6912950399457798,0.5015670150442807,0.6897570313374091,0.5240396870696661,0.8048850859653026,0.5166146475247181,0.66590777591771,0.5068079355537948,0.7274751274474531,0.5121189753028881,0.8328156297146097,0.5087341936809316
1,203,0.690941421249571,0.5014612321388962,0.6884821052674365,0.5223736406522212,0.8049628597441139,0.5161131294380146,0.6670935846586079,0.5068175553796385,0.7271924079451765,0.5111600940061385,0.8362550637190391,0.5081057788331145
1,204,0.6929001583373722,0.5015347596091895,0.6892099893725036,0.5207752390595421,0.7945105923835778,0.5173144639331692,0.666017887727637,0.5065951521007044,0.7245582587434624,0.5102601577919174,0.8438557889840206,0.5086844713335489
1,205,0.6948081476385284,0.5014359874390419,0.6896678849095313,0.5192484226915701,0.7852334100443665,0.5160980257107257,0.6671373883283415,0.5061609066042702,0.7223789067741032,0.5099490963815804,0.8321317571204839,0.5080815597674272
1,206,0.6921625648677961,0.5013408330083927,0.6885000734599233,0.5177961105597427,0.7659876105544863,0.5155841578112621,0.6680222283633437,0.5057412923232153,0.7204901081179633,0.5091519020052531,0.8357079923749581,0.5075078115502226
1,207,0.6895788428136832,0.5015137369042633,0.6913588004492819,0.5164202266072253,0.7595958935128655,0.5144990507424207,0.6689753765940925,0.5053377481814486,0.7190405840486725,0.5084067697957487,0.8339531645282903,0.5069630577105423
1,208,0.687067514179708,0.5116921375180812,0.6875849455784648,0.5041308125830698,0.714380858078809,0.5172936760937824,0.6696049279747832,0.5049514280244801,0.7154421708453721,0.507711910966307,0.8325410808297695,0.5064470537216982
1,209,0.6525749950352246,0.5015011934746295,0.6910938376877059,0.4941151990223746,0.7482416932205236,0.5138120824986477,0.6364397109277105,0.5045832052343315,0.715744340366522,0.5070653736285579,0.8263204748648151,0.506590028140281
1,210,0.6194529733178784,0.5014099054586264,0.6881288658470035,0.4944056334317164,0.7541231226983357,0.5128497569768022,0.6029051732285117,0.518538332027078,0.7025662113854786,0.5074395531245147,0.8151462486383203,0.5072244257178714
1,211,0.5893154088792703,0.5013212987995922,0.687100041350622,0.4947004022766525,0.7369533846850079,0.5129403755776774,0.5823243588403789,0.5039032170166833,0.7036887668244362,0.4973459528026066,0.8109940608431913,0.5159678738045455
1,212,0.577825045251967,0.5012355859022021,0.6864909131208135,0.4970719121280433,0.7549753072939385,0.5120634119773473,0.568283134345319,0.5035919251217073,0.6996465478540836,0.4979061514173472,0.8120143705856544,0.5148277361458174
1,213,0.57220597590675,0.5011529583512284,0.6908515132116643,0.49724659066600096,0.7602705574736291,0.5121106299892615,0.5633277958120441,0.50361133412096,0.6957396134826568,0.4990274025076812,0.8130121972546912,0.5137399467856196
1,214,0.5719373552864333,0.5010735831136929,0.6895507629241501,0.49741881218470635,0.7651248153721102,0.51311099379712,0.5567910495646868,0.5108842709549625,0.6972475595894361,0.5181363457325223,0.807049189438642,0.5065482567268783
1,215,0.5738315951545437,0.5009975994355361,0.6842862754023438,0.49758738900259064,0.7800928040211803,0.5133117703426544,0.5690898498095622,0.5078498181112631,0.6942739565082663,0.5084561977310151,0.8215812226973985,0.5117270411614057
1,216,0.5794039172199376,0.5009251165763597,0.6824552818726718,0.4977512902212358,0.7938635589146629,0.5124849619152843,0.57306071971734,0.5125267366385037,0.6903496902062649,0.4990087783279975,0.8244446582065519,0.5117944446730525
1,217,0.5859715923341676,0.5011302536045192,0.6803639363670815,0.49790964768727314,0.8060898660967847,0.5127353312326827,0.5767588831536617,0.5071352829232284,0.6974669770745942,0.5125415615161294,0.8007357404169967,0.5113058425859118
1,218,0.5978270289666858,0.5016502510441506,0.6775406369933348,0.4980617563687402,0.8063324905908484,0.5128562835776066,0.5866543535943032,0.5072499055891262,0.6936370448179952,0.5111644103861493,0.7755161193351627,0.5277334850171
1,219,0.6072331095591174,0.5017861034895491,0.6773975728898121,0.49820706983988094,0.8172307489830161,0.5127333670051967,0.5907400495039304,0.5107195383426862,0.7011175518412549,0.511190332950061,0.7860730738760467,0.5106539919868816
1,220,0.6192048439443241,0.5016801951681512,0.6774176641916808,0.4983451917382654,0.8165261074332487,0.5120019230841117,0.5971777010782832,0.5099503795982921,0.7033867576618601,0.5112921438775889,0.7658937685474912,0.5118507380019126
1,221,0.6281200026248563,0.5015768414789118,0.6757077100371466,0.49847586413656114,0.8265937668757414,0.5112897843740611,0.5959765245190516,0.5082821790049781,0.7109739984640315,0.5277712448306257,0.7537404325692808,0.5113672108751393
1,222,0.6418378742093427,0.5014763849505154,0.6731376415456941,0.4985989537704865,0.824462718461181,0.5122054318263419,0.6042448966944685,0.5045046102888899,0.7056695604955673,0.5104974598092263,0.7722864548870385,0.5110960108666986
1,223,0.609784137468198,0.5013791383954851,0.6739211023116394,0.5010947948711301,0.8332435254716847,0.5132249218680373,0.5793241953314618,0.5041325566202486,0.7079648618507254,0.5098303720507236,0.772182704533154,0.5102463083219608
1,224,0.5807737515917369,0.5019176658319052,0.6743009125746446,0.501038628017629,0.8412179248658251,0.5133529259113893,0.5579244392083769,0.5040888180955653,0.7123318451927929,0.5091817843079266,0.7768342097733802,0.5094465554571916
1,225,0.5715964366561292,0.5017945815064395,0.6722852314254844,0.5009814901530009,0.8484331714171852,0.5131263619798228,0.5439809905528342,0.5039340495110632,0.7133346003882489,0.5095958153134371,0.7762128638560825,0.5093342303731885
1,226,0.5697801401564712,0.5016756028761874,0.6731451385867467,0.5009240478582339,0.8440576889828162,0.5124860160655663,0.5493136245003021,0.5037437790800126,0.7144989414958395,0.5097713438645218,0.7804077944103668,0.5086101708792046
1,227,0.5741020749117904,0.5015610486659211,0.6738866205135681,0.500866906627815,0.8403842073544394,0.5128233808772754,0.5577869300489983,0.5041497354628967,0.7155976490273608,0.5095649930098642,0.7829851934338432,0.5083588811971512
1,228,0.575777119445847,0.5017771657958071,0.6740555076313604,0.5031769537589873,0.8263461144992325,0.5121881313004043,0.5674269518743329,0.5041482708184093,0.714690884441605,0.5088932606503062,0.7713636637812743,0.5092689431667936
1,229,0.5771975532332665,0.5020838786684519,0.6743084790403922,0.5051379064456494,0.8136216974232194,0.5139313619902328,0.573946881107275,0.5104473661591606,0.7090426186034741,0.5088074566623905,0.7615943317379404,0.5069191154004201
1,230,0.5769301172822482,0.502140015994458,0.6743125245949524,0.506123756021079,0.8238506704034319,0.5131435917310537,0.5816497878403905,0.5037408813762523,0.7164699736178008,0.49826733388295924,0.7508237068399879,0.5079460989115164
1,231,0.5840993925066505,0.5019973526074963,0.6729297299049303,0.505755387286494,0.8222364711024265,0.5123708372874668,0.5830198708442383,0.5032193740856002,0.7192692263127919,0.49979482623832283,0.7329214015315508,0.5073406857327044
1,232,0.5922615545160631,0.501860139457876,0.6678646738356154,0.5053945104315825,0.8209244858550301,0.5116158655944363,0.5881490037715297,0.5032777398423506,0.7155835151441957,0.4997912039669309,0.7359437351822851,0.5077325861911662
1,233,0.59989965926331,0.5019701974599331,0.6648410182980313,0.5050429902950898,0.8196636565280148,0.5108812810337614,0.5869695526442467,0.5055602461797291,0.717841727413959,0.5180749770081909,0.7208403701923255,0.5071337054401087
1,234,0.6064706721504406,0.501838064105184,0.6621634748357716,0.5047024405864687,0.8290383499584352,0.5101694693909361,0.6020199591137223,0.5071180425578543,0.713072143346403,0.5029857603516221,0.7247334047396842,0.5064345026106355
1,235,0.6120890919790628,0.5017111563009643,0.6633504831676879,0.5043742178136777,0.8377670634305269,0.5094825514885383,0.6045141608112012,0.5107265453971342,0.7001643227398202,0.4998088857435093,0.7349734719431222,0.5081824375827824
1,236,0.6192475988357733,0.5015897099621198,0.6646204096505194,0.5056583175335836,0.845579705947675,0.5088223476100914,0.6092831779286904,0.5100927582686323,0.6984732022211574,0.4998205577915557,0.7286078112004442,0.507594461056162
1,237,0.6269558200348373,0.5016669477910775,0.6719624647542197,0.505295336348557,0.8419029299698063,0.5096183023348247,0.6121702781380913,0.5092402525007234,0.7019165615242867,0.5093168292841344,0.7192297041758988,0.5067109679792443
1,238,0.6328856540350576,0.5015542192178527,0.6746077347823872,0.5049431880869405,0.8387065431894022,0.5089707593165017,0.6133114001326042,0.5202369144259285,0.6939312049964749,0.5062631250646304,0.7352875208697112,0.5065629744735827
1,239,0.6386551771045027,0.5017925982654956,0.6746664010060713,0.5046032438909539,0.8356952627842611,0.5083484657332147,0.621266122333451,0.511830094027152,0.7015730191159756,0.5125563836783179,0.7226328024785421,0.5064956435249235
1,240,0.6456718947526537,0.5016715390732516,0.6752232943124765,0.5042766431452707,0.8436846905676167,0.5087921190246462,0.6248742546699774,0.5113316493414523,0.6996720057011427,0.5116568199000612,0.7319355680298476,0.5060153571820718
1,241,0.649870170255757,0.5015553414463713,0.6774811549454233,0.5039642923302934,0.8188228898018733,0.5082115780610938,0.6242185519185964,0.5096175328368308,0.706086920684179,0.5315484001960894,0.70179426513988,0.5059011644358026
1,242,0.6538005337653189,0.501444216362982,0.679722311037941,0.5036668696001847,0.817778122759988,0.5076541273346358,0.630540118443622,0.5126045696222641,0.7007440390290769,0.5113630258531814,0.717061935494652,0.505626655945829
1,243,0.6557691412267138,0.501338323923163,0.6793670821214967,0.5033848344741622,0.8276933821576514,0.5071205586682824,0.6329178025532581,0.5114608564299039,0.6984869471037707,0.5108684704984988,0.7170588842434014,0.5069844181553271
1,244,0.6568945868686954,0.5012377729630584,0.6790689076617528,0.5031184418355401,0.8366115452793565,0.5066114671031358,0.6343578362170262,0.5110126155465423,0.7014735953152611,0.5100808585552101,0.7223506510950961,0.5074674730364529
1,245,0.6597460239352702,0.5011426219337619,0.6812826262174596,0.5028677593125248,0.8446335518605481,0.5061272517175393,0.6367108100138411,0.510212871287882,0.704033314778014,0.5093342769023488,0.7271990686095788,0.5069359778087346
1,246,0.6621950024348938,0.501325743791971,0.6828168955354074,0.5026326870674519,0.8517036589181498,0.5075233549679208,0.6372296184361526,0.5098924003807975,0.7058473600636991,0.5086285805210713,0.7367360035313891,0.5069823058078418
1,247,0.6647973278281858,0.5014787915468797,0.6803029380394771,0.5040678815003998,0.7830649464943209,0.5069972198486016,0.639548652175508,0.5094840681673279,0.7074603400099635,0.5079633564791608,0.6788964061532929,0.5064884004376795
1,248,0.6649409504641911,0.5017160261187344,0.6784366179691217,0.5037945616460032,0.7211262157866235,0.5064942287500644,0.6417188964223581,0.5092136271920849,0.709206626983542,0.5073379488636541,0.6271228459977518,0.5060178707000634
1,249,0.6651293290652651,0.501606204038468,0.6724655692347714,0.5054926352902768,0.6976608829409451,0.5060151223053638,0.6397404737939681,0.5085137703907566,0.7082980686256123,0.5067514858673293,0.5995949159798238,0.5055710041408344
1,250,0.6689542678602569,0.5014998538702086,0.6686889268342248,0.505136120999928,0.6550518669760667,0.5096108926932771,0.6400290132123534,0.5078544863616415,0.7057878620740655,0.5062029080021099,0.5933759169422085,0.5058681872572275
1,251,0.6691843451386237,0.5016161885875489,0.6655428335699819,0.504790736720042,0.6273074171545051,0.5113892231222741,0.643665769144922,0.5072350545661254,0.7106278603245966,0.5056909965511244,0.592681015806667,0.5068499158447285
1,252,0.6704694220271421,0.5015130156704506,0.666731552311337,0.5044577600714907,0.6132796021513583,0.5107024079176918,0.6495148763860935,0.5069489761057405,0.7096198029319091,0.5052144015303008,0.6053105711467399,0.5074133805671712
1,253,0.6666791864917212,0.507178753213583,0.6615933425232645,0.5052174753701862,0.5912256203574273,0.511704609285801,0.6485974455787593,0.5065757220647943,0.7019167859179357,0.5047002600345258,0.6155870375841528,0.5073493728760342
1,254,0.6618579614071828,0.500846357423743,0.6684177104864543,0.5071900900723804,0.6255219127234075,0.5359459205978722,0.6512537063992871,0.5068217696835987,0.7048018344765069,0.5137149089965672,0.6033750292126334,0.5071700577882648
1,255,0.664157010476653,0.5012245871759269,0.6694608681504842,0.5269657490333922,0.6077435920522627,0.5287042591729456,0.643342060002117,0.5046360175470376,0.7058924449405093,0.534813185869794,0.6035372785225998,0.5075681288320479
1,256,0.6643250357915651,0.5011362682745243,0.6651584338657155,0.52745093840825,0.6153138638020571,0.5276940939333938,0.6463164607053571,0.5095370127954306,0.7010246845467324,0.5127322120397535,0.6165105909564159,0.5066231877365868
1,257,0.6627976187893097,0.5012607937876468,0.6668656602261555,0.525470941198612,0.6438179887866395,0.52804042597066,0.6455191825315968,0.5088959683379501,0.7014112375362593,0.5117503555606011,0.6214514292706309,0.5068229748239197
1,258,0.6650960389198709,0.5011770995786521,0.6674919733397008,0.5235816485749579,0.6591549752043464,0.5261215189580982,0.644363614069884,0.5082815364840773,0.7022206794412533,0.5108246124205219,0.6272119490307752,0.5063517407300295
1,259,0.662933820269985,0.5070858543342721,0.668553133383854,0.5239768390090117,0.6628396033369948,0.5112355905282192,0.6500975959377063,0.5076943893687779,0.7019171439725455,0.5109960002364513,0.6369009741445726,0.5059013428844237
1,260,0.6673882001245031,0.5011707451721242,0.6735750350082075,0.5200879518150094,0.6834178944747309,0.5402745111917682,0.6517350517552529,0.5073376311675667,0.7019996076941585,0.5101090916289436,0.6548042945387534,0.507294886119448
1,261,0.6657996678510535,0.501530289265428,0.673836899984649,0.518486768552177,0.6959651790466994,0.538798515786041,0.6547080185723771,0.5068033391827198,0.7042886148328382,0.5092787034420669,0.6657871621976036,0.5057428661679252
1,262,0.6669224933375679,0.5014460786236768,0.6783498662328888,0.5169829268800039,0.7168996516778846,0.5364667279404749,0.6532811319588308,0.5122366121250633,0.7017642352440726,0.5083033938826317,0.6676040375739384,0.5047126087563272
1,263,0.6679431072561381,0.5013635696457543,0.6777500760617224,0.5174937162358796,0.7259409447382462,0.5341864902440275,0.6588850535999381,0.5058167285563766,0.7103991546407223,0.5077818449599534,0.6806972569090218,0.5152715469910419
1,264,0.6663346378924851,0.501282985954038,0.6777186222274811,0.5160804669023177,0.7333364479331831,0.5319678717225315,0.6608159003265975,0.5053643204377476,0.7097596210763468,0.5081363935821586,0.6854277903320803,0.5153222456274317
1,265,0.6667929750020176,0.5012045424514592,0.6780130848982362,0.5147578198291491,0.7412037459492028,0.5312881365738257,0.6580817690411036,0.5049388300676128,0.7082426662843275,0.507446512955558,0.6897540846534584,0.5142551689111738
1,266,0.6670157727343484,0.5013652688401685,0.6759049333452343,0.5135235966840387,0.7480520068766692,0.5291693139524978,0.6554266959438838,0.5048972876703991,0.709358579260845,0.5259598619886809,0.7004459083793515,0.5180452904249727
1,267,0.6666506445813863,0.5055042892946388,0.6699063516663734,0.5040767185686379,0.7808401371695358,0.5329890600675613,0.6574484282083127,0.5108949418975672,0.704382604000854,0.5065424618830887,0.7321974055408133,0.5136721375364964
1,268,0.6724723815147169,0.501207388650095,0.672499450736208,0.5288317419895235,0.7764415860112716,0.527882978097959,0.6617410754741802,0.5082945622537972,0.7093845220433765,0.5056657159007749,0.7356817538456711,0.5212738602579943
1,269,0.6704779336231872,0.5013067800750909,0.6734155959175379,0.5269113390605192,0.7800083004456427,0.5268917339423674,0.6562649408920475,0.5048994309453215,0.7128956051475058,0.5252534807561818,0.7422081758514433,0.5225677849872868
1,270,0.6683790758023537,0.5013530734119228,0.6739387162541851,0.5250598570677614,0.7831417116794306,0.5250191624805739,0.6514733297689596,0.5080100539363515,0.7177414273204228,0.528105361861299,0.7503098673482449,0.5182372570343147
1,271,0.669053504835854,0.5012806698499773,0.6703833573310215,0.5248622440811168,0.7960099359899594,0.5265203472039212,0.6551397630951967,0.5054894254737661,0.714037224468818,0.504269233336366,0.7622440728794173,0.5168662533976385
1,272,0.6692256272911296,0.5012094449677279,0.6697363585983388,0.5252337708966194,0.7962318721916202,0.5258097707995928,0.657355305533031,0.5051675861625167,0.7151159794264426,0.5048127219220372,0.7678052602754415,0.5164953867527015
1,273,0.6710503363375149,0.501139620602998,0.6723347184691123,0.5234240567334286,0.8081561209514244,0.5247130645486132,0.6538032212258718,0.5133266930065771,0.7105568055481586,0.5046905717678931,0.7640279330800671,0.5166736036215921
1,274,0.6725059716580495,0.5016241688206144,0.6781746750387093,0.5229441106822029,0.8080820237522423,0.5230887433898602,0.6595766200183907,0.5046694907410025,0.7136332672038801,0.5163712456726633,0.7479461496655421,0.5380284877749602
1,275,0.6743223507239972,0.5017847496606486,0.6741654575347406,0.5212740449291987,0.8192596816497275,0.521532255998126,0.6592763489664527,0.5086354325520707,0.7177925565128549,0.5123897009831584,0.7595422432420232,0.5147128260155593
1,276,0.676128242938069,0.5017894741342975,0.6716612887386336,0.5196860773806279,0.8185276515647659,0.52004480087441,0.6577744745966259,0.5084846273025239,0.7212536574917748,0.5120515704884218,0.7610498447635188,0.5135636893607454
1,277,0.6787763249352077,0.5016928755724229,0.6701607169761161,0.51818170514097,0.8282059258662551,0.5198186751026573,0.6556273062375647,0.5088957904076207,0.7204362618566437,0.5111401486457191,0.7482904188039315,0.5132146657514197
1,278,0.6761024090020583,0.5015979164167206,0.6708296217818965,0.5167615275267508,0.8260898793347435,0.5184472879197308,0.6565479514744462,0.5084813849704988,0.7149932558384318,0.5102794177941244,0.7552717019835177,0.5121726206201995
1,279,0.6418010672570235,0.5015980983436154,0.6656756472636777,0.5270536579951708,0.7954658562342461,0.5640418013496868,0.6264993893787187,0.5080204315546998,0.7166195808332617,0.5103500143929136,0.7520222318417914,0.5118309985347467
1,280,0.6099768080700273,0.49813580968834575,0.6750609707046578,0.514172129691799,0.8428232950265618,0.5182199938922362,0.5997165348457827,0.5076839289531807,0.7152760515914992,0.5104929024514907,0.7493884912216855,0.5118486201618763
1,281,0.5812878492369417,0.4982903260155116,0.6752236820229849,0.5130003479773076,0.8286870563108621,0.5170451343459301,0.5748116721220919,0.5170430988331567,0.7099371117938534,0.5102084390238304,0.7480738727921102,0.5084289289365389
1,282,0.5555582958283721,0.4987447294663383,0.6733628413976797,0.5119078239965401,0.8373278722324946,0.5172865515220291,0.554998998975889,0.506723255490823,0.7132256998541134,0.49954235519901236,0.7532127521508205,0.5100382659774327
1,283,0.5319935852180466,0.4991285908954365,0.6736639637665233,0.5132728698129216,0.8448424567373548,0.5161756475206383,0.5357325866907304,0.5062266001493987,0.71219030986351,0.49946459609743216,0.7411925438869742,0.5104397986819901
1,284,0.512597081724958,0.4988092967413026,0.6824462153184775,0.5121664686907081,0.852146558179132,0.5151101636736116,0.5184473143747761,0.5057566025258745,0.7112788163281017,0.5004426872955298,0.7393485009114837,0.5096390391879093
1,285,0.5051641954882683,0.49893696854214464,0.6847524428434583,0.5111369118555885,0.8369840697271922,0.5151006531533032,0.5149716974184418,0.5053131944597018,0.7122158717940265,0.500334639395438,0.7237006443069125,0.5088867894227372
1,286,0.5080657753241049,0.49905390933204147,0.6867826351500842,0.5101811927564274,0.834330003375182,0.5141159823169896,0.5201218807781076,0.5051157626637718,0.7160485740927133,0.5009092879553445,0.7240515099915321,0.5081815761840105
1,287,0.5201307796848754,0.4993948605410945,0.6883011354722517,0.5092960620974654,0.8314121624968297,0.5142053047939256,0.5315424546384871,0.5053046688661711,0.7190501884087351,0.5008121805001645,0.71487267021809,0.5075218333623976
1,288,0.5280995277305705,0.5029526099101366,0.6848521718542189,0.5098911097757172,0.8482320977965188,0.5155045291350311,0.5403530635351761,0.5173325796146319,0.7105284611863498,0.5000949022982494,0.689232636998069,0.507644917328594
1,289,0.5365230812905857,0.49956538213911017,0.6912255943367239,0.48629517569482994,0.8023753974006901,0.5124108441669558,0.5501148933215929,0.5051360608373683,0.7236498791528184,0.5194023400306568,0.7023580126667787,0.5063320849025392
1,290,0.5434240260394431,0.4996356626395747,0.6920653383069953,0.48707867937778065,0.7917993318263628,0.5115680365884299,0.5607090997433944,0.5048705476813268,0.7212617407511343,0.518042966171731,0.7051857094344953,0.5057985686010641
1,291,0.5502508609543076,0.49988663223039215,0.6888974617830965,0.4878607341390143,0.8043214794274899,0.5118142370199986,0.5686568509542169,0.5042641019295395,0.7228707685977953,0.5054192248286863,0.6974299534608441,0.5058513778371648
1,292,0.5595515673570228,0.5003945591758621,0.6818268998698868,0.48863368447543676,0.8154931628645704,0.5117477328637808,0.5662743647470564,0.5082518244027829,0.7139195934688649,0.5162614561322574,0.7189699241518019,0.5048450802380542
1,293,0.5732015856428075,0.5004251991830039,0.6811708806794144,0.4893909403338652,0.8150648613187043,0.5110038679774329,0.5662387550583382,0.5243471827276819,0.698753194161272,0.5215149667382682,0.718605107855916,0.5047083719000246
1,294,0.5835138173592451,0.510139348517529,0.6763183993734365,0.4879463326933891,0.8160192682897501,0.5104398294283649,0.5775201195743587,0.5071682071211653,0.7020939309066465,0.5138897553655568,0.7364655311191207,0.5231349202147483
1,295,0.5957782077910414,0.5008033480078407,0.6785994453859024,0.4908372960434378,0.8226315316939996,0.5303636708767457,0.581223930625209,0.5095791517585475,0.6932723318849546,0.5143502181274017,0.7438217086395529,0.5233638428762365
1,296,0.6066906995731421,0.5008055183375902,0.6783848917786245,0.4915183841653608,0.8107515564877644,0.5283292709935439,0.5915421581010987,0.5064575920301512,0.6978365586389478,0.5134497793008028,0.7323025056331453,0.5307474198785355
1,297,0.6143630135175508,0.5007996928965209,0.6764024827283295,0.49216762423306004,0.788002965469798,0.5263694124836762,0.5989279841902789,0.5062558500471566,0.6942572594240852,0.5128275501819184,0.7412781263980691,0.5285376217513704
1,298,0.6214164463489731,0.5009822106866978,0.6740103372521545,0.4927832160360558,0.7901253916488215,0.525355561730176,0.6062345254536555,0.5057968011763009,0.6931978414441906,0.5118278821471979,0.7541328257089185,0.5279118019227393
1,299,0.6258991567932337,0.501092364081931,0.6746697261645098,0.49336408102953694,0.792053695580524,0.5235588775483706,0.6069600687394424,0.5053610031472966,0.690549790962633,0.5108888769209179,0.7604620610442183,0.525844606983886
1,300,0.6246556444983231,0.5086834963476562,0.6710146206934805,0.49511304994808447,0.7768769680299511,0.5086858277210625,0.6052140844257391,0.5150930519104369,0.6855460648929166,0.512887994175154,0.7532622556747118,0.5187771406198178
1,301,0.6312570877610569,0.5014247191650929,0.6729437541326783,0.4964419518046292,0.7804900762609775,0.49889397023728377,0.6072916526898688,0.505252952146411,0.6860183452061805,0.5195612839117568,0.7626975803604087,0.5220280895704131
1,302,0.6390137348470698,0.501364167619599,0.672898967751416,0.4967890436851502,0.7808205591903589,0.49952144757627837,0.6081748815609304,0.5052202103485367,0.687614459716665,0.5180647053687849,0.7732353911787402,0.5202805784312702
1,303,0.6436560928464253,0.5013004731906092,0.6731326965328792,0.4971055216469547,0.7947924644026578,0.49959044677112047,0.6086497334677828,0.5048179858919934,0.6880218018066926,0.5166546075948597,0.7777551946273854,0.519655209804486
1,304,0.6478230978843293,0.5013794611335793,0.6737321962200361,0.49739326673449086,0.8071705499001736,0.5019300771803907,0.6098292862723671,0.5044389732116256,0.6895152643171238,0.5153296688624732,0.78213875457914,0.5190851297570485
1,305,0.6442388362253266,0.5172365278769495,0.6629302559509229,0.49401324329073065,0.814139045428383,0.5116289888541861,0.6126989642519627,0.5045122930423204,0.6910746068520155,0.5146100522512672,0.7861293738779302,0.5175153416583628
1,306,0.6586585157953762,0.501323177331559,0.6662813129736413,0.5011692355573304,0.7817999656855492,0.5892463721827879,0.6149034721643458,0.5047297099707158,0.6962551611581558,0.5134392010221851,0.7939809463666165,0.5172620082867727
1,307,0.6596165673014126,0.505325692875347,0.6748519677608136,0.5002566439657835,0.8320440072116659,0.5402928051773899,0.6220967019587182,0.5052360129619521,0.6949116914203644,0.512344636542664,0.7965483307362311,0.5165895168695187
1,308,0.6678225982506063,0.5049755573801324,0.6769094385858103,0.5003010025948189,0.8301355176873827,0.5377278191908414,0.622632169051182,0.5048552903622546,0.699627339371496,0.5132372336355505,0.7938988368345571,0.5152534808299742
1,309,0.673193171609715,0.5046372252463707,0.6782983353008347,0.5003318359629587,0.8278841235903441,0.5358438421969661,0.626300569618931,0.5044947392510815,0.6981437405062615,0.5121674260008084,0.7958852553102174,0.5140058242299927
1,310,0.6716106349606227,0.5139464273500021,0.6758412779566141,0.502463697867663,0.8298762317409731,0.5384649750037414,0.6301828777640847,0.5041541826596982,0.6985802245773375,0.5111682109165612,0.8077009211552367,0.5128432730685498
1,311,0.6770331414921008,0.5044901360535784,0.6851193328257011,0.5234701661445806,0.8421910691225888,0.5331630650542853,0.6337252036648249,0.5044026961175098,0.7003954525460635,0.5108512457716997,0.8134665720009189,0.5127276655583624
1,312,0.6803886645698621,0.5041765543626002,0.6862551888711909,0.5219114949500074,0.8486567029522176,0.5308433929168288,0.6321727811753659,0.5040787510854486,0.7009557821621222,0.50996688009302,0.8189191403852101,0.5116639826155801
1,313,0.6830119857626687,0.5038765421586647,0.6875132243069078,0.5204029499971484,0.8554505882219647,0.5292713249423535,0.6330819632879853,0.5037724530105262,0.6970329349809095,0.5091428636058589,0.8236938358843102,0.5122628926835826
1,314,0.6852225629951374,0.5038076615961677,0.6899304595434372,0.5189509158671212,0.8615090556605927,0.5276620831100366,0.6379145072218109,0.5038393738473553,0.6914124627397141,0.5083765914252861,0.8187253101720812,0.5112643040654057
1,315,0.6894268171585994,0.5037072497454931,0.6922613231698368,0.517560495910753,0.855175083653066,0.5295130141370333,0.6420131351464262,0.5041307653806413,0.6885562496519928,0.5086833670188518,0.8233232661706237,0.5103340860150818
1,316,0.6875811440497481,0.5034435683785348,0.6927787564558568,0.5162355481018001,0.83941479069951,0.5274214200510994,0.645381709126944,0.5038419309258684,0.6974206193021811,0.5086575574289975,0.8224398378955681,0.5103020911114271
1,317,0.6794518631923985,0.5131707613717962,0.6900341100992828,0.517360910349215,0.8249329003611999,0.5259151961627734,0.6488484846607797,0.5038138031105824,0.7002699874662826,0.5089962875515572,0.8220507284726789,0.5094563950262887
1,318,0.6844398664435462,0.5029552183270091,0.6929692348561652,0.5137916931074075,0.8429992688910942,0.5466273734581454,0.6514141752785182,0.5037055872512579,0.696911699814449,0.5093098106976985,0.8263420228089936,0.5086692432656498
1,319,0.6850225065504948,0.5027305989360108,0.6916736162829776,0.5126749792932225,0.8503517853458256,0.5433658586276409,0.6537678422490364,0.5038739189071363,0.6978111206573158,0.5085597517046888,0.8351645051318306,0.5079379579887207
1,320,0.6822049970618513,0.5109872748861272,0.6899830812088712,0.5152898758024783,0.8596403866520159,0.5469660721136392,0.6562255473235499,0.5037213143874792,0.6982540526006293,0.5078589745524866,0.8433126922183585,0.5072598351824831
1,321,0.6925701178437101,0.502319896033895,0.6948209611735213,0.5335766411874365,0.861357572453106,0.5373020777667598,0.6589826113040312,0.5034836295601826,0.6964915979122782,0.507205695326218,0.8504223343878843,0.5074084527070716
1,322,0.6962123909129354,0.5024451586602212,0.6928561815893574,0.5311296336574767,0.8669701730546215,0.5345032133012856,0.649997367866425,0.5032356650565354,0.7074562617709181,0.5408716839670495,0.817783737916357,0.5108583397944434
1,323,0.7003473999823473,0.502256721938996,0.6926848145119978,0.528801384329405,0.871929891197281,0.5326274544728152,0.6603199051099088,0.5111562290803778,0.6986506809522657,0.5060339989962251,0.8624291835698744,0.5080843448994902
1,324,0.7016524281750125,0.5020794776009458,0.6914147697158751,0.5265945905314953,0.8761919261412486,0.5324343133858319,0.6605723388934192,0.5105636068114527,0.6988365450683612,0.5055115661971217,0.867616322935999,0.507482524936489
1,325,0.7023172293670473,0.5019131857651556,0.6887329195415546,0.5245105738662887,0.8803703952069217,0.5299445150233731,0.6606731658514942,0.5098549541569554,0.7030253907702232,0.505028636962951,0.8722832466369749,0.5072650416906238
1,326,0.70094446868722,0.5017575602598958,0.6864025575141159,0.5225493845733223,0.8837604203164782,0.5276035200526065,0.6585413181652929,0.5096124850544834,0.7010525727264303,0.5045830888282845,0.8765341398442952,0.5069873665548784
1,327,0.6979446517971349,0.5016122735825436,0.6840020168733482,0.5207099237930763,0.8871524769866692,0.525407966552355,0.6610587336496597,0.5089304037589292,0.6971564824465811,0.5049452928174301,0.8803097698618175,0.5064909153517448
1,328,0.6964838985766609,0.5017256345944853,0.6773622439798603,0.5189900781962895,0.889676322251823,0.527522557146732,0.6556839696945201,0.5272175695415113,0.6849784470015935,0.5027017111377385,0.8777199584022627,0.5069425042864816
1,329,0.6979240130189571,0.5017493593830279,0.6717094343000738,0.5173868614846985,0.8923192974575337,0.5269639583291108,0.6646843679653971,0.5080715761509736,0.6932762620736274,0.5131400287372426,0.8766418398939326,0.5168138281280369
1,330,0.6992300558298978,0.5016241765047817,0.6647366679346806,0.515896557633389,0.8839928923109485,0.5249663847308389,0.665898262293575,0.5074599172128341,0.6923552618502,0.5121949436715804,0.8707776866328287,0.515690104167893
1,331,0.6928823451054381,0.5111975753951806,0.6556175663774106,0.5057535813054226,0.8739276549115003,0.5280553490937936,0.665345927704501,0.5068818374124063,0.6937709919179383,0.5118437160932846,0.8654975011511135,0.5146135061262335
1,332,0.6990717356439042,0.5013948655899959,0.6576869445498564,0.5299871221666603,0.8787704245847949,0.522938530808628,0.6635685393101248,0.515388329113125,0.6916045513968977,0.5111343256355653,0.8713140382022531,0.5144910727223946
1,333,0.7012798740828712,0.5012901967042763,0.6585488554510746,0.527972526507665,0.8824873168520915,0.5212695499609864,0.666813392576202,0.5058260881218519,0.6991133591978137,0.5101530746091147,0.874045258751507,0.521981649934513
1,334,0.7033433028785986,0.5011918407389814,0.6590588459137785,0.526035700427202,0.8858741229575323,0.5196966907270423,0.668260824839137,0.5053475472075278,0.705408579561828,0.5104156963254138,0.8780310287792606,0.5204062630524329
1,335,0.7040639028782408,0.5108683861341358,0.6570801074179413,0.5065732668885484,0.8878104337126701,0.5231730886182401,0.6694727399662234,0.5049009127275813,0.7070868925114345,0.5096092116653748,0.8767737165662282,0.5189061771612365
1,336,0.707730312298996,0.5010130802479382,0.6631126942016834,0.5028897525985995,0.8897754282493321,0.5189525668182879,0.6762049577452162,0.5044852003403467,0.7063902939776722,0.5088495472036834,0.8759187231630292,0.5174828882123407
1,337,0.7108721531194626,0.5009321964662643,0.6662534375568658,0.5025814921425832,0.8923629626174234,0.5176493176674869,0.6770525083657893,0.5048067112609076,0.704210130982272,0.5090873739458688,0.8750599560025636,0.5161371078117312
1,338,0.7123562282786687,0.5008566640851325,0.6695262990623694,0.502303031994417,0.8947787389205405,0.5164180430653715,0.6755244955385067,0.5047106955969357,0.7040025140862266,0.5083609186359566,0.8695679421006663,0.5156851460386489
1,339,0.7126801347655373,0.5007862514272844,0.6727420421349827,0.5020521803852782,0.8969422171943889,0.5170466560769011,0.6720642588658923,0.5047099595144723,0.7040048226054177,0.5087049784349295,0.8646076929927473,0.5153987151769298
1,340,0.7125239166781976,0.5007207280813355,0.6750663405656661,0.5018267860620106,0.8882327992145042,0.5158657188841319,0.6670867912734307,0.5033486962170064,0.7110331089923964,0.5309166074170876,0.8418505114552688,0.5135564195124104
1,341,0.6736891603498749,0.500659864376207,0.6761373154285576,0.5016247562099732,0.8803855114396121,0.514745381553901,0.643645091070581,0.5004198887251068,0.7039442216737555,0.5073394147357703,0.8562021284394488,0.5135765056800325
1,342,0.6400352074250821,0.5006034312316182,0.6822869698049263,0.5014440728478907,0.8731947594009977,0.5136840909445805,0.6151198858971082,0.5005915081220809,0.705807397136104,0.5067240366946568,0.857141772767985,0.5124969844164788
1,343,0.6077627634689028,0.5005512003594235,0.6842562970015863,0.5012828071239028,0.8668428877913815,0.5126803617169661,0.5899092279627487,0.5005405650945797,0.7055773659972404,0.506151688962427,0.8628158842139038,0.5120985092670346
1,344,0.5757921410787316,0.5005029447660804,0.6853584695979732,0.5011391310814652,0.8608107419643689,0.513827502420131,0.5653571976535933,0.5100657084934358,0.701496748105943,0.5052985518050398,0.8675899555503886,0.5094662817449519
1,345,0.5513945960579297,0.5004584394908181,0.6863995515448246,0.5010113266323507,0.8555754141560943,0.5129044309282647,0.5471229084983036,0.5008926201339154,0.7116936561021389,0.5051292341735343,0.8720340564352167,0.5195383961520907
1,346,0.5271523441050568,0.5109951854342962,0.6789356399683893,0.5023996636770677,0.8416789921360467,0.514028811980103,0.5281351332493209,0.5018346636183849,0.712854268302559,0.5046753742766248,0.8716242378936342,0.5181893047995496
1,347,0.5069870338211659,0.5007776736967867,0.6792173391953894,0.4831616649636237,0.8242384085834686,0.5111874939128346,0.5116373783115796,0.5021304797987106,0.7138153080367157,0.5042571150215004,0.8710539527487704,0.5189529791988676
1,348,0.4882063118634687,0.501123246541527,0.6771408194539136,0.48407955063437125,0.8010415438908175,0.5123928371636947,0.49595871842666495,0.5020117366826531,0.7108123335996953,0.5038724174826357,0.8705754453325986,0.5175824041743327
1,349,0.48303407960762673,0.5010378046247923,0.6751892007699699,0.4849935787662258,0.7804659492406596,0.5115279371358682,0.4904935470094115,0.5124867602582113,0.7086786009543148,0.501956663508761,0.8677845267227917,0.5171085739775263
1,350,0.4850408284335413,0.501364251485947,0.6756588155106967,0.48589730579243967,0.7725605277945029,0.5118931186857012,0.4886884926001632,0.5024762802264211,0.7128961541225267,0.49368142412175514,0.8695261527551037,0.5156458861545439
1,351,0.49255831711033043,0.5012618388016785,0.6761885736580735,0.4867848496913715,0.7655800631557685,0.5110855408806028,0.4939604103519759,0.5023368235914274,0.7105406760857775,0.4950837129704979,0.8686694196179601,0.5144594841147303
1,352,0.5097669308787456,0.5015903873290807,0.6762159012059291,0.48765096602297386,0.7592896871390852,0.5103133138521997,0.4942638020997717,0.5127835269092896,0.7081114169520645,0.5099768290828297,0.8475981820388875,0.5169172989697761
1,353,0.5252750343765378,0.5014696846341172,0.6787336604322821,0.48849110024860615,0.7419808087103912,0.5095768935368916,0.5126272013212221,0.4985139879558684,0.7090238578942035,0.5057874991100318,0.8621550330376607,0.514490884047264
1,354,0.5370586260996782,0.501355547529057,0.6803516510433634,0.48930141606718097,0.7369796894466119,0.5101073673202954,0.5238892960474688,0.49863324335833303,0.7058962895779591,0.5053928575997695,0.8531689881563086,0.5133965364632335
1,355,0.5543240736716721,0.5012479962923718,0.6817067091540902,0.49222577336546386,0.7325977449451785,0.5129084728392315,0.5369158460773676,0.4989807190037735,0.7016820712458971,0.5050152802629991,0.845174551979711,0.5123638648123521
1,356,0.5667432477030809,0.501146990334069,0.6837625835586287,0.4928374805801196,0.7290902826101239,0.5120877293908088,0.5495086708557954,0.5193629719497217,0.6903435663925587,0.5025742952280278,0.8285617932748487,0.5069566357052148
1,357,0.5777239442160699,0.497301792431316,0.6802857766473535,0.4924819605628758,0.8140954083009587,0.5129983069994638,0.5589198040158133,0.5107335785606599,0.6927852514654897,0.5305170616372743,0.7979619062364299,0.5114111817124884
1,358,0.5899528300185327,0.5060674506820104,0.6814216402384894,0.5053645666830061,0.7674737691912751,0.5384486876234227,0.5741065628132913,0.5038201418478692,0.6901449737211129,0.5280265384451673,0.8044688100905834,0.5115453863883893
1,359,0.6090971895216636,0.5011712918222545,0.6867978192104557,0.5174126413691899,0.769774094171588,0.5314732310210032,0.5805188015346602,0.5036032848626383,0.6912608713155408,0.5261656724845347,0.7922478630306885,0.5114914965609489
1,360,0.6208416696109025,0.5010815637518639,0.6875945947534463,0.5162935580486907,0.7854189887107912,0.5293434087615794,0.5875407394098697,0.5035955457446416,0.6910084153410069,0.5243727669976231,0.7860124673248786,0.5106186233091059
1,361,0.631493876566927,0.5013136665416661,0.6863475045063065,0.5152092950143736,0.7770215606020148,0.5272981313572662,0.5976887323537127,0.5037619125362325,0.689785185800937,0.5226525703029186,0.7799725517575061,0.5097973443250176
1,362,0.6407795871900824,0.501620120802794,0.6894475289889881,0.514163562965177,0.7696031503344953,0.5253419881431407,0.6059688371302341,0.5035331112021747,0.6917175778916965,0.5220401753432224,0.779447298471375,0.5090263620532689
1,363,0.6492487419633682,0.5015052120222863,0.6889333683556682,0.5131594828143815,0.7731780494052888,0.5272221511580695,0.6076146833718316,0.5035641524816037,0.692805534114888,0.5204053957087699,0.7880536626732262,0.5091004828797253
1,364,0.6587249640699968,0.5013955224706236,0.6878374997968493,0.5121995601870589,0.7767396525685512,0.5253522588587383,0.6123545684004437,0.5034871359378066,0.6957559653311677,0.5188542738708133,0.7960119195500084,0.5083871395229926
1,365,0.6655796962894491,0.5012912042552679,0.683299739096344,0.5130449435180321,0.7785053946602793,0.5245104037529618,0.6164247208776237,0.503376611085541,0.7017700009655353,0.5173879378985959,0.7936126227340803,0.5077183347042427
1,366,0.6718164057853978,0.5014476608324566,0.6789876916428061,0.5120978245704462,0.7915384505515121,0.5228020513194064,0.6225629030904889,0.5035229998520835,0.7057666403058345,0.5160066240792278,0.7815857097250561,0.5070927009468307
1,367,0.673574654755976,0.501346356084257,0.6804305706715637,0.5111959410139202,0.8042883632352688,0.521174740552898,0.6260083657690267,0.5036586941750624,0.7092890844624762,0.5147097579318597,0.7851279167714026,0.507550422555107
1,368,0.6746401204711326,0.5012496644669076,0.6840829313225831,0.5103405043265675,0.8153968984641345,0.5196291017364992,0.6284540303216818,0.5039683068996249,0.7130886021322698,0.5134960450438337,0.7933564019258639,0.5069347448770479
1,369,0.672635110517793,0.5011576806585426,0.6830327719033306,0.5095321706738014,0.7936379707745093,0.5181651662499549,0.6309396743350368,0.5039433215851372,0.714300197795235,0.512363567553086,0.8008652017896809,0.507114283396551
1,370,0.6736616885308271,0.5104145700715272,0.676505764059996,0.48904362049840294,0.7347552443766698,0.5521175599333692,0.6354649371823878,0.503692318037178,0.7152573250874669,0.5113098825035389,0.8122873419658381,0.5065461589841438
1,371,0.6709855923100985,0.4975397440391518,0.6759150827849137,0.5080569105520178,0.7852019672796031,0.5393206251331514,0.6382631229459023,0.5036121774425825,0.7101347938502213,0.5103321188192552,0.8229016966317818,0.5060147556312786
1,372,0.6741293619699084,0.4976989978080197,0.6743540263553717,0.5088502731480651,0.7770134027376701,0.5365581885647464,0.6421449255710336,0.5036451827962476,0.707325191852777,0.5094270702282724,0.8320114778310493,0.5066977063398819
1,373,0.6785056381022349,0.49809226425957975,0.6723503350738056,0.5081791764001465,0.7907955971330695,0.5350971212952824,0.645104961914362,0.5034114765404554,0.7114841316091791,0.5085912820730004,0.8404289771211831,0.5066120355712349
1,374,0.6808019752717807,0.5044204710174325,0.6668166748779167,0.5109411707506601,0.8149617930954293,0.5348644062950271,0.6484747756047793,0.5031860530671606,0.7088111119010189,0.5078211305330131,0.8381873672677718,0.5072743225957985
1,375,0.6873108068033765,0.4986993591672359,0.6732068976807487,0.5091696710788809,0.8115397403747063,0.5515878278593703,0.6549888647870614,0.5029693840746117,0.704162798763795,0.5071128933288755,0.836371317032935,0.5067890974948381
1,376,0.6915017985280547,0.49881044073640096,0.6713452758889493,0.5108360126896301,0.8112533467273485,0.5478296880420495,0.6552592654193569,0.503481034623328,0.70009350371007,0.5064628114523434,0.8300618085623842,0.5063265422497357
1,377,0.6913907642067487,0.4995647949678229,0.6701628802678321,0.5100002090339676,0.809383814093796,0.5476908113774315,0.657471700152038,0.5032435614857581,0.6946440730125684,0.5058671418674094,0.8243495364625774,0.5068907878705238
1,378,0.6914608653454927,0.49962675167847337,0.6697479001785276,0.5067766985455497,0.8091950242430112,0.5441418480110689,0.663842854737484,0.503097166376553,0.6943015220536771,0.5033509988882572,0.7962346534343102,0.529476714579082
1,379,0.6847434256711953,0.5093151123221185,0.6664329937860791,0.5050303849582543,0.796421331293438,0.5500607952078753,0.6566649409340137,0.5165966972558066,0.6951734551057885,0.5062067671888905,0.8002175473678322,0.5052477281489928
1,380,0.6850352356633749,0.4997303333819859,0.6713288297037739,0.525312426962197,0.8065421109974024,0.5397027173749445,0.6586734234576621,0.5062659807630926,0.701997895682403,0.5053018099925681,0.7929720834435289,0.5154842680652573
1,381,0.6856014244593767,0.4997728474161508,0.6705246682430871,0.5235974392255914,0.8176742947439669,0.5380692304118376,0.6565330757500489,0.5060435567156166,0.7057490474607488,0.5048247973260823,0.7863630848396002,0.5144069097488215
1,382,0.6860323215267137,0.5000658432004562,0.6669924301441065,0.5219465247898603,0.8277914253766978,0.5351723564473376,0.6570627091583635,0.5056018330345857,0.7074036441884055,0.5043872119384561,0.789878885372238,0.5139974107441596
1,383,0.688044864859769,0.500089763722113,0.6695003473526809,0.5203644988925379,0.7589185468316791,0.5324430652932296,0.6608940038357265,0.5059115349392765,0.7086704183469857,0.5039863017275931,0.7270355136118384,0.5140367185777455
1,384,0.692305896576532,0.5001082759207242,0.6662985298701116,0.5188551164077513,0.6980466035623848,0.5298785748642276,0.662756320699838,0.5054725354827391,0.7151005101945339,0.503619436828938,0.6703945435300802,0.5140337874006898
1,385,0.6909092744098262,0.5037003289733899,0.6637894741311262,0.5201120928510939,0.64421115591089,0.5175779174482549,0.6647648259473453,0.5053006514836188,0.7157958210573089,0.5032841140600381,0.6194981289421941,0.513441846842212
1,386,0.6972584644838754,0.5003808852512861,0.6666265505855152,0.5184450085233319,0.6006430495269635,0.5419967671530089,0.6598062676909117,0.5084047796695944,0.7131449063926584,0.5031645207679172,0.5687080933213159,0.5122125933965421
1,387,0.6981841688547274,0.5005924544990061,0.6701350368715597,0.517001618124523,0.5548351307514755,0.5390638117585145,0.665402463585055,0.5049198224322186,0.7210065959848128,0.5026987291068531,0.5343756559301109,0.5215203851424708
1,388,0.6993297536114313,0.5005830034374291,0.6727559010843184,0.5156423378540534,0.5135287348704649,0.5376447827762572,0.6665901417453304,0.5051718916382747,0.7171362750578221,0.5024443089547938,0.49570677347308706,0.5199612560996429
1,389,0.6981421936256625,0.500569328139399,0.6751118464821005,0.516681014600017,0.4764607263984687,0.5358079989923977,0.6633697828364163,0.5045323189842872,0.7120714716410185,0.5017483292785794,0.4593865722628022,0.519668561812057
1,390,0.6969622544825237,0.500552137847899,0.6780328621445806,0.5153336138895056,0.44498014302685274,0.5332275114935235,0.6682106623032591,0.5044207307701168,0.7161459420696914,0.5110013818734463,0.4657325799760291,0.5175344542561562
1,391,0.6962395970049378,0.500532104501767,0.6784320829689025,0.5140719199124572,0.4258033254202875,0.5340721022401607,0.6693039104867434,0.5042997587497935,0.710798174950839,0.5102173849420202,0.48725008452044755,0.5168983081968297
1,392,0.6586023487381301,0.5005098546874801,0.6804087319113279,0.5128940961744016,0.41960996248693017,0.5316100261539226,0.6381978521789481,0.503814479521004,0.7082906195811007,0.5094695692747718,0.5063963891561641,0.5156117156319234
1,393,0.6213864719061942,0.50048596355086,0.6817760367277468,0.5117977336835791,0.4256878312123246,0.5317390136374806,0.6101502931386332,0.5035249661716391,0.7059518665001595,0.5097876452431306,0.5230672956876194,0.51439813491638
1,394,0.6008328957289649,0.5006797591014206,0.6829968907223072,0.512866251519394,0.4287763532641157,0.5300522402363893,0.5875804398476915,0.5035455119008861,0.7054368794480087,0.5090446753703609,0.5473611181806608,0.5132568579276342
1,395,0.5940595856357331,0.4959287452150818,0.6796673027722969,0.5065479914845842,0.4677084677052132,0.5325436110143075,0.5769474624723102,0.5032779225991029,0.7070677253626726,0.5089215608183915,0.5647705027120731,0.5121866719153001
1,396,0.6000832148979549,0.5008901715928992,0.6853896653081715,0.5290057154916122,0.4604537506747183,0.5270321558516913,0.5733564400321033,0.5033039143778657,0.7072348287707295,0.5082441467118626,0.5900237697086538,0.5111859222978341
1,397,0.6026370364094785,0.5008481539920061,0.6520179868371602,0.527061797249259,0.48381645053455874,0.5256536806936711,0.5734550741251291,0.5032279148999045,0.6633687339128759,0.5076047178369311,0.622115981017771,0.5112942432739078
1,398,0.6069330028222617,0.5008049630225128,0.6213921024547552,0.5251883479767179,0.516991769783731,0.5238116517918935,0.5716061195082517,0.5097085942589289,0.6220884370886183,0.5074664837365135,0.6431403864724908,0.5065864986263647
1,399,0.6071876175877409,0.5009564987644826,0.5939394960014451,0.523390900259118,0.5439239519588915,0.5241435985190714,0.5813078923645031,0.5024856326832752,0.5927443511728028,0.5064384671065499,0.6763413912982885,0.5004184739743641
1,400,0.6071367426743948,0.5010413016826855,0.5696194126605584,0.5240541592155873,0.5701518016216492,0.5234493781668217,0.5872027666244443,0.5026282441751949,0.5635256980185396,0.505910312724239,0.7001632448185096,0.5009610601379262
1,401,0.6082418836015189,0.5009946285538144,0.544226649192803,0.5222566586177441,0.6039312630090026,0.5218382568074081,0.5922644476831236,0.5028363507326801,0.5374311790179265,0.5064592084441923,0.7215483189081348,0.501588550969133
1,402,0.6093963018519069,0.5012886809184004,0.5253169679394845,0.5205513776424994,0.6237407613302237,0.5203091573314184,0.5967992210446701,0.5026540291348122,0.5142700627909843,0.5059288025069408,0.7360038341451409,0.5014428929914954
1,403,0.6146412847672723,0.501657809350024,0.5067698002020792,0.51893986794499,0.6426412057994388,0.5204710448166596,0.5983537188962673,0.5109849330189656,0.4853245611729791,0.5057943587857835,0.7436245192100176,0.5061282886853781
1,404,0.6157647401640067,0.5016694298026326,0.4876477610772126,0.5174225990886332,0.6594532439173221,0.5196737685690692,0.6096333965654598,0.5025247821808904,0.46897207143514497,0.5049738264894796,0.7595401575486544,0.49578713575035743
1,405,0.6205114982176847,0.5011752842803066,0.4730906650108799,0.5159990587089298,0.6850240456228199,0.5183202458254812,0.6167735784021247,0.5023603733608666,0.45162491861388787,0.504546646214913,0.7704606585377902,0.495896546924861
1,406,0.6265570959220079,0.5065511682359763,0.45732815424144907,0.5042401193497664,0.6949210825931703,0.5198736686354958,0.6194085860683255,0.5094928834263823,0.43868563901786983,0.506201084561612,0.7796917458714508,0.49538178741413325
1,407,0.6323915065433743,0.5011541131918928,0.44255807446112555,0.5294339322901892,0.7163234765828123,0.5172714939941397,0.6265295995570748,0.5021860175654629,0.4219029750968789,0.5053593225033486,0.7919751995714621,0.4862959342567852
1,408,0.6357319249114026,0.5011015961517641,0.429719277167261,0.5275340179600623,0.7362414962216226,0.5179328698266469,0.6316465579476614,0.5024434585984703,0.4089068496036515,0.5049334778926157,0.7996346864213575,0.4877773659224161
1,409,0.6376512738712802,0.5074202019147158,0.42221231412379395,0.5032189553822631,0.754295445284161,0.5195693298091256,0.6361797458827375,0.50228095746337,0.39744158515219574,0.504535077394932,0.8018124440893957,0.4893464062688903
1,410,0.645418260248302,0.5009960843152583,0.4200732779857836,0.5346131889926574,0.7678702364793458,0.5156638642379389,0.6440895975419969,0.502259727855671,0.39849778823791676,0.5049427897614898,0.8033550440938535,0.49010467746708614
1,411,0.6477825968450575,0.5009436223512764,0.4253327176147495,0.5327005363922703,0.7832502570141348,0.5146030954213308,0.6458749280293569,0.5021116302616955,0.40960003148050417,0.5045598932255915,0.8099460536533211,0.4918520062654589
1,412,0.6517229419833231,0.5008916921845741,0.435762744077847,0.5308152943399127,0.7964356856671034,0.5135911969651855,0.6446999971031925,0.5024150799956942,0.42747750640904664,0.5052374102724888,0.8108863382868094,0.4924778108563552
1,413,0.6586062280554911,0.5008405290803951,0.4490690213503103,0.5289654069005565,0.8086040986321652,0.5126279386074033,0.6372027578504244,0.5024375998533818,0.4450567176885366,0.5262888599249606,0.8029707068420063,0.4950143262305699
1,414,0.667795315828805,0.5007903529728079,0.4621731830322345,0.5271584459085766,0.8194661465394122,0.5125470515133733,0.6427431456097259,0.5067530125183481,0.46841027529224466,0.5049975457543288,0.8304705681747584,0.4947356848459974
1,415,0.6700383315972412,0.5007413665808188,0.47737657065535516,0.5254014432271875,0.8294201616876539,0.511680128611945,0.6386846619702938,0.512970372748843,0.4891870096350647,0.5045294937229463,0.8384768569986778,0.49490484275671665
1,416,0.6719490789663167,0.5006937535325092,0.49095761496371837,0.5237007462457861,0.8381462934210593,0.5108560747631984,0.6407465505736605,0.5068158757906849,0.5074631940336993,0.5140064941748893,0.8310166759827499,0.49671472527312455
1,417,0.6738544347863853,0.50107476565033,0.50726624179223,0.5220619023167499,0.8461511874534902,0.5100743067524481,0.6383287886534251,0.5063691027067506,0.5231642465521477,0.5130276991197589,0.8300020709260666,0.4975152872216807
1,418,0.6747039359892951,0.501000932394647,0.5194958847057554,0.5204895756729689,0.8531731115128102,0.5107671205837304,0.6383884149387812,0.5059387707794817,0.5392263344300998,0.512092427040194,0.8245303049406879,0.49782186518176175
1,419,0.6755425200473525,0.5012975278178688,0.5371506314305388,0.5189874981274142,0.85927163624313,0.5109171460629256,0.6401329477049358,0.5059644720198786,0.5533645154366461,0.5112019642166308,0.8146947423075447,0.49809638935525197
1,420,0.6750439146245518,0.501208793709776,0.5506540098386988,0.5175584527507767,0.854083757937638,0.5111502696816662,0.6404812408887948,0.5027206240745742,0.5720040364585393,0.5194168813692235,0.798808018320113,0.49935666123857947
1,421,0.6778747331378447,0.5011234214342059,0.566361506247929,0.5162042879258075,0.8494313350368525,0.5142203278620693,0.6413985136109797,0.5010736473922656,0.5882048243416376,0.5095583578917592,0.8022886251083273,0.4995968663213557
1,422,0.6810216778093091,0.5010416738791784,0.5770587908638891,0.5171229997340444,0.8559010442380118,0.5133659512917234,0.6410749053020544,0.5014007201764574,0.5983904981651328,0.5088055839136447,0.7996499643942528,0.49971678121053886
1,423,0.6793367971536199,0.5009637518189797,0.5885461204827703,0.5157832695653143,0.8616653683635856,0.5144427532259185,0.6391977412585097,0.5014725721020399,0.6046182089819258,0.5080984145004271,0.7969193908085566,0.49981626494834375
1,424,0.678334227438322,0.5008897960380083,0.5991298236870605,0.5145218439493704,0.8670967583912165,0.5145309101547454,0.6389907662477432,0.5018221041509069,0.6132272074484578,0.507436097268161,0.8086525903283509,0.5003986027121848
1,425,0.6771310619321989,0.5008198908295808,0.6105916735830886,0.5133382257635045,0.8717138075580654,0.5151800237634424,0.6368012978122423,0.50170668712535,0.6201373399507092,0.5068175771515667,0.8193048242566707,0.5011604632585983
1,426,0.6742524824974672,0.5007540685711067,0.616200575996134,0.5122312198356389,0.8761469256901142,0.5143951349952254,0.6368941549217925,0.5020322768691304,0.6286562358159836,0.5062415410562577,0.8288488985071852,0.5011713038687161
1,427,0.6732944426319293,0.5014103966523586,0.6187433260821505,0.5111990304988755,0.8802733648367678,0.5136199064083053,0.6394386753445623,0.5023202464709545,0.6406474802128314,0.5065895231570965,0.8326043731909621,0.5016351824500936
1,428,0.6770524671589192,0.5016265124109105,0.621139551179829,0.5102393604345005,0.8838109157514992,0.5128567809175395,0.6434977249771491,0.5024259451174956,0.6509630971601329,0.5070859065832621,0.8311101098714526,0.5024444394701916
1,429,0.6802393284048837,0.501702616511421,0.6209313132378385,0.5093495073479172,0.8869704617900313,0.5121082296940559,0.6472276722208407,0.5028591506822975,0.6598898964464297,0.506506389397906,0.8252465494394441,0.5028242488791234
1,430,0.676993253756772,0.5015956913745442,0.6232012212794131,0.5085264557523973,0.8896101106386524,0.5123703664581506,0.6501476713095811,0.5036956575989154,0.6642733831275065,0.506937682456422,0.8153497362611057,0.503109691549874
1,431,0.6747310096301418,0.5114849107553294,0.6222413964441584,0.5016595961655125,0.8907649733123214,0.5163680604515296,0.6508115379320499,0.5034755464184147,0.6723725181177442,0.5063729019595381,0.810951180147427,0.5033436205888061
1,432,0.672460560243031,0.511540792328013,0.6261085769137515,0.5295071946241217,0.8911009138001226,0.5139269641745683,0.6473750712209815,0.5134452582827974,0.6758546960159219,0.5062352926636413,0.8060485717597524,0.5034411401586217
1,433,0.6736493470789914,0.501296152470877,0.6344594488502124,0.5236901846304162,0.8945526948018528,0.5356928792799573,0.6482531018187256,0.5135296159678291,0.681818218163374,0.5051421776665063,0.8063883509375339,0.5143273715150198
1,434,0.6718436469262197,0.5111536330613918,0.6392049289644329,0.5012633799846705,0.8964636723275922,0.5389398918335137,0.6539613869957722,0.5032084601629252,0.6905751427010561,0.5149982794218126,0.8175031107094065,0.5125927432998495
1,435,0.6657887860583317,0.511189872964182,0.6481866289869533,0.5238679204167604,0.8963176655915747,0.538502153735687,0.6552439069271795,0.5033423995200508,0.6965233814093046,0.5138934385811941,0.8222643444557554,0.512641375493452
1,436,0.6696920101797834,0.5010330925191168,0.6531116314682514,0.5404510455441992,0.8981508444775422,0.5496752727757405,0.6573995677497425,0.5034388977675316,0.6973685762898638,0.5135943394099779,0.8265636214401696,0.5117996798317371
1,437,0.6689099944256219,0.5009541201199371,0.6614570866381111,0.5375526502921967,0.8998990279054625,0.5467984810220903,0.6592591450249502,0.5036697578435314,0.7021626641469588,0.5131144559124762,0.8353166331636457,0.5109863695271118
1,438,0.6683679814602413,0.5008795753145365,0.6656776272461113,0.5347845048399248,0.9015431144429906,0.5446670863560288,0.6669187932392123,0.5036888570852538,0.70400410707462,0.5121326077050542,0.8431799094893273,0.5111229079291131
1,439,0.6693837046442718,0.5108132983030573,0.6677626285723982,0.5208194917563604,0.9030724644943543,0.5311748453574552,0.6674165090143213,0.5043936370941223,0.7053184798449131,0.5122455435854144,0.8454753140422308,0.5103627236460857
1,440,0.6706922530385997,0.5007436603600153,0.6741485645035891,0.546283512386085,0.9026571692331645,0.5403996433961281,0.6690294599921078,0.5041477063979227,0.7038894775071471,0.5118380362609687,0.8472977689753473,0.509992279827674
1,441,0.6697883841451416,0.5011004601006463,0.6769399488592419,0.5432311453470221,0.9041882803665,0.5374942646695039,0.6702733359280982,0.5039057084840247,0.704066104545215,0.5109338419107051,0.8490847130693414,0.5103819550567417
1,442,0.6675816659615358,0.5010148734144957,0.6796354332633435,0.5402857184947149,0.9053198589758406,0.5354521697799743,0.6692438799547454,0.5036686726810485,0.7062610854402397,0.5100819254595332,0.8415286578855187,0.5107292785575712
1,443,0.6676194902947393,0.5009343206238402,0.6778426879612889,0.5374558349514057,0.9061342069005104,0.534126116476754,0.6685264759378287,0.503708357814271,0.7065082011141536,0.5092815042632821,0.8299538399216649,0.5103095071057203
1,444,0.6679560013492097,0.5008587379334793,0.678591837879133,0.5347484289296244,0.906841942868323,0.5321047831519792,0.6677529113487807,0.503474995543834,0.708390102805346,0.5085314959285466,0.8200220350267705,0.5096076214955394
1,445,0.6735901239330645,0.5007880273092762,0.6805730404025049,0.5321687601978115,0.9079441181694311,0.5298068984161586,0.6667459823740707,0.5032483166395382,0.7101238957445711,0.5078305555011576,0.8058287405082791,0.5089375666034646
1,446,0.6770832511628062,0.5007220607714249,0.6822474061994793,0.5297204507291653,0.9089043525666872,0.5276385655167138,0.6662178106716432,0.503224075467339,0.7094711039568983,0.5071771137353354,0.8025058527295376,0.5082997170079029
1,447,0.6780546635252989,0.5006606848837013,0.6843242503856412,0.5274055586464405,0.9094942534113651,0.5260464351209652,0.6624724842949412,0.5032223205791159,0.7086586728388571,0.506569415386846,0.7995793347431893,0.5093971473437993
1,448,0.6837166578851507,0.5008991845670953,0.6835158036757543,0.5252246833673854,0.9102861104542951,0.5241383799641137,0.6557940608109505,0.5133233545915077,0.6973730099116242,0.5025530210289607,0.7947280581599436,0.5079205510625716
1,449,0.6860278728981177,0.5008342298854513,0.6832069665032655,0.5255543639048235,0.9107166707814692,0.5247266085624034,0.6429749579744778,0.5123021204340963,0.6933241373954858,0.5233927900434446,0.7994173141913943,0.5087546813892995
1,450,0.6878719352928646,0.5007726549308226,0.682598380572126,0.5258491399377573,0.9110736951589191,0.5228802872177434,0.6513646919012883,0.5073377535139784,0.6960793789566113,0.5261334509493687,0.7969116422654594,0.5087897183278783
1,451,0.6893619205799524,0.5009181921790826,0.685876307181285,0.5237408126512645,0.911570576064254,0.5211462121376903,0.6482219185287592,0.5070423597085029,0.699490372469806,0.5255952573540406,0.7854049291013778,0.5081669348437633
1,452,0.6941759239956669,0.5008146193031285,0.679706518541404,0.5197591810731672,0.8605895435523614,0.5664828024080162,0.6377888152008893,0.507665192683017,0.7049564680547806,0.546427496619709,0.7591717222650437,0.5077090579121308
1,453,0.6909981963684096,0.5047982181415297,0.6859154134737683,0.5218213179471675,0.9115750007604174,0.52048120003111,0.637390673170661,0.5074892647707179,0.7031503148121102,0.5407014720234524,0.7584641289989785,0.5076741123781523
1,454,0.696576248869814,0.5048768207198395,0.6844960107769019,0.5200182643246947,0.9118982074565677,0.5207585209071183,0.6384366272745268,0.5127791855951079,0.7006089786575821,0.5226372114005942,0.7619430483025698,0.5064795870142552
1,455,0.6997037480694256,0.5045444951498617,0.6833284866475854,0.5183382738871093,0.9124466945768752,0.5193318847452102,0.6357888749771975,0.5122450298657126,0.7067667577802097,0.5210899833487274,0.7622272741618961,0.5075909865243782
1,456,0.7021403228359857,0.5046527860782304,0.6854716398913647,0.516776837979508,0.9123945614813517,0.5196836364045471,0.6363089373380372,0.5118392938236068,0.7087658959175304,0.5196042688024811,0.7678700860706889,0.5070320035610161
1,457,0.6982876567235502,0.514488143245338,0.6812184701327804,0.5164056481378069,0.9127736607109934,0.5173627245032354,0.6390999845642655,0.511064134656502,0.7099577919060954,0.5190487642821374,0.7731638654016835,0.50650276682528
1,458,0.7035493777446626,0.5039994201381264,0.6860084238177324,0.5139895201281811,0.9115849471987024,0.5398870710626926,0.6414636344871937,0.510315491621397,0.7114666410713528,0.5166024680638057,0.7817198964142471,0.506561879296124
1,459,0.7040620566382229,0.5038657164431593,0.6873064900088939,0.512752867096227,0.835749495648239,0.5372566173754325,0.6414372553415595,0.5095956050794993,0.7065565025512166,0.5162879812078249,0.7189751585610362,0.5060778540709643
1,460,0.703140713745158,0.5035783058110251,0.6861827268619631,0.51161341878972,0.7675151645543197,0.5361687887557479,0.64037161494563,0.5091808925533294,0.7042529870483696,0.5150398932422247,0.6630095167239611,0.505620217188371
1,461,0.7012964864469908,0.5037075182702042,0.684285363344495,0.5105654884897147,0.7067135678741823,0.5337629548653489,0.6386157117885225,0.5086836165575009,0.7022071372547539,0.5138610209732128,0.612723697398265,0.5051886127393145
1,462,0.7002568508103816,0.503425601751935,0.6834536352243468,0.5096034062262864,0.6521288874250356,0.531462200092443,0.6390031968297595,0.5080481193751507,0.7063770203795345,0.5127514869791706,0.5678820210566328,0.5055906473052248
1,463,0.7025152343189226,0.5035870376718388,0.6853464766798626,0.508721578854959,0.6018761660637925,0.5292676321663209,0.6408700714813927,0.5081415629602318,0.7101248560102466,0.5117107415221002,0.5273230620518504,0.5056365513712643
1,464,0.7009086373604553,0.5033074999777393,0.6861653678158143,0.5079145401790044,0.5573695274647276,0.5289851639836052,0.6378631872918522,0.5079839344406983,0.7138128613917756,0.510737641470254,0.4902380870805014,0.5058529688037969
1,465,0.6955655481216579,0.5030446966014807,0.6868234410266784,0.5089707155521843,0.5166180317561228,0.5269963692197386,0.6385041899480103,0.5073938229435596,0.711044539530243,0.5098305335003217,0.45715765606055453,0.5057974354937506
1,466,0.6928422842410467,0.5027983404840398,0.6878786780435139,0.5082129145534103,0.4812263390454604,0.5258266014326876,0.631082128480583,0.5029227732088692,0.7050529792826398,0.5095864941973774,0.4325030230498964,0.5057746848497672
1,467,0.6923127927613613,0.5025680410111024,0.6863983155983773,0.5075121813963279,0.4468966689106963,0.5240349002969915,0.6327607944161383,0.505858336888727,0.7118117174072013,0.5186222990003736,0.40273554869770295,0.505048940750602
1,468,0.6920054911968878,0.5023533198428195,0.6869919303630981,0.5068649413822968,0.43879666000707296,0.5223336107899873,0.6377621673458396,0.5055405365130166,0.7130168526129813,0.5180390430969947,0.40184764869597617,0.5046997113369177
1,469,0.6915738376874585,0.5021536262935837,0.6879122032060636,0.506267796813266,0.4501662582215284,0.5216174481800466,0.6357027582148752,0.5057942619387047,0.714214590221063,0.5171217720197161,0.424024140587101,0.505223601947201
1,470,0.6907633551200701,0.5015284221208512,0.6842436058029121,0.505717517178045,0.4740090276020962,0.5207235132576481,0.6379820276403089,0.5053501311240096,0.7151453622613594,0.5167271727805548,0.4497560830902681,0.5048987967854385
1,471,0.6901776044595577,0.5013888957280699,0.6851973050449798,0.5052110297920926,0.5052426559881179,0.5192842798361477,0.6403234585797561,0.5080028762564863,0.7121211742973688,0.5153230498741328,0.4730268271969537,0.505177836074474
1,472,0.693085254396672,0.5012608512630371,0.6842599625554051,0.5071262834899669,0.5354195375060927,0.5202751910490025,0.6410180098274438,0.5054532814693586,0.718090292010736,0.5141953094055741,0.5085709198846797,0.5140336896321239
1,473,0.6923081732269539,0.5011435706568665,0.6835918387708956,0.5065345617631228,0.5738221109110987,0.5188243763633932,0.6405150868100912,0.5050382233725701,0.7206424604462857,0.5130458670984147,0.5355374725090867,0.513096808114983
1,474,0.6961075658515641,0.5010363405664189,0.6835076315371155,0.505984710132881,0.5971985202623545,0.5174507564392962,0.6398419395070316,0.5046483502566063,0.7209166029705484,0.511971619828843,0.56372055089538,0.5121959064984953
1,475,0.699380440365371,0.5009384603668309,0.6852221080592087,0.5054746684291577,0.6184807791969368,0.516152793380696,0.6397038881554302,0.504282867748268,0.7211817064904222,0.5109702389988348,0.594343775802821,0.5113329194027001
1,476,0.7018900251628798,0.5012292384587164,0.6861888299077552,0.5050023935016391,0.6484747486879553,0.5149288131771302,0.640008802584359,0.5043289599217062,0.7213283127618786,0.5100390857428403,0.6167770874517916,0.5105093526703705
1,477,0.7039492052049448,0.5014463802501576,0.6872253280523695,0.5045658597247563,0.6739363611863249,0.5146549431409128,0.6398868610367373,0.5039866747269917,0.7176655400349801,0.5102103144444492,0.6326443128188228,0.5097262803956156
1,478,0.6964212649396491,0.5119239450679518,0.678929660396695,0.5055977822755828,0.6911529038924404,0.5082503527443842,0.6396587558273708,0.5036663759875276,0.718420756087105,0.5098902396087286,0.651174227442634,0.50985287882022
1,479,0.7082596202207185,0.501462695226825,0.683635320132214,0.5252205963695957,0.7131210204095945,0.5372999140871288,0.6390941568837333,0.5042869931492252,0.7192074527280545,0.5099049509429738,0.658636230155592,0.5091048441896163
1,480,0.7105027466201458,0.5013551271005667,0.682947473594003,0.5234015427178245,0.7340584020504956,0.5348246547222383,0.637586789557651,0.5039627640362825,0.7214780659900222,0.5095776103899893,0.6700636734873959,0.5083979717921248
1,481,0.7118491817091803,0.5012537698248217,0.6825190269950785,0.5216682566369343,0.752781126999003,0.5324405462180286,0.6408887499369063,0.5036580238225975,0.7264908945842925,0.5097824173630919,0.6797630295870156,0.5083207684315859
1,482,0.7109258847597412,0.5013581683239301,0.6803724822742475,0.5200229571744612,0.7681950082855048,0.530153799028564,0.6442869299481867,0.5033721264742412,0.7287574927439909,0.5090159446801225,0.6936045806055376,0.5076795475789379
1,483,0.7126541277319108,0.5012637819913418,0.6796911572809352,0.5184669207573146,0.7832092015052228,0.5279692811804929,0.647694028452232,0.5039093094274679,0.7289038770495828,0.5086815877238491,0.7154404758395979,0.5070761094404573
1,484,0.7065450484837897,0.5094565380459628,0.6751352744018732,0.5194814381171894,0.790862192181332,0.5289888463638105,0.6488779760932994,0.5039975326134186,0.728643795652291,0.5080104431779812,0.7343848051619316,0.5075509813201644
1,485,0.7125068126600116,0.5012526224454599,0.686731987010851,0.5156232802608522,0.8067644032136779,0.5024764408219392,0.6494632026304542,0.5038372220762907,0.7287407090737348,0.5073824431088394,0.7523709725737338,0.5069491989304072
1,486,0.7116909785540699,0.5011707926779438,0.686121390223314,0.51433396772183,0.8178432345557721,0.5020958890094523,0.6503816270819913,0.5035755311806736,0.7346244344231234,0.5187130988944344,0.7482529201330224,0.5060314182660735
1,487,0.7129892871343101,0.5010928758316098,0.6875324301167428,0.5131306712863691,0.8064050280887811,0.501765848461384,0.6535192149604374,0.49944164006336395,0.7261060360439542,0.5071433320277683,0.7735141631902961,0.5058587396616412
1,488,0.7141994635746389,0.5010187454060033,0.6885771598446878,0.5120109051913444,0.8062589877171661,0.5025720006251028,0.6510288219001421,0.5050806670986848,0.7242919956308045,0.5067419644658891,0.7927082997710048,0.5065207788322994
1,489,0.7136066275810651,0.5009482900738003,0.6892645324582354,0.5109717083668619,0.8064612048691099,0.5023120448501255,0.6571393124728694,0.49985061009699344,0.7297362335198536,0.5153017331097198,0.7895096034280111,0.5056244787484678
1,490,0.7095158044443874,0.5047888123232769,0.6837130338879549,0.5015061574603866,0.8335184051553348,0.5013562327133739,0.6592295124002554,0.4998831055811334,0.7296719512197123,0.514184093731043,0.7922994248861387,0.50516739007872
1,491,0.7145604545966525,0.5013182419840455,0.6894044890038082,0.4871131547214977,0.8134388983194755,0.5018800942124436,0.6608411448206143,0.5001485563215041,0.7275513964937339,0.5131222328194386,0.8042097406556575,0.5047408898535227
1,492,0.715092774531529,0.501239682977978,0.6885080807737899,0.4878914703520762,0.8242402851866837,0.5017005764128056,0.6626966878172947,0.500180274032273,0.7292694389224375,0.5121168011082585,0.814458309354182,0.5043438179792322
1,493,0.7138833904436439,0.5011632945133534,0.6853314441210971,0.4886555576602153,0.833697672848878,0.5025632592165313,0.6618706748597738,0.500208318655015,0.7304958765099574,0.5111679714961777,0.8242213932937016,0.5055810872020822
1,494,0.7132885247954907,0.5010892405951655,0.6520148210146482,0.489400914398174,0.8313982356261999,0.5031099161508022,0.6592567674606774,0.5003424561457281,0.6891840760391328,0.5102754565474383,0.8231023469157752,0.5058894953219659
1,495,0.7121945776897666,0.5016730876433825,0.6216703395509874,0.49012364288023047,0.8179457180726489,0.5056231191157443,0.6599847947222186,0.5001448341459882,0.6571605838563395,0.5286597314906762,0.8082885063816089,0.506695736452733
1,496,0.7100296134972266,0.5015687151696053,0.5946943813071365,0.4908204706994233,0.8173644211641592,0.5053736368305142,0.6656346714048136,0.504654491132062,0.6195689555256664,0.5093008581190592,0.8354022513166285,0.5054808622961351
1,497,0.7055837973103072,0.5014674565982514,0.5805139497267364,0.4938571077809583,0.8272696818055849,0.5051261775499934,0.6664748697457676,0.5045309401395004,0.5968354940167695,0.5085498390543248,0.8424485575591669,0.506981085763719
1,498,0.7035945906628249,0.5013696049399078,0.5733342775314184,0.4943324976701664,0.8362575609503363,0.5061976631785102,0.6626801145611498,0.5062083174343379,0.5879874563351624,0.5279502780681915,0.8209729000393571,0.5113553673058888
1,499,0.7040048757141839,0.5012754187971601,0.5742353235234696,0.49478202626991435,0.844312037194765,0.5059194617886311,0.6662250733087146,0.5086984042071735,0.5839450671097948,0.5071938461828993,0.8468266587102808,0.5065114319076899
