episode,timestep,group0_trust_in_sp0,group0_trust_in_sp1,group0_trust_in_sp2,group1_trust_in_sp0,group1_trust_in_sp1,group1_trust_in_sp2,group2_trust_in_sp0,group2_trust_in_sp1,group2_trust_in_sp2,group3_trust_in_sp0,group3_trust_in_sp1,group3_trust_in_sp2
1,0,0.5,0.5,0.5,0.5,0.5,0.5,0.5,0.5,0.5,0.5,0.5,0.5
1,1,0.5884615384615385,0.5,0.5756410256410257,0.5023809523809524,0.6642857142857143,0.5,0.5648648648648649,0.5,0.5977477477477477,0.5098039215686275,0.6519607843137254,0.5
1,2,0.6244020494683625,0.5,0.6060917273118865,0.5045977011494253,0.7387015283567008,0.5047619047619047,0.5962309279285406,0.5046022353714661,0.6290870343920744,0.5,0.7217182434423814,0.5011111111111111
1,3,0.6404002152270426,0.5,0.6231406268275465,0.5042757218238872,0.784906418789763,0.5044334975369458,0.6182546222101285,0.5043161617571781,0.6502164174166782,0.509375,0.7410924305826081,0.5020114942528735
1,4,0.6502225130969533,0.5004273504273504,0.6349619796803594,0.5039670503207654,0.813173954273205,0.5064988984917811,0.6234043642480379,0.5080216301931569,0.6576568775490096,0.5093103448275862,0.7552879701812817,0.5010344827586207
1,5,0.6504568731157239,0.5003978779840849,0.6391956277200082,0.5036724794231872,0.8312572007878934,0.5060329032991749,0.6327659031893782,0.5130142434061101,0.6646307276434829,0.5186476868327402,0.7533682342923457,0.5029624012608016
1,6,0.6495941312244395,0.5003695592663564,0.6421834699035432,0.503392582816432,0.8271192301383572,0.5070588681467824,0.6466737327787376,0.5044284971490545,0.6670899003692463,0.5068665025081815,0.7594668865770344,0.5032201395482181
1,7,0.6524405625977068,0.5005944399749709,0.6443919831216297,0.5031277246506766,0.8240062528278742,0.5089673141994403,0.6495481133704223,0.5041112771639883,0.6696679726963882,0.5073677582929783,0.7613909567232466,0.5030071471096589
1,8,0.6566990484935684,0.5005610078456737,0.64388184984917,0.5028780739125966,0.8362021214088793,0.5096113413366483,0.652369388864695,0.5038091008213523,0.6709045871569359,0.5067866367560532,0.7715717808147223,0.5038433290051524
1,9,0.6570282484151926,0.500528012139427,0.6480291921072084,0.5026436223986465,0.8461102562033596,0.5105236109213342,0.6563007270778929,0.503805259325785,0.6696707245638828,0.5062395344447224,0.7789417357988379,0.504126730879816
1,10,0.6606921387174428,0.5009229735654473,0.6527340694774854,0.5024242050935636,0.8559024203256246,0.5109980551157788,0.6570332079795689,0.5035237961786482,0.6746732464737454,0.5067680398790295,0.7851047913259007,0.503855896501622
1,11,0.6682359194846834,0.5012892267646751,0.6566535887463074,0.5039859823521179,0.8639236844486762,0.510339228739534,0.651361228106292,0.5034437408005604,0.6760513043695924,0.5062165482884974,0.7894852859587946,0.5042938395182034
1,12,0.6730072981916719,0.5012007169724007,0.6594015300357413,0.5037142147236982,0.8709404863677241,0.5096958594203268,0.6545616462124724,0.5031899382229836,0.6840501560472881,0.5057006427663588,0.793010215872423,0.5054784038597928
1,13,0.6277707484698023,0.5013397881260861,0.6644660776910332,0.5053603681381381,0.8624913426167865,0.5090704215612106,0.612886151042782,0.5029499327050528,0.6883497938923199,0.5052195356975054,0.7959448331659241,0.5056869156203985
1,14,0.5900570655005462,0.50125322940711,0.663337442697388,0.5050127549422498,0.8557898917922525,0.5084651281646069,0.5834315604999406,0.5033781064053857,0.6943781170926643,0.5058138572797951,0.809989016614468,0.5053403257867732
1,15,0.5570883850959608,0.5011695633047077,0.6626524014898124,0.5046758640961654,0.8503165230178406,0.5078818994758317,0.5558731152993998,0.5031308481151366,0.691466073670197,0.5063688651712268,0.8227215512563959,0.5050029628857934
1,16,0.5295404813382181,0.5010890347847847,0.6621932390057739,0.5043509798646856,0.8578309612760847,0.5073223411105857,0.5320180436928538,0.5033355278947242,0.6916722929155196,0.5058443139675408,0.8336206957411364,0.5046759703613717
1,17,0.5053667160697527,0.5010118443356949,0.6596392497857096,0.5040391694219707,0.8398594097482329,0.5067877320873774,0.5118377159248906,0.5032786123737728,0.691532017403234,0.5053552160364118,0.8432528796988548,0.5043603541402413
1,18,0.4844326947605872,0.5011361604687652,0.659163895158111,0.503741277839236,0.8364525917420516,0.5062790226078052,0.4937886050285296,0.5030392708911072,0.6977038650214195,0.5049003400391692,0.8513092351982843,0.5040569709473236
1,19,0.4653014268812702,0.5055536347286655,0.6532370443630162,0.5034579301109554,0.8084438087840606,0.5384730085865786,0.4780017572705874,0.5030714777700398,0.7031931778196041,0.5052511433391214,0.8579149599353267,0.5046644000136356
1,20,0.4487340264945719,0.504838745515088,0.6561799434025052,0.5031895393430779,0.8383836512958777,0.5281751828188711,0.4647642039955277,0.503059760799715,0.7076342873222347,0.5054968452615809,0.8639545755979915,0.5055195622267068
1,21,0.4340203048045602,0.5045058960901597,0.6562809552980511,0.5029363200178226,0.8352380571658301,0.5283603992282774,0.4489196555333292,0.5028462353226677,0.7109219325433913,0.5050748233319096,0.8694756990199176,0.5051713374679172
1,22,0.42082235253474354,0.5041863475416799,0.6584961926270007,0.5026983051448435,0.8441117084911957,0.5287432755808947,0.4388804683439874,0.5026431612377089,0.7103837597929009,0.5051957452891079,0.8691854060566885,0.504833616791112
1,23,0.40981907186739297,0.5038808968335312,0.6650062931791503,0.5024753660980676,0.8404253377355635,0.5266668674583805,0.43023070847864575,0.5024504534322759,0.7097134031299365,0.5048139556295502,0.8691320682870047,0.5051484344186583
1,24,0.3982260760498792,0.5035901389750267,0.6666386593495248,0.502267234004398,0.8368358875345455,0.5257898831055318,0.4211628463933289,0.5022680033440194,0.7111520522514881,0.5044537709449979,0.8688838673560325,0.5052471252469612
1,25,0.38858872821554336,0.5033144727923636,0.6642770107621226,0.5020735216740987,0.8225329507584058,0.5238926926912877,0.41298635357976216,0.5023209849493502,0.7126128902933372,0.5030729014683192,0.8687755364856098,0.5049194830557122
1,26,0.3803765159902851,0.5030541113490952,0.6594575887878671,0.5018937452219209,0.820755287140253,0.5240233308546302,0.405804592011767,0.5023008774030641,0.7139990845020668,0.5028258883714299,0.8636276171718512,0.5049307811588006
1,27,0.3718669431181888,0.5028090960925592,0.6614397914411595,0.5017273447035284,0.8193598086006376,0.5237545295574803,0.40317986667423056,0.5134585323468753,0.7095764136025325,0.5027688202968192,0.860502781576481,0.5049340614992005
1,28,0.36130889384553955,0.5025793137500985,0.6651622689388491,0.5015737032675357,0.8184649248631741,0.5219910071982452,0.3946241314817788,0.5030426280177472,0.7136526501843129,0.49404834997869085,0.8633086442719008,0.5053721071252861
1,29,0.3774873146842097,0.512563585889101,0.6629844561913482,0.5007858594777531,0.8018097523397469,0.526060227428653,0.4003908117963714,0.5029672661880296,0.7154431715395603,0.4944241785416425,0.8638658219117253,0.5060572093329972
1,30,0.3890681492062605,0.5021643341162136,0.6660161095028656,0.4798734762540779,0.8151702752222757,0.5206471610969465,0.4139837420967937,0.5126024735190702,0.7109618539895501,0.49444469813532227,0.8693997492138064,0.5052942340194893
1,31,0.4102943946611012,0.5114020842499655,0.6634129038627932,0.4781039092802677,0.8090784594151734,0.5097866871240503,0.4242729500516589,0.503148175188239,0.7144083201049494,0.5045241623213361,0.8730263774103041,0.5052455138419504
1,32,0.43051191159165,0.5025705284295652,0.6650160838551946,0.4825425558793392,0.8122414884700204,0.5360535622864264,0.4427477086220354,0.5134254289557089,0.7078514849025309,0.5054427749330456,0.876098179409254,0.5058826970585806
1,33,0.45202297664522306,0.5023591193511496,0.6664873345211295,0.483800626813298,0.8009731116059108,0.5350287683674377,0.4631864748753954,0.5032300741193257,0.7144902166571437,0.5133886359256248,0.8756173471753501,0.5055543614159572
1,34,0.47468621473306694,0.5021619435180474,0.668060160189693,0.48712784169361684,0.7908805982165149,0.5327231889452578,0.4791279925165556,0.5030192818538054,0.7130436144925941,0.5124459566440975,0.8744454148987807,0.5051852008966732
1,35,0.4967513550358225,0.5020305831808397,0.6630475839752737,0.48953457194327255,0.7457403446748908,0.5776585303898315,0.4949917666566398,0.5028180103429774,0.7119234978730367,0.5125862669144983,0.8735601930224384,0.5052964917541789
1,36,0.514796615464427,0.5056544523926206,0.6680929847735317,0.4890995680097062,0.772101142590338,0.5314588529791339,0.5090215112901691,0.5033358301397208,0.7151807572185052,0.511655919698597,0.8678797537166847,0.5049516859700528
1,37,0.5314006469097609,0.5050684452389342,0.6669477827051931,0.48999685821976613,0.7758833154547552,0.5298413068309518,0.5295128510190047,0.5031141971384244,0.717571579686125,0.5117411400605393,0.8625883910681882,0.5046203894064317
1,38,0.5462174429960839,0.5046898204318053,0.6684401675333058,0.49083571539898563,0.790365914804433,0.5278263425084536,0.5486424063958409,0.5033130530988277,0.7197860376778624,0.5108438692623596,0.8631864868473125,0.5043029802370222
1,39,0.5547592611656496,0.5117872133811523,0.6707624244151847,0.5002919439401735,0.7906040240770768,0.5302125502914006,0.5597691469706686,0.5030846210790225,0.7202533550850356,0.5110375325450998,0.8637347735933577,0.5039997553123385
1,40,0.5664460634948218,0.501401731365761,0.6734707464318572,0.5167891239575596,0.859253219530108,0.5266625994130855,0.5684340698889069,0.5137026591191819,0.7129083550588946,0.5105510780506095,0.8607914027228343,0.505608519113156
1,41,0.5772656611547493,0.5040332147225357,0.6795628655035645,0.5348886630868844,0.7848368941635254,0.5250595436967217,0.5783255981551394,0.5029724434200218,0.7197836020387808,0.5093486892301167,0.8636105272605651,0.5155702888978938
1,42,0.5882906830126209,0.5037111038834696,0.6792402326566714,0.5325097241554705,0.7866693596161605,0.5250552136044003,0.5868191567883976,0.5027598116799893,0.720043140705373,0.508581658092343,0.8542825589328242,0.5144864258049543
1,43,0.5995025226070905,0.5036436191505259,0.6791802157017387,0.5302211925102858,0.7885878845189539,0.5246661747070711,0.5930431215497264,0.5025575273697244,0.7181658500885116,0.5087488642459378,0.8458011393434982,0.5134471028595476
1,44,0.6153971278702485,0.5033554210180861,0.6767697831083221,0.5280297079531138,0.7908274260894197,0.523090918403066,0.5990444156942887,0.5028794416905731,0.7183586615054669,0.520137907929274,0.8285544699046141,0.5120127186619844
1,45,0.6237416120312222,0.5032487316016233,0.6771349878009556,0.5259403849878374,0.8041117679055854,0.5215822668902638,0.6032170543563276,0.5026978974112073,0.7209120861194833,0.520482803504678,0.8254658544447784,0.5120569872412828
1,46,0.6294668039663439,0.5029957227562691,0.6775320789666421,0.5239568415487966,0.8156249750976532,0.5207114287375185,0.6105128427949764,0.5092361129402869,0.7146283865762528,0.5083303793609969,0.8286719181210059,0.5131546306451736
1,47,0.6332298528572331,0.5027589332264133,0.677352074495315,0.5239776122927403,0.815106969729598,0.5193460232968851,0.6168125590799977,0.5087099285072537,0.71331504340976,0.5076547569029304,0.8180455053948253,0.5121618955280185
1,48,0.639814360617674,0.502537734441562,0.6820941800237345,0.5221136538052555,0.8252378189085473,0.5193228686025014,0.6225037019856867,0.5084071093305939,0.7157341860499725,0.5070236414361977,0.8228802316230036,0.5112229297590939
1,49,0.6436555679276117,0.5023314704580855,0.6875808580935594,0.520356843279904,0.8232688916631286,0.5207647232537462,0.6258785202194305,0.5078973940485261,0.7169530854441044,0.5070855992847497,0.8273040598193854,0.5110709373211876
1,50,0.6478045702718115,0.5024663607374009,0.6891393119707563,0.5210432124723428,0.821590378120527,0.5194802903545084,0.626892047286731,0.5075887408453263,0.7161773761062757,0.5065167975501472,0.8308598511393865,0.5117244795272384
1,51,0.6532703666775888,0.5028572361364638,0.6896412094771226,0.5193410782319272,0.831473048411039,0.5182476380894088,0.6231673964525483,0.5072608358206679,0.7208789878417587,0.5247937702910085,0.8060179435750591,0.5110484643438111
1,52,0.6564266887738492,0.5026464849587831,0.69017678948012,0.5177476685850643,0.8399291130494034,0.5183738686755082,0.6328263811336428,0.5108421686996555,0.7124165115969335,0.5054905742940214,0.8200485195758095,0.5104974502906323
1,53,0.6575936526983001,0.5024478440956998,0.6909144991595465,0.5162605652355131,0.8474572607134813,0.518579648832901,0.6262164392123086,0.507044999732798,0.7108698204329964,0.525124441774814,0.809383161439788,0.5109783192696231
1,54,0.656493408265296,0.5026882951858225,0.691479832879744,0.5148766374625869,0.8538005429725873,0.519674251593526,0.6320551985996703,0.5127892743585616,0.7037736291120367,0.5055668588445899,0.824359076086058,0.510717232332538
1,55,0.6556625433644034,0.5027141874557923,0.6904636050373547,0.5135921758015408,0.8603281493353708,0.5185688502472965,0.6345984505285612,0.5119948403618743,0.7076595513973316,0.5061444492944791,0.8285175228709252,0.5099535424390437
1,56,0.6511737646331595,0.5124588465754356,0.6845528037278334,0.5144701884977702,0.8601875089677572,0.5204086185662852,0.6324182399639395,0.5123191569397643,0.6996225112355428,0.5045840843958687,0.8227140696371202,0.509229015727345
1,57,0.6544093534108418,0.5024894878266833,0.6881654200565094,0.5327332412836753,0.8697413797980396,0.5164481201899525,0.6356234414986506,0.5225429671822924,0.6863399438428078,0.5038576282289091,0.7917695423049697,0.5343670297309098
1,58,0.6535153719977388,0.5023117660711751,0.6909556711078804,0.5302431432696053,0.8744259333830007,0.5154351871308173,0.6404817809378286,0.524878923899661,0.6904218362511575,0.5035216136034928,0.8013873134493356,0.5106108467660274
1,59,0.6567453182911218,0.502143583648087,0.6571383335857605,0.5278921206049054,0.8787790019389937,0.5144556763278755,0.6431287707576011,0.5144101358453588,0.6484306087929851,0.5171618269358959,0.7995201527114432,0.5092483813709393
1,60,0.6597652765118309,0.5019847104381834,0.626852996599795,0.5274852944711331,0.8822729891142849,0.514356455716262,0.6280874715088077,0.5137680197584601,0.61583723929266,0.5593111592198068,0.7793255413168232,0.5097974783963626
1,61,0.6674590879326651,0.5021383060324195,0.5979649981490672,0.5221574476629147,0.8182727213752841,0.5382201731959206,0.6434800356486022,0.5192967433182843,0.5886606702565893,0.5244760348387227,0.7970455792141888,0.5078012606610467
1,62,0.663476805020617,0.5062081107211631,0.5887247673645482,0.5232916573873659,0.8570298462409749,0.5125710229522771,0.6425012279302786,0.5179684989775306,0.5810431589484764,0.5228471267565702,0.8036620499794239,0.509274556029661
1,63,0.663470527621446,0.5057723333884255,0.5882134434198657,0.5213894200723673,0.8523961808985113,0.5117286135540565,0.6417801574541397,0.5168670380169277,0.5851307389857368,0.5212786342098201,0.8056444656655509,0.5089547469446013
1,64,0.661778781273797,0.5152938692514887,0.5906787687788935,0.5228816833686171,0.8512108677999013,0.5126906920140334,0.6425464257068269,0.5160864991586749,0.5934770372801745,0.519774336888304,0.8064903859308619,0.5083475208928706
1,65,0.6683330977802022,0.5049590430589256,0.597158785037643,0.5393867103010136,0.8630748215142144,0.5101494936039094,0.6417032579552854,0.5148950867754527,0.6010237518643665,0.5183372673173685,0.81752805587697,0.5077679463945867
1,66,0.6666800938677214,0.5145755322000154,0.601465198098294,0.5402534332778915,0.862205199855533,0.5124919807839964,0.6442174947384869,0.514113583949188,0.6113550271110305,0.5169696875314387,0.8271501022196506,0.5072161383649931
1,67,0.6663114986398891,0.50422674729672,0.6084082122177528,0.5356248953700933,0.8717405524108405,0.5324321646008964,0.6455190051732524,0.5135974548476365,0.6225839076495451,0.5156730899210027,0.8311286986116572,0.5066920880376
1,68,0.6680812467835339,0.5042593094529264,0.6136787804654329,0.5328256871001265,0.8761325600030643,0.5309463630081865,0.6427059046335584,0.520962147768954,0.6279346763403277,0.5154292971830073,0.840104105684171,0.5069837437985848
1,69,0.6699797899312886,0.503923426549028,0.6160273326612501,0.530194698258121,0.8799169238662484,0.5293755058717112,0.647841118177058,0.5118531515483064,0.6372070074164281,0.5132951178209665,0.8460481044894866,0.5154538843431552
1,70,0.6706782471936148,0.5036077826561978,0.6189040799940486,0.5277293460350879,0.8832598019854716,0.5277947128175754,0.6490730329141873,0.510927405301508,0.6462261921366776,0.5122131747239486,0.852734227559209,0.5150872518887046
1,71,0.6718070161145956,0.5035905886320345,0.6206175770579673,0.5254259425950145,0.8867264206263188,0.5258947701654576,0.6522074185841228,0.5100579894827697,0.6558865738182615,0.5121231314486512,0.8588383868611993,0.5140173286182858
1,72,0.6729884514153567,0.5033041189722172,0.6242594394987996,0.524725462767344,0.8896900013778092,0.5240824092277493,0.6554229782458915,0.5102853215895795,0.6647359201607483,0.5111247989840351,0.8597029412344535,0.5143726345820122
1,73,0.6741633524459036,0.5030358390278912,0.628975299147047,0.5250655167700813,0.8923336835438694,0.5223589255590573,0.6579142562536114,0.5094636075103619,0.6725602540734688,0.510193280759753,0.8605176418544267,0.5132056846271574
1,74,0.6752138100925164,0.5031275089321979,0.6355584794554563,0.5230012868266621,0.8945972867769248,0.5212262966550613,0.6562092669056576,0.5092344467214699,0.6776677405983997,0.5093265033467992,0.8567832082260883,0.5122387468614378
1,75,0.6748918916665184,0.5028763698656648,0.6352509505682123,0.5210786048526188,0.8968694783407899,0.5196930642502561,0.6566233323573791,0.5084926820489853,0.6782572812823118,0.5085220657741145,0.8623455566637592,0.5113214766415773
1,76,0.6758857642490094,0.5028641489060953,0.6380468469736693,0.5192918213399726,0.8879449506288378,0.5187001601417978,0.6586286645580778,0.5078004835432717,0.6808777356952206,0.5087408974317936,0.8671397364331388,0.5104541945039217
1,77,0.6767601259941158,0.5029711610300388,0.6393749196602718,0.5176349318001493,0.8800497805096199,0.5173488819173093,0.6640346543198969,0.5071558786161469,0.6827512260171358,0.5079925467208994,0.8718930162135834,0.509636774610002
1,78,0.6739597585410969,0.5027448333457029,0.6410395249385621,0.5161016760309968,0.8729505305191209,0.5160770835054969,0.660053698853257,0.5170122523326481,0.6819621667743316,0.508178207208629,0.8736350696717854,0.5092519289165803
1,79,0.670516951646798,0.5025319068073293,0.6444111564946008,0.5146856295277121,0.8663474848021256,0.5153567292625963,0.6651316041172789,0.5060010406077651,0.6899998236716481,0.5170040858460987,0.8796924632256672,0.5081490466949158
1,80,0.6700956082813937,0.5023320325782752,0.6478165309146723,0.5133802863271847,0.8606494078295103,0.5142478000582577,0.6601367918326058,0.5160379346094768,0.6887944992322493,0.5166171055456732,0.8812657171633315,0.507736392718391
1,81,0.6719411499990932,0.5021448269565919,0.6508457607141214,0.5121791328890984,0.8661837853306761,0.513207286401044,0.661496295759573,0.5052804836266497,0.6973459533007796,0.5144660728895664,0.8856936646626894,0.5162250666028543
1,82,0.6771423152026943,0.5019698742433397,0.6530480716915107,0.5110757128763294,0.7955030825273862,0.5146127821872465,0.6610295167013072,0.5052460696124874,0.6982072796925181,0.5143475481387344,0.8123194509881992,0.5160022787827159
1,83,0.6765698174380842,0.5020303135057006,0.6575475825489735,0.510063682911145,0.7320722870338938,0.5140828889874925,0.6609056558845708,0.5051655986207544,0.700791438330941,0.5148924921440434,0.746637947577656,0.5147721159660493
1,84,0.6755992053758373,0.502300773820916,0.657440050911335,0.5091368595601916,0.6753060424435027,0.5130808162180374,0.6566851770078791,0.5096186388630825,0.7002504079089956,0.5146735266677065,0.6873558486227626,0.5148514961111845
1,85,0.6769496940863656,0.5024036724604507,0.6614404179584213,0.5082892579456176,0.6347246617751304,0.5143345545450094,0.6602973866080236,0.5044689544501569,0.7095436020745702,0.5219944830313824,0.6659004136997855,0.5144382713608097
1,86,0.6742585598577998,0.5022273958933446,0.6628352922305439,0.5075151224952753,0.5980225487348098,0.5158446786223915,0.6597353304555775,0.5041213559012026,0.7109792412851849,0.5213456162949951,0.6527369561906248,0.5136049796183528
1,87,0.6774346361449171,0.5020606948536561,0.6648676717351226,0.5068089504336238,0.5866649542764463,0.5163323404173974,0.659193953806262,0.5037978736647084,0.7121666691529503,0.520868709169712,0.6548280789825279,0.5127788701717932
1,88,0.6769972939421973,0.5019034042798376,0.6621133499052078,0.5084116782973457,0.5978362734378143,0.5156703408735962,0.6525401413503853,0.5109346177449695,0.711855259095298,0.5215150337940323,0.6559838121196843,0.5125970960776083
1,89,0.675951850838801,0.5019662887085794,0.6596534510626856,0.5076816513537884,0.6191603428328284,0.5147090774574122,0.6542570307408013,0.5040596251757926,0.7141440629379273,0.5198578175489302,0.6786400709845891,0.5229532301104494
1,90,0.6771309115216504,0.5020463022952172,0.6564004438322028,0.5070085771615712,0.6381759613260095,0.5152673639488784,0.6542113885119626,0.50423631268544,0.7220738986232252,0.5265310632412511,0.6787495664819062,0.5203252336666513
1,91,0.6759785524605946,0.5022981659356743,0.6545207406423751,0.506388800304359,0.6554041065183902,0.5143383337526994,0.6507759617732563,0.5041729586962813,0.7241270439796851,0.5245118211322014,0.6877784729811758,0.5197332519602886
1,92,0.6730934620608925,0.506025153449666,0.6527226083309507,0.504669622531938,0.673112587028052,0.5156823070788726,0.6494615776934981,0.5038660275192037,0.7239649136736278,0.5232769404356173,0.7006140643796605,0.518526009764912
1,93,0.6820832588193232,0.5019891881571582,0.656493774701282,0.5258194053311822,0.680788610674112,0.512585206785203,0.6481271495478168,0.5040097668706804,0.7220520080408438,0.5214575609809659,0.7177607166217709,0.5176746430934758
1,94,0.684568109854393,0.5018454512784075,0.658369643088987,0.5239952334894865,0.6832979610619141,0.5117612667758727,0.6508560163378919,0.5037077112128556,0.722092510913516,0.519746832808843,0.7284146841700534,0.516869748881097
1,95,0.6872606962055474,0.5017089522312346,0.6582213344617444,0.5222514974753822,0.6958930057801159,0.5092076550386007,0.6532458548329002,0.5040818872834404,0.7246328957995203,0.5187221664689012,0.7324315444566063,0.5163018559042615
1,96,0.6507828824423516,0.5015796988929891,0.662126047525582,0.5205912639849568,0.7073689762126012,0.50995857176055,0.6211979621640781,0.5125826603759188,0.7204959209333751,0.5172119302568412,0.7232176574702428,0.5163903628784616
1,97,0.617926349376859,0.5014576599708358,0.6634641921401078,0.5190166237774158,0.7283059425463448,0.5099041869612966,0.5962655581342549,0.5070853157999592,0.7203170063389118,0.5031432262671037,0.7456387021456087,0.5162744041978744
1,98,0.5959831257248178,0.5015794084834877,0.6626990965572132,0.5175287150068179,0.747317842500384,0.5093453619275115,0.58181839135521,0.5037095356499598,0.7257384991253708,0.49717458564882544,0.7455834915732522,0.5141905455785113
1,99,0.5864326073169772,0.501465306745158,0.658216603298956,0.5161277731152132,0.7643919711774506,0.5088035796348518,0.5753066797888572,0.5034454804047825,0.7217254085894629,0.4971931371992382,0.7532186967043673,0.5141198321816632
1,100,0.5857831415332286,0.5013571483942099,0.6268822007281131,0.5148132018651125,0.7794272829395142,0.508814233643379,0.5676556731847184,0.5034412793971582,0.6803632292863656,0.49724151371099,0.7647772552494884,0.513038331125236
1,101,0.5884904779583922,0.5012548787026517,0.5991254274692968,0.5135836598134177,0.7931142024386425,0.5094604431543568,0.5731888297739548,0.50263160165846,0.6470465705482207,0.4953933371475033,0.7649475425475082,0.511992789499387
1,102,0.5968626539819898,0.5014486707861517,0.5756814064147411,0.5124371566649671,0.8054412153944142,0.5089594966663967,0.5694810268951985,0.5128945078187203,0.6078702006407625,0.5024371416324771,0.7973382537546144,0.5108870178224384
1,103,0.6009361601246831,0.5013463547099778,0.548787599750114,0.513368829563401,0.8163466185099242,0.5066202555689506,0.5756850411149786,0.5069106386146959,0.5799091074826657,0.506239887549108,0.7999208208833035,0.5101717079928972
1,104,0.6115234929856336,0.5012489178789503,0.5283777201792381,0.5122701411934291,0.8264434997456649,0.5062400360196564,0.5795266390426347,0.5064276392879907,0.5534440158184937,0.5057823016149579,0.8015078788217107,0.509336498124932
1,105,0.6176666321749399,0.5066662743094823,0.5267361499243782,0.5128819900006459,0.854311356843327,0.5079869060682323,0.5814207673814578,0.5059657532256859,0.5508662888660387,0.5053522835686955,0.8084138029574941,0.508558132963753
1,106,0.6300337047703595,0.5015261594069099,0.530266439528586,0.5316192240387059,0.8401118443167083,0.5043265045340662,0.5847945200628777,0.5055257403562623,0.5566900051238577,0.5057343871330742,0.8188057339605582,0.5091491874055227
1,107,0.6339010705791303,0.5014323248581837,0.5358404135133521,0.5292723374934971,0.8480442797346299,0.5040945847329658,0.5893223880141697,0.505108114413574,0.5693057963783836,0.5053181136896482,0.828667145612635,0.5084313408148454
1,108,0.63644348303784,0.5013414477988029,0.549734985037447,0.5270468170131802,0.8548168181964763,0.5067639706397419,0.5931857098125249,0.5051487735091429,0.5796969374341359,0.5072517122761955,0.8323223998269028,0.5088008261165268
1,109,0.6419554770855764,0.5016698383557537,0.5569127596617073,0.5249437271640747,0.8504754755934523,0.5064147169994309,0.5934601535781286,0.5050441487589423,0.5891193118724046,0.5224605534522447,0.8117995305497192,0.515444431798653
1,110,0.6464790712482539,0.5019849059068535,0.5638045647835328,0.5229630150665635,0.8572444762250546,0.506069910899811,0.6020186547987191,0.5086302221559302,0.5971167285525021,0.5056014970764653,0.8351159984202418,0.5081708849688813
1,111,0.6550390672512177,0.5018474988735856,0.56699857391314,0.5211035920711451,0.8631534191247735,0.5070069567926984,0.6097586037830157,0.5083185788385006,0.6033379883049704,0.5052278066024334,0.833761045396148,0.507524698942213
1,112,0.6589308236972963,0.5099788846182101,0.5683071592144928,0.5067743109527131,0.8774453657947344,0.5077338498602207,0.6146586947632896,0.5080458580869478,0.6071268905396611,0.504870505564531,0.8372689687821048,0.5074586123463355
1,113,0.6673485016411341,0.5019880073025055,0.5733032364407229,0.5349636955557352,0.8711347493543565,0.5062565396229981,0.6188731902089263,0.5074656958384773,0.6130886524520478,0.5067704123214657,0.8401229142069955,0.5072324666428236
1,114,0.6713488104953486,0.5018401786032619,0.5781876258360631,0.5326785190998103,0.8754659377392494,0.5046300379585382,0.6245272389597205,0.5071173260342082,0.6206236655965996,0.5063278736854486,0.8426861876753843,0.5080545071493655
1,115,0.6708611242858958,0.5194889209805371,0.5800951890311565,0.507450704127886,0.8849374118575917,0.5025413483706075,0.630092478524045,0.506592063459165,0.6303019785517303,0.5059026987345552,0.8451731862303873,0.5074938369779585
1,116,0.6765599053481649,0.5015672535352484,0.5872457707766047,0.5385904552869277,0.8800148419222243,0.523802395613379,0.6328310428291527,0.5060949364199852,0.6417537342935039,0.5057858380261541,0.8472832220448216,0.5079944948820047
1,117,0.6798009450662955,0.5014423096910885,0.5880611892800431,0.5363876570469442,0.8839703684093261,0.5222029008969603,0.6373792393515758,0.5062904758273731,0.6500613331678673,0.5074813673128099,0.8490752526628023,0.5086972094304029
1,118,0.6803570882648919,0.5117044354752598,0.5883708000052124,0.5379968337029531,0.8844521813351433,0.523840359925233,0.6414052519442236,0.5059635833423753,0.6572283886704953,0.5072141215764097,0.8555022840045627,0.5080960797139814
1,119,0.6850834486864245,0.5014855034879027,0.595253243625681,0.5321259655679074,0.8785506523226791,0.49966444989930897,0.6460852585882445,0.5059532127686136,0.6655490656143277,0.506728831229776,0.8566237377562242,0.5080704589875231
1,120,0.6835722345141408,0.5013718100309377,0.5994289619270788,0.5321042048145134,0.8713406480490596,0.5006885193870647,0.649318393689629,0.5059046697701067,0.6707516361964242,0.5062659435240563,0.8528460511107058,0.5075137547719352
1,121,0.6819788698486225,0.5014619884206558,0.6031136995061961,0.5300103172378245,0.8652631376794141,0.5006418658768316,0.6525721531528585,0.505801843708625,0.6714753628379855,0.5065561064915556,0.8544343410285544,0.5073195858659652
1,122,0.6840418292394651,0.5017057409512358,0.6065540832171309,0.5279874382334576,0.859770420200946,0.5006026867213024,0.6512710575882984,0.5164692435689898,0.6702926574458734,0.505923757763818,0.852072151933632,0.5072708548118093
1,123,0.6843498454586515,0.5015891249100125,0.6111901496929775,0.5260413251776591,0.8654193459861851,0.4988494299003963,0.6589682796136475,0.5057501316439136,0.678008209080654,0.5150536489395664,0.851755389195882,0.5063374532982869
1,124,0.6845865226359046,0.5014776527227772,0.6196115445360239,0.5260303673116079,0.8705164849917757,0.4989090336564982,0.660978679613976,0.5053314369035512,0.6783522809640266,0.5139998597279654,0.8530356097274033,0.5078671466112444
1,125,0.6887973206008554,0.5013714109290948,0.630178626403293,0.5241593242542604,0.874906713853219,0.5005855288168986,0.6547595841644138,0.5244058104833497,0.6749467543972409,0.5137580673888855,0.8500974282278703,0.5076930328108782
1,126,0.6903873766912993,0.5012704534193755,0.6372151495636698,0.522374626613091,0.87903521438461,0.500571362000436,0.6686417368766108,0.5049834328598118,0.6860444506518029,0.5301185166056058,0.8544579812621002,0.5076405791957498
1,127,0.6944072253192958,0.501174800757018,0.6430269879947399,0.5206790890081544,0.882854099199878,0.5005571688536767,0.6660758994887697,0.5047057660450655,0.687159015645567,0.5284275034807026,0.8513242573869844,0.5071267735455467
1,128,0.6937548236876419,0.5010844401890053,0.6479585062772225,0.5190744545240485,0.8862795795638362,0.5005423776850054,0.667680702792041,0.5049283736470629,0.6888817608447505,0.5264010023161941,0.8433782421203532,0.5069452601902376
1,129,0.696898883068028,0.5009993263871082,0.6557858660127851,0.5175614462816444,0.8893534679378022,0.5005266175528472,0.6682760524372566,0.5046650410512367,0.6913081714958481,0.5244664584027808,0.8459797130338172,0.5064779136222278
1,130,0.6961456872904664,0.5009193829093507,0.6567808233840924,0.516139843147349,0.8917004198134235,0.5028896557953911,0.6675172960948071,0.5043410097272291,0.6928019982216025,0.5226271359077673,0.8433021569544169,0.5062900393433938
1,131,0.690616251903396,0.5108441034110847,0.6548303058955361,0.5040511617475477,0.8803298055602102,0.5048223121523939,0.6641984115398936,0.5040339903736656,0.6979812733829561,0.5208850881730527,0.8410458004332078,0.5065912653605054
1,132,0.6890674643290758,0.5014581627060688,0.6590911927318465,0.5310458173332187,0.8636998623703576,0.5048122720266423,0.66334907678444,0.5043347626152831,0.7006721938889452,0.5202828583675276,0.8435289058875431,0.5063854869651737
1,133,0.6849606555718599,0.5013557340383937,0.6588847413740088,0.5290955753690522,0.8580732750950929,0.5045831358287404,0.6630165946960273,0.5045696678148798,0.7035322933650182,0.5186652468045003,0.8461269169218557,0.5069473814370236
1,134,0.681200469472214,0.5012580927904273,0.6606427391567234,0.5271999270462231,0.8638713646391184,0.5043526440914009,0.6601100684258648,0.5043965515513035,0.7095106453119815,0.5181890375281866,0.8483612796347956,0.5064948596989584
1,135,0.6817366057936054,0.501165297271,0.6600580423633178,0.5253659423191678,0.8690725453808066,0.5041221195907343,0.6517375896167222,0.5156861020887218,0.7059449910053598,0.5361603553493334,0.8251978047536278,0.5136248776081873
1,136,0.6840495858871083,0.5010773740921592,0.6598244412316495,0.5235997381163001,0.8737356203987456,0.5056150793718583,0.6586754613336389,0.5088379884073556,0.710730292867145,0.5158083551576407,0.8511472462339164,0.5161639503499712
1,137,0.6862193732534103,0.5009943178338526,0.6623255550742729,0.521906399883153,0.8780703721442608,0.5053023818620258,0.6512886946408072,0.5184551909541514,0.7034436394767963,0.5147059657798445,0.8433936710354026,0.5164003078937448
1,138,0.6881030644096257,0.5009160915942288,0.6618843392859513,0.5202899413940855,0.8816758768520538,0.5083503215553975,0.6531636900044803,0.5076819373586376,0.7062366180391294,0.5132803786580671,0.8386274731696082,0.5246275969645932
1,139,0.6900142725085746,0.5008426283611129,0.6615264269352915,0.5187533008626009,0.8742527383066921,0.5078753590248413,0.6534453653108278,0.5073634131212605,0.7060232938835368,0.5121483895019415,0.8314242588780956,0.5242716321068694
1,140,0.687644378927444,0.5010273285784543,0.6593919118476606,0.517298369611618,0.8676822666569395,0.5074080043414204,0.6502224218253024,0.5177491606907337,0.7030935692677761,0.5115145836527749,0.8252226620231211,0.5233619283288355
1,141,0.6857457691977473,0.500955289915578,0.6574623125922793,0.5183054665933816,0.8615967033255708,0.5093275076469662,0.6540017727932762,0.5069930691131747,0.7099922256467208,0.5204741270735095,0.8288550651756188,0.5225366893818038
1,142,0.6837337360244253,0.5008867601003255,0.6595805183568131,0.5168517704038306,0.8562318969015733,0.5087183113619699,0.650175587067487,0.516874320008488,0.7030598486836569,0.5200663335541196,0.8223981731715578,0.5213104273005686
1,143,0.6858342630846652,0.5012490764054377,0.6611531552373167,0.5154862377735845,0.851227607782464,0.5091995259933919,0.6538766970538654,0.5061925900802139,0.7093531345333424,0.5173649583668867,0.826505589775073,0.5307126716389512
1,144,0.6928295343085605,0.5011580406874536,0.6607682823747181,0.5142077781834755,0.846773215038079,0.5086110762996848,0.6523237863437796,0.5060567308393673,0.7100622209038605,0.5171452486036467,0.8255963893968263,0.5285932376037478
1,145,0.6978551682659613,0.5010715919833011,0.658601613156898,0.5130145826850102,0.8429184724301336,0.5096573423943747,0.6512174517633645,0.5056067983498113,0.7115421629557468,0.5157933424082165,0.8298481968837073,0.5265684584662697
1,146,0.7005110823627043,0.5016326976123158,0.652556901679038,0.5119042356695755,0.8392161415077756,0.5099223010511071,0.6521546040276537,0.5051809228146108,0.7109583576383764,0.5155612310045136,0.8333975867431278,0.5248167703181855
1,147,0.7030842449931625,0.5015221970435297,0.6507007394142261,0.5108738256191093,0.8360918272875008,0.5103745957229683,0.652856815622175,0.5047790627201681,0.7127351085820607,0.514306760036549,0.8416771831777666,0.5231407732933787
1,148,0.7036166857037837,0.5014162824644148,0.6536598850915342,0.5121808412784182,0.8225402273660158,0.5097765234197156,0.6513379691720371,0.5044009976259163,0.7158708596101266,0.5131347756377601,0.8490480730788845,0.521421554588203
1,149,0.7038589886540677,0.5014869347655382,0.6537208306850282,0.5111536396247195,0.8105549948935012,0.5091924320243602,0.6475706153301745,0.5043974183974168,0.7147644424995644,0.5120423590002271,0.8509026132466498,0.5203504668214558
1,150,0.7047522364814366,0.5013893419973855,0.6499127559966548,0.5101997958856926,0.8211025497179406,0.5086240403895329,0.6464472365082148,0.5040475250533835,0.7157786315709729,0.5120487937861746,0.8524178270873672,0.5188116905144665
1,151,0.704954162747141,0.5012957627201381,0.6471790928003996,0.509316096049239,0.8199880662122274,0.508072924947571,0.6453865869839599,0.5044485997206296,0.7165392257421715,0.5116053511521418,0.8539678901849497,0.5173645832142091
1,152,0.7054889840250115,0.5012062718881497,0.648170348334539,0.50849915002302,0.818807150977907,0.5075405009993769,0.6444767685204473,0.50410085906229,0.7133459133514942,0.5126121161844793,0.8552161492110316,0.5160068883121913
1,153,0.7036184016559781,0.5011209222283817,0.6508259559316971,0.5077454533973226,0.8177872307258437,0.507028005372665,0.6445912846674265,0.5145212500605859,0.7070821244820136,0.5129769645821752,0.8475089057962005,0.5157183199236681
1,154,0.703330553802885,0.5010397438284065,0.6593598248130812,0.5070514421480026,0.827393451100645,0.5076504312972043,0.6493474458976242,0.5143130737023505,0.7064520941401966,0.5188079769269978,0.8439089947648853,0.5136616275151934
1,155,0.7027412862684375,0.5009627439788426,0.6587793118891542,0.5085411519411146,0.836122538708426,0.5071604205580951,0.6538410984782433,0.504052926705489,0.7108509112374471,0.5279728938579231,0.8352408914940677,0.5131279315265632
1,156,0.7011972234627597,0.5012137580050209,0.658627972032234,0.5078281480036594,0.8440149935826715,0.5066881149745414,0.6521093128782721,0.5041156717611113,0.707890783527754,0.5260410910161546,0.8290336033476196,0.5120721941762414
1,157,0.701485907491425,0.5011296266197433,0.6607309031249586,0.5095470139072388,0.8508158040361266,0.50712642485214,0.650497459164134,0.5038985325051076,0.6997713094181699,0.5247360055991095,0.8497423114722433,0.5118271698203735
1,158,0.699528003012557,0.501049141424665,0.6665646039030031,0.5087691404631421,0.8573217192744048,0.5066869379221168,0.6527640396257898,0.5035476292479149,0.7047102739429889,0.5228364545716478,0.8295296945733861,0.5195470188430794
1,159,0.696496211503187,0.5009724135493484,0.6677074853425563,0.508043598743556,0.85232762613947,0.5077603973984315,0.6523867780100968,0.5032856111639328,0.7028437589471561,0.521153149707882,0.8281454194623292,0.5180495028927802
1,160,0.6891900012950627,0.5084921892634361,0.6641294589846851,0.5064991440507863,0.8678386703627331,0.5084816329471993,0.6530631911498833,0.5030379978763011,0.698714644622295,0.5195560246709188,0.8274307586639177,0.5176806398189189
1,161,0.6912206989576377,0.5008305106015816,0.6689154223329619,0.5067411925176234,0.8623560062196595,0.5283203554966326,0.6535115304792615,0.5028045433802312,0.6969947280946706,0.518394699583357,0.8265200801498445,0.5178498195550391
1,162,0.6923299980221097,0.5007653926104659,0.6712922872696011,0.5061599577826038,0.867809127926275,0.5263975611887078,0.6503920525470321,0.5027840896436491,0.6952650592086659,0.5169725227810276,0.8307156044915667,0.5164587550643948
1,163,0.6919474043660748,0.5007041476202544,0.6737774725354753,0.5056223518050786,0.8726865277644367,0.5245486576144546,0.6470689960393289,0.5025752134212386,0.6945064785318132,0.5156347910988824,0.834770632403065,0.5151519691050119
1,164,0.6943109206279997,0.5010619367500586,0.6720700999875081,0.5051260647518075,0.8771934185841751,0.5227784330448031,0.6466836668244568,0.5023785251591437,0.6912822019292983,0.5143801290046719,0.8334331231433143,0.5139275551896221
1,165,0.6871158723547659,0.5095176635906256,0.6673377517452099,0.5040662165995994,0.8873793035716738,0.5075394728118707,0.6455742111586803,0.5021936880615392,0.6939806430046864,0.5132066089051188,0.8371380305342475,0.5127832404299192
1,166,0.6932261010202208,0.5009038146756318,0.6672189036085686,0.50424816307096,0.8821045779261383,0.5354318058578359,0.651136043478194,0.5018224341864508,0.7031556588544229,0.5209483108698691,0.8206636252871273,0.5122637245680243
1,167,0.6909618254475066,0.5008315791856813,0.6681733998484746,0.5038619428047705,0.8856260639501156,0.5356274224369176,0.6514261541347094,0.5061215048593324,0.7002657701611629,0.5127115009801512,0.842651856992816,0.5115800083923937
1,168,0.6889807395795616,0.5007638380653516,0.6693753302717222,0.5035078662696792,0.8885496441318848,0.5357295173267069,0.6542604152239336,0.5059838284920214,0.7022095813667533,0.5116796889484683,0.8450663645752742,0.510606995335592
1,169,0.6871824814533484,0.5007005055947111,0.6643780198680768,0.5031837450677081,0.8806468360736152,0.5348764912963676,0.6528481998938751,0.5061450596491323,0.7027066151598194,0.5107168248511497,0.8473710995420387,0.5097031056562249
1,170,0.6858957097254816,0.5006414664657268,0.6655269332231334,0.5028874620139782,0.873304496952037,0.5348176348076342,0.6476180380196466,0.5057092607058101,0.7048130525498082,0.5098203332263597,0.8447746138028388,0.5088652930931166
1,171,0.6843961690923134,0.5005865804903943,0.6671501855807239,0.502616981703902,0.866845447893139,0.533237728481826,0.6426722726445057,0.5056419096040127,0.7046832819310813,0.5089874570597367,0.8423302393982671,0.5088784079890565
1,172,0.6857904531049875,0.500885906910039,0.6710394517656209,0.5023703587575149,0.8607252966308879,0.5320077168029204,0.6402727411597768,0.5055783321875958,0.7044779249712064,0.5096568918780665,0.8494934420410032,0.5081256919017237
1,173,0.6847286306915338,0.5008201316210398,0.6756493157695673,0.5021457438441337,0.8664175858522922,0.5299390580816145,0.6381052809163702,0.5051831851190398,0.702198616665533,0.5088797167677407,0.8466533949777953,0.5084314555391843
1,174,0.6820743494065732,0.5010810305117555,0.6761783549669865,0.5019413876531729,0.8708043060260513,0.5292507634630663,0.6360400175271513,0.5048071806312617,0.7003981551946994,0.5085493105099744,0.8487017922630564,0.5085481936648278
1,175,0.6808933839711726,0.5012319508242495,0.6766383337916658,0.5017556430186579,0.8754921784543255,0.5273468739849129,0.6410636019060658,0.5044505134983377,0.7039258928726491,0.5078730049546687,0.8506753268907374,0.5078462772427513
1,176,0.6835210221994834,0.5011556757568981,0.6784068966808264,0.5015869654283788,0.8793383780611617,0.5273438064808856,0.6410566159969899,0.5145981389001414,0.6987968020647859,0.5077251231765947,0.8433250820295985,0.5076187327539855
1,177,0.686044397406331,0.501081613896185,0.674568512117751,0.5014339121569031,0.8827844427030145,0.5260321010715473,0.6459881455296802,0.503795154484472,0.7048379469037983,0.5066549255246879,0.8397407359432167,0.5159597512878188
1,178,0.6852547826848288,0.5010099828369314,0.6750556549636686,0.5012951402581476,0.8862599851208707,0.5243458617416403,0.6475694007003376,0.5034960835078616,0.7025717186500955,0.5068806799310108,0.8375516033681393,0.5147501137937263
1,179,0.6795732064645016,0.5011814325068545,0.6774943404573739,0.501169403641058,0.8891103849714816,0.5231542368112706,0.6488891775872133,0.5036493267568641,0.7023518485615201,0.5073388854072002,0.8451024416698649,0.5152305541612703
1,180,0.6703476499259509,0.511468892821056,0.6739619780340936,0.5005487564195357,0.8876459368632056,0.5252270416148853,0.6539033506153821,0.5033574890593463,0.6998012629219897,0.506765757941592,0.8520735309339615,0.5140685195973378
1,181,0.669992946790063,0.5010378475999899,0.6787456581164637,0.5222401296248712,0.893039949638882,0.5201623397827346,0.6545940833487487,0.5032968101260896,0.7006147103194099,0.5062286408531113,0.8581512682689117,0.5129725086471366
1,182,0.6679727768424014,0.5015507262048693,0.6787229007413814,0.5206902625963264,0.8952414216262367,0.5187715517289241,0.655137881458581,0.5030379144711361,0.7016524490001639,0.5057262475469531,0.8589409951561316,0.5119418240559178
1,183,0.666088862584291,0.5014570796527449,0.6786981719503998,0.519204326989506,0.8971317079900833,0.5184480817212022,0.6537128165301579,0.5027955334489386,0.7034468925081571,0.5052572631263055,0.8599545606529931,0.5109753600934173
1,184,0.6681762268037785,0.5013657960652815,0.6771863599160662,0.517785890102374,0.8986415928456755,0.5201246499173227,0.6521461260020158,0.5025690835300303,0.7034318927635627,0.5058583938182012,0.8605184385289033,0.5105801730288236
1,185,0.6733790160579665,0.5012772091070362,0.6832156410355914,0.516437562473864,0.9000608846473385,0.5209139594408062,0.6496299737567156,0.5023579447639812,0.7071860574878485,0.5053808623344498,0.8608149710205161,0.5097279678744762
1,186,0.6753505571476124,0.5011916115377004,0.6827128979810407,0.5174580699091426,0.9012617211016056,0.5201463263368712,0.6530766772092749,0.5018126229822569,0.7082863829155607,0.5086961326393238,0.8418999160721351,0.5171228469103756
1,187,0.678671347236449,0.5012836500861456,0.6826118972445595,0.5161023748787769,0.8919661821429008,0.5194432018862541,0.6482435193594142,0.5063367449211885,0.7061602057155572,0.505123093496309,0.8616251007046763,0.5085901737643611
1,188,0.681862210142276,0.5012033102869695,0.6800641611446202,0.5184967976810233,0.8834169988088645,0.5182459896198408,0.6457078481922458,0.5163036232877792,0.7027980868037061,0.5050307834022907,0.8588228831843836,0.5038053010131345
1,189,0.6783549319323009,0.5115893674506298,0.6746218169933227,0.5161696290127086,0.8829864919794589,0.5146167449218676,0.6523139894521022,0.5058112398183838,0.7078728281835375,0.5052220276221985,0.8619739987376083,0.5157813177455339
1,190,0.6808660313568357,0.5017569472171381,0.6743153144605533,0.5157805988865156,0.8884859013015899,0.4942203578637754,0.6521017214245813,0.5062410227514844,0.713701122207456,0.5053030073731573,0.857813028927817,0.5152713116170162
1,191,0.679939392341914,0.5016433859820045,0.67067902070723,0.5145380732349913,0.8911698481559867,0.4953967840960708,0.6528197134901021,0.5057872812373302,0.7087690995786573,0.5049150193456687,0.8489674651265101,0.5163276159314657
1,192,0.6805575691395982,0.50153354695612,0.6679172212275243,0.513371543815991,0.8935473222678328,0.49587690471532725,0.6533500799724248,0.5057887991523732,0.7038472910719498,0.5045485365305392,0.8507490787959318,0.5151981351820889
1,193,0.6831503674337696,0.5014277654689865,0.6690303376741071,0.5122795219749883,0.8941069011231938,0.4980906204835402,0.6517830840388009,0.5057877573001959,0.696244365475788,0.5052447241841702,0.8526253585306237,0.514116367091422
1,194,0.6822341481595655,0.5118850347929327,0.6654275551165785,0.5045364741316752,0.8932679759413426,0.4981634347644921,0.6461758727368668,0.5060503090016591,0.6893053559837422,0.5052674036664339,0.8587393228112664,0.5140767504639181
1,195,0.6853139916685156,0.5018787093019167,0.6723548256403442,0.5281528755935431,0.8973098992626414,0.49872510801074066,0.6413757728766794,0.5160808080722751,0.6759808790301652,0.5048431898262492,0.8516522459581674,0.5143755142537056
1,196,0.685623557895475,0.5017507184478429,0.6728479694651516,0.5262972488821728,0.8993382710249165,0.49898958992529385,0.6436840919264458,0.5057702744491614,0.6728156828287818,0.5137815523694513,0.8511171351183474,0.5128368703391981
1,197,0.6838280902646258,0.5016278640391051,0.6734124024394379,0.5245038797177599,0.9008802861117741,0.5002537571815439,0.641685778584404,0.5160323199246392,0.6660456553866526,0.5136707035304418,0.843734417364285,0.5117561296326943
1,198,0.6837204223915202,0.5015104073100195,0.6758129899271632,0.5242621667172219,0.9023888699059589,0.5004416005426761,0.6506660963535955,0.5055240780507486,0.6707661580721551,0.5223100920814082,0.8400022894360752,0.5119730237861149
1,199,0.6816863666849721,0.501398544026315,0.6783015265934994,0.5225600014716498,0.9037063334335195,0.5005950799233287,0.6536577807290883,0.5051049848384239,0.6721744988286721,0.5207122939720837,0.8377854318369137,0.5120950444833531
1,200,0.6820289427947902,0.5015680197147343,0.6806011237761389,0.5209302147535195,0.9050620991137244,0.5007169681839179,0.65595184039429,0.5049188846749189,0.6712003759277217,0.5191873423491709,0.8362160493879897,0.5111699159090419
1,201,0.6827146519244968,0.5014576701931036,0.6827944152074966,0.5217494410052586,0.8733782033008322,0.5008102337044943,0.6626594435660376,0.504665953571545,0.6677245737910721,0.5193066588884112,0.7821424031488957,0.534762549658557
1,202,0.6863572313013145,0.501352330538532,0.6840044543908985,0.520111090071097,0.8670903787285292,0.5008779431780124,0.6607282420590048,0.5078886190867539,0.6790855808528524,0.5178076121218476,0.8057402100753708,0.5102355885799819
1,203,0.6864099871482299,0.5012521278822794,0.6811005447251802,0.5185589995599156,0.8506968297392211,0.5009231743332252,0.6587151925771435,0.510317599030893,0.681371865581857,0.5173717231529784,0.8204390307828102,0.5092522173866042
1,204,0.6853561072906796,0.510041897314289,0.6739663592565188,0.5054770484353559,0.8449899936329772,0.5011070975545464,0.657393965319477,0.5082974739250117,0.6997880725274549,0.5470402503237184,0.7815259692610772,0.508423970043503
1,205,0.6896006858263422,0.50134237623282,0.6732537615508866,0.5311524419618366,0.841099476418447,0.5029677435822247,0.660335234416127,0.5110311294074495,0.6973759074807304,0.5234933279493543,0.7916224821939608,0.5079643035521448
1,206,0.6936032918839299,0.501247923528452,0.6659081059310656,0.5306060180854016,0.8366538228939893,0.502851297049163,0.6603783444972099,0.5102240416266541,0.7018714278011293,0.521675558893911,0.7888709071074352,0.5091196538133561
1,207,0.699128143411106,0.5011578449067794,0.6640219229076574,0.5286483312252938,0.8447477218312152,0.504272247254874,0.6560639120992621,0.5119172428596562,0.7009840918375041,0.5207519529926122,0.7941991711409268,0.5078825081028949
1,208,0.7056335442600712,0.5010722149686314,0.6652164504823534,0.5267492848825831,0.8412496939838255,0.505024384845693,0.6591611610369122,0.5088662109587228,0.7056371506996225,0.5277274023689594,0.7876981623609386,0.5093369591928949
1,209,0.7007404110965348,0.505403739837892,0.6622298727590591,0.5290682967432131,0.8525271711547634,0.5056185104268472,0.6546973577919516,0.5119559594432349,0.7050921237916885,0.5288692871176661,0.8027752989278748,0.5107960212151158
1,210,0.7054294448857552,0.5013417779940307,0.675242327561247,0.5445824025806908,0.8325640433196819,0.504596421411795,0.6525489885264829,0.5173225836904641,0.706755722346817,0.5267339203950948,0.7816732429724037,0.5202066611143515
1,211,0.7074422675110755,0.501240127578844,0.671838661637369,0.5414189091949396,0.8410460426887145,0.5067816768772552,0.6536482578872027,0.5067816580677293,0.7104946349749994,0.5334928088432607,0.7909383131253674,0.5181949461242912
1,212,0.7060776387223228,0.5011440418024422,0.6723008405256855,0.5383931488096966,0.8382131707383491,0.5064877882983997,0.6541730451667086,0.5060637436850789,0.7091905536012871,0.5309111164828644,0.7882550484840114,0.5173273058470597
1,213,0.706370290655818,0.5010535162460971,0.67249469046588,0.5355116957967611,0.8247507343760339,0.5082624595876356,0.649069067387558,0.5158656442166387,0.7065560008063947,0.530504355853031,0.7774633261747521,0.5170128042300731
1,214,0.7078285591169878,0.501350797870404,0.6729252119095204,0.5327790593998735,0.823108999904864,0.5085404064147016,0.652757498337958,0.5052037089461296,0.7125446794625172,0.5274801098396134,0.7785792504424898,0.5251863348571879
1,215,0.7040629482756554,0.5012482312518151,0.6713551367646323,0.5301977905394397,0.832645219753961,0.5081124591762275,0.6479765164394781,0.5053693098274995,0.7154751675545394,0.5252815137119686,0.7770512862040129,0.5238750433488023
1,216,0.7025225305844828,0.5011512939938029,0.6732195910838289,0.5277686306209456,0.8192658181105693,0.5076822848593248,0.6493563138228883,0.5049336958831724,0.7143227418682893,0.5239658259140292,0.7563974878372279,0.5227292641245841
1,217,0.6992938955676065,0.5013632823263204,0.6718587774018447,0.5254906910622418,0.8177086594882105,0.5090778692123903,0.6482164014204477,0.5045285889453716,0.7171396773471914,0.5220097043851281,0.7576237477140152,0.5210277397787775
1,218,0.7001295919332302,0.5012645390831713,0.6710155058308556,0.5233616525096381,0.8164682269612152,0.5092862346458448,0.6493356063475756,0.5039698214376277,0.7196399012468778,0.5206571380520081,0.7582142859031076,0.5201956878093386
1,219,0.7008198339663235,0.5022123154981236,0.6700681478197232,0.521377973602071,0.8264008690539383,0.510258303618558,0.6501051488887102,0.5037930101924682,0.7218426015109322,0.519269706873604,0.7590138034696452,0.5186401940489829
1,220,0.7012970034641598,0.5022871569594871,0.669664181706639,0.519535100471864,0.835594937810127,0.509710555820478,0.6529277358981931,0.5038639258091271,0.7266332651459129,0.5176835703436359,0.7596802958246007,0.5176628950642418
1,221,0.702334921158582,0.5021385603257097,0.668491865782076,0.517827669749616,0.8434724849927786,0.510814266163183,0.64896622863815,0.5035156423096823,0.734457016324378,0.5377522390053927,0.7459186874630853,0.516391120538068
1,222,0.7027115965247677,0.5019954012959704,0.6709791394253729,0.5162496995024758,0.839013743907029,0.5102742933526951,0.6568367890402836,0.5067065745286872,0.7297714908026753,0.5148416147947589,0.7608631106970534,0.5160404277846846
1,223,0.7009439727802843,0.5020269814282673,0.6736068238779103,0.5147947641463929,0.8358390043474183,0.5097351398905459,0.6481765073485574,0.5076499657072738,0.7217771475284287,0.5126661798137052,0.7741252231067323,0.5153448338338955
1,224,0.6977099742651824,0.5018943921638193,0.6762995058805796,0.5154005655796193,0.8438843330897791,0.5091998715496084,0.6496424726913419,0.5057958227152324,0.7264745107943297,0.5214473667085486,0.7590298382396417,0.5145024279666267
1,225,0.6976840265813953,0.5023925293690424,0.6779143865394023,0.5140681046913352,0.8509350383650497,0.5086713530785445,0.6480940148227712,0.5057778063632452,0.7258163530140197,0.5198362496077444,0.7503951905875571,0.5138044349288388
1,226,0.6985976512871839,0.502238007132067,0.6799315248839806,0.5128374466809988,0.8466998849892633,0.5081522276292751,0.6465081697958971,0.505133351183269,0.7254969877287039,0.5183154336842191,0.74219873171779,0.5135717760562087
1,227,0.6960634071302297,0.5024297269212703,0.6793522632509055,0.5117027921115421,0.8427779615147298,0.5086832763432286,0.6452224005935847,0.5045024639376049,0.7228991982075843,0.5168835758120467,0.7397906622612,0.5135480648610361
1,228,0.6934443509836777,0.502269381780592,0.678986206392533,0.5106583785125424,0.8500619543310451,0.5088859277031934,0.6440595123711901,0.5041787208787012,0.7205963828341767,0.5166881675053173,0.7423054961566184,0.5130170658453741
1,229,0.6909416794434188,0.5021149492997604,0.6790370086385177,0.5096985338513383,0.856638673010764,0.5083965891401215,0.642173878435011,0.513826588744983,0.7131577773572877,0.5143293142546884,0.7349415608678117,0.512036962544993
1,230,0.6904557658930285,0.5021881569372499,0.6786979810487793,0.5088177197592889,0.8623383563292872,0.5085061611955347,0.6457956024007218,0.5033828581229782,0.71257655134985,0.522588284960061,0.746196533836046,0.511440589688365
1,231,0.6901427644533387,0.502041621164174,0.6766346392805388,0.508010565896616,0.8461708869370533,0.5080456947325086,0.6403106220897707,0.501950395888225,0.7153246738184045,0.5418122301863918,0.741140021325214,0.5102040886209591
1,232,0.6893438327604693,0.512401624476046,0.6706525950171048,0.5067101982696792,0.8428644414129915,0.5092446514781126,0.6471581184170896,0.5058933804939182,0.706562092441551,0.5202915451645915,0.7587857963830053,0.5099968975062633
1,233,0.6950470432589041,0.5021570660833446,0.6716274219413022,0.506596751535959,0.8477021564649238,0.4871766606278552,0.6442263315004862,0.5059052199559028,0.703954004951006,0.5187608185107189,0.7641135577693217,0.5092222224844197
1,234,0.698047399897065,0.5020213429661572,0.6700948649580086,0.5059803993556566,0.8439417436160509,0.48816659832119674,0.6450620991009398,0.5056283049256354,0.7016844462051072,0.518287030219285,0.7735076216967265,0.5084979016290383
1,235,0.6987123618949637,0.5018902220356444,0.6710292583303593,0.5077448606267259,0.8511008841760637,0.4891094382350753,0.6399569416283863,0.5020099980936622,0.7051878675691734,0.537658380800007,0.7641058903958757,0.5076437622629643
1,236,0.6991202101220216,0.5017639527099921,0.669567706049179,0.5070767819903997,0.8360923409855686,0.49238186713960047,0.638684425121613,0.5023284030477616,0.7042952860674422,0.5374281639677022,0.7717361460331411,0.5070524980506014
1,237,0.6950832948894323,0.511878685197044,0.6579917775605193,0.5063894396829715,0.8201731757220821,0.5101532963779808,0.6472279522360173,0.5084152666098644,0.6989098915992755,0.5157481932181506,0.7749628496951932,0.5068977621895301
1,238,0.7023251666846806,0.5015267947655246,0.6617078203784689,0.5058916349606284,0.8081686424693368,0.5175266335100007,0.6500498760730944,0.508527366999565,0.700879521321024,0.5144884647178934,0.7740043315267694,0.5066242969199511
1,239,0.700598253117572,0.501834420043208,0.6633486008291245,0.5053683256067428,0.8083662839600887,0.5165068010787442,0.6533842198485799,0.5141008575099829,0.6991500641783319,0.5100311386904772,0.7606384953316507,0.5061206687032321
1,240,0.7010204302816141,0.5019021802367839,0.6631309417770493,0.5048872342037721,0.8190940396919774,0.5176697556120126,0.6533992613351309,0.5141985302548893,0.7048115020685927,0.5214119245128834,0.7530817418986165,0.5059788898125436
1,241,0.6988641908692692,0.5017722092936606,0.6689987605045002,0.5044455418282633,0.8288959673617268,0.5165638757799172,0.659087700210477,0.5071062963407028,0.7130637738194107,0.5186170203857432,0.7580460166900912,0.5165528353470413
1,242,0.6999933375617404,0.5016478889928644,0.6697574157578915,0.5040405489043484,0.8375605357477953,0.5154889345253947,0.6605377932172064,0.5072020188433826,0.7140629837530328,0.51722855322562,0.7632290086928898,0.5162091688540935
1,243,0.7024112257701888,0.5015293517019146,0.6709926533953077,0.5036696756018937,0.8453453465211979,0.5144488990933395,0.6556552140708067,0.5141737544283723,0.7109154816506722,0.5169710293360859,0.7669096474894522,0.5074624482711443
1,244,0.6939436361526694,0.5116418299492496,0.6669244182709912,0.5032943002856868,0.8299516932881154,0.5113887023227971,0.6591535373747173,0.506538272279738,0.7135891198636489,0.5248730139258958,0.7665986126385569,0.5149420620758928
1,245,0.6988607152985508,0.5013099274669647,0.67067634070431,0.5030205713349379,0.8369317553968018,0.5342598470579695,0.6570098213661848,0.5061002023961784,0.7166942875591713,0.5230162266414852,0.7665847392518425,0.5142888939773451
1,246,0.7024241961833904,0.5012090797302775,0.6715821996924275,0.50273778524749,0.8231796738323973,0.5330934898918439,0.6485268954350196,0.5091324109363917,0.7135858784875174,0.524186216901419,0.7843260615129825,0.5141877844562255
1,247,0.7030933456904657,0.5011140971395504,0.670197335208439,0.5024800088897443,0.8109418280097757,0.5311668069667453,0.6530108394908617,0.5051382778414809,0.7199504717213471,0.5313587524118616,0.7773793623015587,0.5126573385462055
1,248,0.7056428651836072,0.501024897507628,0.6688871551823597,0.5022452676985749,0.8001611600863106,0.5292770839630142,0.6525553379604698,0.5047512431970506,0.727517012662752,0.529018267793563,0.7665151634067532,0.5117627803796222
1,249,0.7078370639631409,0.5009413636655684,0.6680955299116303,0.5020317065918855,0.7688425392927203,0.527432619284639,0.6567820046013849,0.5042372180454634,0.7266059374522444,0.5267998052283287,0.7618395117767977,0.511667020832321
1,250,0.7097040100576287,0.5011992154330279,0.6652457977377201,0.5018375879510708,0.7513402302280803,0.5256409338561855,0.6544827047931033,0.5046167647145838,0.72471128712171,0.5247045309279637,0.7575773596007941,0.511053491521541
1,251,0.7113347424646594,0.5011096541527927,0.6621248436754278,0.5016612889240328,0.7570102114402093,0.5239086583698978,0.6528701797533892,0.5042489160275343,0.7225601413564587,0.5227324033454328,0.7581682926313362,0.5104505795097956
1,252,0.7111702746709267,0.5014113861271705,0.6573422743165589,0.5015012981009026,0.7618594980342933,0.5231616627660699,0.6529741799417242,0.5039023817890443,0.7209325799175194,0.5208822776747511,0.7589625606185464,0.5097310924080647
1,253,0.7128871651204102,0.5013079587031225,0.6551916388208104,0.5013562116383621,0.7555752719323825,0.5234866126762224,0.6512576164245419,0.5035772135023063,0.7210030878379369,0.5191520264829241,0.7596191512646805,0.5102269715206403
1,254,0.7121641731498237,0.5012097050565445,0.6556256665012946,0.501224728923069,0.7609270776123008,0.5236766118475651,0.6498675162570692,0.5038738677649826,0.7210489585885058,0.5182771533887328,0.7646941579026707,0.5107168566883036
1,255,0.7096206386729088,0.5011166949295788,0.6576463156062047,0.5011056478714916,0.7651136218322522,0.5235521623852992,0.653552351308363,0.5035605979358412,0.7192559077556527,0.5167453550514124,0.7646941934230151,0.5100089904375241
1,256,0.7002533833046392,0.5108392124341502,0.6560022382254027,0.5034010657543995,0.7675516554742859,0.5245909371986568,0.6458718959453266,0.5045952199588437,0.7134883276314742,0.5163091462489544,0.7780567762989062,0.509953815245369
1,257,0.701689121498443,0.5019382245099738,0.6561363405565148,0.5030461566006851,0.7268163922092986,0.543178104944691,0.6520019455514899,0.5028141199332721,0.7118212562687746,0.5240617838308976,0.706006149271069,0.5088824209577584
1,258,0.700204233494486,0.5018027098435908,0.6530110765906596,0.502810932852626,0.6697271221316331,0.5403291616542615,0.6543269914497486,0.5023526275464614,0.7051842609693699,0.5221672156302716,0.6695687720438287,0.5082779994609039
1,259,0.6990035792499351,0.501673090835221,0.6550931952082525,0.5025896054346589,0.6397873733474062,0.5380521731372705,0.6522739092282364,0.5063912212924386,0.6917977953779287,0.5217287331328649,0.6448968702204734,0.5082149984640433
1,260,0.6987756304275214,0.5087096056007716,0.6516257345926663,0.5043011941241407,0.6350100212230603,0.5413533548193338,0.6579012361697083,0.5020990192495903,0.6912894575184131,0.5280915322775949,0.6336773364599179,0.5071609656357936
1,261,0.7041052055914009,0.5014323523827524,0.6560230276484068,0.5249441937705013,0.6478445911319416,0.5336736400954535,0.6573709056203568,0.5021362817520538,0.6882275642355524,0.5258935028666942,0.6281810041720151,0.5080665314678162
1,262,0.7036214790752781,0.5013214670659302,0.658089198252765,0.5232439215741107,0.6532613971415697,0.5317906147696215,0.6588052637057005,0.5026119847678746,0.6874503741100682,0.5238275524546832,0.6325614729351681,0.5079300397089407
1,263,0.7040676860367313,0.5012169518709226,0.6602978853122651,0.5216085368121787,0.6341924320227702,0.5301540138346952,0.6602451068801315,0.5023951613368905,0.6846577877026544,0.5218913200530146,0.6506084693585289,0.5074095827924784
1,264,0.7056880898761286,0.5011187679570951,0.6598928942835707,0.5200426659374365,0.662692347189498,0.5280477529935921,0.6615464675339066,0.5021933407199889,0.6867017415590091,0.5210892716010505,0.6572557212353626,0.5069114430391719
1,265,0.7061763070341182,0.5010268238278631,0.6578606454526882,0.5185498726983104,0.6775130176948349,0.5265452035082996,0.6589879495741299,0.5089053599168987,0.6852759842356447,0.5199749545635617,0.6562349230053359,0.5063903569164102
1,266,0.704319033591287,0.5009409818402607,0.659598703059812,0.5171326747737173,0.6908683847795156,0.524670762228041,0.6635472776004713,0.5025661621055996,0.6930279863039847,0.5278742413169482,0.6866183165496843,0.5059822189461662
1,267,0.698493475160104,0.5082749747188945,0.6534594427782414,0.5026307857377498,0.6995946160955979,0.5291707862513881,0.6658182672595325,0.5025098111644456,0.6931450304392223,0.525739359674037,0.7039321077224749,0.5059516762625137
1,268,0.6977859072295336,0.50078686392127,0.655527507781871,0.5317451356232042,0.7310364613210947,0.5239163385409616,0.6681698848735236,0.502334720640582,0.6941482993272395,0.5237268904721973,0.7192827131359156,0.5062628314754506
1,269,0.6988449982486121,0.5007181433256717,0.6522064582495103,0.5321681078946869,0.7377089487873596,0.5222272132857567,0.6687835761535436,0.5021696332654586,0.6942268476976409,0.5218353951053316,0.7285779016842007,0.5058420484152377
1,270,0.7014977703836687,0.5006546485812552,0.6509972820841048,0.5300950906727531,0.755666958448053,0.5206306216715977,0.6606094849031527,0.5020674141112041,0.7017396108935688,0.5432713972856553,0.7185213074161255,0.5054969859217309
1,271,0.7035897817010189,0.5005961114707188,0.6526775745616764,0.5280852906348101,0.7719587179548262,0.5191237434092782,0.6663204143228768,0.5059674862268956,0.6971103055598648,0.5189651364683905,0.7352801868377643,0.5043837195083505
1,272,0.6998603006070946,0.5009272226155146,0.6554030423833384,0.5261462094411347,0.7643614804602469,0.5177036758280804,0.6654808151048957,0.5055575335726935,0.6975619645375716,0.5174071353455334,0.7522428437029476,0.504356616432826
1,273,0.6974786839592158,0.5010527040339465,0.6503518896193566,0.5225610598407422,0.7262323858477336,0.562678070040127,0.6628900760236291,0.5141298315941271,0.6948137946580392,0.5112507875205515,0.7522360197831028,0.5041302199244249
1,274,0.6863552520487399,0.50483988254386,0.660007706684263,0.5225040463616769,0.7637231030144671,0.5151121439801354,0.6634966197432766,0.505371271796852,0.7059484181169517,0.5215847159939997,0.7580741419297145,0.503816248310658
1,275,0.6787874756132819,0.5045056412755567,0.6599226998795356,0.5208097319690145,0.7685235783459429,0.5139347140557775,0.6606161060948349,0.5050042538134922,0.7091335385195507,0.520357197542301,0.7633343562226924,0.5035639893344013
1,276,0.6776767199322834,0.5041851598194594,0.6605391144874455,0.5192037123727904,0.7726350762808459,0.5128321826168855,0.6600821532057727,0.5046539587940773,0.7105097267858916,0.5189030787226517,0.7680787514988822,0.5033234137230906
1,277,0.6748454662031244,0.5044428212147013,0.6624380071186247,0.5195963370184665,0.7762183885674363,0.5118015491804028,0.6573506256941105,0.5044297572125942,0.7151778644790439,0.5175238556296815,0.7723292703817043,0.503773243967233
1,278,0.6758499739268228,0.5041266901768761,0.6656414992748428,0.5191622675121561,0.7793755276340585,0.5119935161304537,0.6589995795183251,0.5037918234812883,0.716239259991972,0.5162186802511016,0.7811399032890336,0.5035303458144125
1,279,0.6790494913994016,0.5038253054849466,0.6670143372814226,0.5177091609019058,0.7501053926960938,0.5110768084483174,0.6585433717919729,0.503603464077148,0.7168768896985549,0.5160281151452051,0.7743708359119665,0.5036723003535447
1,280,0.6807275673685209,0.5116017943272362,0.6656617988174152,0.5060951643824337,0.7444067506786961,0.511920515864753,0.6580091579671339,0.5037542877512377,0.7155578915108007,0.5147957738079103,0.7824520030557349,0.5037162397834787
1,281,0.679974771963161,0.5036856183076455,0.6710744590350781,0.5150494021391379,0.7592021681575492,0.532250166522736,0.6538879836638094,0.5100379544704535,0.7087472312739389,0.5133926658848365,0.7883553235683798,0.5045947010192803
1,282,0.6746521987268148,0.5036643334090183,0.6743543700982892,0.5138405458179258,0.753500138674361,0.5299776391840156,0.6644316706940503,0.5036614747045386,0.7101848916021634,0.5213859953427004,0.7967611886596702,0.5040615472017236
1,283,0.6684335120097398,0.5035755185087669,0.6772015623222603,0.5127099738820562,0.7377916522686322,0.5278081547660266,0.6620147493146403,0.5102934773601479,0.7058126974279259,0.5144786313523991,0.8044861084648173,0.5039948551252299
1,284,0.6664145319287003,0.5034400264569888,0.6781557360573308,0.5116553279125297,0.733212912577427,0.5257442923951839,0.661469426971431,0.5099463075054472,0.7096481086103094,0.5134041567407238,0.8095397672680951,0.5053220066054765
1,285,0.6626880804253789,0.5031922036164115,0.6763762516826736,0.5106739025300426,0.7291187062431775,0.5269637586835003,0.6551139384560231,0.5015271505837582,0.7192373075911619,0.5495231600351583,0.7956549612226322,0.5059775594228173
1,286,0.6589809258311973,0.5029577642613811,0.6752265630674934,0.5097627219530362,0.7263837665993577,0.5262531201557777,0.6586662888722579,0.5058426294533473,0.7148715533366488,0.5252025091114954,0.816077942093938,0.5064652007712523
1,287,0.6555397111089102,0.5027364851571614,0.6773789316431587,0.5089186093296612,0.7452711683024663,0.5251510588869565,0.654127732923835,0.5054590908256046,0.7174479671359626,0.5241784936304491,0.811176034656969,0.5060930044455092
1,288,0.6566117276129757,0.5025280854112085,0.6779845148640649,0.5081382487418139,0.7516477477346505,0.5256428014117547,0.6459037536467124,0.5108998169728652,0.7198239555264658,0.5432835752532316,0.8023560599043043,0.5067704211218782
1,289,0.6574031411122647,0.5024742868141667,0.6780395503562939,0.5097991905818663,0.7680005925421269,0.5244220760062869,0.65612482528969,0.5068703458755591,0.718319600938008,0.5211318953257645,0.8194582051613841,0.516106266646498
1,290,0.6597387274633413,0.5022910072636818,0.676366174112152,0.5089718938090404,0.7828910162801169,0.5239647321497294,0.6537450995968046,0.5064757984194044,0.7183713956842815,0.5216748670353382,0.8186654949222302,0.5160838520216449
1,291,0.6505572789112711,0.5022336376424158,0.6753707776728963,0.5082045085799166,0.7853098912147238,0.5236530481151175,0.6518019660522455,0.5063512015158577,0.7187775257409083,0.5206277330964963,0.8225933566138378,0.5156489483843966
1,292,0.6458448047659318,0.502073428266835,0.6737081942175493,0.5097198826376789,0.7982390714599177,0.5220466338655628,0.6517673262305138,0.5068176237638407,0.7207583845795003,0.5200456747713992,0.8210348890753477,0.5145715551261622
1,293,0.646283444127139,0.5027651770287017,0.6718330247519596,0.5089220189131163,0.7885917990993961,0.5205200150150137,0.654252898110573,0.5063634169727755,0.7208495826119594,0.5186535658077845,0.8200250513201076,0.5135382320007936
1,294,0.6458463207405073,0.502566459670659,0.6668096568567573,0.5081786290335141,0.7906315632877579,0.5204052290729717,0.6560277526623237,0.5059249366954103,0.7148327564800401,0.5173245072594622,0.8193398212016136,0.5125513367925175
1,295,0.6494902398595038,0.5027330470517278,0.6635607672522659,0.507487484987625,0.7926032888311748,0.5189977938593372,0.6578669506242893,0.505503622514281,0.720164351550802,0.5160597338672213,0.8185326345528957,0.5124046928867938
1,296,0.6566492353506082,0.5028696889126727,0.6605253812352172,0.506846265519263,0.7941802308010192,0.5183359576357179,0.6577897020393205,0.5051006403283157,0.7186673518424518,0.5148599513301647,0.8176747832907206,0.5114772255419969
1,297,0.6187079374760162,0.5026806710759149,0.6616702633857522,0.5062525785239335,0.7952365534538186,0.5175848704099482,0.6276976614110968,0.5047168781649823,0.7169389672824895,0.5137253512076396,0.817078042013808,0.5105984742501679
1,298,0.588584124778773,0.5026095698937888,0.6627835949130642,0.5057039840930041,0.7643818575319624,0.516398594770333,0.5959064915113543,0.5043529507053491,0.7149500957845883,0.5126556364337828,0.8260980013016823,0.5097688759498576
1,299,0.5635118630925198,0.5024389804269329,0.6725441661106816,0.5051980175265938,0.7578861432650006,0.5164158459513074,0.5719452556835584,0.5040092113926223,0.7116229467845315,0.5116500557570174,0.8248170892207342,0.508988362954635
1,300,0.5444884549958791,0.5026267325566193,0.6752067301049415,0.5047322116538838,0.7629008620658178,0.5153275807123058,0.5570964418804135,0.5036857707308314,0.7071858208118125,0.5107074452197568,0.8287224327220141,0.5089134503597965
1,301,0.530562896418871,0.5024527316747764,0.6731299487295855,0.5043041178691839,0.7783486342465558,0.5142905950828145,0.5508956921973599,0.5033825192482775,0.7037380951851665,0.5107875017008072,0.8329015057059066,0.5090109251473076
1,302,0.5307644976651154,0.5022861401549069,0.677933996044929,0.5039113253968811,0.7810025468009215,0.5166546509609604,0.5501573761028103,0.5043103114706201,0.7003516785660684,0.5099058282075429,0.8355427667351354,0.5083087296523564
1,303,0.5346496456669738,0.5021270382172295,0.6746889133890364,0.503551478422094,0.7946414580370823,0.5155674771058198,0.5547235155890639,0.5042873536112392,0.695110021783896,0.5090829405710487,0.8386757683901773,0.50764893868957
1,304,0.5414587755418204,0.5019754779024017,0.6418379542138621,0.5032222908523745,0.7960131935590586,0.5121366513979551,0.5608989136139138,0.504402231662195,0.6564579807722863,0.5093578457585485,0.8416480336859455,0.5078921018027821
1,305,0.5463438900539321,0.502171213537781,0.6085665988175623,0.5048387915871363,0.7967492404914381,0.5156529053687848,0.5706130184472126,0.5040560881380479,0.6214634131223583,0.5085746434919294,0.8490416185381547,0.5079593630461595
1,306,0.552810221111411,0.512078843779037,0.5801802109939963,0.5047642370753084,0.7814608518839833,0.5170444589025952,0.5795571283266026,0.5037309935054448,0.5904173580717307,0.5078464798789329,0.855466675990516,0.5073473977345229
1,307,0.561297803926277,0.5020370088869134,0.5722445343633976,0.5063055311763235,0.8087094476100846,0.4923005511409006,0.585936829728173,0.5038021239419903,0.5716027171039401,0.507171053456902,0.8610354194519196,0.5073941408296903
1,308,0.5691482157858737,0.5020251121717008,0.5712986762180903,0.5058402654784462,0.8195798668923148,0.4928704724086185,0.5911533207667938,0.5034965169866032,0.5666957773503571,0.5065459269231203,0.8661843376234464,0.507318295010572
1,309,0.5803109450145892,0.5022736201307079,0.5696748371299127,0.5053994095686217,0.8293467912333811,0.4934191874240919,0.6015408340404322,0.5032105076443983,0.5679563248966119,0.5059685672395853,0.8708417557617375,0.5073962063871054
1,310,0.5935119326108645,0.5021368811316553,0.5760352313752222,0.5049829111812223,0.827410122005734,0.49394352727134866,0.608863635387721,0.5034943162420679,0.5695735744172654,0.5054363829572457,0.8751525632422616,0.5068719157353806
1,311,0.6020341689004365,0.5022636654132863,0.5840911305651364,0.5045905817491089,0.8254930263671686,0.494441151193327,0.6099332915274704,0.5135941827851672,0.5710532043975426,0.5025080071939773,0.8770075448651624,0.5072356819129107
1,312,0.6136284231690283,0.5022243226348605,0.5869039979727023,0.5042220943376864,0.8237763130601959,0.4967758871644034,0.6197317932375205,0.5123552052963829,0.5764261047960867,0.5130791577383642,0.8776471143923172,0.5073326257364983
1,313,0.6231182112239142,0.5020948125732099,0.5962759622706445,0.5038769875975163,0.8219491570501295,0.49837371666933683,0.6321145857729341,0.502738202938379,0.5817815000937127,0.5119698890919661,0.8752847783264468,0.5161851941151367
1,314,0.6311051921299319,0.501969104992467,0.6044616530723105,0.5035546746925018,0.8097737193330906,0.4994695751831033,0.6373114177886651,0.5131408128598569,0.5853876027119601,0.5018799925548273,0.8725444978214638,0.5155278086764375
1,315,0.6404726854240018,0.5018473999262312,0.6110742679154654,0.500803683776088,0.8094163008648775,0.5003081428573837,0.643645939366217,0.5028465555484296,0.5903550248646962,0.5154572610458666,0.8730711638438882,0.5159141664880469
1,316,0.6486787438350913,0.5017298835658117,0.6152778320962167,0.5007028092942761,0.8092759979938392,0.500529901591446,0.6470269899412897,0.5034166239517945,0.589466909074613,0.5145335175386738,0.8727522965779667,0.5147546874942301
1,317,0.6524180138840008,0.511553879302147,0.6144962167193356,0.5001867100981982,0.80644850703611,0.5016190497790106,0.6461275680644207,0.51275186550135,0.5919795153916113,0.5155637477774211,0.8667221242325426,0.5136014091223831
1,318,0.6649973510671072,0.5017480400339934,0.6212437992094321,0.47907921094517103,0.8172405928065848,0.5036919132649859,0.6539348437025135,0.5123419746733487,0.5966360035895604,0.515517832707277,0.851158652356379,0.5125575556665257
1,319,0.6666195815710039,0.5016374803411968,0.6292144425212112,0.4804936136965901,0.8163189137671376,0.5043452797317016,0.6548639999180793,0.50270890007656,0.6028069405182586,0.5273017587538106,0.8387731989345729,0.5105727550150896
1,320,0.6667087604655814,0.5018273410859712,0.635751295201493,0.4818574976283463,0.8038235886867996,0.5048215215950291,0.654878556432279,0.5031246425332974,0.6183040984084669,0.525640558946693,0.8277814171742608,0.5104114967705855
1,321,0.6595865942293927,0.5080338211515082,0.638385985006428,0.5000613622897631,0.8003632439487564,0.5050343693705075,0.6556695189314357,0.5028976504485554,0.6307961277996753,0.5240210177731397,0.8269732720872414,0.5095846249577686
1,322,0.6666917206869984,0.5018241756846793,0.6488249600388337,0.5266694261478676,0.7550532872602631,0.5063179130508063,0.6537383206571766,0.5026824744756542,0.6359702934617641,0.522449239329145,0.8208804516378551,0.5093705064000498
1,323,0.6696206994973618,0.5055137600026328,0.6535681967607118,0.5058961840121579,0.7811717564553161,0.5093439643790758,0.6504791139067241,0.5024790376663858,0.644976204100265,0.5209306332627686,0.825236603485675,0.5086316699229254
1,324,0.671386608187082,0.5051413404766664,0.6559794432563171,0.5055303053163859,0.794950742929027,0.5090065868387862,0.6474459516092331,0.5022872093746714,0.6494946705729702,0.5194698357365845,0.8341195725076492,0.5079394273869324
1,325,0.6729129079452064,0.5047828590907605,0.6601258500690902,0.5051746855644489,0.8075455755125025,0.5086443567756493,0.6443615758645272,0.5030226345528017,0.652783232798147,0.5180706584852002,0.8369444832172293,0.5077176177424442
1,326,0.6741862053697881,0.5044393241373566,0.6625168972033909,0.5048304814433237,0.8068417256191079,0.50826270529341,0.6499700166283994,0.5028102544442227,0.6556097590750158,0.5167360657293901,0.8437356451223286,0.507110777995447
1,327,0.6771234243618305,0.5041115223427336,0.6658982580928795,0.5044987236596763,0.806517820785783,0.5078668707806366,0.6473060994361192,0.5135209181512681,0.6509684686185807,0.5170910389441556,0.8268571829383297,0.5069799326980047
1,328,0.6851771308320049,0.5038000206864347,0.6727191720069394,0.5041802950363791,0.8063455694935413,0.5074618173953336,0.649440219203027,0.5030510310690911,0.6562894446885094,0.5074244794049615,0.8259545957672995,0.5060146610414338
1,329,0.6815831140449164,0.5035051743253994,0.6733404014458721,0.5038759152838432,0.8060819434439115,0.5070521670177984,0.6509288956227003,0.5028359661157288,0.6550123716068255,0.5078391620847378,0.825378756062621,0.5055219786251676
1,330,0.678184057580086,0.5032271395646054,0.6754796332647237,0.5057847427637839,0.8066824727700495,0.5066421456823224,0.6517695178741445,0.5027941704284701,0.6559551662498746,0.5071841960002103,0.8246194752803746,0.5073001545564999
1,331,0.675147413900423,0.5029658907197647,0.6781037562443628,0.5053723533529676,0.8071746412758473,0.5062355449155885,0.6494193560657673,0.5131230921711001,0.6569841409932191,0.5069352552637869,0.8181441106006286,0.5060915979004438
1,332,0.6782838946616678,0.5029735005102313,0.6780101675648118,0.5049781476480452,0.8075549141851431,0.5058356978117081,0.6475847355759935,0.5026474685543312,0.6728255262949348,0.5302391384382962,0.7960954399638309,0.5164220804243578
1,333,0.6829213085459492,0.5027374454578867,0.6759016677474039,0.5046029676177103,0.8076681944541052,0.5069012816761777,0.6482769715825609,0.5066862169381483,0.6733903918496792,0.5285201456217273,0.7919774229734914,0.5217325560501145
1,334,0.6876820951512925,0.5028389674930352,0.6756401457256777,0.504247378987228,0.797314085359312,0.5064754225736018,0.6565675769664779,0.5101824127991954,0.6732354682331149,0.5058743977474148,0.8106875888237326,0.5142376825376619
1,335,0.692552115201622,0.5030401940446239,0.6755012437549934,0.5039116877283585,0.8092239798121714,0.5060587044461505,0.6566599983159668,0.5096419234640968,0.674448039987459,0.5064073011758765,0.8159255965554247,0.5139873340834278
1,336,0.6912994571116493,0.5085808026571013,0.6713081380736088,0.5016506615387396,0.8344509091932094,0.506481820505165,0.6571303469636335,0.509079827471272,0.6838705999527569,0.50586503022852,0.8211518779475746,0.5135898349032495
1,337,0.6973380843253915,0.5025803084198633,0.6773612580255276,0.5219457020544084,0.8159299166000971,0.5052618593049323,0.6478695654437103,0.5060611758575455,0.689778763631522,0.523847955740774,0.8321163621816323,0.5130841608099693
1,338,0.7012767484690341,0.5023715732888663,0.6775368012795412,0.5205547129607467,0.8153440782637809,0.5069070533673552,0.6554398195712539,0.5121000556895694,0.6971275120000888,0.5048961657796232,0.8316874375582549,0.5214621201551493
1,339,0.7041443847200701,0.5021764968847965,0.6736120400175357,0.519203013610369,0.8146901436043701,0.5093026254582198,0.6579939244717984,0.5115558940978262,0.6939584201432524,0.5052605205245878,0.834738427780408,0.5219256224815265
1,340,0.7063491160018642,0.502244307308793,0.671916731614946,0.5178959750256366,0.814255076071138,0.5099668310935381,0.6598855600107744,0.5108622333467555,0.6911527149557856,0.5048255146507521,0.8285363644733232,0.5203506387746017
1,341,0.7064015672756182,0.5020677617166309,0.6704362690863841,0.5166381670181661,0.8137991272475923,0.510198191817709,0.6655891230968216,0.5100659125548445,0.6926795829303205,0.5044211228467862,0.8136587695966939,0.5188518187655624
1,342,0.7063665812008386,0.501902514103441,0.6691834399637909,0.5154333217105141,0.802519707769842,0.5119691520412845,0.6670861629037838,0.5093112505944491,0.6918199903300415,0.5048664296641057,0.8051024701942205,0.5174304338514346
1,343,0.7027182787572505,0.5017481498046434,0.6698039683997135,0.5142843244690641,0.803346191196583,0.5112622796542093,0.6664838713291266,0.509475549575656,0.6929831586679227,0.5052847726571464,0.8020076495687094,0.5160870024214376
1,344,0.6993898215120703,0.5020991290354954,0.6722477666357759,0.5131932299372133,0.8038814012962961,0.5118300514401852,0.6675897013317869,0.5093426528811803,0.6938568705129566,0.5048815416536079,0.8082593445614594,0.51566995479142
1,345,0.69659120226243,0.5019498255705118,0.6752467361900983,0.5121612997918782,0.7936099323031137,0.5119422130880213,0.6684619482867297,0.508628429535452,0.697002783213176,0.5053656244074076,0.8143513220913869,0.5144363102321036
1,346,0.6977245153775594,0.5018084635038864,0.6783246891885722,0.5111890581509956,0.7845746336141525,0.5112544864549146,0.667219365565943,0.508541788275891,0.6976770567433066,0.5049622861809053,0.8198710022812565,0.5138833727791906
1,347,0.6973896185345281,0.5105487045254253,0.6754829720373758,0.5006223663008756,0.763055579430517,0.5123081168556881,0.6662913468111691,0.5078812815076109,0.698428145126555,0.5045812592379361,0.8246606011873169,0.5135622356204629
1,348,0.6963518399946997,0.5054416928457762,0.673429117597976,0.5298698594852421,0.7870943973842127,0.5097900684398778,0.6633244354212139,0.5072608668272308,0.697174065282168,0.5042223078442875,0.8288785171615409,0.5124928659540261
1,349,0.7071279624110968,0.5016863951911862,0.6693542268175642,0.5023189622504738,0.7247605958771204,0.5599084823431837,0.6615207478758078,0.506679552829557,0.6975356331782084,0.5045086347946619,0.8278644514458858,0.5114901639243261
1,350,0.7018856898165688,0.5055274392379464,0.6783989068609484,0.5025366463808515,0.7401214052957298,0.5086667458946718,0.6589186968214462,0.5065557327751294,0.6980484158474304,0.5041731629324692,0.8221472070633542,0.5121588074311405
1,351,0.7007970376926689,0.5142784053060483,0.6737847739973917,0.47880230331580353,0.6886094543376694,0.5093938797063973,0.654789653209737,0.50658472398572,0.699363439160841,0.5038562598988334,0.8172004849918175,0.5115620753744601
1,352,0.7027665551745096,0.5047896553480424,0.6741267769615785,0.513840179246262,0.7004143467604174,0.510443351074101,0.6455930532577202,0.5165152374248547,0.6975114962721777,0.50251697341526,0.8061403280057821,0.5092231741483639
1,353,0.701068943982614,0.5044446658805258,0.6692325313356264,0.5134606550667101,0.699897180600529,0.5097978061624688,0.6490617137393545,0.5045852934201525,0.7053373815024412,0.505677617086929,0.7927425015035233,0.5005436486016014
1,354,0.6976988490198329,0.5041163030870295,0.6664720445564967,0.5130289086506055,0.7107280468290188,0.5111345717325047,0.6439500325119901,0.5085242876019794,0.6964679025328165,0.5047246690357141,0.7994715417293954,0.5019439265490513
1,355,0.6961185212171285,0.5039650796898937,0.6636798804998681,0.5125522980229906,0.7207936016145062,0.5105083423831916,0.641404352147704,0.5081256691267604,0.6978271500038737,0.505419718287797,0.7965975931671456,0.5017894666514033
1,356,0.6947959829693963,0.5036701559535388,0.6610789073889735,0.5120385879325696,0.7297152645622182,0.5122655457965108,0.6413974103976485,0.5079714295165184,0.6982488117279338,0.5050191807391592,0.7988339576820035,0.5016498622964041
1,357,0.6961066921170034,0.5033914268222924,0.657173101540158,0.5114956973052953,0.748636042723893,0.5115020273083835,0.6411298830237596,0.5073803505429586,0.6990937799396062,0.5046393831710032,0.8007305351483367,0.5015231343249719
1,358,0.6960956901336119,0.5065833203364074,0.6503719271364835,0.5127530232480999,0.7861588143035977,0.5107413141811307,0.642590879819557,0.507619444157733,0.697574166534411,0.5051404392785801,0.802481601963066,0.501407554838385
1,359,0.7037666491627146,0.502881924428989,0.6520388597839112,0.5103534441457341,0.7764511353498077,0.5328658903552747,0.6427330687065608,0.5174442861640265,0.6912937862860726,0.5042495353027199,0.7873768599442176,0.500847351996452
1,360,0.7061920842652001,0.502650572138131,0.650400689176002,0.5097687290367825,0.7778534936329643,0.5317285737668059,0.640257171661088,0.5069751924224397,0.7004548436398312,0.5373120364082786,0.7792342640430571,0.5017454759651353
1,361,0.704180647475462,0.5024342850091067,0.6509074498608131,0.5091838224446208,0.7705873466339642,0.5306209352184329,0.6481420782281917,0.5102300061948786,0.6960594523538135,0.5133272255755446,0.7990879181179189,0.5007284145436823
1,362,0.704861059709023,0.5022325726256491,0.6512711626960233,0.5086045398833237,0.7746941279456392,0.5285391041226954,0.6471174387019568,0.5097020865958872,0.699195250371603,0.5131177511027379,0.786870219906368,0.5015214053919892
1,363,0.7047128234617267,0.5020448888838374,0.6533791201864736,0.5080359518393112,0.7675797875979901,0.5273208058085811,0.6461107812427468,0.5089823663700566,0.6993769737511891,0.5136197952697725,0.7901116910367265,0.5020372364148356
1,364,0.7046962062178931,0.5020867273204189,0.6560333387003144,0.5074823597120411,0.7718676116436577,0.5254125126018284,0.6440961077853324,0.5083004374114134,0.7017542577076101,0.5126590576160723,0.7980673332698126,0.5019325741205595
1,365,0.7006456281498076,0.5019208399225487,0.661561082976476,0.5069473009257921,0.7649295205190596,0.5242245267557863,0.6458675974220092,0.5076564313616849,0.7038655312814136,0.511740999388257,0.8050336205610267,0.5018286063671378
1,366,0.6995085116299288,0.5021272925159718,0.6589660488757152,0.5064335778489583,0.7693410562330169,0.5229858550097276,0.6489338989762498,0.5070501681757282,0.6999486331528065,0.5108671459447832,0.8066194159098137,0.5017257108109608
1,367,0.7003490424604104,0.5023783971918364,0.6608595699670586,0.5059433049528569,0.7733927135917521,0.5213604085286583,0.651515114636424,0.5066820785971163,0.6966847685306049,0.5100385004473219,0.8081131171624933,0.5016243128135164
1,368,0.7013612470247939,0.502196727733001,0.6589515397763849,0.5054779688382628,0.7874733307748575,0.5202630838830336,0.6458298200839488,0.51425067482846,0.6955098099051074,0.5282519954935332,0.8001050373830567,0.501552011403181
1,369,0.6995837798041207,0.5020257571622617,0.6592512241962505,0.505038496245518,0.8002311475865632,0.521741411109099,0.6559911512906155,0.5097527458578711,0.6946140398716796,0.5178452620075127,0.8276157783166103,0.502215320378609
1,370,0.6967335772128809,0.5018652306110576,0.6593460242219209,0.5046253258358312,0.8116102050541036,0.5229709860035497,0.6512144561564307,0.5085958087535356,0.7007208651117709,0.5396734552834402,0.8208305621103498,0.5019621125001996
1,371,0.6957241035710424,0.5017148629998835,0.6617272719580766,0.5042384802924098,0.8222244977693398,0.521442751512912,0.6599682631636528,0.512523131296006,0.6943525078879862,0.5152519667142264,0.8391372825119846,0.5040118291510272
1,372,0.6912028145505794,0.5015743400887663,0.6634629985779132,0.5038776360637335,0.756225641148439,0.5199859024609222,0.6615223153862837,0.5118877803064352,0.6912710985518989,0.5140595612654226,0.7712927812891782,0.503795126058994
1,373,0.6887626843031972,0.5014433204634171,0.6672126008457068,0.5058998492987387,0.69650679667229,0.5208521476974993,0.6631772747785465,0.5110392931697845,0.6905628302398797,0.5136344876261627,0.709799360289016,0.5035798066601146
1,374,0.6921829133698968,0.5015796449873585,0.6713873000310031,0.5054282625842167,0.6432426507225697,0.5194987328875857,0.6643855555524979,0.5102303759487832,0.6880461758635295,0.5125541331672253,0.6549687788457162,0.5038330544804568
1,375,0.6937912334695056,0.5017575926902668,0.6392577328773134,0.5049862117613015,0.5953572461012355,0.518203937748835,0.6659129421843526,0.5096961840664694,0.649970638677798,0.5115401472790574,0.6057703073830185,0.5036145802699155
1,376,0.6949993035308237,0.5020584631155949,0.6102920703361537,0.5069540156315735,0.5516855697415223,0.5178957216703672,0.6631969349442942,0.5089632004196091,0.6156422297045875,0.5105913133079867,0.5614348774067358,0.5033996920658864
1,377,0.6941096577060436,0.501909078300996,0.5847060958165353,0.5064048158686717,0.5235465593551428,0.5173635508076753,0.6548943489653548,0.5110719962840673,0.5787712254443352,0.5055651517613167,0.5415890813695742,0.503401262946437
1,378,0.6888204110557486,0.504585419983799,0.5571682401802227,0.5044685812809756,0.5150972603672613,0.5109139216772256,0.6527753360633396,0.5086201970077822,0.5544731586604223,0.5173665259163372,0.5505746344336778,0.5029847774899414
1,379,0.6930917448389542,0.5016332030910644,0.5365100049699018,0.5054065457858331,0.5302059332357999,0.4933919286435171,0.6377862581850784,0.5074236740597078,0.5289061061115204,0.5171638589064945,0.5775896975113213,0.5029711346152081
1,380,0.6940414624009161,0.501506642620299,0.5151372841160481,0.5049560012007827,0.5586552716390087,0.49391744945227956,0.6358267280518658,0.5070707155890444,0.5068240110729564,0.5163328098955486,0.5996066473497242,0.5027677676661343
1,381,0.693040074320291,0.5018148201209813,0.4938270803659974,0.5045365576906039,0.5838596760230171,0.49510003502696914,0.6313158668283593,0.5069470350832949,0.48672783134020897,0.5283109064892068,0.623021053765243,0.5031849729910958
1,382,0.6923369400818703,0.5016736202798305,0.47835667401561255,0.5041470599087821,0.6062312739978221,0.4992790202268879,0.6280144533027805,0.506389862847112,0.46871566337631687,0.527556117182332,0.6522575255269729,0.5035093590572444
1,383,0.6957212082800824,0.5015407501591859,0.4640972197525224,0.5037862396616201,0.626631145141834,0.49961195986818774,0.6271916000465507,0.5058689433945002,0.45315038314047074,0.5257466504001761,0.6790763288449244,0.5043237832996876
1,384,0.6865035300473193,0.5051507270464642,0.45235999660229426,0.501689010713078,0.6437641084545941,0.5004271702273645,0.62988982600838,0.5053830928040938,0.4333883373637409,0.5240032184070056,0.7022613730960658,0.5031063531189631
1,385,0.6879112679067891,0.5012994696841759,0.4415006252888085,0.4815432000179034,0.6467695075462248,0.5006301030184431,0.6324899251379525,0.5049309958513901,0.4203576941459257,0.5233712590060972,0.7233122962181611,0.5028910324734441
1,386,0.6833259612503235,0.50119067384126,0.4258394335113147,0.4827764809866686,0.6631949491578322,0.5021827253481471,0.628057837524398,0.510130569527213,0.4085567016526285,0.5220082302825337,0.7440093682072316,0.5018954793537692
1,387,0.6808309355493755,0.5010894476335721,0.4094095070912733,0.48396696925927,0.677599369228254,0.5031793697493717,0.6293829271189183,0.504920991758928,0.3944968079711467,0.5290423547516144,0.758582307023273,0.503051598737139
1,388,0.6838262203248164,0.5009955032152578,0.4160379820617793,0.48511061633744884,0.6906812002533735,0.5038243639626926,0.6278739454250208,0.5047252346627772,0.40026048334722664,0.526947081900374,0.7694656723868581,0.5034845467203979
1,389,0.6859956739982418,0.5009085263326317,0.4268906474403907,0.4862041673809402,0.7026944795174227,0.5038990689642808,0.6304060561477837,0.5044824957135191,0.4207559232665951,0.52494988315182,0.7833212907819993,0.503265007325759
1,390,0.6831699229145344,0.5080106489843932,0.44483627418621524,0.48561492107560067,0.7156384572423041,0.5027684319936555,0.629449740912263,0.5041255113573141,0.4444370355468524,0.5230537017873818,0.7967133634938101,0.5040945174476242
1,391,0.6901469427936947,0.501071941195666,0.45896150263679164,0.5097023435684241,0.7406036080773158,0.5014995256192659,0.6302488257905701,0.5044214344335561,0.4694545008410745,0.5219949906580222,0.8082917937973253,0.505131296512868
1,392,0.6899078441832257,0.5009867831227759,0.4758292323323721,0.5091469584282557,0.7584697671275359,0.5016349594722482,0.626987364138502,0.5036327224398373,0.4890540091064062,0.5395595882855937,0.8009346039720096,0.5049700019071617
1,393,0.690204346357621,0.5009070794057345,0.4947420442873262,0.5085958955007192,0.774365554758442,0.5026882935444441,0.6330287683267425,0.5077795523734981,0.506341846503368,0.5186537367325907,0.8281656523409747,0.504507614680102
1,394,0.6916906740695088,0.5008326472101443,0.5119454085407715,0.5080532227169104,0.7885307001098022,0.5045316934922607,0.6332074129588547,0.5076574495596256,0.5252223330262976,0.5171342334182464,0.836768026021931,0.5042101441238723
1,395,0.6930131419308392,0.5011335576012165,0.5273260057925968,0.5075225959750521,0.7908408073117853,0.5044601542391784,0.6323634949737106,0.5071082833341493,0.5385531610979638,0.515713407722835,0.839797647322721,0.5039234546015237
1,396,0.6943132326838649,0.5013047442890609,0.5379013294620376,0.507007202154895,0.7928750250510854,0.5043589833081595,0.6345886248387688,0.5065851724820988,0.5548598872612541,0.5149543715771232,0.8424999274902227,0.504270641459109
1,397,0.6972492340484864,0.5012156005059385,0.5486810125049711,0.5065097271419543,0.8051931055296971,0.505106380458748,0.640136998292028,0.5060886266655015,0.5603019713724621,0.5140724078083643,0.8450990390244328,0.5039840358273933
1,398,0.6984203045595297,0.5011303303808229,0.5592227306564267,0.506032346418091,0.8055685122153806,0.5063131033485017,0.6401150794410467,0.5056189149907813,0.5660325054458578,0.5129140839294283,0.8426313291494589,0.5047259215269634
1,399,0.6994054645130794,0.5010490089674038,0.5679243866736332,0.5055767348762701,0.8053772193041553,0.5087946924921826,0.6421094641303378,0.5051760719186285,0.5718536637778189,0.5128495538740669,0.8451071475733426,0.5043945656218419
1,400,0.7002021896453396,0.5009716891105594,0.5777250989476164,0.505144092046872,0.8056765319618208,0.5085286593345553,0.641945771161047,0.504759909669071,0.5819834366186197,0.511783269256801,0.8519571971294635,0.504077850846643
1,401,0.6971235421586024,0.510338961745449,0.5817992692591549,0.5114849162738387,0.8080035805943789,0.5096084761165153,0.6395824127702546,0.5043700358897523,0.5963666402695394,0.5107930846145013,0.8583232241009535,0.5037762743907263
1,402,0.6999448176782709,0.5013188968921138,0.5887787644682049,0.5260473047488555,0.8253291144173417,0.5102863167959055,0.6395224329209342,0.5043175171816182,0.6107957162698047,0.5098752485798036,0.863881806269231,0.5034901635713568
1,403,0.694437470630011,0.5012379068037737,0.5902717331108384,0.5241416223768415,0.8340485619517253,0.5085763226832869,0.6414730848477807,0.5044035298336735,0.6238656370211425,0.5090259544647072,0.8690255038644865,0.5032196835664186
1,404,0.6879798720005519,0.501159241556209,0.5945118267800445,0.5223322354744014,0.8313553004330545,0.5081857019403208,0.6433165762033239,0.5040441890956556,0.6356931379469142,0.5082413875806187,0.868688771360981,0.502964848070441
1,405,0.6819941843378028,0.5010831126175684,0.5987959949247356,0.5206199915799772,0.8291600943528044,0.5077873414946718,0.6427725784022406,0.5040338626472675,0.6439565132648308,0.5075177643027023,0.8681564578467413,0.5037548313300617
1,406,0.6807345758481086,0.5010097140026752,0.6044926430776446,0.5190049263301048,0.8272999809295332,0.5073848726699101,0.6401572002635871,0.5120146568510093,0.6465779025844419,0.5073032095780624,0.8605178968834892,0.5041333926720429
1,407,0.6778206905701161,0.5107042788292013,0.6107810789596744,0.5141236084222808,0.8144634065462893,0.5077744116902831,0.6454499437005555,0.5036051149698288,0.6514467818848658,0.5156121562794005,0.8539001352618066,0.5058032175971312
1,408,0.6749154171150379,0.5178227744217004,0.6165002684662979,0.5487322682252775,0.8271536060541095,0.5041580275628249,0.6446786631499842,0.5033172536551355,0.6544461173344003,0.5154085280612292,0.8505712555073026,0.5070878341031669
1,409,0.6860180668472567,0.5008074672170478,0.629444023728065,0.5538119860278612,0.8272407679276341,0.528473331482712,0.6464314206789835,0.5035335922632506,0.6552075134673839,0.5142049265250384,0.8382081089304021,0.5070354523828255
1,410,0.6910850513367804,0.501285062985788,0.6307779159123758,0.5440528647785192,0.7848867057825266,0.565563512183429,0.6519328937087501,0.5036508580626938,0.657708695372279,0.5130738893388386,0.8269874444539979,0.5065592850851954
1,411,0.6843692892977495,0.5051800449838476,0.6398218432389233,0.5463717812891807,0.8345795527774568,0.5263293368011124,0.656655001898155,0.5033783964396743,0.6596086529266293,0.512013914612953,0.831042150391962,0.5066971498331424
1,412,0.6825684563836483,0.5048427644223056,0.6434645337967299,0.5429057316798787,0.8427866545840939,0.5255457020725581,0.6568419730681473,0.5033483458273215,0.6625536038589684,0.511023171173584,0.8345065840820659,0.5080410496200527
1,413,0.6812244907278695,0.5046391948977346,0.6459209138820599,0.5396171706258642,0.8500472622971326,0.5268952715834214,0.6568970633651096,0.5036619386237176,0.6689957200300135,0.5100995274909681,0.8331450730598309,0.50750458170996
1,414,0.6753818117850259,0.5088679426539773,0.6454148807210383,0.5425384423441749,0.8850870675817334,0.5299349705705906,0.6571541223639414,0.5037238741144566,0.6763490782414,0.5092405882516143,0.82703511369576,0.5077131906774758
1,415,0.6746062528614994,0.5040269616434693,0.6508116371509971,0.5335830705392471,0.8590997112268026,0.5453463587778737,0.6623002576530799,0.5035820859908983,0.6796739925707959,0.5092088127648909,0.8353322111938487,0.5080919643695317
1,416,0.6639514571780226,0.5037402216335434,0.6513430760071021,0.5331895581584084,0.8647228840240329,0.5422048366671863,0.6638874775274148,0.503336863764603,0.6840633171666668,0.5084365493101509,0.8432593611574537,0.508648057312128
1,417,0.658160728720487,0.5040204906103315,0.6591725786502505,0.532824082382233,0.8699861922671434,0.5392000060529147,0.6651035826609957,0.5036044616944507,0.6879132692884399,0.5077193940059518,0.845449039212399,0.5084692181799648
1,418,0.6574657590350038,0.5037328127601981,0.663263772174272,0.5301156483000092,0.8747210172661157,0.5373996902547244,0.6670622908279942,0.5033603138242434,0.6893446527791943,0.50705479384136,0.8474349239434089,0.5086206477872233
1,419,0.6617688030605178,0.5038805253952033,0.665504571350913,0.5275884146747382,0.8787861208440645,0.5353631259572863,0.6683429460765248,0.5033702269010017,0.6925437179080267,0.5064401224944979,0.8493829910565335,0.5080687871362932
1,420,0.6664473365434639,0.5039870277739175,0.6690134334647386,0.5252369966034455,0.8715094896439307,0.5327712359479149,0.6690420307139052,0.5032429157011937,0.6974204741253105,0.5068987186867383,0.8508491158155204,0.5081487798127805
1,421,0.6697455818095721,0.5110267285625153,0.6731557577001532,0.5248238857755007,0.8764730718008963,0.5206510749916048,0.670080089135737,0.503107158928886,0.6999718764957684,0.5073455756952102,0.8524802957219239,0.5076154949633025
1,422,0.6775229032328981,0.5034402699660954,0.675369770153269,0.5210353563094402,0.856983183816059,0.5437895653333884,0.666671485141987,0.5108369576362899,0.6955264627022255,0.50633779888826,0.8576492046136407,0.5083046087444459
1,423,0.6786672852595425,0.503187879698922,0.6739423397800433,0.519170288941241,0.8416219028611138,0.5409806780521171,0.6713947790777585,0.5037143586212078,0.705084862546413,0.5155265574666197,0.8538233842553684,0.5077164023268278
1,424,0.6819216484600913,0.5029493437466819,0.6741735437610143,0.5174517303304501,0.8386897834856281,0.5382695292859869,0.6695625491177156,0.5034893132446897,0.7074564955113297,0.5143479486266782,0.8553030394904501,0.5072101712983992
1,425,0.6752121499468389,0.5133862498031544,0.6740750652161023,0.5121569916221325,0.8232316573019709,0.5412492395659593,0.6705951469282961,0.50327229504339,0.7088456417589454,0.5139548526885914,0.8613546824953161,0.5067223547545482
1,426,0.6854613254653875,0.5029101305578579,0.6776073374620486,0.5331584227470821,0.8323527770382138,0.5331626047821441,0.6713119484244833,0.5030634302596567,0.710119042438321,0.5128775597547789,0.8618132121833701,0.5076512881669416
1,427,0.6886706683635465,0.5029309462185466,0.6754643914542579,0.5307364403275204,0.8302266430232315,0.5307755935852859,0.6725206612988005,0.5028628363888723,0.7093346921302244,0.5118629660053492,0.8669456429015436,0.5076936939245703
1,428,0.6869185358351908,0.50271092671173,0.6740693313950264,0.5284378825826945,0.8280105069145579,0.5315493647622933,0.6708851700203514,0.5026706163613952,0.7089860249213975,0.5109102361985236,0.8718162788894319,0.5071962981532757
1,429,0.6854981414698921,0.5025035125586964,0.6748451926167438,0.5262631918034502,0.8260928656716411,0.529267284090816,0.6615874289390204,0.5185208145768749,0.6986714016537156,0.5097186969256836,0.8845197962849275,0.5057194747656607
1,430,0.687520135762978,0.5023084318284234,0.6717726433068739,0.52659292701152,0.8241853470684745,0.5278850386128356,0.6680257885515729,0.5030747128431706,0.709881797970005,0.5271902306882561,0.8685023867514773,0.5067471210483088
1,431,0.689485947612179,0.5021253724591442,0.6396621458426516,0.524499780887017,0.8224124388749686,0.5286514010692498,0.6629356011825897,0.5037817780070043,0.6703184476512211,0.5262422858709329,0.8680863668637743,0.5070490741573652
1,432,0.6937220678342684,0.5019539856723707,0.6103047287701107,0.5225333578005927,0.8207625603320116,0.5277864808263198,0.6585986006300901,0.5039321825834143,0.634051368594603,0.5243070484465258,0.8581563298668453,0.5065814973820337
1,433,0.6887497402072282,0.5114595377742908,0.59168240897308,0.5229605276373698,0.8078216147794305,0.5333775865636076,0.6536570691895878,0.5107408711083268,0.616415049106945,0.5158742017289636,0.8536608839698793,0.5056959297239104
1,434,0.6925912241098545,0.5016446732287171,0.5815901395690355,0.5398148705926432,0.8164867709081197,0.5263135441465431,0.6514402312768484,0.503582961384768,0.6119469501387832,0.5207279469592041,0.8446359663714602,0.5150739939530077
1,435,0.6896532701108025,0.5111669464036576,0.5767130511719372,0.5423696816182404,0.8158995467514926,0.5166266054373874,0.6495027328171868,0.503561700409428,0.6137793429054385,0.5190867252462724,0.8422137831436509,0.5140145276526691
1,436,0.6936716008556071,0.5017113491751451,0.5739185728882291,0.5339856904943526,0.8336556814347312,0.5383875861927138,0.648026128164192,0.5035467992644572,0.6150823241051295,0.5191584323353894,0.8304653385424706,0.5130002261870069
1,437,0.6930330208996289,0.5015753940332068,0.5763138201185897,0.5313123499223708,0.8421766479328378,0.5359837250895424,0.6452773889230401,0.5037231676175499,0.6176466738706746,0.5176336386435798,0.829211158951231,0.5120333097917108
1,438,0.6974680131762877,0.5017447719342316,0.5791899223322758,0.5287991672136763,0.8496489483366395,0.5347968991221185,0.6459423572902805,0.5038455584421936,0.6247874368025661,0.5162031754151739,0.8283192156543959,0.5128882413070991
1,439,0.6987944798710348,0.5020849132884718,0.5831979636007187,0.5264439900326509,0.8563146624501502,0.5332838662046874,0.6490391732221016,0.5035848619983941,0.6327076774251275,0.5153656145503955,0.827712185563624,0.512959051122612
1,440,0.699849389494294,0.5019477107273198,0.5867532824243507,0.5242435180978919,0.8621326303941258,0.532843450476563,0.6491767984239522,0.503334523585369,0.6362017401007283,0.5141091334569936,0.8268786864554755,0.5119679386794538
1,441,0.6986377582410745,0.5019509597562158,0.5894438066431812,0.5221934592123858,0.867084691712601,0.532933857440203,0.6499019134291043,0.5030950676385917,0.6390072058713203,0.512937570890882,0.8305628644851084,0.5110316219456232
1,442,0.6976907599043141,0.5018259411987319,0.5928621474446226,0.5202886906750076,0.8721607536185223,0.5308816721205372,0.6524310664668752,0.5028668925971618,0.6429760708992351,0.5126563025694539,0.8292288888313775,0.5101502136875391
1,443,0.6946357493260111,0.5017059940001687,0.5958627258292327,0.5185234201017778,0.8767000106801879,0.5289028233945963,0.6545794156882077,0.5032394699808771,0.6492019005663625,0.5116050121439322,0.8326061738153953,0.5093232922793425
1,444,0.6940828980128109,0.5015911525126824,0.6038829337483803,0.5168913406440215,0.8806096516692448,0.528717568912737,0.6564129535387736,0.5032635785934817,0.6546271195168548,0.5110870795307324,0.8361029372643657,0.5085499648981948
1,445,0.6913344992935908,0.501481444138448,0.6092421220091234,0.5153857766497928,0.8841187536671271,0.5268085169148944,0.6584041008287261,0.5033459958832484,0.6593001420372571,0.5111555914336817,0.843980681239879,0.5078289338884743
1,446,0.6912863768321791,0.5013768849238947,0.6132289057006374,0.5139998168848304,0.88742550386508,0.5249800862602115,0.6562508309812074,0.5138838311821516,0.6591641935126743,0.5103487527890205,0.8477349755996174,0.5069931997418753
1,447,0.6909203190459997,0.5012774759163079,0.617874834310153,0.5127264334387254,0.89021755323888,0.524278966233284,0.6615879651648424,0.5034312420385243,0.6688048971740956,0.5093976586356644,0.8572663338788178,0.5159119815896751
1,448,0.6926565744107633,0.5015972844419906,0.6241946073854353,0.51155858534062,0.8815228248020498,0.5245929101573926,0.664337432135838,0.5035376262670443,0.6791909094117748,0.5086104679776324,0.8630289439670138,0.5153992981158373
1,449,0.692474235555762,0.5116907179485589,0.6261430256107836,0.5050617101156,0.86768370462614,0.5267796819822357,0.6614594661179068,0.5034469425468167,0.6856768072673205,0.5078804306007186,0.8681741878199173,0.515097713516782
1,450,0.6989741980790647,0.5013698581414102,0.6359554332943181,0.5278957084617285,0.865671102739415,0.5213888589649283,0.6628902354730869,0.5033441604425729,0.6912910436900875,0.5078576218978107,0.872812545304474,0.513936028024169
1,451,0.701552244369251,0.5021196405978403,0.6418877230345956,0.5259576533332811,0.8597616407899259,0.5205518426054788,0.6603860903721424,0.5111876925642728,0.6918720010011349,0.5065799679842901,0.8757293066713762,0.5146454825762798
1,452,0.7022211898740718,0.5019618773017106,0.6473952693435816,0.5241035367811403,0.8544476336233346,0.520145643774551,0.6610040127859156,0.5133319273957941,0.6926410071966054,0.5170499183838132,0.8680514199702997,0.5145543744610734
1,453,0.704215766692878,0.5018123128648079,0.6503808908125991,0.5223360255879401,0.7847168402292699,0.5187892371347255,0.664141679583473,0.5027449625867421,0.7010977127709368,0.5146369156183049,0.8031814529365,0.5235705968770001
1,454,0.7025327659416152,0.5016710164969911,0.6585667496434487,0.5206570257442683,0.722146728902561,0.5174973922131053,0.6634399931151943,0.5031692097071523,0.6994299465018896,0.5145729467237923,0.7379310161112931,0.5224098186939317
1,455,0.7067063565052037,0.501537981881283,0.6622528184941396,0.519067653996166,0.6655862906445851,0.5177909775895797,0.6634260965766562,0.5031296088692977,0.6960266715137878,0.5134573756184819,0.6795068856167025,0.5207371735694177
1,456,0.7028802861288111,0.5017171461976384,0.6660377969418245,0.5175682397281803,0.615228569683205,0.5166281133030111,0.6626153332127535,0.5037357291799806,0.6979314572532227,0.5124054873545836,0.6271647625610105,0.5191534612479016
1,457,0.7063042776100932,0.5015872424919181,0.6669498281245468,0.5161583535254506,0.5912065134984629,0.515519432876617,0.653900734238528,0.5091434173307047,0.6914552653450021,0.5126646104476092,0.6134183503656611,0.5122417486698335
1,458,0.7043898915350724,0.5014645866600288,0.6673929394515109,0.5148368577711404,0.5482452005722324,0.5144637594859341,0.6639952852893692,0.5038448487220503,0.6948804190385657,0.5211492172399275,0.5738147189746914,0.5233131774137302
1,459,0.6969908273871737,0.5013491211255252,0.6683081672192152,0.5136019741324048,0.5084170483358968,0.5134599713088098,0.6654023796593647,0.5035930827991348,0.6937578402286967,0.5205473365611456,0.5310120107806676,0.5217074763944145
1,460,0.6941013330488254,0.5012407400290482,0.6675284502893525,0.5124513627195203,0.4942709869711749,0.5133820399986914,0.6668722337865568,0.503350705211163,0.6907738545363863,0.5190114801211836,0.5079567449634036,0.5207460504676914
1,461,0.688614303672934,0.5032327641611128,0.6624547847089289,0.5014765498442578,0.4769302603858856,0.5152868665393607,0.6678150267094976,0.5033317812267706,0.6861186337829027,0.5175573091798262,0.5247178525915628,0.5192678051247424
1,462,0.6891157029375159,0.5012902945721175,0.6698979996921723,0.5268842464029269,0.4865926422099801,0.5144388637891353,0.6619771971553103,0.502866619692954,0.6941642820877273,0.5394069737098885,0.5469297242899598,0.5176117830702348
1,463,0.6863270358579231,0.5045061043170828,0.6680975088259059,0.5011989646692825,0.4773983259051091,0.5158156795869636,0.6625583092070169,0.498912632889937,0.695641676367863,0.539128446408617,0.5673054020474582,0.5176072189411532
1,464,0.6892628239569857,0.5014668505307471,0.6651920398930159,0.5294993278179798,0.5021895453131371,0.5635195462836078,0.6614437238119754,0.5003992832808127,0.6857465834495137,0.5149656689286785,0.5999354994720716,0.5164520082721807
1,465,0.6843287843270337,0.5051729371822449,0.6690899184965331,0.534297531136284,0.5210997301572858,0.5157134604138841,0.6645849238476339,0.5031733599464947,0.6870903850318764,0.5234720068209612,0.6079664533368291,0.5151858768951441
1,466,0.6849212027283091,0.5048102689003924,0.6698747109656387,0.5347026624321959,0.55054678802042,0.5147734535866156,0.6643157038723724,0.5029471673789231,0.6898710334217594,0.5222421283743192,0.6237738583802819,0.5140156856747446
1,467,0.6848351260283742,0.5044630591975383,0.6724430722777341,0.5326426170229392,0.5769350280872775,0.5138659309888644,0.6629294584733203,0.4993747123229919,0.6884501807005896,0.5138320345971237,0.6618965312440978,0.512981443331274
1,468,0.6844028689227132,0.5041320302512238,0.6785757252255186,0.5306260441897909,0.5988498388883811,0.5129914969912679,0.6562404022932034,0.5127970825832838,0.6850602011784334,0.5146538276880901,0.6668674419700492,0.5056775586573173
1,469,0.685990802381698,0.503817694798102,0.6745255476809936,0.5286615456329222,0.6198670819037992,0.5121507323765067,0.666782653941219,0.49945385674496406,0.6923321446013238,0.5215667496395742,0.6970499002444145,0.5007028722541539
1,470,0.6897880700797518,0.5035203621485079,0.6710251137361722,0.5267568871251334,0.6495868874054225,0.5124084911551563,0.6639596656151482,0.5030607081592509,0.6996460686131247,0.536878724624542,0.6908599752837075,0.5018648751514243
1,471,0.6931098650521401,0.5032401494471951,0.6674422355540585,0.52491886856627,0.6655322334995535,0.5116212045493217,0.654458077448119,0.5005696063060521,0.7078837943580951,0.5569492230939418,0.7025252727145157,0.5030173064664976
1,472,0.6870899317828012,0.5084425594295668,0.6643397549779662,0.5266699782318769,0.6732280655680833,0.5130338118561898,0.6587959186409212,0.49879342994123854,0.7096832318198268,0.5326142462027378,0.7313231772555839,0.502964789803829
1,473,0.6919217415498122,0.5027306871957102,0.6688726001485912,0.5427466535702109,0.6900110737610928,0.5116869832640555,0.6566963454003186,0.4990682929327484,0.7110452495451409,0.5305843180306203,0.7404470179761177,0.5039737660668681
1,474,0.6976013568521372,0.5025008638948983,0.6694133971311402,0.5396827270777094,0.7128474856071471,0.5141877802637232,0.6545871805737427,0.499279639630375,0.7104805673023283,0.528626458585034,0.7492371663156215,0.5040474158665464
1,475,0.6984791879847919,0.5026097545755726,0.6718295596790858,0.5367566174024373,0.7332502770596917,0.5149856155231479,0.6527961348012712,0.4996682403457718,0.7116657456986452,0.5267431381906578,0.7561165198876441,0.5037897171477089
1,476,0.695387957973408,0.5028225669743513,0.6741624982662112,0.5339740865482624,0.7514198824456637,0.5152036628297559,0.6514712087382254,0.49972899085794814,0.7105022690989913,0.5249364503735156,0.7632173207155835,0.5035438703382544
1,477,0.6958681397559261,0.502593953948351,0.6767165962714514,0.5313388914065235,0.7680890522562779,0.5156941754351162,0.6417542521854118,0.5080369337987142,0.7114912279248241,0.5495307392639055,0.7540434723422044,0.5033229759698182
1,478,0.692966007945823,0.5023803384327845,0.6825072167999233,0.5288529072777114,0.7720122649319018,0.5156171216081203,0.6547486724362885,0.4968778273656,0.7104413910291938,0.5336897476570303,0.7870983104492019,0.50308574685416
1,479,0.6879761087925281,0.5065140357969972,0.6793516349120143,0.5300753805733374,0.7925449368612306,0.5166781029552824,0.6549022203592013,0.4973065120943038,0.709881091938729,0.5313010781822806,0.799886644518715,0.5028727577033698
1,480,0.6957090637252161,0.5022598900202473,0.6849873151504317,0.5243276510079852,0.7746600503156197,0.5387519632663879,0.6462825703517129,0.5015642119447512,0.718726610416149,0.5517067761090066,0.78066233389011,0.5030747221788997
1,481,0.6987202154447058,0.5025004224849469,0.6511576355046858,0.5222842792116772,0.7890286499329987,0.5368569324892842,0.6483623838970453,0.5108066597637844,0.6677208347889874,0.5217703896404561,0.8172990285936749,0.5032516720485709
1,482,0.702112083098271,0.5023033093489196,0.6305963666316362,0.5203823264790509,0.8022067887660389,0.5345453035966339,0.6476477133602593,0.502450392485673,0.6432563658354503,0.5316351005610385,0.8263604425868839,0.5044011732910378
1,483,0.6989302386225742,0.5102167032117064,0.6147995537635546,0.512472124558345,0.8117963302905143,0.5388678379825702,0.6469307459849635,0.5023206664617343,0.6276887414923414,0.5294725094646602,0.8352535165989303,0.5041743949872111
1,484,0.7029250538220118,0.5019460784925348,0.6137214035576197,0.5345231867198261,0.821866816306115,0.5320187129453416,0.646216307812978,0.5027200439469715,0.6197211039850388,0.5274022694122569,0.8387211973866678,0.5043968890199099
1,485,0.703870796794937,0.5017851226155727,0.6101998036739847,0.5320791710785979,0.8317068195843044,0.5299236327684925,0.6458780555592514,0.5026793570214765,0.6163251482695609,0.5254269781058332,0.8413362571452856,0.5062181565226359
1,486,0.7088983501664522,0.5023708243658869,0.6081945305455108,0.5297475245875399,0.8400309516515208,0.5285969349725592,0.6529490688502991,0.5025339476649436,0.6189889969932583,0.5255532124446919,0.8440625614310283,0.5058535327752267
1,487,0.7072373036860556,0.5108571006869264,0.6059760913030245,0.5086031067370125,0.8474664148509214,0.5321718993259391,0.6512788005458464,0.5030969032012339,0.6288338158981449,0.5236403721137342,0.8465316059179999,0.5054961306504467
1,488,0.711099006014732,0.5022127535012226,0.6131081785227287,0.5373498177772678,0.8526181680181365,0.525729008731446,0.648578111380672,0.5032831384053406,0.632022093355303,0.5218298370279209,0.8485766314182871,0.5064931037839955
1,489,0.7092895745420318,0.5020490545268098,0.6165647126332164,0.5374300003975343,0.8482648577094027,0.5246669990036172,0.6457705396863,0.5031033771197088,0.639418663545538,0.5201217094037028,0.8553106255259084,0.5060976742042107
1,490,0.7042372103751662,0.5020924868433871,0.6239876510656116,0.5792978406212697,0.8012001993644247,0.5276098839242791,0.6442731900966694,0.5029257480969751,0.6457566743305061,0.5185152870998537,0.8610926416090016,0.5057118240603111
1,491,0.7070217270430811,0.5057399409798325,0.6235218852475964,0.5327222668138086,0.8409893679959104,0.5229974029981508,0.6433857214138629,0.5032493212744811,0.6487092001185332,0.5176564530681397,0.8658241168617585,0.5053371693071879
1,492,0.7051828518307779,0.5056706997971012,0.6232587768133706,0.5304952655064294,0.8377348912838158,0.5213989222227704,0.6425463735594368,0.503230153460035,0.6580999746557514,0.5171692785084779,0.8705426867057535,0.5055754019142371
1,493,0.6967178755365375,0.5144811838408645,0.620668276571512,0.531026403801337,0.8421380204896834,0.5204952812684467,0.6422879837241654,0.5032603420207828,0.6567708231449136,0.5157752375270354,0.8750390014340576,0.5052098251724039
1,494,0.6999955667381736,0.5050771410257285,0.6259575313891786,0.5263174093601334,0.8508848538936282,0.5421096923892278,0.642123142097458,0.5032011172587468,0.6573308277531782,0.5155007966426222,0.8695213816450986,0.504856765232374
1,495,0.7011041836522144,0.5048631452844403,0.6286216766958131,0.524373093143281,0.857654711326744,0.53926435971261,0.6435954496570621,0.5036134207866659,0.6581089751820576,0.5142172066163588,0.8644852128833075,0.505931344487142
1,496,0.6986262530777017,0.5046237267421799,0.6331980471038176,0.5225280563453609,0.8637047634515664,0.5365404233231817,0.643254672224367,0.5038406518586678,0.6604682548896248,0.5130216254911123,0.864748569463334,0.5055490244501972
1,497,0.6994706774681357,0.5042937929264342,0.6376689241542877,0.5207833112512666,0.8687227095427807,0.5353488170177035,0.6431881258306348,0.5036061771844557,0.6566089168757985,0.5119107430758267,0.8650552296420428,0.5051786812264671
1,498,0.6976573686301915,0.5139297773366795,0.6346905615978935,0.5221850386795114,0.8683869817567048,0.5353605635249575,0.6353222610246522,0.5038232301417019,0.6556276931364948,0.5362503545935667,0.8433608572539391,0.5045760073305005
1,499,0.7010787676160021,0.5036849172321659,0.6397338076087268,0.5175943341864979,0.8653186303419467,0.5524744190705965,0.6419866900765685,0.5071962638269671,0.648659103574014,0.5115165019635655,0.8657520532418455,0.5044788828102936
