episode,timestep,group0_trust_in_sp0,group0_trust_in_sp1,group0_trust_in_sp2,group1_trust_in_sp0,group1_trust_in_sp1,group1_trust_in_sp2,group2_trust_in_sp0,group2_trust_in_sp1,group2_trust_in_sp2,group3_trust_in_sp0,group3_trust_in_sp1,group3_trust_in_sp2
1,0,0.5,0.5,0.5,0.5,0.5,0.5,0.5,0.5,0.5,0.5,0.5,0.5
1,1,0.5846153846153846,0.5,0.5807692307692308,0.5,0.6666666666666666,0.5,0.5675438596491228,0.500438596491228,0.5938596491228069,0.5,0.6552083333333332,0.509375
1,2,0.6319628647214857,0.5004273504273504,0.6141411049899116,0.5,0.742326638878363,0.5,0.6003644227782158,0.500869835352594,0.6402167419408799,0.5143288084464556,0.7056275029905862,0.5101757944557131
1,3,0.6565604366038178,0.5003978779840849,0.6301508493495414,0.5,0.7869693039962362,0.5,0.6216867181404913,0.5054193997075229,0.6645962236222264,0.5,0.7694380444332997,0.5100468615781077
1,4,0.668505156876935,0.5007969096937068,0.6352444046640019,0.5,0.8150913777195093,0.5023809523809524,0.6304706641822629,0.5135296042228149,0.6636754580779644,0.5020833333333333,0.7606156022002207,0.5285466284671099
1,5,0.6747901142510693,0.5089577612806195,0.6371625788202834,0.5,0.8103134562455923,0.5025862068965518,0.6362310130732484,0.5088047610299258,0.6764627534967739,0.5024922634836428,0.7865278288312082,0.5186060647390626
1,6,0.6910849988369887,0.5006862468331474,0.6439571402283385,0.5,0.809227799618496,0.5257042932524587,0.629697307251306,0.508865459387507,0.6889715815489913,0.522302423513839,0.7829738221480156,0.517957719009273
1,7,0.6965327758933845,0.5006347129607084,0.6496951750781518,0.5,0.8085261022693341,0.5262987416179739,0.6254945268082976,0.5208122752136587,0.6863778714937809,0.5023399980803341,0.8088665114265251,0.5174887116285368
1,8,0.7009132267605819,0.5005858364884467,0.6563469362965628,0.5,0.8254079933864948,0.5244199856903891,0.6241678676480623,0.5111026277067899,0.696866324472584,0.5114255993953546,0.8268253549246635,0.5151866061282153
1,9,0.7061411350681533,0.500539666001379,0.662488113617527,0.5023809523809524,0.838610140744855,0.5226242512600051,0.6233127309757397,0.5105867778751186,0.6980950728429709,0.5106406805201309,0.8399338171847407,0.5150806613111122
1,10,0.706515521110171,0.5004962168023457,0.6673882886302018,0.5022167487684729,0.8329639449434373,0.5247001763127066,0.6266470771051943,0.5189575063824363,0.6932504194685378,0.501897690032722,0.8490251705892276,0.5159628914017844
1,11,0.7042282405887055,0.5008828247286745,0.6661050279463717,0.5044399254363667,0.8281783266018096,0.526136744362632,0.6280969008664868,0.5092320751394451,0.6969912131206989,0.515733707675436,0.8578159354302959,0.5138016000310397
1,12,0.6974233910550668,0.5008152757258244,0.665157052865028,0.5055286286290254,0.8247343056041023,0.5258934436074117,0.6312049939723827,0.5176956183128981,0.690279343728683,0.5026662684467704,0.8522484108284815,0.5146641057413762
1,13,0.6934390385695602,0.500751483344373,0.6673906009735691,0.505184588195596,0.8089530035812229,0.5240196208049254,0.6363699190018298,0.5176804697067038,0.6915073793091923,0.5182935039071811,0.8515837931504733,0.5130385114349624
1,14,0.6837355059711607,0.510586778124047,0.6599946669828161,0.5056581690491848,0.794928731567885,0.5259453131012607,0.644529836860482,0.5079726986975617,0.6950925335590545,0.517785904032841,0.8548023469055419,0.5218254926435574
1,15,0.6851203691207827,0.510339918066486,0.6592749404517588,0.5052800195817725,0.7942843276737853,0.5270219403070084,0.6489312446029774,0.5073381630800927,0.6935754095312809,0.5168074189220578,0.8502167091817151,0.520172218751462
1,16,0.6836036827269573,0.5010098238416404,0.6666353433305504,0.5355319956596133,0.8064402790153963,0.5234074848551782,0.6531595758069274,0.5070055738748711,0.6944424700721739,0.5158423210263345,0.8406126484920383,0.5191649252700163
1,17,0.6817206924582971,0.5009312563156076,0.6656706544535995,0.5335438737175451,0.8071184397461622,0.5217316503505465,0.6544151371564435,0.5066999711696263,0.6951312808138349,0.5148948678779618,0.8321259119184807,0.5180382920097693
1,18,0.6824064344273622,0.5008572927379593,0.6649993042528712,0.5315829498922777,0.8073765828688134,0.5201383430408294,0.6484308040971841,0.5051961430517128,0.7012234540235129,0.536855509422647,0.8083599685967966,0.5156614431830818
1,19,0.684891198022296,0.5007878827927646,0.6640328510019773,0.5296587326639144,0.8074622211791114,0.5198651299622987,0.6575201649666379,0.5095052234999188,0.6986814561223582,0.5130685867844258,0.8355437784044545,0.5163681352410876
1,20,0.680857585189409,0.5007229424989047,0.663648610760302,0.527780055782989,0.8078595749815257,0.5184103086399513,0.6596865843742122,0.5097207905062643,0.6988649994701719,0.5121967337857921,0.8443359068926408,0.5150649461385639
1,21,0.671113993759056,0.5006623585584051,0.664936564115012,0.5259549228720748,0.8081697183443682,0.5170325079746984,0.662092957289135,0.5091741381553746,0.7036287642616893,0.5113563681997522,0.8520796180646434,0.513844840458415
1,22,0.6683723411497424,0.5009931637040109,0.6663800729027755,0.5241903838507895,0.8080665631117034,0.5166809072576047,0.6615690509003866,0.518500681646131,0.6967353473663432,0.5017310381289092,0.8558325593365071,0.5146913536623077
1,23,0.6697286877214362,0.511167897700771,0.6629330456664188,0.5028094808736772,0.7921477441055136,0.5187966292252093,0.6590808765489831,0.5078784350638191,0.70189515663874,0.5159164370153294,0.8637382507832843,0.5126847503987748
1,24,0.6700880169527701,0.5011939073078686,0.6685153927513015,0.5347643090929254,0.8065647353004987,0.5169410684582332,0.6564791270733231,0.5072812393146503,0.7024116697080252,0.5149795694261747,0.8640978090421829,0.5121181206748887
1,25,0.6670857852038242,0.505949264736595,0.6654539450279617,0.5382547201736795,0.8258018428937658,0.5153975026310742,0.6549052355725709,0.5067177290743374,0.7034785515345101,0.514063168842252,0.8692676733663789,0.5111638407788238
1,26,0.6774349597073472,0.501452214210178,0.6693126514453455,0.5457397468224922,0.7753901239316833,0.5587111526378266,0.6552679725423612,0.5065091322158413,0.7054865720388855,0.5131707025213386,0.8745247981454435,0.5102726165207945
1,27,0.6746706494808432,0.5051739456853563,0.6742542422273424,0.5488913451388886,0.8130480946831398,0.518246603638292,0.6577806727547247,0.505997175963817,0.7029604604487121,0.5123053386109806,0.8687205848732323,0.5104832712733179
1,28,0.6759841843206909,0.5049619631747563,0.674690182083736,0.5456146406066656,0.812249128252206,0.5170076109706927,0.6602211569980048,0.5055167015022689,0.6989845845573744,0.5114698893221523,0.8587991128101264,0.5096377766374822
1,29,0.6771446794084802,0.5046260304327896,0.6770129315012285,0.5424556584391529,0.8114216509977267,0.5166530112999201,0.6598562990092904,0.5055055816006361,0.6954510858784131,0.5106667667596189,0.8498682922581774,0.5088496055073882
1,30,0.6741873744879414,0.504708751225131,0.6791240252220084,0.5394241869803521,0.8108272852187666,0.515527825153212,0.6574298360923316,0.5050554993434397,0.6927303550618117,0.5098979528290309,0.8465662954869495,0.5105976373229367
1,31,0.6733448446324104,0.5043741227005872,0.6813033039557044,0.5365279804299921,0.8100796592781453,0.515965481908123,0.6525089156188139,0.503016919357114,0.6967643808632102,0.5232901214260979,0.8272137672478598,0.5097226737077394
1,32,0.6727025032081806,0.5043215314297237,0.6787784469913608,0.5337727735154225,0.8098911454200761,0.5149511617352573,0.6494725022621518,0.5176882761974836,0.6820102672979486,0.5100499496080846,0.8467341431921903,0.5101850538445505
1,33,0.6718921133610493,0.5040090004269396,0.6764607408408395,0.5311623507382442,0.8095221675423391,0.5145410816321808,0.646121662544361,0.5270899643257709,0.677455990322883,0.5109124681794536,0.8488336368124056,0.5220906541345304
1,34,0.6710891167737587,0.5037117308222054,0.6802411238010213,0.5286986613550859,0.820839482508989,0.5136235057303464,0.6505961292382184,0.5063441796481465,0.6859904600922891,0.5183709094257153,0.8615029512454991,0.5277814564206689
1,35,0.671223237086566,0.503429983032925,0.6783565269235825,0.5263819701592023,0.8305412734295261,0.5152640264584506,0.6511635886960779,0.5065155777923077,0.6857229017082949,0.5170161657652756,0.8668269847803574,0.5257864358309209
1,36,0.67105056918793,0.503163857741742,0.6761594926005466,0.5242110338194944,0.8284030752746169,0.5143231131355515,0.6518246575278098,0.5071889201877401,0.6836145834388873,0.5167704438051116,0.8664653434810157,0.5238845391077563
1,37,0.6745061164131675,0.5031309136219394,0.6760681683554868,0.5221832928954403,0.8151697885529995,0.5134182623698824,0.6483279234755418,0.5068526876810724,0.684262411320951,0.5154799673170353,0.8570684190160438,0.522663441895936
1,38,0.6775904414493399,0.5031927895664998,0.6759403890865686,0.5202950705302806,0.8141532166437307,0.5144128749086899,0.6496528182489414,0.5066805444426562,0.6844292735603495,0.514261656368535,0.8483293017210558,0.5224750236294201
1,39,0.6764181410818898,0.5029543737968262,0.6739580281630102,0.5185417700654005,0.8131945081921056,0.5134877879343007,0.6523817989377515,0.5063323949577849,0.6864859601868227,0.5131155812645252,0.8407764367944459,0.5213025160459375
1,40,0.6755689330480062,0.5027291977908539,0.6741445728903639,0.5169180652560015,0.8127178858798413,0.5125976500049276,0.6489567279176759,0.5134091399723916,0.6857875479562276,0.5128438504509021,0.8363178535290767,0.5144713819589355
1,41,0.6745632990301557,0.5025170919242051,0.6749898312346999,0.5154180782615547,0.811936430641113,0.5136861302237677,0.6512571682577497,0.5166097047750441,0.6791262157267003,0.5210937369869547,0.8015150660309275,0.5424075406490921
1,42,0.6726807410414567,0.5035180641578074,0.6739688888498127,0.5073710844829906,0.8551991242824823,0.5149879381467216,0.6501019872032564,0.5093526166160415,0.6902588553555508,0.5282048950625449,0.8259971912502905,0.5167086205368776
1,43,0.676708805398769,0.5021310774735663,0.6785881511274421,0.5304050992415077,0.8168958840197998,0.5136484426653811,0.6495236304043344,0.5088650256889559,0.686480917750247,0.5271624572177479,0.8461615616996575,0.5163824169689483
1,44,0.6776072967525792,0.5041823707824226,0.6742873309692851,0.5060661921079096,0.8666678701493336,0.5149371921629898,0.6556935514037872,0.5080397491027434,0.6903574324882559,0.534437212907165,0.8316813257269452,0.5154644015908662
1,45,0.6787554567613601,0.501793734636261,0.6770030740506745,0.5369261196270546,0.8315228813222885,0.5119847367052234,0.6576880272881069,0.507931475141304,0.6907223911492818,0.5318184382935416,0.8396948753195353,0.5150883163719084
1,46,0.679360683386908,0.5016422927659006,0.6778893925625,0.5347894311530622,0.8407999601427242,0.5111945325259339,0.6633524850627979,0.507664108995745,0.685396324823225,0.5301376057702216,0.8475278372541397,0.5138891181084336
1,47,0.6823781467681067,0.5055219038673145,0.6752103420022515,0.5045056546480765,0.8799454146302602,0.5161074550389273,0.664648151418913,0.5070888519397265,0.6849954899956301,0.5277674758894215,0.8544532547742684,0.5137908644788771
1,48,0.6840490121169408,0.5013715164089891,0.679626276566826,0.5389805935989925,0.840599342771852,0.5150326706317889,0.6639487721999379,0.5065456739560318,0.6825286408011322,0.5255389496875911,0.8606710264608944,0.513108504848679
1,49,0.689796599347876,0.5016785210211039,0.6771764360140035,0.536963113437577,0.8383694973719218,0.5141460632224996,0.6632625497239066,0.5060342793849127,0.6846247609798192,0.5234502913333644,0.8660439709936536,0.5126388008526542
1,50,0.6913230091089366,0.5015380336169803,0.6752485113620691,0.5349672866565351,0.8361601358668904,0.5132811744479848,0.6626639477308534,0.505693242560232,0.6846885374400394,0.5214986947229405,0.8710745531580022,0.5123798517635912
1,51,0.6888377901660793,0.5014074999503447,0.6714192848117063,0.5329998544068474,0.8332695802217103,0.5151531857416629,0.6579398883095808,0.5148196380201162,0.6838282362730193,0.5207600982240692,0.8755901586011997,0.5118352452942685
1,52,0.6905618193395952,0.5012864710161133,0.6684923674766244,0.5310677314953492,0.8309589283670126,0.514899757468652,0.6618200711276886,0.5050097098653249,0.6939760469487171,0.5273660180858722,0.8741092241696197,0.5112137028456216
1,53,0.6841265981065795,0.5011744836357562,0.6688000681010562,0.5291777973415671,0.8287477823779268,0.5161338846353578,0.6609786088731269,0.5046215087000496,0.7009095536357124,0.5251537876140906,0.8732614579803278,0.51034419210599
1,54,0.682586807746655,0.5010710655125311,0.6677909037047174,0.5273366947833201,0.8270232913134242,0.5152981516720953,0.6610531585291634,0.5050582255353994,0.7011909576743613,0.5230850263564486,0.8773512966573204,0.5114313382604324
1,55,0.6772042759814375,0.5009757400989455,0.6687381684504157,0.5255506459723136,0.8360724681152641,0.5155074607150011,0.6605126773060004,0.5049903810358208,0.7032736200353675,0.5221709561442117,0.8762802446728831,0.5105502839493186
1,56,0.668484720142121,0.5008880311727189,0.6653262963906094,0.5238252930993506,0.8439808682103896,0.5161254697462866,0.6603017520185173,0.5047089448629362,0.6991394677543536,0.520308157014499,0.8800463836863796,0.5097217775181611
1,57,0.6660607138451885,0.5011725279720799,0.6629564785179767,0.5221655697015353,0.8510757463248382,0.5160909927127306,0.6618929703260172,0.504671779311467,0.6987636899310385,0.5185768729232054,0.8835723663787574,0.5094972320460956
1,58,0.6684440123676717,0.5010780073417869,0.6645236640982023,0.5205756060434261,0.8578210628858517,0.5152904911867783,0.6574857467525804,0.5042654836396104,0.706318716332582,0.5389435586959965,0.8600987936559168,0.5095034131374708
1,59,0.672399322460701,0.5009897943414433,0.6656979214075752,0.5190586697574516,0.8637194995172195,0.5144951944678521,0.6631293911823808,0.5083463377923235,0.7045398938942201,0.5172850408747393,0.8754226230696978,0.5080624002169033
1,60,0.6754693772156417,0.5013022527175333,0.664981062727279,0.5199430193031646,0.8578190783314944,0.5142520862547652,0.6627214348466409,0.5077722636315651,0.7064086038613697,0.5158037856979005,0.8698158446329186,0.5082628748811618
1,61,0.6776452201652069,0.5015776958976318,0.6672779479344799,0.5184224080720053,0.8526433042782815,0.5146822992487649,0.660632977939443,0.5076630340549441,0.7052428339813476,0.5144324480764699,0.8693272356814836,0.5080641589177172
1,62,0.6866785161884806,0.5014989181387515,0.6564839422814855,0.5148615992220245,0.8045663145120452,0.5577128738482066,0.651587345297056,0.5069788455206196,0.7121208220568159,0.5359485202947626,0.8478637510518976,0.5097469553019042
1,63,0.6825914489959825,0.4975032857064454,0.6593866081565066,0.5156302829666056,0.8547968284058856,0.5135857265603138,0.6559894349637059,0.5103803795605666,0.70699495374459,0.5126504538762099,0.8638190931865131,0.51025795521442
1,64,0.6800080390438139,0.49766367144330786,0.6633849308604983,0.5143587979665797,0.8501552506615837,0.5128791752229696,0.6483466377306624,0.5300386148189374,0.6988005159937126,0.5094950684293557,0.8470444358103851,0.5100333365528381
1,65,0.6787011779448617,0.49781981889966875,0.6650627960891565,0.5131690753677546,0.8461870620349571,0.5121837714591126,0.652661770082213,0.509460592006557,0.7089513329666447,0.5281280833929755,0.8452509294204154,0.5098964926057415
1,66,0.6777221734602574,0.49797092148821603,0.6666692087874977,0.5120593080743722,0.8422194924943762,0.5119468704349843,0.6451889848214986,0.5056327354056288,0.7141540606220177,0.5495957553417304,0.8342285433715013,0.5087444752704047
1,67,0.6763506693045321,0.49811631240164617,0.6664897669624167,0.5110271378849928,0.827701849989165,0.5126849665565328,0.648692410543916,0.5104874402746239,0.7080585614043002,0.5257186075513636,0.8538323247494474,0.5085421804674324
1,68,0.6705763154085058,0.49820955429035696,0.666136280284816,0.5551111277675819,0.765852332757765,0.5303833700775862,0.6423854827407705,0.5079267223515369,0.7088697244423845,0.5372295251911001,0.8397886948446098,0.5080598788317818
1,69,0.6382739824302222,0.5104735134425883,0.6609489755428837,0.5106969524664805,0.7746937807916332,0.5145386956383171,0.6140677255733149,0.5126025408499576,0.7031023984128134,0.5220346680551989,0.8517065929955572,0.5073210112852454
1,70,0.6065181835749461,0.5079631457604247,0.6620777229895972,0.48476087479922886,0.7961440398053617,0.5139607849424858,0.5893525239351166,0.5121445379001082,0.7058369119426399,0.5203377565721095,0.8486740712951366,0.5076367125701091
1,71,0.5792738267665675,0.5026584136931219,0.6672660166911831,0.46623422564115247,0.7935438882379052,0.5113412173268932,0.5662223068045145,0.5113455377283523,0.7037250673114709,0.5187378287164,0.8506297568588692,0.5070598106355657
1,72,0.5542834289882896,0.503004824501728,0.6721361807644476,0.47081482575395667,0.7945594447631112,0.5107089954007211,0.5453636247048746,0.5105744666711027,0.6996272018810208,0.5172341326406263,0.8565910855862013,0.5065149679249025
1,73,0.5271506798018953,0.5034315477951671,0.6722580003298803,0.47279475508941166,0.7955219505084539,0.5114279065924291,0.5226332630928558,0.509833516473285,0.6979257505672533,0.5158252101336497,0.8619687461798361,0.506001911272095
1,74,0.5053011592300061,0.5032159635221409,0.6727228796860677,0.4747075394727798,0.7857182510133377,0.5107867809678103,0.5059891977376881,0.5092749380290444,0.6965719752363825,0.5145089669401504,0.8675623408552153,0.5055201767970617
1,75,0.48641502672751186,0.503376268871189,0.6736450353417006,0.47654482412358884,0.7883413006853511,0.510840121403432,0.4908775735658972,0.5085993438254659,0.6996923140011935,0.5132827535664826,0.8674371341460532,0.5073925554208105
1,76,0.4828274396189775,0.5031521096105411,0.6739538543655614,0.47830012602747646,0.7797175696122706,0.512297261374653,0.48335457868340753,0.5079571600888559,0.7019808652080158,0.5127738018219972,0.86240708086847,0.5068584910130046
1,77,0.49482371745650244,0.5074013961159919,0.6696997944921005,0.4725159492512545,0.7884602349143499,0.513510776542981,0.48385845880066375,0.5076582080143129,0.7019890994105439,0.5116977149240199,0.8629165534392828,0.5070667656319129
1,78,0.5098071564499405,0.5029108955276129,0.6717208116916031,0.5012270502006277,0.7722899791057599,0.5108791185256031,0.4913046710270916,0.5070710589665445,0.7037665850613183,0.5115330915222533,0.8584240410383892,0.5065578191474185
1,79,0.5205304954951544,0.5055617993063496,0.6658508087083727,0.47683996199094075,0.8019758413071744,0.5118946753458394,0.5018337018062343,0.5073280516526777,0.7077803244082638,0.510565273160876,0.8501042668032632,0.5060741303319837
1,80,0.5225474305392469,0.5026670576618438,0.6687770669186143,0.5148062954499436,0.7851560548889155,0.5095321449418767,0.512113683304973,0.5067564315009659,0.7075609422803996,0.5096670225007502,0.8421427084120762,0.5056158289683882
1,81,0.5312408905625203,0.5027516265627059,0.6695820610560853,0.514599616792813,0.7991302179344599,0.5088914523999696,0.525599424204529,0.5062187391588039,0.7044618525156932,0.5098766392930083,0.8351803613745901,0.5051828833000853
1,82,0.5403319637015959,0.5025661671605487,0.6664352876449136,0.5142914113873622,0.8115298030776134,0.508275225274666,0.5310354542482632,0.5059731072616257,0.7062265176473126,0.5090355210853207,0.8335166857286249,0.5047751010602329
1,83,0.5551651309624166,0.5023884729243795,0.6655708806873515,0.5138962411914243,0.8225522777041984,0.507684980005777,0.5376540091471008,0.5054937988716555,0.7121442890856841,0.5082565313872999,0.8368998721936753,0.5043921351765396
1,84,0.5680454992277583,0.5022187844816098,0.6650065602911851,0.5156548649715385,0.8322247423169014,0.507121881819165,0.5478365754948642,0.5050454246534913,0.7113447372111905,0.5075364230759806,0.8444937750917157,0.5056301600800736
1,85,0.5813879018041889,0.5025315516822209,0.6679676205919596,0.5149872426100851,0.764362204140029,0.5083028802879014,0.559584245493202,0.5050656574315864,0.7131183174883952,0.5075163898896203,0.7760864088076651,0.5052144799427658
1,86,0.5900072196345411,0.5027927215844828,0.6688724983725387,0.5142780191718811,0.7033744193804533,0.5077206742388604,0.5668716331827206,0.5048490727166633,0.7110851551960412,0.506882695467123,0.7150161297078654,0.5048209299971292
1,87,0.6032019090685893,0.5026035565044705,0.6661162283606868,0.51354039023156,0.6488338957066839,0.5084458426155456,0.5726392419385274,0.5048938691488672,0.7163296816974851,0.5062961095309365,0.6596285786349476,0.5052005424396302
1,88,0.6128766444603193,0.5024222483573132,0.6693208548325836,0.5127863444336911,0.5997520280964992,0.5087103878148175,0.5841389402796375,0.5087566525136332,0.7130634860000253,0.5048173311218449,0.6069539997243775,0.5055261578445871
1,89,0.6221624189564875,0.5026351955289302,0.6722556194551991,0.5120265567859443,0.5775316341402413,0.5081708519088046,0.5886381430808869,0.5073874943262907,0.7160513442038393,0.5149480502479608,0.5910400093197462,0.5058305135526966
1,90,0.6303616220070942,0.5022247521430483,0.6763737339746692,0.5112703364973602,0.5789156202187724,0.5076495807695645,0.5944078548299949,0.5045304131078598,0.7235513538076564,0.5223709684884239,0.5886979660494875,0.5065774308566854
1,91,0.6363582528394834,0.5020834815033047,0.678668149038872,0.5122165478226647,0.590920290285546,0.5071474585646404,0.5981175352280402,0.5044701662230874,0.7267214607390113,0.5207568512105415,0.5883388065564621,0.5061526350961948
1,92,0.6386548421305654,0.5019478879485201,0.6805155631398385,0.5114172889690171,0.6131217012024253,0.5066652341787449,0.6013169755125104,0.5044576092076717,0.7259040752455176,0.5192188977049383,0.5916650899187597,0.5057432096600034
1,93,0.6416783783405852,0.5018180154322669,0.6801777803062127,0.5106381082242188,0.633035097196692,0.5062035162726212,0.6052406534193667,0.5041045224565868,0.7225179260651334,0.5187991829345671,0.5949359881948367,0.5053499257660078
1,94,0.6403980725337501,0.5013937530167487,0.6805777971307894,0.5098842077658573,0.6508331798299205,0.5067036620774834,0.6079104141292553,0.5071918426552501,0.717316179151258,0.5185034744672695,0.6015534403211986,0.5052745422822922
1,95,0.6436514015154077,0.5047551610780822,0.6764077634940066,0.5127329756463287,0.6746376924159715,0.5073110932453267,0.6176126153932755,0.5040692557318283,0.7239290202630508,0.5253521915002015,0.6125959268038446,0.5046142041718495
1,96,0.6533311120552286,0.5016873405123345,0.6769497171176158,0.5102071993573473,0.686023214156289,0.4872585981547773,0.6239946927221992,0.5037517846625075,0.7242197645249687,0.5240316148058451,0.6289422024197733,0.5042726201477981
1,97,0.6562058989539491,0.5015746958363135,0.677312989298393,0.50945878847667,0.6962543453980328,0.4882264341767459,0.6293210380688344,0.5034541059791137,0.7264452528862287,0.5232080244248764,0.6528123610746044,0.5049789774515804
1,98,0.659187142752704,0.5014668177230537,0.679848629447083,0.5087453126736883,0.7077234721882372,0.4903842581563172,0.6341215278073826,0.5036632155707409,0.7282723254536299,0.521397177252065,0.674320968186117,0.5046030313906691
1,99,0.6247966065209194,0.5013637835697623,0.6799731261869061,0.5080684235168188,0.7180586631880274,0.4912346207144203,0.6039277280110762,0.5072290134657431,0.7238962441025956,0.5200297567576305,0.7021323438773219,0.5064035107385695
1,100,0.5938966297066224,0.5014854279206937,0.6803092958672082,0.5074290906394818,0.7272711068105948,0.49203091966722784,0.5812679448817437,0.5042408968275722,0.7291655453140882,0.508718776662916,0.7180550218513966,0.5055822306321788
1,101,0.5790226724507852,0.5016205873104783,0.6800698374305799,0.5068276916930655,0.746468550748358,0.4927725261156061,0.5741211384550363,0.5041245615706964,0.726769035535561,0.5078697708651643,0.7370905631697396,0.5051676283685483
1,102,0.5764956829006341,0.5015181353542603,0.6802133537003494,0.5062640991884557,0.7635464274293206,0.4943323090283025,0.5698079171329821,0.5042733842694279,0.7288064871530504,0.5168329488815671,0.7405404082229775,0.5051338334959544
1,103,0.5815835096306645,0.5014194064829277,0.6800456746040455,0.5032937377552553,0.7676187131180295,0.49496391485528474,0.5722852471574921,0.5080593282179349,0.7192350796563016,0.5063933174718417,0.7711461595496856,0.5050558528470382
1,104,0.588060979468023,0.5013245223676582,0.6815805499218015,0.5029801388990588,0.7714165241103672,0.49553889144130353,0.56998229680766,0.5043066335092808,0.7218528895009829,0.5169595659745245,0.776917049368965,0.50440509168349
1,105,0.5977712176280843,0.5012335896805488,0.678875815340218,0.5045323445051093,0.7750698750901073,0.49605948082211604,0.576971947829444,0.5098566205922666,0.714898825726915,0.505178775467985,0.7934032553373753,0.5051987640224741
1,106,0.6047725216495682,0.5011466961341818,0.6812769666922069,0.5041804342549957,0.7781550534649265,0.4996386620894942,0.5835721404512614,0.5092718851164523,0.7122229037539847,0.5046573218142436,0.7962442744407003,0.5048130217030753
1,107,0.6130043605472404,0.5010639073161821,0.6821274357821848,0.5038500471882921,0.7813502458258947,0.499909504823208,0.5881114588749431,0.508968395317823,0.7135092598428863,0.5051003743336958,0.8031150854776049,0.505124482979505
1,108,0.62230489359403,0.5012238519196294,0.6821996116003191,0.5047516816326925,0.7841330353794724,0.5001351274680415,0.5952650158812016,0.5091990301396533,0.7103577816996763,0.5046227470191484,0.8096065874860684,0.505327753077248
1,109,0.6287560990852218,0.501568373498611,0.6841440391422783,0.5044370604450205,0.7972959136623964,0.500319728180764,0.5997230525852593,0.5087679057085578,0.7079346956814113,0.5041878854898381,0.8150680537864585,0.5063269014974231
1,110,0.6351889180132456,0.5016327955819125,0.6834033894961469,0.5041366072319139,0.8092093577643876,0.5026575163039325,0.6045115544305096,0.5089529209928365,0.7153390803481128,0.5048312208643478,0.8202151400332593,0.5059232618086368
1,111,0.639354324819346,0.5020048546883447,0.6792935467595305,0.5036340862655726,0.7702969276522823,0.5520474207436984,0.6053516049278688,0.5088230664805036,0.7167937646949639,0.5050012749462172,0.8201883506247726,0.5068865639773052
1,112,0.6372225881833017,0.5056678682878718,0.6834878104828709,0.5035774996169005,0.8088985287608972,0.5034549596875669,0.6086448054295716,0.5082708454241424,0.7178320272507884,0.5045884538189074,0.8201981877700482,0.5064551841634932
1,113,0.6384340134665079,0.5056271821720518,0.6830192824618848,0.5033185380201614,0.8088985796492983,0.5033802946398857,0.6178008431952272,0.507850079253724,0.7169409335781388,0.5042064283029573,0.8110039719291853,0.5060363941418434
1,114,0.634625887004122,0.505233274511198,0.6781484465900155,0.5030731022955522,0.7445656521413028,0.5032841381723829,0.6241685568322171,0.5073362394571183,0.7124069896952608,0.5038530801346693,0.7460050756342398,0.50601996533663
1,115,0.637468077444218,0.5048562317286264,0.6722474336759646,0.5028410229054988,0.6972639603445716,0.5046465266249958,0.6293116427373683,0.5070124545537664,0.7121257657924096,0.5035264610276895,0.7207795391418133,0.5065518341677305
1,116,0.6438821039350378,0.5044968253571638,0.6672248622320835,0.504816623876042,0.6761434442842731,0.5044696721736065,0.6339581119391358,0.5065378182473943,0.707921125960532,0.5032247724952994,0.6977697289546759,0.5067109100819395
1,117,0.6480395374065219,0.5041555915997027,0.6666258857644184,0.504468537723265,0.6569179188320405,0.5061197885566758,0.6350549022653654,0.5076716282266869,0.6963670992207878,0.5024964514558792,0.6858161410223086,0.5066970557233516
1,118,0.6147427085698056,0.50404175622165,0.6675818323020045,0.5041377282012942,0.6614671888080323,0.5058264974670295,0.6105135888307401,0.5063807689460716,0.699265467834564,0.49433879290390126,0.6704720399826084,0.5064341428634849
1,119,0.584681475034145,0.5037328160918653,0.6673486531767174,0.5038243113717706,0.6749145618505973,0.5066585838899683,0.5837359245471863,0.5098842140548043,0.6971344203043408,0.49365188513107905,0.6771930433126142,0.5049886853301245
1,120,0.5711121753179733,0.5030642569987683,0.6704101545845281,0.5035282877056139,0.6989793317823365,0.507087791800567,0.5706380376067748,0.5056226964762892,0.7046041261409964,0.48558179250288147,0.6790736043483516,0.5056138635149455
1,121,0.56054788502282,0.502813112717679,0.6718452757690834,0.5032495417507978,0.7206026271868807,0.5073153215940663,0.5660668213844074,0.5051871584317825,0.6955112788824267,0.4876359418255381,0.6778904130378972,0.5238097294691613
1,122,0.5615362621892681,0.5025788283403185,0.6713112812887114,0.5029878458445377,0.7396569662632254,0.5087832153385248,0.5618994600009719,0.5093995765795315,0.7013504712830054,0.4875240772299927,0.6920963556253161,0.5053099306677201
1,123,0.5639084182773497,0.5023608551067844,0.6684533418919396,0.5027428672391061,0.7571666992641661,0.5084257203368663,0.562352670454256,0.508739355316115,0.70874145535143,0.5059300774472844,0.6849400388826714,0.5066598155841432
1,124,0.5739525769001751,0.5021585620550157,0.6635874787493186,0.5025141779186092,0.7732029564536891,0.508057720747887,0.5713381876512691,0.5215527242648201,0.7006071144105863,0.4893826032370708,0.6854504970071394,0.5054955357404838
1,125,0.5831014837415301,0.5023509795945511,0.6594774098736554,0.5046822187345762,0.7873072446653441,0.5076824794715865,0.5802042999744087,0.511780661818959,0.7076846146948268,0.490839312366257,0.7042022983226581,0.5141794588636963
1,126,0.5954276969966975,0.5021553070997713,0.6573155801527945,0.5043202992308397,0.8000239151847467,0.511280096277141,0.5859806654061878,0.5109517056081323,0.7072951430082444,0.4923304884169037,0.7159149062931697,0.5142392404109194
1,127,0.5977078127887624,0.5107886346988572,0.6540358306828822,0.5046416950889173,0.7906162250386046,0.5095757967863007,0.5936037597191878,0.5105998646186464,0.7087882903425142,0.4929973176202724,0.7170642897507977,0.5132272541952808
1,128,0.6070045719690449,0.5018046979038276,0.6575027707828269,0.5250873700689562,0.799094057074034,0.5100697099059316,0.6000454429805551,0.509818461298747,0.7103126920721899,0.49361637410679293,0.7180355777867564,0.5131668960449136
1,129,0.6158709073637102,0.5016485080373152,0.6598959441036032,0.5252332350908537,0.8001091097627163,0.5094739650649552,0.6098126738841975,0.5095344640194677,0.7113123119457897,0.4941891459534872,0.7236331786733606,0.5138411849229656
1,130,0.6232322639202389,0.5015041953381638,0.6615043736778363,0.5234304981899026,0.8009789356009278,0.5088893107276319,0.6124347054988991,0.5090365793211965,0.7144401440570132,0.49471746414837287,0.733348866745844,0.5132132074326562
1,131,0.6351221461909689,0.5013711004328834,0.6632957788235526,0.5217086769450635,0.8006766291468927,0.5083188528081113,0.6149967361454249,0.5083612971059125,0.7174617893762034,0.4962450833477386,0.7416634952199367,0.5122485173336299
1,132,0.6389234389233953,0.5101767240464662,0.6629266322856286,0.5234161878179154,0.7920286242615645,0.5070753132590988,0.6156972684930236,0.5078794683254355,0.7196792699567591,0.4976389101058538,0.7540833112177157,0.5113326964008799
1,133,0.6489021787099015,0.501135937314862,0.6674860788255926,0.5185196474434507,0.8004906964416161,0.5299541740592365,0.6217673719798075,0.5072788354464847,0.7217185483497977,0.49790943976021873,0.7606645672686286,0.5104662619552776
1,134,0.6510253528554167,0.5010325786996335,0.6703691795020964,0.5170556308161436,0.8013773862577221,0.527921983322421,0.6225754012573533,0.5069004787103227,0.7254752408145118,0.4988619404430262,0.7619886980697416,0.5096492422564918
1,135,0.6506384802728418,0.5013431155691158,0.6709805482386518,0.5156790578940538,0.8021563213618792,0.5269601436244142,0.6208466146156314,0.5043748072482872,0.7343761032464455,0.5207423395179388,0.7612178506283808,0.510503120973334
1,136,0.6590953833222598,0.501657244682344,0.6750360085478627,0.5143891416124801,0.8135307275672504,0.5257621945865151,0.6304557023177612,0.5090275143483739,0.7285024409802814,0.4992056046676091,0.7813440234478971,0.5098892821462556
1,137,0.6561139564630426,0.5020796009933368,0.6691791667859497,0.513678397641873,0.8607250580987164,0.5278298053484526,0.632442687252018,0.508396941549252,0.7282939790808917,0.4993412845890669,0.784955639025591,0.5104042593466565
1,138,0.6655714919571655,0.5013979382818246,0.6764026600418211,0.5334909817195758,0.8061582019897989,0.5245761735011572,0.6329270375649415,0.5083988734436756,0.7279837088773269,0.4994566213786944,0.7837658660939764,0.5096330146343713
1,139,0.6673462739972946,0.5012813106141422,0.6767366765405117,0.530971383063146,0.8064799978129902,0.5227886156018694,0.6353450288990931,0.5081611730616503,0.7277565924568374,0.49955417154287296,0.787536717917234,0.5097010598910362
1,140,0.6631668785764153,0.5109201977636153,0.6726962855171065,0.5344923596284702,0.7926566287376223,0.5246062612453121,0.6339048341315517,0.5155400153370785,0.7201287177551431,0.4996115774254349,0.7949043792360116,0.5085450315527545
1,141,0.6719636553825337,0.5010723278302373,0.6732582952937046,0.5493846360119229,0.7948218414750903,0.5208699588260339,0.6415109793528881,0.5077514835228775,0.7236264369324933,0.49970502234629155,0.8014827759348195,0.5191962049247544
1,142,0.6740650402936433,0.5009792262186236,0.671653849435863,0.54571705337619,0.7856844380048683,0.519313765244712,0.6410591918829356,0.5072014871735954,0.7236010410326493,0.49976232027330253,0.8129122280464132,0.5178260723954089
1,143,0.6773557170055058,0.5012779834799683,0.6684697617652705,0.5422376200004956,0.777199685758373,0.5178428996418504,0.6408832787427688,0.5067709420768827,0.7182104354173018,0.49980983862533007,0.8179886094799036,0.5184285174645613
1,144,0.6856981570082914,0.5011748460482061,0.6709762079342,0.5389487149473943,0.769786693350752,0.5164567172124797,0.6380656849653391,0.5063516942645302,0.7146497944104137,0.4998490530509708,0.8231317808268404,0.5170686055306417
1,145,0.6896813699604099,0.5010785613975504,0.6717165649805921,0.5358507825520872,0.7629446443424248,0.5151539899780476,0.6361123159203981,0.5065444874524608,0.7096135480494944,0.49988125306019177,0.8274866054853529,0.5163976403021759
1,146,0.6914176192225293,0.5009888615143896,0.6702329547863352,0.5329424909607423,0.7674708821554314,0.5150713344278216,0.6345296840919709,0.506143496710871,0.7074682157857023,0.49886589092965067,0.8311574329725884,0.5160737583126479
1,147,0.6928337961134311,0.5011586993268105,0.6721108315480931,0.5316817403051852,0.7715689119645844,0.5139102182273666,0.6349669632864092,0.5059579467601715,0.7032175604330737,0.49987657860293094,0.8344796956844747,0.5152678941861373
1,148,0.6924077201445082,0.501073088152513,0.6726491140626113,0.5290940071973239,0.78631176190115,0.5128207452414254,0.6310104345522957,0.514645426902965,0.6965944308245745,0.501974548996022,0.8414386890867623,0.5087208882711048
1,149,0.6915731100752384,0.5009924413810734,0.6748737416784625,0.526678520672244,0.788721066032745,0.5118005788003398,0.6352152128085848,0.5051275516372847,0.6993741199473099,0.501941183496228,0.8350188810737166,0.5208002061355334
1,150,0.6972426548090197,0.5009165879561832,0.6746607529630317,0.5244296857294779,0.7907959307469145,0.5122976427332733,0.6371752093432355,0.5051567940689631,0.6980079068040115,0.5018226573501038,0.8290229270870837,0.5194026345719908
1,151,0.6915316048268513,0.5024407146281269,0.6698930090901017,0.5260646877582814,0.8304630926131386,0.507264542672451,0.6410442028932971,0.504975663608484,0.6967161820778028,0.501705626840332,0.8332074886498054,0.5180595101218236
1,152,0.6952294658850803,0.5007785929161216,0.6761020062748133,0.5204060279920419,0.7783275254160843,0.5316055520905495,0.6436110670102548,0.5052957909562729,0.7012734768687783,0.5015911097423946,0.8367560049998143,0.5167735977261124
1,153,0.6925381833596165,0.50114347056598,0.6768621747693591,0.5186169485856922,0.7710872278215428,0.5307198886842128,0.6433216909230159,0.5050690527227722,0.7036055757878926,0.5014799431347899,0.8349896266903692,0.5155470543766096
1,154,0.686710245269314,0.511234655092525,0.6724530237040109,0.5111221504626852,0.7405600682997511,0.5334480711232765,0.6436748569177682,0.5049624121958606,0.7041807821251269,0.5013727956120418,0.8428726785516475,0.5143814167507718
1,155,0.6881250963816875,0.5009729505821842,0.6747116756317318,0.5333034757581562,0.7574546420471447,0.5266926948850255,0.6429859926545907,0.5046240175731032,0.7000103764285192,0.5023117603975017,0.8499598676777002,0.514850706999182
1,156,0.6895702173750957,0.5008952722080605,0.6767441734480416,0.5309304602527474,0.7627834422540999,0.524794755682621,0.6424215740610519,0.504302022897768,0.7024545040162397,0.5021422276418487,0.8566966589959728,0.5137342857367823
1,157,0.6878241366149915,0.5101927426513105,0.6727119537946373,0.5268359034848793,0.7639876551614638,0.5244245637481316,0.6461414791076603,0.5041320146223879,0.702630059519012,0.5029612781905556,0.8576609174836997,0.5126777647390333
1,158,0.6928173614602741,0.5010182763503191,0.6787238962808179,0.5281314789032477,0.7906820855011246,0.542683056374421,0.6471209090228353,0.5042047929628239,0.702842806107134,0.5027451641800772,0.8539018567012993,0.5125650868695728
1,159,0.6943719398719725,0.5011258017015341,0.6809286873990676,0.5260373914489658,0.8035107318054839,0.5395689159551115,0.6462775309386608,0.5139543527399102,0.7003987765277255,0.5036846550488209,0.8522718027096627,0.5061731938653662
1,160,0.6937277106161202,0.5018950748309811,0.6767497169085352,0.5250982011369042,0.8145550451528365,0.5378350814255904,0.652963576330718,0.5038547726928445,0.7034152275295898,0.5129395970699344,0.8556271727385595,0.510651606771817
1,161,0.6959930759597154,0.5017687717362629,0.6767433218864064,0.5239248049480504,0.8247047046684957,0.534996415513939,0.655401491269658,0.5035851749539425,0.7033854286326712,0.5120677521279746,0.8570421281450826,0.5097825400677735
1,162,0.6985870686830856,0.5016474627687443,0.6715510205489136,0.5221506738250252,0.8335021798283336,0.5339704460679547,0.6557852410571379,0.5035737774594663,0.7070983206255189,0.5112281122058349,0.8626254662330533,0.5089704187084365
1,163,0.7032700312528036,0.5015313502364319,0.6718172803117994,0.5204766134186795,0.8415381864494085,0.5355248682481093,0.6579739050648751,0.5034862558370389,0.7107177758143957,0.5114859057196274,0.8584200811050361,0.5089569109347699
1,164,0.7059713161474546,0.501420590553735,0.6397870089236204,0.5189008346766754,0.8490450182899009,0.5328204641355275,0.6610653777233049,0.5138113405924334,0.6693971655438969,0.5040726570422752,0.8517271471613878,0.5048042976123853
1,165,0.7083055122302216,0.5013152929036887,0.6103742176431688,0.5174210777744446,0.8557797408013267,0.5302664035481868,0.6597480690989349,0.5034290946080994,0.6315928759154402,0.5106801253489115,0.8552186998551248,0.49862595270419363
1,166,0.7079145579562386,0.501215519228987,0.5852367110487803,0.5160346746552563,0.861277995459543,0.5302793852789194,0.6595082490486428,0.5034441967030963,0.5959073041505436,0.5104238105697285,0.851017395401177,0.49865716697959345
1,167,0.7072896342831381,0.5011119550559758,0.5559406406970523,0.5130348472691041,0.8220099240183217,0.5429281211105511,0.659439249005246,0.5038050744607621,0.5666205357587838,0.5100020037816494,0.8474393228374612,0.49869783084684727
1,168,0.7010202278097474,0.5050895436437176,0.5450992521578817,0.5135295995706581,0.8712820508041277,0.5274588049968599,0.666950416711028,0.5138506482143288,0.5495239545570891,0.5099428940202996,0.8196205398932384,0.5052826727029734
1,169,0.6923436464400727,0.5050518882065579,0.5425993716332812,0.512404119484958,0.8754982652967155,0.5260548051903097,0.6705707454126241,0.5072435493924854,0.5489359705604514,0.5185242291176702,0.8407829482462653,0.4987999470272413
1,170,0.6835756740464004,0.513593182038341,0.5435816669540776,0.5160184137521985,0.8695862744277973,0.5273412558544177,0.6679665530681073,0.5105787084879587,0.5466931749495949,0.5133717672826916,0.8564932046437339,0.5034594375650011
1,171,0.6864071844134845,0.5045585334645761,0.5456647342864793,0.5126056740667646,0.8600209521571712,0.5054835528217021,0.6653438274635736,0.5069335786318742,0.5542826093070591,0.515935228679872,0.8439560092937183,0.5076968935337748
1,172,0.6833452655186678,0.5094900753186636,0.5528503008762077,0.5064722152965072,0.8797449849470177,0.5058983649872969,0.6607669564326921,0.5069843558894053,0.5568708096187477,0.5165407451187654,0.846618065849117,0.5071773346960028
1,173,0.6833162568020098,0.5041130621308764,0.5627043025451192,0.510570566635896,0.8577982260494708,0.4839168816735933,0.6596170985231682,0.5066212963047999,0.5585846243769665,0.5153002313044751,0.8347747635904564,0.5066794674591959
1,174,0.6799184954354311,0.5073448185680461,0.5666536040189001,0.5054982577392919,0.8866753571113309,0.5058422531016215,0.657404212796691,0.5066011119414796,0.568432094442128,0.5141262594159758,0.8241523785083174,0.5062038755042212
1,175,0.6889290947243213,0.5035309535689677,0.5783854428286239,0.5088219718183334,0.8545667132418991,0.47415829909928514,0.6541520683155837,0.5063957134296576,0.5795351301757982,0.5254533412375821,0.7916159307545823,0.506550357439437
1,176,0.6891916933466319,0.5034476031371409,0.5837919251904891,0.5104240154586231,0.8612046487728493,0.47618594106314266,0.6546295606179476,0.5097350465530478,0.5861125323917075,0.5129755999214868,0.80144396554436,0.5053211019625377
1,177,0.688731164745223,0.5031921984439741,0.5924220022520007,0.5095451246712709,0.8672491119470315,0.4775927213165488,0.6532885362081265,0.5094011499766642,0.599814973525232,0.5119344875556545,0.7987213908973092,0.5057198253898109
1,178,0.6849614393961521,0.5030896590428002,0.5970174248630593,0.5087297239135832,0.8723108191464742,0.47898516912927114,0.6496773318627758,0.5093389633160462,0.6089231830410405,0.5109591969220755,0.796162526072259,0.505296545843932
1,179,0.685031451321625,0.5028627691177537,0.6004883368035189,0.5079747032170966,0.8768854348303833,0.48095486900494555,0.6471825811146489,0.5086797767155431,0.6200284573799741,0.5100482145724334,0.7938146713274064,0.5048952540947291
1,180,0.6831875834153259,0.5092435816711542,0.5976032305196924,0.5053070972169224,0.8878371578372803,0.5054673472378951,0.6370858070353154,0.5076220303887858,0.6336592400549529,0.5321059961793111,0.7801886908854199,0.5063377021621797
1,181,0.6895413889505763,0.5026821444388874,0.6095628656479304,0.5267115286123797,0.8722408039596864,0.4835935940107818,0.6391297353175956,0.5116028392264497,0.6394719378953081,0.5084112807911998,0.7940413164797746,0.5064024408930179
1,182,0.6936724963607689,0.5026373937296608,0.6157599417053624,0.5248391699918168,0.8770084439059816,0.4848377992740708,0.6369901887024622,0.511643517358211,0.6438075604482547,0.508366787883442,0.8009469925081573,0.5049070353714038
1,183,0.6962836344354769,0.5024529394979911,0.6210461659336556,0.5230467546958547,0.8811124420364791,0.48667096738393695,0.6324021208612057,0.5195468593480536,0.6462673500643915,0.5071011457404526,0.8096303409935015,0.5042540973335468
1,184,0.6993103042977957,0.5023981241803626,0.6282628205212136,0.5213379583580774,0.8849636279769139,0.4878046886443204,0.6349881003862146,0.510099917429879,0.6572084838014481,0.5076991818340932,0.8216627370109464,0.513239149680331
1,185,0.7021504592892795,0.502234250135334,0.6346684756251623,0.5197153828158044,0.8878392122329294,0.491213610531772,0.6371004223797346,0.5093328121537898,0.6605176364395053,0.5070656237820462,0.8207260907714283,0.5118041285113767
1,186,0.7025936269985765,0.5020789338913488,0.640369508473762,0.5181805883673004,0.8908154935778941,0.49213826053349685,0.6390487431768787,0.5089860813820275,0.6631212583288704,0.5075179822818668,0.8250761960793304,0.5110272169145422
1,187,0.7076016003952793,0.5019318843978043,0.6440620584995697,0.5167341521478722,0.8935676779168824,0.49298880879761897,0.6408088982979895,0.5082990153862182,0.6654922833077298,0.5088012799403807,0.8337714925353997,0.5106449430134409
1,188,0.7075084361381595,0.5017928266275095,0.6454360074123215,0.5153757472697994,0.8957940468504749,0.4937668490131588,0.6403047713367533,0.5076527658278577,0.6689497667596666,0.5091343070496847,0.8419669092730635,0.5099234706224044
1,189,0.7054134005864393,0.5016614992429742,0.64676735289884,0.5141042370756156,0.8975760898381668,0.4978463188025697,0.6398578806718994,0.5073334023082289,0.671965237991915,0.5089330115828076,0.8492433949102026,0.5102546946494521
1,190,0.7017101033019094,0.5015376516581475,0.6498627198693472,0.5129177789624239,0.8995932511312211,0.4983324519630722,0.6416039012171424,0.5069596720404087,0.6787166508876232,0.5082469287113185,0.8556026909993136,0.5109114137559879
1,191,0.6944294271682409,0.5014210408329703,0.6468932608702536,0.5118139326655762,0.9013849328575171,0.4987512721702602,0.6450779034414333,0.5064152056637873,0.6854484018442928,0.5076020798608758,0.8613691431627427,0.5101536002063882
1,192,0.6897716580741552,0.5020044311074775,0.6502228427916459,0.5107897685484979,0.9029792640101644,0.4991082730977477,0.6442554582865311,0.515827205300607,0.6882520603984614,0.5067040233221437,0.8649851573289561,0.5095092803932603
1,193,0.6843662344212569,0.5126799714400041,0.651559285386195,0.5108400878695685,0.9033749561588104,0.5026550615406508,0.650503885190995,0.5054289773786853,0.6987832818254789,0.5064315429406481,0.8708722184523218,0.5191291484975983
1,194,0.6890486207577451,0.502311950216474,0.656407131390881,0.5089669427743843,0.9044702401861574,0.5224674008548482,0.6531453350805536,0.5052136394253032,0.6991810606494621,0.5065982965291588,0.8703979871931179,0.5177589217668064
1,195,0.6888824500194598,0.5021527768200515,0.6543993142703246,0.5081608822975783,0.9056040263964776,0.5211196986032443,0.6474731962694203,0.5041542215874476,0.705612784505147,0.5288814575114186,0.8499869621898537,0.510333750017092
1,196,0.6888794035041007,0.5020007531932565,0.6587406363107773,0.507419875972371,0.9064687971734943,0.5197964777977304,0.6512928608243914,0.5079803100024859,0.6949854669943296,0.5060859544116465,0.8746381952924402,0.5152094028563037
1,197,0.6890282628527566,0.501855974287042,0.6628710836709496,0.5067399615847853,0.9072634630158151,0.5205655253527566,0.6516056346415888,0.507398515135511,0.6976434776775288,0.5056204338511898,0.8787705377898639,0.5140334756545442
1,198,0.6854204246085788,0.5019486332473593,0.6669129325709363,0.5061171887039633,0.90806567883445,0.5201537119410817,0.6521837219756462,0.5170627672459015,0.6946754707518676,0.5063999487844248,0.8765202227401561,0.5160019439248027
1,199,0.6816615006158555,0.5020056651378658,0.667947636347787,0.5055476677460049,0.908973851432903,0.5188204903307276,0.6504095909098426,0.5067128419994728,0.7017582383484713,0.5055505590042814,0.8760060890593381,0.523191628398029
1,200,0.6803762929875149,0.5018735137861251,0.6725342386470415,0.5050276095627648,0.8990660018398321,0.517532743778024,0.6487973943386333,0.5064098929441542,0.7021614621078187,0.5051255388223092,0.8751446210567234,0.5221417128605927
1,201,0.6829040900676132,0.5017467956047253,0.6729645270358117,0.5067978912775778,0.835551667236208,0.517099682947851,0.6474755553414531,0.505916712973279,0.7044318541743394,0.5047256727272273,0.8490413874426045,0.5204486678895309
1,202,0.688337174240706,0.5018132404702622,0.6726065214541891,0.5062218118793321,0.8436361141543058,0.5174407276591632,0.6418518835867214,0.5150945200858745,0.6947651769857063,0.5056807908339199,0.8475478157254848,0.5198903345672944
1,203,0.6933437678455967,0.501695333743381,0.6765267040315524,0.505688513472543,0.8509153819726726,0.5186367440157772,0.6499503352399988,0.504890283376595,0.7019645907208956,0.5049373522846818,0.8455726363289655,0.5273913833458996
1,204,0.6966772220077023,0.5015821246524867,0.6768461177759777,0.5051955709295382,0.8465130108703153,0.5190589138497048,0.6527414055288974,0.5044976924521692,0.6999270012949154,0.504544676694949,0.8324624249364492,0.5260081290238033
1,205,0.6979200288120975,0.5014736987147713,0.6751894413028843,0.5047406196311723,0.8534284244130915,0.5185049129145984,0.6507040583035885,0.5038424307577803,0.7024202581948007,0.5041766543358683,0.8203810805219794,0.5229999458737401
1,206,0.7020893305748788,0.5014640622138656,0.66668526697151,0.5048897212865437,0.8059986927077942,0.5614694182552287,0.6511945748288641,0.5030672958108662,0.7044296046478852,0.5038326415983669,0.8195668735168558,0.5218390178642598
1,207,0.6983564619179712,0.5054520352383692,0.6726932822898528,0.5039355582500765,0.8446364258072688,0.5168311516285764,0.6475791842964551,0.502794118459882,0.7018755410300352,0.5035118944400258,0.8091840277494479,0.5201138997196237
1,208,0.6993296609796306,0.505519196015389,0.6729374568271966,0.5035810563878826,0.840717162971801,0.5211704350384437,0.6485162763393069,0.5025472519522683,0.6976111988868334,0.5032135801957057,0.7951825265453758,0.5184945946181286
1,209,0.7000397618195859,0.5051446753760557,0.6735024886492944,0.5032557698759295,0.848254186318445,0.5198677723725083,0.6484954142718342,0.5028167501312406,0.6974944435757319,0.5029367913411246,0.7920651091040277,0.5175308395169071
1,210,0.7028934522157733,0.5047847263273131,0.675597878510979,0.5029576944010961,0.8337313490690509,0.5186057246118898,0.6466307369159221,0.5024129360949259,0.6964785271265551,0.5026805603879745,0.7939951672030672,0.5161011068701264
1,211,0.7049741496037545,0.5046068631747078,0.6806171028309045,0.5050353705768454,0.8309129586864425,0.5173871741783764,0.6391817504373309,0.5110042677599207,0.6899846970271939,0.502478953357199,0.7925337216813132,0.5123161091415783
1,212,0.7034545681725586,0.5042775716558235,0.6806616171864772,0.504626401838921,0.828841370376284,0.5162146258645605,0.6495153185510821,0.5020651631508865,0.6900982590190531,0.502619008315844,0.7835205288191928,0.5333772716369555
1,213,0.6982874318829999,0.5041739516301589,0.6805213676328257,0.504244954113114,0.7836175067352485,0.5160857749063102,0.6487762212394705,0.5054700622171233,0.6866058266029412,0.5020249591356536,0.7883843106701063,0.5218723459725803
1,214,0.6895710743881894,0.5038724437870212,0.6790419222697027,0.50388989128943,0.7862793681251611,0.5150016351220476,0.6481063368145129,0.5053207188511111,0.686543251329672,0.5018406115031963,0.7858626564869772,0.520217951758412
1,215,0.6835868230232024,0.5040134844969619,0.6770465913204605,0.5035600516802033,0.7993747277870072,0.5139633819413302,0.6470206321766637,0.5053253651117984,0.6841186204408714,0.5025470420801397,0.7880593021963128,0.5186556732394789
1,216,0.6800453274848103,0.5037129966480417,0.6749128827923295,0.5032542515963351,0.8110173730849207,0.5129721245329678,0.6467181779455903,0.504896254286182,0.6818339470721467,0.5023439324909758,0.7903930165616151,0.5177347619341685
1,217,0.6804025893698242,0.5034289065862695,0.6753240259350478,0.5029712909056351,0.8000487119358988,0.5120286306154073,0.6435854315138365,0.5045559744765121,0.6797864626064283,0.5021541172248052,0.7785631293175994,0.5163399823714303
1,218,0.6810218115508084,0.5031611392947278,0.6757518814566941,0.5027099600311126,0.8116057703685193,0.5121031423939894,0.6425714758482283,0.5043493687377435,0.6801020009153349,0.5028764946161801,0.7819188294390563,0.5150314094100459
1,219,0.6846181665792227,0.5029094995400472,0.6786333297691822,0.5024690478483704,0.8112717257911154,0.5129622160350662,0.6448810986507031,0.5039911927157796,0.6824633188142859,0.5032477340654125,0.7802513996248929,0.5138069322524449
1,220,0.6846007069784223,0.5026736854334057,0.6766409325967039,0.5022473499777588,0.8107334058186659,0.5128157615075912,0.6401685027199305,0.504059683264467,0.6889652129025124,0.5030271805806514,0.7745066110869687,0.5126640455843703
1,221,0.6873667429169708,0.5026861544136834,0.6760316344945584,0.5020436770291904,0.7994484064129167,0.5144641060583821,0.6361546337972549,0.5043074315558904,0.6907263792567256,0.5028162271285008,0.750143164746804,0.5115999098621014
1,222,0.6859562680350312,0.5024748416724455,0.6743264883952416,0.5018568624356703,0.8001594056692873,0.5142084829369523,0.6344783024543252,0.5044033516900525,0.6962444249046995,0.502615011584545,0.7615985793942757,0.5113488877535513
1,223,0.6803923412280254,0.5022769970371331,0.6708464680229281,0.5016857695965731,0.8007650621864438,0.5146520726266723,0.6368480853554509,0.5040528296955522,0.692891770634532,0.5024236311084905,0.7678404337572227,0.51083964812127
1,224,0.672797745561269,0.5102562090105023,0.6624198460592547,0.5017841849008279,0.7967300915991591,0.5155467310311463,0.6332194161258559,0.5039843805793222,0.6926754212102789,0.5022421341885027,0.7774788028168167,0.5099549272757131
1,225,0.6784746265213223,0.5019198156807589,0.6659265828861672,0.5013863891585348,0.8106601326761239,0.5352349555965404,0.6373448447980994,0.5038334820977682,0.6941733171930082,0.5041523803783359,0.7861787730424288,0.5101737174296923
1,226,0.6814974956999292,0.5017594590162686,0.6654027251056147,0.501256029454857,0.7988538116920958,0.5330278977351454,0.6371116500491155,0.5039505116254751,0.6935102896706871,0.5044130507286891,0.7945282304124257,0.509337971467798
1,227,0.6799030268288963,0.5019108580712947,0.672787022863535,0.5011372546597321,0.7892701560051008,0.5321454163719687,0.6303282234809743,0.5034919790256951,0.6996378248023786,0.5280921381883181,0.7756511210010979,0.5081543363754166
1,228,0.6791655717755188,0.5017601514170339,0.6734810530928385,0.50102915141407,0.7915040908065863,0.5300659476471768,0.6380645651945318,0.5071882681752665,0.6951605057000877,0.5038179009468963,0.776134403908532,0.5078394068650423
1,229,0.6797269642438188,0.5016191437004459,0.676066989021563,0.5009308586079497,0.7934689028799987,0.5280654569657857,0.6332802940674522,0.5153993399654911,0.6958223376246826,0.5190292315711768,0.7558762555670311,0.5077115450083988
1,230,0.6799852766240387,0.5018816056435126,0.6789690390773939,0.5008415678037451,0.7835701861652163,0.5281019445519265,0.6413097880419092,0.5023771225936632,0.698513832275394,0.5126393216060937,0.7705704690028975,0.5065523697806722
1,231,0.6824512085581017,0.501734232050947,0.646066387423954,0.5007605229481796,0.7863406784121206,0.5262525225215877,0.6405981244249607,0.5021813670701877,0.6593668721092932,0.5127601549418723,0.7703526390272413,0.5059810849762871
1,232,0.6843208336858598,0.5020180757428233,0.6139589205266843,0.5006870194853194,0.7886201238366153,0.525064289484501,0.6402995735089028,0.5029057964311122,0.6243504095165783,0.5118370720039351,0.7749440312621472,0.5064958521960783
1,233,0.6825260203044281,0.5021041928322658,0.5830233537626303,0.5006204029800431,0.8012178662574715,0.523835619797545,0.635671304119585,0.5059210403650706,0.5947011267855529,0.5276370243407708,0.755976528998941,0.5070597010643946
1,234,0.6829449579780122,0.501948727312393,0.5593064786623495,0.5005600673550855,0.7908366365931271,0.5226132149351248,0.6391814062864162,0.5065212338763976,0.5637311155204063,0.5101214947009648,0.782910303882439,0.5069342228382178
1,235,0.6817761488323012,0.5022783921763978,0.5381002442380199,0.5027335631690286,0.7926751608960724,0.521105667542745,0.6382160546015956,0.5083751581964174,0.5371720482248769,0.5030970501941667,0.80394081717995,0.5072627256603889
1,236,0.6762715882276502,0.5099044858606857,0.5175309316054586,0.5028430905234155,0.790921395306443,0.5234794330355991,0.6353185888867122,0.5128419974353069,0.5145934734681724,0.5158670178085628,0.802890164703039,0.5071147665053499
1,237,0.6813454254409871,0.5019785608001582,0.5000900607948504,0.5237353240789282,0.8043090119984557,0.5186814077149935,0.6403668987701836,0.5057936881594297,0.48934694378594434,0.5233061623319072,0.8018716600015559,0.5065700266348281
1,238,0.6798683474793473,0.5019808145648325,0.49479334753753407,0.5220910512023179,0.8047979986801455,0.5174007818028744,0.6447252918265733,0.5053608725653858,0.4788080395490867,0.5227820241634037,0.8031845376779412,0.5050874806992641
1,239,0.6791646196623113,0.501848325026876,0.5008993150179001,0.520512349750372,0.8051647440352163,0.5186944987413667,0.6481374023506071,0.5049518965777021,0.4767785708136525,0.5212061453907086,0.8055622937510625,0.5046864951706858
1,240,0.6802585276136554,0.5021467278777042,0.5154612091470983,0.5190035446492179,0.8054559046922078,0.5174893310598663,0.6510079505474559,0.5051853660932332,0.48112396487462294,0.5205781992027755,0.8116734404749137,0.5048203758768218
1,241,0.6831368333945271,0.5019972263186122,0.5288130422526132,0.5199176895222866,0.8056462478808452,0.5163373423410388,0.6575180121414239,0.5054115689859241,0.4890014802948464,0.519084701956935,0.8169734343769018,0.5044613402298374
1,242,0.6857794713121604,0.5018548147342262,0.5399723127451862,0.5183977431225034,0.8060162372905423,0.5152377859781493,0.6596037756858341,0.5050126072134994,0.4956917166327155,0.5176617005764617,0.8168780261291235,0.5051641439524348
1,243,0.6836591195515357,0.5017195223153206,0.5530286292542542,0.5169600367512129,0.8170512903333115,0.5141899571312333,0.6595296034933914,0.5047840482458308,0.5053533167590155,0.5172830920952446,0.8169956845633496,0.5047756666334531
1,244,0.6819017833860056,0.5015913404725258,0.5622300316616468,0.5173328694262788,0.8158317794135138,0.5142925498173746,0.6619774364732118,0.5045363673288761,0.523300590616765,0.5159451023729351,0.8125900913143744,0.5048411115038417
1,245,0.6789196048068538,0.5104787192553115,0.5694657193700863,0.5186479924089445,0.8073238949960184,0.5163165028272155,0.6639571656894256,0.5042027864930778,0.5370293669004591,0.5156265073734458,0.8180308667825473,0.5044932692448818
1,246,0.6839719480672489,0.5016421793792586,0.5800776765162515,0.5361426592460111,0.8235625452777632,0.5131539501725815,0.6656103721689441,0.5041926012885309,0.5537193000861634,0.5143825008157519,0.8229279065030554,0.5051385096929749
1,247,0.6846295083419986,0.5015237909505216,0.5878770846815378,0.5358533055102213,0.8110970069599203,0.5131813955329707,0.6675017486388214,0.5038837024473072,0.566086169503082,0.5132145092655589,0.7990113099300648,0.5057275223739436
1,248,0.6869709579203507,0.5017342497274273,0.5928713179913784,0.5343940730531367,0.8108984173468736,0.5123427000356536,0.6666647032592818,0.5035924437831523,0.5755405126311453,0.5121214825433444,0.8008755834238115,0.5056673880882975
1,249,0.6888079899245251,0.5016125124205804,0.5974133437851287,0.531810223217897,0.799689072905453,0.5130044086649636,0.6656810487848881,0.5037636056090831,0.5826243617403172,0.512137058561515,0.7976308019239128,0.5063382122225054
1,250,0.6885372589639775,0.5014962838851665,0.6015670086254112,0.5293653934917495,0.8004415944543836,0.5129575257589114,0.6649154856604651,0.5035900939681965,0.5940993417546452,0.5120416053160658,0.7994973643315789,0.5065171946855452
1,251,0.6863442560492754,0.5018130380079969,0.606812968229192,0.5270599283096619,0.8011487386789854,0.5121709918307537,0.6642258966979435,0.5036883413826567,0.6007691631998258,0.5110385022571039,0.8012170085587583,0.5061146639332653
1,252,0.6842661877050862,0.5016786805861713,0.616322894683123,0.5248929182469207,0.8018883584566503,0.5123656549322292,0.6621947629413852,0.5034419507473802,0.6071472129547884,0.5101046763135545,0.798397236012465,0.5066359990095324
1,253,0.6845413293150339,0.5018302831826212,0.6244884509457995,0.5228623343673059,0.7920073322733201,0.5116247826355953,0.6598506642011256,0.5032078609317784,0.6163361899281864,0.5098116449743734,0.7959005546086617,0.5062429515389975
1,254,0.6863348906110927,0.5016994260255507,0.6353737102938719,0.5209651711513621,0.8043818875234008,0.5109064372446545,0.6597281510563642,0.5038653473688101,0.6267674597655697,0.508993476490705,0.7798233847602416,0.5058609930816695
1,255,0.6862582545793975,0.5015747665380321,0.6413747832953177,0.5191975928224601,0.8046380401440848,0.5138527058141291,0.6561073179490482,0.5131348338862188,0.6333621463954906,0.5086633584219205,0.7775468425785047,0.5057936926330723
1,256,0.6862445262765307,0.5017424987800521,0.6466276915775158,0.517555078506319,0.7724318114960591,0.5138949431803588,0.6614129196787221,0.5034392544869253,0.6458252374384506,0.5173022808314442,0.7772849385205883,0.5051337086523024
1,257,0.6827236274215502,0.5016194179267434,0.6514711957508592,0.5160325623938061,0.7760432218238913,0.513054728932074,0.6634271493570955,0.5037168234579165,0.6516898151027944,0.5160005943061585,0.7815049893142753,0.5047898577452965
1,258,0.6830589521746343,0.5015019854456928,0.6564817920022862,0.5146245658614229,0.7684773265678341,0.5129434370196181,0.6629374254581396,0.5037097965592244,0.6589625048935238,0.5147720519483021,0.794542391317605,0.5044600171125612
1,259,0.6860943011482343,0.5054419917102994,0.6581751028955953,0.5155462059253066,0.792321519784409,0.5131258034032646,0.6632844429613876,0.5034591294830154,0.6651078600923211,0.5136156543062312,0.8016940586724441,0.5041446578969637
1,260,0.6966762741382347,0.5015141500545033,0.6613608111690741,0.5335574434470798,0.7829250883375921,0.5113976936606653,0.6558013787267952,0.5163660083809001,0.6628437328038892,0.5120950829735117,0.8082279044161848,0.5046313073652344
1,261,0.6958447565897253,0.5015710411842971,0.6610087022478737,0.530979928548202,0.7736856825807819,0.5125551045036119,0.6627202406173586,0.5029941903438601,0.6778929962512767,0.5211152035299418,0.8069722161446332,0.5145027523109953
1,262,0.6931913346641959,0.5014682963883492,0.661217055062652,0.5285509957055236,0.7766966997527233,0.5118265094779018,0.6600641306944105,0.5027795463967335,0.6823517866634005,0.5195588449740663,0.8037677293101324,0.5134958238545867
1,263,0.692943190994924,0.5013697871984,0.66494069552643,0.5262687510846656,0.7793528701766677,0.5116721422172142,0.6576047236132349,0.5025764931283994,0.6903105875742966,0.5189490546808957,0.8054840116230491,0.5147485631981467
1,264,0.6915599919662224,0.5097786093881944,0.6636444235386086,0.5277931890370293,0.7850223708289047,0.517609123750507,0.6594794508014199,0.5023847783520562,0.6958420633520084,0.5175045253128212,0.8025509009218973,0.5137256012679694
1,265,0.6975425084654392,0.5011857186875474,0.6710188155428407,0.5221324774460487,0.7817049768579869,0.49338534791238653,0.6556263834853007,0.5103762218876435,0.6966032486561888,0.5161707365723497,0.7928937543583782,0.5061773777859446
1,266,0.6941946950365223,0.5077809574452883,0.6694608056305041,0.51935119467396,0.7883313441377066,0.49010847388324236,0.6633950376996961,0.5020342350320169,0.703080667659095,0.5237431121529207,0.7819743853741461,0.5118097425063812
1,267,0.6973302392160678,0.5011836887946959,0.6759283383686557,0.538142134811877,0.7723775474826057,0.4955556016852376,0.663211905541508,0.5018747861628462,0.702968035923956,0.5235695304107882,0.7811406393978406,0.5109204948917184
1,268,0.6948252640028741,0.5011051792976682,0.6758014737035966,0.5353253856734039,0.7759949812064825,0.49726935383932946,0.6630216179940193,0.5021640340985852,0.7049130902359003,0.5217982835851555,0.7847740697634477,0.5107053335691971
1,269,0.6942745978351039,0.5087497279758758,0.6649875878706477,0.5350139826815876,0.7471029316959952,0.5703652377137469,0.6652660856589196,0.5028702642570932,0.7084931572628108,0.5212074277818649,0.7835905015432179,0.5098911012484211
1,270,0.6937896443651506,0.5052263479821214,0.679258889004922,0.5323423963902211,0.80057154425359,0.5221831035281885,0.6700911883762131,0.5031609595627407,0.7161122029799502,0.5206399271721666,0.7873051922654892,0.5096469403549484
1,271,0.693397859172814,0.5052517945666671,0.6773446228131308,0.5298031696475635,0.812742031359587,0.5209888543209121,0.6708683185020371,0.5030780798626809,0.7169450838124657,0.5190495875711554,0.7857849637211319,0.5093683173588938
1,272,0.69687150827614,0.5050935800757689,0.6731385258177015,0.5274153328264901,0.8235757989603495,0.5198074219613442,0.6718045051415066,0.5028666807077783,0.7177207852079384,0.5180316827352572,0.7887411196992412,0.5096853506241444
1,273,0.6976625410777765,0.5047346548123044,0.6693722579874591,0.5251769683310625,0.8103064686230885,0.519710353883,0.6712328297878258,0.5030990362974109,0.7179721438718301,0.516618350859225,0.7966171401340906,0.5089591190774871
1,274,0.6991081163606974,0.5043915699475381,0.662315578725076,0.5230850596299346,0.7995700896364619,0.5195541614766918,0.6677379074013259,0.5034158300165857,0.7174108510342921,0.5173406199814718,0.7895149348781825,0.5082739747455893
1,275,0.6998448445374593,0.5040649349261596,0.6582531990017996,0.5211356379671447,0.7892904484028367,0.5184142697238969,0.6655582898444586,0.5113042816459925,0.710331899106368,0.5108604915546767,0.77103442355712,0.505056082174103
1,276,0.7002433695853204,0.5037551532084232,0.6561493910465374,0.5193239346934393,0.7914738498802566,0.5180955841498985,0.6646867715608982,0.5036094784811044,0.7117177990175391,0.5221220420814421,0.7775287976847519,0.5070240619449772
1,277,0.7003689199200743,0.5034624333276285,0.6558765692848996,0.5176445335383565,0.7715122675087368,0.517008124010313,0.6618387139314656,0.5033644454544856,0.7117713808608519,0.5213723716783317,0.7770709983769774,0.5069935608473559
1,278,0.7011940697939949,0.503186803627487,0.6541843242618642,0.516091518011747,0.7859930109109966,0.516592328333784,0.6612200371427248,0.5036948394989326,0.713372672240765,0.5198651333148717,0.7768510256465058,0.5064525296490328
1,279,0.7016106460577332,0.5029281297022694,0.6551920414893648,0.5146586101041769,0.7775869914131041,0.5155717082648846,0.6593244002927439,0.5044217700216385,0.7142441151203394,0.5189945722156083,0.7812381956148307,0.50632632310152
1,280,0.7038353580580118,0.5026861335963735,0.6553863884673483,0.513339297460977,0.7913532306492098,0.5151321382456817,0.6509670521367235,0.5061077761583425,0.7119231848615494,0.5187690308177182,0.7938675527866386,0.505219741307864
1,281,0.7064564812824512,0.5027935766325019,0.6540904880677291,0.5121269471635329,0.7930112930894782,0.5153057882030513,0.6490595351157897,0.5042874936540214,0.7183115605978179,0.5163043207979684,0.7821601019567591,0.49632802094754735
1,282,0.7085359384955148,0.5025670753921901,0.651029211714956,0.5110149051124162,0.7944311892977,0.5156775142669102,0.6463915072092203,0.5039914955891057,0.7210583147498247,0.515063945609433,0.7857984982769759,0.4974102067901033
1,283,0.7103656688938847,0.5023554353687077,0.6495489514975953,0.5099965807384657,0.8068180355367689,0.51474386319722,0.6411791228269866,0.503708408233351,0.7235061391145514,0.5138933833343637,0.7846901506757802,0.4980171677298272
1,284,0.7163150590013567,0.5026976763955836,0.6518148522778151,0.5090655173557661,0.8174640062920222,0.514726431767551,0.6361961843180067,0.5144634571412152,0.7177565418653921,0.5128282130829637,0.7749952100556983,0.4981247977267343
1,285,0.7130033564176667,0.5025602186046721,0.6516867112218703,0.5560547373317712,0.7676879909450514,0.5151986769309843,0.6343475397830499,0.5150105196000606,0.7208771416247561,0.5460004848027409,0.7658504635423082,0.4985860596425849
1,286,0.7147791675235394,0.5061495015459841,0.6453523009810049,0.5074403442213067,0.784097286444956,0.5144232847393031,0.6449782435996593,0.5079287202845859,0.7237628390726263,0.5298577752849294,0.7941834947926893,0.49894465169213786
1,287,0.7130049535347283,0.505704589093824,0.6426046219518519,0.5067344398889582,0.7752598345310872,0.5158040427395932,0.6371457256952361,0.5239607764964631,0.7104396817847773,0.5326887063823699,0.7856925867722743,0.49991208572826024
1,288,0.7103810509848703,0.505281279500036,0.6129950276006826,0.5060922633687794,0.7679327810383555,0.5150100357697183,0.6420112789655901,0.5167829827010975,0.6756403393979148,0.5346325615700878,0.7917299857770838,0.4901906937243326
1,289,0.7081314909873,0.5048799335853359,0.5823311694139377,0.5078768277342204,0.7716861183398309,0.5146976455487946,0.6408896378122463,0.5065337754741976,0.6391757588192115,0.5417202284753252,0.808724815217556,0.4923214494499953
1,290,0.7077592018053414,0.5047527811330677,0.558746806110277,0.5071846325532275,0.7642802321476239,0.5148677981727225,0.6402334393698653,0.5062460765776958,0.6038541077140397,0.539411745600272,0.7855904157544712,0.4946268472041088
1,291,0.7089633499306609,0.5043879930358556,0.5383061629200812,0.5088879799181735,0.7361375470235537,0.5129091810106635,0.6415182568412189,0.5061085983387394,0.5719544905431663,0.5365406122399209,0.77055533830144,0.4951975817753021
1,292,0.7088806851037163,0.5040441795846043,0.5188657999249777,0.5081445917615175,0.7325499173897599,0.5128183043591209,0.643390321842832,0.5057727042576632,0.5448579894028958,0.5338090424271799,0.7802165606372263,0.4957230317815183
1,293,0.7112748688538604,0.5041484611197483,0.4969228285590576,0.5074548399901017,0.7288936684013112,0.5126060821326148,0.6392558827717271,0.5134488388798965,0.5201376478359465,0.5336166361400618,0.7865707429873141,0.4959508663476166
1,294,0.7091681888551779,0.5038162940065778,0.4821488742701368,0.5068158911794538,0.7259007367316341,0.5123510144650202,0.6414616925178926,0.5051844842418002,0.49538359110465724,0.5389583425774871,0.7954586362523792,0.4966415796466364
1,295,0.7088186501944017,0.5035051603683867,0.4679081838091756,0.5062249705070998,0.7232034364700045,0.5123229720632778,0.6430965898800065,0.5048058165310916,0.4756659722238137,0.5365512087331714,0.7926074931656748,0.49596957047173884
1,296,0.7064566037318355,0.5032145399649371,0.46105794395091027,0.5056793596370222,0.7212929219602768,0.511759638307801,0.6440419476337185,0.5044478838204107,0.4713139646800114,0.5337100890109485,0.7907311202747511,0.4964031472303705
1,297,0.7084258357027533,0.5032371286083602,0.4665674797122774,0.5051763979482036,0.7299522442600601,0.5101930012320167,0.640998107575945,0.5041103564111024,0.47812206629071463,0.5320762388600735,0.7939405206656084,0.4967959585186553
1,298,0.7068025765107457,0.5029736524814418,0.47553058957195293,0.5047134863765761,0.7377118929064524,0.5097738391436561,0.6343190645598554,0.5040600479314015,0.4836980621209758,0.5294930133518265,0.7967065982099999,0.4979674641390983
1,299,0.7066167819438167,0.5027278626299325,0.48977636935273783,0.5042880930840022,0.7446624919531261,0.5099498028956445,0.6320452420429433,0.5043049800119007,0.4944854436703425,0.527073924671582,0.7943688140802858,0.4982406777676188
1,300,0.6993886422888694,0.5105773146822002,0.5040601150640988,0.5043421570315559,0.738677491377005,0.5111105042132223,0.631390296958356,0.5039894397549678,0.5109494139560502,0.524815240354977,0.7874739493046679,0.49848144664069877
1,301,0.6660030932968456,0.5025713328425396,0.5180022760551464,0.4821073253522744,0.7548617517657827,0.509093325875069,0.6048478556060793,0.5036916852150434,0.5250782726943942,0.5227122252422753,0.7908522513282863,0.4976370411867797
1,302,0.6312203606303728,0.5023634544399238,0.5313980102819502,0.48325882944173787,0.7604006362680019,0.5086618144528281,0.5843802770343611,0.5037666495478357,0.5367812758779443,0.5207593198354448,0.7936790466471959,0.49789593681909056
1,303,0.5960769731816619,0.5021696177083717,0.5465796126358627,0.48438049102006264,0.7547560983735196,0.5082303580630414,0.5611313932565488,0.5037512466365534,0.5467090031192384,0.5189503127289223,0.8012153024664691,0.4988883415548918
1,304,0.5651300205478035,0.5086489125570303,0.5633442259180322,0.5029456718139179,0.7453243652023563,0.5118665230172975,0.5433947386815605,0.5134559894925929,0.5571856276676079,0.513896096855411,0.7792407184392313,0.510883573608351
1,305,0.5445557461034156,0.5018216163034285,0.5764135033154534,0.4732674667774165,0.7518254841755843,0.5104516177710458,0.5235805522590958,0.5071886354194085,0.5730986935512938,0.5071295410838859,0.8042306403398963,0.49992120784288285
1,306,0.5223552252212708,0.5016662053258096,0.586497664672467,0.47471038118644066,0.7453866355960065,0.5098700546997038,0.5067697834507707,0.5068622185547198,0.5786136607752379,0.5062691715286497,0.7832004632001781,0.5078685013849555
1,307,0.4987138168328264,0.5015223509957563,0.5948341216892986,0.47614811616240793,0.7507967792112262,0.5092989116804449,0.48851657295306217,0.5109878822811458,0.5837375809222284,0.5056339533176534,0.8076455017401899,0.5013738334553135
1,308,0.48081888683954543,0.501389427142532,0.6029169129529826,0.47757073595436056,0.7451323506833535,0.508740201779815,0.47622470010212153,0.5102009998693285,0.591203308030842,0.5039324788415244,0.8135494967517136,0.5024150141204041
1,309,0.4631203089646357,0.5016940548774533,0.6133864720974693,0.47896910950168514,0.7401477278144116,0.5081958292130111,0.46415882375776746,0.5096924476062188,0.6021808587166547,0.5034484622310621,0.8236881065388193,0.5023276728961314
1,310,0.4446241004500043,0.5015516811932774,0.6195529768381114,0.4803350364697643,0.7356766712113206,0.5093398546563626,0.4527227860588198,0.5092131216758243,0.6123074931211617,0.5038044318060333,0.8325553049642082,0.5022302437540922
1,311,0.43143160533460984,0.5014195549188996,0.6279608273398468,0.4816613385776612,0.7435760035855109,0.5087510967602092,0.4393143399431075,0.5093970429521976,0.6221599888731867,0.5033938664462553,0.8404639882882357,0.5032175421817763
1,312,0.43466366116648164,0.501593450736493,0.6341894123053168,0.4829419148947636,0.7610050089913079,0.5094213012713261,0.44164676399793446,0.5095300548415861,0.6339671238716772,0.5040700326750783,0.8476791594270839,0.5030797208102022
1,313,0.43908098067820744,0.50146807130145,0.6408056898228094,0.48417176192588746,0.7767131038573768,0.5096598668452508,0.45439003656881194,0.5089651130062096,0.6425041337284004,0.5036729234401583,0.8495115064034803,0.503607003748769
1,314,0.4554109541545859,0.5017696710782755,0.6492043189717172,0.4853469611516715,0.7907043004369143,0.5102821526857804,0.46668170513721535,0.508311632631513,0.6468838815730896,0.5033144685257288,0.8465897573991361,0.5034333393758572
1,315,0.46906020185482117,0.5016318855378432,0.6525413750948167,0.4864646381209452,0.8035344917131916,0.5097035070507817,0.4812639200095948,0.5082645703327007,0.6523220849726709,0.5035747785736209,0.8296145823389177,0.5032552127215574
1,316,0.48403338088865894,0.5017391439377572,0.6540068354234263,0.4875228981436535,0.8040183383816605,0.5099907119677914,0.5004016211234523,0.5076521631237284,0.6589948446742779,0.5040746100516327,0.8286252159194923,0.504114140169478
1,317,0.49798456067046304,0.5016117156051373,0.6545772942567984,0.48611663483958634,0.8043893839746598,0.5100471222877184,0.5108774104783471,0.5070741653135568,0.666469480663275,0.5037530364235251,0.8233139565105123,0.504365422501158
1,318,0.5124909995762261,0.501491273494551,0.6570222903692728,0.4872230827303956,0.8048142086025941,0.5099833210644594,0.5233723034829951,0.5067837903525436,0.6701910582987186,0.5034543026339823,0.8182653117644269,0.504442884023319
1,319,0.524394588693315,0.5013776761757185,0.6605882634360205,0.4882619923067598,0.8051508927531684,0.509852171521309,0.5357655950049349,0.5062652517435001,0.6731326947403486,0.5031767117435689,0.8138311720721836,0.5041913276765568
1,320,0.5356634228546423,0.5081802921184277,0.6586457671897376,0.49833892528627116,0.8225396862971298,0.5112959914333476,0.5454183633295443,0.5062148125550093,0.6806446752760555,0.5039045689145383,0.8141350257553988,0.504216275250976
1,321,0.5547171186261537,0.5011703841803937,0.6643084820838211,0.5121648460302951,0.8233108440037836,0.5094904820854721,0.5525051600864501,0.5061467776009879,0.6851640472834964,0.5036013932231215,0.819347703992072,0.505016251004729
1,322,0.5696455027541864,0.5010763361428726,0.6674976212153656,0.511408844803622,0.8327259382268872,0.5129263120310682,0.5609764780222565,0.5063036834815507,0.6909906086893991,0.5033171448319771,0.8287941186095336,0.5047103841093792
1,323,0.5778337962217475,0.5111543111397381,0.668937464236563,0.512335811478461,0.8299451952596594,0.5142567656373357,0.5711333483486252,0.5059679218602479,0.6963168901432529,0.5037038770111798,0.8371897342071584,0.5044130389472437
1,324,0.5900605294183199,0.5013337865614697,0.6759781644227847,0.5099578437212848,0.8477728801624967,0.5329964677236481,0.5800727308060525,0.5058120369814914,0.6986147379102653,0.503432845606849,0.8354966537259098,0.5041252723541039
1,325,0.6042381775197787,0.5012280182732789,0.6759324494186577,0.5092686379068707,0.8548632985722721,0.5308885848749336,0.5841493969090189,0.5159100647234732,0.6959489422032484,0.5040477376414579,0.8296903075212486,0.5040981698252793
1,326,0.6096618099491478,0.5113560781820989,0.6724807015853231,0.5112909977931076,0.8528925392641651,0.5311591319371834,0.597017596530572,0.5054534554883716,0.7067769016123999,0.50356631267866,0.8418125620942336,0.5129567653862268
1,327,0.620573395945774,0.5010361313108447,0.6765460739260615,0.5079741505439888,0.8653589836714308,0.5511749455004409,0.6012666589774284,0.505655808447651,0.7065163332241029,0.5033139357117181,0.848983858317429,0.5120556925494397
1,328,0.6271005856421813,0.5013768908647604,0.6793036098583776,0.5073720570346069,0.8706240679732457,0.5476644428737264,0.6057280875872193,0.5060150645584839,0.7100791725879222,0.5030737036952156,0.8506980499506134,0.5111919644007598
1,329,0.6365927818384021,0.5012669707914307,0.681495619286436,0.5068014440395645,0.8753316425986843,0.5443006596740692,0.6061103862792583,0.5130443435564366,0.7072539860681277,0.5028371382377315,0.8519195197264212,0.5104669750352292
1,330,0.6429675496733547,0.501521930804381,0.6861799313350494,0.5062628171578282,0.8684791878841905,0.543260717951654,0.6108398796262796,0.5052061117569252,0.7161015217734071,0.5194085088486465,0.8243837499108106,0.5088716385270978
1,331,0.6537740997307036,0.5014161238002653,0.6818961612762283,0.505038121445465,0.8173605540545271,0.5840624243213955,0.6142776652025268,0.5193918456914783,0.7004106178526062,0.513619613203507,0.8467097052930037,0.5094222572720566
1,332,0.6554189127239497,0.5058853549881356,0.6879702538876385,0.5052816535432489,0.8466007884204602,0.5371929176757894,0.6259869912399186,0.5088474991107161,0.703104194742655,0.5205901861345991,0.8566144805701457,0.5101619623221052
1,333,0.6604011830002382,0.5059010323213974,0.6893063390517307,0.5048383609972922,0.8322298884827168,0.5343940161091539,0.6314072397020777,0.5082276909094549,0.7015961874631211,0.5201440586772302,0.8621505445397833,0.509369531177763
1,334,0.6607728556975675,0.5156199496035343,0.685060846741962,0.5051267966775009,0.8039675689855343,0.5259037248166981,0.6342927046079154,0.5076371394399273,0.699804061019384,0.5186609677072911,0.8675712833775031,0.5086232885573981
1,335,0.6654806050854164,0.5062757574552205,0.6752583211074258,0.5046840492523433,0.8611509594592174,0.5526540637932477,0.6359669763578895,0.5073808408863031,0.6979331407810193,0.5172510323040245,0.8675402013406127,0.5079229049291366
1,336,0.6766430329455482,0.5053805016900932,0.6753829609563778,0.5275081106349733,0.8215129584994129,0.5449097189509852,0.6342958798541595,0.5068368603734307,0.7004326535002431,0.5175034520449935,0.8673145662600741,0.5078943618822425
1,337,0.679672317216967,0.5049781394566665,0.6720684540351346,0.5255341774389624,0.8307880402629936,0.5461587716216187,0.6293748662977329,0.5170459913986887,0.6974666624259379,0.5183299063007091,0.8445519528748096,0.5036527994694092
1,338,0.6799361458761343,0.5146230822636455,0.6647491191354595,0.5236808342584646,0.8304522723532172,0.5502115402410509,0.6357762577621006,0.5062402316232472,0.7030349143330455,0.5158590471321743,0.8312057869489075,0.5148433201556193
1,339,0.6847883939743596,0.5140991921640502,0.6683224512061103,0.5219502257549374,0.8394472024607703,0.546722469086431,0.6399608747375836,0.505936198170952,0.7051485670805681,0.5146009628486601,0.8204905836420749,0.5138759441387765
1,340,0.6879792382042443,0.504158550087312,0.6715314375576965,0.5488426044717261,0.8519332255962025,0.5397241642616415,0.6435571678725944,0.5057187967988658,0.7083564696667665,0.5134197435955037,0.8157088023235306,0.5134234880372757
1,341,0.6898504194963652,0.5038286577140517,0.670737161623193,0.5458770203945926,0.8587215016082349,0.5369051631329795,0.6505989558386853,0.5060650475170518,0.7081460869223337,0.5131362880526809,0.8162676729747488,0.5125153463988255
1,342,0.6913310408035119,0.5035190380075131,0.6723490469147458,0.5429913905624455,0.8645547399940406,0.5342235520144338,0.6534634507692196,0.5056223284402955,0.7099623899229803,0.512063049095653,0.821212975991264,0.5121946288998922
1,343,0.6903784278430657,0.5032293287475683,0.674401228957263,0.5401950249611119,0.8697361041942209,0.5322071350452535,0.6546879730113456,0.5053681526876636,0.7095734257401337,0.5110608041883972,0.8259668517363518,0.5113453824327466
1,344,0.6956007889899988,0.5029590312969108,0.6727169487410505,0.5374960887806669,0.874320775280676,0.5298148990669727,0.6550925513311833,0.5049731656058638,0.7096975551914951,0.5101273952787206,0.8300024476045859,0.5105327031835135
1,345,0.6968187697348114,0.5027075327770911,0.6734142181851187,0.5349015274165426,0.8784673754628088,0.5275581640062575,0.6534962713107039,0.504600646170108,0.7131051706313313,0.5092603233365112,0.8334185062812377,0.5091378540569814
1,346,0.698068306752902,0.5024741276812106,0.6742224828137642,0.5324170180795219,0.8823145914487662,0.5269421423382618,0.6499920103372715,0.5065644197496484,0.713803933571357,0.5092336612636125,0.8526645129996986,0.5090353351098359
1,347,0.7045351411292946,0.5022580384275126,0.6746627520996145,0.5300469494719141,0.8857241877651741,0.5258240060628874,0.6485562659258912,0.5146028751787234,0.7108989731434379,0.5183000974678182,0.8377580322020555,0.5086423561307872
1,348,0.7067678249799794,0.502058434476143,0.6787365117665798,0.5277944298035397,0.8885198438852882,0.5251993698033744,0.6531653350198345,0.5045809333097608,0.7137341094177634,0.5275519181211752,0.8487336213870472,0.5086266922766854
1,349,0.7086593925660877,0.502184398417087,0.6786565943494608,0.5256613221290427,0.8914382624024179,0.5234003468895135,0.6539336193273303,0.5042384280548251,0.7147612808858508,0.5255126021844501,0.8507693252306117,0.5079877154160656
1,350,0.7109611162045157,0.5020013662986044,0.6788913751724674,0.5236483047326059,0.8938587594847484,0.52225961061427,0.6564332065009912,0.5041894206766776,0.7139746695388357,0.5235783741707278,0.8477046143099903,0.5073844079723566
1,351,0.7051997369048922,0.5018316233637118,0.6790506292824338,0.521754953200671,0.8847465629986905,0.5206744150939812,0.6571460862175942,0.503876658226763,0.7113482643322009,0.5226938295235518,0.8396266349815729,0.5068162384105847
1,352,0.6992414184078701,0.5088186630448691,0.6762899944314265,0.5069819822721175,0.8964137460797091,0.5245078269286619,0.6536903852009925,0.5091331160831081,0.7074461253228111,0.5206702855400352,0.845957924045282,0.50651119210503
1,353,0.6982998842798233,0.5022361347870606,0.6437052890791463,0.5328899991296085,0.8778491117147676,0.5195142988667472,0.6538678452410109,0.5133937385099023,0.6682470487489857,0.5286291278288444,0.8306432159811972,0.5054647830874157
1,354,0.6954157248422195,0.5020578474585088,0.6142519255507246,0.5307579816094874,0.8820666952488094,0.5181043522752834,0.6572579885149344,0.5031987199806335,0.6363945608908,0.5266295805432748,0.8372342585502505,0.4969669799932227
1,355,0.6944562701027774,0.5090358478237463,0.5868591332576869,0.5052109206598053,0.8892686685617238,0.520357903807146,0.6505306603546569,0.5031684252382491,0.6045686994648989,0.5471318356968956,0.8248574120058165,0.5003497828501206
1,356,0.6860870623048787,0.5084907502637797,0.5634997426311148,0.5425637781986848,0.8811206310085389,0.5157625658552556,0.6547010169714154,0.49901250104124467,0.5700605106818772,0.5226621618600901,0.847497205799278,0.4982306755467896
1,357,0.6909709842464256,0.5092528173557964,0.5378979469549192,0.5042727903205804,0.879643762335089,0.49426868877198693,0.6529840004642539,0.49907089792608506,0.5440888098269305,0.520849599142022,0.8449735163457501,0.49885015540103383
1,358,0.690028315289074,0.501843552654126,0.5189993673883566,0.5401448136029825,0.8706840399805822,0.4954824425833061,0.6558058749649381,0.49917187803716895,0.5160797030674484,0.5180247812071872,0.8219011595289599,0.49991870119330695
1,359,0.6854654913590683,0.512046297300986,0.5014669749815048,0.5445293433262376,0.8568635368428158,0.4946629195465883,0.6520447933786304,0.5036056101069571,0.4952845608787453,0.5175607739335937,0.8388758056449134,0.49959157857931524
1,360,0.6949251745319598,0.5015859145382954,0.48756878796477265,0.5362047917237864,0.8695498575250412,0.4755835404497466,0.6543636489726447,0.5038178947143129,0.4754114683544232,0.5160795355372586,0.8323828726790541,0.49873269241732865
1,361,0.6963644427426369,0.5017823037198104,0.4727053303788449,0.5342590026420169,0.8741739106948533,0.48029234693510386,0.6546564280718472,0.5037778763052203,0.4548874827971686,0.5147026139404658,0.8261580043944868,0.49886863750989113
1,362,0.695440560520847,0.5020652810292279,0.4597795256337098,0.5323386209554127,0.8679698147027012,0.4820038000686024,0.6531916148670242,0.5035438470755906,0.4390828813122802,0.5134259825101414,0.8254984382807354,0.5000094938412708
1,363,0.6947440211583863,0.5019200634434299,0.46162330234583565,0.5304508157300708,0.8623276327528254,0.4836166813098411,0.6554929735302357,0.5037203376066693,0.43462245643929687,0.5122452148319326,0.8249168291353206,0.5005027850359275
1,364,0.697020768614116,0.5019928161524486,0.4676466863327927,0.5286026856405577,0.8569120022768814,0.4857727781247804,0.6576521080333528,0.5042889187304996,0.44415036773738376,0.5111555944014805,0.8191346150560631,0.5005200177011727
1,365,0.695590500637328,0.5018574064151468,0.4765804072427458,0.5268010596264042,0.8519683935566704,0.4883805881716519,0.6593319299643284,0.504389325934831,0.45267812674271096,0.5101522146203505,0.8190799997262433,0.500530524787885
1,366,0.6932412945468961,0.5017279745781615,0.48439641979809706,0.5250523156452146,0.7815010994121643,0.4896648075278077,0.6578078303979127,0.5117958476852397,0.46588028505661266,0.5084020293980254,0.7510569771541532,0.4997421758514699
1,367,0.6950000867084807,0.5016045837205145,0.4996443076396699,0.5233622249958678,0.7183624028602732,0.4908380387725121,0.6622111757972108,0.5043913837439179,0.48566322789561456,0.5092589955326505,0.6969916287732032,0.5099083801981655
1,368,0.6958780414545654,0.5014872737369672,0.5093706463552419,0.5217358276825549,0.6617173350956379,0.4919036537059805,0.6616409321789934,0.5041038127642782,0.5041632496186871,0.5084292296200118,0.6426163355736545,0.5108489773239563
1,369,0.6952330628233354,0.5013760569448343,0.5213666579834045,0.5201773420357066,0.6437173409953809,0.4923530805170816,0.6645734784119021,0.5039873400226318,0.5228514526100537,0.5076669775539429,0.6129682112325324,0.5101346012264398
1,370,0.6949405418698842,0.5012709151194842,0.5282261473627319,0.5186901095246435,0.6279159465270704,0.49566372970425465,0.6634065096563745,0.5040547855970147,0.5414301904996363,0.5080093134057773,0.6049559390698023,0.5094433261744709
1,371,0.6922203738370292,0.5013896790866725,0.5354145738829084,0.5196095846994043,0.6132005194791884,0.4970217132357004,0.6605542965342792,0.5042209580555138,0.5514975437580781,0.5072971482216228,0.6025457661456026,0.5087778230853932
1,372,0.655156227077517,0.5012918952133659,0.5433164815254444,0.5181141596431742,0.6098620600262582,0.49900789966084563,0.6299147783339185,0.5039316119437959,0.5564625488501146,0.5075862496003996,0.6053424511381132,0.5095223506272907
1,373,0.6352546581191688,0.5011989732343898,0.5528021451112172,0.5180192181967466,0.6300765218880829,0.49952947430520483,0.6161000737714983,0.503970247406215,0.5669927528099645,0.5072676866306791,0.61034154676433,0.5211657677785019
1,374,0.6290371564746924,0.5011108764422745,0.5645072015332768,0.5166523220142103,0.6482442066353478,0.4999673511987865,0.6075731098392566,0.5075540809581532,0.5826247569344037,0.5063199191372638,0.6329650729985903,0.5090037637625066
1,375,0.6312948110383942,0.5013336894543269,0.5751125049671288,0.5153617547719617,0.6644629301534332,0.5013760980021811,0.6053417003221796,0.507203496857143,0.5926680709775549,0.5057601713256425,0.6517464141874411,0.5094142052824088
1,376,0.638898503403141,0.5014366368989879,0.5846547969588183,0.5141471138171636,0.6790322736867217,0.5023769246693809,0.6064863061009673,0.5068199744112747,0.6052806747873806,0.50524528650852,0.6639300406563304,0.5085283394989498
1,377,0.6515236838926224,0.5013812310381237,0.5939657881769148,0.5113699082356217,0.6678930398123324,0.5300720622794841,0.609629097266505,0.5067719245608356,0.6145525049789305,0.5067716989000418,0.6752314930303371,0.5079245641364091
1,378,0.6553243197782579,0.5051044229386148,0.6047661312812778,0.5119410447548386,0.7034584936030671,0.5062056826127765,0.6143812447385707,0.5066908322126087,0.6237267928447939,0.5062064021941564,0.6849261767232449,0.507350123946502
1,379,0.6615521141845935,0.504754896238591,0.6173430742134679,0.5109460869023051,0.7137424491444736,0.5092699708032368,0.6173424981786925,0.5139051721219274,0.6303058462168744,0.5068788332342319,0.6824823489565269,0.5072589949148695
1,380,0.6660441851571174,0.5044191769172017,0.6215426632606992,0.5100201504429418,0.7340661830372766,0.5114550220786322,0.6304490303676498,0.5063062452229121,0.6427586083020981,0.5163986358455256,0.6916386867784696,0.5062901417153112
1,381,0.6678003963938287,0.5044788609859622,0.6281060386726879,0.5091605677669263,0.7509786176674254,0.5116215216775728,0.6351829522487481,0.5059532390681297,0.6507391012233409,0.516708601173398,0.709331846420933,0.506423062475649
1,382,0.667729143579947,0.5041502977142448,0.6333178250545829,0.5083644390900205,0.7569563261739612,0.5112187317692911,0.6401143965297559,0.5150673482377347,0.6519067911097097,0.5164993681088308,0.7208176313063166,0.5066970544007933
1,383,0.6655078995025988,0.5038377550912577,0.6385488469359064,0.5076286963908967,0.7616519079808991,0.5129088502727853,0.6474437269449329,0.5056677367888559,0.6584362608879318,0.5059786641863646,0.7477257163448761,0.5063832667361805
1,384,0.6642913373771808,0.5093313270525136,0.6410697142131685,0.5020942701964295,0.7739380667585868,0.5120712793992178,0.6489045136767851,0.5052650950573105,0.6625921720836128,0.5054540188541579,0.7643249419832502,0.5069445181241871
1,385,0.670962257002756,0.5038936074904184,0.6542346532994452,0.5268169223694562,0.7775709029475182,0.5113682018868339,0.6517744962732377,0.5052485411617069,0.6648099758279624,0.5049697320200555,0.7741046686310342,0.5064192866341993
1,386,0.6700753312754939,0.5153057893455704,0.6485623965066609,0.5002317647580538,0.7944085728662204,0.512037172193198,0.6539523799072564,0.504883405924545,0.6696740165890166,0.5045236618548039,0.773892481609861,0.5059233195574067
1,387,0.6776946946056657,0.5033163762488005,0.6567015249664987,0.5344905833577015,0.776787791183349,0.5332855393152816,0.656310331254219,0.5047544019095767,0.6674771737597722,0.5041136144005587,0.7880256459886232,0.5054563758049277
1,388,0.67781095534035,0.5114901094859905,0.6540582842067726,0.5378903301632069,0.7834130455377731,0.533240387245418,0.6593624975481073,0.5052984732946664,0.6651302338051462,0.505147479664233,0.8003280000168793,0.5056615546382691
1,389,0.6882979242647503,0.5028056098528862,0.6576697742182868,0.552112683320161,0.8028702012736423,0.5292027625231591,0.6593040431404741,0.5049216008722186,0.6710538892570135,0.5047425719063598,0.8071370105124607,0.5052297041191468
1,390,0.6904355761760319,0.5025744986489784,0.657868884942023,0.5488129564543266,0.8148324604625931,0.5272524227883517,0.6533659726935147,0.5050008257195676,0.6765177874278964,0.5043648422035202,0.8129959857617198,0.5062450131323916
1,391,0.6928001222696614,0.5023590001343745,0.65831954620244,0.5469448137494448,0.8144322710094813,0.5262671451233418,0.6498532112161276,0.5046315931907962,0.6773161358862598,0.5040128761695237,0.8187058563472684,0.5058043641126124
1,392,0.6972993107155155,0.5025119753612187,0.6525970086664695,0.54380888492004,0.8027380007457571,0.5250938280973102,0.6432208204829811,0.5123112619246981,0.6774215442989252,0.5095879331006944,0.8187296725764672,0.5068449281547511
1,393,0.6962955350844948,0.5023069295482673,0.6552993974047511,0.540784743056793,0.7924545124693605,0.5233713003942314,0.6458531792239081,0.5043358577620467,0.6860774039767769,0.5142320136873162,0.8224237165916131,0.5062701022986255
1,394,0.6993461794341389,0.5024558511158392,0.655695405910488,0.5378817929165006,0.7945174088314296,0.521724608237828,0.6413752333639281,0.5140993572968781,0.6848554406822205,0.5137997661108685,0.8168193943099814,0.506223087044728
1,395,0.7003855019010747,0.5025270984780694,0.6557628339703444,0.5351075009793718,0.7850888230920415,0.5201559859060739,0.65061698589765,0.5043545143326421,0.694018508094196,0.5129001414872817,0.821414154721254,0.5153831527921896
1,396,0.7057280769015934,0.5023350079108189,0.6573642159195927,0.532467411407267,0.7867838994570278,0.52426563914991,0.6454606823756713,0.5119541658039737,0.6922677441623447,0.5130104551702648,0.8269669722622394,0.5143925482272121
1,397,0.7022739127735428,0.5021541612118705,0.6603250758754096,0.5299652126628611,0.7999221830366137,0.5226431683888679,0.6537990299796637,0.5039806151684794,0.6990971895384911,0.5207531769488252,0.8340420367520444,0.5141762326300932
1,398,0.6972057542803684,0.5022184535708306,0.6642719611235712,0.5276028465574374,0.8005402330750181,0.5210906836067599,0.6561635396460825,0.504284127295627,0.7042312685816389,0.5192652160993954,0.8421919584284764,0.5131593323793704
1,399,0.6945155090089123,0.5020532670972586,0.6676830835621907,0.5253806505502372,0.8008926753204347,0.5213763215993387,0.6584463792183315,0.5047690382337121,0.7005547881868757,0.5178484147172245,0.8495908068348488,0.5121894585372451
1,400,0.6901419553407444,0.5023248376837286,0.6746335884531738,0.5232975238654398,0.8015437207304119,0.5198855532188413,0.6605331544213437,0.504438186501872,0.7030768666521494,0.5165040037189136,0.8561930719048895,0.5119938551874047
1,401,0.6881279339986117,0.502148761897303,0.6769083902734331,0.521351108327713,0.8020293327531001,0.5184642193660167,0.6587481205583757,0.504123280168984,0.701081458411055,0.5161544888857093,0.8569838356621645,0.5116405958492372
1,402,0.6880415632049539,0.5019827691161789,0.6793395184185602,0.5195379756146014,0.8135632211406275,0.5182958678652279,0.6582516770043928,0.5038243075741863,0.695675226339427,0.515634803954014,0.8580745070032502,0.5107735000416341
1,403,0.6840637904406527,0.5018266755085167,0.681732190148674,0.5178538137411968,0.824071267580502,0.5169921625209712,0.6558556407936698,0.5035411778478482,0.6942134305748622,0.5144235915139994,0.8590975320652318,0.5103400396996247
1,404,0.6785057285381276,0.5016802595260784,0.6830104132284534,0.516293606890315,0.8333504856514116,0.5171352667446637,0.6592543476909798,0.5032737232926966,0.6945384526762567,0.5132830820232707,0.8601031011720901,0.5098392302785314
1,405,0.6773334233415015,0.5015432632196933,0.6845346248897888,0.5165862464651303,0.8309370130513886,0.5159209723298511,0.6622574750928618,0.5031706952884816,0.6990327398419799,0.513317937292893,0.8607251713208937,0.5091109468064035
1,406,0.6782260886223254,0.5017054735542045,0.6859183496374409,0.5151792552734921,0.8285173620444589,0.5163158571401751,0.6453378097583834,0.5133187991762757,0.7069309077918753,0.5597585375405497,0.813049241408259,0.5085053568918261
1,407,0.6827126697426934,0.5015748634054122,0.6867720511025278,0.5138755567862018,0.8267186846290376,0.5151588464158736,0.6596053591286479,0.5200797649022754,0.6969212583990168,0.49869071125527104,0.8502216352398243,0.5095007705671418
1,408,0.6794104125889555,0.5080591030530555,0.6833727248442434,0.5075948527716715,0.8349701586135444,0.5164010437267339,0.6632102817788162,0.509853838915723,0.7017606044396015,0.5100154995703373,0.8477295572502852,0.5096058303076493
1,409,0.681518789768692,0.5013367024297379,0.6852498742457667,0.5299497109310143,0.8205335620034159,0.5130136174410934,0.6596380926537729,0.519079268303485,0.7007413752098804,0.507191940329978,0.8376379264763227,0.5094323251407241
1,410,0.6853545390549738,0.5012287464918966,0.6839011563694628,0.5278776259161445,0.8195393491566138,0.51320462041329,0.6623062544463962,0.5184632800968783,0.7025602155585569,0.5088993048092925,0.82939809626434,0.5095956323565012
1,411,0.6877215172478538,0.5011279010011029,0.6850264752657723,0.5258927732758211,0.8184320659100683,0.5150358456167637,0.6646225462612948,0.5082151793580428,0.7092746123131237,0.5217735358628167,0.8357896985128838,0.5085558724291985
1,412,0.6895648358948072,0.5013431836653743,0.686298265333899,0.5239987022744567,0.8284296061930989,0.5140443067851398,0.6674108752672802,0.5175554272153438,0.7075585223672011,0.507862454817397,0.8315457760167144,0.5082250097848006
1,413,0.6958348943605277,0.501242078087728,0.6881637579384646,0.5221980145547931,0.8372274976509843,0.5130928405548495,0.6644384236381817,0.5139183241077001,0.7085815654103411,0.5310196244213149,0.8326416448054498,0.508509471217002
1,414,0.6971075264223041,0.501146715893716,0.6871303504216777,0.5204923525157915,0.8452890774274977,0.5121823018513975,0.6701531124901624,0.5072851262152323,0.7149292666633688,0.5154609541239633,0.8301811833825089,0.5077961240952966
1,415,0.6968793480020835,0.5010569886079446,0.6864947824771963,0.5188824188521177,0.8523779558849868,0.5123844546576198,0.6707151395951709,0.5068335755548489,0.7133453177160367,0.5145473097561029,0.829512578204271,0.5072352973307432
1,416,0.6982324221680747,0.5009727694149277,0.6878771108381101,0.5173680231116915,0.8586196320797528,0.5127503910468921,0.6661657899964394,0.5069100515977708,0.7120603983973293,0.5136608584837237,0.8285241513509435,0.5067055135932838
1,417,0.6973630997304997,0.5008939130777468,0.6890469595005937,0.5176999488927466,0.8536196662120499,0.5119193561883142,0.6674646753380524,0.5068268515083943,0.711178829843689,0.5128030969852686,0.8370445653100146,0.5069964667707173
1,418,0.693559435354812,0.509810308499534,0.6853217629509808,0.5049515478451156,0.8472192026655051,0.5129743983031058,0.6609990662868601,0.5085019783655808,0.7059420207029655,0.5135645724120538,0.862737355297533,0.5055778736239611
1,419,0.69094109377948,0.5056004256795334,0.6821987008137913,0.5356548993437116,0.8698403122981683,0.512761705510216,0.6628887057254503,0.5157862123848261,0.7112144537751701,0.5161598159408268,0.8495924384402029,0.5068013968431166
1,420,0.698788714229837,0.5009393223489715,0.6838454807683485,0.5286314115923362,0.8468610407572068,0.53264382013939,0.659585214410331,0.5174810483635149,0.7135648230858039,0.5284756647272724,0.8522152433167349,0.5068170292050737
1,421,0.6964005324265932,0.5112085054677481,0.6746046126856433,0.5312170371837105,0.8179600636342422,0.5368113109498194,0.6611031427773996,0.5070096922924939,0.7200602916132172,0.5343900866679834,0.861604087299272,0.5059130912373859
1,422,0.7076697918555735,0.5011487450239559,0.676554084556093,0.5463746719195556,0.8056804981461653,0.5294387884672976,0.6610535092729147,0.5070656800900318,0.7183012692692526,0.5331240999823832,0.8620848698938275,0.506525790162136
1,423,0.705517936124162,0.5010698384337703,0.675781427701458,0.5431537833014187,0.8055628954816454,0.527412970614004,0.6608467883383651,0.5070012409615621,0.716787628860363,0.530834934496003,0.8625193199898766,0.5073654888861966
1,424,0.7058437624201332,0.5009942684780208,0.6738239401862202,0.5400637923864091,0.8054719830025592,0.5263467497129418,0.6587422209203745,0.5069201454763671,0.7173625088167869,0.5286370872879761,0.8675943933865848,0.5087550184482453
1,425,0.7060097340157521,0.5013447654719512,0.673968551658032,0.5371124909857938,0.7945623363776112,0.5268437118423417,0.6450270534017915,0.5253924967512702,0.7027148886436401,0.530313964470907,0.8656917080247102,0.5071534039059595
1,426,0.7079795343521094,0.5012474002600731,0.6741424555736633,0.534305642190832,0.7848434847175879,0.5250139227751393,0.6555726671797389,0.5060192920850388,0.7065354711894951,0.5235730738844612,0.8411275881528342,0.5483965425537543
1,427,0.705738789535715,0.5018296847370578,0.6727366550044377,0.5316470353735161,0.7868248314501312,0.5241625541652937,0.6451590584329342,0.5017516427591598,0.7198329024058644,0.5419331813779943,0.8372985069936149,0.5243201761774873
1,428,0.7021032704907803,0.5017049930127414,0.6692906076474241,0.5291385932941298,0.8002457377149875,0.5224946710757074,0.6489023454488164,0.5058165592518096,0.7173630198422337,0.5215132187120103,0.8539444513356721,0.5230129716188123
1,429,0.6969606172536911,0.5017547505691948,0.6659962481596134,0.5267805201367037,0.8122353947873384,0.520906225326112,0.6462309254553746,0.5157089631684526,0.7084299836511657,0.5153213979265271,0.8466128712302743,0.523352269782882
1,430,0.6921243364738559,0.5017576932571866,0.6633093396900696,0.5245714789316407,0.8223499829820307,0.5236626768381859,0.6364256294015771,0.5151758475872462,0.7113085574436324,0.5442961956353709,0.8284389373694422,0.5199937781655466
1,431,0.6895663334495367,0.5016481792018774,0.6628898684488984,0.5225087872611255,0.8318127171141093,0.5220662229478826,0.6380894818442578,0.508658296894794,0.7064753571958264,0.5298463707167023,0.8480469114095164,0.518875890123814
1,432,0.6891730003389112,0.5015427540349517,0.66479508250745,0.520588621185465,0.8403553404479432,0.5205416049793202,0.6398589702828834,0.5080488515649552,0.7062802263534035,0.5288037269148751,0.8446290806727312,0.5174593554790319
1,433,0.6924385269227821,0.501441521625805,0.6636490441445002,0.5188062187720635,0.8480311907035158,0.5214626207436789,0.6355210915015058,0.5079384174873885,0.7059687688865125,0.5278168043307944,0.8368593986124522,0.5173967073012683
1,434,0.6961146257848733,0.5013445598537698,0.6625659352657942,0.5171560762600202,0.854733522632157,0.5199194299125017,0.6315947286754738,0.507371086489583,0.7056053024426026,0.5258461194135726,0.8348852438147765,0.5160870074111957
1,435,0.6935223808474811,0.5012519220286497,0.6624860664203068,0.5156321315879675,0.8609423990335243,0.5184544919152676,0.6314055404931034,0.506830770766042,0.7055073240724264,0.5239635728808824,0.83346157360259,0.5158907937371051
1,436,0.6948235393533607,0.5014970199323329,0.6619306606268708,0.5142279316240981,0.8555596847332902,0.5191322666006636,0.631275002597968,0.5063179665851258,0.707721118675383,0.522172250027576,0.8371483849028758,0.5146527014074129
1,437,0.6942732325653027,0.5013965175477222,0.6613332298614539,0.5129367808784825,0.8506571653766003,0.5184359921667144,0.6283020630978634,0.5059908220577577,0.7111010018846405,0.5204741802444232,0.8403017184963262,0.5134882520505527
1,438,0.6959464156437848,0.5017273934716814,0.6606984883858323,0.5117518706984941,0.846488725627311,0.5185255225121396,0.6273615436581146,0.5055332851407031,0.7104322901748713,0.5195295872946265,0.8475757580202616,0.513229540153361
1,439,0.702816979153959,0.5016056314581545,0.663593961741502,0.5106663889288262,0.842882336561766,0.5172901124326368,0.6262588612180139,0.5054839670276297,0.708032950522233,0.5179970241782653,0.8495719834614986,0.5121655640114396
1,440,0.702082149247509,0.5014893281502137,0.6648230998880871,0.5096736107617817,0.8393019805227586,0.5167185803202184,0.6274258477694076,0.5054956397026473,0.7055580530071551,0.5165559729402005,0.8512603504493526,0.5117056063591504
1,441,0.7005738452132694,0.5013786483484517,0.6639260838400546,0.5087669720306979,0.836238211574348,0.5156042597774572,0.629476690902135,0.5157231252223994,0.7000916023543975,0.5107163170598293,0.8539963944247082,0.5114717565932644
1,442,0.7016309877301408,0.5012736996212122,0.6648526085860009,0.507940126538335,0.8333209211357674,0.5164074505030116,0.628015246935348,0.5154737066257764,0.701384585240016,0.5222028271593722,0.854384559948286,0.5065308666938604
1,443,0.6964533447819244,0.5011745335615829,0.6623794756700885,0.5071869891957447,0.820287514711705,0.515303318163671,0.6318729191715995,0.5047175798879496,0.705437584181421,0.5193282770975185,0.8629328747218592,0.5172648323443473
1,444,0.6937296358151963,0.5015066619714537,0.6539264186971246,0.5065017668086869,0.8081067140802348,0.5184892122586725,0.63255764808919,0.5052589668311208,0.7058074029816791,0.517912948849274,0.8583991216111936,0.5160248506653479
1,445,0.6933608212651331,0.5017809995097139,0.6507424324057676,0.5058789783189692,0.7975875638356552,0.5173028223520054,0.6359764643783982,0.5048692017881399,0.7065413959885464,0.5174063319197318,0.8496505609248794,0.5158268433115902
1,446,0.6981047200737186,0.5013093069553888,0.6457099348962962,0.5048424082192959,0.7539030768429622,0.5405229013919551,0.6389497603998657,0.5045014834210181,0.7042985692059576,0.5171153088110438,0.8417489989031993,0.5156814951843557
1,447,0.6967520004462353,0.505793046295493,0.645762118191354,0.504800400683798,0.7792358233252077,0.5156866746898745,0.6386507451001069,0.5041988115038659,0.7036405686663944,0.5297944090163227,0.816463589469964,0.5146287442484406
1,448,0.6979328737228461,0.5053784222633957,0.6470262717151561,0.5043352779404617,0.7714365484303481,0.5146518963619601,0.645113201610175,0.500959137826368,0.6951017273237408,0.5156102913900128,0.8282169901904445,0.5133622881416205
1,449,0.6990843061906146,0.5052902545244671,0.6464045856253986,0.503913913956575,0.7750949369687286,0.5136626236225186,0.6446654546181773,0.501030228732445,0.6958910529053349,0.5143759690454259,0.8182292078514839,0.5129046807329797
1,450,0.6981301323549076,0.5049003050511374,0.6504668292939293,0.5035324346976252,0.7784558900220307,0.5127189957057527,0.6442070332644196,0.5013209111444181,0.6967282534324368,0.5139526214081367,0.8138165875241467,0.5118907914082325
1,451,0.6969858192320624,0.5045297118767026,0.6513097045150241,0.5031872637726421,0.7919930610101417,0.5118209755822462,0.6474138480061739,0.5017886530104938,0.6993033530362652,0.512836315901215,0.8144741255457442,0.5109385800433264
1,452,0.6827343047169333,0.5184723376263664,0.6471818185465021,0.5053953078533808,0.8068225314075699,0.5131325501800713,0.6484019276365792,0.5016843078656392,0.7022271708451767,0.512831983093033,0.810553314790461,0.5100468699698549
1,453,0.6931124996732809,0.5041456899670154,0.6563834084907391,0.5255152293524976,0.8103121848455245,0.5340763115849666,0.6472390806183083,0.5123486234648666,0.7054466507203648,0.5077415405609412,0.8097461729261209,0.5110566862312723
1,454,0.6939242438438874,0.5045752815570133,0.66236555521017,0.5237323628034394,0.8211520145351444,0.53175202630793,0.6497332868649166,0.5017792224019538,0.7119819482069589,0.5182538920933003,0.8207821447426956,0.5106032309502216
1,455,0.6893705432225414,0.5044170301747272,0.662296392638209,0.5220245709142104,0.8308167197080981,0.5313833529387483,0.6483845791392137,0.5016733124845657,0.7130726162980546,0.517011709666017,0.8253652374411135,0.5105563975353958
1,456,0.6856970079872465,0.5040846702381923,0.6620018077802735,0.5203955150626014,0.8394986420895546,0.5313757691453188,0.6493225617157252,0.50157048218114,0.714470852209641,0.5178805916870618,0.8292149762944693,0.511579250019499
1,457,0.6884318899639107,0.5037708708425217,0.6616157113296184,0.5188478421435236,0.8472889381565303,0.5291156862554112,0.6522884126817864,0.5016935525824341,0.7154411254177909,0.517589932009128,0.8330205809222792,0.5107053016858791
1,458,0.6834344949025144,0.5135787975754205,0.6612753890621665,0.5202804038683867,0.8453107661081045,0.5303679202015119,0.6546395060659308,0.5015926328001545,0.71815837216307,0.517117183643915,0.8364158296017065,0.5098807090830577
1,459,0.6879984920609835,0.5031981441252491,0.6662555662288262,0.5160023018729948,0.8592046779870487,0.5493845691175526,0.6550306142003798,0.5014942459540621,0.7184652065994337,0.5158590313381204,0.8347699906548212,0.509104768246877
1,460,0.6880528976737457,0.5033307737169849,0.6692004782653185,0.5147049630684507,0.8542206979718079,0.5458637263598703,0.6554691509994005,0.5013986623048029,0.7187989853593724,0.5152597569419679,0.833209881937393,0.508376536000454
1,461,0.6879070898652583,0.5030639657654977,0.6741244557201781,0.513490222150468,0.8495703740106022,0.5435678710058017,0.6557988161677288,0.5013061485728664,0.7170779698648838,0.5141117686533884,0.8316057130287352,0.5076948483016207
1,462,0.6911988902268649,0.5028142628263992,0.6761884558428956,0.5141568345412905,0.8562143802647333,0.5403571703902615,0.6538481121933583,0.5012169545423266,0.7155772223279114,0.5130258052690417,0.8304633004728288,0.5080443140758333
1,463,0.6948242112913952,0.502581169727862,0.6749442752394951,0.5130162859670422,0.851339624280282,0.5384411281735482,0.6465639980109433,0.5011313024926679,0.7120356952227415,0.5135025575478462,0.8293347783787604,0.5073878218348038
1,464,0.6942169932183295,0.5023641195679033,0.6428695483814699,0.5119493232218877,0.8577613500855735,0.5362947957758107,0.6408882641481152,0.5013045805678829,0.6631346056778495,0.5124741545359781,0.8283919309685271,0.5067750283495004
1,465,0.6934597300420381,0.5028360069534401,0.6133295719917248,0.5109538957469684,0.8526952608419067,0.5365016449532247,0.6427188889158386,0.5016463561852209,0.6274505108499367,0.5130081536126853,0.8273665091030397,0.5062044397880946
1,466,0.6883673880468579,0.5128619596424915,0.5973450822717529,0.509126793918282,0.8376234259700256,0.5364852157780994,0.6436678678061866,0.501844820974948,0.6112787432459287,0.5120173341949075,0.8268022922178613,0.5064032577767038
1,467,0.6937917048645645,0.5024033705877858,0.5821793666886264,0.5091677024127668,0.8431892197541399,0.5543323140736364,0.6470318773790765,0.5025347513605415,0.6061642513714057,0.5121253097157126,0.8212866064938548,0.5076950475553383
1,468,0.6939895290998627,0.5027560384481551,0.5880590378081858,0.5083713057642136,0.8502755699915949,0.5511354813873589,0.647748768510573,0.5030610323388696,0.6079237520285519,0.5121197584594348,0.8068572322127447,0.5071013459738802
1,469,0.6933457068521908,0.5025511640129778,0.5913679396257117,0.5076353129539078,0.8460678207572335,0.5479443412944228,0.6502262102576534,0.503073027369377,0.6114638511461682,0.5131861431131447,0.7985990628231497,0.5074080730553605
1,470,0.6926773977699052,0.5030034063250066,0.5946854913493743,0.5069565327328741,0.8422475404903026,0.544842279031209,0.6503789545610724,0.503266769918764,0.6133450137029705,0.5126067006245156,0.7958648787094067,0.5073548406745643
1,471,0.6919675044604369,0.5027877969421563,0.6032942643753312,0.5063317200270274,0.8497648126910394,0.541509156821115,0.6491713689544308,0.5038724932268359,0.6203702545196934,0.5123779591315463,0.7938029723905119,0.5077142715674022
1,472,0.6912123589425383,0.5030011434694345,0.6109010675939155,0.5057576198021907,0.8565115627475292,0.5383653407954814,0.64378361099391,0.5040930327515545,0.6331715221450707,0.5484011573131427,0.7589361625561277,0.5076856053279806
1,473,0.6926333299071991,0.5029559023484989,0.6174474490512676,0.5052310047082351,0.8624200546349636,0.5365638394139068,0.6504523361660554,0.5077288396862593,0.6407965097809523,0.5270566689626459,0.781267511569696,0.5077813154499361
1,474,0.6938744334623674,0.5027451549646553,0.5911996042525243,0.504748706736204,0.8678837413257481,0.5337670673505388,0.653932691408335,0.5127906000317024,0.6045723816326355,0.5116715463377501,0.797011463030256,0.5066229661217803
1,475,0.6948995363696994,0.5025452690444308,0.5889417502012309,0.5043076432261098,0.8724811446032666,0.5337011990543871,0.6549044477829796,0.5222369262331175,0.5884123961032021,0.5088318505907075,0.7966837282789939,0.5058000271356692
1,476,0.6960601039493705,0.5023561150199632,0.590044957685916,0.5039048376392007,0.8769368333548441,0.5311655756567218,0.6601988348672633,0.5114609141837264,0.5894852047173283,0.518419091380187,0.8097538000459625,0.5063370901742918
1,477,0.682393914891538,0.5225341442253835,0.5884146739917211,0.5013741315223899,0.8669912716493517,0.5336798138118762,0.6575645984447517,0.5109106380665203,0.595242765174828,0.5171605299890587,0.8102647631809838,0.5067745385693481
1,478,0.692444715848567,0.5023981866216057,0.5952221742328923,0.5032027164256674,0.882385511828671,0.5678241460880199,0.6598184590189274,0.5104146174989542,0.6014643630695616,0.515952221124076,0.8062377074987519,0.5062842658847108
1,479,0.6875994974731439,0.5027802408817146,0.6014949535424836,0.5028981014849653,0.8857110443117068,0.563104003300387,0.6600845792697319,0.509851488376249,0.6018915623171861,0.5147969075154213,0.8119682501648197,0.5058185184317541
1,480,0.6815580204215743,0.5025950040132874,0.6086241177012262,0.5026211584986039,0.8777801259133264,0.5585914927510535,0.6603721821488286,0.5094437885146857,0.6050359614675689,0.5141320793401777,0.8170005621991514,0.5048761018748729
1,481,0.6797932665746981,0.5024182646592068,0.6177378694489416,0.5023696036583007,0.8705169820605491,0.5565261821386734,0.6586171574623767,0.5089044648717626,0.608645094463904,0.513384466544755,0.8124808450992141,0.5053413936863119
1,482,0.6818338641477185,0.502249958863336,0.6258746026350235,0.5021413011882786,0.8643050932589625,0.5523034186161284,0.6568726902309152,0.5082774029378768,0.6132729996044636,0.5126206411738345,0.8034177508355873,0.5056446052957544
1,483,0.687951764682407,0.5020900080622539,0.6309852813969821,0.5019342610513478,0.8478857932253824,0.5494428450582659,0.6567985690982088,0.5083937223684094,0.6228809585556545,0.5116893486174936,0.8004008495567647,0.5052585596120115
1,484,0.6897517510405798,0.5020750248294391,0.635750709483308,0.503882643343216,0.8438259657156958,0.5456492969630734,0.6571441861865903,0.5078028365712608,0.6288436565040116,0.5124338936358739,0.7975821437948135,0.504888998880267
1,485,0.6860410331794871,0.5122763703668909,0.6418878605631053,0.5069083432101732,0.827455106084218,0.5509962393598306,0.6553318564367242,0.507331222072507,0.6321663532203372,0.5119889791448453,0.7904223378814734,0.504536362129104
1,486,0.6886284481001047,0.5017964658216864,0.6466007921284359,0.5269268614597332,0.8247549397416909,0.5411856409523896,0.6572931281885793,0.5068006818106199,0.6412537719637827,0.5121522764123966,0.7887746994224158,0.5047136577477768
1,487,0.690546548596052,0.5016679160044274,0.6462712797030371,0.5250313877241739,0.8338639550046372,0.5386013663476565,0.6595326933721275,0.5062986927228466,0.6457260937085622,0.5112631037017985,0.7920471185664031,0.5054545789983964
1,488,0.6900296101886375,0.5015463058461241,0.649521578707843,0.5232171390254685,0.8310108591675354,0.5360755963778031,0.6611930998949739,0.5058249116730945,0.6493005797082417,0.5112008529254705,0.7995282548077943,0.5050646913128392
1,489,0.6890076910502655,0.5107421440053936,0.6510354896628545,0.5230108338756821,0.8242788551359558,0.5273026283009876,0.6668458541570887,0.5056216664343636,0.6548194117344976,0.5099661780787472,0.7882932224266923,0.5231595757934951
1,490,0.6893122737421211,0.5017211017198633,0.6540087784749926,0.5198466164183025,0.814621523874802,0.5086023232390174,0.6622081492538094,0.5092113826536281,0.6666599195669521,0.5095865156521322,0.8028385058511904,0.5062689737389503
1,491,0.6857444430371599,0.5017652696457614,0.6542148877497845,0.5182946904104325,0.8247003571954596,0.5077502785018752,0.6614814137074164,0.5086362470150495,0.674334449975791,0.5093668522345441,0.7999660202878027,0.5058566957467234
1,492,0.683854991250786,0.5016411571629624,0.6545713271535529,0.5168327858098428,0.8340349684561665,0.5069851638095685,0.6592870557214698,0.5080066725800617,0.6812221709846296,0.5090974800929746,0.8021037243567262,0.5054600504201723
1,493,0.6865067892254949,0.5018469055742205,0.6505846921016751,0.5154605452073016,0.8424065193249717,0.5062986716999298,0.659130221215118,0.5077265690399443,0.6891949030924089,0.5093618645589141,0.8036377258741947,0.5070076355729639
1,494,0.6855547841659262,0.5018657205423821,0.6535227760218858,0.5141767671488507,0.8494913098453921,0.5079721694263469,0.6569922154948779,0.5075750801868092,0.6943790222103181,0.5101700874275709,0.8097578792808554,0.5065641153754183
1,495,0.6856206729276091,0.5017448787856704,0.6602868866636392,0.5129795187688175,0.8559630431613819,0.5078801081232119,0.6550299735620676,0.5078416741605466,0.6992049909277407,0.5100459570920042,0.8108664670734141,0.5074654173433856
1,496,0.684067714929501,0.5016290253139164,0.6613468791354896,0.5118662522315699,0.8621166970492707,0.5073321227272773,0.6491917866196473,0.5073844334267962,0.7035321872013985,0.5097348511014529,0.8115874463033554,0.5086329438505748
1,497,0.6829257282628795,0.5015181987145988,0.663788203579342,0.5108339201728501,0.8564977338580739,0.50966415940793,0.6405865734693814,0.5166953131918793,0.7004290822436765,0.5107928328951334,0.807618703923261,0.5076535456335544
1,498,0.6815608759484453,0.5018326855273647,0.6639052733170444,0.5098790863007402,0.8410416964506556,0.5090993145292835,0.6398048496003532,0.5066559336014792,0.7055380515618417,0.5094712675680875,0.8077211084118665,0.5169247271141771
1,499,0.6836820311558723,0.5017035678406732,0.6670786736764873,0.5089980282936913,0.8271381007480525,0.5085582476456098,0.6380700861154647,0.5167442990575254,0.7000792992354204,0.5086117233940783,0.7972222809432044,0.5158899652867416
