"timestep","episode_mean","episode_sd","group0_trust_in_sp0_mean","group0_trust_in_sp0_sd","group0_trust_in_sp1_mean","group0_trust_in_sp1_sd","group0_trust_in_sp2_mean","group0_trust_in_sp2_sd","group1_trust_in_sp0_mean","group1_trust_in_sp0_sd","group1_trust_in_sp1_mean","group1_trust_in_sp1_sd","group1_trust_in_sp2_mean","group1_trust_in_sp2_sd","group2_trust_in_sp0_mean","group2_trust_in_sp0_sd","group2_trust_in_sp1_mean","group2_trust_in_sp1_sd","group2_trust_in_sp2_mean","group2_trust_in_sp2_sd","group3_trust_in_sp0_mean","group3_trust_in_sp0_sd","group3_trust_in_sp1_mean","group3_trust_in_sp1_sd","group3_trust_in_sp2_mean","group3_trust_in_sp2_sd"
0,50.5,29.011491975882,0.5,0,0.5,0,0.5,0,0.5,0,0.5,0,0.5,0,0.5,0,0.5,0,0.5,0,0.5,0,0.5,0,0.5,0
1,50.5,29.011491975882,0.588194528789924,0.00270748444627784,0.500391138101664,0.000962708200285664,0.576675416104363,0.00275724189507284,0.501833333333333,0.00575159178669767,0.661595238095238,0.00679515075767835,0.501931547619048,0.00334699259625413,0.566995058418743,0.00256095908247028,0.501451772622825,0.00222013434038276,0.594054743863296,0.00279382293247497,0.50209910130719,0.00395864513115526,0.659272403127918,0.00479303295274425,0.501114904295051,0.00203186421649928
2,50.5,29.011491975882,0.62548010599639,0.0132448648730103,0.501077885704195,0.00192956780008743,0.610449760924194,0.00482481194949704,0.501967432950192,0.00540597436015233,0.733821018062397,0.0146650414712618,0.503095785440613,0.00452467341461893,0.596316515029834,0.0104296748214484,0.501843451783596,0.0025849740989586,0.634902868047012,0.0069560015533212,0.503189017830828,0.00492026016566794,0.729321028371561,0.0102403543148777,0.502095315831903,0.00286660884550772
3,50.5,29.011491975882,0.643272002337175,0.024388263725162,0.501496645922163,0.00258516129886222,0.628306561418267,0.00678202504743465,0.50352604065191,0.00816414361351429,0.768134170260796,0.033478736692963,0.504714983151531,0.00563930626026469,0.609539350135382,0.0194211342904993,0.502669017093264,0.0032962610330452,0.656430247006151,0.0102841360356824,0.504590942126034,0.0068562075384491,0.763729971620593,0.0303036171767054,0.502779069993011,0.00328162313960228
4,50.5,29.011491975882,0.653390351853271,0.034414812062182,0.501722844630235,0.00290381118837631,0.639220562486427,0.00826465439804315,0.505491380726572,0.0105053567025705,0.786386682930638,0.0481499227538238,0.507330269406336,0.00896718331364705,0.617056653985666,0.0278536207932951,0.503013856969291,0.00368645756162464,0.669148393948263,0.0123588898787254,0.505127226906321,0.00703622718906486,0.784195743280953,0.046624089063662,0.503519863895844,0.00400481350651554
5,50.5,29.011491975882,0.660534171443813,0.039774576023559,0.501362776154495,0.00214122853595973,0.645162706324333,0.0110630350562939,0.505450660711086,0.0110046020230911,0.796194185910611,0.0586494735015881,0.508817446397872,0.0099238096730755,0.622297851409753,0.0322733672572098,0.502988557763715,0.00323958161528196,0.677070224157621,0.0158470569507574,0.506012944390556,0.00770540945118913,0.793845413727874,0.0572485140878982,0.504712408669842,0.00573502502651491
6,50.5,29.011491975882,0.665742303310408,0.0433536678819661,0.501747636638479,0.0028209191616852,0.648715919515592,0.0138337912576098,0.505921829037697,0.0106327087462669,0.796126184190617,0.0754747828174727,0.509760065859669,0.0101127108786137,0.625782035455185,0.0346354090288966,0.503305074180779,0.00328782460327047,0.682346443932377,0.02006652457294,0.507217879271316,0.00876147317438477,0.796132647938753,0.0696553467491201,0.504919573434369,0.00531774269942252
7,50.5,29.011491975882,0.669107639047016,0.0454691565454006,0.501840660738284,0.00290696560091176,0.651102878507976,0.0169656349825978,0.507332914424524,0.0124611972944728,0.797544066043302,0.089572567336266,0.510566385937936,0.0095422702715161,0.629297033270391,0.036366167034437,0.504412588423544,0.00452404079834148,0.684868808253566,0.0245467833408675,0.507048279237727,0.00802913078620762,0.798544819684015,0.0822884027754262,0.505582248616814,0.00549643206800105
8,50.5,29.011491975882,0.671563906457307,0.0468444268955235,0.502039955804355,0.00312192617981351,0.653455803172522,0.0211773649299567,0.508740530852897,0.0132385261490057,0.797565077445653,0.0995551980075002,0.512452384163657,0.0113066561200208,0.630678894099296,0.0369211654273522,0.505018363688165,0.0053514318397559,0.687457123854618,0.0289346946179406,0.509396180434247,0.0103471296330581,0.797786731064491,0.0910305476386402,0.506167320792187,0.00501387799515873
9,50.5,29.011491975882,0.672501403581719,0.0481853444889448,0.501711087682219,0.00248558736799677,0.654999168007462,0.0250029418026248,0.509242310128181,0.0130238425002649,0.799297017776829,0.104151734355867,0.511350793791312,0.00929640870995191,0.632364027871466,0.0384487877924305,0.50484311106064,0.00413800209957304,0.688032282850337,0.0330065256489284,0.508599651256126,0.00837786514858518,0.800783996326846,0.0970823417949206,0.507163942243521,0.00603415501522439
10,50.5,29.011491975882,0.671606004807477,0.0505334009225818,0.502335729780662,0.00358439827514481,0.655958009542396,0.0278927521139596,0.509205519771341,0.0131039738708423,0.79883274242909,0.107002860090896,0.5117748612576,0.00945700686801815,0.632747522287011,0.0395656748955366,0.504188997560821,0.00382474098855597,0.689346147233513,0.0362960847635134,0.509293828902201,0.00994486875977669,0.80020429914758,0.100700108819334,0.508170550015668,0.00684331321044173
11,50.5,29.011491975882,0.671437385367566,0.0539460367127875,0.501690984261129,0.00251075560831206,0.65693453133579,0.0298731423529782,0.50997258070712,0.013721544208692,0.797236648437248,0.108317740294157,0.513621073627797,0.00964750868163416,0.632661222025984,0.0413081412603287,0.504946982042622,0.00412158405003183,0.689191065290107,0.0374823133618985,0.50915393210686,0.0088113198163566,0.802488230320418,0.104513329432013,0.50764921963751,0.00579623390661306
12,50.5,29.011491975882,0.671093685475779,0.054962433416332,0.502028332239836,0.0027305110382357,0.656738516422427,0.0315928180604361,0.509148574260423,0.0120902348175326,0.796333791135484,0.110978100150073,0.515017836635809,0.0107612429960307,0.632685864213968,0.0425703112756392,0.504322160290883,0.00360582857771095,0.688909744956605,0.0388332564007964,0.50972534923376,0.00917431286320393,0.801626749869754,0.106649165716802,0.50797666324976,0.006020039709308
13,50.5,29.011491975882,0.668881185921833,0.0551996599021012,0.501978347665596,0.00303036617359408,0.656115668058448,0.0329114638371814,0.509146841694353,0.0110505402678322,0.796778701842477,0.111883272256133,0.517224960958153,0.0149512227912127,0.631356896643292,0.0433731755626826,0.505081162613473,0.00439039718296485,0.688022340699049,0.0400686022452875,0.508995014858517,0.0080208927764745,0.802880976568415,0.108123001182893,0.508186226031453,0.00691242643910603
14,50.5,29.011491975882,0.667262764738353,0.0567097119735857,0.502322376348624,0.00293637272595884,0.655747355485586,0.0344079217216788,0.509920914407034,0.0110836262604805,0.796575490438951,0.114766759454595,0.51631019366598,0.013536855138344,0.630091643972641,0.0447572773276213,0.505008763174108,0.00386403169427795,0.688576694903452,0.0419103884300843,0.510066673841156,0.00958375434454813,0.802201255070224,0.10921798974628,0.508176763791965,0.00596975286093154
15,50.5,29.011491975882,0.666434463546194,0.0579129944382719,0.502358224762278,0.00325090094601401,0.655186832569901,0.035453494252184,0.509614604916176,0.011940185746913,0.796438600618597,0.116301483161794,0.516095393488868,0.0118843662937821,0.629836499947394,0.0466931919466511,0.505441742170141,0.00471688537178731,0.687431250806556,0.043993814003142,0.510363750741846,0.00931196992882333,0.801015074797467,0.110669356588602,0.508407421513609,0.00627841073800144
16,50.5,29.011491975882,0.66439637615736,0.0599968664688849,0.502483047301637,0.00312997474275076,0.654494711069377,0.0367476027833451,0.51064196516212,0.0117904969694645,0.798035861722957,0.116563159793992,0.516503942333666,0.0120671778791571,0.628122928166737,0.0484109523936944,0.50618592275321,0.00518526854561633,0.685904887449302,0.0459650071304938,0.510229931259788,0.00945604806226842,0.801567101919356,0.111568652977082,0.508927210301612,0.00665850787187037
17,50.5,29.011491975882,0.663100711308162,0.0619948282756062,0.502863784599836,0.00393016603914676,0.654317373534539,0.0381299576635671,0.509936567334125,0.0122231506077213,0.799753378991225,0.113715688472747,0.517616071285545,0.0120449729980995,0.628292202588308,0.0502933464575018,0.50510568149845,0.00432130193220091,0.686047297686681,0.0475399693005531,0.510023876135196,0.00902666265229387,0.801644982227377,0.111609896194682,0.509272176819829,0.00618068071844045
18,50.5,29.011491975882,0.662492783193624,0.0643572378313849,0.502224023837082,0.00275898507361063,0.654676250167367,0.0388633239848526,0.510922693944364,0.0134897679133545,0.801065467462208,0.112206784277255,0.518478141224138,0.0128112822629769,0.62843461663278,0.0516191973720843,0.504827774375874,0.00451266066179059,0.685880226778384,0.04817202454849,0.509250672613635,0.00829309153193677,0.801274697711862,0.110132896625535,0.509662725561273,0.00666216594992631
19,50.5,29.011491975882,0.660760019509445,0.066975757098702,0.502325294881399,0.00244472273924939,0.654635712957984,0.0389352997475386,0.512040702625932,0.0144359494043641,0.801924275025151,0.108589244177117,0.517809863758937,0.0129578531780111,0.62700420724016,0.053808371812526,0.505045453340968,0.00403805763494945,0.686052667539308,0.0486538678967257,0.509174534392157,0.00910278385904633,0.804252816069856,0.104908874115963,0.509478694068361,0.00558690883987238
20,50.5,29.011491975882,0.660199657999978,0.0673885586032568,0.502998204458488,0.003430746247299,0.654423921581003,0.0384260205490766,0.510172070445485,0.0118641335934951,0.806072593438637,0.104668246096996,0.517593421126108,0.0127774084992992,0.625875322991437,0.0541257614672451,0.505392779034286,0.00431063937964362,0.685709989244293,0.0476491082500683,0.510529198308373,0.0103652470232088,0.804183614907992,0.101414951591099,0.509673032508751,0.00602161471339589
21,50.5,29.011491975882,0.660059831934067,0.0669735567797578,0.502614381294786,0.00286399428519362,0.654676473812859,0.0386045837245994,0.511150882913443,0.0126732283655377,0.806543189550716,0.0984127607839416,0.519320979256541,0.0136383432020283,0.626429384897342,0.0537963537406425,0.506212406670766,0.00499122466671932,0.685745001557255,0.0462364488083674,0.508532468437353,0.00779222049153289,0.807018578653359,0.0972074363268503,0.509414918624671,0.0058835048030222
22,50.5,29.011491975882,0.659484817852734,0.0661230515750557,0.502996916168972,0.00393129914605372,0.654685269163399,0.0383139536486798,0.511541941508667,0.0119983188334898,0.80858604865515,0.0968029487516001,0.518181693710575,0.011664811076444,0.626305996169153,0.0520530369169645,0.505657954835246,0.00501015172359016,0.686578700729602,0.0457162199919631,0.510181848229952,0.0108591728751722,0.806073756652738,0.0932629870373451,0.509887107749384,0.00656374361712829
23,50.5,29.011491975882,0.659229866373044,0.065039217502263,0.503255807295645,0.00340330124396246,0.65491040863156,0.0374299411859405,0.510555580972254,0.0111153821903484,0.809387928106008,0.0944964604822537,0.519865430542722,0.0126582156052013,0.626228505919264,0.0502427378172664,0.506027693170708,0.00513624755122057,0.687649374240959,0.0446526097561818,0.510161240314578,0.00935051777685086,0.807331769223729,0.0919436469488852,0.509674736294062,0.00673255227845486
24,50.5,29.011491975882,0.659091436607049,0.0626271971094952,0.502781905238498,0.00350680195253856,0.655866957069492,0.0357003392567216,0.512513797807329,0.0132239335217356,0.809083720535456,0.0944479489860205,0.519945336608114,0.0122498833750449,0.625725277839443,0.0488182784996918,0.506056414412807,0.00455086003844058,0.689147484680928,0.0419661718600609,0.511004069913599,0.00963714203765952,0.807171080960705,0.0923816655561916,0.509775453991172,0.00655796438374987
25,50.5,29.011491975882,0.659984178438217,0.0598883727002203,0.502758010489565,0.00289726518222342,0.656576180892819,0.0336521649119406,0.511725599700181,0.0127177931035899,0.808806183642673,0.0952809439910399,0.520054502401277,0.0126024041404417,0.625591981408282,0.0476999187386235,0.506220930475552,0.00459128814123722,0.690537094115953,0.0396260851657854,0.512311690762536,0.0112205217836917,0.80463568429612,0.0904073630071669,0.510050206935837,0.006453496492119
26,50.5,29.011491975882,0.659912710873388,0.0588824112797826,0.503247898230199,0.00362167504632703,0.656685020843961,0.0319816873802355,0.512182340322817,0.0130374114713674,0.807147893793124,0.0982753782846353,0.519977698444133,0.0121913066911462,0.625311838723354,0.0469017853456271,0.506530864140543,0.00512083899901118,0.690932365604512,0.0370858146815132,0.511107176396511,0.00993658309170557,0.80545171627778,0.0908633324585303,0.50979711020317,0.00638420019877274
27,50.5,29.011491975882,0.659469527699568,0.0580000266337479,0.502542159738963,0.00277256721646436,0.657047650773493,0.0313305743892592,0.513193080799787,0.0132023825521819,0.806792961864173,0.0978766871817408,0.520698048583378,0.0121145652642056,0.625205088986986,0.0460757994020634,0.506429078222354,0.00458905593038418,0.691624120836234,0.0363111936662911,0.511198893842142,0.0096923921515025,0.806156452173632,0.0897567056070965,0.509891766152439,0.00558885656302689
28,50.5,29.011491975882,0.659837526361639,0.0581102217068852,0.502631911026601,0.00305302643243953,0.656998119103304,0.0314712233014411,0.51393187181833,0.0136497936089206,0.804266029063593,0.0987915604616648,0.521488601147163,0.0145236148291022,0.62523767880036,0.0466398630702376,0.506124169026199,0.00402609785914901,0.691797526504395,0.0360670563859706,0.510927720420893,0.0101217807273795,0.809341719062108,0.0883577699151688,0.509778047011163,0.00593795602022446
29,50.5,29.011491975882,0.660011507125782,0.0575884749714214,0.503035582859359,0.00307613037414756,0.657108554766285,0.0320312305554533,0.513016944445264,0.0150833539374836,0.803983746849603,0.0947941273219926,0.521310896592474,0.0126801551506734,0.625607583338425,0.0463117605072543,0.506448344701047,0.00455983369497978,0.692037754522166,0.0368443789507128,0.511890114721477,0.0100496390417314,0.809348838432255,0.0843793547284326,0.510001931144575,0.00566157910951332
30,50.5,29.011491975882,0.659879338066609,0.0567694155177361,0.503093523734212,0.0039160135704395,0.657076837972233,0.0326951276126362,0.514274164322111,0.0137464826346472,0.805971228815001,0.0923517551964043,0.520348220174177,0.0118447326204221,0.625706374963425,0.0454106675977341,0.505923167776101,0.00400772900508299,0.691376033144552,0.038318597117684,0.512089768514644,0.0111717860263378,0.810638530507034,0.0793913817087475,0.510635082225766,0.0065175563302668
31,50.5,29.011491975882,0.660405890028661,0.0560175240835194,0.502584969298738,0.00251782087657623,0.65659051875682,0.034251340839893,0.513929019186731,0.0145425673703305,0.808400752764081,0.0884849559519794,0.521216829740648,0.0126431736929025,0.625977827701795,0.0449497842016447,0.505917244857869,0.00398904089829203,0.690138004103227,0.0408253933737898,0.51176791492691,0.0101601985065526,0.812178174321865,0.0746098938256629,0.510059637006982,0.00613824789535663
32,50.5,29.011491975882,0.660299089538455,0.0549161263730937,0.503284077986171,0.00349119870595162,0.6551565782497,0.0364328049213792,0.513364674734279,0.0156832226408366,0.806667365369271,0.0854483026710418,0.52095825120293,0.0131667128471539,0.626098696890873,0.0446270120913191,0.506094607123336,0.00359759423410982,0.68720684875074,0.0442993248077133,0.5112055998892,0.00929857720838102,0.811396625322538,0.0715622186318048,0.510168632392382,0.00609085794482252
33,50.5,29.011491975882,0.660756907425083,0.0533199618068683,0.503289751670908,0.00356990074521745,0.654343307700502,0.0386197595409771,0.514020275043615,0.0126771229866362,0.806675044445791,0.0820544245429745,0.520153722741786,0.0126631386324973,0.626203916392961,0.0439224484595039,0.506263865401769,0.00381361260613357,0.685045678105352,0.0461112994269422,0.511268054077575,0.00941343758116448,0.810969694025996,0.0690404214796946,0.510657679154081,0.0067318829975359
34,50.5,29.011491975882,0.661622257899785,0.0520290717286064,0.502991429978607,0.00329912426783517,0.653422754810133,0.0398522732071319,0.513382309900278,0.0127028380591502,0.804397253809201,0.0833604612738669,0.519140376038964,0.0114515862037471,0.627116430946802,0.043510994062486,0.505836285022501,0.00330360547393571,0.683875203459159,0.0480049933661846,0.511953661093355,0.00961555303575016,0.808189640009411,0.0706133635989776,0.510201067422633,0.0061065984331806
35,50.5,29.011491975882,0.662413098577279,0.0515809780224088,0.503021078880668,0.00313148937767417,0.652520291526578,0.0411427584432966,0.513437503510922,0.0123820574616525,0.801486530484843,0.0860227596199966,0.520072216015656,0.012522486972836,0.627274549486214,0.0431829811893924,0.506421719167201,0.00384632391265304,0.682554016281754,0.048614865929483,0.511123931731064,0.008273967600945,0.80375503721398,0.0750892937410593,0.510432877938207,0.00630110103403085
36,50.5,29.011491975882,0.663414338958437,0.0503116415109688,0.502941407285787,0.00302838107765495,0.652430240777596,0.0412698921584352,0.512829100751401,0.0124821082512778,0.79727696892566,0.0908048729962576,0.520929841780525,0.013742397636847,0.6280900437364,0.0421076163353294,0.506579642885132,0.00410504486585226,0.682579925686382,0.0491730330003875,0.510609686573052,0.00793965831387291,0.80065611359893,0.0802665949943859,0.509807010019199,0.0057829366535853
37,50.5,29.011491975882,0.664989926171084,0.0490875475390191,0.502824102685421,0.00319175264379428,0.651955317792286,0.041276444022207,0.512936371623004,0.0126235178586599,0.795588092456881,0.0925547554335698,0.520166000008628,0.0136176621765603,0.62920292590491,0.0414921084952468,0.506056059006931,0.00399128192048107,0.683108237896421,0.0491293706364613,0.511107961159274,0.00965585905140847,0.796163662408512,0.0864635373145668,0.510202517461459,0.00572320810778331
38,50.5,29.011491975882,0.665736945932306,0.048319485447971,0.503280451159092,0.00394909146991919,0.651791674309043,0.0408917047788007,0.512505587408854,0.0126923492362988,0.792676121147876,0.0970923331181692,0.519410700378208,0.0127659924781479,0.630594447447781,0.0400618568740276,0.50677616093684,0.00454072465139864,0.682809275012851,0.04894331309993,0.511039764277021,0.00964371039555062,0.791770671980003,0.0916318074751682,0.510210732804938,0.00600156795170027
39,50.5,29.011491975882,0.665951246938393,0.0467823344896416,0.502497507210634,0.00247570376324564,0.652363609695359,0.0408270071974875,0.513308843477334,0.0123563213453528,0.792199154125265,0.0998508433217822,0.519905854891558,0.0145987907645637,0.631831916357282,0.0390572178137721,0.505806967685491,0.00351506922229109,0.684026695920078,0.0491550851116859,0.510715001658801,0.00950603326093676,0.789556512038193,0.0952524767854119,0.510336396269885,0.00573016688891688
40,50.5,29.011491975882,0.666860205624736,0.0459295634136675,0.503319783367107,0.00386120009409308,0.652616765613517,0.0407436593380695,0.513294325072602,0.0123453921463358,0.788872553054536,0.102013106210173,0.518569365481174,0.0135370920960293,0.632288674522396,0.0380369770211441,0.506244402222666,0.00410837001566412,0.684465118943134,0.0489319352572849,0.51081409351971,0.00934032055134249,0.789131957186873,0.0988981203724353,0.510253676665769,0.00568231318914329
41,50.5,29.011491975882,0.667918367134141,0.0450584943868498,0.503074290093637,0.00364374495866393,0.652875361780915,0.0410006303106442,0.513260620264725,0.0126748048368108,0.788565435606382,0.104836052725484,0.51950232044795,0.0119140977429542,0.633313576397914,0.0376420805856439,0.506542578020014,0.00419025549745364,0.685291481320707,0.0494172916263219,0.511435436320199,0.00949458392321218,0.78753108133276,0.0996170988865462,0.510585380348447,0.00652792441588815
42,50.5,29.011491975882,0.669467383726932,0.0454635673938148,0.502578734532949,0.00274799137576275,0.652731740282834,0.0405428233849433,0.514320128838168,0.0123871978617778,0.788598971248295,0.10591056910653,0.519890127179967,0.0127497009248087,0.634678695771045,0.0374919449877718,0.506292026161738,0.00392712434234647,0.68589044890159,0.0498686517184491,0.511015712553034,0.00885449552295448,0.790066687551012,0.0991533902273577,0.510391709404871,0.00557853720930532
43,50.5,29.011491975882,0.670498602990188,0.044916308656079,0.502580419074476,0.00299521168670183,0.653352527239232,0.0413962410912836,0.514309645469209,0.0121118459116107,0.79047715049758,0.107794805857385,0.518576342128582,0.0111449997093987,0.635286890881131,0.0365235897522674,0.506642843618671,0.00416073320599788,0.685733626059153,0.050874070157581,0.511488617161041,0.0087187708980561,0.791065584945477,0.0976805949177721,0.510795929675613,0.00639277480538417
44,50.5,29.011491975882,0.671816960202147,0.0446469524170798,0.502719764272399,0.00289340664859876,0.653134654264081,0.0418516519029684,0.513690979388193,0.0115541418723251,0.79188974590026,0.10781629273949,0.519748305688172,0.013130062211527,0.63663291364874,0.0356014509041131,0.507421831655979,0.00514364405979761,0.685098105223851,0.052034063288856,0.511052978527745,0.00851653598683326,0.793911473192393,0.0965479356258729,0.510453278628654,0.00590941614657262
45,50.5,29.011491975882,0.673221059185515,0.0438017061285551,0.502485365438447,0.00312484048810594,0.653356690757472,0.0415994517975109,0.514703522730033,0.0114550767625597,0.795083551665311,0.104942267635935,0.519500819172832,0.0129119593322469,0.638027454240945,0.0346631812141652,0.506579638284645,0.00382287128016953,0.685922328989435,0.05243285888454,0.5114245925026,0.00819471797543462,0.796683303056401,0.0929061980393045,0.510823767915114,0.00590531366631521
46,50.5,29.011491975882,0.673805276586766,0.0430829776883446,0.502829513577873,0.00325763453934514,0.652994920990198,0.0421481480912796,0.51369039335463,0.0112244259556407,0.797365585508686,0.103052017989135,0.519605027791398,0.0125413094938488,0.638027317721515,0.0339368176295628,0.507036799517253,0.0046896167639857,0.685629751803878,0.0532785610988965,0.511899172568249,0.00898785085260239,0.797463798506386,0.0884210159905338,0.510490805524203,0.00535443054290793
47,50.5,29.011491975882,0.674187157091995,0.0423183702866238,0.502980531648385,0.00318937204968919,0.65267241955411,0.0435400393384368,0.514182488643618,0.012471954495618,0.797364300001777,0.102183332253249,0.518756453741983,0.0112921175063196,0.637821396052871,0.0330834906337185,0.507060535861791,0.00471828397808815,0.684481381224144,0.0549366035217437,0.511584234216206,0.00765386882844979,0.800221697641294,0.0840997783741069,0.511214725236293,0.00643135356134079
48,50.5,29.011491975882,0.674104465213153,0.0430031174529855,0.50209081191513,0.00230782366476915,0.652223454032582,0.0454015130040244,0.515215010657767,0.013480182532175,0.800560448682616,0.0976188322319084,0.51890982055364,0.0116813360439718,0.637686196032312,0.033289641737922,0.506683377116613,0.00441835000494135,0.684079622867786,0.0571153449731247,0.51230275084743,0.00910345268860655,0.800177744286299,0.0787209195078091,0.511093773438139,0.00635699852012164
49,50.5,29.011491975882,0.673419289844714,0.0435707155374706,0.503110775823401,0.00335422585065019,0.65116902009708,0.0470801819122293,0.513562417871922,0.0127715170809141,0.804377294145613,0.0929388670380427,0.517723547587983,0.00898193772433798,0.637222620371616,0.0326334938712979,0.507620507307211,0.00474137848584054,0.68306939514072,0.0589222451334256,0.511946366010861,0.00968124427614899,0.801866352442449,0.0750474088925368,0.510919596244986,0.00650295244115351
50,50.5,29.011491975882,0.673383437267994,0.0438862229507139,0.50319584684743,0.00392012627256143,0.650094594832201,0.0480225574059347,0.515434252246724,0.0143351972018351,0.805083469726291,0.0893633640873604,0.518212211807514,0.00997715598302356,0.637567569963372,0.0332944408047569,0.506713488003263,0.00401646256838317,0.682854220153877,0.059619386965958,0.512975857145144,0.00879187544004039,0.803430838128215,0.073527886021726,0.510847492554998,0.00633347222410704
51,50.5,29.011491975882,0.672978864382512,0.0455068112393106,0.503003400187911,0.00340284551064526,0.649072700831901,0.0482481500923099,0.514948889769817,0.0125501393610211,0.806841009026516,0.085401992222544,0.518811274773225,0.0106166235579149,0.637234259084702,0.0339818528826515,0.507518958437318,0.00489781046739405,0.68139183255424,0.0600986134759838,0.512499812011603,0.00839531191234134,0.803759245137427,0.0730672665385089,0.510574272526987,0.00553515632652198
52,50.5,29.011491975882,0.672808837964658,0.0461601371647954,0.503237768237088,0.003707992643281,0.648220311866053,0.0484735453675161,0.514836717270888,0.0136021170948051,0.808633100660821,0.0827662180449227,0.51879569042282,0.0102524444854811,0.63734700125378,0.0345526491740273,0.506699628181938,0.00416231406225215,0.681602286717167,0.0603377292222689,0.513225281702499,0.0089013213975049,0.803223479531488,0.0745681218747513,0.510603595922005,0.0059432407419702
53,50.5,29.011491975882,0.672724165889154,0.0462599020799371,0.502856220447244,0.003417294875475,0.647373936472081,0.0486833338577726,0.514817921957067,0.0126271138151405,0.809136772055789,0.0812412328517142,0.519246883247714,0.0112871560607364,0.637009964139609,0.0349177435583507,0.506693331637633,0.00401619880448208,0.680293047914312,0.0600148585828936,0.513263943855515,0.00914058704031388,0.804461106945937,0.0749627352220841,0.510575142547439,0.00596676549190082
54,50.5,29.011491975882,0.672720873486764,0.0455287025806745,0.502778643364001,0.002974208401547,0.647406333821744,0.048526020680593,0.514493960692589,0.0131964799098803,0.810579290185417,0.0796863084455971,0.519020449629129,0.0101862004302379,0.637465776767017,0.0350339852361349,0.506824536739528,0.00413126794630056,0.679815225250287,0.0597913853658879,0.512591989929255,0.00782999676313305,0.804977679104842,0.0773080444542164,0.510004091991443,0.00588155758444146
55,50.5,29.011491975882,0.672629486554966,0.0443780211342112,0.503055726931864,0.00352203197056001,0.647655385471764,0.0481546374967797,0.514211077798828,0.0134004331786831,0.80960152579353,0.0783540473044946,0.519638548745612,0.0137314692623473,0.637060442744996,0.0344247230419159,0.506739545578435,0.00408117947129634,0.679381721415571,0.0596105489685927,0.513406970552146,0.00903483426588881,0.804976099087794,0.0773706813003193,0.509903565437737,0.00603478192634743
56,50.5,29.011491975882,0.672763940209969,0.0439383281239876,0.502993610231925,0.00339009911401134,0.648698192438206,0.047403784371067,0.514995727120135,0.0134150640965019,0.810143912648797,0.0782893777923907,0.518561288343409,0.0109188907650978,0.636227992970592,0.0341415096515281,0.506988906954429,0.00437646354421364,0.679439468343815,0.0584287341310607,0.513234287082563,0.0093312451517301,0.805699746464296,0.0769733063669072,0.509742133434674,0.00564327501358272
57,50.5,29.011491975882,0.67335538431681,0.0436523039741032,0.502388840605228,0.0022808123989955,0.649627659831475,0.0462076462349815,0.516155480741108,0.0156815459242312,0.810253488217716,0.0763535179634805,0.518701019233281,0.0120306684599744,0.63707768833242,0.033980436309573,0.507101368885179,0.0040589164074417,0.6798875052474,0.0573250887902597,0.512722279750212,0.00935271621215558,0.806508797789329,0.0748360258419322,0.509996895514567,0.00619266280010659
58,50.5,29.011491975882,0.673486016204043,0.0430583125907091,0.503011272784869,0.00333198752381029,0.649495319488501,0.044826580696372,0.51521741963026,0.013365976344595,0.811292627818938,0.0743115973683172,0.51868521229308,0.0124439260563711,0.63738800061671,0.033012500128375,0.506832127342486,0.00395246659929122,0.679819526976082,0.0561064081952887,0.512185428533892,0.00868439634157765,0.807984678766239,0.0733215834512947,0.510210494303247,0.00631930996959052
59,50.5,29.011491975882,0.673251121562751,0.0454384421666516,0.50285985958635,0.00298595110582834,0.650316420374446,0.043875398415726,0.514282821152325,0.0135336217754269,0.811852661468948,0.0732608696972863,0.518433373377124,0.0118035803737943,0.636919097753112,0.0343414044332601,0.506945270858443,0.00432303940540721,0.680361265871115,0.0548529604932751,0.511656675860532,0.00844331346132832,0.807968172787275,0.0725499526582192,0.51038372365977,0.00626934802030271
60,50.5,29.011491975882,0.673196647338436,0.0461862864218826,0.502626461649336,0.00290957630459876,0.650177639910967,0.0429284667355137,0.514279105600483,0.0123553602233261,0.810993464349115,0.0728633720661925,0.520019354894786,0.0133329766050917,0.635759124627714,0.0351717112070376,0.506781595609966,0.0039340737867367,0.681077752980881,0.0536313333508974,0.51280089686578,0.00957793264350072,0.807433053805577,0.0710402192298268,0.510386422464216,0.00561140368806618
61,50.5,29.011491975882,0.671581752586275,0.0483048635998174,0.502345851034592,0.00229828332770698,0.650041596312923,0.0429798823723497,0.513362786545021,0.0127960395303319,0.813144161358504,0.0734850156863501,0.519569634625944,0.0120253433463212,0.634951032252501,0.0370030058217741,0.50626921497122,0.00385368596532169,0.681016166678504,0.0535442143989426,0.511896331476293,0.00812196238977678,0.808674551340998,0.0706576013677464,0.511000862849397,0.00654114345075637
62,50.5,29.011491975882,0.669893257614899,0.0500054550629444,0.503247988100831,0.00356526610609625,0.64994616557282,0.043037757879767,0.51299105259107,0.0138964100241104,0.811744394711641,0.0732991481283865,0.520960809617354,0.0135935629908194,0.632918546172601,0.0386594760169905,0.506663818296475,0.00448118800906407,0.680840622451241,0.0537877852004651,0.512537696445483,0.00928458412218791,0.80867407413431,0.0701245106956623,0.510766884228577,0.00639711703690338
63,50.5,29.011491975882,0.668287219320045,0.0527387172626392,0.50261980637592,0.002964286373028,0.65036424361147,0.0429950853336003,0.514337158426437,0.0136981788393813,0.813589938072727,0.0742691709818796,0.521241081257424,0.0133317306931595,0.6320658039469,0.0405985680204434,0.50640315629835,0.00431898239304378,0.681082336591217,0.0539641614248787,0.511924996614516,0.00969040430361948,0.8096491156222,0.0705612346665182,0.510961069683535,0.00614501326221902
64,50.5,29.011491975882,0.667903115936713,0.0540854913845346,0.502351271615091,0.00231322969085274,0.650466304815767,0.0436133860516707,0.514103380402793,0.0130664463780618,0.816638056439899,0.0752570880689752,0.520633408225277,0.0124377578828236,0.631926191088189,0.0418070862488879,0.506570106055104,0.00437438220191206,0.681266263242739,0.0552744988360695,0.511897495931709,0.00936668933933651,0.810858018667967,0.0715404547385366,0.510961010029757,0.00624675311856412
65,50.5,29.011491975882,0.667629758858742,0.0544280307758578,0.502565680856025,0.00279463799687938,0.650708994976461,0.0432809692532321,0.513618042083469,0.0123400735848256,0.816640086647984,0.0757328014414091,0.52065952352545,0.0128131251255884,0.631672193150035,0.0425971104615718,0.506894947918926,0.00466590082709748,0.681883437190554,0.055619013296853,0.512323745987934,0.00914192780006348,0.812177973385472,0.071936752245601,0.510971199044663,0.00591511193409077
66,50.5,29.011491975882,0.668106175361622,0.0539797801239578,0.502487751262955,0.00276518371249308,0.651118954336653,0.0436611656257434,0.513429634776843,0.0122439750431683,0.813369286238707,0.0789909804221347,0.520649021307942,0.0125047626333153,0.632267298755776,0.0427331759812188,0.506388337755834,0.00414101696738543,0.682117305509536,0.0556979966527852,0.511883412087449,0.00897619279345425,0.81272478091003,0.0739241525238619,0.510683993430286,0.00585134467894431
67,50.5,29.011491975882,0.668353737957988,0.0528811094042707,0.502642230452657,0.00258272585234427,0.65144663613812,0.0438826910133683,0.513942719302075,0.0127227270423938,0.812182352203127,0.0797890130728489,0.520629560902628,0.0123142599650481,0.632200781996549,0.0421200032721784,0.506391841609191,0.00436568419223077,0.682862306040259,0.0556438972068958,0.512019350221925,0.00920233838516111,0.809965646917818,0.0748304883233057,0.511736790335813,0.00698336536645126
68,50.5,29.011491975882,0.669325904030829,0.0511597526771518,0.503020834887089,0.00304005032554241,0.650920095676042,0.0444566060984355,0.512949002634874,0.0110068089816754,0.810891327543915,0.0809058192422116,0.520850470933871,0.012382372219714,0.632829284584933,0.0411527458854654,0.506971430892335,0.00469723667603277,0.682272170433036,0.0562726805044306,0.512502203248361,0.00995921194815383,0.810041630114205,0.0777767025188575,0.511663261739778,0.00700845985110058
69,50.5,29.011491975882,0.67029360706982,0.0499125410705944,0.502668359833613,0.00264390643267035,0.650794424223232,0.0440583617990003,0.512841372149162,0.0107264499968162,0.812033522159575,0.0811778859679346,0.520650090834232,0.0116996016668717,0.633702395754762,0.0402680503541873,0.506993477861794,0.00448399821401473,0.682542857785603,0.0559075991884353,0.511880279837805,0.00893980016482614,0.811070435451202,0.0779053614899672,0.511048781615406,0.00625420254862339
70,50.5,29.011491975882,0.67140929492398,0.0485313815406867,0.502789746036279,0.00305792352523881,0.650176963278098,0.0440492815891412,0.511986155245126,0.0105827120450856,0.812328563484331,0.0811639217698133,0.521252858635136,0.0128280547447683,0.634470642804668,0.0385455182776147,0.507407518912141,0.0052574288896088,0.682098688425611,0.0559828262002355,0.511460887021576,0.00933877677684531,0.812105588247403,0.0766270715213229,0.511035360302756,0.00602448922573345
71,50.5,29.011491975882,0.670832826844538,0.0484542635650847,0.502559631955006,0.00229295891396431,0.650313966971195,0.0437346029913814,0.512415450673091,0.011363259925983,0.812832241888529,0.0813922454276284,0.521025428666786,0.0135973341248812,0.63429184241746,0.0378398919769826,0.506710090079283,0.00417779288380661,0.683288245209297,0.0553781195183441,0.513276343052236,0.0109976985007789,0.810828742861997,0.0768041271212662,0.510875437702776,0.00608275590947372
72,50.5,29.011491975882,0.669582564165665,0.0489974882548871,0.503522084743926,0.00370157788851143,0.649660772230172,0.0438226448025164,0.511721374390818,0.0107564931102726,0.810991905833095,0.0845501257924487,0.520777253705719,0.0128675727498317,0.634533304512685,0.037742238001437,0.506223214601952,0.00408423148811525,0.683194587254823,0.0551473113924297,0.51206411094691,0.00973246723088056,0.811424241835467,0.0752754716756289,0.51101604517653,0.00631652252375174
73,50.5,29.011491975882,0.668304682957821,0.0508329738333256,0.503099584539243,0.00296047246342042,0.649645318118725,0.043372537528254,0.511744021449134,0.0130073693055144,0.81187573436892,0.0836323155397198,0.52074622940558,0.0127729424176875,0.633517322524562,0.0384800850392348,0.507354754887233,0.00553822689942316,0.682936190705797,0.0549392696141592,0.512630123081783,0.00980354837420925,0.814347645544783,0.0747929206996117,0.510662437157541,0.00683744209470134
74,50.5,29.011491975882,0.667103598568275,0.0524126574399995,0.503054435246957,0.00354855257408828,0.649309940746362,0.0437449459760425,0.512641643601655,0.0133673534358923,0.811324359337009,0.0827168471593892,0.520763989797037,0.0137604569936192,0.63344389599513,0.039345583726289,0.50706053053707,0.00458762353152564,0.682634151656485,0.0552343622684085,0.511943088313895,0.00966048157758388,0.816789798937117,0.0735028412532131,0.510402662986906,0.0053822477785709
75,50.5,29.011491975882,0.666030163041828,0.0538336448050511,0.502609303676009,0.00288849986225024,0.649568877079695,0.0438005265749181,0.513247402644028,0.0140451582380032,0.812198636042228,0.0840893456841215,0.520670525881384,0.0132498427399485,0.632908947203691,0.0402752440507733,0.507190556497476,0.00502234942482506,0.68253268801365,0.0552751313803498,0.512589274159116,0.0102788036937749,0.817142514515723,0.0733263795988934,0.510568475735746,0.00526925138364545
76,50.5,29.011491975882,0.664999522209997,0.0546726291353803,0.50308178969114,0.00410719213627174,0.649442268241302,0.0447175445129149,0.513618366065974,0.0147643574818298,0.811609436451327,0.0836125830378276,0.520444607591595,0.0126117281536679,0.632065132149783,0.0409879509436896,0.507048221337876,0.00452072560090392,0.682627329744646,0.0559868445108217,0.512518158840039,0.0113326009060896,0.816374160138505,0.0736599262003663,0.510967095599192,0.00523581385209351
77,50.5,29.011491975882,0.664667130746106,0.0549717672123472,0.502632726774765,0.0028337715202676,0.649636785238632,0.0460426066200934,0.514221695069285,0.0155485052890859,0.813919288832237,0.0848699251695701,0.519482792625354,0.0106571939638868,0.631659365817806,0.0413110326373539,0.507222471428679,0.00492480068338474,0.682988923700223,0.0570203432606012,0.5133657948398,0.011579069685189,0.814971754955995,0.074033434534363,0.510839605718268,0.00505232390547495
78,50.5,29.011491975882,0.664434007106103,0.0540779130415041,0.502412293818582,0.00257174954931279,0.649431653962451,0.0472797316047049,0.514369779614412,0.0133642783894711,0.815022751647223,0.0864518606660206,0.519745888313478,0.0106752501573379,0.632368740375918,0.0409537052540808,0.507213607726108,0.00487040810183322,0.682831812283716,0.0585698800262698,0.512428968381697,0.0109909423985251,0.81560664402712,0.0764183286213906,0.5108397497341,0.00486867062365294
79,50.5,29.011491975882,0.664338509662133,0.0525126066413437,0.502555439865723,0.0028607639067231,0.64948693041334,0.04860927682199,0.513285460116442,0.0127561989450619,0.816883494292927,0.0864675855478671,0.520067541550933,0.011670848579041,0.632603798983452,0.0403876060739314,0.506971536780502,0.00453333670663444,0.68295146816732,0.0601455336013699,0.512450043806872,0.011766838968627,0.815092959535972,0.0767106729068733,0.511098127863302,0.00590890426179986
80,50.5,29.011491975882,0.665423387478705,0.0506469039287665,0.502176485678659,0.00230266779625591,0.649668846676652,0.04953769994698,0.513560694508225,0.0128026480228311,0.818780719624396,0.0856289579736709,0.519835042440342,0.0112402381632757,0.633329102690096,0.0394751883522833,0.506488819373308,0.00379595349197223,0.682381473357019,0.0604254409170152,0.511786250101404,0.0104446818689863,0.815725559374518,0.0777336207753869,0.511222838759635,0.00640388163817937
81,50.5,29.011491975882,0.666627598443564,0.0482849306407532,0.502945870544149,0.00331422718324654,0.648940804778699,0.0495700723766769,0.512134081610049,0.0128574113054075,0.818378138755767,0.0858041435137563,0.520327827330868,0.0120728303029501,0.632841465064957,0.0379474821485968,0.506978259851638,0.00502269707185857,0.682319162070294,0.0599714693252648,0.512901293737623,0.0115388279635994,0.814850012090843,0.0786368868064285,0.511197179611943,0.00577389510027796
82,50.5,29.011491975882,0.667692839357381,0.0473374283368263,0.502561448571686,0.00298992971630533,0.648514284096599,0.0491544092961706,0.513107700879351,0.0122263848426779,0.819314779993206,0.0854639565187911,0.521841562432105,0.0136417761317297,0.633392112717387,0.0368532678767977,0.506722989497402,0.0046546231044359,0.681755391587296,0.0592400799320207,0.513447508416486,0.0104151001427836,0.814528549856805,0.0795537760311436,0.511337402809927,0.00635339568819491
83,50.5,29.011491975882,0.668102702317222,0.0474774133039713,0.502639222669493,0.00334870800419532,0.648414663389302,0.0483767408237138,0.513153290937153,0.0126399177845303,0.815991536782316,0.0835350642424529,0.522204517085953,0.0138467932132099,0.633305783930754,0.0363105937507144,0.507139973618465,0.00465222500327396,0.68051571283926,0.0583464431121087,0.513035984855302,0.0100316225206937,0.812751731282346,0.0815312165667071,0.511102744027954,0.0064726122428611
84,50.5,29.011491975882,0.668025194683303,0.0479761387607433,0.50259802975539,0.00273871742559362,0.648825664501937,0.0475887650334748,0.512244273986789,0.0118377200601172,0.815897335439497,0.0863702518575793,0.520372585335126,0.0124688085344258,0.633195706371058,0.0371886994816555,0.506781878728901,0.00369708081220209,0.680735148802892,0.0572569629901359,0.512870517975977,0.009321313632761,0.81198166364186,0.0826282785449253,0.511156134288188,0.00658368719244094
85,50.5,29.011491975882,0.667828153590993,0.0492820867910203,0.50288284230697,0.00321427665655012,0.648819011831835,0.0454574791992444,0.512466324116213,0.0115773281952123,0.814942888490045,0.0864288962315062,0.521249822714072,0.0150937410368148,0.632538060561299,0.0377113172434506,0.507061068606458,0.00393562938332118,0.680671798302909,0.0556109232093681,0.512184983022231,0.00830716613632053,0.811891154429597,0.0840428540204315,0.511168720908277,0.00597461859330067
86,50.5,29.011491975882,0.668394841240709,0.0498259761176647,0.502556734442298,0.00231070521315017,0.6491554970981,0.0437776078559364,0.512159631451437,0.0110649677591059,0.814619576087808,0.0890120800716773,0.5204066634735,0.012254642596031,0.632885759371808,0.0376870257407389,0.506618106467834,0.00373319899131183,0.681222563601803,0.0536033592343754,0.513678046271017,0.00902863678587842,0.810454219479761,0.0847421084844476,0.511360973276268,0.00661782372186508
87,50.5,29.011491975882,0.66875008491871,0.0501273784887514,0.503108980336587,0.00308654815102697,0.648934890958689,0.0417356720045785,0.511852585600962,0.0110228445131973,0.814659807848013,0.0894276028359818,0.520374648179926,0.0124805764304189,0.632904212105469,0.03789170443775,0.507438869619608,0.00498846036897499,0.681165322884056,0.051245326388318,0.512363181977063,0.00913691382445933,0.810531603318458,0.0850370700749899,0.511455496054771,0.00661941419995622
88,50.5,29.011491975882,0.668961333609314,0.0515308085569905,0.503273731495763,0.0034616058426317,0.649198641987654,0.0404029288376623,0.512539096821183,0.0113779580707637,0.813263864783405,0.0911385182039899,0.520760197910396,0.0132650125996227,0.632915651196591,0.0391965205610893,0.507030765919594,0.00470552263845484,0.682114985760304,0.0491437774020017,0.51235358574071,0.00855754171781328,0.8105391911505,0.086196792009467,0.511373540392694,0.0061634399875252
89,50.5,29.011491975882,0.668946214876519,0.0536096015373312,0.503045431651334,0.00329606433639613,0.64987470470157,0.0395120654216674,0.512226677673007,0.0112252713444233,0.811931334394761,0.0927376269962926,0.520812251605307,0.0126954737002769,0.632149107811081,0.0401372951942564,0.507950496859263,0.00510704238018436,0.68258456813841,0.0478129994173227,0.512866050141805,0.00911822562532671,0.809756488767253,0.0876437072680005,0.510720378278851,0.00552615018575752
90,50.5,29.011491975882,0.668848471947118,0.054800847669706,0.502777713912121,0.00308984886747337,0.649962112193644,0.0385062554294449,0.512282405262107,0.0131949972343472,0.810223720242811,0.0942017261301287,0.520971888638183,0.0161884153057111,0.632489446074892,0.0412342245140482,0.506753938131873,0.00406370646345467,0.683292111093195,0.0469347681705386,0.512425892470506,0.00894367101742708,0.810311716261966,0.0895886361829161,0.51134795334287,0.00559748770298966
91,50.5,29.011491975882,0.668886289699028,0.055595321970663,0.50259226677498,0.0025637045093259,0.650588882912875,0.0384002040048701,0.511391979784583,0.0117644091930021,0.810128946022949,0.0946380315312431,0.520851503483769,0.014041728666485,0.632213289552392,0.0427293802193289,0.507189674279593,0.00469485183158164,0.683905562964023,0.0461408059867301,0.512281034936099,0.00969625574069716,0.808713354399509,0.0897764862851125,0.510897353832975,0.00547215994561888
92,50.5,29.011491975882,0.668941678155511,0.0563405804518138,0.503078313161949,0.00315857129731268,0.65140376316298,0.0388676875272823,0.511224246890789,0.0113148042101135,0.8107221682282,0.0947525618345403,0.520185934243168,0.0122982588351356,0.631870871299056,0.0437146952054397,0.506622793695046,0.00454287193064664,0.684858987936398,0.0461912820633885,0.5126958823133,0.00926422028552719,0.807612716690716,0.0897959761940744,0.51118739095606,0.00615963909876938
93,50.5,29.011491975882,0.668423755605913,0.0579895698145698,0.50320393154357,0.00327864625159233,0.651979111084485,0.0392690610529265,0.510964129850236,0.0110709431284108,0.811751950921995,0.0924284620172204,0.520092264448921,0.0114930073706639,0.630694407265144,0.0447104779582212,0.507356324632699,0.00555341244010231,0.685335312588909,0.0466740483792282,0.513180213474022,0.0104698677633082,0.808460843370593,0.0884133222032806,0.510450291803763,0.00539358995115432
94,50.5,29.011491975882,0.667967342192647,0.0593605117287401,0.502781571164178,0.00265100927532043,0.653103438132091,0.0396833537794141,0.512220395424477,0.0121152433383869,0.812307064564233,0.0878012884212353,0.520966451285094,0.012917376797045,0.630366929867737,0.0460468372475024,0.506924832226143,0.00449292656085132,0.686491391973226,0.0475594417208091,0.513354952516568,0.00981244018433311,0.810231755212475,0.0860283071515632,0.510728644704122,0.0053571010888142
95,50.5,29.011491975882,0.66750795018841,0.0604833949624057,0.50285723751772,0.00284050504702485,0.654093524861487,0.0395308355116273,0.512621333963516,0.013086589426033,0.81278952933256,0.0819471794140854,0.521767987209075,0.0137430585677563,0.629707495964111,0.0469866434637353,0.506818924324473,0.00425010755206323,0.687693215239134,0.0479047878908091,0.513908953196123,0.0102579950445722,0.811083099896448,0.0807563964111988,0.510345687346048,0.0057612254384278
96,50.5,29.011491975882,0.667468551719017,0.0608205510497999,0.503243714056247,0.00302384017368648,0.655427278859415,0.0390917165336026,0.513035794487087,0.0117438468295895,0.813391445636396,0.0781605614470888,0.520317269673179,0.0114285955744718,0.629945675776289,0.0470599709536929,0.507009601202304,0.00458019207825374,0.688792754948265,0.0473135165117791,0.512997406377532,0.0105262494856497,0.81205023630044,0.0771886696526267,0.511044722042862,0.00643991430185956
97,50.5,29.011491975882,0.668535595006935,0.0597611644341892,0.503128157300491,0.00292086307371468,0.656776047805434,0.0380987396917125,0.51389030026635,0.0115163738530704,0.814434040169531,0.0780842450219724,0.519612559590459,0.0124936702711314,0.630410897290559,0.0462986321688476,0.506446460122361,0.00376782652191363,0.689779021364502,0.0464806726866312,0.513157518808123,0.00940125986071833,0.81316919951987,0.0746620744151984,0.510836929921078,0.00623957032185332
98,50.5,29.011491975882,0.669520920285725,0.057143149818119,0.502937099234687,0.00296982907541288,0.657300974031512,0.0373844484097981,0.514821258142954,0.0131423999179597,0.81367793213121,0.0778513166725301,0.520520912014538,0.0133699113215971,0.630735835872421,0.0445073614067371,0.506658653868247,0.00426381923453678,0.689229774135177,0.0457838021171631,0.512888290071762,0.0098124730558273,0.815456344100078,0.0725689820105509,0.510657606328815,0.00632777336594816
99,50.5,29.011491975882,0.671175549200254,0.0539788150473248,0.503134383933227,0.00313668373221641,0.657826347000495,0.0365689888655371,0.512195243106836,0.011947789603526,0.817167624942333,0.0777059670889992,0.520136415140331,0.0115843687521474,0.631431207522275,0.0426892082371651,0.507828934739399,0.00559636364495317,0.689637485691067,0.0447960936193257,0.513019947170629,0.00942606345417954,0.815743246905119,0.0719974194150149,0.510052007417785,0.00595890917040395
100,50.5,29.011491975882,0.672415273300057,0.0507477273077577,0.503353719064134,0.00325384730144017,0.657305886203632,0.0363780598289822,0.513216397062992,0.0105537811139038,0.818419342242244,0.0784214367971347,0.520636869335776,0.0139005404094277,0.632519732617998,0.0405765058865125,0.506929252627658,0.00420117415063125,0.689903209094755,0.0452374042367489,0.512822008694123,0.00894071222619998,0.816970072531327,0.0691865220403011,0.510965615761359,0.0066922350097457
101,50.5,29.011491975882,0.67374749315654,0.0472526120770424,0.503488487634513,0.00340958897265406,0.657101724902551,0.0360355826210265,0.512088044716151,0.0107168213223276,0.820962163472411,0.0793219031170399,0.521776697531279,0.0128961191888182,0.633878404227696,0.0387590253166476,0.506998420859321,0.00434472146707509,0.689333348050332,0.0449799566537045,0.51304429671739,0.00886199257343481,0.819213155436052,0.0687825718590184,0.510321589864629,0.00609958203280698
102,50.5,29.011491975882,0.674174728645861,0.044446765728134,0.502620952106872,0.00237920018464429,0.657438406697123,0.0356060287898412,0.513106060223036,0.0108945938517904,0.820845234699069,0.0789059257748247,0.521951936667216,0.0141605071401853,0.634350446383791,0.0365636420972164,0.506747751253652,0.00426446163814388,0.689770222551223,0.0445817461498152,0.512823752924744,0.00871905644306384,0.81893862924698,0.0680840509956146,0.510633317804086,0.00668397448071272
103,50.5,29.011491975882,0.673861140109311,0.0422319942044876,0.503735014988984,0.0039673200836098,0.656612985830694,0.0346978415790246,0.512023428641534,0.0100420697489941,0.823889548259909,0.0797049779641507,0.520793788891084,0.0117982635016303,0.635023035452785,0.0341388734705429,0.506531206883767,0.00364747077960366,0.689693843379227,0.044055449616306,0.511937410042753,0.00870740394952786,0.819934767568773,0.067167709726556,0.510388664799216,0.0070146009854996
104,50.5,29.011491975882,0.674881674738968,0.0406820724477221,0.503082371739448,0.0032997646117066,0.656036875999218,0.0349546014682342,0.512440708874125,0.0112085011006338,0.825675330751536,0.0777302071878997,0.522455856951883,0.0143443086583063,0.63533311588714,0.0332548476560078,0.506417451010795,0.00350944676895873,0.690212579268939,0.0445307313102005,0.513436631789191,0.00938290347900321,0.81915246577629,0.0667795950550939,0.510020503661226,0.00616123581376471
105,50.5,29.011491975882,0.674833645159796,0.0393283551173546,0.50364917416393,0.00368533653336052,0.655581493084528,0.0352608593239398,0.513206291057042,0.0130874261051231,0.825795997181433,0.0782563739310068,0.521982249597123,0.0143982221571677,0.635346105914889,0.0322161442218763,0.50794582164339,0.00457961986102196,0.689233591424186,0.0452272906106797,0.511891973967409,0.00798154654915423,0.818944372259757,0.0680588872245262,0.509766268040121,0.00589238928856835
106,50.5,29.011491975882,0.67496125096822,0.0402168648945958,0.503499015582285,0.003653460223833,0.654473236611712,0.0352534744083363,0.513659807755117,0.0121083664339197,0.824206387009264,0.0810818954491285,0.521925410399305,0.0159792955717659,0.635043348109178,0.0326526300956407,0.507332682197539,0.0050626515238521,0.688981787324144,0.0450820312722521,0.514038989735712,0.00928726416121728,0.815955287772989,0.0719817219547461,0.509911564642165,0.00586004319320039
107,50.5,29.011491975882,0.674908453612346,0.0412856460666459,0.503064169233271,0.00300665377325633,0.655159076515975,0.0360977189880126,0.515281864776252,0.0125161238763948,0.823466592359342,0.0833172921081011,0.519524361230772,0.0128005039777389,0.635792870486345,0.0333093372335584,0.506694195863769,0.00425960187397269,0.688941015939381,0.0459158982989507,0.513446136271722,0.00846239903344808,0.813656291719038,0.0773086606633172,0.510874295102797,0.00713969943121252
108,50.5,29.011491975882,0.675146730632977,0.0427562524135816,0.503381043813374,0.00352059766013199,0.65440534285355,0.0369298039560582,0.514108603571287,0.0126498233806908,0.821239184716531,0.0898970180598536,0.520160512772751,0.013588036630381,0.635600049908598,0.0339999589364709,0.506836648697392,0.00428373536155619,0.687995532779978,0.0465531617928427,0.512999729356341,0.00886482376045451,0.812678660370207,0.0816893758323694,0.510428387901427,0.00684885419630687
109,50.5,29.011491975882,0.675436849654361,0.0445434671693766,0.503121061404816,0.00327009496059065,0.654188344211922,0.0383630291600246,0.5139420422693,0.0122785603568264,0.820927492607607,0.0925653577917099,0.520587847284894,0.0131729353484603,0.635376980516388,0.0348812101539012,0.506560804036044,0.00435464535102107,0.687595623176256,0.0483560878543287,0.513918536919767,0.00911068801287851,0.811245805170154,0.0865099895360407,0.510133444884597,0.00662563082023925
110,50.5,29.011491975882,0.675823053138311,0.0448389254178401,0.502819767179804,0.00272240828125586,0.65411422927457,0.039611738891168,0.51447351837902,0.0122741688808292,0.815721607285023,0.0941938750781982,0.52202824370922,0.0139687024497988,0.634907188590323,0.0342402756244788,0.506167428326223,0.00339458854880697,0.687629824987593,0.0491990882983499,0.514402915836166,0.00904486461287384,0.808077988356487,0.0909378321427275,0.509889516602981,0.00620052681030083
111,50.5,29.011491975882,0.675319131785469,0.045912253799273,0.503513754136563,0.00333934207946375,0.654392150410394,0.0400019757012394,0.513813830639682,0.0125544434638382,0.811515207201206,0.0998220305981143,0.520520912719072,0.0135840479595119,0.6347710943147,0.0348711424652264,0.506231682370884,0.00396920628495369,0.688252626138428,0.0501122602287041,0.512938463949904,0.00828674191602382,0.805485400397102,0.0947315423287224,0.509780318881278,0.00596258670304598
112,50.5,29.011491975882,0.674681987172531,0.048331401779534,0.50282747405607,0.0031390813531574,0.654856349121698,0.0404131856134333,0.513867982979653,0.0140000546905929,0.806646854285804,0.101395518612346,0.520246915259935,0.0127300022266101,0.633946993841999,0.0362889468932792,0.505974743742794,0.00367334250369584,0.689285592006065,0.0508734570719324,0.514799305105208,0.0113227948677177,0.800664334460966,0.0968710354063563,0.510132661304921,0.00656646095006562
113,50.5,29.011491975882,0.67370446283012,0.0504751657179349,0.503423749103805,0.00374114054057609,0.65471488598328,0.0398030180210002,0.513541223348918,0.0135240040348067,0.803136120542162,0.102748184099694,0.520561524754064,0.0129650806567446,0.63376181349265,0.0376034331316028,0.506971261549914,0.00492981339736607,0.689353743504626,0.0499178111768857,0.513755715393663,0.0103624323132325,0.79822751292057,0.0982105811070491,0.509762983020873,0.00586765971098365
114,50.5,29.011491975882,0.674127867202494,0.0520680250309604,0.502513203418591,0.00271723673845045,0.654639758496434,0.0396462200859991,0.513630200014757,0.0131415694317582,0.800812471126429,0.101672436009592,0.521453014416857,0.0135835555961943,0.633800946453186,0.0391520345439427,0.506680238692281,0.00525475070111395,0.689035574480562,0.049572065606537,0.513951330057841,0.00961444681960282,0.797723165656106,0.0983676426773809,0.510179292143958,0.00603358953791752
115,50.5,29.011491975882,0.67361704030559,0.053346892584254,0.50291018935076,0.00351673169626488,0.654695099277419,0.0399014462814512,0.513928500939004,0.0137286535099731,0.799125484100776,0.101909765631638,0.520796620267143,0.0118302575391668,0.634431445640341,0.0403434101072541,0.506334543781257,0.00439032786899008,0.688862120849654,0.0491833848338562,0.513588634967523,0.00944906463103306,0.797221912929497,0.100485438883677,0.509606373447995,0.00616758512782134
116,50.5,29.011491975882,0.673692805713059,0.0544503996588105,0.502899048746923,0.00330315792085582,0.654174201240154,0.0399993440458891,0.513380019539171,0.0130101277074057,0.795385131934995,0.10112610482811,0.522071040063949,0.0132685266991773,0.634978607109305,0.0407633282623579,0.505915164985043,0.00411012017705435,0.688152549598073,0.0495555508911048,0.513869570145169,0.00985654546226974,0.796403071235882,0.100817770990051,0.509252011907321,0.00567131703773334
117,50.5,29.011491975882,0.673639021394574,0.053246593060897,0.502746378431017,0.00304898086218231,0.654619798825571,0.0400560588623942,0.514438775958009,0.0148318761815841,0.794727414903984,0.101897483922855,0.520713868354857,0.0120919169525572,0.635628964228942,0.0405055446392726,0.506026545921269,0.0038937856403315,0.687398823008846,0.0500225534871232,0.512831504426143,0.00874115863886881,0.796325256202342,0.100302919231804,0.509350076314416,0.00565778345163119
118,50.5,29.011491975882,0.673901534285124,0.0517921707291815,0.502358183335945,0.00253688180893176,0.654245287575029,0.0407793331483974,0.513414884309601,0.0127081437920425,0.793736354343067,0.10194881327916,0.521394654563487,0.0138938393265386,0.636027733337203,0.0399620155287894,0.507034129566245,0.00562881172254202,0.686727034651597,0.0506288170304377,0.512515056883871,0.00906187864306499,0.794311148443529,0.100649011588281,0.509386652644174,0.0062680937791236
119,50.5,29.011491975882,0.674110233121971,0.0495673898561111,0.503204854496106,0.0034055025683148,0.653689045439453,0.0402115302013382,0.513136089043443,0.0122940400804381,0.795353747935438,0.103524365625932,0.521047007861633,0.0117376729787128,0.637184756256573,0.0385946677363233,0.506275288820606,0.0050858828830919,0.686420098564243,0.0515063119863574,0.512774312952893,0.00924031917698484,0.79493011959875,0.100218377728334,0.510201590686259,0.00618396461629375
120,50.5,29.011491975882,0.673780926564546,0.0472368234382504,0.503308719281713,0.00365768867851243,0.653774920374416,0.0407090390641995,0.512890939953886,0.0120356008898949,0.795859795374973,0.102293469458143,0.521280055703614,0.0128869547134691,0.636974548638631,0.0376214218012425,0.506891537350623,0.00500181340849643,0.685834029058862,0.0518405844650576,0.512350554449066,0.00841874807729905,0.794703403808077,0.101279420387079,0.510413111991123,0.00618694447127444
121,50.5,29.011491975882,0.673965495414672,0.045598675022746,0.502712165866661,0.00283284185385678,0.653704136058365,0.0408552219526774,0.514401953823226,0.0120028836121662,0.797100963314108,0.10376481835809,0.519868981255516,0.0105763926409555,0.637482162003067,0.0359369895490298,0.506453449260749,0.00452127109028723,0.685823003034438,0.0524555948380903,0.514110087550027,0.00964992901297989,0.794236993101769,0.10164381686642,0.510884828910126,0.00709672969233143
122,50.5,29.011491975882,0.673552543666548,0.0440906640939819,0.502858191389524,0.00330939642368277,0.653840280099877,0.0408385224778132,0.514782026515348,0.0122645222679866,0.797455210789891,0.101954142069506,0.51934877678064,0.0118511453010969,0.63738642870482,0.0350317522681095,0.506487573800301,0.00450237403243003,0.686085568054839,0.0526382938709443,0.513585851797329,0.00905442362804839,0.795186557082987,0.100255752580982,0.510347956659991,0.00622429048629288
123,50.5,29.011491975882,0.673269822365676,0.0441259111692551,0.502409489587489,0.0030811992614768,0.653001053737189,0.0428637807545659,0.51427379042417,0.0119255885964581,0.797920261900349,0.102391683231468,0.521409561662415,0.0139629572691658,0.637440412341439,0.034997312222494,0.506527694932519,0.00444684997525466,0.685351340355978,0.0543766328804009,0.512975640415936,0.00843339605251103,0.796934237508879,0.098045546544928,0.51042354815074,0.00655601772424498
124,50.5,29.011491975882,0.673094317823083,0.044668591243523,0.503012446519462,0.00387776217824182,0.651586378945437,0.0435969001966856,0.513008705701631,0.012492233448187,0.798274305941311,0.100339622955457,0.521291319424485,0.0151562512895528,0.636941370385417,0.0356927116072665,0.506208489135168,0.00415579628650619,0.684412861779183,0.0556784810242206,0.51343636063051,0.00945755052212266,0.795739537355532,0.0964700081141392,0.510290932667235,0.00663866360920871
125,50.5,29.011491975882,0.672642574766044,0.0456726328513111,0.502792287439983,0.00303605418757975,0.651272043504638,0.0446673161994922,0.513746034884446,0.0117263524711765,0.800024209982855,0.101563101329287,0.520222385930535,0.0132163940354121,0.636200407172918,0.0365832113104708,0.506910518486765,0.0046069626262536,0.683282786920229,0.0577128392697683,0.513029416126441,0.00900243780282118,0.79455665167426,0.0975583806231374,0.510139166325237,0.00616295843270846
126,50.5,29.011491975882,0.67237123074763,0.0461511008102226,0.502214573714713,0.00232582670979669,0.651258578275032,0.0452069535352714,0.514115136765208,0.0125385793005171,0.799143066763973,0.101512509255663,0.519397835337493,0.0139139415553485,0.636541918790584,0.0377932805006951,0.506263630855924,0.00399358526643806,0.682779677987851,0.058132391533908,0.512598427397992,0.00765216372365677,0.795498653111311,0.0970487161702084,0.510546792165226,0.0072357837210212
127,50.5,29.011491975882,0.672525293678023,0.0464200655108305,0.502769269334175,0.00277069366504371,0.650644425532106,0.044960775163542,0.512519898728833,0.0113151821767721,0.798858413026206,0.104319692126727,0.519225630928244,0.0136025737500603,0.636287015919305,0.0381744867661047,0.506962866004816,0.00491311517577445,0.682482702058533,0.0578140423641606,0.513115397369869,0.00911889182726469,0.793671329786975,0.0981151001231027,0.510692894485136,0.00808841191059309
128,50.5,29.011491975882,0.672728478052991,0.0466122988448302,0.502906665856404,0.00310912888566766,0.650149077461646,0.0446345334075087,0.512460961168351,0.0109269538769662,0.79514632744488,0.105371404642439,0.520193683119192,0.0135226650942537,0.63621042335409,0.0381157426124054,0.506791719263142,0.00439882556131181,0.682938541122983,0.0580855206813351,0.513867308384092,0.00891162445220384,0.79226522389181,0.0992778991069985,0.510056442278663,0.00625029476258586
129,50.5,29.011491975882,0.672474133890768,0.045835525615117,0.502951176322458,0.00313170705278242,0.650328673141355,0.0437891453525593,0.513426440855016,0.0118126330542168,0.794050281955978,0.107836722122945,0.520012378821271,0.0135047022532877,0.636581898868297,0.0375924910506311,0.507132329701446,0.00500875178765608,0.683150276357083,0.0563926713102757,0.513014298254698,0.00963030579206406,0.792133987666531,0.102846153391106,0.509786709695759,0.00689242856863188
130,50.5,29.011491975882,0.671946159794344,0.0450701643388551,0.502663816211749,0.00255730942654259,0.650532996282928,0.0422458013822868,0.513106577135331,0.0116754362967932,0.79405304163585,0.114422717547374,0.519793656255625,0.0122754169875264,0.63613715846772,0.0373650286706438,0.506289485054696,0.0044407965451087,0.683567250597742,0.0545680007331451,0.513945295061981,0.00924496560145397,0.79124368920971,0.107864271105057,0.509543923869488,0.00626851152499163
131,50.5,29.011491975882,0.670763885676724,0.0450571281236699,0.503012409065488,0.00382878728312228,0.650937984742253,0.0416199073847435,0.51382898252499,0.011765169502017,0.790839830281507,0.115274302387891,0.51966482547422,0.0122107779548027,0.635496539074296,0.0374132153957965,0.507089273551782,0.00433306505081667,0.683615201881028,0.0524629630407016,0.513361629248344,0.00922817901805215,0.788097349222383,0.109728154726844,0.510045769032091,0.00600430641693307
132,50.5,29.011491975882,0.670385523208971,0.0456783027188689,0.502461982565666,0.00234700437405836,0.651248999901213,0.0410726073061795,0.51405047411607,0.0113116306374153,0.790140064269475,0.114445997188757,0.520204672355766,0.0122176430199089,0.635337985057069,0.0368431871488817,0.506860256611877,0.00517657618396977,0.683751130449368,0.0513890238306902,0.513480147494887,0.0100411528783132,0.787221177721812,0.109671499984555,0.509738404951599,0.0057885930935841
133,50.5,29.011491975882,0.669738881267079,0.0462143177588932,0.5027052138781,0.00261799749969786,0.651520382303288,0.0412397597726463,0.51464131706475,0.0118360219465243,0.789444450578092,0.113979912347369,0.519919712043147,0.0120032301707307,0.63527046157495,0.0363815908487039,0.507050883081348,0.00490828412649671,0.683230406249805,0.051098537607991,0.512831333487802,0.0091419490362126,0.786564756715355,0.107974439344448,0.510285758368841,0.00623322514426976
134,50.5,29.011491975882,0.669908675227265,0.0467913048325902,0.502887164895893,0.00289112607559556,0.65029634726091,0.0413298861214096,0.514034669149899,0.0121020742190697,0.78803319208592,0.109610552231954,0.520613205801061,0.0152763594368951,0.635135897802947,0.0367937367027152,0.506182283114731,0.00397136139076937,0.682612585936376,0.0516217534555177,0.513905775906927,0.0102177882552159,0.785204263761417,0.105190464978236,0.510831820249228,0.00700258079812166
135,50.5,29.011491975882,0.669423153523519,0.0478005405144145,0.502964652135091,0.00299818654397757,0.650230885236259,0.041398644703116,0.514385447016045,0.01247471233155,0.78910178939304,0.109024326121109,0.518613178250993,0.0119150735303564,0.635356732886272,0.0375246276514031,0.506613458584426,0.00462991883437651,0.682077389730924,0.0512457614588633,0.513282895287978,0.0103110479648409,0.786050586739526,0.102207256274118,0.510934173325953,0.00790241731479443
136,50.5,29.011491975882,0.669358929010487,0.0487838286273073,0.502963923657281,0.00284097190472635,0.649042203335426,0.0423016485807627,0.513941155988181,0.0108653876149353,0.788361047521019,0.109154638497253,0.51912434580717,0.0123250116363202,0.635302443776003,0.0387759612118031,0.507748057795862,0.00556053645940681,0.680996681854749,0.0505587907452819,0.51207451476457,0.00809113551554951,0.788156578018335,0.100107695332031,0.51018757546661,0.0064413884847323
137,50.5,29.011491975882,0.66951392289941,0.0505123769584239,0.502956399082791,0.0028204473146425,0.648904654122797,0.041890040184839,0.514200321847485,0.0127621347232772,0.790755612215495,0.109155043024011,0.518105133289885,0.0105946931387402,0.635753985678213,0.0400950340060321,0.506997181359815,0.00467665092965792,0.681189727715039,0.0496543540319981,0.513034909618896,0.00938575274569134,0.788822396894926,0.0983787455548016,0.509613188688901,0.00669089076540545
138,50.5,29.011491975882,0.66916573662218,0.0518497650738124,0.502930563396673,0.00314831806033647,0.649398527345266,0.0410297199887197,0.514093400712812,0.0129009854924945,0.794776312942506,0.106397233791543,0.517734753257596,0.0109330300676019,0.635367321457681,0.0408188703203595,0.506902951867351,0.00477486836211369,0.680906728174028,0.0491577108132888,0.513709336081623,0.0103374483276056,0.791323287566627,0.0952008955638674,0.509938122189859,0.00651325266316628
139,50.5,29.011491975882,0.669488246626746,0.0524481323656229,0.503009070821452,0.00310231981171615,0.649930444308674,0.0402563024691236,0.514045143354301,0.0122876531808944,0.794165201144113,0.103910621272218,0.518474204213921,0.012568972386852,0.63582484255213,0.0416998536471853,0.506949573176006,0.00453341800093477,0.681786816494751,0.0484386477806197,0.513838913086276,0.00986608269535719,0.79289526971791,0.094102178397915,0.509766147566318,0.00687437598300744
140,50.5,29.011491975882,0.669037420730559,0.0521625232893559,0.502964737724758,0.00300814770622233,0.650550290704632,0.0397844664840036,0.514053154139303,0.0118042456765926,0.796244211710251,0.10125312496381,0.519212751401849,0.0132463961956509,0.635676706452811,0.041691185116323,0.506303422229622,0.00426011483526078,0.682524814241306,0.0478938635057852,0.51371276384491,0.00944313577476194,0.79620437696899,0.0917399323210297,0.509682471565933,0.00671418293845483
141,50.5,29.011491975882,0.668591109493046,0.051357302194541,0.503037190782528,0.00299435164422715,0.65069949683479,0.0405085353889394,0.514321411468538,0.0113708917453856,0.798267317579237,0.101699670914927,0.518703673731174,0.0122285113061515,0.635665386011916,0.0412730057456409,0.50688687315579,0.00454353380611513,0.682527627464422,0.0492188268979998,0.513415811848327,0.00889003725468563,0.797103396711845,0.0921004218080703,0.509616805586362,0.00667748677451953
142,50.5,29.011491975882,0.668463848847689,0.0499946819961549,0.502874669828657,0.00284422221616278,0.650261513279987,0.0420121075216483,0.514190924276624,0.0120477598848538,0.800171920630367,0.101353454089367,0.518136705241323,0.0130871983254428,0.635317157228014,0.0409127859227119,0.506332336963549,0.00379548483662483,0.681800852357304,0.0505212402269605,0.51422447602738,0.0106675207331017,0.799983754290049,0.0936969511520701,0.509658650495843,0.00733915331363397
143,50.5,29.011491975882,0.668269924690603,0.0491379865203477,0.503234756488076,0.00343990163646298,0.649956971403699,0.0428156229602448,0.513669583581806,0.0118619863624983,0.801113102677023,0.104202941791174,0.518450152147779,0.0118726613611848,0.63540425587054,0.040100284791971,0.507348065223548,0.00526254461287497,0.680566166498965,0.051239017654554,0.512490433540362,0.0083984977506388,0.802198675119603,0.0956658961131979,0.50958174141108,0.006359187034161
144,50.5,29.011491975882,0.667635013832888,0.048540354376797,0.502863892338154,0.00302804363244765,0.649777968130757,0.0423079195655063,0.514105440429599,0.0130568186458853,0.79878224612574,0.104724246477134,0.519362285349353,0.0132803418806986,0.634905606186481,0.0394960392868935,0.5065685121092,0.00477487348456658,0.680501339776278,0.0521977351574083,0.512562804926471,0.00812354346088994,0.802964653617255,0.0985570480632588,0.509924108330539,0.0071106649593606
145,50.5,29.011491975882,0.666638316745991,0.04827912020647,0.503001651795214,0.00307322034304577,0.64993598053324,0.042188584247508,0.513654120127945,0.0122604229105508,0.797392715851044,0.10773700865273,0.519606681948887,0.0121609052905238,0.633894676688887,0.0390992736819833,0.507150974663968,0.00506019627905664,0.680431183780841,0.0524328322359824,0.512618599611612,0.00796591387971048,0.803282037364758,0.101481529776237,0.509915814398732,0.00665640102434688
146,50.5,29.011491975882,0.666356110899056,0.0488688628865799,0.502795896254911,0.00240465212709301,0.649423816003839,0.0421566614380164,0.512618591261212,0.0129567616949033,0.797160203709101,0.108970312371742,0.519182161350861,0.0123311562603202,0.633536106206639,0.0390583358453308,0.507056420656489,0.00456246213876528,0.680143094534813,0.0527848181583515,0.512980768991683,0.0091182802346592,0.802674486205769,0.103682585203952,0.509340508876581,0.00634992064991458
147,50.5,29.011491975882,0.666473248630313,0.0497837005388246,0.5026311944283,0.00252555757818666,0.649019898156231,0.0429423344098778,0.51286113013612,0.0121981694499293,0.797509333813423,0.109724868669554,0.518204618491666,0.0117159285176719,0.633805014928956,0.0398056496334241,0.506257333235853,0.00503852015356494,0.679955620365618,0.0529715770805165,0.513497650723208,0.00936668747943789,0.800731210593562,0.103710268327031,0.509454816166659,0.00683941049169637
148,50.5,29.011491975882,0.666938992117602,0.051208312825537,0.502798718174157,0.00288996769997127,0.649605572357802,0.0421427612964866,0.512932264360314,0.0112345070761672,0.798002023859789,0.108077079899486,0.517971099805999,0.0113734779587161,0.634752701552146,0.0399625124470008,0.50678055965826,0.00420330655633679,0.679949804386405,0.0524529349658031,0.512245021711647,0.00856730921761839,0.800110693072582,0.104759122100278,0.509713816054518,0.00702389006109104
149,50.5,29.011491975882,0.66671629935107,0.0523469048669614,0.50304586449525,0.00357351693780951,0.650360024045082,0.0407632672761626,0.513193352701267,0.0121235098580765,0.800298910050221,0.10870117432607,0.51740584998991,0.0110202810035847,0.634927503921154,0.0399037960421364,0.506555521851154,0.00430619965036722,0.68082417897853,0.0519598213658611,0.513119589331498,0.00898944159475198,0.800097812405431,0.10415036801444,0.509550867556033,0.00641978564239991
150,50.5,29.011491975882,0.666824067468015,0.0528117365682589,0.503323706143583,0.00392410831272671,0.651955825453805,0.0394830115828194,0.5137111052853,0.0122487377863155,0.801315571030637,0.105546229937143,0.518191130875749,0.0137009708402278,0.635025104303974,0.0401563299199065,0.506139368890797,0.00360304016870841,0.68263713400754,0.0499476352610866,0.514163015949777,0.0105723004399028,0.799424791436983,0.101201110172727,0.50981742698662,0.0066334899349608
151,50.5,29.011491975882,0.667503482628891,0.0539986829365098,0.50282086142068,0.00308592035027827,0.653781703650012,0.0381065816244758,0.513298844215757,0.0118426594727726,0.802659066607335,0.100169400613929,0.518805907591068,0.0127895793991342,0.635584205923416,0.0407595075076938,0.507069088396394,0.00484312100174887,0.683502501833937,0.0476854634101364,0.512698207773629,0.00869036379696424,0.802462590210794,0.098384709465636,0.509572089508063,0.00596027044338022
152,50.5,29.011491975882,0.66760719229037,0.0542568546119907,0.502918394347367,0.00324583322214042,0.654621858246574,0.036364772799625,0.513404591986525,0.0122110366631466,0.807020949548839,0.0942266537344975,0.519672676116252,0.0130046317918619,0.636193967743775,0.0413788295904756,0.506289265065708,0.00386375535836983,0.685881229794734,0.0456559048691277,0.51325234829841,0.00869566206945136,0.80213258216191,0.0935257130225587,0.509919406948999,0.00621508596233934
153,50.5,29.011491975882,0.667163058298276,0.0554454426927661,0.502731964954965,0.00250250764262126,0.655471794564397,0.033697355196778,0.514244067782982,0.0122783156777299,0.809686374756154,0.0889366938097911,0.519200477872186,0.0128033541661511,0.635934686215461,0.0420409048350965,0.506230163948275,0.0043555061990297,0.687736283675888,0.0424392285188017,0.514715501519123,0.0111037143773333,0.800538814452467,0.0879912698695206,0.510478168230252,0.00640215922891827
154,50.5,29.011491975882,0.66763851631648,0.055953268554021,0.502757242279396,0.00302420902756004,0.656360322978582,0.0313516380885038,0.514030028999275,0.0124173404839425,0.807727507653735,0.0857062552234234,0.519875159579805,0.0134069574880085,0.636239650051197,0.0424204892870726,0.506601622922029,0.00378761756378292,0.689256774273314,0.0397554141108904,0.513469083007838,0.00847972115700794,0.799954571185685,0.0853170941344129,0.510719073707507,0.00708313382097745
155,50.5,29.011491975882,0.667459617882338,0.0561886735012905,0.502923787336922,0.0027508265267493,0.657117041374498,0.0294629402639353,0.514674810732769,0.0147800725419867,0.808163874461402,0.0869016329741617,0.519886445639073,0.0124427066018573,0.636026126515066,0.0427321123104687,0.507085748443157,0.00489075039740132,0.690251726508035,0.0374708347628691,0.512954663541145,0.0083320247133047,0.800936513748815,0.0830265306924304,0.510389000434691,0.00652891183414856
156,50.5,29.011491975882,0.666994072860682,0.0570512090333227,0.502782981654153,0.00285137346194634,0.657690061981242,0.0283262714718895,0.515071648807876,0.0120598765851871,0.809328904053032,0.0875688406437245,0.51885850471599,0.0118525446650408,0.636154297075578,0.0436821226926498,0.506808921763387,0.00390684845392196,0.691082137061845,0.0357908336541171,0.512736556906168,0.00843060840108788,0.800611215601308,0.0820305365124338,0.510960317207425,0.00713937489186724
157,50.5,29.011491975882,0.666996785302438,0.057964165133909,0.502448550031889,0.00223675266872091,0.657235897614167,0.027703477137927,0.513827480794771,0.0115191170488297,0.808363475485622,0.0890165540290867,0.520464682962785,0.0140617379948114,0.635282166866972,0.0444850898323765,0.507146311744498,0.00487923402477405,0.691462055264091,0.035348279548652,0.513985545953195,0.0097510486485909,0.800646254095954,0.0825517688544119,0.510793987897629,0.00616594317174821
158,50.5,29.011491975882,0.666223177384117,0.058627353727495,0.503040517668145,0.0033353934593975,0.656162536897986,0.0289786197435459,0.513816203684596,0.0109560976428717,0.810470162159432,0.0905308520498872,0.51864660536825,0.010395532542093,0.635089524693015,0.0455220752381502,0.506798335149152,0.00454384491424314,0.691169605595633,0.0367158033710299,0.513292740494109,0.00868765048837848,0.802072765950119,0.0829692400001037,0.510819842823279,0.00661420519402184
159,50.5,29.011491975882,0.666762583470666,0.0585644015523208,0.503313413396502,0.00358886266598935,0.655461375037177,0.0301660765784182,0.512980929145524,0.0108188440302578,0.809214212183985,0.0899122086854293,0.519366903311948,0.0107836614819018,0.635329941151466,0.0457862166519071,0.507123887733024,0.00443785544946314,0.690532560660184,0.0374443052413972,0.51335587671558,0.00853526613456161,0.802435279495933,0.0840022749088262,0.510595561238369,0.00682986209747392
160,50.5,29.011491975882,0.668160355386938,0.0579934621376449,0.503491223865061,0.00329703297924387,0.655055004244282,0.0318738050331907,0.511732950093109,0.0112996262414661,0.808767803166973,0.091647430786337,0.51995254812522,0.012769103504976,0.63519871907314,0.044938808469027,0.507211093786191,0.00523878163159543,0.690109414981098,0.0383741620963696,0.513729402976666,0.00906482939810436,0.803188434137642,0.0850470645448836,0.510633226074243,0.00596094079375742
161,50.5,29.011491975882,0.669970622850943,0.0571006206444311,0.502517036719316,0.00261399448615186,0.65480320104385,0.0330312972863647,0.513209740896112,0.0134003963549574,0.811382926991886,0.0894296996584929,0.519243891157278,0.0136883110573366,0.635574882427635,0.0436124052304155,0.507546286143966,0.00500035966948934,0.689504014765819,0.0394048078741751,0.514280353140292,0.00873665137942135,0.802336839584607,0.083350868945222,0.511094689159329,0.00600527916473011
162,50.5,29.011491975882,0.671782068514316,0.055334031920878,0.50256015489557,0.00287711494431881,0.653788423865823,0.034111169351799,0.513026124320146,0.0127918759835241,0.811459132466044,0.0865763950066521,0.519869950168926,0.0140529760332685,0.636669314425286,0.0422215404545386,0.507169396477552,0.00457087744811791,0.688590228957132,0.0409117074221847,0.513631470138425,0.00789539030474995,0.804940780689995,0.0821049649140344,0.511198135266157,0.00630871682045602
163,50.5,29.011491975882,0.673149827613873,0.0523245057166611,0.503103440854071,0.00311073986393423,0.652781661160814,0.035195338341213,0.512426012862476,0.0124299686599842,0.808402439540738,0.0868745032577057,0.520711079625827,0.015537884083215,0.636998600735457,0.0399506883652718,0.506734215965188,0.00422815027805595,0.68883064879224,0.042073569392731,0.515173799872712,0.0103234936836788,0.802983511380572,0.0796235135685216,0.511094757134448,0.00595787442142176
164,50.5,29.011491975882,0.674714627425862,0.0495892124417489,0.502721704974129,0.00289236263398903,0.652612089263201,0.0361391322483404,0.513548621321968,0.0127116431685138,0.809933846825973,0.0857895777465128,0.51986455328117,0.0126393936674534,0.638314362264178,0.0387993238845197,0.507273887319638,0.00534556312293891,0.687172816381248,0.041849973130981,0.513887112263325,0.00874921793702027,0.803751238148752,0.0800279585248381,0.510751018059579,0.006365292585931
165,50.5,29.011491975882,0.675861187143498,0.0471729997934271,0.502494222853004,0.00247209242283914,0.651431898327839,0.0366906724286759,0.513081136400663,0.0114837643141008,0.809250919701526,0.0864071374975734,0.520247573241601,0.0129084397622713,0.638383781604968,0.036652483376674,0.507465662370271,0.00479106195738761,0.685628362986013,0.0425534330389083,0.515853999150721,0.0106034842621187,0.802627465369271,0.0809594818361454,0.510575830114107,0.00610734838914793
166,50.5,29.011491975882,0.677117787682587,0.0444592292217974,0.502646775492244,0.00286900244811137,0.650651244665408,0.0372350159912807,0.513300971269112,0.0120520631437558,0.809735742916157,0.0840749172619573,0.520255241019247,0.0126302597160509,0.640191004120455,0.0348697537154561,0.506844494585148,0.00476038977166534,0.684514941963735,0.0439051750252745,0.514987102238951,0.00886737172135012,0.803508189298664,0.0830278566633553,0.510804432145474,0.0057806584868665
167,50.5,29.011491975882,0.678316754121512,0.0422523338390157,0.502878998241261,0.00304160910218052,0.650148027651993,0.0385283622792907,0.514366036353364,0.0124888517093299,0.80799927260107,0.088839327717443,0.51985788908393,0.0126567781069836,0.640388676387036,0.0326886511911441,0.506175883452274,0.00374431169198632,0.684534593921109,0.0473103805651253,0.516037000602424,0.0100819639182798,0.802876031676749,0.0854387507614559,0.51056213226146,0.00555739274215686
168,50.5,29.011491975882,0.679224231133106,0.0404411572574303,0.502782643249517,0.00296824058543321,0.649792575855134,0.0394402048408607,0.513740141500899,0.0113830120233851,0.808197142017526,0.089690873242251,0.519905965867379,0.0137373144443913,0.640981576044307,0.0311973841927452,0.505824437443514,0.00377240121613928,0.683713537148483,0.0490691205477534,0.515127964411614,0.0086260690048544,0.803295163456386,0.0857825303669173,0.510423804390521,0.00575769163727381
169,50.5,29.011491975882,0.679599242996292,0.0388891426431062,0.502872910708566,0.00290418375512175,0.64937811073426,0.0406439625081292,0.514516597012926,0.0132472622583095,0.808521418323278,0.0891511967519627,0.518917010525871,0.0118173476268803,0.640970822223934,0.0299200318261184,0.506519754460081,0.00442001124543051,0.682262366706244,0.0504275365840489,0.514877313847442,0.00977953813413813,0.803334770769824,0.0860142344246079,0.51008621731794,0.00595351820909659
170,50.5,29.011491975882,0.679781122818798,0.0372250303752271,0.503126374157326,0.00364002793402178,0.648745839083793,0.041458911965817,0.513945222587936,0.0122907532556589,0.80859969483275,0.0886786720025568,0.51834391014538,0.0111720556973403,0.641650274688433,0.0285066187778328,0.506547200280787,0.00452396485991086,0.681627481616199,0.0519808043439185,0.51507233581094,0.00879384710596356,0.803743585976789,0.0863030379034732,0.509965200101895,0.00536225401919491
171,50.5,29.011491975882,0.679842054627746,0.0366881292693395,0.50306795327011,0.00370440479931626,0.648403433945836,0.0422959159555147,0.51430914912194,0.0131412489383547,0.809415980366357,0.0870429889093658,0.517948210155234,0.011334263116155,0.641826889167922,0.0276979384395729,0.506305472954789,0.00402496808059879,0.681780905798767,0.0528416550083739,0.51626992557617,0.00951122235990147,0.803225701289407,0.0841258622277058,0.509647288134252,0.00521874877411684
172,50.5,29.011491975882,0.680387450591238,0.0361643892886726,0.502782449142132,0.00303740051904533,0.648448912185633,0.0431331969626166,0.514056739835018,0.0127077295760357,0.811373635564539,0.0865928475692706,0.520118946420173,0.013794357286501,0.642361168386779,0.0275952713268176,0.50602366992199,0.00375122330849517,0.681494523554627,0.053597262805914,0.516229660306746,0.0105044618512748,0.804050480640081,0.0833869881937398,0.509991458664189,0.00529351157905687
173,50.5,29.011491975882,0.681111491037305,0.0359430358065299,0.502581157630141,0.00289320854481077,0.647591451079342,0.0429164461371219,0.513726247305175,0.0133633917546437,0.812171046132399,0.0843391863532661,0.520675858347668,0.0146728146755342,0.642740364836624,0.0279023124912762,0.506453624767915,0.00451982542458456,0.68036216034479,0.0532724605842227,0.515279746625549,0.00929477822980058,0.803987467002124,0.0834059542748726,0.509613262478416,0.00587117123805861
174,50.5,29.011491975882,0.681222137479211,0.0339846534870517,0.503292685372976,0.00384195070935744,0.64706176667467,0.0422418387652686,0.514247616348415,0.0139670973347047,0.81206134969877,0.0844665965880497,0.520252137358846,0.0143613280779212,0.642683870173745,0.0270959775923894,0.506682394331793,0.00488722353075862,0.679455335406245,0.0527545191450017,0.514919712703928,0.00921032644818634,0.805101690225656,0.0816626091059515,0.509927885611888,0.00518181853916836
175,50.5,29.011491975882,0.680892245725184,0.0333249397588276,0.503256145714678,0.00336016436727987,0.646810660022176,0.0418877199688263,0.514028660013735,0.0133398112575852,0.813755585607378,0.0841186564793855,0.520820188251275,0.013222235356582,0.642403667514196,0.0267104839333711,0.507138941187366,0.00561127651337401,0.678831876428646,0.0518034064820992,0.514507059891453,0.00912275723378904,0.805572502821733,0.0789739347189304,0.510301082903856,0.00597937298062451
176,50.5,29.011491975882,0.680729285049388,0.033485903269559,0.503256182492809,0.00362008447350996,0.64734989474506,0.0412328893109129,0.515126705466132,0.0133113277558855,0.815242632710286,0.0810879985355888,0.521249828759587,0.0128216937191676,0.642075494440014,0.026717608598836,0.506319572654476,0.00445020167651309,0.679312618359281,0.0515755824648074,0.515661983648115,0.00923109319583489,0.806681186526603,0.0778083673714556,0.510068446133772,0.00522756333266563
177,50.5,29.011491975882,0.681247816695712,0.0337650632669179,0.502739721282257,0.00301776812276311,0.648242156071681,0.0413090391921011,0.513568044018938,0.0128342470337886,0.815373471538715,0.0800388103211686,0.522286067040387,0.0133738992739691,0.642533943484158,0.0265745822025373,0.506560795386678,0.00447206595876476,0.679033079094916,0.051256989883906,0.514223956448521,0.00727701643548514,0.807353452739646,0.0780451394181479,0.510191027274014,0.00514611815390145
178,50.5,29.011491975882,0.680888271833109,0.0342978354581234,0.502469693675029,0.00258530986916912,0.648208374033964,0.0412480586033788,0.5134797889146,0.0125876926535805,0.816340047560125,0.0789874319691445,0.522092126535814,0.0122339483426092,0.64188899382111,0.0262971596341601,0.506475972373058,0.00452944306730144,0.679219559238882,0.0509922998019472,0.514979303734778,0.00870038858540484,0.80537701034928,0.0766119222747086,0.510747158062273,0.00631697546616327
179,50.5,29.011491975882,0.680859719627594,0.0349464181114929,0.502783808926381,0.00303072384176417,0.648520483673825,0.0403906601908235,0.513574397534225,0.011660429258346,0.815225916192019,0.0794693531538249,0.522443924070945,0.0115938348278242,0.641923341354435,0.027214184545984,0.506872948434621,0.00425749384908673,0.679817181001858,0.0500295417226183,0.514185307989664,0.0091071352181154,0.806813009997337,0.0775402293482583,0.510490011336381,0.00556367062785937
180,50.5,29.011491975882,0.680324392198607,0.0358255077577367,0.503366851478203,0.0041709392838461,0.648442281077239,0.0394596609397138,0.513377927213327,0.0129857128255919,0.8155237245186,0.0780251040751384,0.521993846027277,0.0109431165142516,0.641729443876798,0.0278896449365086,0.507079363325047,0.00478546627720423,0.680070248335768,0.0490328207021823,0.51450080489459,0.00787459686229225,0.807427811256321,0.078760518840659,0.510101609414901,0.00492270543847836
181,50.5,29.011491975882,0.680194003326183,0.0349782658918457,0.502940789427193,0.003109514598916,0.648385467085315,0.0389916757631825,0.513480299394221,0.012157686425897,0.819888404713254,0.0765171733364244,0.522048061928394,0.0119015382435882,0.641819752278931,0.0285322085757411,0.506614753619137,0.00450541697223408,0.680660668140762,0.0480963771127453,0.51404840698087,0.00853978896758996,0.808445742258567,0.0788763585860557,0.510746862032319,0.0062925911231297
182,50.5,29.011491975882,0.680150921844252,0.0341096367468787,0.502831811934526,0.00339716589153525,0.649036813310061,0.0387314396244071,0.513639438631363,0.0125805043796012,0.818615382203238,0.0754249544751481,0.521872682520699,0.0120881252502231,0.641672535983925,0.0285041386754929,0.50602323552726,0.00427574839953837,0.682096702866063,0.0485218052963669,0.514438404964691,0.00764332590048091,0.809268694656617,0.0768992542334929,0.510402887674423,0.00531973514217807
183,50.5,29.011491975882,0.680269897006394,0.0330464210768007,0.502909184274613,0.00303504524659888,0.649172603249643,0.0389437256713344,0.51317601434197,0.0130602649754507,0.81609771663263,0.0750637941125871,0.523617121262859,0.0137442255577191,0.64181661435116,0.0281237650788377,0.506344031892279,0.00421273592236927,0.682941244101333,0.048604193618527,0.51446698845095,0.00861439829524279,0.806867146883018,0.0745656860590397,0.510991623042085,0.00596699507718751
184,50.5,29.011491975882,0.67957192834864,0.033172734917326,0.502823152007052,0.0033735855162911,0.650159751994542,0.0390158240034813,0.514359642270448,0.0131523163136344,0.81440688093634,0.0752901420738129,0.522384330088911,0.0137279246456099,0.641746534161319,0.0282196454076024,0.506263029438066,0.00429897172970591,0.684120307299221,0.0491973138844932,0.513967700511462,0.00742929384886009,0.805374396685579,0.0716617819840394,0.511419578473806,0.00668173055814047
185,50.5,29.011491975882,0.679636540588206,0.0339917311696451,0.502610246200972,0.00271444269340481,0.651929600367179,0.0384744350715599,0.515161995706808,0.0134312934311486,0.812367990321122,0.0771131141913376,0.521443858286107,0.0126119412858047,0.641456982374114,0.028534393710268,0.505939451283775,0.00414427794538617,0.685710140289007,0.0483086553055498,0.514127855848123,0.00768967264406479,0.805222053443558,0.0710312184984947,0.510623921005667,0.00593401186808246
186,50.5,29.011491975882,0.679619059394917,0.0353516995017495,0.50229776019306,0.00211385396010128,0.653136423434518,0.0369835576373883,0.514768663983873,0.0130065419850887,0.812035035393012,0.0774347136873404,0.522122401079358,0.0118386585020034,0.64113736174846,0.0286726960282198,0.506500039525483,0.00424850019151053,0.68695662928478,0.0462114724119542,0.514193947346445,0.0092733979169031,0.804265030280198,0.0696332432766936,0.510599636828322,0.00550369622071094
187,50.5,29.011491975882,0.678424893556296,0.0369808042166925,0.503396380810318,0.00389344935761066,0.653657335537728,0.0359494091121344,0.514551727531616,0.0118890142628148,0.810136654767546,0.0815719508122478,0.520928686089508,0.0113144362325308,0.640512337257668,0.0295772717518058,0.506756092705317,0.00437437909863565,0.686668834679714,0.0439774298065026,0.514066667253367,0.0100103071812591,0.804036662799165,0.072824581495003,0.510779007519357,0.00601065806081415
188,50.5,29.011491975882,0.67744386253647,0.0392639763437566,0.502598378687928,0.00265827981272244,0.654689231751819,0.0353159761225986,0.515774027283146,0.013166537299522,0.809530552622042,0.0859434029111842,0.522039069407046,0.0117359129329983,0.639820382082072,0.0311905377720925,0.506545947736586,0.0041429324466836,0.687178912512916,0.0432456316048201,0.513860485186358,0.0083440043773646,0.804112350205044,0.0764623864739667,0.510028763786924,0.00518897733775937
189,50.5,29.011491975882,0.675809835820165,0.0422380573610796,0.502796535978169,0.0030204289596745,0.654268074227441,0.0352804646664326,0.514473109379019,0.0124960599164097,0.809379421617315,0.0868275497918104,0.52216734098677,0.0124996113436887,0.63858786551842,0.033504485469257,0.507192649402765,0.00526621258388498,0.686411818087608,0.0434394490786083,0.513732627877802,0.00805101296416728,0.803596265649105,0.0798020877532849,0.510426894927189,0.00601011508531364
190,50.5,29.011491975882,0.674381602493497,0.0451108387385803,0.503024119698361,0.00339648858119913,0.653653453661498,0.0356917432945686,0.513853613335275,0.0125756063134203,0.80875480461496,0.0900925044365114,0.522170380241226,0.0111507846635837,0.637631827119077,0.0348987599332941,0.50658400986791,0.00401409552641473,0.685867979207525,0.043275469523377,0.514644307402574,0.0102111046907441,0.80393959473765,0.0808533192730476,0.510163821904243,0.00568369291516857
191,50.5,29.011491975882,0.67383446766715,0.0470764275787557,0.503409716763297,0.00372330726859062,0.653038588167352,0.0372773620439317,0.512682022853845,0.0116123202985759,0.807918471251237,0.0917154856600324,0.522549535956664,0.0127761923168681,0.637947227448521,0.0362720885152921,0.505936787688425,0.00361338006407225,0.685801139404265,0.044856257700054,0.514647646025052,0.00967107710485969,0.8050183496999,0.081793765877414,0.51034299629192,0.00649706733149813
192,50.5,29.011491975882,0.673575861528215,0.0488597937044732,0.502928220773552,0.00328436456745503,0.65268606205825,0.0391199539909805,0.514268432133708,0.0125964521961955,0.807545678095231,0.0913329727359807,0.523055033158604,0.0127650054158877,0.63736297103614,0.0372981333759264,0.506699726266627,0.00451886207992265,0.684581690385254,0.0467236932537441,0.5136435215575,0.00887441356820138,0.805935776171588,0.0823755116469829,0.509938640048197,0.00544959357586615
193,50.5,29.011491975882,0.673182622763545,0.0494156574897563,0.503019959040685,0.00342507941909136,0.652259720251619,0.0408712212854119,0.514321375955901,0.0126183852236299,0.807120644133897,0.093513849617017,0.522909989805226,0.0129258995526159,0.637221010352243,0.0381222355518716,0.507165057200604,0.0052203373664166,0.684292579408835,0.0486200549234664,0.51443730095778,0.00944353062631978,0.805381754600388,0.0840677205578446,0.509827742944029,0.00576654365983132
194,50.5,29.011491975882,0.67350544377075,0.0494258823164255,0.503073381613558,0.00322860548188713,0.652056059810617,0.0420316894119763,0.514096476476952,0.0125498622890726,0.805614878660731,0.0959236912765118,0.5223342386311,0.0135277715589768,0.636869987270236,0.0388179120935399,0.506679157669166,0.00407477733202343,0.684118091484862,0.0503246056918881,0.514093447560253,0.00805992436878097,0.807343228316901,0.0849759328149952,0.510123151312233,0.00617182869137786
195,50.5,29.011491975882,0.674135236925604,0.0496732027833395,0.502527845926553,0.00263783798664578,0.651541916964668,0.0432463487239651,0.515452505635981,0.0125317094960982,0.805352027682436,0.096586312298595,0.521611206481028,0.0125945442933979,0.63645519116788,0.0390455212942706,0.506963259921692,0.00516688570832953,0.683401804036032,0.0511934568302006,0.513748287994538,0.00832822769827641,0.809146721002497,0.0847258005991404,0.509967050003505,0.00567959185348716
196,50.5,29.011491975882,0.674451839895868,0.0497805729850414,0.503181900067616,0.00366229869548594,0.651321801900522,0.0438902614665403,0.516010162569929,0.0132363754864028,0.801640102486739,0.0977750193678432,0.520718561962092,0.0129116348096901,0.636809807376986,0.038935474805231,0.506491639104851,0.00425142959039037,0.683551644440827,0.0521179294151106,0.51434073789012,0.00849887379233936,0.807197537872392,0.085603459512619,0.509929273611012,0.00606601838542782
197,50.5,29.011491975882,0.674426233179252,0.0498238987477309,0.502643704516287,0.00299815901087046,0.65126768803313,0.0441353794263468,0.516585909031927,0.0135430584226285,0.801389419473847,0.0988860642748088,0.520505843620643,0.0129776978124105,0.636678840399898,0.0386487452975471,0.507183517219182,0.00449495619809752,0.682247319724455,0.0523733700898532,0.514008431445389,0.00831293624848402,0.806083915940494,0.0858854707302586,0.510196903697706,0.00655264267407476
198,50.5,29.011491975882,0.674905164694858,0.0499164793933683,0.503199049001451,0.00312491443530663,0.650540210272824,0.0437282402752279,0.515815918955135,0.013111894785871,0.800107505520213,0.0998385496725894,0.519515982919219,0.0114309438532061,0.636760248178547,0.0387348266685,0.506545761257784,0.00479577034919995,0.682000499668831,0.0518492724814631,0.514632359192992,0.00859050459984377,0.80515382782334,0.0881026765115573,0.510019061959972,0.00640073903793848
199,50.5,29.011491975882,0.675161682495952,0.0498075394768505,0.503552932012395,0.00337819933894954,0.649714693363185,0.0435395747404291,0.515067409709173,0.0133299361129846,0.79928154748483,0.0981082385299224,0.519417968836505,0.0105818986856616,0.636803305510592,0.0381548365878039,0.506890568049419,0.00496782386288466,0.681831901343021,0.0514017369469004,0.515515114460842,0.0105867992351355,0.805369241012095,0.0895742453284444,0.509970791195204,0.00650806180921732
200,50.5,29.011491975882,0.675582460407304,0.0498117196635724,0.502796151409825,0.00287782041590378,0.649619298223384,0.0426709211736586,0.51676239759971,0.0133638340484456,0.799698030666994,0.0940153419866864,0.520531085788631,0.0115349528716684,0.637172209777779,0.0382755050015974,0.506958065605906,0.00493965158222538,0.682118333507695,0.0510405522481464,0.515399867264333,0.00941637407311078,0.805434921013316,0.0890723278058446,0.510322174192034,0.00688300857119364
201,50.5,29.011491975882,0.675021297761482,0.0499949992437941,0.503156805405232,0.0029602292860046,0.649867634809173,0.0423217230389579,0.516820552502112,0.0138027142271568,0.797712966128961,0.0920673059053389,0.52181167069534,0.0121687316426248,0.636836084460434,0.0384547979361233,0.507094934780001,0.00433035226230774,0.682247276639408,0.0512538592177735,0.515224797816535,0.00923632196015956,0.80592540923445,0.0908472764914872,0.510093548931989,0.00624732814509076
202,50.5,29.011491975882,0.674924063527493,0.0510977377544886,0.502822661560348,0.00269738104595137,0.650334389233526,0.042009410342165,0.516054012492346,0.012279734783237,0.798846209793299,0.0929065418193834,0.520838140529583,0.0122075248624558,0.636723536806524,0.0387482111605265,0.507096696795976,0.0047919504925831,0.682784688672776,0.0519507622440988,0.514787095013184,0.00863770813833438,0.80592424388054,0.091176267582347,0.510108193406483,0.00660619651464436
203,50.5,29.011491975882,0.675482740149532,0.0515904236793104,0.502460264157471,0.00211630351165613,0.650248921331896,0.0421970946368532,0.515666000414895,0.0115214892487208,0.798324720032958,0.0942156283888238,0.521812948907398,0.0135517089469331,0.637008989533522,0.0389438466081892,0.506692632178067,0.00487436531857958,0.683468839819528,0.0523999792505363,0.515179771917119,0.00814790038484232,0.805315826242511,0.0912974137675857,0.510006869577594,0.00615053213812528
204,50.5,29.011491975882,0.675729802607596,0.0510695237703961,0.503027255705563,0.00308734591927816,0.649857648047539,0.0424670600789626,0.514754978907061,0.011374997315541,0.797371890910338,0.0945139633940606,0.521552869020624,0.013905142294564,0.636267983222424,0.0383049393918358,0.506804860715281,0.00501327938611169,0.683290983681432,0.0533079100307932,0.515086683950181,0.0092153933888586,0.805619898459422,0.091964141666964,0.510469433649331,0.00653723607513682
205,50.5,29.011491975882,0.676009279953063,0.0518364841910345,0.503105408867412,0.00300337118860212,0.649248371099444,0.0429239469011202,0.514533664194148,0.0101167589338637,0.798317995877616,0.0962435315435766,0.520983114039061,0.0132807994463626,0.636110293832377,0.038585243012217,0.506630218774495,0.00447378335501911,0.682292087092584,0.0539808455158098,0.515500832219735,0.00905412254747667,0.805604139706998,0.0935544997703241,0.510165800508655,0.00600149586417234
206,50.5,29.011491975882,0.675804893914961,0.0519892456557883,0.503041514830989,0.0029404714928669,0.64863939656926,0.04438780617469,0.51518288341623,0.0112292319740939,0.797563338539279,0.0958473047972871,0.520958464646905,0.0129378258576929,0.63569315149233,0.039018544838175,0.506304382853838,0.00444812519129688,0.681174179073376,0.0554206208352411,0.516081356597532,0.00971654277459366,0.80406011978033,0.0936296462240888,0.510096001447704,0.00579575577816503
207,50.5,29.011491975882,0.674995794243266,0.0521039582422301,0.502549634870553,0.00230739566497579,0.64848282422156,0.0465072792047609,0.515023095427074,0.0108906115454728,0.799187504680231,0.0963649184987511,0.519487744243864,0.0118880480748653,0.635206129886827,0.0398616356201205,0.506094743424602,0.00403824016620027,0.679956391777862,0.058044657455101,0.514869050188792,0.00843311929476287,0.802407584465684,0.0954639295018232,0.510389073887353,0.00599212385449884
208,50.5,29.011491975882,0.674518779319133,0.0527155458594776,0.50293894009644,0.00283927188203491,0.647792124062016,0.0481081063708728,0.514487734815849,0.0115766198948846,0.798319551282461,0.0974215796118346,0.51995991976197,0.0126290589704385,0.63459522850244,0.0409404175296358,0.506572783962494,0.0048216589397119,0.678369480073654,0.0597365320010012,0.514352391042808,0.00773126175408032,0.803058224473992,0.0969221970878764,0.510352282325878,0.00620967157554034
209,50.5,29.011491975882,0.673221793152288,0.0537101770948959,0.503578013366788,0.00371261152337553,0.647069379822658,0.0494961565108831,0.513357351590454,0.0120161619182169,0.798206706763525,0.10058290639531,0.520270660872107,0.0129186700532627,0.634521886992057,0.0414658039343187,0.505635690579192,0.00380064813074308,0.678255779470408,0.061494714651291,0.515037147603794,0.00918851387568287,0.801437683249515,0.100471446182758,0.510209718231566,0.00645127624374544
210,50.5,29.011491975882,0.672695327147728,0.053024484284451,0.503348229988121,0.00338403400167932,0.647059479315212,0.0503526844106096,0.51454961767852,0.0134843653009878,0.794073922199803,0.101219078111689,0.519640115429678,0.0126888409381775,0.634495673943901,0.0413122351456461,0.505945368783151,0.00411539339415364,0.677310014873506,0.0626398530981286,0.514262597723244,0.0072533532331495,0.799567792614867,0.102476527521238,0.510023679846337,0.00615569594867988
211,50.5,29.011491975882,0.67245540058442,0.0532577749312803,0.502983456705674,0.00307136082411902,0.646768456979741,0.0512101887021619,0.515462125538327,0.0127876980469833,0.793862540264555,0.104911289728592,0.519013258407233,0.011892670596028,0.633668270859775,0.0415851312002029,0.505765717209761,0.00491258363438027,0.676468623833187,0.0642172342501707,0.515220236563832,0.00853688827822001,0.79625730386603,0.103619755600577,0.510019142602648,0.00699393817942519
212,50.5,29.011491975882,0.671962362885381,0.0523213722117087,0.503052552872351,0.0032372685403413,0.646447706616059,0.0526768536971568,0.515251246985162,0.0117725843816493,0.785695577403559,0.10896399403363,0.51930684611427,0.0117354434005243,0.633851887326239,0.0407977621814761,0.505020476130407,0.00451315184628347,0.676003137250897,0.0660678218020688,0.514357415846188,0.0084369720955656,0.790153403150672,0.104842334366106,0.509980788028492,0.00657088777145174
213,50.5,29.011491975882,0.671466517689692,0.0507432159815275,0.502404148923277,0.00230738535459352,0.645851396734661,0.0544439418158857,0.515330993164743,0.0116544887916402,0.779139232621086,0.108682995850648,0.519096768090628,0.0113819000407481,0.633555981349327,0.0397922653156099,0.505112522701129,0.00426357952424557,0.67480106250941,0.0683520860497327,0.514780139613366,0.00806289179268089,0.784173733431755,0.105277511997465,0.509925795455562,0.00644981544372216
214,50.5,29.011491975882,0.671177972759667,0.049049013025602,0.502817895969884,0.003093245376398,0.64461011240802,0.0553426825254636,0.515033901032766,0.0111451847926243,0.777090612678799,0.105300703269234,0.518769311730068,0.0113024790752506,0.633674914372495,0.0386611606176401,0.504626075489412,0.00345020381430129,0.674125460688851,0.0693001106641675,0.514150020234763,0.00820533947083654,0.779629014725552,0.102297508973161,0.510040642182132,0.00674824495761648
215,50.5,29.011491975882,0.67096072805944,0.0473083221118843,0.502372467104558,0.00211281253806865,0.643846418610405,0.0557747255321271,0.515730569574296,0.0119446952267432,0.775550529951026,0.100395204328048,0.518552532834208,0.0111913669012974,0.633141720870239,0.038084903298804,0.504755522320525,0.00390468311100326,0.672623211074197,0.0696833162911762,0.514225685359928,0.00753926733536799,0.775857927242921,0.0990491804109289,0.510232597521668,0.00685270822594152
216,50.5,29.011491975882,0.670658044224967,0.0463471472909142,0.502955866814202,0.00306157478402103,0.642671475168703,0.0560700642327169,0.514816509165142,0.0114824716331518,0.771756931710659,0.0942570098100284,0.520416623282286,0.0145134612715502,0.632978716601663,0.0381854650875583,0.504635256395046,0.00371998622845447,0.672009277415946,0.0699630188593933,0.513621338747839,0.00774285784203436,0.772674900456339,0.094243166112851,0.509856261239665,0.00654475196401643
217,50.5,29.011491975882,0.670370886357254,0.045956209637992,0.502448340194723,0.00235571250961126,0.642301258688706,0.0572933969910616,0.514562950920625,0.0114381411726914,0.772469159765618,0.0919606031796819,0.519229687404766,0.0116235893846927,0.632982198017737,0.0378932609667334,0.504468639848194,0.00406428722112314,0.671973602514769,0.0707740983949992,0.514612024848327,0.0105012562751583,0.767424882842905,0.0902203309637443,0.510089438655921,0.00712979570641602
218,50.5,29.011491975882,0.669916251364935,0.0468539516133975,0.502267599665341,0.00220051768707272,0.64200312164495,0.0576937763997977,0.515330935421252,0.013271973681776,0.769968373225117,0.0898662613620974,0.518691088512419,0.0120768996874854,0.633100849248633,0.0383199589675034,0.504703373760431,0.00421915734351292,0.671035977794863,0.0717278383017851,0.51317637754355,0.00867954439747131,0.765273534175678,0.0877703229525216,0.509610364643654,0.00768015348438562
219,50.5,29.011491975882,0.669021909120294,0.0487755544245605,0.502602865974575,0.00277696728324352,0.641923993124869,0.05768317119057,0.513507845895093,0.0112694365562454,0.766035228322748,0.0869942152652125,0.518829863482944,0.0108598600562883,0.632107301114288,0.0389369811795246,0.50491298824244,0.00417898122419226,0.67133850752081,0.0719492900370477,0.514086840052936,0.00976143480727732,0.760659438620053,0.0853581185119774,0.50990371553842,0.00807909550323984
220,50.5,29.011491975882,0.668401303638853,0.0494837229287674,0.502500410730721,0.00233784163295407,0.640654993296639,0.0578836252078838,0.513365918162688,0.0117534759126675,0.763869672405316,0.084590365854005,0.5194142738497,0.0124223962488533,0.631662666995901,0.0395007446569705,0.504658112822088,0.0040449250116296,0.669739315982583,0.072797360147869,0.51355213622801,0.00897955256531508,0.757836338101601,0.0853076042613627,0.509147281166721,0.00693846798594258
221,50.5,29.011491975882,0.667397434472875,0.0510291231012181,0.502789331723229,0.00295372675931929,0.640248008411181,0.0589411757091571,0.513273441632009,0.0123175083533689,0.761917227815364,0.0880645991041429,0.519183764650615,0.0103968774261239,0.63084833842601,0.0410304369033746,0.505398645680535,0.00457454293127247,0.668428932805216,0.0739621480323358,0.512664501110892,0.00904154394357105,0.753646486997509,0.085025523590294,0.509065505013334,0.00704074895175218
222,50.5,29.011491975882,0.667515888890008,0.0519996094179718,0.502655134197181,0.00292327840547668,0.639674307305069,0.0595086065804594,0.514191857100337,0.0129809171785779,0.758084714995295,0.0890167122964792,0.519642486502685,0.0114049570939237,0.630248482392622,0.0416834419628015,0.504548582255314,0.00410740974262815,0.668363935039587,0.0735116801354272,0.513933921591786,0.0101822896824459,0.750670611941592,0.0856058495936553,0.508952314135946,0.00727591908847084
223,50.5,29.011491975882,0.668231692586217,0.0520233775281231,0.502875853741403,0.00316539534109865,0.639743071858751,0.0599070444665507,0.514606821635052,0.0125674537066853,0.753765581643952,0.0909349105583377,0.51849063377455,0.0116762132182322,0.630762496405446,0.0411405198274477,0.504927610362689,0.00421399964804433,0.668739628721791,0.0730515258857719,0.514381477415528,0.0105045434387153,0.746865446041147,0.0879627086101544,0.508871145815136,0.00727226844706015
224,50.5,29.011491975882,0.669300092115116,0.0508376182210305,0.502585733655839,0.00284851985161537,0.63912701906048,0.0596532820290545,0.514078671925502,0.0121789728195922,0.751698729171957,0.0927404626320793,0.519951533494056,0.0126636821436046,0.631560278537997,0.0396966446204264,0.505148884498166,0.00428387148140981,0.667605514674072,0.0718698615172776,0.513529956256852,0.00950015629237774,0.746271064740234,0.0909030206572383,0.50889672472663,0.00698729100134683
225,50.5,29.011491975882,0.671217371553838,0.0488266388698519,0.502061210854746,0.00195011766169089,0.639653275462739,0.0585991804512899,0.514819200166182,0.0127657688491029,0.748172209569138,0.096668968760299,0.519628788117348,0.0126590646739611,0.632842885258545,0.0373313171351876,0.504892062204545,0.00407943910843229,0.668056807124683,0.0704525257576678,0.513654944114182,0.0096818561402946,0.743097668609819,0.0940815041892569,0.50937218616911,0.00741461645094408
226,50.5,29.011491975882,0.672564744958711,0.0459450953686435,0.502352043075573,0.00208543381689081,0.640749395829842,0.0572645958374425,0.514383567021724,0.0119552228820542,0.745266738057087,0.0991486855603194,0.520156533193855,0.0133676809694655,0.633502621154041,0.0355239113062242,0.505056397597234,0.00453888312031776,0.668151952909864,0.0686982782552728,0.512735929573454,0.00872294546449643,0.739894084270638,0.0967169723274155,0.509923104145379,0.00764789356289527
227,50.5,29.011491975882,0.67324965043271,0.0429814161374694,0.502673178439735,0.00273047663371393,0.641973289753539,0.0554234887059768,0.514287137910678,0.0124210460871669,0.741227223262036,0.101386482322016,0.519922846674653,0.0136114668413096,0.634184847115532,0.0329709068101454,0.505332955370879,0.0046475192742577,0.670788017310414,0.06687168490863,0.513536542548764,0.00904119889278186,0.737201707969153,0.100309681318044,0.509900588886032,0.00653085331483738
228,50.5,29.011491975882,0.674170854688909,0.0405458968148595,0.502525760907482,0.00283151652565253,0.643404746443841,0.0532900287743455,0.514417666059394,0.0113488993640437,0.741779217342245,0.10227814139366,0.519910578240095,0.0132579665158291,0.635671245115009,0.0308283475332215,0.505275344581036,0.00454878602954973,0.674009700043721,0.064151187488167,0.512596746715107,0.00721229567969151,0.735578341071708,0.102137889956716,0.50995381766376,0.00695290532721446
229,50.5,29.011491975882,0.674401476623818,0.0406074701730812,0.502452426481543,0.00253359389364091,0.644908621161926,0.0508930002524381,0.514078704271727,0.0114003944615037,0.741698884292464,0.10144191181495,0.520019959731798,0.0140833145320512,0.636344714526702,0.0313569085857312,0.504832275042591,0.00394987942780866,0.676333726299278,0.0616411975499273,0.512759983126943,0.00803434996823675,0.7344508492517,0.10223270965603,0.510614507711648,0.00759028881510811
230,50.5,29.011491975882,0.674647136403874,0.041635462584603,0.50260258583607,0.00299273402049301,0.646577340455268,0.048614011773416,0.514786133847164,0.0129120098639628,0.737618518484986,0.101607282947798,0.519062532726024,0.0137903591590708,0.63671378814659,0.0323679009897798,0.505128514194294,0.00401880299365918,0.677724108786594,0.0593836360885794,0.513106670314667,0.00827031321270753,0.732531370505278,0.100841937089238,0.510913490740347,0.00782542903768821
231,50.5,29.011491975882,0.67484036837246,0.0422321613941135,0.502958016284554,0.00352188650036392,0.64722264085515,0.0464618150067075,0.513344789805152,0.0118663008457752,0.741001460278454,0.101045763429377,0.521200867152274,0.0147280301786767,0.637698715893174,0.0330439336270142,0.505305092922442,0.00411982552819555,0.679934089315305,0.0563084295598832,0.513932600312286,0.00938766890608903,0.732733640538472,0.100055121978514,0.509823768422165,0.00709374951551811
232,50.5,29.011491975882,0.675702260851771,0.0430067388778393,0.502466449996494,0.00256839177605666,0.648940900198615,0.0441000690484217,0.516926918324289,0.012925693483323,0.73810270863132,0.101860936004174,0.519950805453848,0.0132898041864988,0.637830493262081,0.0333029643324815,0.504769446439175,0.00371112953924007,0.682227781337032,0.053070636158048,0.512537825592732,0.0080209606757396,0.734278391301076,0.0986932058977323,0.51013066457305,0.00666879008895904
233,50.5,29.011491975882,0.677244341537808,0.0435825533790515,0.501954106992796,0.00181246758413904,0.64969558995016,0.0417766614459786,0.51587888336692,0.0124786975803332,0.739488424217716,0.101239000512843,0.520600285980501,0.0128088837310884,0.638109853524787,0.033828846772848,0.504875503414229,0.00396555547204814,0.683427363964129,0.0511951189726966,0.512663643143487,0.00834047416866192,0.737275070889329,0.0950474439406865,0.509875414099975,0.00671626067632259
234,50.5,29.011491975882,0.677833110490903,0.0432826387559304,0.502171294732374,0.00271200649157201,0.650115058303943,0.0399977929053138,0.514740937446334,0.0115493529401594,0.741951564305274,0.0973228665523872,0.519649694913014,0.0119146676877283,0.638001543511383,0.0337694584040077,0.505345293562214,0.0044647582177146,0.684072652059446,0.0491775285892179,0.512969414265947,0.00859160141481647,0.73943330492006,0.0933047630894816,0.51055757907239,0.00765294735517334
235,50.5,29.011491975882,0.67764495142594,0.0421164280643394,0.502262253691175,0.00289816553460565,0.649695182037921,0.0400792680339283,0.515119891118443,0.0137968147004981,0.740630525894463,0.0935394942586785,0.521101071678553,0.0131102560942515,0.63840156084635,0.0332629543832227,0.505125970119413,0.00415249159577585,0.684768910636536,0.0493851669010171,0.51284958075853,0.00877652508437204,0.742245772149541,0.0910986253126735,0.509857613711935,0.00658704884963205
236,50.5,29.011491975882,0.677482126049916,0.041816825889181,0.502424211770016,0.00262908912842678,0.648977331340507,0.0408781418520584,0.514590093916423,0.0129434572048802,0.742074516495847,0.0918205779865713,0.520102266316125,0.0122196060236568,0.63894575576679,0.0328296534207473,0.504886748467636,0.00361018142692482,0.683759811535559,0.0503233781493561,0.512419859489172,0.00847961635584483,0.744047617217735,0.0878191638592513,0.510000492986769,0.00665635535819276
237,50.5,29.011491975882,0.677394069693332,0.0419719615008506,0.502190024371792,0.00226317750881254,0.648406660854851,0.0408852173429758,0.51431550102456,0.0130385796860962,0.739617269384451,0.0869137914684442,0.520674557159338,0.0120146454976524,0.639434434011331,0.032811788758059,0.505171133328808,0.0044874884731894,0.683168179247255,0.0510313147093266,0.512103713149844,0.00763942721233701,0.743618273776033,0.0849699265577238,0.510708057854118,0.00697804659029358
238,50.5,29.011491975882,0.676260842895793,0.0418410520048449,0.502512974366279,0.00293714262840312,0.647643003525377,0.0408785744492659,0.514380855227084,0.0124595500974619,0.740130865458637,0.0825824006553495,0.520302340300991,0.0124380501292938,0.639743060192786,0.0325825582112615,0.505117877138102,0.00431255832292595,0.683307018223095,0.0517854265158963,0.512013967340154,0.00833938547624575,0.743726676425309,0.0828828135638655,0.510685557070821,0.00763778936168156
239,50.5,29.011491975882,0.675768293412487,0.0418973801219451,0.502600983158069,0.00317119374844103,0.647105800035666,0.0415431829647894,0.514389719485403,0.0125656341932947,0.739989863440696,0.0790417603747539,0.521412542411731,0.0137089337930233,0.639728172149714,0.031422736508787,0.505557545714759,0.00400191910228599,0.683488104097076,0.053177790546103,0.513153683434884,0.00861983023855283,0.740154381073773,0.0796830718279264,0.510412663068863,0.00656337457097342
240,50.5,29.011491975882,0.675058080946878,0.0415951525515695,0.502196690462491,0.00265789858445486,0.647681801911588,0.0426429096173118,0.514759493563736,0.014136473472127,0.738690517145781,0.0781207985761106,0.520426937169928,0.0125803171836763,0.639299090584981,0.0312705921434213,0.506408123774737,0.00469499162554256,0.683181994469409,0.0544123794424044,0.512619249277671,0.00839577765266883,0.740857846154034,0.078395940906276,0.509979720992454,0.00631455235820991
241,50.5,29.011491975882,0.674556222896212,0.0423722374649028,0.501996143760064,0.00216233438777859,0.647699085330746,0.0444758502873288,0.515210592724006,0.0143856046748985,0.739059323935615,0.0762904775824985,0.520800503298689,0.0124507695231846,0.63970012614873,0.0318203527282588,0.505491871597173,0.00396951032004119,0.683736757004186,0.0564793424968504,0.512571111467209,0.00728470240504507,0.741492071084071,0.0765954907529549,0.509848710023834,0.0059822663007877
242,50.5,29.011491975882,0.673812286463106,0.0427967822372928,0.50211618115381,0.00251410556805331,0.64778587634724,0.045406911425857,0.514056507330266,0.0130793703503775,0.739008187242155,0.0765651312377046,0.520888863090938,0.012253006196816,0.639066505949438,0.0319930359916618,0.505585517861081,0.00417714717472063,0.683669372093092,0.0566961725542173,0.513166498044707,0.00785682489956184,0.741145692133207,0.0746348374694817,0.509353810525017,0.00556795671466453
243,50.5,29.011491975882,0.673689954489744,0.04382295691692,0.502198458667112,0.0023987143891864,0.647717322635155,0.0453297785296614,0.5143640549053,0.013330227343798,0.739713204779426,0.079544081413607,0.520760261147354,0.0123790508212311,0.639532417282539,0.031829527654357,0.505567700924946,0.00433337508471526,0.683079707215889,0.0556638222827973,0.511622730945933,0.00737028769900018,0.739005611890298,0.0759951696863982,0.510479748715794,0.0073424881591938
244,50.5,29.011491975882,0.673784511836821,0.0434705295199601,0.502253167135181,0.00286038234067731,0.647543477670905,0.0458310006630953,0.51578257871998,0.0131287335294992,0.737440810945462,0.0832834025843517,0.520389600135832,0.0121465596442375,0.640007706187113,0.0317583334248484,0.505462475306492,0.00411155561727081,0.682681549581855,0.0545921735474643,0.512566077625711,0.00889943928418333,0.738278958310046,0.0790145306048348,0.50990552942389,0.0067577807436281
245,50.5,29.011491975882,0.674139895444462,0.0435182984655343,0.50213128589125,0.00238196571264519,0.64703104604263,0.0461254323869809,0.51541562016748,0.0139246042079467,0.7384042726628,0.0867085884737668,0.519911794182721,0.0109127258647508,0.639974736370643,0.0324699705701083,0.505355229916365,0.00405626563705149,0.681923477980652,0.0546488020405466,0.511780196792097,0.00737140000896253,0.739652010721894,0.0814087569963766,0.509738528729715,0.00614993549366297
246,50.5,29.011491975882,0.674437322168337,0.0438426389375932,0.502393166744354,0.00286507716282758,0.64587354223156,0.0454623097378843,0.515181288780497,0.0128741229147352,0.738027418418536,0.0891196232162105,0.520235701164128,0.0123429538889568,0.639862488167413,0.0330925521518526,0.505601894552723,0.00458166786368114,0.68060568792836,0.0544532319802298,0.513091557466277,0.00897887810060343,0.738262565373922,0.0823908429281243,0.510068476748618,0.00655608503859634
247,50.5,29.011491975882,0.674547876607613,0.0454358518040084,0.501880256038253,0.00214092804139009,0.645472369174518,0.0456494719810983,0.516241928180857,0.0125531171262814,0.739287953048184,0.0911838393847427,0.519918956962065,0.0127062655067687,0.639603846230948,0.0336824772282685,0.505792665802782,0.00426198734869692,0.678814433383901,0.055039015486536,0.512721798100289,0.00808617796568017,0.741026452100493,0.0835898217899222,0.509699950958826,0.00633296827590037
248,50.5,29.011491975882,0.673979074648475,0.0458688123806055,0.503034091888653,0.00324175405502296,0.644509672000919,0.0452666648545304,0.514177290174951,0.0118172014802258,0.739672797231961,0.093221610829815,0.519848050449125,0.012725085637345,0.639367483451156,0.0347922676319867,0.505222508892942,0.00390813268205071,0.677473043869661,0.0548650750240993,0.513516706569114,0.0092132631280423,0.740285401655147,0.0837499566189621,0.509807447360831,0.00650883297961467
249,50.5,29.011491975882,0.673156655680356,0.044818066483164,0.502759848050129,0.00308365669950437,0.643962298197639,0.0454945506850445,0.514790417223358,0.0135473730294514,0.740524574910173,0.0937677525545623,0.520466384503622,0.0124211345675436,0.638734389850832,0.0345717040944096,0.506084323143038,0.00425372506156436,0.675928139943592,0.0550873116839142,0.511927740661992,0.00834885953398356,0.74044945986713,0.08587006500775,0.509474058619205,0.00625851097404032
250,50.5,29.011491975882,0.672706556104723,0.0445216815966545,0.501891307510722,0.00178579668534913,0.643944433436332,0.0460226986634139,0.515646242922733,0.0151011136676867,0.738026333949667,0.0949523180224644,0.519999528998813,0.0132430427989228,0.637379882481302,0.0345897315111354,0.506248502095011,0.00458115510468014,0.675196616079192,0.0553721189996673,0.513742131851163,0.0102067814332062,0.738079402332192,0.085987594379643,0.509404195156166,0.00612173530060546
251,50.5,29.011491975882,0.671900534851596,0.044568425109946,0.502111671114389,0.0020627253021147,0.643415468170596,0.0463385794144163,0.51429417178687,0.0141309042374034,0.737843791285413,0.0961877834157487,0.519200322996686,0.013422529125321,0.637104208227051,0.0353212727172025,0.50534294324648,0.00376826096145147,0.675071289043076,0.0555897861811527,0.513914921526713,0.0102113649076354,0.738556838502322,0.0869586363874887,0.510102813344331,0.00717166188105582
252,50.5,29.011491975882,0.67160648756309,0.0450394001570624,0.502584668067265,0.00292153758706501,0.643484059533519,0.0464696608543027,0.513542273266655,0.0139718484638475,0.732953842868502,0.0965997975186136,0.520768747394047,0.0154547961322039,0.637188557461298,0.0355471122378058,0.505655281747591,0.0035610577453089,0.67545171374539,0.055927054684095,0.512544005140858,0.00944991604506967,0.735892389876916,0.0881801104263324,0.51027958918283,0.00793509070986408
253,50.5,29.011491975882,0.671587647618116,0.0456708730540625,0.502372229127866,0.00245730697853808,0.6441972338479,0.0469869363741506,0.513430038844929,0.0143375939949675,0.732634764470369,0.0979813880240819,0.520320720944207,0.0140081522961188,0.637345226460102,0.0355969082521831,0.505907519471943,0.00395271527422857,0.675780994510741,0.0565423001415584,0.512182816570079,0.0084313564525481,0.735370628921159,0.0882253218152778,0.509989807129204,0.00720522972482732
254,50.5,29.011491975882,0.671607298782551,0.0457574735457913,0.502346094757255,0.00235094765390514,0.644814952971813,0.0465715874270813,0.513754567003105,0.0138730391758502,0.732837321074948,0.0956567379984995,0.519339292257265,0.0129790390404339,0.63748003466213,0.0358060480203389,0.506096447748493,0.00433868450493153,0.676803984316365,0.0555944951794682,0.511462396495483,0.00812975022909979,0.736638353083625,0.0877754199060824,0.509619928264152,0.0071757933719245
255,50.5,29.011491975882,0.671122296648595,0.0468282248728487,0.502351029882032,0.00268813512500471,0.645549233474936,0.0451260011519105,0.51301499147626,0.0137952294658752,0.732818404357881,0.0935544770628717,0.520428108815622,0.0136580755245713,0.637220320580382,0.0364756104927257,0.505640173840938,0.00361562148185058,0.678570440555847,0.0540119314729343,0.511173211161955,0.00869017740049132,0.736935242368081,0.0870245008565936,0.509791425263615,0.00707936587151134
256,50.5,29.011491975882,0.671084507618706,0.0473263723667969,0.502578567927668,0.00256226557057647,0.646237238526013,0.043722078894735,0.513643352520511,0.0136414845600895,0.730058192034927,0.0952879095874301,0.520270668117932,0.0137839941815377,0.636764480434613,0.0369748512561595,0.505519400766864,0.00389077092878666,0.680879034365452,0.0519895253061856,0.512325377176015,0.0106740789776667,0.733927244289166,0.0868126207028414,0.509232501482737,0.00642225589130611
257,50.5,29.011491975882,0.6708538792108,0.0476682552063762,0.502120272447271,0.00234380895327609,0.647452100821673,0.0422185461984583,0.51371184658899,0.0136307586397937,0.7317513576828,0.0941406928603802,0.520704862946543,0.0123852549906183,0.636387723692984,0.0370900265559753,0.505794130220698,0.00382051098125911,0.681775092072345,0.0495420603226999,0.512497999885015,0.0103711204558972,0.733044130480459,0.0876962288488394,0.509658365718692,0.00713757068485135
258,50.5,29.011491975882,0.670751517913078,0.0484617067768271,0.502352138925549,0.00238755784924126,0.648457938375398,0.0413407849560989,0.513094193939796,0.0138998001293561,0.729398014963082,0.0963310247683271,0.520181944907462,0.0126588604577887,0.63612807106586,0.0372074639151241,0.505779532559037,0.00346907857014045,0.682623002388696,0.0475831852195359,0.511708261068049,0.00965803751916319,0.733852365255964,0.089489386103247,0.509165022382383,0.0072792181848202
259,50.5,29.011491975882,0.671331788366791,0.0494231823223912,0.501954248922499,0.00227516503889408,0.649617556817044,0.0405981799150929,0.514241402113532,0.0140263068114299,0.730099878940678,0.0935636708485275,0.52007013909961,0.0121369450859306,0.635930814675677,0.0377589315029659,0.5055330925293,0.00414161657705406,0.683545169340932,0.0472658062050263,0.513278938316023,0.0116171964114143,0.734809445907518,0.0888273940521933,0.509728346241431,0.00739550549744463
260,50.5,29.011491975882,0.670805476482886,0.0502419342126677,0.502397194459591,0.0028862233856952,0.649858022158815,0.0405943050255149,0.513811203801113,0.0132756608280221,0.730068895809041,0.0929734775552827,0.520846326740284,0.0112673386322178,0.636354358544663,0.03830985602431,0.505900247262712,0.00411025877143254,0.684135063513232,0.0466823954642004,0.512134663711664,0.00921550265550946,0.735217409722548,0.0881660814868771,0.509220946144767,0.00693575049255079
261,50.5,29.011491975882,0.67137760855178,0.0513886107925758,0.501939950877699,0.00172568976615949,0.650241906762114,0.0411143013666807,0.514258208724327,0.013092111377731,0.729538317739047,0.0918252274999154,0.521488150649238,0.0125668041234594,0.636564718034354,0.0396581983677112,0.50568325636134,0.00432265822194745,0.684067494265532,0.0469321474005563,0.511565601753005,0.00864509428836701,0.73779019509662,0.086507445149945,0.509555096685872,0.0072211960274406
262,50.5,29.011491975882,0.670735983138103,0.052047934486183,0.502440339621356,0.00279269556859225,0.64955034337136,0.0414780355663555,0.513005278135011,0.0121954577328342,0.731177676808376,0.0904158580203589,0.520911249686077,0.0125382077141724,0.635648304618744,0.0400858270903768,0.505825035451002,0.00425311878512579,0.68304321616949,0.0475158866438135,0.512413405332765,0.0100188906943663,0.737721305254566,0.0867067262628232,0.509865672097834,0.00689924166285624
263,50.5,29.011491975882,0.670578413948486,0.0523690923005643,0.50235202137961,0.00249461320468884,0.649575764437702,0.0401354919173984,0.513508234761033,0.0124306594046905,0.733147349311158,0.0909915959355175,0.521453288981941,0.0124603937001246,0.635620811596874,0.0405673217667625,0.505532249292274,0.00403030477400558,0.682956287467876,0.0472965759414235,0.511901070245279,0.00892125975847667,0.739853562545336,0.0858173237731613,0.509470140105355,0.00745432125634393
264,50.5,29.011491975882,0.67043619203383,0.0518277088691098,0.502152854165094,0.00238875114809223,0.650402168668554,0.0392728302440509,0.513954892063618,0.0122651476464223,0.736458603785903,0.0896854522294928,0.520489210346893,0.0114151711989826,0.635735936602246,0.0409389101305683,0.505165790710551,0.0035227383410378,0.684349902550757,0.0461940237680986,0.511838305865618,0.00870585528780228,0.741590110344336,0.0852324165660472,0.509736700551079,0.00704412428019869
265,50.5,29.011491975882,0.670283429530228,0.0513214476733898,0.502170241747751,0.00228685308113958,0.651125459355705,0.0380588932562404,0.514107330742136,0.0120024551701783,0.739854753764523,0.0879123433933945,0.520006575989299,0.012012033399139,0.635409281464025,0.0402442775780044,0.505935890177648,0.00441187896061012,0.685438790182114,0.0443211362740654,0.511513880474931,0.00781005642935446,0.742427609908935,0.0826035881655042,0.509747117267731,0.00671110902528788
266,50.5,29.011491975882,0.669780115996914,0.0517405922028979,0.502456292907872,0.00265005040647601,0.651376158772998,0.0369856795738092,0.512856269665213,0.011625493534147,0.742604178557179,0.0875224939452053,0.519291761011408,0.010658453221697,0.635207826705382,0.0407461425185825,0.506139393265643,0.00471506566532593,0.686214795886487,0.042893899837052,0.511674105868794,0.00951566485052521,0.742623016044372,0.0803868387689904,0.509972891537577,0.00644234043976018
267,50.5,29.011491975882,0.669224515786598,0.0512218716592325,0.502195122122621,0.00272693251712582,0.651686473600799,0.0366399282374546,0.513135253193596,0.0115002272830349,0.742943166585757,0.0835136788069368,0.520408467764389,0.011711444847235,0.634634263463518,0.0410055796827154,0.505468699687542,0.0045248805027072,0.687345703977564,0.0419488258508437,0.512273748692825,0.00863784320061326,0.742458524393902,0.079453536853441,0.510147869517755,0.00631601612254626
268,50.5,29.011491975882,0.669393689175903,0.0515490611809775,0.502013425674389,0.0018686165200603,0.651793654403088,0.036191166355939,0.513131691290707,0.0122609943079263,0.74452868698807,0.083815371697097,0.520254319736971,0.012295103592975,0.634309912186398,0.0412398066929344,0.505175727012387,0.00347033117643228,0.688093792545012,0.0415881836167606,0.511971438670343,0.00876199118416397,0.744374597978284,0.0762254371313034,0.510070828642507,0.00673283748492255
269,50.5,29.011491975882,0.669424995181453,0.0512367712994772,0.502399104741325,0.00218274479708099,0.652433717239259,0.0355158961087746,0.512063976244577,0.0117482745508648,0.746123363791185,0.0824009050488484,0.519750981746345,0.0115237271430964,0.634058170190645,0.0408691898608814,0.505389279864077,0.00393047452773223,0.689050672072581,0.0417074176370927,0.511774445921499,0.00954789466001956,0.746673157925608,0.072773025667813,0.509760822901035,0.0067073457509818
270,50.5,29.011491975882,0.669753588022668,0.0508895928336757,0.502385516464215,0.00244251795922326,0.653275816449511,0.0342043203482947,0.51180573834268,0.0118454264478308,0.74683227503096,0.0797047266923111,0.519648816225697,0.0112719307104204,0.634598611194679,0.0407528928618688,0.505258266460462,0.00376566451329463,0.689874011224058,0.0417171002908033,0.511574129967403,0.00888295514154584,0.747614750913618,0.068877224435689,0.509940011591947,0.00659785860428423
271,50.5,29.011491975882,0.669826215663797,0.0507019582651392,0.502492409147765,0.0026215831925268,0.653833803286016,0.0344619571396911,0.513561167156581,0.0125478594161539,0.745933699129034,0.078252916345362,0.520712230184765,0.0126571201000201,0.634591759607266,0.0401733592068528,0.505910463181104,0.00466817977649703,0.690000350447354,0.0421247062903818,0.51195826508765,0.00836786619654755,0.748798490443928,0.065902945097202,0.509183396393238,0.0057003533425345
272,50.5,29.011491975882,0.670549107127759,0.0499856094270971,0.502429151961677,0.00225553966138474,0.655060440137185,0.0344386444341036,0.513012960222336,0.0117758204617804,0.746161118641953,0.0788517316431187,0.518819797916592,0.0104861292062912,0.635234082412837,0.0398176937611126,0.505858052435722,0.00362630566377347,0.690243209173024,0.0423828327057773,0.512073313113761,0.00889877557505503,0.748953383574587,0.0648385400158527,0.509942742148111,0.00676656671604494
273,50.5,29.011491975882,0.670130821367848,0.0490203059450531,0.502636716451975,0.00254359570603065,0.655453884482629,0.033594070757607,0.512914118585168,0.0113434545084612,0.746770786013037,0.0795506446084673,0.518362743305207,0.00964150147308449,0.634873279993827,0.038579169792889,0.505772686940698,0.00390650087700621,0.690806759684407,0.042083860783747,0.511590640205118,0.00892599970211208,0.746361487936166,0.0661937758383707,0.509760906034079,0.00673107758084729
274,50.5,29.011491975882,0.670658861912176,0.0476141639904819,0.502915469961067,0.00328865411625261,0.655711954468744,0.0329335609506539,0.513336388128124,0.0111183088094979,0.744538827061276,0.0804267881187818,0.519517432329094,0.0113156330230392,0.634712575443723,0.0379011974980761,0.505904995575559,0.00378550891927907,0.690885306500396,0.0414967996633722,0.511401276805017,0.00871129152293198,0.746426011104703,0.0684056227713777,0.509379895185492,0.00618967198707446
275,50.5,29.011491975882,0.671665101125894,0.0461045182179643,0.502399086276429,0.00226622880850228,0.657004420971186,0.0315069655689453,0.515389105952354,0.0133758370012705,0.742575968294772,0.0788405766233684,0.518391208917887,0.0107784915417404,0.635379296429277,0.0366537116170161,0.505323546843889,0.00348416418570744,0.692300984266061,0.0403590867877478,0.512153393732542,0.00874509518723684,0.745537366308384,0.0701209641834781,0.509273729020565,0.00651463724091396
276,50.5,29.011491975882,0.672521340323851,0.0447543725432918,0.502171579811777,0.00202181009847342,0.65766769205501,0.0308519662552608,0.515168688828097,0.0130058041817311,0.741429676259553,0.0818530960281347,0.519593856357413,0.0128764163162434,0.635684658513323,0.0353613069001028,0.506050581788151,0.00419059646628652,0.692406701619557,0.0386315578269216,0.511029412561089,0.00816760582244671,0.74641156592606,0.0737963471307284,0.509149485649019,0.00672573401982584
277,50.5,29.011491975882,0.67240360482296,0.0429528505863395,0.502717718908833,0.00291185986005054,0.658155656345039,0.0299799063268932,0.514883822514032,0.012834881155759,0.743741078949884,0.0830252951387098,0.517648959676413,0.0100566142044052,0.636016436112975,0.0344665217074215,0.505809861732179,0.00395833008987757,0.694031330073489,0.037141518297568,0.512339315543482,0.00902131173419037,0.745065991338901,0.0743383191126068,0.509905488631345,0.00744527089301364
278,50.5,29.011491975882,0.67222875339466,0.0417747892530278,0.502896401129035,0.00264350190718493,0.658798883189176,0.0294153936100841,0.514485078585396,0.0135114902739597,0.743053134580125,0.0806670845675149,0.518542860162862,0.0102563526474728,0.635921606178157,0.0332434757516581,0.50562806189717,0.00417805166737607,0.694976005090615,0.0355775994251924,0.512349968308482,0.00903927900757837,0.744839027622949,0.0755013964524323,0.509672995850699,0.00676915650541025
279,50.5,29.011491975882,0.672034984377123,0.0414281562403784,0.502652832273711,0.00257085793768264,0.660222988161846,0.0277618695669788,0.51517959534844,0.0127773243860727,0.742191762216169,0.0806499998613432,0.519914032686495,0.0117883853645392,0.635321905497053,0.0335388603791434,0.506175716350011,0.00461004484036071,0.696493562041007,0.0346066581153121,0.513352085294235,0.00927003735179551,0.742728742114562,0.0750820278394289,0.509314801987326,0.00581469069837437
280,50.5,29.011491975882,0.671052946758636,0.042420403428382,0.502662279428695,0.00257445884873777,0.660472766859934,0.0271632919237217,0.515959647059549,0.0139030929185022,0.743326997714066,0.0774340891703625,0.519186866164258,0.0106893088779765,0.63480519996148,0.0347756744562904,0.505650326702374,0.00396321899728937,0.696675200089542,0.0337358941394032,0.512727990690572,0.00943495580364547,0.745009915817179,0.0751743756346321,0.509836466397992,0.00624336502227402
281,50.5,29.011491975882,0.67075376525124,0.0440202166358028,0.502406721186922,0.00241010088059436,0.659809578396115,0.0265519796398041,0.515595217664687,0.0130696818866943,0.742931294772361,0.0756931281082774,0.520932493808444,0.012572239270554,0.63470081614771,0.0359454530823586,0.505416772665077,0.00346493556630882,0.695735540675368,0.0338957917013419,0.512018602061745,0.00940673095536781,0.746018826721541,0.0753351903911673,0.510453214178099,0.00668714884257368
282,50.5,29.011491975882,0.669824921672492,0.0456893970281737,0.502813379100483,0.00287707395849797,0.659061972833374,0.027475119763493,0.515130526346212,0.0125251002518965,0.743826228491715,0.0774904955175118,0.519688411178331,0.0115553003401118,0.634230522601315,0.0376597305192761,0.505752700083712,0.00355635240974331,0.694502897415035,0.0355483593276499,0.51271166205855,0.00942127027791749,0.746778284862036,0.0761479295603503,0.510047015832132,0.00664285453278637
283,50.5,29.011491975882,0.669707333525971,0.0476229923770046,0.502480123418914,0.00253641971147933,0.65730593724654,0.0293222832456941,0.514743877431602,0.013030157528497,0.748037712361512,0.074690089271646,0.519277508261326,0.0120693259179497,0.634386661056928,0.0388462853917641,0.505437527752264,0.00344294439851412,0.692118355474559,0.0380233107771455,0.512992132317281,0.00899835774534861,0.749127817554736,0.0756961611146136,0.509456345664968,0.00595716336511709
284,50.5,29.011491975882,0.6699452006042,0.048734833017389,0.502454743642644,0.00205814825338605,0.655705615880305,0.032122068311459,0.515634191749571,0.0130731407174383,0.747257327958533,0.0772212436826335,0.51978564485443,0.0133674094250686,0.633935005310997,0.0389774435243428,0.506020337470076,0.00416257759853944,0.689867030297357,0.0408543203017186,0.513121459400444,0.0102386074864896,0.751310441532148,0.0756982923208009,0.509693719465081,0.00659617042052186
285,50.5,29.011491975882,0.670839984656982,0.050025280234852,0.502337559027546,0.00208035955560659,0.65445922407509,0.0339153918609008,0.51430650396879,0.0121856007357013,0.74879321801812,0.0741154280116956,0.520235958840955,0.014772749775734,0.634094285333983,0.0394900602550863,0.506665320367035,0.0044360706284756,0.687830172650128,0.0431573042811181,0.512400375422072,0.00918408567137315,0.752862181623791,0.0729831040913015,0.509554908390419,0.0062703847955249
286,50.5,29.011491975882,0.671611762336675,0.0502120903183314,0.502603554591673,0.00250473853233946,0.653873034325708,0.0363068738322932,0.514221509899725,0.0125579403793841,0.747874289474437,0.0721876203192098,0.520520710357947,0.0140276892415421,0.6345964571237,0.0397071098356734,0.506525329042522,0.00440817878518481,0.686484294309271,0.0459393600924097,0.512636654154949,0.0101088760516953,0.755623749566443,0.069209417238745,0.509845769552756,0.00635353800447722
287,50.5,29.011491975882,0.671989252022786,0.0499515401683693,0.502712073392348,0.00275625239859295,0.652583159511263,0.0383712670418288,0.514200484080446,0.0124102298801141,0.753494563423633,0.0687970689710705,0.519909341160474,0.0135176894187275,0.634709314633001,0.0395209913295104,0.50687284873952,0.00461543109281807,0.685094475468276,0.0489454445174901,0.5134233157423,0.00994763511395752,0.758888229302545,0.0643159585702936,0.510015359333723,0.00603812063253417
288,50.5,29.011491975882,0.672137738631794,0.0480133542600459,0.502647118435511,0.0026752546272099,0.652689082779866,0.0401087908126043,0.51476882299889,0.0127952718317828,0.754699607895867,0.068233302562102,0.519652631881456,0.0119673273475652,0.635672315225019,0.0387481609936822,0.505875236282668,0.00333878940929979,0.684326865810227,0.0518912096353057,0.512368366809176,0.00896691394216857,0.759073763183341,0.0614320999844799,0.510539356188137,0.0063774026760035
289,50.5,29.011491975882,0.672495327559675,0.0468733735192035,0.502770819677092,0.00290994432373788,0.651725209575308,0.0416562672856255,0.515758894077379,0.0135628015903642,0.753699445479962,0.0649953458995929,0.518911651760915,0.0140212601626686,0.635769469305179,0.0382612974322005,0.505905205959764,0.00389544075460888,0.683511173002264,0.0540640568692901,0.512424258337926,0.00940496747218544,0.760074359944727,0.0580652902212722,0.510065076716294,0.00566852814540767
290,50.5,29.011491975882,0.673254710470239,0.0457737803067208,0.502559106219207,0.00256606993403623,0.651438277311291,0.0429761186050618,0.5154837297048,0.0138742234367628,0.756154274734833,0.0649190047237021,0.519049075929353,0.0144104635678145,0.636681435538319,0.0375490506599724,0.505216275709537,0.00298403335224107,0.683250189359731,0.0559589475749339,0.512540029894744,0.00918573702765776,0.759605365117806,0.0576030957053795,0.510222187222881,0.00550083871047548
291,50.5,29.011491975882,0.673667466671261,0.0457665284448354,0.502459804267629,0.00264060708439158,0.6506673810481,0.0445322689819865,0.51489141963217,0.0142050339519929,0.761537087736911,0.0663481884505882,0.51891732598701,0.0137119107728263,0.636456851655162,0.0371801945436933,0.506877543610255,0.0039030374621415,0.682074025844609,0.0574584004560107,0.512583503059595,0.00950455610813024,0.761400080688681,0.0597604931468931,0.51042529954967,0.00570151123919011
292,50.5,29.011491975882,0.673441291604146,0.0455066027220486,0.502847341528511,0.0032162478019329,0.649941704603927,0.0468422555648633,0.51476756364053,0.0139972470376427,0.764801251846668,0.0704978065008395,0.520627276701436,0.0144346025013523,0.637483097263036,0.0369747326615691,0.506235057063426,0.00373022667495772,0.681677138685094,0.0597706640516387,0.512423138802248,0.00942353661200538,0.765399869336855,0.0646209175596003,0.510467656439628,0.00610103656375047
293,50.5,29.011491975882,0.674303292651901,0.045264065526509,0.502252184505792,0.00224413530381442,0.649065480881356,0.0486424039609216,0.515660518430477,0.0132024930632364,0.768658415999984,0.0743779845115724,0.519238333537621,0.0126086967753244,0.637118677980792,0.0362601343272776,0.506779326526525,0.00403282034606019,0.680107811834165,0.0610594996233747,0.513224781972719,0.00942771128239001,0.768675717832115,0.0675488388702128,0.510422262624926,0.0059045313783405
294,50.5,29.011491975882,0.674592922936793,0.0445240802413975,0.502573285764165,0.00274711609459175,0.648685472820451,0.0493259347156641,0.51588437033561,0.013978976649184,0.770764962196911,0.0792015606539637,0.51834890331107,0.0114606516233673,0.638091358762524,0.0352457503250677,0.506052712483436,0.00340686189060025,0.680129013893497,0.0615105015995279,0.513281257664382,0.0106418588608856,0.773548425952696,0.0716362139500285,0.509986043835724,0.00589614035623403
295,50.5,29.011491975882,0.675076058257577,0.0428763260895536,0.502675266354015,0.00254730911146511,0.649194743209604,0.0497938979121301,0.515437514062446,0.0135424474195696,0.772948205858497,0.0820051310815202,0.518536425192013,0.0118724110915754,0.638610745350527,0.0345852994048849,0.506324609938386,0.00435569899187846,0.679509702646516,0.0605409330143403,0.512333580118277,0.00946912283066262,0.774840764987572,0.0738949413849776,0.510511342589071,0.00662059629524936
296,50.5,29.011491975882,0.676007425304973,0.04176625090188,0.502794178370156,0.00355827911204082,0.649940527489559,0.0491495279586171,0.514204300576261,0.0136000391610838,0.775853564801504,0.0841356862875776,0.518497563008323,0.0123086917744464,0.638363914941561,0.0335194141780922,0.506628400902136,0.00448595439493273,0.679487605246393,0.0594087862954279,0.51296983158622,0.0103537866097797,0.775983461484456,0.0779375466873241,0.510284216332201,0.00624623628536317
297,50.5,29.011491975882,0.676706364448734,0.0403441827460294,0.50241124651225,0.00269247515101518,0.650982819212211,0.048927609694869,0.514432050857818,0.0132285989112895,0.776107255781671,0.0871828223073536,0.519470977073322,0.0144153444172018,0.638763526945499,0.0324613576849443,0.506330464023542,0.00383452879802449,0.679938712784952,0.0586528032797216,0.512629213387517,0.010437311101334,0.779291314373284,0.0814842001468624,0.510047917213925,0.0060845198051264
298,50.5,29.011491975882,0.6773848657687,0.038701358933257,0.502348862899842,0.00237604320702812,0.651899605521442,0.0484503588451803,0.513262206618739,0.0125865818984009,0.779271231599416,0.088878911324493,0.51934055148248,0.0122024491575919,0.639017920853603,0.0319631387228153,0.506392368036011,0.00378236755746053,0.680628242362064,0.0575196519532069,0.51205252793827,0.0090780976074307,0.780077832769433,0.0849825344200234,0.509878673024308,0.00595000763502007
299,50.5,29.011491975882,0.678200631355274,0.0375102555176857,0.502340817551372,0.00252715521278638,0.652464269495938,0.0473757224293982,0.514253924961068,0.0132582196028716,0.779033315075638,0.0917775467245939,0.519310578010953,0.0133517630291356,0.638940270536557,0.0309631648902958,0.506134167755231,0.00442822341935355,0.68123180352101,0.0565847967228301,0.512618148357862,0.00955180232516881,0.780629566204644,0.0867951694026598,0.5097580666599,0.0060879759997907
300,50.5,29.011491975882,0.678436874799302,0.0363085880849668,0.502515228776464,0.00277099110561876,0.652806314945677,0.0467110006790348,0.514439986795565,0.0129118504899015,0.779215279383352,0.0960359685402062,0.519233030672661,0.0131330054117801,0.639411293914784,0.0296881833953489,0.505927347567881,0.00397355095723455,0.682290834646504,0.0557867345403127,0.512932541112441,0.0093276699297135,0.780356942078944,0.090792415870403,0.510221109002223,0.0061907647462287
301,50.5,29.011491975882,0.677860694225647,0.0358758674677467,0.502485310016845,0.00281027328537527,0.652880901436501,0.0455772936374504,0.513201712365642,0.0119018473440596,0.781092531316846,0.0971445281275671,0.518979166519032,0.0116951194355279,0.639582068266692,0.0291329355474425,0.506270124634153,0.00383609083198216,0.682170827058355,0.0548482084257762,0.512711502842914,0.00953337395127512,0.780512511576765,0.0927527038485808,0.51062731124139,0.00659527363326075
302,50.5,29.011491975882,0.677782998348443,0.0359483396330158,0.502407103056849,0.00247800514358574,0.652259616667942,0.0452464095232567,0.511577813471829,0.012411389983127,0.78198302880473,0.0988285648236775,0.519542474218517,0.0109678696553107,0.639906054810024,0.0291086595399755,0.506327846076636,0.00404009876112966,0.682510339116551,0.0539991122830009,0.512195722152194,0.00911059270977576,0.78196942768839,0.0948564770172897,0.510555559041411,0.00669050551772153
303,50.5,29.011491975882,0.677965360449705,0.0368101996190574,0.502436118241811,0.00331174577439669,0.651600467644728,0.0449584344289899,0.511901139649778,0.0121326091255191,0.780654276255911,0.0949264340389554,0.519788537797637,0.0118072966828519,0.640503480952789,0.0292735950614175,0.50609854418605,0.0038509393079446,0.682579969511143,0.054290972428034,0.512132170410668,0.00860013542253448,0.781465441924369,0.094155423712746,0.510493564087295,0.00660038951198578
304,50.5,29.011491975882,0.678393242736635,0.0365921544072904,0.50274260029277,0.00355505652586387,0.650741697044299,0.0451201453248781,0.512526044944301,0.0127687596226869,0.782569537862679,0.0955570620000464,0.519216651307981,0.00984837167386235,0.640115296174099,0.0297157902395304,0.506146452532737,0.0039105644416616,0.682489674391072,0.0556418938064565,0.513452087965223,0.00911740622648267,0.781727340374729,0.0945764646986661,0.509932313893814,0.00580443514930255
305,50.5,29.011491975882,0.679117829893316,0.0364564027996906,0.502695841526883,0.00300030712749533,0.649960972669293,0.0462028606875483,0.514085893576139,0.0137981677323688,0.780843060073572,0.0960715301891253,0.519681375132019,0.0111054510156437,0.640844128998158,0.0297571859607051,0.50662089980013,0.00413792736453725,0.682451922149702,0.056825767523287,0.512338390013665,0.00858275504059219,0.781531577005721,0.0937874954669307,0.510107353037989,0.00584937747378353
306,50.5,29.011491975882,0.679897362878826,0.0362576058741496,0.50223977105184,0.00230603838521099,0.649547665405875,0.04698879907224,0.512661254349685,0.0128235649112052,0.782706053009289,0.0966465052249383,0.5192634242174,0.0110176774236495,0.641124552627224,0.0301127400090066,0.506767712674589,0.00461150648781286,0.682314122924366,0.0586668975107435,0.513473925439396,0.00841903064531013,0.780694824529372,0.0921491031220645,0.510714721192998,0.00672023506868456
307,50.5,29.011491975882,0.680174722001389,0.0354225073111008,0.502549465796821,0.002935468609432,0.649029073017257,0.0475911228372294,0.512203431729625,0.0124853850687682,0.783392676726122,0.0971228010130068,0.518331148707663,0.0097700209563559,0.641337774062525,0.029541847475896,0.506564468381167,0.00343055798406148,0.681966672636244,0.0599788246362983,0.513206679419307,0.00917876352973401,0.781994440805561,0.0923324971847683,0.510457924839452,0.00640611018460515
308,50.5,29.011491975882,0.679394828916802,0.0342857123689415,0.502856486626626,0.00321176814585684,0.648577955043469,0.0478053895015444,0.511837173291146,0.0121752533846034,0.783037625108728,0.0973796171556727,0.519726833872263,0.0115785829244264,0.640985305173368,0.0293973926256726,0.506433695760342,0.00381616187653599,0.682096024524647,0.0602008841722092,0.5127376539296,0.00873133449727883,0.781964255855846,0.0923020250017825,0.509953501637578,0.00564768937802447
309,50.5,29.011491975882,0.678668721909453,0.0338419460568072,0.502973626891286,0.00336561814281458,0.647393711647145,0.047391966311224,0.512325369131863,0.0130416832321714,0.782860554434157,0.0976164114867452,0.519340587156644,0.0122811330915069,0.641102663465324,0.0304662515642938,0.506503558084382,0.00449419290278194,0.680787561464899,0.0598257916311984,0.511882042763894,0.0078523049066255,0.781720029014234,0.0927711495370312,0.509902481790075,0.00616320361196405
310,50.5,29.011491975882,0.678113754992587,0.0342076544986242,0.503202615175192,0.00388408748103865,0.646592783225718,0.0474553917974603,0.512531073614325,0.0124125706378692,0.785025177460265,0.100475514490074,0.520341913858908,0.0123113609747663,0.640993303061881,0.0313983374152454,0.506635570499561,0.00400322481769941,0.680170668350012,0.0595301289818873,0.511499610733239,0.00818636614717173,0.782146490081458,0.095697413603733,0.509245859520685,0.00561513474801004
311,50.5,29.011491975882,0.677165147682693,0.0358403511149637,0.503161892573692,0.00403693140356014,0.645916056978519,0.0477342945955004,0.512427367334808,0.0116768629111601,0.784788639316083,0.102228794954654,0.521958003809692,0.0155216000944966,0.64002013993065,0.0328311752014987,0.507301350513606,0.00441932787497435,0.678922500606717,0.0589150661030043,0.511366276696998,0.00755069535989982,0.782521432816242,0.0977373316219239,0.509641288600288,0.00580543076637504
312,50.5,29.011491975882,0.676627658505289,0.0380597763395508,0.503026948321768,0.00338690310956165,0.645507488683439,0.0480382007130863,0.513198640895318,0.0113771241845325,0.78723965720398,0.102938557081197,0.521187742451679,0.0129085457780078,0.639478126836,0.0346160000783604,0.506537152916005,0.00356956620978932,0.67901153211015,0.0589326606637398,0.511169034209198,0.0077101275178743,0.783758272952507,0.0980912446405403,0.509984338840368,0.00635368595877059
313,50.5,29.011491975882,0.674911261842882,0.041583185371352,0.503096755742237,0.00356691297687509,0.644826002114236,0.0484053312556548,0.513621041976631,0.0109953283592255,0.78809461045511,0.103715527027244,0.521548090773985,0.0145571048278717,0.637909647904669,0.036973804862705,0.505669756918909,0.00274175484773393,0.679114223385367,0.0593306210375073,0.511991611252102,0.00900077618072273,0.784018198389496,0.099693814759668,0.509635118187393,0.00598471366151528
314,50.5,29.011491975882,0.674236043219789,0.04478926168541,0.502736075276372,0.00283355507269471,0.644102930107533,0.0496193172805445,0.514421384727867,0.0120113818916886,0.793566795964357,0.103852243674847,0.52143980530405,0.0156086938538776,0.636417413827772,0.0389369862382334,0.507077075555477,0.00431036191562314,0.677175108989017,0.0609911660647255,0.511662186037691,0.00862820678452025,0.785237607739597,0.0997452677984684,0.509834856357775,0.00680297265890001
315,50.5,29.011491975882,0.67296236507634,0.0476024279941445,0.503477627552008,0.00401318091307498,0.642692393739909,0.0510412591563758,0.514199364943041,0.0125372314743156,0.793046050045623,0.104834247009207,0.519923452445096,0.0140258573561593,0.635660230289957,0.04003777330247,0.507066029994316,0.00427592911563631,0.675061259304503,0.0633212272364971,0.51061110069874,0.00807154951168065,0.786933333009662,0.0999761764493903,0.509892410064528,0.00679891300163355
316,50.5,29.011491975882,0.67218191717345,0.0499155019764756,0.502433835720831,0.0025039460728943,0.64149528211602,0.0522713074973209,0.513428052166604,0.0141532496279939,0.795718919534321,0.101846302342049,0.520992082889239,0.0157326289506573,0.634332701370958,0.0414570324611851,0.506966859184964,0.0040785393748817,0.674013362934244,0.0649395772665928,0.512269429535909,0.00960125126603873,0.786924650090894,0.0993289889751949,0.509799618498155,0.00711399514317412
317,50.5,29.011491975882,0.670665666278946,0.0521368038358964,0.502714028966985,0.00305909827597475,0.640627761137973,0.052638319355698,0.512943478884406,0.013658885599521,0.797913800885211,0.100874110996641,0.520651856434922,0.0158943248251906,0.633896939620543,0.0426577132645924,0.506912327140657,0.00432363061559463,0.673227495461654,0.0662919123767548,0.510721083586738,0.00889135609948032,0.790292132100032,0.0986631210257177,0.509329558838323,0.00688925045334501
318,50.5,29.011491975882,0.668890003891861,0.0531707568137089,0.502685429901726,0.00288213410455662,0.639978679710313,0.0533193110875121,0.512709403182438,0.0137644109603908,0.798091833252569,0.100964891290894,0.521236541461869,0.0166251047913701,0.632535736553927,0.0430923767478025,0.506906948298173,0.0042645967234792,0.672634416703798,0.0663324238295848,0.510874336579087,0.00940081460265639,0.791888483542065,0.0995787425349168,0.509574390718446,0.00734855574004805
319,50.5,29.011491975882,0.667586416237692,0.0548914439641863,0.502590685802936,0.00288101347809129,0.640206554373628,0.053257931718031,0.513239588919745,0.0143745506122353,0.798896121833372,0.102680747602108,0.520490779908015,0.0147311415121975,0.630990685221393,0.0437822247183627,0.506985039821047,0.00491713787868229,0.672848149286252,0.0654438335385501,0.510677815496856,0.00844702845724366,0.79391624255516,0.098945020443339,0.509265367513489,0.00707630610121144
320,50.5,29.011491975882,0.665802092406354,0.0572499382364083,0.503234510236535,0.0037812091476657,0.640209311736773,0.0518411620075851,0.513118797426048,0.0133588722857943,0.802044913799175,0.102464835862066,0.519754278406184,0.0133176065606655,0.629818476217897,0.0451665261099617,0.506426802380084,0.00362468341965051,0.673932927153684,0.0637815832371074,0.511869502456762,0.00910071982037804,0.795003111600212,0.0999205820412304,0.509507675651365,0.00731513051831627
321,50.5,29.011491975882,0.665145298973194,0.0598031592163426,0.503231040456924,0.00378730234026307,0.640921335399446,0.0510782058580021,0.513330840136883,0.0129556452595984,0.80175156197302,0.103628016821856,0.520293068223506,0.012540070579804,0.629041971034595,0.0464889900257186,0.507005065190815,0.00472658084738693,0.673656343874407,0.0631145974702484,0.510691809013275,0.00791163013814454,0.79778948397047,0.100997064243317,0.509073297228685,0.00646122472196299
322,50.5,29.011491975882,0.66518097302695,0.0615433707150615,0.502695845831543,0.0028493666007957,0.640901815351788,0.0498535801709147,0.513422678766676,0.0135785213292893,0.802854834744117,0.104523890580826,0.519937710318558,0.0124319605006894,0.62915141512071,0.0474813578042696,0.506302315424188,0.00401724591146061,0.673877898570858,0.0627490579131518,0.510684991769767,0.00804373439848175,0.798690731278166,0.10167382221274,0.508920802696862,0.00611430382133969
323,50.5,29.011491975882,0.66466415446709,0.0622886392600471,0.502850522564895,0.00338125115039344,0.641756337879612,0.0484393571800702,0.513910262749699,0.012861485114514,0.802475766500718,0.105255495657786,0.521834003966832,0.0139971612751977,0.628775889378251,0.0474523764258483,0.506130340522116,0.00420020325969437,0.674222940768539,0.0612048147735177,0.510838813035827,0.00856599167709672,0.798712168155866,0.103781255833489,0.508953032154522,0.00585828597349673
324,50.5,29.011491975882,0.6650509366728,0.0619726939130993,0.503174593437098,0.00367723422409485,0.642748014612682,0.0469633102911911,0.513939496531207,0.0127039160397031,0.803301195808045,0.105678456466089,0.520917771980899,0.012596991690682,0.628946314697607,0.047542191861662,0.506275064846621,0.00400789945189239,0.675505299751122,0.0604592226226675,0.511690101039222,0.00886320007700696,0.800403923819285,0.103495805735424,0.508836397396473,0.00561371037384766
325,50.5,29.011491975882,0.665892254571265,0.0607815794449307,0.502619616008589,0.00293352781384551,0.643583241385925,0.045853845633959,0.513734026996582,0.0134318249952678,0.801983618553926,0.105339084733354,0.522453941494214,0.0153780938325801,0.629258789989545,0.0469015394544008,0.506616040417108,0.00459971316030833,0.676746143494186,0.0597061542278314,0.512295170283015,0.00980505907159176,0.799975743657074,0.10331331349834,0.509330579718571,0.0069820379281495
326,50.5,29.011491975882,0.666056336373239,0.0599209578206292,0.50279849960265,0.0032032795009499,0.644197756856142,0.0451504434891527,0.514033659152507,0.0131471153207949,0.801808974142815,0.103780110247432,0.521604268592282,0.0150303209169255,0.63030815570538,0.0463503960415401,0.506088579600713,0.00394929582541622,0.678522482689738,0.0589374002882104,0.511501075092178,0.00858145692032283,0.802296698707216,0.100502381813597,0.508618684622414,0.00530571972005161
327,50.5,29.011491975882,0.666067816669421,0.0593359885630188,0.5027230613934,0.00355671032333716,0.645361354408385,0.0445922728673967,0.514180794432566,0.0133999860022142,0.802157689029576,0.101998213917618,0.522016119937437,0.014774258706802,0.630156601942747,0.0459044742386015,0.505757894658432,0.00381533729790237,0.679696150401557,0.0583978557835755,0.511959637337235,0.00896682794844342,0.803457155028432,0.0972985122860198,0.508738049019236,0.00576591010204727
328,50.5,29.011491975882,0.665765851677772,0.0584857135030842,0.50272687961043,0.00304507188788475,0.64631406512885,0.0437680329038144,0.514218927254116,0.0133760869522446,0.805658871157271,0.100011875331785,0.519435895517541,0.0127957854065409,0.630042787656605,0.0447502752860531,0.506406496477485,0.00400574675137258,0.681167314540234,0.0569012391501659,0.511970621115557,0.0103904799425028,0.804226575032042,0.0952925367470571,0.508720920696238,0.0062148614984979
329,50.5,29.011491975882,0.666477694204445,0.0579631207382877,0.502537042578961,0.00263774598599448,0.647060620535549,0.0426900168757457,0.513549708739396,0.0134274572665722,0.804250202059331,0.0978922893675369,0.519153987942759,0.013893968092702,0.629596614486326,0.0446112129794647,0.506855093880642,0.00492843259827643,0.682350579625206,0.0555445385333126,0.512801233854759,0.010446142197305,0.805903051162146,0.0927113089708255,0.508711425666832,0.00543161096562871
330,50.5,29.011491975882,0.66612587056836,0.0575843819756705,0.502495841744078,0.00258544264236888,0.646601493420508,0.0419656207621711,0.513869682067136,0.0143408534325883,0.805011381589136,0.0958176058932177,0.519559588777024,0.013436231388286,0.630033374157611,0.0440940003947985,0.506892172661687,0.00453836994678664,0.682266768582269,0.0552582336770293,0.51293062704729,0.010552814145343,0.807317241511552,0.0918821753222629,0.509220180283892,0.00641763531045147
331,50.5,29.011491975882,0.666630822781638,0.0579153261222931,0.502870699373813,0.00334824891269863,0.646477255213252,0.0421734453474476,0.513853014035858,0.0128294229558986,0.805061022136728,0.0963690001583062,0.519334405405394,0.0116941397429295,0.630657160024824,0.044405263338295,0.506111440512303,0.0036134367558478,0.682527188702148,0.0553623356200035,0.512161713235653,0.00960026297611275,0.80983434790747,0.0906258760611532,0.509492963438759,0.00607143851062954
332,50.5,29.011491975882,0.667902736307851,0.057928487425488,0.503177332751071,0.00370571259021293,0.646657971606778,0.0422895436943721,0.513740632214548,0.0134581234616406,0.803684541789555,0.0949125577621079,0.520819208453627,0.0135808738050833,0.631110122240749,0.0444853943981691,0.506872802532041,0.0044791416697251,0.683042520638443,0.0550860583131156,0.512360940559926,0.00958417057004884,0.808120228327652,0.0899898826361371,0.50945201568425,0.00598589371302477
333,50.5,29.011491975882,0.669309910494795,0.0568093723867168,0.50345761085567,0.00357768996838581,0.646295508935406,0.0422841253603032,0.513394156794611,0.0135302412673809,0.806948087497782,0.0949050597329703,0.519015815697927,0.0106446196188089,0.631649975986567,0.0436366075493218,0.507258581180989,0.00502068768425704,0.682703630928295,0.0547256456002555,0.511849115496625,0.0089765186899749,0.808859080178415,0.089247657556944,0.509166103793285,0.00574193647541724
334,50.5,29.011491975882,0.670745954948845,0.0555816178511896,0.502597511996126,0.00291253787329011,0.646425176319476,0.0428448397586666,0.514197785430378,0.0117221840555647,0.806034773376906,0.0950425436052219,0.519717330170968,0.0113318945654087,0.631937842801792,0.0431766759554833,0.507642094594652,0.00500520555926664,0.682128391525738,0.0539755271045217,0.513189397632967,0.00995631334938091,0.807718101417262,0.0896810008898837,0.509505702279988,0.0063404368712065
335,50.5,29.011491975882,0.67177392422274,0.0542455765841279,0.502781043770873,0.00327497050970025,0.646021509465636,0.0431650280318592,0.514452189707501,0.0117350732764343,0.804515343764829,0.0946628823419018,0.52102824638712,0.0144582252973045,0.632706121473375,0.0424042136973303,0.507310179479148,0.00461553747509688,0.681251488210432,0.0537339349908963,0.513191301120985,0.0103959752914962,0.808906323652267,0.0906849130141624,0.509658558985416,0.00620572541018549
336,50.5,29.011491975882,0.672078191680473,0.0523818573925976,0.502566063144618,0.00242188355971404,0.645806511063879,0.043414240501912,0.514429951967874,0.0116158872109085,0.803168980636639,0.097492413392228,0.519816220769598,0.0147276708905393,0.632861551945823,0.041620675757254,0.506935527667418,0.00436380596413964,0.680386069634389,0.054176329792789,0.51303598646657,0.00870403950228044,0.807814925786827,0.09390584932395,0.509905750876968,0.00580068058043023
337,50.5,29.011491975882,0.671808318081786,0.0512539151756926,0.502573949509987,0.00290724761931267,0.64560624931044,0.0441978361863366,0.514681079171464,0.0117689399143999,0.803875702486824,0.0984415894482514,0.519136193703348,0.0146111466977592,0.632208124088444,0.0407846334533042,0.507169082961706,0.00561236358731345,0.680121880525741,0.0541025684671311,0.513027017971448,0.00888878811822632,0.806952076525663,0.0956482861907518,0.509457288340855,0.00579332999578496
338,50.5,29.011491975882,0.671586955662589,0.0504823688700712,0.502583386955747,0.00256591530500716,0.64561257655814,0.0448902199657229,0.512463752169463,0.0121799506839472,0.801713140514866,0.10078151975051,0.518542798134121,0.0121162480073178,0.632369810565752,0.041145590711101,0.506070192004967,0.00366142848622817,0.680106098147941,0.0549922816626664,0.513371567918616,0.0100452925414788,0.804056687403479,0.0978340482278645,0.509458924370335,0.00594648414810883
339,50.5,29.011491975882,0.670769211843175,0.0505578824101448,0.502391785191491,0.00264503953560835,0.646055779992001,0.0453948531185711,0.513211161964913,0.0117616082154271,0.802650117417967,0.103500120832203,0.516997355848601,0.00993253496903287,0.631093147764165,0.0409095294965133,0.507057582196155,0.00461734863906907,0.67951151769125,0.0558277038180548,0.513484254092027,0.010661747074455,0.800428124809309,0.100252347096165,0.510038390059058,0.0063466738113754
340,50.5,29.011491975882,0.669936621433485,0.0506412514541182,0.502770159211662,0.00281212414623766,0.646938804965076,0.0459131951284937,0.512996403585367,0.0112556823938837,0.800615588050504,0.107482861099096,0.516931020829204,0.00982572657286802,0.631021176061239,0.0407703982438939,0.507012941359605,0.00480376975785886,0.680083339306987,0.0563969592581846,0.511961224178106,0.00766476860398543,0.799595680590952,0.103836925291234,0.510322157616954,0.0063135338976435
341,50.5,29.011491975882,0.669978522215262,0.0507561126591058,0.502845173863766,0.00325228926582543,0.647792076081337,0.045960071961628,0.512519674918374,0.0110853087684821,0.800912177083884,0.108168865258101,0.516588150689449,0.0117962476779043,0.631566124271066,0.0409309417435491,0.506560689907416,0.00463119225753664,0.680772294102543,0.0560344111984256,0.511610853958254,0.00803316220169928,0.799519277600288,0.104884753146972,0.510275090274498,0.006703651895975
342,50.5,29.011491975882,0.669945635091272,0.0495575441692927,0.503651955449887,0.00403949222760097,0.648076357983829,0.0451366551348108,0.512070722756897,0.011754942679909,0.804211580756179,0.10674784988352,0.517379004073373,0.0128727334142801,0.631497697323625,0.0401169755511863,0.506386989801984,0.00427677043467165,0.681693063391823,0.0556881474040397,0.513279153996064,0.010066949507848,0.799113388014257,0.105060793275443,0.510165228179221,0.00661034313826057
343,50.5,29.011491975882,0.669970933563659,0.0489246349823133,0.503196105742291,0.00379700606960145,0.649574208289966,0.0446727249980001,0.513837142864245,0.0124559057612158,0.802999290576956,0.109754477253444,0.516602255133326,0.0114699856694457,0.632229703414638,0.0397703366755566,0.507217097785753,0.00511684534236235,0.682257038069394,0.0555079999565829,0.511624005046427,0.00857323938698339,0.800636929996319,0.104299696975094,0.510294664255812,0.00751995969683262
344,50.5,29.011491975882,0.670012568465511,0.0489322372691645,0.502513656537778,0.00245524418916276,0.650170207361018,0.044812639532182,0.514046964969414,0.0122257331491113,0.804955622315856,0.109068717346035,0.51860396054056,0.0129278231087968,0.632396029579047,0.0389715697211322,0.506996065079573,0.00479645257271854,0.682908270428855,0.0557046286527442,0.512667251762289,0.00924731385961337,0.801777885211275,0.103875322533994,0.510133657630395,0.00712449248640817
345,50.5,29.011491975882,0.6697549677139,0.0481488948276135,0.502698894232827,0.0031503435813163,0.651248179972184,0.0432091455679216,0.513085150052127,0.0134537659510205,0.80753827513142,0.109031396305346,0.518157048081587,0.0120088567992666,0.633193069098782,0.0386871893033498,0.507188436435709,0.00491877386319254,0.683663929811267,0.0541923820176774,0.511970952804508,0.00966755676686135,0.804203200530529,0.102608384197862,0.510095918489491,0.00726809683215254
346,50.5,29.011491975882,0.669961587241906,0.0475387154903262,0.502752395697783,0.00300325334650453,0.652052563775631,0.0410997154419698,0.51274621856221,0.0125123582892229,0.807415427611889,0.109150415526447,0.518152350876466,0.0130521647198912,0.633572906782126,0.0382356692411472,0.506780188913549,0.00518386510879407,0.684974831921066,0.0516415069882484,0.512491163058456,0.00884989226241928,0.803507763741086,0.103017504311243,0.510094418056047,0.00715495675837586
347,50.5,29.011491975882,0.670274196730434,0.0468062214185885,0.502866970393085,0.00304696842865379,0.652599341968761,0.0393220348291308,0.512858724628257,0.0122634408123897,0.807114894723831,0.107767547077482,0.518045510500441,0.0140656593414142,0.633757813005164,0.0370522221119241,0.507097395608325,0.00474457142734237,0.686395646057531,0.0495678961813615,0.513481320071415,0.0105086034928132,0.80368209557323,0.103476032679862,0.51000917960261,0.00654913142394703
348,50.5,29.011491975882,0.670120766404556,0.0467710866465357,0.503733607573175,0.00411454408850408,0.652542549238344,0.037599705842352,0.512253796788194,0.011282274177893,0.808026378085935,0.106478332078032,0.51839940437972,0.0139338106024309,0.63437325936686,0.0373965876585978,0.506989924325738,0.00491688108117075,0.686954735071704,0.0468026989354384,0.512434727893357,0.00896773059946909,0.804074247632855,0.103423486421934,0.510518435689182,0.00644958651961963
349,50.5,29.011491975882,0.670680171394282,0.0453972168077036,0.502696648774917,0.00285568633299613,0.653475868462173,0.0357228371293353,0.513459846353587,0.012483329848296,0.81077675683824,0.106014198095788,0.518236414530968,0.0134216224633003,0.635588465769748,0.0369218147096309,0.506426402638486,0.00431170535502831,0.688247159652293,0.0438152237228047,0.512516288967681,0.00859760752302636,0.804947479328515,0.101366601870508,0.510647623004468,0.00679473880582303
350,50.5,29.011491975882,0.671463763680557,0.0440452537654546,0.502564048689749,0.00292817586131135,0.653158327511526,0.0346978042717824,0.512571355577716,0.0115845423215902,0.809944353348189,0.103237581087966,0.518910460889005,0.0142175797638064,0.635820783944925,0.0353879677810912,0.506988760675416,0.0047139335337742,0.687992760889742,0.0408243133838587,0.512655625743076,0.00951769292384579,0.805760806085362,0.0983171627204711,0.510285821581235,0.00650386209229111
351,50.5,29.011491975882,0.672240746225259,0.043376705681695,0.50278426488921,0.00282909173671036,0.653088429528747,0.0341611983683237,0.513590721919376,0.011377328369744,0.809868236575432,0.0994870117407679,0.518588682670525,0.0141506543466505,0.636369774333835,0.0357933812963037,0.506358683361131,0.00418502781255429,0.687793845036726,0.04071468731178,0.513121984371138,0.00938403484041712,0.80469391594921,0.095289379118884,0.510755588384778,0.00707508293591671
352,50.5,29.011491975882,0.672617041920205,0.0427379908055251,0.5030147879313,0.00325020027286671,0.653159910435052,0.0339643393444792,0.513305830529288,0.011799828267022,0.808060435410301,0.0943474979841038,0.518036399870107,0.0129119552400986,0.636488330055308,0.0347615457023457,0.507003365191109,0.00435718151639578,0.687564298172514,0.0413257034452847,0.513564796583181,0.00954437893790863,0.803556090417864,0.0907030120079106,0.51039474964171,0.00667451632722465
353,50.5,29.011491975882,0.672688670540567,0.0415779865281392,0.503091697810883,0.00300142699117377,0.653189708536421,0.0340365237503335,0.512515448085554,0.0112860866884037,0.808115521238511,0.090042440200776,0.51760595107242,0.011823789513151,0.636768091476066,0.0337494042621024,0.506619863355809,0.00425709461930044,0.687748364946376,0.0427802803610845,0.512974302671826,0.0103554229662631,0.804319130057804,0.087635087200071,0.509443280702671,0.00512246813679937
354,50.5,29.011491975882,0.672686502241231,0.0411231990104204,0.502567125278484,0.00267163993324847,0.653196369317008,0.0349434059386375,0.512079597117629,0.0126007654853033,0.803103849928575,0.0894269140069447,0.51809888622024,0.0126836084645539,0.636346400508192,0.0332941134166139,0.506911982476207,0.00514231208652427,0.687695196867921,0.0434463850368193,0.513994734804131,0.0104465126190188,0.801641813681441,0.0845948979668934,0.509608895610939,0.005137016950167
355,50.5,29.011491975882,0.672594690486856,0.0415449685586973,0.503032836750749,0.00280816443899566,0.651896178716657,0.0360441598215974,0.51229864142181,0.0128969752704887,0.804464421212911,0.0871064041093983,0.518231003077723,0.0120693018125038,0.636539161313286,0.0333050151540312,0.507089338057049,0.00484216772029748,0.686057913549494,0.0448489956580559,0.512169242055271,0.00805540637728508,0.80485158233248,0.0828809165587286,0.509708185904908,0.00590604725918512
356,50.5,29.011491975882,0.673037326781605,0.0410629486663656,0.502652313099053,0.00242054167334582,0.650911468329619,0.0372598850761794,0.512823219323869,0.0125885880681742,0.804148167800172,0.0878250415845897,0.518392774657246,0.0133065113419537,0.635778736206744,0.0324740611893933,0.507458509314069,0.00544985034515076,0.685087151076035,0.0463213879972832,0.513288809980639,0.0102074784165278,0.805074812254634,0.0798591022109742,0.509607883001554,0.00679837337231443
357,50.5,29.011491975882,0.672383601680965,0.0406805022333699,0.503267656617572,0.00343071426245132,0.650257804340427,0.0387149844944275,0.512732111853387,0.0125501662071348,0.802162420660704,0.0867812755274973,0.518869035226475,0.0117362880198983,0.63557890356992,0.0323889647006228,0.507156056715341,0.00438426331365984,0.684291958569283,0.0479667494823719,0.51239899333855,0.00808270818102787,0.804998330298897,0.0783426977251141,0.509715075561336,0.00724350084822587
358,50.5,29.011491975882,0.672298798690888,0.0412751349668768,0.502789355064494,0.00271394883420188,0.649891259372005,0.0397918887191,0.513686176019864,0.0125824450249059,0.802456716611626,0.086493243219621,0.518638076064583,0.012487890707017,0.63524091295127,0.032186354236057,0.506826236516129,0.00471178414331511,0.684528715060613,0.0497399663126075,0.512815181536419,0.00902349703819302,0.802633116679453,0.0775362927624788,0.510229782882836,0.00705969967248409
359,50.5,29.011491975882,0.670886514060965,0.0415853080788552,0.50302567701172,0.00291049593604854,0.649768429598737,0.0412775977296971,0.513135717096148,0.0119327655893042,0.802950608194497,0.0865126613286823,0.517984473092498,0.0113320948648476,0.633054088880309,0.0319155088221504,0.506385804299423,0.00418550537825363,0.68541765530551,0.0497929961889991,0.513774837320553,0.0111445196145193,0.803958718736692,0.0779130774964194,0.510211521929608,0.00725126634043924
360,50.5,29.011491975882,0.669699978789405,0.0430604166248404,0.503054081246019,0.00328879663623282,0.650164025349442,0.0425017439543118,0.514125094484804,0.0132722405934966,0.804229219307885,0.0835028299400095,0.51818185947093,0.011560212052848,0.63191900407249,0.0324464766887824,0.50679324849613,0.00541343298960272,0.684881444081047,0.0501392304725869,0.512568615019848,0.00764390917736172,0.80526205933777,0.0784918182640531,0.510584992238105,0.00692517400265636
361,50.5,29.011491975882,0.669200147812674,0.0447855275404836,0.502684857976919,0.00276180501002793,0.650450436637058,0.0433981480421877,0.513646985670794,0.0132775734551199,0.804673141149929,0.080708506005614,0.518193604432398,0.0130711067823826,0.631334964775594,0.0337215248619179,0.506968297946179,0.00505153066146878,0.685773626329481,0.0509219551174678,0.512731866043954,0.00839366470701072,0.806636767896447,0.0787984634286284,0.509787544769938,0.00644096937566384
362,50.5,29.011491975882,0.668037102846265,0.0457653643993319,0.50282547956737,0.00283981734045563,0.651268862407151,0.0430985824880371,0.514033208371229,0.0131732293734578,0.807429035357188,0.0789964186040599,0.517928734553417,0.0113161392543852,0.630237591824392,0.0338526839801004,0.506872089177328,0.0048626621479301,0.687073733761547,0.050861646295607,0.512967793203465,0.00864710019270966,0.807793446983765,0.0763292998710976,0.510423521718805,0.0069000240426226
363,50.5,29.011491975882,0.666997067426153,0.0475656272687087,0.5029903968289,0.00282630575303369,0.651136222273792,0.0424131967515289,0.514701360643125,0.0118368807311085,0.808782842991428,0.0762256023799312,0.518033953448112,0.0120270653822074,0.628909220277442,0.0342161043986614,0.507423251160249,0.00509449221902979,0.687062944115141,0.0507392413855622,0.513695021955147,0.0090801689391961,0.806602526850783,0.0731287075079558,0.510763309951085,0.00661906683044389
364,50.5,29.011491975882,0.665980028870251,0.0493007616980735,0.503104353647801,0.00299087819102093,0.650976149227425,0.0415394909799821,0.514389260434138,0.0121201301889153,0.812406183266239,0.0727671463066052,0.518120190587025,0.011933354105635,0.628782285472994,0.0352250270593097,0.506932350229506,0.00443934428279546,0.68705029219304,0.049879709247162,0.512942001493661,0.00769093063787555,0.809752423440806,0.0697759329709483,0.511078571223046,0.00774231862431684
365,50.5,29.011491975882,0.665160992359448,0.05113348141302,0.503053199063639,0.00290282147864212,0.651029404793693,0.0406166124764444,0.51338908422031,0.0133067791375446,0.814220830494466,0.0696459207862771,0.51853687632606,0.0145151660763262,0.628385368805883,0.0364144486007293,0.507039845695636,0.00426697530390297,0.687051339370489,0.0492150680577303,0.512644914440093,0.00788175980982499,0.810873477791461,0.0673382138887505,0.510942979137711,0.00742393885409647
366,50.5,29.011491975882,0.664490253067449,0.0528601986100739,0.502697231759872,0.0023514485096092,0.652008484552952,0.0398647973003952,0.51477561312392,0.0125158779529912,0.817247093250274,0.0678814400597891,0.516932313846953,0.0119691881579354,0.628121412760761,0.0376586019386249,0.506920552516865,0.00464229114909876,0.686939462462659,0.0485722262157932,0.512765586056582,0.00835736865421031,0.810758244066391,0.065300414447873,0.511146964900438,0.00790090181810419
367,50.5,29.011491975882,0.663532291955405,0.0540210891659446,0.503103016347153,0.00288242562762584,0.652457537867847,0.0386721425976188,0.514216570386606,0.012809659945059,0.820406407759362,0.0667225497832153,0.51733407596815,0.0122981827817913,0.628146217801807,0.0383966465875539,0.506806254117858,0.0043556406495214,0.68757212622256,0.0472131818941694,0.513032706701838,0.00903731725609615,0.812017991361946,0.0635925586583021,0.510832363188168,0.00669834407571851
368,50.5,29.011491975882,0.662625037913293,0.0546897473834119,0.502989959811108,0.00273956292977632,0.653393625902445,0.0380944862014999,0.514263944919076,0.0127549307794049,0.820432646004684,0.0651678948656971,0.519448787441259,0.0166198703239813,0.627489392869323,0.0389954996160745,0.50666184137953,0.00430708102898042,0.688117663983994,0.0466385143840883,0.51391887495141,0.00994735210717632,0.813782678697674,0.0609522705425933,0.511024739575864,0.0068652726763717
369,50.5,29.011491975882,0.661915601501691,0.0553469932326288,0.503113948162626,0.00287301520084809,0.65420442407887,0.0376724099393026,0.514470617377756,0.0133512636274544,0.822286968307151,0.0636978858507369,0.517932580561198,0.0121449668058009,0.627755091926379,0.0404659831554566,0.506328875032269,0.00377037522142418,0.688795293081337,0.046262771406804,0.5134954148279,0.00983914034189906,0.814878141302137,0.0589694306042099,0.51115958711805,0.00681831815624633
370,50.5,29.011491975882,0.662158000044244,0.0552174307861629,0.503640017842378,0.00354133988691441,0.654340530918845,0.0373481795646495,0.513328578656989,0.0121800115792403,0.82101437130256,0.0612184951926187,0.517510500085841,0.0122417109857514,0.627847567934744,0.0409253411716643,0.506986490818949,0.00476347617175049,0.688582269151295,0.0464616536428829,0.513043621008273,0.00920825317159605,0.815286130002343,0.0583176148821231,0.510889104685244,0.00694078110927142
371,50.5,29.011491975882,0.662659589734549,0.0547882658990585,0.503397533519207,0.00380191178137626,0.654524306324768,0.0374208542816035,0.514443352505788,0.0127978086462607,0.818665782557746,0.0645556880893761,0.519155202356901,0.0138608773533215,0.628571484209987,0.0412934289417491,0.506906529674844,0.0043051267906214,0.688595679308552,0.0467388496915324,0.512103454611887,0.00839939413079681,0.816116385709413,0.0611924166800371,0.510750898075605,0.0067721708079478
372,50.5,29.011491975882,0.663656108126034,0.0546106801460971,0.503232776890555,0.00336834934180736,0.655385256292033,0.0376714150531122,0.515006017514053,0.0130293488899567,0.818840295797416,0.0681194553935411,0.517953438952278,0.0132060641443738,0.629055775064021,0.0409570917681874,0.506586743026602,0.00414023407091625,0.689104227251346,0.0473530235684596,0.513385995542026,0.0097979297775099,0.81492646989316,0.0646976549978723,0.510676124730829,0.00708813131578353
373,50.5,29.011491975882,0.664689731144404,0.053737629484154,0.502912275827913,0.00293112661788967,0.655389767899695,0.0376982009696031,0.515940454746395,0.012600459726744,0.81836602479297,0.0716673693002651,0.517578510537394,0.0121576325563205,0.630308469851195,0.0408589463834761,0.506481654099039,0.00402454899394324,0.688440335755737,0.0467962930293622,0.512653414435163,0.00798920186509684,0.81482640630044,0.0700429143920689,0.510946418179166,0.00761720038234837
374,50.5,29.011491975882,0.666403670518664,0.0528783960117036,0.502669849884738,0.00242247819883114,0.654944006200702,0.0388885414805986,0.515524967534554,0.012377017719123,0.817566234873045,0.076400762695275,0.518898914100258,0.0144702769574136,0.631030224571942,0.0399437730925248,0.507390666533238,0.00496028896331486,0.687924071588819,0.0473201495149236,0.512650606451072,0.00883767132109046,0.813595749401757,0.0755048624212901,0.510523254178293,0.00636380120134464
375,50.5,29.011491975882,0.667853652423244,0.0511965681589356,0.503263418730507,0.00352534137302666,0.654693988854584,0.0403978841212922,0.515986238040764,0.0133221885530781,0.817447431411738,0.0821255454206018,0.518268333260601,0.0124391251629403,0.633058032449143,0.0395249437741851,0.506551709710557,0.00448760630691757,0.687276003811045,0.0486546547349381,0.513141791132531,0.0088528264600846,0.812833426259144,0.0804661600259036,0.511326090810314,0.00800960638731346
376,50.5,29.011491975882,0.668625254748278,0.0490077248363222,0.503791230452958,0.0042652767603455,0.654656009557904,0.0409231760354209,0.515305310092757,0.0134942942692444,0.816355059313335,0.0863012440597807,0.518250395101132,0.0123013810298671,0.633635528301717,0.0375478592621805,0.506683778607421,0.00408779720455388,0.68787369712979,0.0498699242174481,0.513662376753694,0.010581346219386,0.812528914256133,0.0851980605747305,0.510243455727178,0.00729247962826592
377,50.5,29.011491975882,0.670074709704402,0.0476565504380102,0.503132277126481,0.00324714357941664,0.654455856810224,0.0416826254696991,0.518382784055287,0.0146887558075321,0.815331100910941,0.0863465340340791,0.519325425082537,0.0136748521076534,0.634462442759009,0.036638455715554,0.507037863720489,0.00438538494375993,0.688039994324817,0.0516328605400043,0.513635508556914,0.00944569734762914,0.812128625038597,0.0854639468226644,0.510484344083086,0.00819927208464947
378,50.5,29.011491975882,0.670970723222801,0.0461677311851067,0.50292920952751,0.00322531481181426,0.654949065487084,0.0420617325532499,0.518117422978798,0.0146374332522756,0.816374116277344,0.0861799851963292,0.518310583547938,0.0135214204538961,0.634990081652244,0.0362195599675016,0.506881946813797,0.00397646845443037,0.688943496925902,0.0528367907094179,0.513581358654715,0.0100632351114068,0.812200761034281,0.0857971482370865,0.510127148552914,0.00717394803269505
379,50.5,29.011491975882,0.672341413678994,0.0456818561173663,0.503013324727469,0.00316536879096143,0.654991870946859,0.0420910918619822,0.516768079935929,0.0134411081595366,0.817897288052648,0.0855281350808883,0.519448535239553,0.0143157128973106,0.635361328934664,0.0356081152604222,0.506463258793838,0.00358136571048269,0.689197225245343,0.0522259066904749,0.513614616306023,0.00978922185255273,0.814346851581149,0.0817568789682957,0.510647238513518,0.00769283303541933
380,50.5,29.011491975882,0.672787484901012,0.0459970814480664,0.503328343523659,0.00420262681130534,0.654743752098636,0.0414837563022638,0.516146886193004,0.0136499851657425,0.819664579083515,0.0818655186881599,0.521229978300296,0.0160725035600108,0.635627495705717,0.0359931349737782,0.506657027312398,0.0040754471919635,0.689063163504438,0.0512699741913446,0.514072537140876,0.0105899267080264,0.816531192594858,0.0761624071968686,0.510423539959053,0.00733953335985564
381,50.5,29.011491975882,0.672870039721014,0.0462134439375263,0.502840610771908,0.00331145200217176,0.655336023582329,0.0401837116248176,0.516073380905245,0.0145361364760021,0.822941835238811,0.0779135815349708,0.520282884138784,0.0129253712777815,0.635911359124702,0.037138286695842,0.506802820971728,0.00431243091380691,0.68961322377126,0.0485994107019476,0.511882459755133,0.00767348880664949,0.818831909870409,0.0712938575783348,0.510484092695372,0.00752907568832815
382,50.5,29.011491975882,0.672435233183206,0.0481740690611536,0.502477258628775,0.00259321869159803,0.655133095689068,0.03917302252107,0.515825685009898,0.0143417514407761,0.822811690284399,0.0770670883139312,0.52131160305817,0.0143374314699769,0.634958041561495,0.0386165484589996,0.50707494529362,0.00418381089066666,0.689851401794403,0.0468715002028378,0.511814850163496,0.0075053376231197,0.820481022176972,0.0658409386673155,0.510242870449513,0.00657745271744236
383,50.5,29.011491975882,0.672129650802724,0.050158078484749,0.502818371506543,0.00327656469268582,0.655700528473063,0.0389174999237549,0.515505428281529,0.0127420083682679,0.823396306353757,0.0747908512733903,0.520064677881126,0.0131934383296072,0.634441250690339,0.0403043302807015,0.507207902144792,0.00439744065392486,0.69054209603902,0.0455053845168338,0.512573374577926,0.00814925271143452,0.821916627099846,0.0611023484178081,0.510071214866966,0.00682449832820913
384,50.5,29.011491975882,0.671110757755405,0.0523205328237468,0.502798700479601,0.00351363164060028,0.656082812281426,0.0384493239715975,0.515213799865548,0.0122555718704644,0.824145316575315,0.0745527702181746,0.519751553877893,0.0140059278258991,0.633886323356391,0.0417396310186654,0.506774280023387,0.00418253709912282,0.690898448102257,0.0441837201748887,0.5128167735745,0.00832347541756597,0.823022755239358,0.0589961349700772,0.510090770282003,0.006846451837105
385,50.5,29.011491975882,0.670417053028316,0.0551072653027452,0.502528744264982,0.0024403110646896,0.656131676762961,0.0377517154529975,0.514997456007693,0.0120974535281524,0.825741492057793,0.0727724567065043,0.51934976789233,0.0125000573280808,0.633375507375223,0.0433056778724611,0.506975254370285,0.00482806257648946,0.691649796971116,0.0437588244859682,0.514027563032494,0.0103269463295493,0.823066273889501,0.0583775142796958,0.510356796652517,0.00706219352531567
386,50.5,29.011491975882,0.669887076138438,0.057403350772896,0.502966441945998,0.00304116520326896,0.655549382889486,0.0389123725387893,0.515091699778526,0.0130265176548901,0.825985802548928,0.0705273595417075,0.519894412690471,0.0141934891291854,0.633543380677343,0.0455079896984385,0.506963880787531,0.00453542145460181,0.690893129576859,0.0446610038483329,0.513109353333697,0.00833360693588393,0.825010777017317,0.0571442453332063,0.50993101835218,0.00677689575498457
387,50.5,29.011491975882,0.670275757754852,0.0587361401589201,0.502869201360773,0.00343923084620052,0.655181267723347,0.0409790170909634,0.515406320642825,0.0122761316626342,0.828740789808532,0.0674244062812729,0.518905362249085,0.0115034070483254,0.63392588180223,0.0465255914943119,0.50677539708275,0.00448380780545295,0.690720007195909,0.0473108065935614,0.51319770027057,0.00940294148003755,0.825311667319941,0.0546709858404427,0.510451450903753,0.00702458345370663
388,50.5,29.011491975882,0.670530751920477,0.0599331451426012,0.502497071735782,0.00304966463222834,0.65550956331387,0.0422925198597523,0.515589951991985,0.0126408238610686,0.830135995262672,0.0656935354557979,0.519241237029431,0.0114309384271064,0.634509285419779,0.0466626215881028,0.50668365777946,0.00405460316094431,0.690523491094684,0.0492300004911745,0.512051640783569,0.00847818126903578,0.827184131557894,0.0535622237495251,0.51039830660825,0.00700524304901425
389,50.5,29.011491975882,0.670764615412612,0.0596976479472789,0.502997003751524,0.00346938003008006,0.655986511197926,0.0422406067409455,0.514499931324078,0.0122800179378753,0.828972838600545,0.0644565284261499,0.519071139584652,0.0110610507771834,0.634479730420521,0.0459037719866307,0.507217719397188,0.00419250749751621,0.690217643049296,0.0495269105743963,0.512811585973839,0.00928444327758507,0.826763372492092,0.0525216123545268,0.511058084754472,0.00724990376486973
390,50.5,29.011491975882,0.671897458664902,0.0590687159009281,0.502579826209482,0.00314153250400699,0.6563159213209,0.0415770279517124,0.513779615920737,0.0127442969122687,0.829022801926566,0.0633614415968096,0.519652434218272,0.0140744856679147,0.634989452263697,0.0453558553273606,0.507766958673552,0.00477567454655161,0.690506070057415,0.0494262055142073,0.512470844771693,0.00971473011515683,0.828108112590348,0.0520772295272628,0.510323155286665,0.00688348502572098
391,50.5,29.011491975882,0.672722294607306,0.0571587940001195,0.5028333250397,0.00324859627253094,0.656839837570912,0.0407513659026454,0.514301034667704,0.0126461672463164,0.827150863518617,0.0599277590169637,0.519623753704701,0.0140146002255387,0.635366894386114,0.0438269835137423,0.507727177187969,0.00447548977451711,0.691070193500464,0.0493852377310958,0.512619179988033,0.00930800317936942,0.826925741821436,0.0503996088923611,0.510174617718038,0.0069466448367012
392,50.5,29.011491975882,0.673882506519984,0.0548123288788391,0.502811620131194,0.00302557390270301,0.656901408213248,0.0401843840945465,0.51448504856738,0.0140653474047081,0.827192309917867,0.0595063187356033,0.520336697339018,0.0143303853215721,0.63630828103371,0.0418551289169681,0.506771203453172,0.00410346604127504,0.691127243133243,0.0491754927536195,0.512863295662176,0.00884324543701404,0.826586959083029,0.0508174879505185,0.510621859184626,0.00816140119699473
393,50.5,29.011491975882,0.674789116386731,0.0531340227816223,0.502459019325919,0.00250430048415286,0.657448351638764,0.0399498580139383,0.513235067793117,0.0132945738692075,0.827130705323075,0.0585479245015264,0.518821835516505,0.0124672364492156,0.636262312766922,0.0394585279719158,0.50731270154686,0.00448295096234022,0.692019153547283,0.0488123220008533,0.513997252758837,0.0100945199170351,0.824206163620003,0.0516330857894082,0.509857017398636,0.00660233528023558
394,50.5,29.011491975882,0.674788889125978,0.050893175297165,0.502979672736311,0.00342679069420799,0.657566134244,0.0398401978992962,0.512693358412577,0.0133038316050446,0.825005794821222,0.0602385263944888,0.518766365503003,0.0118183656862106,0.637026471855866,0.0384474920369814,0.507105940292086,0.00457219683618651,0.692369212210808,0.0488678074917237,0.512713431270054,0.00778875266270952,0.82379861001726,0.054055100109648,0.510060121606988,0.00714842446865906
395,50.5,29.011491975882,0.675100691357437,0.049331637559876,0.502684931799897,0.00252715698911436,0.657227880989362,0.0390148704897092,0.513393281282707,0.0133236730398153,0.82523036241102,0.0622439628378613,0.517653776049454,0.0111323955650037,0.636910524332701,0.0375570978489139,0.506955623923288,0.0039310078652529,0.692669993538776,0.0491955402682121,0.513850846408308,0.00892153018454756,0.821811574216836,0.0573861120306783,0.50959211969554,0.00638591074886073
396,50.5,29.011491975882,0.675782773697506,0.0474358760259879,0.50278922671793,0.00280175088898511,0.656366556098554,0.0386030035303952,0.513693729305744,0.0131817854362372,0.822368846406836,0.0657462724633826,0.518635572247958,0.013014714357899,0.637024413437225,0.0360118493643377,0.507400930732293,0.00468183398472146,0.692272965073668,0.0490950195924153,0.514126776247018,0.0102395164986452,0.81862058667824,0.0616529201076634,0.509784089060917,0.00642666730798225
397,50.5,29.011491975882,0.677035193464986,0.0457211568821692,0.503338851466582,0.00316162724481959,0.6556727374635,0.038549864604974,0.513064156663497,0.0123689768490125,0.818638439187706,0.0703683907957869,0.518090114237988,0.0132642914648555,0.638447383880726,0.0346450811021395,0.507016990244743,0.00427400002257468,0.69163334818324,0.0496275953689358,0.513064180663389,0.00914429959000236,0.815781152075975,0.0659773457010575,0.509812965662523,0.00590207939845237
398,50.5,29.011491975882,0.678319536120364,0.0437722268981273,0.503352483885428,0.00383730081790267,0.655340691877941,0.0380187707447015,0.513318362060796,0.0128280273069231,0.814744981751625,0.0753079330611669,0.518795833981274,0.0135739835852895,0.639188561593885,0.0329877109627583,0.506811769575901,0.00408811307924802,0.691139147783243,0.0500453138473859,0.513354351603081,0.00886658789110085,0.81294300251824,0.0724599691724661,0.509623441100055,0.00577454891237255
399,50.5,29.011491975882,0.677793502157567,0.0422041855182628,0.503160242578443,0.00315823837240723,0.65520662148792,0.0382886483675055,0.512992042544711,0.0129221874068169,0.812103198129989,0.0788183648092565,0.520237452307326,0.0140325836942581,0.638911808938934,0.0320605184182237,0.506658344123814,0.00383782335652467,0.691039029032446,0.0504578710308132,0.513431295280636,0.00956924046610822,0.81058035524573,0.0792629158594836,0.509614899111757,0.00651652867950645
400,50.5,29.011491975882,0.677125256070402,0.0414146696154943,0.503081415716015,0.00298671591664781,0.655405568626995,0.0387705107857631,0.513972987687906,0.0132160585684614,0.811325683174482,0.0820716994029464,0.518429975562285,0.0125004323941701,0.638669563968332,0.0323808914419267,0.506660825452104,0.00400213654972701,0.691217593439161,0.0507795029959177,0.513703743134512,0.0104353926638022,0.809295976467311,0.0821421686970046,0.509812968732219,0.00608561823319392
401,50.5,29.011491975882,0.677390650752566,0.0415774218937994,0.502667903422653,0.00277367904247359,0.654780241773891,0.0392458588992211,0.514134872725353,0.0132981730963723,0.81006492803195,0.0857796906272404,0.519755140535761,0.0127867078435519,0.63859530773098,0.0329513569830045,0.507047479828317,0.00476671643945266,0.690303832135333,0.0511543833901057,0.51398621515557,0.00985946253698852,0.808537386192876,0.0837956529081764,0.509564644670515,0.00658540430014564
402,50.5,29.011491975882,0.676893933001186,0.0410112937419529,0.503369154681916,0.00343850049540254,0.653563734198197,0.040398088129451,0.513324543406243,0.0131611999695125,0.810313302585622,0.0889276678884486,0.519929015538089,0.0128749220630395,0.63856669593998,0.0333678350953754,0.506483627816217,0.00427334400740907,0.689103210870593,0.052109070211151,0.513437269776462,0.00971809924964298,0.808137058957289,0.0840232584562123,0.509943094395367,0.00658102345246931
403,50.5,29.011491975882,0.676628727619751,0.041973693730517,0.503091722763209,0.00298780522901834,0.652794482366811,0.0401110806108735,0.514115958789774,0.0121140101274201,0.813382643955923,0.0887833322390791,0.518568831334587,0.0111524516240664,0.638355895457805,0.0341190365787893,0.507058586793157,0.00494142030158726,0.687889996193002,0.0515748062659473,0.513138164791099,0.00943296203426873,0.807958287669479,0.0859947811398004,0.50992022136391,0.00639132109189288
404,50.5,29.011491975882,0.67645450936039,0.0438068078614388,0.502966494633038,0.00278258516015016,0.652024702060999,0.0400394542210207,0.514423583014368,0.0129482072766527,0.812846315061868,0.0887037158159734,0.519636482852977,0.0135135284078705,0.638954315117766,0.0345437018304824,0.506110052788086,0.00368730971865686,0.687972582008193,0.0510181440432831,0.512805398232552,0.00871558606672396,0.806727130347383,0.0867938149160045,0.510300266184655,0.00739622579206567
405,50.5,29.011491975882,0.676679831083005,0.044563378284952,0.503721664946054,0.00336319976870693,0.650991258501175,0.039356995016459,0.513341566273376,0.0120684114305892,0.814498079114538,0.0879643500157287,0.519038582868495,0.0104422767793466,0.638943361919345,0.0349266763380686,0.507017663351015,0.00470275108729508,0.68636858101824,0.051142750800193,0.512647681485916,0.00903653366074015,0.806788059906305,0.0856364693805758,0.509556800019879,0.00600836312245064
406,50.5,29.011491975882,0.676425796651449,0.0446702106511064,0.503241859880816,0.00359101019255634,0.650707773458882,0.0393111789249078,0.515166813054235,0.0134918203449592,0.81552865733162,0.084831249686993,0.519783500992922,0.0117173327988659,0.639360101317268,0.0348173627460634,0.5063591937458,0.0039843664606216,0.686014088165141,0.0515082688055307,0.51294576357095,0.00913008736947796,0.807476773311502,0.0839807498422904,0.509465017971541,0.00580255681410842
407,50.5,29.011491975882,0.676387506291208,0.0450602599574035,0.502920821545804,0.00288757673177376,0.650104724240912,0.0387744787629103,0.514543922676629,0.0137640137356536,0.817906784891003,0.0822126616425003,0.52042433827014,0.010797856056906,0.639650494094729,0.035246685720196,0.506452432481808,0.00489812867004062,0.684835088139869,0.0515861579751842,0.512634040322027,0.00905355467369719,0.809061327414451,0.0819427703143736,0.509683911877746,0.00568164019449363
408,50.5,29.011491975882,0.676178222763643,0.0452670835888932,0.503318172633885,0.00319774560289181,0.64900344603244,0.0391959652733595,0.514192266320812,0.0128047572243224,0.818241502087154,0.0782095915238891,0.521014483156546,0.012844433628525,0.639866346415037,0.03593842177173,0.506596814071949,0.00434958476090015,0.683705863086223,0.0517626166245477,0.511530734614082,0.00822986157880327,0.810984959451645,0.0770928165787491,0.509935635463085,0.00605188782680835
409,50.5,29.011491975882,0.676309467933346,0.0454763145212125,0.503280822806504,0.0030435386372953,0.64901922893807,0.0400913045740888,0.512771632476642,0.0121293348573807,0.818441939428794,0.0747796743947562,0.521030963875915,0.0124131140903539,0.63954339903441,0.0356559500802253,0.50674165874383,0.00431273072845557,0.683768659657046,0.0514050898707625,0.513187116795659,0.00982540653910129,0.810737874744253,0.073695363640222,0.510372819390535,0.00632052099850596
410,50.5,29.011491975882,0.676251344673394,0.0451487159682849,0.503306095923597,0.0032596282428344,0.649125348313609,0.0401787808050937,0.51351337592702,0.0127232744054326,0.819220585391794,0.0705995838599945,0.520026683257279,0.0113837776782211,0.63948044772862,0.0349791914727011,0.506975040765468,0.00492015995161289,0.68348858889062,0.0515129572326533,0.511860387400891,0.00926977196907313,0.812068920672734,0.0690508521214916,0.509564296617714,0.00512795195211926
411,50.5,29.011491975882,0.676622741681083,0.0437633093268651,0.503463076775877,0.00346734920797091,0.649239069942181,0.0396703633021792,0.513829786629022,0.0131623097016614,0.818672548717427,0.068495722804054,0.520429764547557,0.0122273727309553,0.640185220569405,0.0344920622914526,0.506440601439773,0.00421148694185066,0.684539067119867,0.0510481273133203,0.5121781665175,0.00914665789214869,0.810698928633402,0.0678999466840637,0.509773150229788,0.00515768435560449
412,50.5,29.011491975882,0.676787439138778,0.0430662977768093,0.50326964271568,0.00329925394663722,0.649345064556696,0.0397304741705801,0.513774581961278,0.0147418977602341,0.817129316902206,0.0718324922188644,0.520274991102904,0.0121827071005905,0.640582495171985,0.0338202316115495,0.506274475171542,0.00427393159191515,0.685354744438341,0.0513234214030341,0.512613079388451,0.00850813644424426,0.808307294664486,0.0686255644223382,0.509901065380926,0.0054549130991138
413,50.5,29.011491975882,0.677092902149062,0.0422027117716259,0.502974058993269,0.00308317740135212,0.650050907775557,0.0398783508452232,0.513855376049472,0.0139311926166549,0.817034019848755,0.0753195982222138,0.521052841622498,0.013128223717828,0.640888608016052,0.0329334455132446,0.506733798056636,0.00501851746787261,0.685257930596767,0.0513047501576585,0.512788997522102,0.00997667860274227,0.8072015338697,0.0735912869768443,0.510353078407367,0.0068517462541134
414,50.5,29.011491975882,0.676619984606071,0.0410353475354584,0.502892076444585,0.00296806180792424,0.649478885461732,0.0409737470602872,0.513956944489344,0.0131566031153401,0.815148437791839,0.079038063734898,0.522232673680451,0.0144710867449339,0.641073317657205,0.0316932054057863,0.506749585847125,0.00475493942704872,0.684280510468515,0.0527590596784813,0.512810604206567,0.00838231010331264,0.806149527658123,0.0782649231620507,0.509949739590674,0.00540208146778973
415,50.5,29.011491975882,0.675790730042212,0.0403518464047632,0.503284662352895,0.00344455610448022,0.648556155034942,0.043392100749885,0.514544458267303,0.0157732430744616,0.812935593621072,0.082813529955769,0.523286372607203,0.0149676179480622,0.64130425879379,0.0311216935933399,0.506658405185351,0.00460814437692078,0.683750611731845,0.0555441488121177,0.512652782671911,0.00877697209426672,0.80719772096078,0.0821474256425455,0.509619162288677,0.00598790299996989
416,50.5,29.011491975882,0.675582524669906,0.0400995490866673,0.503031101810776,0.00330603235681112,0.6475073220981,0.0454192835601981,0.514305085112185,0.0152888168378921,0.815115568768355,0.0866424939878759,0.52108201350915,0.0138607596478573,0.641722063625127,0.0308745638180518,0.505901291058052,0.00381182528875288,0.682768592821933,0.058294229526006,0.512345519549358,0.0087223369346173,0.808675266290514,0.0857110435279342,0.509698926032979,0.0054826704114949
417,50.5,29.011491975882,0.675015949021755,0.0406986852789835,0.502717334634031,0.00310017579831996,0.646750207940956,0.047629668215304,0.513862988706232,0.0149708341446405,0.816889561749144,0.0889780871058238,0.520285159207588,0.0126862671612046,0.641493623154106,0.0305238395919689,0.505830618174109,0.00351974804310335,0.68228397870124,0.06032774778016,0.51215981031662,0.00799385155374543,0.809192670851636,0.0875432596906904,0.509703951679449,0.00565044565500989
418,50.5,29.011491975882,0.67415899882749,0.0412245495441419,0.502663715698681,0.00271489866408239,0.646262812057593,0.0491604215877291,0.513621435173959,0.0139244581794748,0.815818450756864,0.0905997902833637,0.521383233406265,0.0137774090224726,0.640947755508013,0.0310268674586081,0.506207641430741,0.00400717364110302,0.682299171500411,0.0619041408069226,0.512484567318333,0.00849248759988232,0.807261600995434,0.0882844626031666,0.510399773593626,0.00633487072554225
419,50.5,29.011491975882,0.674332875445098,0.0417613109552716,0.502479593302178,0.00245255276286858,0.645755920911141,0.0498222693537498,0.514173154347835,0.0128490067395243,0.814632225410903,0.0895299781615435,0.521589755458549,0.0167276762415624,0.640114435684352,0.0315246358997638,0.506757846312058,0.00463971228674238,0.681564454569951,0.0624826869573531,0.513304360799895,0.00909108617614129,0.807519807334806,0.0887940945392184,0.510125674148735,0.00685314000207752
420,50.5,29.011491975882,0.673778601380487,0.04208106333707,0.502961378618753,0.00392500559852592,0.645645683517298,0.0504956743250282,0.513656887344653,0.0142278198794823,0.815979018779118,0.0880535100922736,0.519421222693222,0.0106453050326617,0.641151318907828,0.0317063220480293,0.506722954166478,0.00479198746920629,0.681432237374959,0.0638638649032271,0.513206152118656,0.0088889095350445,0.808747080188594,0.0872220643245464,0.509852884113959,0.00665142402112256
421,50.5,29.011491975882,0.67382096528255,0.0419758609660609,0.502635868733407,0.00333895719073168,0.645442699667395,0.051019990634854,0.514509418553274,0.015156318307262,0.81415744508254,0.0874378359815703,0.519011078420947,0.0109662079156955,0.64124254633337,0.0316247676855675,0.506801207033703,0.00472680602345795,0.681155656992069,0.0642245889901891,0.514706973668744,0.0103923222873517,0.807225233830215,0.085664399253313,0.5104747002767,0.00737763322833983
422,50.5,29.011491975882,0.673551098951208,0.0412211650587033,0.502849954035183,0.00337306911657204,0.645268046636617,0.0508604435322477,0.514116337496787,0.0140302810860787,0.812315221010574,0.087486134751897,0.518846562480086,0.0107849808587869,0.641549790236858,0.0309133226542534,0.506140357015449,0.00402441081815343,0.680730576317212,0.0644320888221392,0.513768944226179,0.00904604203346607,0.808557702993683,0.0843717195989146,0.510396849540424,0.00680811913349189
423,50.5,29.011491975882,0.673454720988511,0.0411480042079898,0.502918947875305,0.00335192928053458,0.645508809484937,0.0500388586872262,0.514178596123763,0.0146862550906611,0.809804022634072,0.0874586458757012,0.52063915577989,0.0137507431492068,0.641127501690511,0.030403943404511,0.506672948051839,0.00433035007546413,0.680301148734248,0.0639759699545761,0.514738324374069,0.0108241382316662,0.807943173926833,0.084969180375921,0.510370397668189,0.00656516358065381
424,50.5,29.011491975882,0.673736411303112,0.0406446746567707,0.502835389302898,0.00316561524774464,0.645635076971243,0.0497111233847991,0.513899798925631,0.0131378919166742,0.810639785285269,0.0888563894791021,0.519886417432411,0.0128175691571791,0.641305485203167,0.0298067570004935,0.506459703712058,0.00417125174220997,0.680233819027234,0.0621328088629148,0.514599353649013,0.00973363213016651,0.80820150011919,0.0859756747487385,0.510251810923644,0.0066620046000028
425,50.5,29.011491975882,0.674048781255138,0.0409138660337158,0.502785280315502,0.00326848256359176,0.646484520605452,0.0486950749088448,0.51322104932853,0.014859202803491,0.810667659255219,0.0883957921469542,0.519670899749752,0.0113484899047129,0.641245196068636,0.0303156043067451,0.506912907212655,0.00486249208037426,0.680679223962501,0.0596982126771218,0.514011247817817,0.00986460225648859,0.808862431927416,0.0869885184857692,0.510599545437529,0.00647516371508945
426,50.5,29.011491975882,0.67502796326055,0.0408197103296761,0.502408831031204,0.0028352973636265,0.647243890307733,0.0469181494044417,0.512855266013173,0.0143161447922797,0.811995531476362,0.0891049897571389,0.520770473934153,0.0132739078020464,0.641338429753758,0.0300056035007107,0.506452466649286,0.00435489331150367,0.682004871470588,0.0563974169523248,0.514214852820615,0.00982403992054186,0.810556373616797,0.0854544266449636,0.510600472195735,0.00639528377166744
427,50.5,29.011491975882,0.675538858112445,0.0404627583175542,0.502479787164332,0.0026820851817179,0.648130795099463,0.0445715347819784,0.512252427104276,0.0141066503720302,0.813224246011919,0.0888612495528055,0.520591798082472,0.0121077841601006,0.641991213116892,0.0297670280266573,0.506469791868486,0.00422546694947472,0.683248278950066,0.0528522474024845,0.514249535025936,0.0093815107013742,0.811458372228128,0.0840344022109205,0.510252558865556,0.00610501393462163
428,50.5,29.011491975882,0.676179404973263,0.040033234200835,0.502496769753088,0.00265641501408069,0.649111358115704,0.0424179758169516,0.51180571632846,0.0138822260203802,0.813616735835208,0.0890931268006207,0.520267751504823,0.0135339553643789,0.642224867311043,0.0297801700896709,0.505989203999349,0.0039383231240491,0.684664216270211,0.049515262415258,0.514434292733813,0.00950614072350166,0.811361392369706,0.0830307654853893,0.510919890429877,0.00653754648580131
429,50.5,29.011491975882,0.676506824219193,0.0411591637023531,0.502583728958432,0.00302294239414691,0.649980136841761,0.0392953794502911,0.511854608353737,0.0144234756433851,0.812597999765956,0.0893020510766128,0.519913436436353,0.0112588702687227,0.641508235314321,0.0305430157061827,0.506620345962782,0.00483576717670252,0.686025657208521,0.0462575233801394,0.515252681395354,0.0100691924480193,0.810516134353574,0.0812131104201601,0.510646972970379,0.00651790919288027
430,50.5,29.011491975882,0.676489603831442,0.042143904243942,0.502830457257756,0.00344678723224687,0.650766426528002,0.0371790636931955,0.512772436782944,0.0137863299468041,0.811890781016129,0.090441999244089,0.519906955941725,0.0125635134194641,0.641516530469129,0.0315747070004444,0.506718581467458,0.00426408783043758,0.686407515605998,0.0439424199453651,0.513838126913928,0.00884511943014639,0.8117147208716,0.0821681994201154,0.51099308025536,0.0066149037898187
431,50.5,29.011491975882,0.675907845621642,0.0422488380873199,0.502950714127698,0.00349670281475213,0.651288779997076,0.0357857185684597,0.512445875782406,0.0133961471136763,0.812133215477199,0.0924145187094195,0.520315018094904,0.0128476624512449,0.640867620753493,0.0334588801565106,0.506340990166976,0.00382318554945941,0.687954349297463,0.0425506296156107,0.513896047341285,0.0094434049448121,0.812449592367724,0.0835579102997967,0.511116156259469,0.00653041463125463
432,50.5,29.011491975882,0.675357996778085,0.0417983600136553,0.502490883857522,0.00278596560260028,0.652511198197523,0.0345702642421459,0.513451503541502,0.0138328851978614,0.812421390384677,0.0930156355855116,0.520477389395069,0.0132426357118254,0.640196360775885,0.0333362377389957,0.506887772290608,0.00504821509405934,0.688685624067739,0.0414901121823227,0.51418015863584,0.0104927371428486,0.81279466892336,0.0838427137523596,0.511496726420402,0.00650664742483935
433,50.5,29.011491975882,0.674778717188843,0.0406923596618659,0.502874056663048,0.00332356130568135,0.652965653507625,0.0341238730701978,0.513957416903896,0.0145692419847261,0.813218162709914,0.0954080129841082,0.522557869503062,0.0152351051010124,0.640936127563498,0.0329908428689755,0.507461854875442,0.00459471365330059,0.689205273238121,0.0421238734340264,0.512402372264855,0.00843364740013913,0.815752869656858,0.0848831321703186,0.511483124359875,0.00677619117018142
434,50.5,29.011491975882,0.674329710592693,0.0400900537868939,0.503049280754848,0.00347725193931636,0.653137412568338,0.0324234367661685,0.513393921594523,0.0149773009125801,0.817483588585799,0.0963393224697979,0.520874040592976,0.0124961204522072,0.641061541792235,0.0327907636172038,0.507468443558001,0.00471995594522411,0.688819115664392,0.0420892887145654,0.511820830231095,0.0080846244185289,0.817411655895326,0.0849340535425788,0.512014124673191,0.00725057106998717
435,50.5,29.011491975882,0.673840193710521,0.0403219581392287,0.503058050730341,0.00365696563948623,0.652894288781313,0.0313513261378456,0.513399336932883,0.0146733314018514,0.820351909251494,0.0936780274722777,0.520509133067147,0.0123265793485198,0.640545310328806,0.0329092051814796,0.507049318667002,0.00447558750863112,0.689112949086137,0.041575889939613,0.513385698544595,0.00963947766016007,0.818545178856309,0.0828985880671392,0.511851521080188,0.00652385495783087
436,50.5,29.011491975882,0.673207960482967,0.0403216292719059,0.503059603391483,0.00344943574890943,0.652797247103123,0.0306545710845879,0.512391513244756,0.0146190925738301,0.822460193740898,0.0919840837804307,0.52167117412166,0.0122241661336978,0.639631341289071,0.033090155855046,0.507032484792892,0.00499313969394442,0.688806680816442,0.0405528374623928,0.513380008873152,0.00891096040326805,0.818563973553667,0.0815712950201662,0.511214437947338,0.00660331305141938
437,50.5,29.011491975882,0.671269968718941,0.0412532352301971,0.502744891080761,0.00269314916918498,0.653286481464045,0.0300081677151786,0.51289073704359,0.0145469979937102,0.821574917410695,0.0888700550760226,0.522039275336592,0.0144452047809937,0.637726490861525,0.0331307385816703,0.507616418274993,0.00484928090194307,0.68884478947308,0.0391191233561349,0.513198183949874,0.00987649681665698,0.816558475768409,0.08039935681526,0.511297732493863,0.00595530789765354
438,50.5,29.011491975882,0.670347537840601,0.0434273838760394,0.503285040706709,0.00342687923580081,0.654131450661283,0.0295437801872823,0.511980236915829,0.0130107026664287,0.8187911413814,0.0890845909180719,0.521839356952945,0.0132182006775218,0.637268366804872,0.0340763968174946,0.506835180043968,0.00405344902083789,0.689800524244511,0.0386825933275446,0.512175832194262,0.00957192956218617,0.816380252831944,0.0810893221193879,0.511814096111386,0.00727144745858105
439,50.5,29.011491975882,0.669424761346951,0.0456177449203594,0.502936786603667,0.00282673136331361,0.653690361991487,0.0297242991789286,0.511425756561226,0.0129058089224707,0.814739834778794,0.0873623793935514,0.523389114345489,0.0152887470579555,0.635732223341067,0.0355912072020972,0.506982758225234,0.00475128092350783,0.689725326182656,0.0382680167060191,0.512808226673259,0.0097359927786856,0.814850752435103,0.0818931046078681,0.511988777859525,0.00693286249404404
440,50.5,29.011491975882,0.668897565528459,0.0476749296587817,0.502833304896245,0.00316206757406404,0.653430206257522,0.0318526293712905,0.512397458529724,0.0125717830989174,0.813376303753306,0.08584661443042,0.522050911340939,0.0132341748452205,0.635515881340082,0.0373281823271163,0.507015346949016,0.00407346987502468,0.688894702741109,0.0401748882301034,0.512705235567838,0.0100846712742271,0.814790574093719,0.0811674352654727,0.511287180032823,0.00681521753586701
441,50.5,29.011491975882,0.669211271071053,0.0493983359380775,0.502795538649575,0.00304539747215561,0.65298355924428,0.0340248249902932,0.513356637475224,0.0127932785246775,0.811950417832299,0.0835262740439024,0.520901519342136,0.0124639501689185,0.635301117218252,0.0388763020418049,0.506818458551353,0.00384838705656977,0.688256502034897,0.0423973983240042,0.512814821735949,0.00985270987348248,0.814787911691941,0.077979847075418,0.511273656541709,0.00731095053553964
442,50.5,29.011491975882,0.669757325658298,0.0497092197471303,0.503106752576214,0.00297701200690749,0.652882683662184,0.0346641322248274,0.513090225892276,0.0122578171756283,0.810402771255309,0.0815228543006633,0.520528930358796,0.0127729229005439,0.635892024885524,0.0396593085538058,0.506721851736021,0.00375407513487554,0.688058668355448,0.0437203888182487,0.512290071810928,0.009127413081401,0.814888631075185,0.0756756557884296,0.510536092696041,0.00640854575066774
443,50.5,29.011491975882,0.671022873375728,0.0500527296908694,0.502642978575715,0.00257236273271772,0.651859259804566,0.0343321818276643,0.513057432564014,0.0120928653823233,0.811919886167627,0.078447508208166,0.521645786915082,0.014100616385747,0.636309306599893,0.0400725797222316,0.506818859498623,0.00350289747626495,0.686628290303612,0.0429357783300958,0.512394214486135,0.00984051351095616,0.81650874952332,0.0755860821800805,0.510338547353521,0.00613847686741606
444,50.5,29.011491975882,0.671905778362749,0.0499102921777396,0.503189941029116,0.00336397152041932,0.651158288968213,0.0347885435975123,0.513551083123811,0.0130316024662302,0.812279658460841,0.0786281554307655,0.52147372681559,0.01304589844955,0.636766671612465,0.04001635961673,0.507270252237491,0.00434944760593134,0.68575073504103,0.0429188793374525,0.512586663674562,0.00943685938297945,0.816547053243777,0.073481404090521,0.510466463120832,0.00637562156714197
445,50.5,29.011491975882,0.673634827147447,0.0498727466739281,0.502572757127731,0.00295567653670512,0.651644356412697,0.0345266865804694,0.512659362371141,0.012146932506717,0.81248416444006,0.0773896841272992,0.522394272978777,0.0143624990911107,0.637943560582989,0.0399694825591627,0.506682664246756,0.00360028104205998,0.686015475603509,0.0427077144464329,0.513285098454587,0.00890076489171757,0.817181821580722,0.0740433686695719,0.5109056389187,0.00775900526437718
446,50.5,29.011491975882,0.674270815983331,0.0493602426971683,0.502783726811021,0.00317990844814977,0.651751578288855,0.0348456196124599,0.513128890082114,0.0131142430818101,0.811714884746622,0.0769979041226272,0.521131831314138,0.0137227279404707,0.638386041095491,0.0393586107765618,0.507063608906217,0.00426531670815185,0.686077250063611,0.0427525167244154,0.512755963593034,0.00887454716884089,0.817632875051403,0.0737663378115243,0.510380420352686,0.0073514601813545
447,50.5,29.011491975882,0.674543972483848,0.0495374875117356,0.502958186054875,0.00301500363680197,0.651884170991374,0.035195207016882,0.512361000533774,0.0117976662557535,0.8120468326582,0.0781143630900733,0.521176139837215,0.0128209336235168,0.638030731940339,0.0394822009529356,0.507313298922015,0.00486764905816794,0.686358311918183,0.0427794401556257,0.51344075872348,0.00979631294365152,0.816986615730073,0.0753574126670754,0.510252927854014,0.00669999281498335
448,50.5,29.011491975882,0.674157566516452,0.0503937478486399,0.503393923460251,0.00387082806180482,0.651954087859954,0.0356747860180114,0.512446064531956,0.0113891531859146,0.811394379419197,0.0792118406627924,0.521793438310224,0.0153358296993316,0.637730502502195,0.0402849843454476,0.506868819967162,0.00394676062845589,0.687258841537878,0.044068619004178,0.513135356875455,0.00947575930102848,0.817228670770577,0.0778885767319462,0.510052062988386,0.00638216537943386
449,50.5,29.011491975882,0.673583726172857,0.0526077611731639,0.503186318328154,0.00370243231230123,0.652047215206818,0.0371519912574261,0.513259423433182,0.0150877109024945,0.812332208054506,0.079008872992706,0.521829944949946,0.0142050411421208,0.636649923288322,0.0417531721198645,0.507017913269791,0.00364316742372386,0.686846589025633,0.0457541052274307,0.513774632851081,0.0103445654149719,0.817696681147738,0.0785394109810591,0.51065628293959,0.00726221600850181
450,50.5,29.011491975882,0.673334375882835,0.0542106476898669,0.502227442268063,0.00200948687047411,0.651627995803232,0.0393539709938521,0.514316842040918,0.0130811425603463,0.814775283459482,0.0793258505722927,0.522275133423529,0.0156783714092813,0.63595483144407,0.0425896316313271,0.507696856988714,0.00473057950851581,0.685778907230432,0.0483109099845902,0.513325821987172,0.00923151310417041,0.817680162252192,0.0779485802322007,0.510113932156352,0.00680753440303098
451,50.5,29.011491975882,0.673059715741163,0.0551891186013025,0.502937130992066,0.00304629142105412,0.6502412448765,0.0412372916387135,0.514256444933839,0.0140656082547811,0.812557891986894,0.0808055579184571,0.521507660651401,0.0139049199340279,0.635879896916327,0.0433796135603346,0.507331768327134,0.00437272482893556,0.684816693021536,0.0516675352026144,0.512946771729542,0.00949291957382373,0.81798611071127,0.0776305980518615,0.510285335933645,0.00689361101256658
452,50.5,29.011491975882,0.672841149881872,0.0552821223313674,0.502836835548772,0.00304308417144842,0.648762493693562,0.0437052270633555,0.514326355609318,0.0121800788219267,0.814404461866574,0.0817390501456366,0.520346310673954,0.0133603762384258,0.636186168265563,0.0430248576993476,0.506694442101655,0.00405055688125907,0.684190785243858,0.054910261321585,0.513368751646772,0.00941011009804954,0.81771192050957,0.0778036303016044,0.510208368060757,0.00631406619168059
453,50.5,29.011491975882,0.67157098153376,0.0542488102359011,0.502640195794979,0.00289871250931976,0.647217801638166,0.0457106467190915,0.513994326860139,0.0120312182593762,0.815596220397476,0.0825656387336646,0.519706856986289,0.0137658432868927,0.634032966978465,0.0417275961950491,0.507803306943003,0.00527048528138918,0.682261377795471,0.057095813946523,0.513957149426183,0.0112572748808664,0.817726945933228,0.0781921186337199,0.510296619096385,0.0059193522100279
454,50.5,29.011491975882,0.669330375846895,0.0537410910503742,0.502971758946994,0.00337250264802697,0.646289345664083,0.0463436344475826,0.514319877068105,0.0129561950428025,0.81764907817245,0.0828129291645103,0.520013636186027,0.0132350729867323,0.63282202095138,0.0407414858680493,0.507855068935844,0.00524206336569577,0.681370293582644,0.0590692375306652,0.513551591422373,0.0095161108456423,0.818438306940374,0.0782370891614184,0.510686059379406,0.00598207942343193
455,50.5,29.011491975882,0.666291311928711,0.0537068229783767,0.502975377871368,0.00362792665628449,0.646205694526057,0.0481609001824728,0.513999089988255,0.0124034495579962,0.816996740270964,0.0835804852309689,0.519856016318477,0.013734937144955,0.630668892559195,0.0411807998623133,0.507242542678616,0.00460193562331689,0.681432640221088,0.062119581253635,0.513623844203379,0.00941082605394736,0.816991810953775,0.0795717777322793,0.510624561971519,0.00627479618923798
456,50.5,29.011491975882,0.664045766971508,0.0549593045869668,0.502950310221461,0.0033498281338825,0.644773191379473,0.0506423312106098,0.514526291490695,0.0143722665324903,0.818322861616426,0.0855924064428292,0.519858647835325,0.0155044792372889,0.629026152228704,0.0422142356297358,0.506994714188509,0.00420352579684184,0.679886267877372,0.0646808902439293,0.51299316584933,0.00995724308170808,0.816585631282489,0.0805600443312733,0.511159665037047,0.00629528932134162
457,50.5,29.011491975882,0.662174710253647,0.057416381934752,0.502709036282302,0.0029382891790678,0.644674319259123,0.0525164015774737,0.512451079979203,0.0124543268085727,0.817214087501244,0.0868507155225371,0.520639245673178,0.0151725907329867,0.6272007822612,0.0447726436477667,0.507318332503942,0.00436902708577433,0.679585526387126,0.0662848060406085,0.512993812228446,0.00915373604432877,0.813038737467391,0.0807777606693888,0.510775303328007,0.00675909559710733
458,50.5,29.011491975882,0.658974456860889,0.0604314934370767,0.502961599438647,0.00314907257673307,0.644449247379284,0.05368411293297,0.51216178496404,0.0124669100584326,0.814873544303108,0.088396529877679,0.519935996891402,0.0135453316326206,0.624743481558768,0.0473124094452542,0.50690652473552,0.00386096053652933,0.678887375366945,0.0662098411771963,0.512326889785203,0.00984280077544496,0.814281717167171,0.0841773270100198,0.510540708447076,0.00587563776253661
459,50.5,29.011491975882,0.65699748490682,0.0636215907860821,0.502784975646045,0.0031011759164442,0.644623048373724,0.0528634777016007,0.511359864712433,0.0118927692894361,0.815812526712021,0.088276810414269,0.520279089870019,0.0134639246706992,0.622550900945022,0.0504054151875379,0.507517645967295,0.00498636817609179,0.679340674625441,0.065233763820716,0.514260099437146,0.0115977189248756,0.812101064972658,0.0820009225841303,0.510515594648793,0.00615084029647606
460,50.5,29.011491975882,0.654457801497489,0.0667485281281203,0.503081481460561,0.00343623446711082,0.644446848148539,0.0514144002896529,0.511556381833516,0.0132216889544633,0.815834204883526,0.0864818609983948,0.520512203004621,0.014514905850832,0.621077054482714,0.0527311225428726,0.507458483634355,0.0044989156522944,0.679362691963217,0.0632676695993628,0.512697124042804,0.00966270551971886,0.812621576678675,0.0816780339203674,0.510463052270724,0.00562262672741486
461,50.5,29.011491975882,0.652644424993452,0.0703490332349518,0.503133957275667,0.00346583505937689,0.644456439772358,0.0498215977979547,0.513561013192999,0.0139766849756124,0.814387543197962,0.0874075397897437,0.519870425697602,0.013061560179707,0.619704715268392,0.0549753582985133,0.507061146045166,0.00442512550364047,0.679300873631755,0.0613033311359828,0.511997571235708,0.00982263527778305,0.81113298684861,0.0834315544604193,0.510764197617934,0.00637915419027257
462,50.5,29.011491975882,0.651758466733775,0.072885491432208,0.502706869172965,0.00248850428636719,0.644519514633521,0.0484323796503586,0.512513388856736,0.0125258435518065,0.814745423159405,0.0906142239114583,0.519855906288385,0.0141992772021554,0.618928774990834,0.0569805496409358,0.507894187934984,0.00524298066576706,0.678530839047286,0.0590721241569298,0.511624143228864,0.00883094764097939,0.811264112583746,0.0855330509049877,0.510227869852965,0.0060398627347775
463,50.5,29.011491975882,0.651096903820258,0.0749076252781917,0.502639861172279,0.00299971997853859,0.644487418158515,0.048054103501667,0.511578747134766,0.0118539184812109,0.815675320940749,0.0906671539517762,0.519476879079986,0.0135921281004883,0.618508107670812,0.0581441293591245,0.506895775263703,0.00427020934690927,0.678296857152736,0.058936178016762,0.511705298046122,0.00938177760601081,0.811360287939408,0.0857684652550132,0.510592093878919,0.00623962429169755
464,50.5,29.011491975882,0.650670830932928,0.0754566532508211,0.503179216115779,0.00367486361313518,0.643805180879582,0.0477195976272338,0.511449347913749,0.0121190246138048,0.815505406016374,0.0889028043332486,0.520608988406105,0.0149876279791162,0.617986297112594,0.0581762081431399,0.507413722052698,0.00531583366099514,0.677199462560829,0.0577184575766433,0.51112748690892,0.00922775112716673,0.81275102495452,0.0831026943981514,0.510555608750739,0.00625709285764595
465,50.5,29.011491975882,0.65011106585424,0.074789254330172,0.50284673628364,0.00277182854280609,0.643932336579725,0.0477724460995497,0.511548458125029,0.0124120602420792,0.816460801836691,0.088424415846795,0.520489769156493,0.0136977393942195,0.618339189200134,0.0577152153386425,0.50673117544565,0.00413529502728482,0.677580208103547,0.0575511022530017,0.511940144949807,0.0101545220464233,0.812140746632825,0.0831416659462782,0.510292783012872,0.00615748340961543
466,50.5,29.011491975882,0.649125210094036,0.0744821338070334,0.503483761346862,0.00387705152460039,0.643662266330544,0.0471380411604626,0.510819324366051,0.0111548750108972,0.817854569601534,0.088246351502774,0.520447312541783,0.0147029415941452,0.618271875295198,0.0568065819338078,0.507036541260276,0.00428350465987483,0.676561961844763,0.0573726805817402,0.512829603309862,0.010418403236152,0.812326462892122,0.0826005082733583,0.510316481438846,0.00593982875173924
467,50.5,29.011491975882,0.649738129331567,0.0735757990824699,0.502985893651206,0.00338279082214638,0.644035420194703,0.0472023485571008,0.510295788082525,0.0122499439197461,0.816776872063434,0.087901119555278,0.521370778241645,0.0166153679422479,0.618735898296547,0.0562728572047335,0.506766513340522,0.00442462606254619,0.676701181462205,0.056221252467386,0.512034091697758,0.009125832515181,0.814055375772099,0.0823390418191549,0.510665345548943,0.00676611704936682
468,50.5,29.011491975882,0.650331762201419,0.0724614457826121,0.503021524048776,0.00307317100224367,0.64459732544545,0.0470438140464811,0.509941867725781,0.011696059919669,0.817608194483045,0.083218101774484,0.520704412443264,0.0149137578026382,0.619262920973261,0.0557809596735616,0.506757546827103,0.00462586163676813,0.67747426182553,0.0560662066500843,0.512301219686025,0.00913926580701864,0.814987875039138,0.0811032261762631,0.510544798999869,0.00611697613050771
469,50.5,29.011491975882,0.651557450958093,0.0710848112072022,0.503310406674769,0.00334521176723897,0.645431013511544,0.0469789777211467,0.510454459105604,0.0126653271815215,0.817142975726944,0.0837699522727717,0.520066857037909,0.0147124427125063,0.619986376545011,0.0549750755405788,0.506666594804867,0.00456028791771972,0.678420417275221,0.0551929611877001,0.512216309905644,0.00983491447507056,0.815722317724207,0.0794986481663493,0.509998401203329,0.00596839828289467
470,50.5,29.011491975882,0.653041185588453,0.069552232923536,0.503241601386276,0.00317506479780359,0.645667069377767,0.0454308516800332,0.510712336964662,0.013330639161161,0.817619444911176,0.0822961524422479,0.519114709191466,0.0139388251078976,0.619954150714293,0.0545358293029374,0.506346894069931,0.00454695304157276,0.679151494906379,0.0528925963514812,0.51283601350868,0.0104250867395861,0.814680335724284,0.0765016171652544,0.510156757530021,0.00694615602535804
471,50.5,29.011491975882,0.654885786516705,0.0685837280139689,0.503098659695098,0.00356913919673493,0.64594041933147,0.0434865469080084,0.510557321221135,0.013131891651112,0.818438393331882,0.0782762880492069,0.519300790155463,0.013056706571843,0.620589809796403,0.0537453609643594,0.506817891303986,0.00444065589499149,0.679283164601233,0.0506165820276324,0.512585908013223,0.0102979060165107,0.813873285725974,0.0744177453478451,0.510147420662372,0.00590274710462001
472,50.5,29.011491975882,0.656610824132352,0.0667327471382209,0.502815611205225,0.00285623070238878,0.646578184897486,0.041907154312754,0.509737187633123,0.0126674741677624,0.818135285587845,0.0779202382111754,0.518834732509561,0.0129731755885355,0.62182624847355,0.0523883566775214,0.506744650504201,0.0048758752639112,0.680302613441687,0.0492290397514866,0.51251064811252,0.0109545604692025,0.813135434147861,0.0713977057722002,0.510006509222306,0.00580719524171419
473,50.5,29.011491975882,0.65793589377889,0.064076931313237,0.503409161313844,0.00337228816722021,0.64684793575383,0.041059994413768,0.509360696282499,0.0118775716027464,0.819491875869667,0.0790210018169123,0.518337362741338,0.0126338175439628,0.623211773466945,0.0506074958431953,0.506342971944692,0.00468053976729626,0.680921247044698,0.0497813441324676,0.512521296271169,0.00984485805412861,0.812166765735022,0.0710510368685181,0.510240077006259,0.00627418571020745
474,50.5,29.011491975882,0.659240485801205,0.0610630083354777,0.503123267561978,0.00295724711541515,0.647204953282399,0.0411553644514668,0.511099390381347,0.0125674800091859,0.819284297820014,0.0746168375495056,0.518285872167439,0.0124880172866513,0.624141342293883,0.0476908028895725,0.507177120205957,0.00550609951123307,0.680363816658094,0.050131983128296,0.512404515474304,0.00983525515462493,0.811935805792863,0.0691424395915482,0.509919775045096,0.00600856655276908
475,50.5,29.011491975882,0.660479737770821,0.0588121846064012,0.503426081862751,0.00336956502750601,0.646778006808413,0.0415697489913647,0.511028398821165,0.0129413465747664,0.818626384727964,0.0729086333248357,0.519373615939668,0.0133478627814196,0.62519886267321,0.0459756462428869,0.506231599539051,0.0040308175397513,0.680876790217365,0.0513987407325863,0.513647779169844,0.0119660409594726,0.812285831207507,0.0672946401910087,0.509802140096322,0.00581723930302176
476,50.5,29.011491975882,0.661047010212596,0.0564038138491532,0.503368322780509,0.00363359617046804,0.646826788366504,0.0426749835097391,0.510862327669559,0.0127370550502722,0.819954182747234,0.0742170886320079,0.518568936396064,0.0129826173887284,0.625966480514312,0.0437346449738446,0.506488741188759,0.00448454455737894,0.680338080380073,0.0528887312628695,0.512436928371384,0.0101549871480189,0.812718014164063,0.0679563654334078,0.510384818820447,0.00618455194149789
477,50.5,29.011491975882,0.662237523866872,0.0543831723766325,0.502901106583164,0.0026551917099428,0.647393918965731,0.0437112938976189,0.511173865738714,0.0130996081657282,0.818877364571788,0.0743755711203099,0.51958693850894,0.013490602698528,0.626867337195399,0.041161936224817,0.506853616169179,0.00481786396198069,0.67976648125613,0.0540125672517487,0.512017662034085,0.0102114563072614,0.81288870542431,0.0669330891237676,0.510017465451335,0.00516631072457336
478,50.5,29.011491975882,0.661813841786554,0.0535729080262227,0.503472168642539,0.0034498961940941,0.647239002984514,0.0440144077440436,0.511283562220802,0.0130084102377005,0.818285876742775,0.0760307699282774,0.519112656298036,0.0108358108339062,0.627504274941861,0.0407307497413276,0.506815958502297,0.0044284707990198,0.67980756541376,0.0545583100089693,0.512114033020098,0.0101294706610707,0.813666829027424,0.0655639765779847,0.510126373023564,0.00532701815092
479,50.5,29.011491975882,0.662412006163657,0.0536577501178017,0.50307274346915,0.00280118102457192,0.647960678154226,0.0432542784564319,0.510964932948735,0.012656514157805,0.818356292565321,0.076598117071247,0.519834719061803,0.0139758043681837,0.627452156344364,0.0412054604478573,0.506317646221322,0.00488688034399951,0.68064691640461,0.0543394977280471,0.513416442875691,0.0110955293863597,0.815110014417521,0.0633933231988986,0.510907418331983,0.0059102993679399
480,50.5,29.011491975882,0.662738861129739,0.0533294785193384,0.50326662896013,0.00293798913387789,0.648927159848183,0.0434213810484138,0.511796718698476,0.0130137611636505,0.815904235393945,0.0764428749851373,0.518733038377549,0.0119994600208256,0.628233345359315,0.0413717544011101,0.506524880888453,0.00486644640429852,0.68112438208256,0.0539812125348677,0.513050924771155,0.0102747209551416,0.814614890000601,0.0612387421260422,0.510672009045561,0.00567333669294457
481,50.5,29.011491975882,0.662331162527647,0.0531878783233029,0.503911390579015,0.00359978136251746,0.649344996217455,0.0427771376967723,0.512145865847718,0.0129857533098314,0.812888007879319,0.0754397934375261,0.51894136525061,0.0119652145628024,0.627692515479249,0.0413496198608004,0.506336561566196,0.00376617792526603,0.681795303410543,0.053566315423706,0.51293851896591,0.0104933178235435,0.81322832230475,0.0615104428155531,0.510435948010128,0.00517724733525488
482,50.5,29.011491975882,0.662393686363158,0.0533271274293576,0.50357597926561,0.00352096264416742,0.64987543485976,0.0416001802351626,0.511969674251198,0.0135458757630763,0.813761037679187,0.0773264373962622,0.520014486509267,0.0129733205758808,0.627214779202746,0.0413050334466477,0.506578154046517,0.00481524995765999,0.682571260833791,0.0528155269824612,0.513148549208835,0.0100949039441047,0.812021461792549,0.0647357564224838,0.510578488352878,0.00580468431332456
483,50.5,29.011491975882,0.662262779928199,0.054693596850713,0.50311600375303,0.00301029476449358,0.649877978112195,0.0412248878774419,0.513549923157078,0.0145765416708331,0.812688736250766,0.0776569458233298,0.520954665638512,0.0131122041450796,0.627025868705999,0.0425469051003241,0.506386211554069,0.0039377125597859,0.682230356901787,0.0526691019748288,0.511678968329885,0.00932396560726604,0.812334533437526,0.0665292780165334,0.510512829919886,0.00584726444425807
484,50.5,29.011491975882,0.661605156286804,0.0567406306106476,0.503475627564079,0.00360849536152349,0.650143743254244,0.0411894983583713,0.512784786291567,0.0139897502310981,0.812773673307743,0.074886898233085,0.521499144850729,0.0125060004455284,0.626198632808112,0.0444469141237216,0.507037917827379,0.00413573219028848,0.681915552874288,0.0530244166872155,0.511209727099892,0.00904603592254699,0.812837017512774,0.0683995434662713,0.509789968906835,0.00536184255854796
485,50.5,29.011491975882,0.661551705984159,0.0586233562258468,0.5032804135848,0.00355902101884431,0.650039766806771,0.0418372488929019,0.512419045497354,0.0141217970587815,0.814316808561442,0.0747921564094429,0.521658642426078,0.0126286880130484,0.625667458053703,0.0459754953512954,0.507444464829401,0.00468754944064092,0.681230152676986,0.0531965000135319,0.51194890796986,0.0096845744249598,0.812878176301294,0.0677402675774587,0.509483809517029,0.00540748808179276
486,50.5,29.011491975882,0.661809343863703,0.0592206136384621,0.502832197897227,0.00249696913539084,0.648826173421842,0.0435168010981082,0.512489781779843,0.0140081959785321,0.818575838378282,0.0707862648699421,0.522235666393879,0.015254341696812,0.626293404708864,0.0467889712949355,0.506698547209854,0.00429596624720052,0.679699410062237,0.0553725772675253,0.511407104575502,0.00834681389145895,0.814538779090484,0.0666681092041742,0.509522411220737,0.00524157920503619
487,50.5,29.011491975882,0.661979188727214,0.0590764054288116,0.503418659750231,0.00383452978746111,0.648149206873575,0.0455084064434118,0.512462127322705,0.0143740015588352,0.820460646314759,0.0702947527863283,0.521454504547142,0.0130378340605043,0.625910891223363,0.0466286459378639,0.506820296549242,0.00476336118681611,0.678566879519835,0.058080407733842,0.51290691427076,0.0102593190798084,0.815042853652838,0.065931229902107,0.509614870478856,0.00577568544353263
488,50.5,29.011491975882,0.662569844602309,0.0592192331492957,0.503263618041862,0.00330791568717985,0.647657860887837,0.0477664105011826,0.512919536874798,0.0127920068306834,0.817936327282521,0.0713296837008315,0.521525423309583,0.0136527980627752,0.626177490394234,0.0464979687210715,0.506952302876111,0.00478681044356417,0.676917653233077,0.0610594368843262,0.512154408341174,0.010111578191129,0.816207812379108,0.0661809691244724,0.509441772849675,0.00567629752928114
489,50.5,29.011491975882,0.663487859889087,0.0585899099157265,0.50352825423045,0.00389531690781407,0.646544095435969,0.0502490268680063,0.512567409947859,0.0146453089723697,0.819611843045364,0.0700491600558573,0.521755821556755,0.0141170133912731,0.626635511063044,0.0461129728790611,0.506609108238297,0.00444783237979645,0.676418637682296,0.0632542237398872,0.513462077671832,0.0106482636880296,0.816191662118142,0.0667577067322883,0.50960846379097,0.00604628807348813
490,50.5,29.011491975882,0.664773251923726,0.0580834332184719,0.503286435279292,0.00317359429732784,0.645589266408286,0.051755881487992,0.5117382380787,0.0139402993322118,0.821165735690253,0.0709845482582741,0.522961677477335,0.0164758987501558,0.627488984644821,0.0457945891711765,0.507407150928476,0.00561723527402439,0.675340413410835,0.0640504113066765,0.513594192660362,0.00934468125325989,0.817346132656886,0.0660916281787327,0.509591691725389,0.00565712454672584
491,50.5,29.011491975882,0.664901379457925,0.0581989765970825,0.50282020493643,0.0026549606020495,0.646066407853787,0.052175777388777,0.512065332478907,0.0134622010837963,0.823167779993281,0.0701311888781845,0.522068776539957,0.0144001325573154,0.628055932128594,0.0454060231910208,0.507222619448524,0.00551264468882089,0.675154467010204,0.0636229654521333,0.513306366673983,0.00985659693848043,0.818527529540555,0.066036826444297,0.510092636390886,0.00635119854172324
492,50.5,29.011491975882,0.664444225037713,0.0578246155928142,0.503126876946865,0.00305126530660956,0.644897407922634,0.0512053793579681,0.510880975963554,0.0143361941053151,0.822255940429111,0.0713012204165418,0.521055692266729,0.0150686601563078,0.62757501137312,0.0450624445432684,0.506837733929002,0.00465325629792203,0.674866515161288,0.0619754340892469,0.514500960761528,0.0106447196351655,0.819366896929973,0.0673629309867666,0.510399120708058,0.00637363812367241
493,50.5,29.011491975882,0.6641910802927,0.0576938568589004,0.50289896830395,0.00275023908051587,0.64497524441574,0.0506469084536341,0.511115025408399,0.0139360740071354,0.821611404042421,0.0725662532021656,0.521953088064855,0.0163013380096451,0.62792524051895,0.0443238577909596,0.50659567641645,0.00405454561913073,0.675246761240228,0.0607472315803201,0.513517805321291,0.00997697724284995,0.819739333084052,0.0686213983105743,0.510457439546737,0.00694464663275084
494,50.5,29.011491975882,0.663798608096823,0.0581113107381625,0.502958303742599,0.00325155269896922,0.644980195563171,0.0499540731375339,0.511042783716452,0.0132425304915502,0.82265227124092,0.0733770578339885,0.520380451870871,0.0130282888873148,0.627838668095462,0.0445021731967485,0.507000592956761,0.00470856082894615,0.675008622950595,0.0597822463427626,0.513290586728734,0.00890544140364067,0.82095606403414,0.0686703398226872,0.510048079914826,0.0062084772945862
495,50.5,29.011491975882,0.663520163104187,0.058172572546369,0.502831657342859,0.00262863301628052,0.644952295313941,0.0497481595655971,0.510388472236868,0.0146537713699304,0.822867416793055,0.0728811660276458,0.520999262420258,0.0125911370584455,0.628383409445996,0.0445451391466646,0.506597726675953,0.0039103168793517,0.675459960462043,0.0591176278898501,0.513174007943524,0.00967336038828418,0.822032091824979,0.0676614033111805,0.510143108870345,0.00565837657687811
496,50.5,29.011491975882,0.66352447906284,0.0574126797928147,0.50315315766262,0.00343455009494368,0.64513877464071,0.0498261315242466,0.509744623469139,0.012801031387104,0.82255754622198,0.0727104444415574,0.521106591689383,0.0140364107665158,0.628460750953863,0.0440755556067148,0.506848381134596,0.00496854661711853,0.676614349193444,0.0576913592997769,0.512843144724272,0.00944208005438266,0.823410569177407,0.0673799807436933,0.510278223608452,0.00577117271327612
497,50.5,29.011491975882,0.664261221651636,0.0557290443809733,0.503353184467716,0.00304550264650399,0.645159965838775,0.0495115372095182,0.510247062758964,0.0119327793227955,0.824385112761085,0.070701667392125,0.520588778822387,0.0133929723525009,0.628606017437175,0.0429186954942115,0.506802451427532,0.00429524841880092,0.678322685155502,0.0573175101552068,0.514435409100952,0.0109927994827943,0.822089007170637,0.0670844492401622,0.510249910587605,0.00578804568468659
498,50.5,29.011491975882,0.665391364919489,0.0535980838268379,0.503209372446532,0.00313964142642893,0.64632085303462,0.049449015995729,0.509081964353437,0.0119719903964299,0.824724930204737,0.0683361769941488,0.520613736343569,0.0127688567227308,0.630059955791127,0.0411805813684598,0.507202309233517,0.00501036860983731,0.679124507577807,0.0563694235125495,0.513834371439012,0.0102708055119808,0.822647846051211,0.0670055361969565,0.510828271635849,0.00598977615162522
499,50.5,29.011491975882,0.665789878690478,0.0506853733322529,0.50334265107829,0.003450400333796,0.646451356634541,0.0496290656437738,0.509515632801432,0.0145868054687961,0.821148836058661,0.0697169859524796,0.522876845515328,0.0159030330410105,0.63174880431638,0.0395356891842215,0.50692931594743,0.00433986525455518,0.679903019068188,0.055763892343804,0.512507891232328,0.00858096266305535,0.82190924968919,0.0664367938672633,0.510891517701448,0.00612206746108867
