"timestep","episode_mean","episode_sd","group0_trust_in_sp0_mean","group0_trust_in_sp0_sd","group0_trust_in_sp1_mean","group0_trust_in_sp1_sd","group0_trust_in_sp2_mean","group0_trust_in_sp2_sd","group1_trust_in_sp0_mean","group1_trust_in_sp0_sd","group1_trust_in_sp1_mean","group1_trust_in_sp1_sd","group1_trust_in_sp2_mean","group1_trust_in_sp2_sd","group2_trust_in_sp0_mean","group2_trust_in_sp0_sd","group2_trust_in_sp1_mean","group2_trust_in_sp1_sd","group2_trust_in_sp2_mean","group2_trust_in_sp2_sd","group3_trust_in_sp0_mean","group3_trust_in_sp0_sd","group3_trust_in_sp1_mean","group3_trust_in_sp1_sd","group3_trust_in_sp2_mean","group3_trust_in_sp2_sd"
0,50.5,29.011491975882,0.5,0,0.5,0,0.5,0,0.5,0,0.5,0,0.5,0,0.5,0,0.5,0,0.5,0,0.5,0,0.5,0,0.5,0
1,50.5,29.011491975882,0.588564653621233,0.00190112779989659,0.500807371794872,0.00208762055359605,0.575967785650022,0.00241053035317887,0.501660714285714,0.00548230739887993,0.660573412698413,0.00994478761841872,0.503440476190476,0.0057303861516003,0.568665250270513,0.00179204864440171,0.500649165359692,0.00125246750953065,0.593118402815771,0.00177318047024023,0.501843382352941,0.00343755492990096,0.65863647875817,0.00534623056782005,0.501958455882353,0.0033783402072987
2,50.5,29.011491975882,0.62548131921255,0.00525156107508162,0.501512216694066,0.00268949309938185,0.608872919621514,0.00507954228327885,0.504491105637657,0.00776823951346662,0.733235198517957,0.0154384567257866,0.503725453665109,0.00477642169845336,0.597292976796828,0.00349807319187412,0.503201873021498,0.00379112728986456,0.633917653781881,0.00548669106619071,0.502739047984357,0.00437338816786518,0.729149876677019,0.0110303019896976,0.502670112543249,0.00437106276991739
3,50.5,29.011491975882,0.642914218509729,0.0154870115230902,0.500906821091619,0.00200563953657842,0.627145624850382,0.00703083519288989,0.505322149687348,0.00789734911402961,0.770823065647072,0.021933066194528,0.506985462515643,0.00793679426501156,0.611287217393327,0.0124373060328515,0.503039887099142,0.00314313956558875,0.65622325614986,0.00769839617487757,0.505136099198961,0.00612658439373363,0.766849336418336,0.0150307480151338,0.503350316396601,0.00447626041444683
4,50.5,29.011491975882,0.653422920821026,0.0244312130028992,0.501294157190056,0.0020915111881482,0.637307024612646,0.00866022024522867,0.505769356588877,0.00761629848031718,0.789669539278338,0.0356952073748554,0.509140302838153,0.0124076430535854,0.620218891163899,0.0193493293448233,0.503042524590632,0.00356375427178741,0.669100364020719,0.0109752470497181,0.507109054736557,0.00889448661920863,0.786838224317504,0.0260618833825353,0.504254806725615,0.00522413325058625
5,50.5,29.011491975882,0.660779889222384,0.0288836468000714,0.501915262820954,0.00274931232427383,0.64347760823799,0.0101816139494718,0.506198192508806,0.00887115337273189,0.802362306115022,0.0459348122333837,0.508103994742522,0.0071932476543848,0.626299976562574,0.0234737361987291,0.504734799236459,0.00539089400195503,0.676257685386134,0.0116253221312578,0.506573431161537,0.00731707994710165,0.798807213001485,0.0382166814323968,0.50502633191719,0.005085882344662
6,50.5,29.011491975882,0.666447113019616,0.0318371026006505,0.501405136121363,0.0018208476097123,0.646622668373656,0.0144917971651518,0.507885781295423,0.0119162171944926,0.808773053563921,0.0533770249353103,0.508121345080359,0.00635423369164176,0.630671156091511,0.0253425430077192,0.505001645651762,0.00403642973658646,0.679844259918123,0.0160203337852483,0.507935690027063,0.00673939269543756,0.806406794838234,0.0469633204731604,0.506490603383158,0.00646374091513192
7,50.5,29.011491975882,0.669153966851966,0.0341088465575702,0.50157377923806,0.00235321299302472,0.647968971247189,0.0207530253357695,0.50792395854794,0.0111375053060642,0.813224684298037,0.0580549998017175,0.508916940281642,0.00699710569356446,0.63345934906305,0.0273879435162269,0.504387343637024,0.00385562553386326,0.682687379421074,0.0247182060021784,0.509399289764158,0.00763395126080607,0.811773558031134,0.0508576699691167,0.507306854748342,0.00604792890134514
8,50.5,29.011491975882,0.671715137378175,0.0369655653726926,0.501592859647562,0.0024460835629188,0.648420536911931,0.0265261543782015,0.50769844084173,0.0103862072186006,0.817430322650977,0.0594053457398626,0.509827692033656,0.00764913053217726,0.635864035183639,0.0299269676202909,0.504818270752418,0.00395537332012686,0.684243616578412,0.0317103267895812,0.508553394937435,0.00718020046615681,0.818276061238674,0.0518867970010765,0.507544281521967,0.00617664824903238
9,50.5,29.011491975882,0.67316185483372,0.0393275131952128,0.503458796987206,0.00418648727840272,0.649046801508152,0.0284420791658772,0.508994920845651,0.013105950649975,0.81813720483248,0.0615161934795394,0.510372518480825,0.00755061172317737,0.637322757936155,0.0317128297992014,0.504993778631569,0.00473651545405894,0.686294409944545,0.0354046341756015,0.509815785789266,0.00849304857193143,0.821013312417269,0.0499082982278825,0.509222116175473,0.00791318916166978
10,50.5,29.011491975882,0.674760197586478,0.042780979732196,0.501894552805168,0.00283479492600699,0.649625289544147,0.0305141332677821,0.510940432305946,0.0122959604450505,0.821369139944175,0.056885167130061,0.511538656833389,0.00978105408475224,0.638913123512393,0.0331929270801237,0.504048903342455,0.00275580554372476,0.687970513728078,0.0375466080492923,0.51148997373163,0.00931531812938004,0.822184037372854,0.0491577437511373,0.5088595155332,0.00804224282123409
11,50.5,29.011491975882,0.675684254977602,0.0456663641649779,0.501733959931291,0.0022371877888928,0.6494399038633,0.0321720670176425,0.511138839620462,0.0113314272771408,0.821284447972661,0.0568776901356597,0.51215092013433,0.00951115187152321,0.639284360488485,0.0351190014717302,0.504954932099042,0.00363526583174968,0.687186214081415,0.039206592557383,0.511561378423438,0.0100357329084235,0.8220233641689,0.0530881995603057,0.508948660484646,0.00786790439742529
12,50.5,29.011491975882,0.673554273548577,0.0481130572411289,0.502787540470546,0.00333564471541868,0.649294369626876,0.0336155677280111,0.510215864926929,0.0100317959082058,0.820672369757918,0.0593400441219731,0.512947570316795,0.0101368735904633,0.639006360980979,0.0372748131457571,0.505898661417734,0.00400072779972855,0.687350759197974,0.0405869841402641,0.511035239488338,0.00837139028511432,0.822983963388998,0.0569533627706167,0.508667066810154,0.00677459081531039
13,50.5,29.011491975882,0.673076600959054,0.0505371703728329,0.502732015732322,0.00361239233617034,0.64879797632,0.0347075142695221,0.510562768505597,0.0102880696889467,0.819276236377814,0.0578441586198734,0.515239739316351,0.0136217528376856,0.63757275051372,0.0393045288883021,0.506150930169915,0.00479983432944426,0.688306364915021,0.04214065908911,0.511728544922983,0.0107221939643388,0.822869355308811,0.0575993804958208,0.50899948616705,0.00688321855481649
14,50.5,29.011491975882,0.671975440703191,0.052355835067059,0.501978335967197,0.00222964065866823,0.648768462996784,0.0351231968042854,0.511629130611732,0.0104559936653958,0.821871310707637,0.059452702236171,0.517232520223734,0.0148544003464288,0.636124155316929,0.0407268084267122,0.506050974506532,0.00491266620840211,0.688904825698649,0.0426419069590793,0.511419536011635,0.00975366911366963,0.822974365210269,0.0582946723144775,0.508455696285516,0.0064044445565169
15,50.5,29.011491975882,0.670749895190884,0.0537692793091631,0.502483343648697,0.00296274952175892,0.6490530733802,0.035844453225149,0.51176052433071,0.0104333063906169,0.825660264729895,0.0596823757199906,0.514346929201083,0.0107470345908188,0.634822729797447,0.0420033252117101,0.506424799112695,0.00476402299210356,0.68917065161921,0.0429069871749823,0.511928170095393,0.009853943022615,0.8219299507081,0.0578113963972119,0.509300191852905,0.00796755453081858
16,50.5,29.011491975882,0.66908578149862,0.0551776193928971,0.50341421248724,0.00357317210019515,0.649067632724537,0.0359561164503841,0.510621478050602,0.00924322869517221,0.824926061626687,0.0619462889135387,0.517257438141774,0.0122587145918564,0.633978997362928,0.0433280739356885,0.506070297939325,0.00404126726670981,0.690500220445153,0.044325942829592,0.510669541970236,0.00780165432540747,0.820851809630994,0.0600058153230925,0.509565428797977,0.00653889320324158
17,50.5,29.011491975882,0.669535291845878,0.0570294570752979,0.502055375856021,0.0021195294953152,0.650909206621559,0.0365822479853009,0.512319951767152,0.0121849839634841,0.822491477555085,0.0657356452653856,0.517341151936895,0.0159909136023825,0.632647721499649,0.0448040351860169,0.506688425262499,0.00486612940335235,0.690538721120087,0.0448930590332392,0.509817261348326,0.00724326110652054,0.81739242959843,0.0629552714685512,0.510338859040207,0.00655560690955742
18,50.5,29.011491975882,0.668976743692741,0.0581480288789412,0.502855004444164,0.0031748204374756,0.651948765323279,0.0360727745092159,0.510101702350098,0.0106583678005355,0.823682079963767,0.0713955535404304,0.516890961470928,0.0126803355498454,0.631572652413049,0.0452628285667173,0.505843546220337,0.00398691087269017,0.692469064621416,0.0443447512479987,0.512664200347128,0.00995927085432533,0.814603166561222,0.0664786937153412,0.510668153376383,0.00581805507124441
19,50.5,29.011491975882,0.668726027212658,0.0587243585340896,0.502382585265025,0.00268939901535648,0.654011954178202,0.03584852422749,0.512088132166786,0.0118074975463275,0.824143019603436,0.0741791098740096,0.51861662524258,0.0125893662907949,0.631595446476175,0.0460446574750651,0.506706680221702,0.00369035525045015,0.69343656208912,0.0441515710648747,0.511309673477031,0.00893576645377872,0.815507071029789,0.0702822163094302,0.510934547823548,0.00661056830220447
20,50.5,29.011491975882,0.669599142764649,0.0584148870098337,0.502211314311963,0.00267575569405896,0.654143164861913,0.0362737346673244,0.511949302075546,0.0116321101662601,0.820857564301083,0.0782008305140363,0.519786578656239,0.0136869834545383,0.632282316138602,0.0458939307532635,0.506497092841238,0.00410025526108647,0.693506069078465,0.0442612135148017,0.509903432027937,0.00806445402806757,0.815160110552268,0.0742747098607296,0.510750489033885,0.00655338658558971
21,50.5,29.011491975882,0.670083532002888,0.0566696402248651,0.50356316127649,0.00420028551610887,0.654789227298635,0.0364405924118247,0.511728785145936,0.0117767952481819,0.82185255078671,0.0817317144051592,0.517267099141906,0.0105882838148065,0.632826591859063,0.0455463765782071,0.50628574955421,0.00381744698612778,0.695337548491504,0.0444664623715521,0.51133770912166,0.00940395551086914,0.809000091309877,0.0766283315599744,0.51077947355811,0.00755552464016596
22,50.5,29.011491975882,0.671137812557082,0.0553323304139854,0.502512444727457,0.00266647871494458,0.655519556358965,0.0363092982188578,0.51189626351071,0.0108343139787264,0.818192278657594,0.0856273225954238,0.519991539984082,0.0140659028002422,0.633071554404351,0.0449094189307479,0.507776216356698,0.00406663852317897,0.694114786150119,0.0442036755849058,0.510532902196355,0.00764752101962841,0.809411258475107,0.0814871322755521,0.510760491409164,0.00652252625399489
23,50.5,29.011491975882,0.671340242661166,0.0538003882750408,0.502940300363846,0.00368572042291795,0.655478103281396,0.0356493308302436,0.511110237897199,0.0112292374800793,0.815067012089444,0.0896834255427302,0.518743634597846,0.0134223363376475,0.633376255768754,0.0437232235691711,0.50692252323918,0.00538728982821906,0.69499924108879,0.0430429825314868,0.511212248903673,0.00945669670085304,0.805358011136393,0.0864185520658044,0.511430758565469,0.00663137897922299
24,50.5,29.011491975882,0.670533678451901,0.0520525574783769,0.502546864864814,0.00270544389514427,0.655891656125549,0.0353604351176311,0.511820615687048,0.0118045578086229,0.812949583523164,0.0950041182651158,0.518867980221189,0.0117553241888961,0.632985174161848,0.0432521855849151,0.506285792751063,0.0033174291162272,0.69560503550128,0.0420620052025753,0.511778916693261,0.00874971595121964,0.801113664428618,0.0903112910754197,0.511740966770461,0.00786139334094214
25,50.5,29.011491975882,0.669636371703912,0.051289571647362,0.503420066869323,0.00343090269900945,0.655700471575362,0.0348151400652365,0.511787014573924,0.0115437276429514,0.806707354905013,0.0973383048550091,0.520832617600017,0.0157216925194977,0.631898076855976,0.0426296886748291,0.506987290732142,0.00437411597696084,0.695913098248617,0.0411470899176411,0.513323320277518,0.0119114956838248,0.798490775374597,0.0941443663556092,0.511401958446864,0.00551999785573311
26,50.5,29.011491975882,0.66942228204418,0.0515249245629137,0.502851754300565,0.00308154597003631,0.656276558319252,0.0349790104721953,0.512502980566408,0.0125252701670644,0.808862991280671,0.0994976560227807,0.518714081618967,0.0138446121369222,0.631387062004623,0.0426459575442014,0.50775916814544,0.00408803024522252,0.69499881830647,0.0404167994427322,0.512856949904159,0.011125981389158,0.796680007011178,0.0961100411762365,0.510638722499336,0.00579865967541372
27,50.5,29.011491975882,0.669530902821022,0.051206970236909,0.503069274713528,0.0037594696430238,0.656082688839146,0.0352794861194461,0.51252509165431,0.0141719608744191,0.808923803076316,0.099880185177485,0.518474703769401,0.0129636893419597,0.632186118661546,0.0425264444072931,0.506671733243393,0.00418759743400321,0.695938960848383,0.040885176200051,0.510543084758501,0.00834118524610746,0.798003030064104,0.0979436787082364,0.511478017500835,0.00589418111926865
28,50.5,29.011491975882,0.670477421271478,0.0523201892630053,0.501845181884369,0.00136532150344182,0.657029061997141,0.0354739124950163,0.516660989486,0.0166810627924391,0.804946266893108,0.101155549975525,0.522188882774669,0.0203910770167814,0.631109398948372,0.04282230447338,0.506863145769961,0.00464125060836353,0.695708315234384,0.0412948525477955,0.511367533830023,0.00988553398372113,0.797568047629078,0.0968350537730624,0.511148296745638,0.00561861686141544
29,50.5,29.011491975882,0.669583891406912,0.053514956434383,0.502373589248703,0.00233149209267178,0.657751756414231,0.0346427767756219,0.51377286568392,0.013775203195868,0.810001905465852,0.0993261959946505,0.517729178421342,0.012493886323439,0.630678032759364,0.0432073856571951,0.506566913454924,0.00376543189947264,0.696161131559442,0.0408938351678758,0.511013147515186,0.00902962232140319,0.798679380678422,0.0944806743690422,0.511727726910846,0.00531373515126879
30,50.5,29.011491975882,0.668845497254919,0.0544288753614103,0.503114848738499,0.00410670808098298,0.657163960408849,0.0345038735024387,0.512489263153701,0.0129061746648978,0.813629260269699,0.0958939460772886,0.51685577119667,0.0102205716558685,0.630277996649811,0.0427259174940526,0.506377802424183,0.00391531914740135,0.696443930475924,0.0410683836942108,0.512421403244597,0.0102687103556387,0.800535176663527,0.0894407747953994,0.511844604984676,0.00670924938795572
31,50.5,29.011491975882,0.668236330116939,0.0541440989949598,0.50374329713929,0.00390328937959066,0.656203349722748,0.0344439808186212,0.51196623426458,0.0126127252004113,0.812802558175285,0.0914323023312157,0.517142787204998,0.0110319851596662,0.630610844184701,0.0428878498251379,0.506566008372463,0.00462694377367015,0.695185900633908,0.0413553035696923,0.510624098509978,0.00638186665925643,0.804061926719557,0.0840491319838771,0.511348053624855,0.00528219091203479
32,50.5,29.011491975882,0.668279819412203,0.0538341025131626,0.502499219936081,0.00342218752438207,0.655649159877675,0.0359303438689368,0.51317685761238,0.0147700903002239,0.811759755232403,0.0850840151577292,0.517836127590364,0.0121908532999019,0.630392376535838,0.042088609069686,0.506260325582124,0.00476789410921477,0.693386838533378,0.0427757702162447,0.510783815700906,0.00739532702439017,0.804410925554669,0.0776008766661609,0.510896502381308,0.00480888398434343
33,50.5,29.011491975882,0.668155081035606,0.0529974653235373,0.502867989016137,0.00426708631413847,0.654557420114394,0.0382311983958935,0.512662998793421,0.0140796315798583,0.811685077683846,0.0827443151282291,0.516143443531011,0.00887576115044142,0.630264041533473,0.0421019068016456,0.505896559862821,0.00317281657150355,0.692251357373293,0.0449698954637113,0.511428155131858,0.00725081851586263,0.80295779373595,0.074766469162661,0.510538867717303,0.00457132183094649
34,50.5,29.011491975882,0.66827134449002,0.0528537781928797,0.503616047815298,0.00425770787130001,0.653259343322624,0.0399841172636108,0.511153187702397,0.0131840422622996,0.810807179936636,0.0817399323914862,0.516443234374783,0.00808188694643551,0.630470383289052,0.0414670723980824,0.506937575383942,0.00486457383169334,0.690100662565185,0.0467626481439825,0.510919811226612,0.00735647185839205,0.803036989236524,0.0741080537564658,0.510272353183941,0.00490895127135125
35,50.5,29.011491975882,0.669327237854991,0.0528617809226555,0.503096616971004,0.00335160697525698,0.653216996742009,0.0423222245753183,0.513541748116796,0.0164611429452603,0.808709969543577,0.0812867691315274,0.516494276849545,0.00837854418220469,0.631191659361636,0.041981839340533,0.507241857637648,0.0049495531030769,0.688475840774677,0.048978925311519,0.510777336719663,0.00763540247120339,0.803500074533004,0.0760703902171388,0.509927258050407,0.00484735395270807
36,50.5,29.011491975882,0.669525408683807,0.0533322177269351,0.50311167286049,0.00304760429288457,0.652171122721942,0.04325645460403,0.512405659138516,0.0161789044636334,0.809681689662181,0.0833132517982878,0.516173380790421,0.00932828362298648,0.632437798671317,0.0429744477402095,0.507204941393321,0.00536031250281803,0.686381710901982,0.0509194278119856,0.509974964815869,0.00647763491231516,0.803165109507616,0.0769228952446082,0.510145053602758,0.00571432443704382
37,50.5,29.011491975882,0.670271749832761,0.0542749075463179,0.502631748343499,0.0026135747762393,0.651652483731346,0.0437735519047859,0.514114632064047,0.0179848114187346,0.810255520754849,0.083242942803755,0.516921965674758,0.00931876330965083,0.633097122363479,0.043538302309421,0.506277471933592,0.00376675649333652,0.686128397339834,0.0528457995728872,0.511802216993831,0.00795772697001199,0.802973306277235,0.0780589858905855,0.509769526121257,0.00514185341856626
38,50.5,29.011491975882,0.671466771665329,0.053084853388541,0.503308252981341,0.00376238939900234,0.650126907275686,0.0439415954283389,0.513146880136131,0.0150019080658276,0.811043170734488,0.0826760964621161,0.518089857614466,0.0127784827884391,0.634293754804607,0.0429316810162069,0.506291452867941,0.00381253337432593,0.685541725360038,0.0539972069489787,0.513150417774196,0.00903859500130722,0.79978169825247,0.0798890996797827,0.5092576909672,0.00468512480746706
39,50.5,29.011491975882,0.672638117827081,0.0503467447249938,0.502142745755423,0.00175638799107374,0.650322631636768,0.0446055018062973,0.514620368865596,0.0162324986376659,0.810559960286561,0.0822272916606432,0.517247614373474,0.0123365452321854,0.635656034528193,0.0420549362022021,0.505798722263537,0.0032360860701841,0.685046885147274,0.0547859100286853,0.512053695147935,0.00995410453228809,0.800662181719027,0.0803951632481455,0.508937987391645,0.00431549674418284
40,50.5,29.011491975882,0.672114204786778,0.0477071373994511,0.503235835567229,0.00333729997039431,0.649473773705961,0.0450150041839658,0.51342717042758,0.0152783465383156,0.811865860947691,0.0823258080972977,0.516832156147135,0.0104330457288142,0.63566192387278,0.0408361129513563,0.506439461523739,0.00411349351871232,0.684263638357177,0.0559305481447977,0.511630096166404,0.0109486548382272,0.800993443955903,0.0809027481669773,0.508802010848731,0.00414165747065959
41,50.5,29.011491975882,0.671778896344329,0.046946291826579,0.503452117060638,0.00328498193409822,0.649783436927486,0.0470915009990971,0.514651376363445,0.015081364481288,0.81130077794478,0.084665461535866,0.51781406563995,0.0118942882321643,0.635363226623323,0.0405417931681683,0.506060145819113,0.00335603188775471,0.684224362979293,0.0579778196005714,0.512219528895983,0.00990833966670165,0.802866265707885,0.0810018876053352,0.508318659959901,0.0038832118003505
42,50.5,29.011491975882,0.671554842885905,0.0472149252722774,0.502777669831191,0.00266548994458668,0.650641065361274,0.0483481808004746,0.514984476165521,0.0155782935750173,0.814054772436146,0.0834505532144522,0.515963256950345,0.00850076511083681,0.63466495080189,0.0406500743589637,0.507469876135374,0.00436242437259827,0.68358946811522,0.0595015091064275,0.512216149660609,0.00992335045327366,0.80434438786235,0.0799605487751412,0.508740921527029,0.00448098417737345
43,50.5,29.011491975882,0.670601449018327,0.0487288747041291,0.503449536300399,0.0035507117911205,0.651053931686438,0.0484085568688249,0.51463186943356,0.0148250711147888,0.812839040348155,0.081261730480042,0.516161892500471,0.0106199230753625,0.634885233789467,0.0420604966312115,0.507030178518003,0.00418317441569056,0.6847494905556,0.0604282753983382,0.512722946922933,0.00846103985794981,0.808217089545948,0.0766489786381791,0.508340311445117,0.00444134965468822
44,50.5,29.011491975882,0.671320217355641,0.0504118860267791,0.502217871820968,0.0017112292533059,0.652736532524878,0.0476921954059236,0.513535562265461,0.0135112883924881,0.81335199151999,0.0770421253475629,0.517629266385303,0.0117675299003783,0.635409503134517,0.0434132812129237,0.506573741747276,0.00393424410545284,0.68552825388585,0.0603255239013854,0.512024313938341,0.0081654588355785,0.810218764086195,0.0722046384982858,0.508592745766433,0.00459482998796509
45,50.5,29.011491975882,0.670434297310234,0.0515662048973495,0.502820357041821,0.00286290935857955,0.653549853573297,0.0464067766228614,0.512644578303172,0.0127386803924968,0.814831374893729,0.0747853075018127,0.516705517758642,0.0105050053202328,0.634496645450737,0.0440254919749995,0.507375384953296,0.00481544215874824,0.686343282292595,0.0589516129946001,0.513474349802471,0.00919825097859506,0.811124152390368,0.0694037307710625,0.508638733765203,0.00424323454326175
46,50.5,29.011491975882,0.670194271985617,0.0523607766146983,0.503182032572517,0.00354530092196724,0.653339757607141,0.0445806367588597,0.511159083465694,0.0115651873235932,0.81523638647614,0.0744708836119021,0.518108046379688,0.013726767046479,0.635006813485501,0.0436752091193124,0.508142749078153,0.00502118251700088,0.686900087523619,0.0571896705512135,0.512821391466852,0.0111196413674874,0.812030494879499,0.0677959949120071,0.50955734080824,0.00597878835182851
47,50.5,29.011491975882,0.671032104031655,0.0518947552793281,0.502962289085762,0.00318784471992042,0.653416190810988,0.0427901741038292,0.511922337820567,0.0121221856921853,0.812892706175397,0.0720477770616838,0.522032783760563,0.019056874339472,0.636582053351168,0.0435786526041293,0.506648297346626,0.00414892784561222,0.688117007847268,0.0548678540930767,0.512472781035961,0.00837442009648697,0.814848821837799,0.0682914578891742,0.509907012272387,0.006192349053233
48,50.5,29.011491975882,0.671139762283034,0.050515257655988,0.504249482770809,0.0054318055944026,0.65337619598275,0.0407916688183662,0.510954756430873,0.0117570891974966,0.81722898219199,0.0737445607156697,0.520231489812035,0.0168614772548151,0.637319732781139,0.0422973847159895,0.506825125108701,0.00532852670596102,0.688787434168669,0.0531767330539031,0.513668619021318,0.00949284399332627,0.816265795376859,0.0680409236996619,0.509424523781618,0.00587549779273681
49,50.5,29.011491975882,0.672955163653756,0.049706215251568,0.502227146903399,0.00232328440733412,0.654807159978329,0.0398259377359529,0.512846964585865,0.0126798078135291,0.813796995424982,0.0715124844270226,0.522235135021419,0.0168446600918219,0.63841483636267,0.0408149480598617,0.506480676989403,0.00457062176985671,0.689505166014766,0.0518103792877735,0.512307421332481,0.00805960633811987,0.816094933774239,0.0662208249461005,0.510028468637363,0.00663114146827668
50,50.5,29.011491975882,0.67352779221152,0.048022450662109,0.503782373299664,0.00355720162800258,0.654518017800637,0.0377978235760588,0.511482074820076,0.0119086995558703,0.811100910109857,0.0749688887378161,0.521448569525208,0.0146061827914371,0.638933518348876,0.0391767236921816,0.506284621457002,0.00396166650478437,0.690487993051285,0.050036528608371,0.514776140535618,0.00956542389822226,0.810625645520435,0.0668243203485229,0.509851084536547,0.00646983736998974
51,50.5,29.011491975882,0.67379660396893,0.047514172332356,0.503811928722396,0.00380130727861897,0.655149276527104,0.0366504948524563,0.514889050689846,0.0165452444880589,0.806663914624005,0.07806157123031,0.523153884499855,0.0182839424035696,0.639867567000423,0.038257828567164,0.507902096840227,0.0053570704441601,0.689503714760765,0.0479497616409513,0.511836011885353,0.00762275743464589,0.809329525710259,0.0708619585785014,0.511699222239958,0.00915875135143328
52,50.5,29.011491975882,0.674195075903763,0.0481111784909094,0.502325141624161,0.00192556269805003,0.656187882258086,0.0356265953826447,0.515390802526073,0.0137750008367046,0.804775325410146,0.0863186017137605,0.524904344791184,0.0179464553068795,0.639987327103545,0.0381825139338298,0.506959849286046,0.00408335038938344,0.691055054877386,0.0465091197341223,0.511995317642965,0.00727709196584377,0.810401598796997,0.0767559624421174,0.509822370570076,0.00637912844701706
53,50.5,29.011491975882,0.67258958125467,0.0491023505328244,0.502895838253981,0.00268058788572807,0.656296159994176,0.0348625459623352,0.515936881506909,0.014957835409781,0.803952707733021,0.0908242897354722,0.521899748916725,0.0172229170768814,0.638415600043888,0.038965677246385,0.506701007980902,0.00426497760247078,0.691257995106461,0.0453820468199827,0.513872392441928,0.0095954940389853,0.807043276626497,0.0817181282364756,0.510355415385294,0.00644779677582474
54,50.5,29.011491975882,0.672343150209809,0.0506329677015646,0.5027183497233,0.00233609635096718,0.655217608324937,0.0349089312446452,0.514617268325689,0.0122773273020352,0.802267415991772,0.0946938790121573,0.523724938170605,0.0191381796376731,0.637935409182407,0.0399830710671619,0.506309420037329,0.00316359002655109,0.690644914038109,0.0447657854521034,0.512667011215463,0.00882482032659184,0.806086913592258,0.0876225883675387,0.509316348561521,0.00533425595075753
55,50.5,29.011491975882,0.671192834736307,0.052394538037784,0.50310450734465,0.00324352954114805,0.654209069397946,0.0347190487763435,0.513791964578312,0.0118338396603105,0.801509344155747,0.0996084967214929,0.522521990424849,0.0163784857146331,0.637917721077964,0.0412448240525437,0.506214743925933,0.003142183268686,0.68880630961404,0.0450562148064503,0.511561755722833,0.00860489616518883,0.804610700503001,0.0913593026188101,0.509807971328807,0.00746502974146889
56,50.5,29.011491975882,0.669755033843525,0.0541095500905575,0.503056909656621,0.00277156711985608,0.653015853803667,0.0356718184391448,0.513143033423846,0.0130057587195605,0.799209308308269,0.100291693233216,0.522990245919164,0.0159894978956808,0.636395870562591,0.042237488662534,0.50732187884136,0.00454766537908861,0.686794006609761,0.045978937261489,0.511856633245146,0.00827669545547132,0.803721364993424,0.0913645283169534,0.50973899077267,0.00630768965544435
57,50.5,29.011491975882,0.668517117910698,0.0549726056181514,0.503897695763926,0.00361951857359083,0.651646792611681,0.0379592477425988,0.513438997767892,0.0113344552732132,0.796903209717306,0.101296928267905,0.524773642140331,0.0171699232349309,0.634361281671786,0.0425120676405766,0.507534158699744,0.00549391113726507,0.685373379661442,0.048367729468113,0.514454580607832,0.0107321420869141,0.802732086816351,0.0912847588902161,0.509430087243926,0.00513196504929191
58,50.5,29.011491975882,0.668660670697641,0.054829817521871,0.503074374546067,0.00307601295668395,0.651660980213229,0.0391071582046543,0.516057149351698,0.0133324464552691,0.797535171191961,0.101977096617694,0.522410558963375,0.0123905817575702,0.635492452744219,0.0423693116872101,0.506493399966724,0.0034363464891363,0.684192020811613,0.0502723616110772,0.511921693757495,0.00827404714950375,0.80423750859913,0.0942028280853146,0.510689598744429,0.00690994401868751
59,50.5,29.011491975882,0.669166064695222,0.053858869232326,0.502704909436125,0.0027196645955218,0.650205756368371,0.0410369994336922,0.515283745356647,0.012578132151443,0.797169533576803,0.100666589017791,0.524958717123403,0.0163689027934017,0.635143217762012,0.0413753210572697,0.506985624251735,0.00531851084205669,0.682218489221324,0.0527336531938515,0.512653233979576,0.00869183019268065,0.803853322557349,0.0942712968679923,0.510757669399351,0.00704683372650355
60,50.5,29.011491975882,0.669558866629021,0.0527084028757342,0.502853822408446,0.00243571096669818,0.649798550271885,0.0426195638714735,0.514986695682096,0.0130038370163841,0.796348775800003,0.0985307555758944,0.52353916650215,0.0149835002652144,0.634862135777036,0.0405298105301077,0.507077526683827,0.00466210672898137,0.681893602098897,0.0548250338307211,0.512363403724234,0.00981901981656534,0.804728478958025,0.0928248858521269,0.510347734602616,0.00733998987849214
61,50.5,29.011491975882,0.669378552040448,0.0514327630989952,0.503740108166433,0.00450540952113147,0.648708768484428,0.0443987758992815,0.514103064419243,0.0128165925323056,0.797950412300353,0.0976584016009905,0.522255104179799,0.0118391838559341,0.634806918208394,0.0405531649035578,0.507382332779048,0.00447931073231088,0.680588164441061,0.0565828979377583,0.512506214498932,0.0094025282722754,0.804690872397965,0.0924072896391891,0.510417741236325,0.00668253951510083
62,50.5,29.011491975882,0.670954209009559,0.0513166918139353,0.502735168832793,0.00247315441234115,0.648637211211877,0.0466680627892226,0.515592499404932,0.0142313850939118,0.799602442345055,0.0948601263339415,0.521647019179895,0.0115745711113822,0.63523243783297,0.0408522593601118,0.507131396012716,0.00415656934203141,0.67997731395477,0.059119228336706,0.512426784857806,0.00998967320409563,0.80334029864303,0.0909489578150176,0.510753211404404,0.00765017435426276
63,50.5,29.011491975882,0.671440282922695,0.0508173602339597,0.503299998700599,0.00357966706174564,0.64752761525818,0.0483631402544917,0.515035784924372,0.0140382384261779,0.799536477651433,0.0925641904708124,0.521431862787246,0.0117506573766267,0.636306480139835,0.0407117815477805,0.506214788069551,0.00409239621170748,0.679772018121552,0.061032014023151,0.512131266183994,0.00809371433135779,0.803730123105908,0.089643555526713,0.50972044353162,0.00556673000428993
64,50.5,29.011491975882,0.672490228926735,0.0503737628355474,0.502863580353306,0.00275556243964255,0.647314897291595,0.0497236206221985,0.515815640835085,0.0142948583020348,0.795884079368895,0.0937525303257291,0.523864354298075,0.0148567287777095,0.635928358765649,0.0405865204980876,0.506862553072762,0.00447547098679516,0.678911571435013,0.0635899781852131,0.51225020190813,0.00810901022871334,0.803353510447194,0.0907019103663732,0.509603001430473,0.00540829111357398
65,50.5,29.011491975882,0.672872624409105,0.0497814946591148,0.502532988301574,0.00237308015231313,0.648347184532892,0.0512944515570838,0.515906946323012,0.0139035064475429,0.797853614583433,0.0939296403579152,0.520309212438042,0.0109251578920546,0.636820974751327,0.0408051414322149,0.506212041295499,0.00411606896086161,0.679298754792031,0.065587874838418,0.51368285355463,0.00996041163188194,0.80015738141435,0.0894060554389436,0.509949973630134,0.00557061197270618
66,50.5,29.011491975882,0.673151424637585,0.0491312496231895,0.502759367818394,0.00280047156669339,0.647933109869001,0.0515233913376038,0.514602095093878,0.013068833382769,0.794199978765778,0.0934376486956644,0.52312899614534,0.015814936420148,0.636292839957145,0.0402427947846417,0.507249225673841,0.00614484803166656,0.679527623095427,0.0661674853616103,0.514445248576802,0.011996606648983,0.798578154393336,0.0893700884799531,0.509546062707153,0.00570207117572722
67,50.5,29.011491975882,0.672739014851829,0.0478247469340671,0.502901200791245,0.00298524914526247,0.648763150071668,0.0523011256186589,0.514700963468795,0.0124395045520268,0.79622355661119,0.0950963318854557,0.519606085372774,0.0107731832355118,0.636883814838046,0.0401002746181697,0.50695671548189,0.00400779798714336,0.679516581979081,0.065952954955178,0.513462748701812,0.0109779671987801,0.799974337416287,0.0911074621154023,0.510592983697787,0.00722137964809292
68,50.5,29.011491975882,0.673616143626737,0.0465816249437468,0.502511903313259,0.00254320665061885,0.649830254660433,0.0518372453587456,0.514557462629121,0.012093576125167,0.794751351208583,0.0959690540541882,0.519038361153958,0.0106665636335257,0.637056563452654,0.0393743506629655,0.506606052106613,0.00437695154369606,0.682226093616244,0.0661782756746695,0.517622241782682,0.0119426909477039,0.795976742477394,0.0922889705034915,0.510365241163331,0.00636712857094132
69,50.5,29.011491975882,0.674856970554856,0.0450893742438934,0.502025005575952,0.00159646746529599,0.650375365489642,0.0515306050165275,0.514444468868841,0.0121816823005727,0.794055340584403,0.0974508247649332,0.518381579831326,0.0100991455806506,0.638353606469401,0.0395755350237185,0.506969746099838,0.0043051720188763,0.682074444616047,0.0647220772209404,0.513566121186195,0.00952530581033444,0.799384020112126,0.0969691660475358,0.51042900948626,0.00661928617419424
70,50.5,29.011491975882,0.674941807264646,0.0440119044525873,0.503347715727452,0.00401079200518652,0.649687394015848,0.0511319122531722,0.513509230650803,0.0113606676896799,0.791947078610257,0.0993114431272975,0.519403204503596,0.0132416067498108,0.638331553553425,0.0386621030030385,0.507694495389598,0.0052216578435478,0.681794927931548,0.0641469044301022,0.514500988110584,0.00913061911930382,0.798625483955708,0.0992234135088348,0.509138102202338,0.00505906467203566
71,50.5,29.011491975882,0.675903484992219,0.0426630474256129,0.503387973884841,0.00351958876970872,0.650961832360216,0.0508591490134967,0.513286078182541,0.012408684041324,0.790285850581612,0.100921922007666,0.51784198140553,0.0109914601900389,0.63859856671118,0.0371541891703053,0.507089975841706,0.00511757091785016,0.682442541760227,0.0631660417909626,0.515335667847982,0.0116401949989167,0.794612274812328,0.10201054098875,0.509908552240213,0.00604607591616846
72,50.5,29.011491975882,0.676738022945671,0.0416521025849338,0.502716912375013,0.00285221762475809,0.651854119234544,0.0499845586388825,0.512134453760425,0.0113850776025393,0.790092874216134,0.101442127644867,0.520396607114343,0.013075854569965,0.638721768158851,0.0367981065677581,0.508081561618985,0.00598279246662349,0.68178982524137,0.0609026563958569,0.513817168198191,0.00909060962702655,0.795640349620697,0.103067084435171,0.509392626325899,0.00573472477173977
73,50.5,29.011491975882,0.676432095972076,0.0408592314828251,0.503354344619887,0.00358651980726618,0.652796455445733,0.0490338668119805,0.512438907733907,0.0116368540418838,0.789039746235089,0.10075812241728,0.519062385045686,0.0119004060828075,0.638778292212188,0.0363130792190481,0.506950106335728,0.00403135079360494,0.683392374962291,0.0592838852559844,0.515230568233621,0.00999725026752252,0.794658065244313,0.104514026250182,0.509155807977767,0.00590140644109693
74,50.5,29.011491975882,0.676186051540479,0.0419124419128512,0.50206170246328,0.00199089833822717,0.654262328317942,0.0482501668070684,0.514136780410728,0.0109468079320764,0.786356338661982,0.103313137950504,0.520663492933409,0.0127859147356692,0.638842367712247,0.0370669082894702,0.50704972500884,0.00503108097162819,0.683894246962847,0.0576092530113224,0.512272769965505,0.00852747995310161,0.793937860198214,0.107159070069349,0.508896133512222,0.00566415993789112
75,50.5,29.011491975882,0.675621217760382,0.0433912669680937,0.502112698904078,0.0020507739690881,0.65411909309151,0.0468494912558521,0.513148762041402,0.010323062967393,0.784146175767375,0.106293242474826,0.521785786347012,0.0143509483309086,0.638444033980306,0.0376222516007207,0.506305597168872,0.00380351783362744,0.68531478351656,0.0558355977163219,0.51288660548837,0.0103742108823781,0.790906385630264,0.110556746636804,0.508968671007764,0.00562353424705677
76,50.5,29.011491975882,0.67436500810089,0.0451296303468898,0.502288649225819,0.00236124363140914,0.654342097460062,0.045980323019714,0.511988221154936,0.00942544549577659,0.782995156081179,0.110869692877298,0.521421425587699,0.0119770502135199,0.637207340546397,0.0380946124978399,0.508120088676773,0.00609825502226624,0.684986822032892,0.0543882857194552,0.511523907317772,0.00875650562331465,0.787720711294084,0.113698759774428,0.508377138420363,0.00515298463870629
77,50.5,29.011491975882,0.673395421623548,0.0459259497422229,0.502582863420108,0.00307816949576788,0.654781156144051,0.0455043974943918,0.512221204462181,0.00958097014664426,0.779971863107744,0.114390875718207,0.52070128086517,0.0113971742140262,0.636977598609613,0.039273496843574,0.50725405710899,0.00488484066612887,0.686179733751501,0.0542374173149589,0.512212857383008,0.00971237932608947,0.784595757578286,0.116622978515195,0.508809276597438,0.00620096368710451
78,50.5,29.011491975882,0.672966466204676,0.0467681886341632,0.501994695660549,0.00168485279344267,0.654676663284055,0.0448089189572927,0.512037914349922,0.00958117398116729,0.778514548891534,0.118642766305291,0.521710444550398,0.0128636497196666,0.636412250972883,0.0396987622581129,0.506639088088869,0.00460982062622944,0.68774854979658,0.0543257609459854,0.513967414196495,0.00947309256501224,0.779895456860762,0.117605047784149,0.509192298773693,0.00636006284495514
79,50.5,29.011491975882,0.67271950095401,0.0468849762339942,0.502539313716948,0.00310428228404954,0.65459299467326,0.0441066549029253,0.512624110605103,0.011439349193032,0.776024839850261,0.121275278331889,0.52249512811536,0.0135710812581635,0.636232965334695,0.0394386974227045,0.507099461562369,0.00489901965271279,0.68781321274376,0.0532475038550866,0.511877021083125,0.0080910322216017,0.782350290027173,0.120696840837797,0.508863452361303,0.00573862951502767
80,50.5,29.011491975882,0.672815889594207,0.0464572018307447,0.50227491784338,0.00233681980610925,0.654768226006833,0.0434358058445592,0.511769854818787,0.00986814148678787,0.778652357957954,0.123159600690372,0.520462547670634,0.011514980403567,0.636691373747519,0.0386617620617815,0.506765352898847,0.00471424210678833,0.687782205576484,0.0520565038027085,0.511323329462742,0.00839464647905561,0.781868477052023,0.121495960748267,0.508886920916439,0.00597049668300221
81,50.5,29.011491975882,0.672894739287523,0.0455316453960312,0.502212658139813,0.00227055030254956,0.654604365540505,0.0430971701674934,0.511498150867227,0.00982938858312916,0.779557375639744,0.125473519411775,0.519656408835787,0.0101382651344232,0.636196170541878,0.0373851610884538,0.506055779406317,0.00390330747892457,0.688682532080349,0.0510695279183721,0.513102208997581,0.00968472332562999,0.781750817808655,0.123462488830798,0.508821697051664,0.0054050595640802
82,50.5,29.011491975882,0.673014433770981,0.044066519130649,0.5028504015475,0.00305440857869373,0.654204539630064,0.042447176466474,0.510932205886794,0.00911301243241027,0.780037445575486,0.126613568028427,0.518991115200829,0.0106616193434551,0.636586473869283,0.0361985067116486,0.507384901079225,0.00490199098097447,0.687398813038608,0.0500070718764159,0.511560897812318,0.00755044412457935,0.78391775332846,0.126077776866538,0.508618079637456,0.00501242470082765
83,50.5,29.011491975882,0.673571582050363,0.0426401389728723,0.502674706178289,0.00281119686888259,0.653462839279531,0.0418639983139207,0.510620553473339,0.00921269439716548,0.780398046002378,0.125154055368942,0.520999301184919,0.0121293020962379,0.637416601475586,0.0346369407501633,0.506705578677006,0.00468916942641885,0.6876053102063,0.0488136213661112,0.511643859364905,0.00749707311554404,0.785297311959082,0.124501800425964,0.509563004679467,0.00591536538250672
84,50.5,29.011491975882,0.674116638505105,0.042346919346018,0.502551038186174,0.00256780051254358,0.653042146182958,0.0407777068000344,0.511396591991546,0.0102432110010149,0.781931780489592,0.122124264299442,0.523312608554022,0.0149380066227732,0.636854305258521,0.0334930674518938,0.507526848848721,0.00493281136545918,0.688206575019411,0.0485555902586523,0.513645342789944,0.00841142712023971,0.785747274266382,0.122734484066638,0.508946484556996,0.00541535737200713
85,50.5,29.011491975882,0.675343779749879,0.04204404072247,0.501841440136423,0.00136517133215104,0.652764069121489,0.0401185386304463,0.512662945540613,0.0111981695086718,0.783563635908474,0.11862632081356,0.5208000015527,0.0115263694130179,0.637742858096676,0.0334207212085904,0.50704443726235,0.00479885887510475,0.687735105073172,0.0480456242561626,0.511622700108684,0.00843940324735105,0.788202438414854,0.120735366578596,0.509748112949319,0.00651758601513333
86,50.5,29.011491975882,0.67538878302888,0.0419953857858524,0.502397044819756,0.0025490552888909,0.651237148573674,0.0415411710596239,0.511925266040663,0.00984429904852344,0.784085011683359,0.114369032032958,0.520137416974568,0.0108566023582031,0.637470886902754,0.03272124871259,0.506829234621648,0.00456809923504224,0.686970433370053,0.0505214347488503,0.512857584548079,0.0104676224089213,0.787927119671108,0.116199093051992,0.50918707900318,0.00575705001610935
87,50.5,29.011491975882,0.675779936406914,0.0423577472836161,0.502017296676488,0.00203197444180542,0.650616684029362,0.0432587089915618,0.51203093637141,0.0108245468977857,0.78396699033361,0.111205290915954,0.519507607202821,0.0103184555249665,0.637598068485809,0.0327017540477567,0.507541945629286,0.00466306748646059,0.686366434892072,0.0526673367799625,0.513025099852774,0.00961797630554761,0.790021294783927,0.110627218968108,0.508837656367945,0.00563396222924173
88,50.5,29.011491975882,0.676020163599218,0.0420663689392466,0.501878309246499,0.00162283955825302,0.649910407126062,0.0447500068870217,0.511527783206717,0.0103381810945114,0.782552241991593,0.10909086690537,0.519876342338699,0.0120790168483004,0.638240497616492,0.0326595572759114,0.50749754133812,0.0051804560069687,0.685794643458651,0.0542598449454497,0.512386519160938,0.00752505978523875,0.792486972694009,0.106988175251347,0.509154887429523,0.00659977451631526
89,50.5,29.011491975882,0.675735514060608,0.041292601837289,0.502608335563056,0.00274472228024385,0.649415875917568,0.0460132685691976,0.510906032536188,0.0111853316495551,0.785813175118351,0.107705309399084,0.519467277234364,0.0107680576485345,0.638898082520271,0.031877102143529,0.50607165251934,0.00353825104022081,0.68651428086796,0.0562491348897035,0.515148573428483,0.00968101872157332,0.792868464848133,0.102325493925432,0.509970920231795,0.0074817212161334
90,50.5,29.011491975882,0.675639037689127,0.0416100961675586,0.502786659490565,0.00287191764220952,0.648060905863077,0.0469814778092109,0.51183724388097,0.0126441651808236,0.787717182204099,0.104359845113376,0.518028089454022,0.0107135237583781,0.638813920733675,0.0316611445814261,0.508019769622534,0.00606562992797437,0.685002909960338,0.0577129022551061,0.51483950147123,0.0103082320392932,0.795481857393382,0.0974064766283635,0.509098786833152,0.00613257189435574
91,50.5,29.011491975882,0.676442273757479,0.0418085337183568,0.502307735767802,0.00226827415583242,0.647499272885594,0.0475396063022601,0.510918744497879,0.0107131315633314,0.787502735029574,0.102782206186495,0.519822581648295,0.012054120640231,0.640314236725036,0.0326800284641577,0.507996712031431,0.00528458689643481,0.684280843422206,0.0579697695889837,0.512672520461106,0.00734309516618031,0.79829132006883,0.0956365522735122,0.510192383056927,0.00786180359590025
92,50.5,29.011491975882,0.67652881170671,0.0421998090395092,0.502247711701949,0.00222103050830216,0.647758187361244,0.0477604817307648,0.512326781191811,0.0112952784367714,0.790460556469234,0.100550549465588,0.519127945494548,0.0113438654629007,0.640787249483372,0.0325987732958935,0.506605429296794,0.00428435782169306,0.685524609991984,0.0579675388087655,0.513549971209523,0.00799406150044962,0.798914847927496,0.0935688745530522,0.50997339153591,0.00691412911570728
93,50.5,29.011491975882,0.676850883674041,0.0430910235891325,0.5030894062065,0.0034611625770605,0.647744025292038,0.047268219880477,0.511049900867738,0.011780438034166,0.793354856635865,0.0976001513687079,0.51942160629516,0.0111053075999633,0.640958600516702,0.0332667850098121,0.507313476258489,0.00544726738282118,0.685426486336896,0.0569680438356209,0.512830356561974,0.00764831228342688,0.802068441999109,0.0900095229875074,0.509926744429484,0.00647318034750141
94,50.5,29.011491975882,0.677495460228538,0.044021253522451,0.502136106670448,0.00249507761914647,0.648001377592098,0.0458802001779212,0.513761438821573,0.0147722628331456,0.793500841699395,0.0947479543113601,0.520024633544009,0.0126291657045775,0.640872352154149,0.0339834299168519,0.506421023525791,0.00380793863426792,0.685712401782611,0.0560108632276894,0.514499214794383,0.00957922541129301,0.802655714201004,0.0874845165354967,0.510189687676222,0.0074350288400218
95,50.5,29.011491975882,0.677405763341294,0.045099586239769,0.502581468426971,0.00282592750272393,0.64744640455964,0.0454041211484024,0.511954961397828,0.0111557954121618,0.796732286982183,0.0927218550577846,0.518970076042619,0.0114125107157164,0.640908130728595,0.0355508641778683,0.50768984081534,0.00484396102301932,0.684429568803882,0.0552035538499958,0.512467849581682,0.00928213932506063,0.806006512041301,0.0860290834118521,0.509771254772595,0.00714639680386069
96,50.5,29.011491975882,0.676770173431191,0.0462828070217398,0.503134487649954,0.00341926118326436,0.645760228674447,0.045615150754596,0.511320717269714,0.0110880025878109,0.796459211728584,0.0921875477688706,0.519557270189967,0.014108341773026,0.640562129157831,0.0362029072729747,0.507051626250341,0.00464635746747358,0.683972422677456,0.0564665644506872,0.514644062293135,0.0109825870971971,0.804720003561413,0.0843001895289171,0.509830454978047,0.00695049292722973
97,50.5,29.011491975882,0.675648993116266,0.0467837694094166,0.5038184127858,0.00588384037462941,0.644752165393985,0.046061676361599,0.511910909424675,0.0117432617816553,0.798664301087559,0.0906333550117401,0.518477085530314,0.0114031398561918,0.640882355968396,0.0376628556907919,0.507247011253819,0.00436816415657697,0.681726476857358,0.0575212717956547,0.511660391402886,0.00714983122728696,0.80706321393062,0.0830036552573769,0.510381526850668,0.00902770930479991
98,50.5,29.011491975882,0.674062317598326,0.0476730108778028,0.502425838913692,0.00226196750914832,0.644260145392033,0.0467898826219714,0.514111687909859,0.0135484754452867,0.800176936216056,0.0863551767553178,0.51939934452742,0.0128059678910465,0.639499783993065,0.0382254132790515,0.507392196311362,0.00495524143496138,0.681241485388091,0.0578844999312343,0.513799572972296,0.00919208291513815,0.806940162566075,0.0820973321910828,0.509605049937251,0.00727313613979554
99,50.5,29.011491975882,0.673321534670952,0.0490091666554889,0.502987709169483,0.00276062165274185,0.643023983959236,0.0470866677187853,0.512594312666223,0.0123834067243444,0.801897257095822,0.0841128201056819,0.519538885367577,0.0124023382666541,0.639342687297103,0.0394265309990426,0.506487845287334,0.00416632264168524,0.681174948561502,0.0579374729397075,0.514707644269108,0.009367549326381,0.806792963911626,0.0800443386614102,0.509776302783357,0.0079073635259811
100,50.5,29.011491975882,0.672240216731412,0.0494905628584734,0.502391908246551,0.00204932457679568,0.643569737237889,0.0478283483718201,0.514511526159343,0.0140317149643825,0.804577791850781,0.0801352248856928,0.51932017377419,0.0116199266593316,0.638333598216742,0.039565844007317,0.506807820078685,0.00449661695197457,0.680806635195657,0.0585602990483805,0.514137179735913,0.0099786399737086,0.808994859193793,0.0783594991974574,0.509528506209855,0.00753893612239114
101,50.5,29.011491975882,0.670331729361048,0.0500178676972731,0.503020364521712,0.00314464635831534,0.642778795770096,0.0479500074968233,0.513373302844891,0.012333318760212,0.805695832346242,0.0774268543123024,0.521195646339401,0.0130604246453541,0.637417699635669,0.0403913825847899,0.506115221445699,0.00356528125659779,0.680019361821461,0.0590258400897625,0.513238399152911,0.00869065683514342,0.810647453852342,0.0760892011603771,0.510110122084274,0.00762417753550589
102,50.5,29.011491975882,0.669419775154444,0.0501598797248765,0.503246152351548,0.00397778814088109,0.642522333889451,0.0494048274242955,0.514829419313856,0.0137856031184139,0.8081476023544,0.0756962025685984,0.521479907287989,0.0155344543934804,0.635682190293508,0.0414985923732612,0.5072367013125,0.004243177737667,0.679542680479631,0.05989062260363,0.514211740724356,0.0098366195120936,0.81056935652143,0.0749560110805608,0.509531005974759,0.00693470116294419
103,50.5,29.011491975882,0.667972156747523,0.0502175357485141,0.502483705548297,0.00274535628411148,0.642973376447578,0.0507781807866918,0.514276676264141,0.0137259382740528,0.814909802020904,0.072641502506137,0.520518885192166,0.0116411600927206,0.634636780219533,0.0425936533316347,0.5061334039152,0.00336734867197784,0.678903380630098,0.0615844039350213,0.512824339507603,0.00833011290334957,0.814295636435289,0.0718515137770804,0.509460066335634,0.0066716963470676
104,50.5,29.011491975882,0.666972046126935,0.0512284911571119,0.503141686743514,0.00344850052188729,0.641765544285967,0.0519754633719132,0.51309732498015,0.0128298399226816,0.814361827458122,0.0729496821399847,0.521233842333755,0.0145998274781124,0.632918398834039,0.0434792043037571,0.506611258809496,0.00402489167354388,0.677435645125347,0.0632751081259382,0.51260731565914,0.00839974856938165,0.813180291091176,0.0695336851402972,0.509318470532661,0.00664964999962872
105,50.5,29.011491975882,0.666152812614451,0.0533907176528086,0.502072594395207,0.00138698506057067,0.641949511022409,0.0531245687880061,0.513523087919484,0.0124263319883542,0.814325227103602,0.0735933846214012,0.521595211972676,0.0153776588310719,0.631507078816603,0.0443433321528865,0.506178885123553,0.00414698824520714,0.67666365657295,0.0645615891712333,0.512138251022267,0.00805363138505038,0.814041644489269,0.0683060718703722,0.509284484063153,0.00691925251560169
106,50.5,29.011491975882,0.664702239321976,0.0544857543389313,0.503158491345889,0.00350370910282281,0.642335608778474,0.0535659528607498,0.512143203287356,0.0117607228977834,0.816928413897092,0.0760645323635477,0.519287452827418,0.0118061021131521,0.63018857592131,0.0449492217731295,0.506585099216078,0.00404699056312046,0.677027375884549,0.0661034877276222,0.512524396264722,0.0089542833672014,0.812991196745868,0.0686055837683635,0.509147502351757,0.0065993385984693
107,50.5,29.011491975882,0.663928736126712,0.0561189150638021,0.502962655499189,0.00283222116714802,0.642828981359678,0.0545832038295022,0.512969840424141,0.0116636587535398,0.819426177647383,0.07632018629943,0.519158934466357,0.0114418275564447,0.629968894400261,0.045838193076222,0.505610866271683,0.00371593062014297,0.677298463104627,0.0681866979030175,0.512167650218659,0.00811529177574017,0.815093605509547,0.0684609119577912,0.50942106575493,0.00721926653440175
108,50.5,29.011491975882,0.663153722614305,0.0576138602928592,0.50283758387978,0.00266770719298605,0.643552382567116,0.0557362449782533,0.512578247941754,0.0117336036027938,0.820398814730116,0.0760504944645448,0.519981688752896,0.0159760235390439,0.628375772811899,0.0465289428722933,0.507054384653451,0.00457022902031674,0.676207791464239,0.0688746644953497,0.511996480993465,0.00788578677554378,0.816422964642163,0.0669255180731586,0.509431688011669,0.0071045470181097
109,50.5,29.011491975882,0.662143505079701,0.0585381022275145,0.503150439414352,0.00305056164268749,0.643756151007184,0.056961895718819,0.512584159808996,0.0114911949282487,0.820340542721671,0.0766837299658766,0.51925818487147,0.0121465451979028,0.628575181267182,0.0472957944717959,0.505420461435388,0.00292672784334648,0.677568133904564,0.070937567169731,0.513154683563153,0.00911075856390071,0.814197070275878,0.0670325099613037,0.509422678875457,0.00723383548423822
110,50.5,29.011491975882,0.661469777465726,0.0597947242866283,0.502871761218298,0.00275803840770467,0.643921358396026,0.0577547212559854,0.512144095683339,0.0116417409180177,0.820857090367169,0.0793805228124087,0.519856417810339,0.0125211177541049,0.627902990512432,0.0480429015079238,0.505471896299013,0.00277576743342374,0.676710291027206,0.071730860306697,0.512203505926874,0.00946144307878595,0.81477029714464,0.0699899432674572,0.509543086514231,0.00672072888282364
111,50.5,29.011491975882,0.661595273861658,0.0616934259321687,0.502802346135487,0.0029559408989916,0.64368291861699,0.0587196985275686,0.511017846892258,0.0104047078895395,0.819621776973466,0.0819243170055172,0.520742893837388,0.0126393140847768,0.627494644139448,0.0491585639777685,0.50626837312515,0.00398603753142629,0.675843628846466,0.0725269444891587,0.511805789659068,0.00950426514415939,0.814110524836054,0.0724987475506171,0.509488960034003,0.00640749762408558
112,50.5,29.011491975882,0.660479630521318,0.0630901217716833,0.503930879442785,0.00372276688555407,0.64268577038777,0.0591997065748769,0.510861790672116,0.0104473502230481,0.817598624547583,0.0828376993325907,0.521906053654519,0.0153639561065484,0.627195748901848,0.04961826535824,0.506878961313085,0.00461942758475475,0.674411123973746,0.0733729251261566,0.512017174102554,0.00879631384014532,0.814219719103102,0.0748731854136017,0.50908661977379,0.00594846641313467
113,50.5,29.011491975882,0.660222087863469,0.064195183715885,0.502881760248204,0.00274344288304291,0.642930067421663,0.0599492656077585,0.513406066621521,0.013386065944574,0.819117180998058,0.0833172258603311,0.522130786460807,0.0129972215497928,0.626562475243697,0.0500851863471048,0.506165281106497,0.00395299127874836,0.674293374911539,0.0747719247047307,0.51329518592647,0.0100205828633785,0.81251647250964,0.0744479352324595,0.509689193072342,0.00634362629591368
114,50.5,29.011491975882,0.660563061408232,0.0650315709924545,0.50265642628302,0.00225422505671337,0.642467207383335,0.0605151367487583,0.513045739663597,0.0132719554940892,0.819882264121974,0.0829612575988252,0.520109311286923,0.0131676941309545,0.627448812814367,0.0500759153957979,0.506198952929433,0.00396028727693202,0.673390599682534,0.075858940911859,0.5101640457544,0.00744048740993777,0.815303379544217,0.0757846211738686,0.510085869175003,0.00743960185503861
115,50.5,29.011491975882,0.660203248395313,0.0650374014560062,0.503583850627964,0.00398798132875966,0.641727572457733,0.0610965147234556,0.513236337212087,0.0137800712373963,0.81774559139148,0.0838632673255908,0.520427469566346,0.0137488596418916,0.626669557093299,0.0490689745880658,0.505622973247071,0.00346103917280236,0.673607164040245,0.0763858875542813,0.513539046643482,0.0118724195372197,0.811013104469641,0.0753816325886091,0.509656264627169,0.0059941038794447
116,50.5,29.011491975882,0.660702801391037,0.0635318104445339,0.502907386249536,0.00320571638211752,0.641477032082788,0.0611116365997845,0.512258623966975,0.0133542490342247,0.815876697881888,0.0864899896663244,0.521512471604359,0.0138254567274377,0.627269582161215,0.047825051887209,0.507559241446196,0.00523796358817657,0.67188448803107,0.0751335311916227,0.510612588727986,0.00866380705220737,0.81315018240225,0.077253734775058,0.509309962775971,0.00569329479638737
117,50.5,29.011491975882,0.661486636287422,0.0619168899987573,0.502709638721447,0.00237004846185501,0.641211640268231,0.0594673256060772,0.513675797375307,0.01352796390581,0.813083332027398,0.0908087104093275,0.52176623482443,0.014369802391168,0.62706048475028,0.0464902306222977,0.506754227103977,0.00456041447274182,0.672536610384217,0.0740773324637787,0.513685509519757,0.011608497038804,0.809504900392799,0.076902805563933,0.510006225989561,0.00593096768856881
118,50.5,29.011491975882,0.662247267006905,0.0605299889037466,0.503328970003916,0.00340615216985528,0.640723422923168,0.0584260588675559,0.513149796841144,0.0133996168382443,0.813742914361619,0.0909448845597794,0.520325483595782,0.0122499916437917,0.628098115491883,0.0458740397624691,0.507636363189022,0.00609223528853097,0.671403220938921,0.0723446903659288,0.511059889058369,0.00840090299191433,0.810587569987257,0.0786086795654875,0.509503865418344,0.00622763047591672
119,50.5,29.011491975882,0.662853722680742,0.0595042298937083,0.504158809370796,0.00472514659867311,0.641270003294307,0.0572285433472334,0.5138049187062,0.0122786188153438,0.810852586578423,0.0909816099570999,0.520210589780078,0.0115817382488251,0.628313101674758,0.0452317200458882,0.507884039524017,0.00517002371816671,0.671421993354101,0.0707058832194791,0.511139557805811,0.00947343212535053,0.809922366811623,0.0802507467513159,0.510233965135241,0.00765826497191102
120,50.5,29.011491975882,0.66460742983325,0.0589318991702995,0.503588379084872,0.00368040850212176,0.641663245987353,0.0567357378105133,0.515080863584835,0.0175722665935277,0.812699925880676,0.0912666419317162,0.519935390384807,0.0109641608161023,0.62931492664567,0.044934206009776,0.506642929324523,0.00494980864933289,0.672597320953513,0.0707266576843009,0.511330630012322,0.0101249137686375,0.811178522891401,0.0811497570904792,0.511028042496552,0.00898178875130649
121,50.5,29.011491975882,0.666686709754245,0.0578578107985782,0.502374582856441,0.00219447280498067,0.642856087176393,0.0561737848818018,0.514806135161817,0.0159192688823331,0.81182374340813,0.091254107356839,0.520277040456653,0.0127370690999425,0.630648719267764,0.0436860200376148,0.507883669615852,0.00483299642944027,0.672666611979275,0.0701168506925832,0.510704267981733,0.00904478408205096,0.810816282999053,0.0808232563873933,0.510392427834666,0.0073435517889572
122,50.5,29.011491975882,0.667865196293839,0.0565263187868527,0.502174975431837,0.00185639394975349,0.643544668017823,0.0556152104913523,0.514165566476138,0.0148698376632616,0.809961353738745,0.0910786057101272,0.520900531649324,0.0135171524527703,0.631805207746614,0.0424576301599446,0.506355560102496,0.00413059619232833,0.675196498871036,0.0702356161740714,0.51307466675302,0.0108150736977413,0.808249461535101,0.0806531263588552,0.510038160766486,0.00707125593054669
123,50.5,29.011491975882,0.667825635226856,0.0544732802286567,0.504184947716753,0.00504989788331171,0.643879491584708,0.0540432193522331,0.514676729728833,0.014530614330847,0.807738396740265,0.0951723329856375,0.519726992264714,0.0118596910170565,0.632415351523066,0.0411734820930696,0.507292834712959,0.00509646297179285,0.675490939645884,0.0686811339267019,0.513528179598643,0.0115281037470168,0.807483501852292,0.0818889631665352,0.509696839074402,0.00647832656303956
124,50.5,29.011491975882,0.668741229964829,0.053733854429575,0.502135186361275,0.00184811466756963,0.645747173819422,0.0530178887822329,0.514985253854485,0.0147518410079913,0.808907761998322,0.0937318100978949,0.520232824788,0.0138302122059113,0.632637589486023,0.0400593327650232,0.50705475490822,0.00588052253276154,0.677738115240897,0.0676598399549191,0.513305050518614,0.0104000797769215,0.807781763740222,0.0818672315565254,0.509535462114341,0.00593775941567035
125,50.5,29.011491975882,0.668639638753405,0.052627192237004,0.502645092650603,0.00285449727504396,0.646527703960595,0.0513995319218063,0.514276525018591,0.0139130623375211,0.808386184250073,0.0934273083166119,0.520984103215277,0.0148602719529617,0.632886182639344,0.0391314195967982,0.505457806698703,0.00314342747446522,0.679733775066587,0.0663005759527071,0.514711291558498,0.0109840284255048,0.803091147855234,0.0807826953246282,0.510911756397851,0.0074106609727759
126,50.5,29.011491975882,0.668720292736977,0.05164905389108,0.502461332391677,0.00251343116110411,0.647662131430506,0.0500808654823822,0.514932673328903,0.0131909817749027,0.807380269812622,0.0928464420457661,0.519621772690629,0.0131992927831445,0.632581277996996,0.0384636917406904,0.506573840555901,0.00440936828683912,0.68045057662788,0.0645993448756277,0.51346839945065,0.00982156345666131,0.804538886172839,0.0830678277093362,0.509772483664962,0.00592609911595441
127,50.5,29.011491975882,0.668362909963541,0.0510791859267499,0.502029051025383,0.00198744664000039,0.648441319780671,0.0486735091344438,0.514069404568114,0.0126890868433861,0.805665276575161,0.0927620899085087,0.520422114517736,0.0142414549195984,0.633630413139774,0.0385823504151598,0.506623406933641,0.00483611395403052,0.680904223964091,0.0628279537508899,0.511638301947448,0.00816599539061455,0.802823702891717,0.0852068206281358,0.511629511075209,0.00774805348808128
128,50.5,29.011491975882,0.667109406898885,0.0506670074749626,0.502260121517329,0.00228984282846743,0.648773033173928,0.0479588600534556,0.513787223730218,0.0116682686356325,0.805181254477342,0.0934643675061421,0.520293531003531,0.013590671782732,0.632905685984414,0.0383245278763531,0.506291378654444,0.00435768205662195,0.682517413059797,0.0614713802702833,0.511878685300245,0.00845805999731626,0.804108353843616,0.0882693663299444,0.510183801875964,0.00571523652014393
129,50.5,29.011491975882,0.666303367180896,0.0508163251117331,0.502193602547672,0.00230728636561093,0.648912136891345,0.0467046932901636,0.51340671112146,0.0119041875630723,0.803654597168969,0.0950032626370869,0.519567300682932,0.0126075000889788,0.632682924446847,0.0387370016508299,0.505726072430484,0.00385636571528512,0.68343675847086,0.0606287358008604,0.513038493179847,0.0100646189949101,0.800980852942707,0.0915224403286923,0.510620167067243,0.00713098714864711
130,50.5,29.011491975882,0.665643723780548,0.0511752345181056,0.502393038785034,0.00271562741590666,0.64868947198407,0.0460335456166224,0.513170673326227,0.0123651599285963,0.801752103137564,0.0976426927181564,0.519759213130845,0.0147449068444597,0.632253373504679,0.0392983831016096,0.506949565039445,0.00524014864540467,0.682950016016266,0.0598405659345599,0.51282946609058,0.00767461826098286,0.800169175308778,0.0954857018200771,0.509805562252842,0.00515292524361163
131,50.5,29.011491975882,0.665827146822887,0.0508640925033924,0.502338796447606,0.00265038518570336,0.648825842016002,0.0457620175573362,0.513141332125814,0.012793086243367,0.799076944357274,0.100773435502747,0.519462511847316,0.0128625207223581,0.631851302403641,0.0392976884190337,0.506263524175386,0.00383398045694627,0.683288815508253,0.0590777445911893,0.514739857542556,0.00981837883047647,0.798435556049185,0.100151174597035,0.510009065217468,0.0058774916819527
132,50.5,29.011491975882,0.666504965831768,0.0502236375710123,0.502203132023696,0.00246961935262686,0.648858633280691,0.0451142018775905,0.512571792213231,0.0111300127348983,0.800259686299162,0.103176212474413,0.518740822426613,0.0127139462690705,0.63322853368499,0.0394335876795585,0.506319037463321,0.00392518603588762,0.682870924736933,0.0582403008527328,0.51351822413782,0.0102840145241685,0.798656201308248,0.103846870117425,0.51068491416347,0.0063702625053082
133,50.5,29.011491975882,0.666081755232949,0.0494422556665714,0.502339152024054,0.00319956206426156,0.648598624881544,0.044581751956424,0.511642506801868,0.0106900415473651,0.798893152567706,0.106164554845778,0.520676085273791,0.0140311864260375,0.633358402550047,0.0394845953780954,0.506616298307366,0.00465743441850471,0.682362053380371,0.0575990259704267,0.514064956470265,0.00909011250324811,0.797748429033667,0.107141362657893,0.510236704035441,0.00588618509933367
134,50.5,29.011491975882,0.665821757422043,0.0501047211357824,0.502026863121791,0.00230885479587756,0.649158087947675,0.0439657531589966,0.511134176952498,0.00991807531409835,0.798737551013153,0.109930377028576,0.520295888144156,0.0155261969420943,0.633001188067345,0.0400203956576378,0.506552288220751,0.00547528150272558,0.681895341404169,0.0571601203423662,0.514295669288722,0.00949816206170205,0.796645968583235,0.111038513736402,0.511039165303268,0.00606816884484271
135,50.5,29.011491975882,0.66552700372433,0.0505002446577289,0.502814969043522,0.00319888721695239,0.648582679298682,0.044056469903887,0.511515446512682,0.00989018150799298,0.799886053390078,0.11137126155647,0.518470313654972,0.0118015837101571,0.63298497407768,0.0408038271854573,0.505647218676262,0.00384566006981541,0.682086443417911,0.0565415491896071,0.515903407910883,0.0105682740749552,0.795909049874525,0.112790415325257,0.511031782334165,0.00568881301375091
136,50.5,29.011491975882,0.666585997299605,0.0509538339325949,0.501868230344529,0.00183456851040773,0.648909230136787,0.0445539033555542,0.510510559786562,0.00939426660967935,0.801305798320927,0.113829624008829,0.519531783534534,0.0125047799967912,0.633352630814922,0.0403653154851516,0.50692315137281,0.00475446181823534,0.680026733775945,0.0554434197441603,0.513916328157808,0.0114043914939616,0.797273987810522,0.115170540547624,0.511018434126763,0.00549707327160929
137,50.5,29.011491975882,0.666756785219015,0.0510039805332496,0.502931488187963,0.00316076836176501,0.649009419633496,0.0449349942983933,0.511249323226893,0.0118455287754566,0.800917767727134,0.115842490035555,0.520429330827411,0.0143454981829898,0.63410757875623,0.0403417625264395,0.506158813354177,0.00437641105956021,0.679801478773618,0.0548070517719548,0.513562212214359,0.00916548533510285,0.800509737235149,0.115908263195643,0.51090009559959,0.00532734200291138
138,50.5,29.011491975882,0.667772203275271,0.050808649730282,0.502848658087559,0.00389480074694889,0.649615224358494,0.0450907707997176,0.511476620266252,0.0118264204480369,0.800823082464275,0.114772689692163,0.521725260868422,0.0155109587469989,0.634122768729466,0.0399767037576676,0.505552269426746,0.00451509709050527,0.6801788463548,0.053922374994035,0.514137833059526,0.00931353205512627,0.802607431330046,0.115706282543849,0.510296510206727,0.00505165545047044
139,50.5,29.011491975882,0.668353275965665,0.0509490616817308,0.502097055939819,0.00231979755911031,0.650521673326809,0.0445928569505447,0.51179981802656,0.0127825691365413,0.804098599642988,0.114278092447382,0.519445935170382,0.0118587156448815,0.633942344918066,0.0396795038641101,0.50501422866737,0.0035265306718873,0.680879516850681,0.0530037855527121,0.514779345494171,0.0115822999998735,0.801849005594466,0.11289047976825,0.511050102436254,0.00517466817573556
140,50.5,29.011491975882,0.668232629034266,0.0511982853173717,0.502722514305282,0.00289678186263872,0.650277879521381,0.04360902555428,0.51149918011402,0.0123160109239047,0.803471836940334,0.112109582475673,0.517476354499572,0.0094724588381088,0.633141098841849,0.0397498219695209,0.506184685473582,0.00474516646784399,0.680035092549051,0.0518210018303454,0.51490780922754,0.0100605770998782,0.799984414438177,0.108999407726322,0.511240440172437,0.0061158685414788
141,50.5,29.011491975882,0.667791723201733,0.0515136034461438,0.503634116227305,0.00381802216232017,0.649328993906459,0.043588708379598,0.511025526124552,0.0118690541899163,0.801756483594779,0.110012828809644,0.517351689485136,0.00898352678048375,0.632877500941726,0.0398097162901467,0.507011578205569,0.00448537223940172,0.67968122213481,0.0525059242190194,0.514189627207373,0.00975267219372309,0.800133021417265,0.106744932029217,0.510993426635274,0.00585746150517847
142,50.5,29.011491975882,0.667439470607726,0.0525684217681558,0.502823800878746,0.00304141949920711,0.649119965286875,0.0443726900263568,0.513062802399809,0.0120256213440731,0.799408908683456,0.10861302673302,0.516827084823967,0.0078849698898927,0.632587915450961,0.0408658691657399,0.506136457561506,0.00428330012959389,0.679518768727623,0.0536375484504725,0.515479343802207,0.0109956815735422,0.798308123890156,0.104325915020935,0.511534771823911,0.00661577021426075
143,50.5,29.011491975882,0.667432389764436,0.0534589981212826,0.50320366536883,0.00380536860838119,0.648217576207014,0.0450042367934054,0.512742175150531,0.0133480803256341,0.795210726667735,0.106920054202665,0.515678678628839,0.00659136290534877,0.632858324907585,0.0415373780883792,0.507053846765901,0.00423950536543955,0.677980403468188,0.0550135685146293,0.514715637101043,0.010810295388679,0.797714788543952,0.102472078725534,0.510771360819562,0.00587344833618127
144,50.5,29.011491975882,0.668542552841142,0.0527003998693439,0.501950228533659,0.00234673952073539,0.648232483869677,0.0458166319094072,0.513568127149688,0.0136680077099398,0.794631821653188,0.105766677093376,0.516286382626159,0.00751207971682814,0.633241634918263,0.0421386745057759,0.506222718999438,0.00372838774817531,0.678616217770111,0.0554218951218886,0.515008725558445,0.00933724297382032,0.795693676634573,0.100468198111929,0.511090159683161,0.00576158793825693
145,50.5,29.011491975882,0.669048723370598,0.0523761907359986,0.502065339463499,0.00198596097704124,0.647151656096217,0.046468922286726,0.512596684945839,0.0127526489919871,0.791318234240282,0.10919766360042,0.517630627429121,0.0119109540013808,0.633694680183909,0.0420204632339444,0.505972045284219,0.00314130057152319,0.67841913561242,0.0561151496979443,0.514532986008337,0.00981511090338047,0.79245889200341,0.101434224514072,0.511334454227175,0.00548182017106193
146,50.5,29.011491975882,0.66913625925544,0.0517647510106458,0.502555824657065,0.00327042979077626,0.645646196552732,0.0473817935453669,0.512469459431965,0.0127250212518866,0.788734235720568,0.109182331807733,0.516885256044867,0.0109122130307158,0.633429396023385,0.0418107864093272,0.506471906031505,0.00393455557135642,0.676399786951428,0.0566014849017882,0.513751549706773,0.00996901066409177,0.791086851256922,0.104010228434951,0.510921468440997,0.00540002751635933
147,50.5,29.011491975882,0.670010245827338,0.051057333577616,0.501877322818917,0.00154195522098161,0.644506491821973,0.0482040633676113,0.511212020104081,0.0117613229026084,0.790625766430571,0.11197241666707,0.515855898763457,0.00946108047290064,0.633292868520963,0.0413719224342757,0.506632306981836,0.0040508164141735,0.673853517607608,0.0585201274776024,0.512758229621934,0.00698323504788009,0.790323096000169,0.107623786033207,0.510831392642425,0.00570801324395571
148,50.5,29.011491975882,0.669553180526729,0.0509133310130468,0.502327854376616,0.0029282182908867,0.643280689036116,0.0492330464913558,0.509987039727943,0.0109221905162381,0.788418975241113,0.113482338836452,0.516644788849777,0.0115049638722761,0.632697982064912,0.0414676436272342,0.50595150773895,0.00325299998565167,0.672674653454663,0.0604195489581656,0.513815270425651,0.00777787102059231,0.78872258766203,0.109634212786241,0.510669997799486,0.00596632508292256
149,50.5,29.011491975882,0.669517153304336,0.0511420838481153,0.501976328969742,0.00203009762221986,0.643624873743341,0.0507815482019511,0.51089454850931,0.0109179443102607,0.79147365992432,0.115207669164897,0.515103058246114,0.00834477633206936,0.631806609205672,0.0406468599357121,0.507414020751007,0.00527723220127635,0.67135199134723,0.0622584054236287,0.513914578382817,0.00802971176146471,0.788204491534451,0.112024519139101,0.511126057386944,0.00758840561900082
150,50.5,29.011491975882,0.668771482191884,0.0511780635458583,0.502741126452836,0.0032870691479765,0.643151042445546,0.0518951248530117,0.50972212702202,0.00971687609907261,0.793210664942124,0.113446073408519,0.515861759216468,0.0105775019970439,0.631737916632983,0.0407134644420023,0.505864117851053,0.00400934192329579,0.672653365381878,0.0642818258885306,0.514568636521381,0.0102709710260198,0.790010626400759,0.111998875350645,0.511349367557537,0.00702403558001944
151,50.5,29.011491975882,0.668505201057575,0.05101060742451,0.503740785098566,0.00399144949968902,0.64325117343468,0.0525813172904988,0.511510499897957,0.0133864431403277,0.793824682423307,0.112225545264394,0.514260684583922,0.00838089877235991,0.631879698671935,0.0398390432399824,0.50595885645734,0.00392352248198848,0.672561515610687,0.06553743370296,0.51491840760912,0.0109418799480313,0.790745277370842,0.111133284169476,0.511027235741217,0.00642570495760254
152,50.5,29.011491975882,0.669616587730258,0.0502649338797457,0.502845926481734,0.00347326022120748,0.643231386436982,0.0542459460432565,0.51169945772788,0.0117811292520204,0.794686701042447,0.107308157992921,0.514436473151374,0.0105510135635712,0.632544456409547,0.0395298319634164,0.506397205250492,0.00442235710441065,0.670978332835914,0.0671131621610915,0.513732923659477,0.00918143071894841,0.793007983576828,0.108324385852208,0.510579295730106,0.00624471750951971
153,50.5,29.011491975882,0.670007729403162,0.0487796575563243,0.502337524074804,0.00251348155974611,0.643207728004512,0.0549881287148626,0.512711776179013,0.0111901485554464,0.796856420542981,0.102607629295187,0.514349542887038,0.0118834369152953,0.633405285232473,0.038675476922141,0.506470024643989,0.00456975983414083,0.670861640679036,0.0684430691970616,0.512104770199081,0.00814670452306425,0.79622481896029,0.10509109694077,0.510595982033209,0.00569414908500907
154,50.5,29.011491975882,0.671340649246617,0.0472043459234845,0.502107929564421,0.00220490001133114,0.642632678004125,0.0561475542671068,0.510233700931317,0.0120361578937832,0.793698898728577,0.0978146861551398,0.516277228946053,0.014823863084909,0.634381497401864,0.0375277906184659,0.505840529623844,0.00382144733828529,0.670438864126503,0.0691403199714442,0.512698659806702,0.00826114811228939,0.796834752915721,0.102396562366991,0.51022419698168,0.00610325050357478
155,50.5,29.011491975882,0.671077341839623,0.0452430183220581,0.50206314370565,0.00206289271155602,0.641902057189913,0.0563824438989996,0.511442678060168,0.0123355587846314,0.791610939747329,0.0972931017917802,0.515662559394638,0.0132999224173752,0.633782023796686,0.0355824622885221,0.506370287915253,0.00398379130886285,0.668794479798419,0.0699312727982434,0.511989433426444,0.00742127139852285,0.79794606522754,0.100134718078672,0.509842994330026,0.00558536426934493
156,50.5,29.011491975882,0.669936051456,0.0442007941256429,0.502533327690964,0.00296586432830871,0.641205931736068,0.0570260195174865,0.511477516468063,0.0124496153183579,0.792339268856485,0.0947823245819688,0.515468613374253,0.0121235854032759,0.633170036932308,0.0348284317988313,0.505793167405897,0.00369077746522897,0.66928871271964,0.0710944008332939,0.514534598182165,0.0102686605271275,0.795712108738728,0.0965964227781339,0.509511316999468,0.00519508931491261
157,50.5,29.011491975882,0.66876588006874,0.0438875133980793,0.503717439139746,0.00386330810551595,0.640973295235611,0.0572904873061392,0.510158561176583,0.0116484061279014,0.794160599807294,0.0943023504454618,0.516460560404548,0.0112888165748179,0.632635038679819,0.034983561777169,0.5080857288211,0.00501314616292544,0.667860337814982,0.0714708954209141,0.51287368860116,0.0087518025122468,0.798756716147429,0.095905095546938,0.509424852321656,0.00588730698527849
158,50.5,29.011491975882,0.668194063698682,0.0441923463862388,0.504464239715994,0.00437622709339282,0.640673157086284,0.0571929834360796,0.511637552587556,0.0143737624498544,0.795621217784131,0.0914554857469619,0.517392606086031,0.0119517922260946,0.63317146630674,0.0360639124881439,0.506435637729828,0.00396728332725549,0.668738562624404,0.0722742216306616,0.512682691052074,0.00904891668959102,0.800326531971788,0.0911321495524295,0.510266882540585,0.00815645545679057
159,50.5,29.011491975882,0.668811564067662,0.0453112258357149,0.503439060605393,0.0034123006872923,0.641564270413528,0.0577786607279019,0.512740596923519,0.0158082370157179,0.797911511396934,0.0869691792402293,0.519255592474894,0.0150106598383881,0.63287100278259,0.0366113411615613,0.50734220183079,0.00479439748032556,0.668772587380803,0.0723277410110074,0.512353063758425,0.00771662374825317,0.80010720575606,0.0863685860627699,0.511169872701357,0.00886552277777782
160,50.5,29.011491975882,0.670210144538278,0.0451066659627937,0.502260263002202,0.00215689663809944,0.641000368896568,0.0578760384799864,0.514427000357778,0.0164995490303073,0.796616051711605,0.0817561547644675,0.519833695620878,0.0156556477802394,0.632982418472002,0.0372101635404962,0.507102903946388,0.00532924026651327,0.667875386063532,0.0725114832922298,0.511654078040582,0.00762281462132434,0.801142103030656,0.0812921791053613,0.511241259591971,0.00873792069022215
161,50.5,29.011491975882,0.67056818491277,0.0446877528701782,0.50237362396737,0.00269349894880555,0.640719914267483,0.0590304018443974,0.513624486811743,0.015787463073423,0.798824671574302,0.0810179713399329,0.518839507486875,0.0125086913474191,0.633274663406169,0.0372869475224457,0.506186608795379,0.00345482589069635,0.668134464199518,0.0741131816093824,0.512512563002427,0.00813640618259359,0.800703313031073,0.079902272636105,0.511132138899702,0.00789481810572342
162,50.5,29.011491975882,0.670117954548992,0.0444413072752969,0.502445058200522,0.00240497225514917,0.640453958629571,0.0599299962812724,0.51310514704265,0.0149009633047682,0.798622460915707,0.0796604762552522,0.518879794753509,0.0130663850436601,0.633985809970468,0.0372719964326965,0.505063108454923,0.0027295688273703,0.668338765475509,0.0754835562707648,0.511734878466083,0.0079764974212609,0.802493666459218,0.0778226230837882,0.511765543281659,0.0088066750154189
163,50.5,29.011491975882,0.669979029938164,0.0459769672577746,0.502787169242512,0.00251842824264084,0.641144492947779,0.0603551207204207,0.512690249124383,0.0144262397861479,0.801199155333931,0.0793772268459877,0.517816784714765,0.0107531703146112,0.632858392880319,0.0374644446980923,0.506532750881918,0.00539620362418713,0.668572529214522,0.076117763937573,0.513679903231157,0.0116657279346056,0.801390082775527,0.0748875426545297,0.5113245257745,0.00779535557723754
164,50.5,29.011491975882,0.669794733366811,0.0478587972366558,0.503007572685694,0.00359508934584805,0.641174633892546,0.0598926575805508,0.512133940584789,0.0134439427851583,0.801662213946184,0.07727956023097,0.519141982427204,0.0121863333095216,0.633530199890372,0.0392014618482119,0.506656900380664,0.00395061260398982,0.669173856459035,0.075789369139651,0.512344261026727,0.00982347460696582,0.802823084130766,0.0735693023142613,0.511887629791007,0.00843777294849104
165,50.5,29.011491975882,0.669247023990566,0.0491502884022753,0.503662802346561,0.00506504645752322,0.641328075190633,0.058925385392288,0.512239066913861,0.0132270603914631,0.803626849956439,0.0740717275471419,0.518508202790274,0.0115703410691742,0.633160642120213,0.0397580519738501,0.506209008704785,0.00422024383198345,0.670582536266048,0.0742736790607432,0.512198090850629,0.00898509383268764,0.803780581796648,0.0720492410290197,0.512355096094081,0.00817779392052595
166,50.5,29.011491975882,0.669494992003465,0.0511510463568613,0.503500230725048,0.00418988811833715,0.641903234198372,0.0572811655551311,0.512761620765277,0.0133850224273785,0.803696267863363,0.0709975244906805,0.521369008453729,0.0164633035302831,0.632298538281837,0.0400213942858526,0.507301536714553,0.00535576270371948,0.671535257656545,0.0714642899675148,0.512267776804353,0.0108411098393488,0.805108870851609,0.0705800154427902,0.511462710643589,0.00794919434613783
167,50.5,29.011491975882,0.668127174611779,0.0511792484939648,0.502665478118681,0.00286459143693162,0.64411324202951,0.0562191601587263,0.512223696592011,0.0128599848904799,0.810185110720174,0.0670931304457128,0.520579548745668,0.0152674914635344,0.632496489385836,0.0400876918059866,0.507535746463067,0.00565754605400337,0.673728916791912,0.0691879749720709,0.512063476141392,0.00935771128118527,0.807171019349755,0.0688113478218997,0.51139788274756,0.00884867670746401
168,50.5,29.011491975882,0.667103805674011,0.0524772352545821,0.502172939166742,0.00205682260063051,0.645678530248747,0.054622759672582,0.513095884919484,0.0136940610164768,0.81264993338684,0.0646914499053363,0.51976093247918,0.0139282275577439,0.631568352472596,0.0412206782029615,0.506135845858084,0.00364199053980654,0.676175086033541,0.067435626848108,0.512595619367925,0.0107523313993385,0.809034407276326,0.0666222494184214,0.510954185751177,0.00833278229577183
169,50.5,29.011491975882,0.665268559706073,0.0545004041783389,0.502504287113597,0.00282475036322685,0.646151450390459,0.0535161403306794,0.512245091544988,0.0125676091834188,0.814802522756992,0.0633272238734783,0.519564598930724,0.0135868465513024,0.630336952641024,0.0419135902141376,0.506247861692323,0.00391911583186957,0.677181105839733,0.0652130595043586,0.512700300787913,0.0122551238777719,0.811182290880641,0.064366602124601,0.511122415083185,0.00789653424796549
170,50.5,29.011491975882,0.664366344384874,0.0563851746711663,0.502511902397249,0.00277928226213469,0.647839820342159,0.0517055518308408,0.511304203110592,0.0115715080016265,0.817463395251593,0.0600979910364432,0.520287289863801,0.0128747841228524,0.629318907877763,0.0432358254142444,0.508448723227183,0.0073042999413091,0.677596332804269,0.0627734672482501,0.51192090785515,0.00985649129469362,0.813663631743503,0.0619532597360549,0.510731014388737,0.00729713035629954
171,50.5,29.011491975882,0.663689626584839,0.0583479258841503,0.501823763886344,0.00134399596162964,0.64951227552773,0.0495902378903632,0.511019778019708,0.010979064447222,0.817972276924355,0.0605173441999206,0.521134591238964,0.0122367252098477,0.629499940166989,0.045106911641048,0.506864679994768,0.0036443992818849,0.679329998569075,0.0599232148621019,0.51119555531206,0.00913132298804851,0.814223685705849,0.0619376848250126,0.51115522839349,0.00727583404100594
172,50.5,29.011491975882,0.6633183569719,0.0599929501797105,0.502295102146012,0.00253825267868425,0.650451561549963,0.0475581467525495,0.510477572716512,0.0101717107556651,0.817102685614076,0.0622907727599897,0.522572020778978,0.0140859867060971,0.628698964337543,0.0461699525435713,0.508023739913542,0.00500894911578748,0.679961530233528,0.0571942744068368,0.510705279916799,0.00819356108066656,0.814439088880022,0.0654401143008332,0.510867969329402,0.00731593714254307
173,50.5,29.011491975882,0.663072883518724,0.0608291449528528,0.50331512100895,0.00414097307624421,0.650476464055189,0.0457367233826147,0.51042046741651,0.0110772759416657,0.814466095778958,0.0650842861692778,0.520394355973983,0.0113698404399315,0.628563519932354,0.0468538745230482,0.506933129580177,0.00402738408395388,0.681198588730922,0.0547840772833375,0.513792634526048,0.0107323164712312,0.809632603867309,0.0690638963462841,0.511005371928079,0.00689926100750232
174,50.5,29.011491975882,0.66331139657105,0.0614669801696036,0.502904287486677,0.00340654893358886,0.64991594744995,0.0449073080214611,0.510548798637685,0.0105246205028207,0.811341196660658,0.0717638747102401,0.522790319062837,0.0152174767860115,0.628167527992104,0.0472616241182348,0.507468723083084,0.00515255364335628,0.680446145962095,0.0537166730442277,0.512482559302785,0.011646023762192,0.809979364603844,0.0741307828930882,0.511033740335589,0.00650125964661574
175,50.5,29.011491975882,0.662965514344114,0.0620051182770582,0.502724604905483,0.00272485648748533,0.649010908316486,0.0452472980468801,0.51161035340841,0.0122494807344826,0.807989424557641,0.0761022056919724,0.522711674782717,0.0142923629534623,0.628185618565941,0.0481869415067482,0.507065738322377,0.00382658323210462,0.679816747557173,0.0545292124893904,0.511859147486122,0.00943144391704112,0.80648488642745,0.079435664978764,0.511569597385642,0.00723545111226252
176,50.5,29.011491975882,0.661975739258162,0.0635545406287746,0.502701127850441,0.00293807855581393,0.648579683719612,0.0462836987112613,0.511213954741042,0.0126642451044609,0.807616657513482,0.0828117943886995,0.521041197495282,0.0112368303455077,0.626868616136689,0.0496060824921568,0.50677085113843,0.00441300087196238,0.679483211199548,0.0562615536477199,0.513002860239452,0.011688242634006,0.803377816675571,0.0837907277624454,0.51116654726758,0.00760576162546518
177,50.5,29.011491975882,0.662639384822746,0.0647449156154871,0.502135462813844,0.0018090530835605,0.64858368096195,0.0471043129050421,0.512002161455164,0.0122774508267267,0.804754321593101,0.0881214547198284,0.521788466785152,0.0123081116113593,0.62664049610993,0.0499537722514409,0.50726809390671,0.00488777783806937,0.6782613272337,0.057582351480608,0.5124807445414,0.0103531504845014,0.802999616966267,0.0883938427951119,0.511429423000107,0.0077854962334299
178,50.5,29.011491975882,0.66259347729499,0.064020137729352,0.502977649013524,0.00311062376334112,0.647557394742501,0.047667341796655,0.510839803431204,0.0118018491422572,0.806068436451414,0.0949674611940386,0.520507551409914,0.0108481164343299,0.627057642316209,0.0497779022221056,0.506839449846996,0.00459254290095521,0.678834590303336,0.0572535730547654,0.513012585850996,0.0104700561660624,0.800684435057038,0.0907907976809262,0.511567288607604,0.00929734422383962
179,50.5,29.011491975882,0.663431125727481,0.0633213351874377,0.502543249568299,0.00367331801073378,0.647600248612608,0.0475613687013216,0.511770870700993,0.0122078474769377,0.803080410192656,0.0977934760316594,0.521881672630607,0.0132064572240353,0.628283707667234,0.0485813616566735,0.505906876506354,0.00422297938746377,0.679883928391444,0.0562543590844188,0.51292287634639,0.00979609708431331,0.802085526361381,0.0941976283515925,0.511338748925916,0.0078760818769674
180,50.5,29.011491975882,0.66245559248981,0.062724590720848,0.503463948652996,0.00394578985807165,0.647334785591805,0.0470332275015251,0.510709184759689,0.0115838945266503,0.804325771070299,0.101758122635137,0.520088011829488,0.0117254149694171,0.6275827118522,0.0476966146863466,0.507128438745183,0.00478098584378512,0.680627560020074,0.0557235178795284,0.513696541926714,0.0111959660974606,0.800726796925171,0.0991859726328679,0.509929922639316,0.00683040007280075
181,50.5,29.011491975882,0.66283661901358,0.0621600058586655,0.502360219722812,0.00225092214940181,0.64876743517694,0.046089893381234,0.510715993348253,0.0121204331705165,0.802589226408226,0.102865689590905,0.52226845092029,0.0133282091231487,0.628653266338564,0.0469741314395944,0.506885409821692,0.00454836072041955,0.681448288169811,0.0540925262990002,0.511504285183834,0.00966545647407527,0.800480031139484,0.102020124883879,0.510836665538828,0.00707853044786725
182,50.5,29.011491975882,0.662176583718092,0.0625711548281786,0.5029853164363,0.0032946161990769,0.649574798266192,0.0445670858900744,0.510828637674521,0.0112263321132864,0.800264597583736,0.104599688276931,0.52287358169133,0.0133745020398386,0.628233372469574,0.0469244698505336,0.507116042128278,0.00464398724105385,0.681904739395907,0.0526967453386672,0.510257153473999,0.0079820967922156,0.800153891309485,0.10424643660723,0.511038293987574,0.00755575793378367
183,50.5,29.011491975882,0.660943501005953,0.0638379130251382,0.503081180186574,0.00325872667132942,0.651109977250401,0.0425904492181766,0.509736775704473,0.0117548067683495,0.801224347487658,0.106259938981709,0.522423327594339,0.0127306830453323,0.627001194752895,0.0483587246314608,0.506799523811333,0.00451633793788293,0.683460413461851,0.0508483890618603,0.511211247060037,0.0103976048210462,0.798084143906296,0.105159878550194,0.510743703910587,0.00707846094845585
184,50.5,29.011491975882,0.660524727840526,0.0648577838923826,0.503337577845331,0.00328855038399986,0.651493824151908,0.0401520785645731,0.509265759696352,0.0114405558484497,0.800862770865427,0.109968757513791,0.523346869744766,0.0155764126358397,0.62734487578648,0.0497025862422517,0.506745516527482,0.00413898374980425,0.685229113833046,0.0489560415658488,0.51105409575847,0.00821491077111069,0.795121710342347,0.107553929576612,0.511562525385084,0.00813765608803651
185,50.5,29.011491975882,0.66145543809228,0.0654202910803147,0.503184351652569,0.00323077305486831,0.652444685080024,0.0377305666002012,0.511443107559041,0.01444008288907,0.797303867785444,0.110813003522881,0.521585197163134,0.0138834308563557,0.627644711159045,0.0505016805360655,0.506842245707634,0.00465135469028988,0.686430554877631,0.0466834468685913,0.512484381714865,0.0094512601434339,0.793164724748603,0.107987694890063,0.510789929086746,0.00669993621123152
186,50.5,29.011491975882,0.661507761071581,0.0651730604721687,0.503619442827761,0.00488840513964211,0.652972165829492,0.0354527887666782,0.511336965834552,0.0150665785030356,0.797313519245935,0.111040077576232,0.523249070271484,0.0138683675258311,0.628680177383284,0.0500233096835074,0.507257921290172,0.0043602333672098,0.686943294046515,0.044195836832931,0.512408943131071,0.00827190899246158,0.793741283165387,0.109590908262407,0.510372257739342,0.00625927179258378
187,50.5,29.011491975882,0.66286821794621,0.0639609899941927,0.50224269545207,0.00222644596536651,0.654021721651405,0.0334617481446114,0.512275942611091,0.013753736754772,0.79552110211047,0.11229996162552,0.524220178466793,0.0137979277899145,0.629464602380254,0.0493763197488232,0.505778964908447,0.00377487327647335,0.689054148559135,0.0418490867918807,0.513256720990245,0.00989772811309683,0.791636362979168,0.109111554048938,0.510559285471228,0.00622719582356311
188,50.5,29.011491975882,0.6623380755662,0.0631291781336304,0.502997199894612,0.00343995583308588,0.654070067312407,0.0316186115568707,0.510551141152724,0.011904866289761,0.795203236643468,0.112466299835371,0.523888698933613,0.0139199498730905,0.628916120650845,0.0487313339819675,0.506083557860422,0.0035043374387783,0.690064185567843,0.0406132307704236,0.513860119398044,0.0104731885261502,0.790200127834675,0.109797067516643,0.509858395794059,0.00526182212726289
189,50.5,29.011491975882,0.66203921667002,0.0633398473138764,0.502683974906713,0.00287947012658209,0.654942501514225,0.0302891189901139,0.510828787928216,0.0130846513009352,0.793865872561513,0.109619287754394,0.527300317322551,0.0163895585464073,0.62835305783062,0.0484826491508431,0.508585196904464,0.00528405069634409,0.689433088379269,0.0393946092685325,0.512078477765033,0.0083696139650007,0.789560453517938,0.108691926049349,0.511493134278194,0.00697361065530415
190,50.5,29.011491975882,0.66201543481071,0.0632771226527773,0.502893778487447,0.00314556733034532,0.655830274338402,0.0292664507755714,0.511691780984046,0.0131237035638367,0.794470889126109,0.112470063753661,0.525190173027207,0.0138406254206932,0.628669970982278,0.0489510050588456,0.506859032687275,0.00528600494085975,0.692545199161212,0.0384467662553492,0.513543198837144,0.00967834946251454,0.791442587812141,0.109726070781348,0.510555850182612,0.0069244009703481
191,50.5,29.011491975882,0.6617504500359,0.0632103109728366,0.503587388976745,0.00406123237282367,0.656163650334449,0.0277891391811863,0.512587106140766,0.0135239914202023,0.799128740022692,0.109881449181813,0.523444255739903,0.0135056664849198,0.628626202393947,0.0485142692834906,0.506810695871404,0.00402938050037562,0.693612490454045,0.0366086554674923,0.513984883719138,0.00954859019000179,0.792788693690883,0.106495453696171,0.509925649544822,0.00573921195114081
192,50.5,29.011491975882,0.663078550102617,0.0626075908842257,0.502840329092395,0.0032487961615154,0.656956067100541,0.0266685329705744,0.512724572624531,0.0123210459720744,0.799106990462333,0.108462302156788,0.525842488655785,0.0134749926019381,0.629005224007975,0.0479662612099838,0.506185250529016,0.00427963701082427,0.694742837707503,0.0347211460714694,0.514256537330236,0.0101475119187158,0.794248174416624,0.100807753419326,0.510360020935237,0.00595010611169561
193,50.5,29.011491975882,0.663814307045022,0.0620747902091876,0.502151928733163,0.00217297474409209,0.657845554955258,0.0261086923646462,0.512492097358864,0.01225446362341,0.803477804178713,0.103414099445753,0.525724272849013,0.013041952781785,0.629247758913256,0.0470277372009196,0.508224027293672,0.00626009081037308,0.693147594343604,0.0329446293924449,0.511784718289772,0.00829260333633622,0.80026006165502,0.0961335389795799,0.509709307545871,0.00537046192559522
194,50.5,29.011491975882,0.664377062923362,0.0612342442673711,0.502275361262852,0.00273563441923914,0.658019936115358,0.0250160805695781,0.511229267664645,0.0112432838736996,0.805709272867481,0.0966512167387353,0.524440414397776,0.0136327615938086,0.629599708183149,0.0457249724907,0.506433600901576,0.00395418100012951,0.694692246035934,0.0326548263880722,0.51545856647927,0.0107356285601239,0.801686110491351,0.0909466465360463,0.509694222569606,0.00489247688666077
195,50.5,29.011491975882,0.664091130487459,0.059407423141694,0.502533117482924,0.00282397722902609,0.658570855000041,0.0244874729833966,0.513023400014015,0.0129842182268145,0.805804349958261,0.0936889723118362,0.52437343490959,0.0138972666271337,0.63085979704812,0.0441589737514538,0.506428887475165,0.00402808101343742,0.694267598392059,0.0326369347866267,0.513062288373012,0.0083526833315893,0.803181959286558,0.0875623819413012,0.510429458615214,0.00645450225457536
196,50.5,29.011491975882,0.664719365311766,0.0577128550487329,0.502235243372468,0.00216432436186773,0.65940496002971,0.0250660060076867,0.512064532236102,0.0114675821284547,0.809448017407412,0.0892417144627029,0.522875175119748,0.0118311519828497,0.631094488761166,0.0427683273523178,0.507062871154701,0.00470762550176964,0.693989296478091,0.0324767269141544,0.512771525609845,0.00811879161448981,0.804538744691076,0.0857705441332484,0.508946874443516,0.00461346577026679
197,50.5,29.011491975882,0.665057055782839,0.0562271048108226,0.502367192118583,0.00241567060960122,0.65949323790762,0.0255521946276312,0.511837603119182,0.013591540965054,0.807498415365591,0.0875844489148935,0.524812697042733,0.0127913909809673,0.63170719574281,0.041886442327703,0.506531708805593,0.00358747286515936,0.694405229227198,0.0327471126598891,0.514241532589318,0.0101210673103059,0.803916388782222,0.0845850848733881,0.509116137555395,0.00488882407406746
198,50.5,29.011491975882,0.66612917385498,0.0553084871868786,0.502813955614573,0.00370944028627443,0.659869843455162,0.0262502172244716,0.511051815851935,0.0105732273663665,0.809987295257432,0.0865055475382356,0.523443410713777,0.0128882311455157,0.63227694863639,0.0414018368847048,0.50618117788637,0.00358042017525448,0.695349655833602,0.0333475683929658,0.515027487232919,0.0122506022378543,0.80528765341911,0.084487079138762,0.508714328459173,0.00399781129446804
199,50.5,29.011491975882,0.667289483357834,0.0540699121176614,0.502261860139809,0.00261394039571799,0.660689213894074,0.0268692767776825,0.511090348266374,0.0112765689464981,0.809599967921819,0.0832881743691129,0.522905956904022,0.0126751769968213,0.633351958041668,0.0404519236312595,0.506813874846511,0.0048959193213996,0.695345495388015,0.0339154071076006,0.513145754966401,0.00826531301342959,0.806529940741023,0.0837837498879572,0.508845885240129,0.00440585093931454
200,50.5,29.011491975882,0.666975385685276,0.052340855412763,0.502670451910057,0.00289756826029792,0.660537029567535,0.0275713852635777,0.511111291054517,0.0109731007504346,0.810825488794074,0.0788461846667264,0.522091562122556,0.011863788607688,0.632637641110964,0.038826897535895,0.506595614445242,0.0040400928163609,0.695984088209922,0.0345627342629314,0.513829089730683,0.0100925035440145,0.80518122077832,0.0821719223109984,0.509492317964027,0.00493863271363743
201,50.5,29.011491975882,0.666998317334907,0.0507468133698458,0.502230158963995,0.00161481310272322,0.660909438510811,0.0283965760718346,0.512219732242128,0.0117684485173726,0.782453174693156,0.0739761661752257,0.521647726261506,0.0119623291193385,0.632636836941656,0.037729925227083,0.506197820570811,0.00365529634063164,0.695584403636716,0.0353655404666428,0.512126892491437,0.00814554543975141,0.778379728219081,0.0767605211511644,0.509074547816658,0.00492026228401108
202,50.5,29.011491975882,0.666907419997284,0.0497233577705217,0.502605905102102,0.00259778711533042,0.66127403435723,0.0284458314531133,0.510704199973357,0.0123279565055035,0.782007789819968,0.0721473158764435,0.51998910536599,0.0103917082013127,0.632503956854597,0.0366657132177546,0.506548618905858,0.00431078444035931,0.696090864449138,0.0355588914861001,0.51256363893127,0.00814262174372008,0.774803836621032,0.0742454792092313,0.50947585012169,0.00541688667564667
203,50.5,29.011491975882,0.666793861512347,0.0500996321550532,0.502962934786265,0.00350405195592219,0.661488638579086,0.027822638652741,0.510366135658092,0.0115603757957524,0.779100645207081,0.0716892994219133,0.52133736999887,0.0144141612746686,0.632268614483477,0.0362302379631822,0.506533607456163,0.00481079245060547,0.697353182201369,0.0344137129038708,0.514367680672995,0.00967443500798036,0.771465893063067,0.0716582893253523,0.509555363649949,0.00544201056769191
204,50.5,29.011491975882,0.667763017110575,0.0509879060263924,0.502400445571354,0.00221681165635654,0.662026747478021,0.028194800899598,0.511819392786687,0.0135189793794026,0.77584861889466,0.0716187899209954,0.520008819630382,0.0125104447109971,0.632804777999056,0.0366961135889776,0.506471253818807,0.00399967284107406,0.698089061246512,0.03404479157889,0.514014359400124,0.0101956263044557,0.769137950317984,0.0702338880853303,0.508940680292767,0.004909635786761
205,50.5,29.011491975882,0.667047279865442,0.0520116559496681,0.502167907328725,0.00194244019322846,0.662408893836607,0.0279552457620816,0.511506701349226,0.0135229948086595,0.771884359125032,0.0711490459071772,0.519031254371834,0.0135273475892453,0.63174408184411,0.0373415777633992,0.505692474707756,0.00364328303696297,0.699130886978154,0.0330182848101407,0.514872427422902,0.0105235754610089,0.764419643203137,0.0683399271683844,0.509076852779686,0.00542198877365756
206,50.5,29.011491975882,0.665193440982785,0.0535998598093299,0.502625278386396,0.00272346564652161,0.662163452143314,0.0272815605583467,0.511003443712454,0.012516281469321,0.768828312112458,0.0731750216395384,0.519031711997773,0.0111494731321609,0.631133948585082,0.0383605882368128,0.50696954214742,0.00510105385276568,0.697937401640516,0.0314565455421417,0.511496616935025,0.0086926624762183,0.763785575847079,0.0682178969725926,0.508872945753678,0.00570098947550858
207,50.5,29.011491975882,0.664688045912244,0.0548309913250057,0.503073710701528,0.00350097373796196,0.661031171404346,0.0273897983211034,0.510180860290576,0.0128543273073941,0.766137268931353,0.0752076745945688,0.517610814977361,0.0094670043068286,0.631054906214483,0.0397942135640438,0.505707408644592,0.0036973290277138,0.698155946226551,0.0304528185224822,0.513734587236421,0.0103887591375128,0.762555618967853,0.0667098663948013,0.509172257696291,0.0059187410228589
208,50.5,29.011491975882,0.665613814679934,0.0555384571913589,0.502972386782921,0.00284005463055044,0.659931655050339,0.0277399120916911,0.510775262875785,0.0132704142361552,0.761634515438732,0.0751584697852624,0.521622226875065,0.0148412990971703,0.631204510045351,0.0408721742209504,0.505585845508543,0.00407819426494183,0.697572645844985,0.0307747224393619,0.513953391023869,0.00987379700064501,0.762519968043508,0.0641595890389391,0.509297623697079,0.00574234614163254
209,50.5,29.011491975882,0.66607913433285,0.0554609673177304,0.50251126567466,0.00247968972030775,0.660414725850391,0.0275217818394286,0.510219341276946,0.0126903220107414,0.763539720808182,0.0747851714490277,0.518486445843069,0.0105663091433519,0.631236470856021,0.0420284955655522,0.506224520470729,0.00381397246133607,0.696908800079503,0.030605311738904,0.513924916358339,0.00985001043971388,0.762575889989024,0.0643848921088506,0.509212028886967,0.00561404178711044
210,50.5,29.011491975882,0.666284736242303,0.0555703195400048,0.503457550881472,0.00359968052587366,0.659401454863681,0.0270845895715754,0.510317798256769,0.0126515499183506,0.759847448026081,0.0730342402430221,0.519227665356276,0.010616569751728,0.630881393877169,0.0422999510717724,0.506476200753094,0.00381737565558339,0.696796784152187,0.0308727441147307,0.515446470875568,0.0107147858188802,0.763592581011012,0.0646772692531733,0.509005246435244,0.00500252921263932
211,50.5,29.011491975882,0.666764888566527,0.0559327435002909,0.502870926732704,0.00255601428406282,0.659415664477918,0.0266932364471224,0.512051522983022,0.0143592263262009,0.760501297904628,0.0713304915713228,0.519367002192814,0.0132918099832794,0.631749427157897,0.0431407181468436,0.505462177886881,0.0035448479976642,0.697372922937762,0.0316045265628402,0.514544507863412,0.0107327026420946,0.764888222562545,0.0644102256473306,0.50938509356063,0.00508140691091951
212,50.5,29.011491975882,0.66740206927799,0.0573229961704564,0.502658254364111,0.00263527804481849,0.659149121601125,0.027880822140454,0.511750927955818,0.013772092959552,0.758577044679111,0.0689672175527257,0.520682872887512,0.0137470562079583,0.631360581697999,0.0437663028446008,0.506382801838713,0.00469448659624674,0.696737251894207,0.0327970759251216,0.513824861669854,0.0094612186724429,0.76679472946942,0.0640236181477823,0.508578391538291,0.00467708128971685
213,50.5,29.011491975882,0.667859150162254,0.0573805688366498,0.503439053541058,0.00318901267649235,0.659002220190644,0.0305107210305844,0.512079735982573,0.0134220398959261,0.761641035270316,0.0689700742574434,0.516576202573887,0.00838779920128212,0.632031493497119,0.0439927479806176,0.505876183252664,0.00377014341524706,0.69741159859816,0.0364187278932152,0.516575100824566,0.0120400074706549,0.76477234989821,0.0626191454374728,0.509606818192269,0.00477775028679832
214,50.5,29.011491975882,0.668959742976519,0.057019852946078,0.503312393091516,0.00323070878900189,0.658264687812817,0.032135395112124,0.513350068652126,0.0135201185200646,0.76249184636704,0.0688178062136493,0.516682538516671,0.00940425978448043,0.633527045688157,0.0438952040873102,0.506876221704629,0.00417068538991078,0.696180105461151,0.0385970343756506,0.513936289432899,0.0102491576375193,0.76809899990687,0.061698294431797,0.509455524212169,0.00463705185045959
215,50.5,29.011491975882,0.669944064909733,0.0560226252260417,0.50304801226342,0.00363536409948618,0.657344075772176,0.0332506948759458,0.512723029600169,0.0143577439587213,0.762843721065621,0.0672113517541422,0.520013272157608,0.0151096860946614,0.634279502161599,0.0429591198851079,0.505723475789586,0.00428335135958146,0.696080061675632,0.0403658739842774,0.515848404682008,0.0109356968904953,0.766994038786654,0.0630010169071264,0.510986843969902,0.00558113163854228
216,50.5,29.011491975882,0.670627782308828,0.054586497331988,0.503600365887949,0.00339637756779797,0.657148528397704,0.0345938755529053,0.513204506266561,0.0139642539562545,0.763972412278063,0.0681959736270773,0.51743317284998,0.0103851477630273,0.635090039315572,0.0418754089337633,0.506172160259146,0.0045054480600237,0.695350340995918,0.0422914085813635,0.514026220284046,0.00893939901705765,0.766988063604663,0.0647718671755589,0.510509871892071,0.00495935448016879
217,50.5,29.011491975882,0.6722909322488,0.0532682074663853,0.502417383436337,0.0018327863728528,0.656490082669413,0.0356677209761683,0.516107430340148,0.0140652177999296,0.76390779384472,0.0692706450045951,0.517061015297312,0.0104907559853496,0.636068506695097,0.0410439284267369,0.505416288566215,0.00320641702507236,0.694776812498897,0.0441129814624518,0.514380922132878,0.00907322755876321,0.765042296966916,0.0660192411920604,0.510669648188087,0.0057634344828232
218,50.5,29.011491975882,0.673505623194336,0.0513863659580719,0.502984948529892,0.00327250455897962,0.655557733822429,0.0356406308461112,0.514697037714913,0.0134166205951989,0.760193511021706,0.0726264258224506,0.517704275325599,0.0116182726863229,0.636981131860127,0.0401329083242822,0.506102282679798,0.00446925706273396,0.693707676670596,0.0449972336006079,0.514830449745711,0.0101476283590518,0.760468771236479,0.0677856518737451,0.510599601851361,0.00553685118756495
219,50.5,29.011491975882,0.67518099516429,0.0503058669141966,0.50314471448899,0.00295478906176842,0.65560144889557,0.0357135706485404,0.515509527312532,0.0129019271557928,0.75131622506304,0.0751611820459605,0.519144797778032,0.0139135927864579,0.638061652595029,0.0386145730274681,0.506564088962675,0.00441877124445565,0.692952009496468,0.0454790686096121,0.514350227728124,0.00861285216232306,0.757427979076248,0.070015272228467,0.51120529971713,0.00605813000410108
220,50.5,29.011491975882,0.676303407082419,0.0489608014843598,0.503180523004637,0.00285180665497601,0.655649225647626,0.0348986860264769,0.515500561864464,0.0116843767379366,0.751901097903446,0.0806300294262039,0.517808351323746,0.0123829492501049,0.639075922842372,0.0373509639581639,0.506108842829251,0.00459460476968572,0.693906853410354,0.0449585851211568,0.515360574174147,0.0105756601275538,0.754013857724784,0.0741424225207953,0.512283332721993,0.00717801090434072
221,50.5,29.011491975882,0.677515497941784,0.0475981568989091,0.503013018778965,0.00262859225119204,0.655412959600074,0.0351046745835608,0.516279017402794,0.0125255250270602,0.746724388130131,0.0809401825739481,0.516875759048844,0.0116077956718372,0.640415231627893,0.0360262916953272,0.506474282824091,0.00464072781154628,0.693060761066654,0.045124812596869,0.514711188851419,0.00781614911468552,0.753228180344307,0.078500626156496,0.512002053249927,0.00711160023384326
222,50.5,29.011491975882,0.679188449226582,0.0465689539738228,0.503025447388715,0.00283391586397569,0.654751913673315,0.0360029338728352,0.513912744950449,0.0111200703722346,0.745947567162495,0.0823300802612072,0.518431167772772,0.0141729390052553,0.640486576408869,0.0349397532245076,0.506704248357991,0.00514334750778579,0.691927055359863,0.0458953239461043,0.515903594295832,0.00897741202512255,0.750762244599571,0.0818565585142569,0.512231332784651,0.00792695205559446
223,50.5,29.011491975882,0.680052953596749,0.0448893455917781,0.502828878728542,0.00290524249109876,0.653180801878527,0.0375500910815345,0.515410789055618,0.0124755862775381,0.743614157514896,0.0826198929666135,0.518591754887062,0.0143280398968009,0.642228037097657,0.0340472286726554,0.505327922159938,0.00341539857052989,0.68987972422288,0.0474658814364579,0.515825005546591,0.00905769707200576,0.749769641678776,0.0832785124212793,0.511829362824313,0.00790549888301648
224,50.5,29.011491975882,0.679614230066003,0.0438091616372052,0.503138553768721,0.0031296210153325,0.65191520719397,0.0397166433316482,0.51416800965448,0.01288545909204,0.744822321388882,0.0838260267134531,0.517124553164255,0.0122266349530481,0.642347351950176,0.0333513364675001,0.505921786589467,0.00424149810301764,0.687080397863319,0.0495272096315298,0.515780140577929,0.00829279468817157,0.750017679107364,0.0851400968914928,0.511344937708279,0.00758032229023061
225,50.5,29.011491975882,0.680550408328225,0.0441694381244433,0.502813081940822,0.00280842568756287,0.649603513586084,0.0416981567868334,0.512939400199763,0.0118191321502506,0.742732081283351,0.084932606398003,0.520253173866781,0.0169784791645718,0.641139299007084,0.0331450086477588,0.505527249586003,0.00354715877596702,0.68464698750903,0.0523394499486086,0.518472328532314,0.0124802188937943,0.746910961244239,0.0850415183829392,0.511913277347377,0.00849839064906822
226,50.5,29.011491975882,0.680736793868373,0.0440515557302586,0.50247366940313,0.00219532730817525,0.648604734251811,0.0439121272201636,0.513333678286973,0.0118139204177602,0.745084030714446,0.0840286473216709,0.51780514419699,0.0136195460116171,0.642134639768065,0.0333678978421682,0.505843514778778,0.00376071764883425,0.682174661870275,0.0543554769294364,0.515224338759875,0.00776832070648246,0.749781613164955,0.0859826461780227,0.511893229246408,0.00839142251811771
227,50.5,29.011491975882,0.68122186984696,0.044280243482984,0.502100083688304,0.00136376748895777,0.647881899718288,0.0464204595257769,0.513261217478017,0.0108778651928007,0.744309277963926,0.083221594880517,0.517316859463102,0.0130782255529659,0.641300458733776,0.0332493437314116,0.506670478007987,0.00437891804203986,0.680318042425349,0.0563262477381956,0.5156273159473,0.0101086177426105,0.749392946649433,0.0856350405153254,0.511420503563812,0.00814767841031998
228,50.5,29.011491975882,0.681218731416043,0.0430465308168418,0.503180291335208,0.00344006218325721,0.646704338587078,0.047360900831244,0.512489773555647,0.010199126813441,0.742771104623347,0.0841288644526707,0.517442055070326,0.0139137058880867,0.641444612144273,0.0328508558492599,0.507137419440039,0.00524396637212085,0.679421459205971,0.0570580471607664,0.513515152884378,0.00660275134943789,0.750677343161774,0.0863818624016508,0.511388014820914,0.00810838502235779
229,50.5,29.011491975882,0.681741874785189,0.0422976319692592,0.502657959346242,0.00299228038604262,0.64715390882791,0.0474096494511826,0.513413021405639,0.0106848432128745,0.743198564196864,0.0838270630454186,0.517101043584341,0.0117209756086443,0.642303584712783,0.0325169492274228,0.505917422381744,0.00430596582754049,0.680277025388984,0.0572073997251751,0.514090249795793,0.0069335259841909,0.748038579808997,0.0854272928276709,0.512929684987636,0.00992630285471652
230,50.5,29.011491975882,0.682053489578341,0.0412733626424104,0.502702080969861,0.00273358229070457,0.646604957653101,0.0467552046627705,0.51445415428901,0.0121767408851435,0.739530775952343,0.0845843534928036,0.51841995611564,0.0139744171398694,0.641194835819258,0.0313167706013336,0.505475422631648,0.00342131046007652,0.681361335110896,0.0555292893649212,0.518498540303011,0.011620567736546,0.744721422186277,0.0844092603368129,0.511036381207456,0.00731887346947288
231,50.5,29.011491975882,0.683349280580107,0.0396640074697647,0.502096552071429,0.00168794096270172,0.646640300266428,0.0466695185915446,0.514330714594181,0.00968327255057021,0.74316704289895,0.0852563186723587,0.518336797995088,0.0128110693111602,0.643061414758676,0.0297093971718923,0.505869029170752,0.00350898144158364,0.679599837331799,0.0543179858303086,0.514154789267484,0.00814872495418914,0.747288612003033,0.084624761487707,0.512097453092635,0.00938119578611833
232,50.5,29.011491975882,0.683955285662377,0.0371346682639969,0.502570789601398,0.0033194652372523,0.646197396160522,0.0470965580889236,0.512800277499714,0.00975222555436884,0.738316202546229,0.086342102604297,0.51738866227299,0.0124602096560966,0.643645335313028,0.0274451343412498,0.506817916228628,0.00431786275580536,0.678727958798876,0.0546246220264776,0.514052273602526,0.00798206036624552,0.745015391373325,0.0839010238552028,0.51150610939022,0.00790029427472354
233,50.5,29.011491975882,0.683844578650871,0.0348190112765565,0.502486134743116,0.00239201924439602,0.645780495559047,0.0473080487334142,0.512490994060408,0.0104622797893357,0.739061520158361,0.0890975906794998,0.517671798004936,0.012299199654238,0.644336953138873,0.0263879502969088,0.506638916403201,0.00500457174970168,0.678655106980782,0.0561080577908688,0.515268092110889,0.0089477885853354,0.745187589095742,0.0820831636773874,0.511576820791066,0.00802931621571712
234,50.5,29.011491975882,0.684760215858341,0.0330785149566825,0.502309152701379,0.00231140074654869,0.645060780501618,0.0477142457182479,0.513754265433641,0.0113314241885887,0.736032411189835,0.0905746050975834,0.518589721563369,0.0139872779802852,0.645358136330613,0.0252897064062545,0.50618302770927,0.00393859164829819,0.678151105834039,0.0573039811287476,0.51530786560462,0.00934883246242118,0.745227665917024,0.0826322030244504,0.51133309645184,0.00671504197658086
235,50.5,29.011491975882,0.685558370729886,0.0312999329697058,0.502593602908087,0.0025085650484724,0.643784758483341,0.0478518694061286,0.512366114618498,0.0114107920104951,0.73777522594753,0.0916218378399396,0.52206345978523,0.0173075949798002,0.646437311212557,0.0243729823048954,0.506106233333932,0.00364217814162218,0.677076840159933,0.0585877525418218,0.513087593894281,0.00732551710103518,0.747649544215767,0.0845794708167756,0.510669326552756,0.00609028285009649
236,50.5,29.011491975882,0.685732290055549,0.0302873820021871,0.502387135357418,0.00250554951057659,0.642907580705346,0.0487419947333266,0.513733501575974,0.0121332253818291,0.736366262237005,0.0928845928519522,0.519988079373347,0.0144674637802593,0.646286891242586,0.0237025205504059,0.506033948161363,0.00345411259598214,0.675842154222725,0.0602564431315082,0.513324275819484,0.00858195931174599,0.745095523781316,0.0835229960042783,0.511458919976661,0.00729670506707283
237,50.5,29.011491975882,0.68465366459805,0.0294894277202419,0.502407632644567,0.00185606678831049,0.641325327014998,0.0500812285622322,0.513251266595309,0.0113477881456029,0.7371454102419,0.0914762414207234,0.519381558739613,0.0129818321135722,0.645017429158909,0.0238267441159276,0.506588058390923,0.00468595792363953,0.674157495012398,0.0611266810728159,0.512805988616071,0.00773977357082477,0.74543063964979,0.0835767842945809,0.510213915225685,0.00702415980391208
238,50.5,29.011491975882,0.683433331052675,0.029815229508866,0.502915797149472,0.0024787200533054,0.640674289620767,0.0501254973590523,0.512303696379098,0.0108953287253074,0.737939993473889,0.0928343184861067,0.520120280277595,0.0138241834134136,0.644951466499683,0.0251762190706964,0.506045320035601,0.00441339352169923,0.674161814939982,0.0618020159111334,0.513490617018129,0.00766399306297836,0.744084634724167,0.0839221190694143,0.509378413440214,0.00602225014302764
239,50.5,29.011491975882,0.682727653943677,0.0313328989107465,0.502536411088897,0.0019629497155672,0.641112940822179,0.0500752995583591,0.511690115995903,0.0109081470519283,0.737001607702211,0.0929284859495896,0.520731547282166,0.0134851899978509,0.644954543406688,0.0263276373573036,0.505303785239517,0.00361009522651225,0.674170894947243,0.0624773721793546,0.512880437405326,0.00723450207495889,0.742800097925807,0.0854580204030833,0.509472545579967,0.00629389734109782
240,50.5,29.011491975882,0.682179854713777,0.0329012947190212,0.502605065610144,0.00216881754739265,0.641252153401635,0.0500089864724951,0.51221199122269,0.0112991590063393,0.739185741638999,0.0947957870130104,0.520555549434212,0.0138176193906325,0.644402121923698,0.0274731936063229,0.505844343357062,0.00401155913298236,0.67443152586087,0.0627795176774109,0.512954566614464,0.00867908263110408,0.744592443594141,0.0869076915015532,0.508986227811825,0.0058607337486455
241,50.5,29.011491975882,0.681305711793841,0.0342712782698929,0.503119020816918,0.00289032544145586,0.641630505193784,0.0491663696312331,0.511745525519359,0.0115297064902916,0.740967443747051,0.09665938560441,0.520188368063886,0.0151240143288188,0.6439866595431,0.0289962258236536,0.505758697152014,0.00398850155543261,0.674842464223438,0.0625040152830156,0.511818122272764,0.0063702203359064,0.745600788308554,0.0893093139128774,0.508962817501494,0.00631760029578587
242,50.5,29.011491975882,0.680512867360297,0.0348625238803214,0.503454531474453,0.00412911097740189,0.642367913856314,0.0485283290893599,0.510391043504449,0.0117010154930845,0.742415671049243,0.0981339520120308,0.51845926249173,0.011591348780381,0.644086899051918,0.029912301500794,0.505630349759952,0.00370965829299535,0.676094442715766,0.0618755437361811,0.511601864676144,0.00705485172348141,0.744336051492048,0.090062492792406,0.51057054691535,0.00864142432945444
243,50.5,29.011491975882,0.680098179714878,0.0350340474490364,0.503121887685906,0.00358170941295346,0.642354414320279,0.047731270946772,0.509910400047927,0.0126046912627695,0.743797542201365,0.0961461760908142,0.518685275835359,0.0138381779678551,0.643204668060709,0.029929204328953,0.50651712986844,0.00443524422217642,0.676302502408195,0.0614374552853627,0.512427229052888,0.00848645361071052,0.745823093827626,0.0884528211030976,0.509810888756842,0.0072359238387958
244,50.5,29.011491975882,0.678668561051094,0.034667144079555,0.50395906369076,0.00381564998894574,0.642745054673188,0.0472379821995364,0.510294947497964,0.0117053336153336,0.743887574142727,0.0959015806529063,0.519331917783628,0.0130536223314682,0.642213458612202,0.0290858572823629,0.506633410479041,0.00436432777423509,0.676169336590206,0.0607534013464509,0.511954014487966,0.0081403457804968,0.746346105682345,0.089838855779884,0.509034028200514,0.0075879078425177
245,50.5,29.011491975882,0.678451441647323,0.0357336668972246,0.502810997401461,0.00236238996761143,0.643962743114596,0.0456189303507388,0.510901612526095,0.0146591831326234,0.744282909661149,0.0953091972835274,0.51877031960611,0.0129395340781702,0.642374312207431,0.0295210244530828,0.506157163655308,0.00446092513202195,0.676762073778145,0.0600391385432668,0.512302168537365,0.00883948037362564,0.747890918150029,0.0900792990813316,0.509726622215913,0.00715321659068141
246,50.5,29.011491975882,0.677730099259137,0.0369017256486591,0.502718820167136,0.00244209661595828,0.645148467192805,0.0448178191381212,0.511859985051618,0.0153682818909551,0.743425592735348,0.0926281816336253,0.518704278572416,0.0132965258011739,0.641673999124594,0.0300447402829204,0.505429442296652,0.00435659188175668,0.678214457678573,0.0592070736120957,0.51115796449202,0.00758294487393728,0.748765491977593,0.0905235772118862,0.509926184618962,0.00767960249242281
247,50.5,29.011491975882,0.676810857644518,0.0375279718497656,0.502205859432635,0.00182651975003362,0.647104982799769,0.0433176999825058,0.512104272557328,0.0143558841356624,0.745355036012086,0.0915084501664736,0.519466560496374,0.0127414748235715,0.6403781112537,0.0301104547047189,0.506288757307175,0.00445483571505513,0.679653550229385,0.0572844728203654,0.512361104425948,0.00828301645270266,0.749140717043946,0.0910355881415277,0.509403499663302,0.00702873248873556
248,50.5,29.011491975882,0.676080970170232,0.037891040905145,0.502460791748648,0.00214318784300779,0.648543266951969,0.0417290596249238,0.511690364021713,0.0147215888240205,0.746320132705332,0.0911837199904686,0.518629099414175,0.0119771174076547,0.64096503825021,0.0305774405510859,0.506601402297952,0.00486156732850659,0.6811163950907,0.0551775385896258,0.511244564346722,0.0062039191517511,0.749994773431252,0.0915144862833532,0.509580021820243,0.00724003592166662
249,50.5,29.011491975882,0.675307504970622,0.0379888915679885,0.502684726100012,0.00248018261118797,0.648925344604863,0.0403683468846888,0.511291684015861,0.0139710413506723,0.74664787470529,0.0937256367690666,0.519115789736072,0.011506889837109,0.640503183920427,0.0304049202449966,0.505227504197105,0.00400659173234756,0.682535005673772,0.0533867081020016,0.514372061844445,0.0101056989340477,0.747326883107584,0.0944782907951654,0.509966387607134,0.00725701809562775
250,50.5,29.011491975882,0.675778261721989,0.0370912694834038,0.502654159783939,0.00297746815085412,0.649640553418374,0.0399200673030691,0.511941176645015,0.014006645248375,0.747285902500357,0.0940926229653449,0.518085764992413,0.0117733395612983,0.641547674677408,0.0303459315732522,0.505155790072804,0.00321411228476309,0.682855313789476,0.0520111435607489,0.512945003667374,0.00812751430386127,0.747768946353794,0.0953642497233757,0.509727209529832,0.0068764139534404
251,50.5,29.011491975882,0.675639955780808,0.036114170808286,0.503054705872023,0.00318614251354457,0.650517627654119,0.0377811683344224,0.512187379766719,0.0139534752957431,0.746567072605579,0.093706961943611,0.519462556408156,0.0123962681958548,0.641863000935049,0.0300923000194916,0.505106835791096,0.00338912269081778,0.683502668131924,0.0499834595413244,0.512676597995445,0.00677565772522277,0.747040464707184,0.0952368159350935,0.509970422714696,0.00667563423226481
252,50.5,29.011491975882,0.676797951389902,0.0360483595239613,0.502436910883948,0.00244918775466646,0.651123848914735,0.0365366348676884,0.51145847241492,0.0130268476626575,0.745275764123265,0.0931959265179287,0.520656316358002,0.0138025347204083,0.64054895727192,0.0293199175505755,0.506755150145493,0.00525276534866026,0.682780770791948,0.047716380366041,0.514614485421934,0.0108931317463985,0.745697254671762,0.0961383334129294,0.509252386690344,0.00597269817727366
253,50.5,29.011491975882,0.678093813914544,0.0353098389466047,0.502382904731202,0.0023246998461895,0.651286567174659,0.0352239617382284,0.510564260404392,0.0132690205458211,0.742492760628738,0.096065044188235,0.521208917884274,0.0141647381351711,0.641286561880195,0.0291315952688421,0.504789741190083,0.00300262557601607,0.6842396516326,0.0471011176493118,0.51862196127827,0.0121764182445196,0.742007533739142,0.0951051354396868,0.510869359762043,0.0064904418917707
254,50.5,29.011491975882,0.67870443651042,0.0339200502831552,0.502043328859894,0.00170058275861865,0.650982743170691,0.0350160252894579,0.511454076978957,0.013681708343468,0.742796988456335,0.0963933006489578,0.522032003964251,0.0164337201289387,0.641783768936188,0.0285177925382333,0.505447707875562,0.00405044651413245,0.683199931420899,0.0467296552674503,0.515531245189055,0.0112718691775684,0.743342129811514,0.0951187963443804,0.510836643280068,0.00645080628727994
255,50.5,29.011491975882,0.678433580378317,0.033432250819978,0.502728100359446,0.00405006004390794,0.649597599159778,0.0347937083995874,0.5119256149834,0.0129566199300582,0.741458956217157,0.0980496204129417,0.520356415975869,0.0136349969751415,0.642255159453437,0.0283949970621514,0.505503962021476,0.00391564404871188,0.682746510546293,0.0468707554549696,0.514248274181066,0.010390188063982,0.742661713266667,0.0960445350180179,0.50990632082862,0.00584209887902255
256,50.5,29.011491975882,0.677806849358487,0.0341383978553201,0.502312266301196,0.00222085595775828,0.649574971187458,0.0354093775377072,0.511238377594542,0.0124501165222755,0.742426727864521,0.0987277951835973,0.520787426200683,0.014413000066724,0.641758842613311,0.0286890393527357,0.506211914479473,0.00399791700990627,0.682275588955069,0.0472444595446124,0.51341104311375,0.00925737489165115,0.742345589801384,0.0971945885868078,0.510043265783011,0.00582041310140363
257,50.5,29.011491975882,0.677168865758942,0.0351286102504444,0.502571086035637,0.00263467699814121,0.649318325774098,0.035394500607077,0.510466720904936,0.011963773154189,0.74464373768016,0.0992563978980823,0.522961077497778,0.0155131115363535,0.641149442308955,0.0296862055224699,0.506685021061137,0.00525348540310418,0.683626093330246,0.0463597665839205,0.514507460928417,0.00841153661953063,0.741666736092045,0.0972747441509897,0.509559134919835,0.00534667330671722
258,50.5,29.011491975882,0.675955094640005,0.0365074740798451,0.503018180491442,0.00315472536774581,0.650053781851952,0.0347053562029198,0.513440430762976,0.01355332814892,0.747349266053166,0.101056654664603,0.520822547261166,0.0132618229143326,0.641470478091395,0.0301757414685684,0.506855570464634,0.00418598894221879,0.683928731737354,0.0454627168129437,0.513777480437109,0.00935813862001693,0.742653690270316,0.0975393327943757,0.509422638301721,0.0053720606068629
259,50.5,29.011491975882,0.676410983914439,0.0377741653737953,0.502586039684982,0.00351820970820694,0.650363713271365,0.0341570380390578,0.512676882209559,0.0135878900366556,0.74623281919215,0.103489283045285,0.52276471174131,0.0150450875829922,0.641451948085225,0.0310170445064654,0.506469035098071,0.00443435550975379,0.68536500116305,0.0444471740706128,0.514012869792817,0.00869164401614091,0.742670538806694,0.0963665188719984,0.509400640514192,0.00589056423155627
260,50.5,29.011491975882,0.677020361757776,0.037652050333641,0.502293205919638,0.00225847089095414,0.651416622099575,0.0334996320977134,0.514270781012361,0.0143342919649079,0.746775823469216,0.101888303041348,0.521756081514819,0.013847199751572,0.641661240596412,0.0309577056198634,0.505708474180115,0.00353340902076755,0.686955836381521,0.0436086253703261,0.514257698323211,0.00966460533493627,0.742176499988789,0.0955967812832958,0.50938478539249,0.00573656442369395
261,50.5,29.011491975882,0.677807404873492,0.0371801985476191,0.501936378796541,0.00185522932718556,0.652230521977327,0.0329623262216967,0.513826430621493,0.0137360634213553,0.745521292280067,0.100793886581079,0.52179171303533,0.013279088427521,0.641107199798429,0.0298755650867322,0.506618100696708,0.00428613059779263,0.686821960077115,0.0425201505130715,0.514748837997928,0.0101889817641201,0.743620166400906,0.0946752284993838,0.509187008555464,0.00523145267032207
262,50.5,29.011491975882,0.678936323361903,0.0356313523364779,0.502037625775491,0.00231347223368279,0.652432977362091,0.0330376146052812,0.515633420434526,0.0165417805848259,0.74093646764155,0.0989757659856907,0.526425477470335,0.0197058520257616,0.641953056725443,0.0284995183930642,0.507273417054346,0.00488680232580948,0.68676943190163,0.0426792855633615,0.512836063526347,0.00825059136776209,0.745295420108582,0.0929551918670987,0.509462611860507,0.00524569747583243
263,50.5,29.011491975882,0.67929112322296,0.0344212262736369,0.502939418070634,0.00309496211451363,0.651711286766138,0.0340899081284688,0.512652967843581,0.0132183325148555,0.745103623600975,0.0966030344751774,0.522107770639682,0.0158673720225464,0.642068949575198,0.0277024656615094,0.506709303659826,0.00446991054565807,0.685970512141867,0.044128828937161,0.513916821493093,0.0101719697221347,0.745991499832153,0.0906462737163802,0.509946323205112,0.00575586384750265
264,50.5,29.011491975882,0.679263884591313,0.0332929615625,0.503047819157423,0.00323905004464838,0.651840192735633,0.0367445656044843,0.514052629552809,0.0132033124014568,0.742366616013843,0.0968871900276052,0.52308623569071,0.0168469686786797,0.642235008973416,0.0268970695346666,0.506628279051438,0.00448850086324524,0.685074247646401,0.0465851721101516,0.512548578895007,0.00856922639450688,0.74540490280662,0.0861085434407077,0.510553268819556,0.00584891322440186
265,50.5,29.011491975882,0.679431437166255,0.032478089937003,0.502801439624099,0.00272563580495732,0.651895550002315,0.0395368887599355,0.514080312579629,0.0128526216753125,0.743797903199569,0.092829023829682,0.521812535647508,0.0130363481237452,0.642354964389233,0.0268186188584862,0.506170536315275,0.00380557114522798,0.68497790396518,0.0492629142666246,0.513454054848225,0.00890943586947771,0.745477990147423,0.0825284390025853,0.51013880336483,0.00559467765161059
266,50.5,29.011491975882,0.680041917444582,0.031538471931871,0.502826658158308,0.00260321100050377,0.651767460721845,0.041905254526447,0.51438479282603,0.0151111150171441,0.746225047022069,0.0913807762383919,0.522111598122494,0.0132187584566692,0.64340496137121,0.0260399262529166,0.505589015453736,0.00368008832926032,0.685206405569127,0.0522889433478084,0.513354969094676,0.00819067429619237,0.746372442548331,0.0800239495856953,0.511394725467002,0.00635526480383927
267,50.5,29.011491975882,0.680388477186454,0.0316278145912317,0.50303491236768,0.0037020166380378,0.652218842819833,0.0425103349254399,0.516985849780997,0.0167919621348447,0.74524611636767,0.0894056938457679,0.522134058026069,0.0133368562425957,0.642074929286423,0.0255571617340467,0.506584427125406,0.00428806091557563,0.685283640397674,0.0530111634521431,0.514498131527229,0.0105880638378983,0.746314112976704,0.0776769189812813,0.510124075825325,0.00547826332872156
268,50.5,29.011491975882,0.68019255993166,0.0319093626156187,0.502273557692647,0.0023364177657788,0.652586109881187,0.0428818664896131,0.514737941032898,0.0119788636868167,0.747650830000536,0.0880460616574704,0.523461246173583,0.0140737203824095,0.641146688261977,0.0265612138698883,0.507854526993206,0.00505565564937117,0.684879309613501,0.0527328656910937,0.51415133703011,0.00955522249822486,0.747737520197141,0.0770405856151293,0.510932634264023,0.00554319516991785
269,50.5,29.011491975882,0.679622860326806,0.0331007335468421,0.502902282116653,0.00297918629397067,0.651884889205693,0.0436875079073166,0.514020040539547,0.0115559446301558,0.745848010238675,0.0862734246134313,0.525429595801482,0.015678806873464,0.641162653185658,0.0275054800931926,0.506650276453819,0.00375116631545126,0.686027653981668,0.0526414381599795,0.514631569210142,0.00992239470896335,0.746506291095951,0.0770612416097714,0.510874435613411,0.00614220440931595
270,50.5,29.011491975882,0.679162660357832,0.0348107407544299,0.502615295527765,0.00253966474587038,0.652120985907432,0.0438738409297615,0.513008032434523,0.0109179793268432,0.747651973093624,0.0859350394414444,0.525453877860497,0.0156672331259902,0.640513947460146,0.0290550590243138,0.506896042804959,0.00437289001965139,0.686150149063141,0.0530854362257253,0.513913826015448,0.0076504602953214,0.746214462207347,0.0776445039797954,0.512105043508999,0.00632791813252442
271,50.5,29.011491975882,0.677561580524327,0.0369363648139298,0.50259889397015,0.00292701109679516,0.652601128055524,0.044234700691524,0.512807540854638,0.0126363558841669,0.747180693082285,0.088604251628082,0.523767622386357,0.0143528176013785,0.639461410953562,0.0309656486999745,0.507237435376098,0.00455215060803078,0.686471826064531,0.0531109006226203,0.513442388638499,0.00900110729540086,0.746447707426471,0.0792203658330705,0.511632534763417,0.00619664225242338
272,50.5,29.011491975882,0.675722206324408,0.0402199621364511,0.503086786808098,0.00316572249037976,0.651982013862924,0.0438466509237535,0.512598029854573,0.0127563291838612,0.743716667565714,0.0902768739202327,0.524136317338486,0.0152410877158052,0.63769930979985,0.0328841789085171,0.506453022006331,0.00355815539561595,0.687523376800182,0.0530461743432243,0.516039851931122,0.0105566718630202,0.742658457726656,0.0828743551197093,0.512990732525572,0.00806550345474547
273,50.5,29.011491975882,0.675069944330692,0.0441813028965239,0.502351083069293,0.002580411644563,0.651519953938872,0.0440427569186555,0.511602603996367,0.0118767547997501,0.742088049331895,0.0932818609244902,0.525782912206889,0.0170992456135258,0.636879519801579,0.0354611099628567,0.506203731726296,0.00392741250561807,0.686847294958213,0.0529136580446467,0.514454063247347,0.00796794465702587,0.745284386935442,0.0881565988600934,0.511548148101969,0.00577877217018156
274,50.5,29.011491975882,0.674067537464309,0.0481667364292535,0.5031041628477,0.00330890601291997,0.649992847440736,0.0437542857354239,0.510886547027901,0.0112973119311016,0.737847002716766,0.0975465238272568,0.526878140288861,0.016733840340321,0.636176396131435,0.0381171710651136,0.506157525570473,0.00418737015175167,0.686274960785839,0.0540679180182536,0.514211733578995,0.00981599797129509,0.745198159304307,0.0945596519376365,0.511313696180105,0.00557844881516068
275,50.5,29.011491975882,0.674471399729697,0.0513644913360618,0.502279442166095,0.00259841667231833,0.649944925918903,0.0430716156106865,0.514177739231267,0.0172939088922527,0.73170639423689,0.0995923062438645,0.527049348104354,0.0188082530424023,0.635931671926711,0.0406884979433232,0.505824208883392,0.00359028458217959,0.685628429344767,0.053844145344694,0.513161349570397,0.00701101525952627,0.741401725277531,0.100079502364786,0.511097710223307,0.00518352297740106
276,50.5,29.011491975882,0.673874537772943,0.0539806957128294,0.501998866928987,0.00190644648702519,0.649619468685514,0.0426459181411631,0.51171306647588,0.0116187404787066,0.731646234189477,0.101693473574252,0.524973611337433,0.0163086473201751,0.635080712235353,0.0428484720956775,0.505684583138752,0.00328971082105852,0.684580353435801,0.0535022138199978,0.514296728358912,0.0104737993361464,0.736690323563277,0.101804454346454,0.51147510974842,0.00557042892929936
277,50.5,29.011491975882,0.673491151957904,0.0560421848952415,0.502614958057052,0.00284190550563204,0.648274242390273,0.041698325634226,0.509949154942671,0.0106535000556121,0.73067360482017,0.103626261277713,0.524748916250784,0.0153105338306043,0.634517762556586,0.044609257367329,0.50573854143008,0.00396208942373871,0.684386356140708,0.0539268912483148,0.513787746117566,0.00968209426953416,0.736576322363958,0.103898995379684,0.511035446328769,0.00521756513390656
278,50.5,29.011491975882,0.67247240027049,0.057353796824008,0.502492068231956,0.00266521382066363,0.647579235294176,0.0411548451177992,0.510067888389092,0.0111169942579287,0.728376317218369,0.102939817350012,0.522937570595573,0.0143200241825295,0.633970475771286,0.0453292553256403,0.505705846462223,0.00388306080189587,0.683002982576395,0.0538484111700539,0.513521095887407,0.0085791001558755,0.734198768173855,0.102742298863403,0.510612519269091,0.00502221169660147
279,50.5,29.011491975882,0.671565116435504,0.0582449742167387,0.502199205461791,0.00182905440710636,0.647075761910639,0.0407589778302413,0.511216883285191,0.0114186217228579,0.727786523912581,0.101742282430458,0.523376278782046,0.0131875240605909,0.633669512129354,0.0457352197539478,0.505796931202098,0.00416805600791603,0.682640008361085,0.0539868739834178,0.51162459264521,0.00672777183477178,0.735739716191215,0.102751639922677,0.510543186102402,0.00466979392630291
280,50.5,29.011491975882,0.671190099465932,0.0584000271579168,0.502209602868676,0.00198135484943263,0.647074911347974,0.0407428848128589,0.509496925853868,0.00974303273584246,0.725945384715973,0.102441196461375,0.524567327630102,0.0155533829698194,0.63265165974012,0.045530682982517,0.50583933989027,0.00401798132708738,0.683058213043192,0.0549398704180498,0.513534488161686,0.00931261272166922,0.73438668073679,0.100246910928811,0.510297604563794,0.00461715137289765
281,50.5,29.011491975882,0.670804716043113,0.0583827167100215,0.502118086887276,0.00168815296570554,0.647271418084181,0.0413150799192646,0.510978308904509,0.0104862026573775,0.728531094552604,0.103645685436821,0.522967378817565,0.012721621191846,0.632724264401853,0.0454600504307665,0.50625129391816,0.0039893074394859,0.682827269645566,0.0550721014104765,0.513211528403025,0.0108141022693348,0.736217393513234,0.0992234928103279,0.510432817596942,0.00502532282416227
282,50.5,29.011491975882,0.670624398944263,0.0581543599408361,0.502151962242735,0.00213013937547413,0.647802847924305,0.0412185403339469,0.510141949599909,0.00999476467142913,0.730316594173419,0.102279507752448,0.522297238166451,0.0124436802148688,0.633583905600079,0.0454781301741027,0.506095889425427,0.00381039813006161,0.68361796771448,0.0550029850988406,0.511380804251756,0.00790438435146048,0.737555445372355,0.0973154639898538,0.511181994766313,0.00525725002929674
283,50.5,29.011491975882,0.671196886263969,0.057503136572267,0.502817877264975,0.00345107762352379,0.64809777550894,0.0412080123313926,0.510878147649062,0.0106700654111575,0.732393703945718,0.098921792129043,0.522387186422551,0.0118582188712328,0.633603699411352,0.0447395529784339,0.505156229530076,0.00266251315566816,0.684407520029297,0.054785003302284,0.511933985654326,0.00831577607113678,0.740436525249586,0.0941838592124539,0.511085677282264,0.00490430226445033
284,50.5,29.011491975882,0.670946703131437,0.0578586994193707,0.502322325052692,0.00205018154629216,0.648941690163282,0.0405017580595561,0.512206781005291,0.011976283499658,0.736113014014885,0.0945503549177085,0.520679615659034,0.0110332974648001,0.632361363069142,0.0443807940231329,0.506392862487831,0.00406710024300343,0.684552906376299,0.0534777944392935,0.511444807974938,0.00907553528944484,0.740353438885351,0.09176967673864,0.510604569766273,0.00468619231243272
285,50.5,29.011491975882,0.670931331423163,0.0589513235261547,0.502377665073719,0.00234111950036932,0.649862732653046,0.0402487526983755,0.511780532056548,0.0120593610750377,0.737643785988632,0.0926561599020933,0.519860433118459,0.0104286450367277,0.632200232274695,0.0450742264107979,0.505910432037112,0.00319972369135671,0.685608885701953,0.0529067593054663,0.511350362031947,0.00863309866137171,0.741643923801777,0.086972291646777,0.510667199282738,0.00504239048242891
286,50.5,29.011491975882,0.669965654555083,0.0596837460777944,0.502467958994504,0.00242344046134116,0.650408367106007,0.0392313043543582,0.511760713720465,0.01333417157261,0.738018435864514,0.0898643608837575,0.519753796321556,0.0103116890721151,0.631385214348207,0.0453851522108445,0.506666653106174,0.00492217423964948,0.685490554296447,0.0515948029067619,0.509968215193883,0.0079016867921921,0.741241270323229,0.0831646982585847,0.510469195454455,0.00472128582607475
287,50.5,29.011491975882,0.669068630575978,0.0602794333829813,0.502268424218473,0.00203310735484438,0.651794279185709,0.0395162139741782,0.511528552351824,0.0137686447305486,0.737915242578238,0.0863770097809494,0.521709779560104,0.013246545712174,0.631585219592245,0.0467967537326805,0.505359405834967,0.00317086904594222,0.687546086329353,0.051373674079039,0.511443422434691,0.00932848201414577,0.74093358953176,0.0792021477164863,0.510870715908658,0.0060352495007607
288,50.5,29.011491975882,0.667700587053141,0.0602715944550882,0.502612923201069,0.00256708116631337,0.651494576594193,0.040295815807748,0.509591693283364,0.0124425888233931,0.738514427438541,0.0859327792659336,0.520482607609081,0.0107981542543985,0.630253566383449,0.0471551775753793,0.506321239153897,0.00531624162521013,0.685784053766165,0.0509069268354185,0.510867804358872,0.00873422924968108,0.741336120853253,0.0744967161590856,0.510638201798008,0.00615711403064185
289,50.5,29.011491975882,0.667017928559879,0.0594249733608342,0.502333034876521,0.00200099994743906,0.651186103890921,0.0413137335353684,0.510081407360692,0.0134165167637633,0.743461219264014,0.0843436062270901,0.519811899056609,0.0102311685598303,0.630234112545941,0.0486470554548221,0.506627876803449,0.00491390217472608,0.684919686443391,0.0517124155985034,0.509843378792417,0.00727307779858605,0.743633770567831,0.0733424911761071,0.510036727789226,0.00454360930342512
290,50.5,29.011491975882,0.66663194988155,0.0580379423082537,0.502293091988036,0.00181313724961265,0.650714171751708,0.0422752384311023,0.509302534982239,0.0134891754907445,0.746322118548098,0.0816409016669517,0.519499164698402,0.00976258078440996,0.629984001336987,0.0483012631553405,0.505916906776813,0.0040629405356913,0.68493931920519,0.0519866092739492,0.509833778229776,0.0086172603966123,0.744312228305125,0.0706085688809616,0.510115976050251,0.00442584810768844
291,50.5,29.011491975882,0.666458264327966,0.0571314443895645,0.502556359433125,0.00264087210726981,0.64968201760819,0.0430544204821524,0.508679208192677,0.0122253894597248,0.745460346009581,0.080650655119164,0.523549380858596,0.0150819489307707,0.629334744660959,0.0476502800751355,0.50665431028012,0.00448107128868886,0.683747539975987,0.052046351919721,0.511487209761684,0.00909236853344614,0.744326020786584,0.0679451660795608,0.510849961559948,0.00628797993517318
292,50.5,29.011491975882,0.66538339026806,0.0569140630600821,0.502748231457159,0.00285525548225226,0.649808513943615,0.0441234127285254,0.508635376100392,0.0119675430465294,0.750318151640503,0.080101593360316,0.52096252298617,0.0127305518072162,0.628969750419917,0.0466619461835614,0.50594706862354,0.0043171216918169,0.683371550280389,0.05317987318191,0.511741837090296,0.00972713673875291,0.747576507930689,0.0667075601456693,0.510776856512984,0.00594555067374654
293,50.5,29.011491975882,0.665041813467979,0.0574161314106079,0.5024569734235,0.0028283805767803,0.649413391475323,0.0456287869369163,0.51091320988429,0.0156881673651392,0.748658328154972,0.0782294717169507,0.520640557218109,0.0126386553705768,0.629037117517426,0.0462548741249488,0.506477001948942,0.00410820139399394,0.681498786930908,0.0533320955965974,0.510221137552903,0.00876942476492467,0.749428442626754,0.0650232378202679,0.510820878768777,0.00680524638442601
294,50.5,29.011491975882,0.665426986995143,0.0582026486255084,0.502189096922682,0.00219417431714571,0.648565893321313,0.0464470864142144,0.510369815660874,0.0126997446180361,0.747399642740728,0.0803327361453154,0.522233408856482,0.016442475264656,0.629148163732421,0.0461178141123922,0.506215567319525,0.00408361733541948,0.680564752212282,0.0543905837433461,0.510647497772121,0.00857906760471179,0.747963152464084,0.0662288761410156,0.511393424413234,0.00668836367533097
295,50.5,29.011491975882,0.666198881808986,0.0579267232713426,0.502444488203798,0.00217577427072021,0.649091798603568,0.046417864049283,0.5102469533071,0.0115304109952877,0.746318835867278,0.081028817319999,0.523640651748453,0.0168642277682842,0.630361444846552,0.0459896468483917,0.50578102761312,0.00394904831173525,0.680796284463098,0.053758075036725,0.510158686496061,0.00690693814798396,0.74710978495114,0.0657872552899565,0.510866324758618,0.00607223395923663
296,50.5,29.011491975882,0.66684762304444,0.0570518429196974,0.502471434860947,0.00249764392829698,0.649501758480609,0.0457685357385216,0.510245866205285,0.0128670367841366,0.746711585812389,0.0823380292100898,0.520984482235981,0.0141249132859562,0.629818808129448,0.0450409003158405,0.506556458900528,0.00436964131053961,0.679713495856768,0.0517677510840859,0.510131285795426,0.00792417261550363,0.745162390573736,0.0657812031128931,0.51093085861058,0.00626649691023708
297,50.5,29.011491975882,0.667342393164173,0.0566590387953992,0.502512572258618,0.00241569984220124,0.648624876498359,0.0454077846388117,0.510936593741202,0.0117135496396815,0.745808365473671,0.0837036168591614,0.520076802109609,0.0139489446481277,0.630865993527174,0.0447793215157613,0.505650299862772,0.00396592809191459,0.67930264869911,0.0507851527699289,0.511642124004643,0.00840974564030706,0.743700115671873,0.0687011507219784,0.510632029681309,0.00655825000805411
298,50.5,29.011491975882,0.668607464675907,0.0563478577315947,0.503113398587168,0.00365124491573699,0.647696631533954,0.0439457492166005,0.510506863322898,0.0131005500460946,0.7437699810652,0.0852101152435029,0.520144247645759,0.0134358992390021,0.63109919256845,0.0440134311031446,0.506059219627549,0.00428400505122688,0.678562114454417,0.0490054279232475,0.512603916123704,0.0110819911597063,0.744277766674221,0.0716922297839716,0.509989908563608,0.00629059771570981
299,50.5,29.011491975882,0.66890358132999,0.0554211626631213,0.502148134336598,0.00216037845485584,0.647712009535352,0.0426960285591426,0.51096793783789,0.0129326104134786,0.749524104815634,0.0869322659808282,0.521348950716561,0.0143952604455053,0.631803026070509,0.0431238550778959,0.505532244188272,0.00351531182549225,0.677445001030232,0.047957114974947,0.511302035793482,0.00879495292016334,0.752088272489411,0.0768071645964232,0.510184578454456,0.00594247653499257
300,50.5,29.011491975882,0.667892639257536,0.0549874662129949,0.503269194374002,0.00416575055397441,0.647473581407066,0.0412368061923292,0.510085054791405,0.0122993897058663,0.755387565118258,0.0886917196454712,0.521153475679471,0.0134457603693358,0.631609858139039,0.0427037356537423,0.505924792300804,0.0037553830450098,0.676624917383121,0.046759921466236,0.510775120702902,0.00913428918604419,0.758512335092102,0.0812199014407174,0.509803285326428,0.00599465376265023
301,50.5,29.011491975882,0.667506704608745,0.0550806426517515,0.502595214958899,0.00266837580859625,0.647716862301448,0.040674386316642,0.51198526378446,0.0133483909066868,0.76208542209776,0.0892857366805069,0.523060384588664,0.0134956133772072,0.631342225385555,0.0426389439133047,0.505804286132665,0.00409647811222517,0.677177798726844,0.046641147097543,0.510719927507753,0.00779894957802936,0.764928541060471,0.0843128542917706,0.510361594945426,0.00637331098513769
302,50.5,29.011491975882,0.667809131656965,0.0544435467226175,0.502035067991218,0.00159230762846021,0.648986794244673,0.0392137819817139,0.51035861848755,0.0124425866767362,0.764850980775685,0.0898161031351684,0.522921799357101,0.0131492070454293,0.631242270263812,0.0424670000558358,0.505004811501811,0.00308355414707672,0.678143468903771,0.045803967774087,0.510904491442119,0.00782788852190462,0.770063000119049,0.0859580817055576,0.510475690305842,0.00631240524531581
303,50.5,29.011491975882,0.667162078186907,0.0540891120681222,0.502817331991169,0.00294341325257247,0.64932327184439,0.0367226260209911,0.509452432265352,0.0121195368227564,0.766882395794823,0.091250289122611,0.524786461832282,0.0157937557781479,0.631296992250747,0.0423582584220748,0.506409277264308,0.0043191371899466,0.677935117741435,0.0429472236687365,0.510850644867896,0.00772954182874319,0.773822045718146,0.0894823272549286,0.510075147718236,0.00596964434369758
304,50.5,29.011491975882,0.666490276796275,0.0536033868403957,0.503131272478883,0.00356520365287035,0.650789275441596,0.0356506554205574,0.510178853501442,0.0125077011878849,0.771500403253571,0.0930915882010871,0.520257485769983,0.0109183361971771,0.630792082757205,0.0422756263730649,0.506389333790282,0.00456002630142692,0.67881517355776,0.0423422014770298,0.512753633686605,0.0110055345563908,0.773668251331227,0.0925496069866883,0.510120797903402,0.00630191307380493
305,50.5,29.011491975882,0.666936018246214,0.0534291362243364,0.502576696543208,0.0027087583494361,0.65122186727347,0.0351258036711789,0.511359139728811,0.0128627896477768,0.771454477584687,0.0951139636422576,0.521873689990208,0.0133236156251172,0.6310000274216,0.0420303447834828,0.505645944483884,0.00336172503935573,0.679590313186793,0.0412120801837029,0.513231257165893,0.010276410858369,0.776070185391658,0.0958986671804857,0.510707765963338,0.0063940729045507
306,50.5,29.011491975882,0.666660287595806,0.0536359856639712,0.502974063142967,0.00320842029495296,0.65130210712506,0.0343166635033438,0.51249039038748,0.0124510320444941,0.770973627445923,0.0994285303875054,0.519907753541016,0.0128769069922372,0.631313695572654,0.0423082607654882,0.505879790755058,0.00410149324500345,0.679556621860007,0.0410968808056542,0.511971353125727,0.00936424206484728,0.777491545146663,0.0989393270457334,0.511258527111526,0.00707559185600861
307,50.5,29.011491975882,0.66743274220872,0.0549720382727273,0.502317353901763,0.00222820716675083,0.651450931759673,0.0344091030347333,0.512475180267001,0.0121691456835122,0.771148707031863,0.103171803048448,0.521372580900437,0.0144024196789745,0.630684298829087,0.0422646900975047,0.506150314866003,0.00451943035269362,0.68002597416399,0.0415891616981023,0.512845068137619,0.0105227955587182,0.779316432306924,0.102693568928795,0.510087339772008,0.00587846681302139
308,50.5,29.011491975882,0.666782777018927,0.055678237692599,0.502530298094876,0.00273440468413872,0.651097028676844,0.035216159481748,0.511356777295111,0.011817975643066,0.771384707293753,0.107804372328039,0.519989454637932,0.0133262984458935,0.630897851314968,0.0424551803162118,0.505732611523583,0.00370816183176798,0.681138807350945,0.0434610407664122,0.514458239129744,0.0106936991035574,0.778197361903887,0.106359734232566,0.50948325076173,0.00601305011297613
309,50.5,29.011491975882,0.665755678703019,0.0553268316287082,0.502786788616183,0.00294515857021911,0.651376489190443,0.0367264741682498,0.511540392923007,0.0118694834597145,0.772228736208709,0.110447601725643,0.519071445966337,0.0107668328266062,0.630596897581458,0.0415142442873655,0.50716748731077,0.00523534408555241,0.680098584332523,0.0449061833572449,0.514795142258149,0.0123299211600945,0.778031660415045,0.107894837109775,0.509704779654197,0.00678057669611179
310,50.5,29.011491975882,0.666042669397761,0.0547595512959424,0.502405051996563,0.00242441582626524,0.651599580335333,0.0377968342470213,0.512495743218585,0.0124384002366511,0.774545297085096,0.110052592521411,0.519026218708905,0.0115873656407771,0.630679815153551,0.0406033734092854,0.507198248220307,0.00485640793893841,0.679206273140838,0.046864779696492,0.512963297613972,0.0101214040726536,0.783647400869965,0.107465939680813,0.509373961643081,0.00647611018289435
311,50.5,29.011491975882,0.66544994292927,0.0538281845928908,0.50282210381315,0.00335284595707137,0.650547838512323,0.0380454241081982,0.511609376887875,0.0128601313039349,0.776586392797494,0.105136483009231,0.519468947052902,0.0137527901387847,0.630623579439191,0.0394250432726041,0.506442846623441,0.00486120507674866,0.679311690556761,0.0470736522251553,0.513665733101804,0.00928109016686637,0.787053563603533,0.103660627716193,0.509340763653619,0.00660588698644279
312,50.5,29.011491975882,0.665566902972578,0.0533103340385956,0.502070552533446,0.00163117766445235,0.649894047727507,0.0384012688083941,0.512221808614588,0.0123169598047431,0.780765940897361,0.10011784295763,0.52079303415712,0.0132975457828416,0.630750595295785,0.0386194838257176,0.507223628873707,0.00501275455456572,0.677633351633998,0.0467510564807423,0.513431764888779,0.00940724129777794,0.792326411871003,0.0991013461960949,0.508862152061143,0.00579786050118856
313,50.5,29.011491975882,0.665328413496752,0.0521999888037446,0.503016672758,0.00328069736224627,0.649078437057767,0.0387715205472715,0.512708441660058,0.012987984013981,0.785243747476049,0.0950994693365359,0.518845435146366,0.0103956856275813,0.631076337371733,0.0381794595039303,0.506916516295964,0.0043165063217343,0.677806026639345,0.0472209539813652,0.513278870020097,0.00892845754725433,0.795877492372972,0.0923747847914044,0.50896198136524,0.005960468596846
314,50.5,29.011491975882,0.666264980125251,0.0511120202463888,0.50257855992208,0.00252194054937179,0.648240642491663,0.039129135061151,0.512602501563764,0.0129532983977934,0.791187254611948,0.0915776415333739,0.51824166846538,0.00928309717145401,0.631272448904231,0.0379214818173988,0.506008121804755,0.00380119262666395,0.67835751956892,0.0484002505924251,0.514384527413558,0.00933821875375213,0.798694815713946,0.0876536848713308,0.509847277162535,0.00737294595803496
315,50.5,29.011491975882,0.666547329457226,0.0490552889461131,0.503190775584322,0.00332920929043293,0.647167761123051,0.0394386257170049,0.512734384595126,0.0132269474586179,0.792492217521967,0.0876423744435312,0.518921398969315,0.0116136142473186,0.631734767463496,0.0382276445675464,0.506500574640743,0.004390750751886,0.677103156884171,0.0486241860180004,0.513177974383292,0.00849450452797796,0.801942292310672,0.0827201306672427,0.509586494366359,0.0065921097416526
316,50.5,29.011491975882,0.667443252816337,0.0471502262464895,0.502691658834903,0.00275275594463788,0.646786872685864,0.0402145811697218,0.512963813495721,0.013256550065766,0.7947149295216,0.0845667754519961,0.518522365227906,0.0101986822861556,0.63219667869098,0.0377983442986992,0.505856443898578,0.00416457300130707,0.677411916102777,0.0489797647523051,0.513576576691284,0.00922244660505636,0.802512697921759,0.0780797795849597,0.508666743894216,0.00603958524395118
317,50.5,29.011491975882,0.667724780809371,0.0462530883806793,0.502903045053673,0.0032655104649947,0.64611055295576,0.0411775545562058,0.512047480516072,0.0121007579198547,0.797112890844263,0.0841601181252545,0.519445110070014,0.0115835351871675,0.631673900494476,0.0371421070488907,0.507031727931707,0.0045201819928493,0.676139699355665,0.0497001815100608,0.51473155611234,0.00995684657857586,0.80331535394573,0.0758706895641986,0.508900391276913,0.00648115121320414
318,50.5,29.011491975882,0.668538831382067,0.0462862344439701,0.503071268347985,0.00350563998464715,0.645848479648277,0.0424234468940913,0.512121159973321,0.0124414589877217,0.797230103266222,0.0818696950681341,0.519643450914816,0.0122141378871322,0.63210983360954,0.0369536200745411,0.506836824803158,0.00478873328041425,0.676097529595064,0.0512652158461254,0.514411955347893,0.0116368397552837,0.805557982095466,0.0761892898613331,0.509132717503172,0.00634584333149677
319,50.5,29.011491975882,0.668498103549062,0.0466224394199261,0.504351288358935,0.00546249145178925,0.644594154835197,0.0430076111502638,0.512557842921099,0.0124027741588422,0.797461838324268,0.0808682171026431,0.519794701997352,0.0133772259606481,0.633558885493807,0.037197983343188,0.505507568182844,0.00398825870982893,0.675972703101385,0.0522568168875974,0.513870420339618,0.0093335285598823,0.808297825833477,0.0766143360716218,0.508238661140433,0.00541015840341344
320,50.5,29.011491975882,0.669319498102868,0.0470066176699147,0.503005946297738,0.00306452539708772,0.644730870603412,0.0429499529841759,0.515063700807509,0.0132002925772794,0.803683889613628,0.0815172190093368,0.519926335110461,0.0136610539395115,0.633693466193421,0.0375334071906043,0.50619824262111,0.00420348863185153,0.675345721870399,0.0537381304913214,0.514641963763744,0.0100546684458886,0.806766921499107,0.0776970366165254,0.509288035866892,0.00680910957964341
321,50.5,29.011491975882,0.670596486188773,0.0483051490922919,0.502404633586785,0.00256601964442068,0.644520894285595,0.0431703095124827,0.51412917668017,0.0120100706782918,0.801181979070273,0.0825547752637697,0.523078620272748,0.0156148873390164,0.633526864860675,0.0377924339840537,0.506848514257482,0.00495816612609716,0.675125768933569,0.0537826090082322,0.516475242624064,0.0125374270432429,0.805536773945872,0.0797268567327586,0.508419442020083,0.00553655007202703
322,50.5,29.011491975882,0.670506412940434,0.0493599855574057,0.503174843412306,0.00319941451204272,0.643743550048517,0.0439733628735324,0.514442263123521,0.0131853894186242,0.802149351591185,0.0847261333295838,0.521847417875476,0.0137054483783295,0.635045961311245,0.0380245368591162,0.506775440117319,0.00589576532588407,0.674368569485556,0.0551539856315918,0.514044824559126,0.00899471015485769,0.808638156265804,0.0826311456433549,0.508111588728935,0.00509179969215239
323,50.5,29.011491975882,0.671398520175973,0.050257767584137,0.503038047168761,0.00322909105963078,0.643240707302491,0.0451103315944815,0.514805212710134,0.0123188594795708,0.803213063658132,0.0877080620253037,0.521423122959483,0.0144896896583603,0.635164100490571,0.0381201391009639,0.506960280782178,0.0046773949980139,0.673819816166512,0.0565301595172105,0.515430950186674,0.0127571547013515,0.807287148345707,0.0854415530163824,0.508836003952449,0.00531461499651462
324,50.5,29.011491975882,0.672396895845837,0.0500609697718067,0.502163549351678,0.00186295229792775,0.643103245089248,0.0461959061675438,0.515129595815232,0.0119306373829261,0.802213712318545,0.0878119187910326,0.52211509545199,0.0164361371742963,0.636146155804258,0.0382822898918636,0.506083329447811,0.00373214580555452,0.67322730916569,0.0578219379678049,0.514445426248086,0.0112460157877091,0.807812837942103,0.0868043338318408,0.508901060314438,0.00624961658407246
325,50.5,29.011491975882,0.672051487961767,0.0489103765873532,0.504333781775628,0.00560612023790599,0.641677070496752,0.0473274905284339,0.51426229792195,0.0117396693555601,0.799924783261738,0.0904866739416515,0.52191747797934,0.0178286450415586,0.636472908321611,0.0381928675489698,0.506005340941017,0.00386475685802831,0.672560685145164,0.0592629040250706,0.513135867230531,0.00844845815925772,0.807082165035296,0.0903115559882967,0.508752093149229,0.00555479084411244
326,50.5,29.011491975882,0.673091228844608,0.0482932914142172,0.503428093683531,0.00337268019451438,0.642537076082904,0.048305109445138,0.515346248148057,0.0139416832935991,0.802790604327796,0.0931198347412752,0.522000082156428,0.0139103453266137,0.63635008831573,0.0382836067262122,0.506258593549451,0.00529200013764516,0.672830754651344,0.0602146674295667,0.515137582406911,0.0113609715192643,0.803535591805963,0.0938613160667967,0.50887090465201,0.00561829421257922
327,50.5,29.011491975882,0.672931644103465,0.0481807376215283,0.503089545286735,0.00318595384831876,0.642762043132311,0.0487307574669647,0.517010160233946,0.0138564447811235,0.801541876940104,0.0969427118835349,0.523047307563788,0.0156607371318534,0.636200439041486,0.0385234288430385,0.506835463408514,0.0052108892793294,0.673606396679121,0.0597210948452809,0.514141676571306,0.0107878037824546,0.803064845760004,0.0955753589566583,0.508911794663298,0.00518284073015892
328,50.5,29.011491975882,0.672407504417499,0.0477972821532233,0.504460712047785,0.00386481191389434,0.643075058348759,0.0487379307249863,0.516777917228749,0.0141689585743629,0.801047098501119,0.100498603753408,0.521054628029218,0.0141146039360859,0.636278981298699,0.0391252168737881,0.507102500509201,0.0051073061892204,0.673668191168712,0.0598489723491961,0.513455997570023,0.00773556181515218,0.803477715770671,0.0978754382080442,0.509885657630462,0.00571993085763793
329,50.5,29.011491975882,0.673166110054036,0.0486760045988469,0.502743897628827,0.00259220705298574,0.644906079221545,0.0483116601338059,0.518309201281134,0.015484078392218,0.799412193394493,0.102053434227622,0.52439571256986,0.0183325208528027,0.636593086923205,0.0396548104899175,0.506378526273464,0.00359771490047025,0.675050337595506,0.058917883311851,0.513070306056436,0.00869358464239536,0.802989609637222,0.0988952953110895,0.510679812990208,0.00547256174169281
330,50.5,29.011491975882,0.672194544068335,0.0492404410607911,0.503662490464929,0.00341039653623385,0.64505820511837,0.0474657970542666,0.514568470726305,0.0137445165108202,0.802025056886429,0.1047594308402,0.52294500626958,0.0158681150959938,0.635634920924944,0.040484629244628,0.506815764825568,0.00491168253391359,0.675637882465945,0.0575898751111163,0.512590578583998,0.00777291301623407,0.801699169303523,0.100294781724496,0.511469649761664,0.00643678230430888
331,50.5,29.011491975882,0.670413679502873,0.0500519264532463,0.503730292737963,0.00342769445062719,0.645647313622335,0.0470013957740131,0.516297307403597,0.0153236743486043,0.802329428466661,0.105030561814827,0.52070580064739,0.0140050751666661,0.634558878657476,0.0408644047038023,0.50626398341847,0.00511043195485034,0.67740147491876,0.0564279874635973,0.512495913453948,0.00897743846208413,0.800995159538233,0.10073230369779,0.511545446094338,0.00594156193652027
332,50.5,29.011491975882,0.669906500360806,0.051059119801657,0.502381097857416,0.00190048100790968,0.64619921195891,0.0466832412700028,0.517893416500411,0.0145379954608222,0.804574358784054,0.105717180327473,0.51984526901543,0.0141052568022523,0.634476293939441,0.0407490749345634,0.506311507739523,0.00501181074249811,0.677761239842388,0.0551789352030736,0.512181139183607,0.00746526101274944,0.79992294404105,0.102431744142253,0.511950186563686,0.00732347648519655
333,50.5,29.011491975882,0.669825016708413,0.0528361998648262,0.502253747443437,0.00176205782324826,0.646592609292711,0.0456707867328913,0.517060519931339,0.013997042614443,0.803479105299138,0.105263830654909,0.520388126436806,0.0136390891942611,0.634172876253869,0.0412930278164975,0.505571398113428,0.0044403027351911,0.678398255869092,0.0543433777242361,0.512859384504573,0.00964234740990998,0.800016924055315,0.101229969249252,0.511048356934906,0.00635190261623287
334,50.5,29.011491975882,0.669473311935019,0.0544876567320752,0.503093071778643,0.00331665254529537,0.646823203945908,0.0441265108374969,0.515391165930565,0.0132851916460853,0.802844649100128,0.10445768107119,0.519568237021115,0.0149468160380498,0.634184231553767,0.0426309329413749,0.505938750435193,0.00355678614485716,0.67829115537336,0.052825124720712,0.512700732336648,0.00893380241769334,0.801280084023668,0.102016991709244,0.511133466274014,0.00736247309137621
335,50.5,29.011491975882,0.668631088996843,0.0559657041105727,0.503322194683812,0.00357920820455021,0.647020447639265,0.0429939574249322,0.516050418768847,0.013344432096233,0.805780100159429,0.104589684783568,0.517587905829062,0.0134075115503496,0.63376907264475,0.0429896693429016,0.505966585022777,0.00366825857166908,0.67937183212643,0.0510705040771959,0.512281551783431,0.00988363831021583,0.802134332985228,0.10018416949969,0.510317644764243,0.00597213926763883
336,50.5,29.011491975882,0.667695110732923,0.0570566697734233,0.503334637568147,0.00366710305072503,0.647483250126147,0.0416917186583805,0.515394651034571,0.0136501937746532,0.803117797953372,0.102132891026547,0.520033422678678,0.0163547218324792,0.632911663436336,0.0433403874528311,0.506899161482578,0.00459856773630814,0.679358822184146,0.049208049662252,0.511142536166297,0.0090183326429235,0.802704857127967,0.0986970346786224,0.51073107955198,0.00717781756859956
337,50.5,29.011491975882,0.667356424113573,0.0585990633763752,0.502849529168825,0.00272879748937983,0.648214718374128,0.0404803567099132,0.516325665473347,0.0127683141426463,0.804016866291085,0.100496179906268,0.519770682091116,0.0155319199970272,0.6330767177833,0.0446331260824473,0.506764654562568,0.00440741728087837,0.680087003919437,0.0474278869164003,0.510309999232296,0.0095913373234195,0.804169047543702,0.0972895965476309,0.509998623835816,0.00601154918856922
338,50.5,29.011491975882,0.666535608604114,0.0588705795595791,0.502692052274359,0.00296103730837894,0.6491639178483,0.0381647870084225,0.515454276530248,0.0130349975101193,0.806805699837079,0.0977445755815034,0.519118912383233,0.0138166731480486,0.633003057030101,0.0452022904038367,0.507634630644537,0.00499087806794261,0.680086914160499,0.045569504904269,0.509208865393197,0.00698748059251647,0.80539938759989,0.0963060345174971,0.509126600692848,0.00619119195413297
339,50.5,29.011491975882,0.665488306992433,0.05912924545261,0.502711870902648,0.00267488240375263,0.649775971125286,0.036670176953042,0.514883540009308,0.013744977514326,0.8058192513194,0.100429663640196,0.519551890977262,0.0134918594732821,0.632145356609327,0.0454361389837323,0.507581226033878,0.00469354333352203,0.680316255768372,0.0443979364256979,0.5105052922593,0.0079034365437399,0.80292859527273,0.0972434697449776,0.510505375628013,0.00724964250950957
340,50.5,29.011491975882,0.664814048583562,0.0595592969719673,0.502384370286853,0.00207338721833953,0.649942337171796,0.0358272733324529,0.514900541006613,0.0139491266673973,0.807270294719427,0.100666942673464,0.518601367801492,0.0126433695686191,0.631979078956179,0.0457026834877868,0.506496975490369,0.00436143890116171,0.680892135546239,0.0435248713569171,0.511029308283158,0.00892274419786005,0.802630016606362,0.096667017683967,0.510199473176232,0.00615988931528227
341,50.5,29.011491975882,0.663444217728718,0.0597593308384723,0.503333829774081,0.00357541302249339,0.649152249895886,0.0350615783810357,0.515699379333932,0.0160722936712067,0.8040987005895,0.0971697136340314,0.51962389475957,0.0152258702742229,0.63033103407787,0.0463144639254172,0.508298036814653,0.00522662507014372,0.68004059238061,0.0431151303512595,0.511997801508683,0.0104041558187444,0.800050284238704,0.0959248680645994,0.510233789421772,0.0077731951542851
342,50.5,29.011491975882,0.662406601638888,0.0609431300419611,0.503838879228192,0.00384210169254381,0.648988156303766,0.0347882499491725,0.514475809611787,0.013129238762351,0.806753425460821,0.101177848827823,0.51944716606115,0.0142631223743011,0.630285436562704,0.0473634960602238,0.506486612918633,0.0039586090611074,0.681116383155808,0.0424685311732523,0.512624873060259,0.0102110918274997,0.800103631559306,0.0944566534048564,0.510639713020276,0.00885597342804713
343,50.5,29.011491975882,0.662785603706175,0.0620970387524674,0.502569573167963,0.00225330495954372,0.649117559027654,0.0355718002630913,0.514388677643466,0.0128645126555473,0.805565707302067,0.0981471166684451,0.520258321792499,0.0163174854423609,0.62882516661138,0.0480711195292553,0.50755656138186,0.00548117904926405,0.680643487125458,0.042954084817087,0.511420074729945,0.00924776916760697,0.801028726081019,0.0915723899563943,0.509875169685278,0.00698914031629194
344,50.5,29.011491975882,0.662593333289362,0.0631796678573964,0.503133470407354,0.00327122589493116,0.64782789506145,0.0359509455134716,0.514354778150923,0.0117377027403305,0.804631766030061,0.0978545124717742,0.520152217677115,0.0150220655177403,0.628444758803284,0.0492074359490526,0.506799320228005,0.00455221455735666,0.680759271969155,0.043373374860107,0.511228109709639,0.00961744242478715,0.801177698969406,0.089898907552497,0.510289180587764,0.00761040675667089
345,50.5,29.011491975882,0.661922448330631,0.0644821194257193,0.503325990164155,0.003407153412057,0.647218807567414,0.0368013903435118,0.513854162504639,0.0137301204281935,0.803835526900109,0.0974946635885685,0.519538663199546,0.0142371748285213,0.627940788279463,0.0498863709243038,0.507205552139273,0.00590080427213848,0.680779901815893,0.0439162863631359,0.510101154486948,0.00786756802735599,0.801231830663508,0.0883706658529036,0.51040436698725,0.00731578456694413
346,50.5,29.011491975882,0.661221037592907,0.0662631270192982,0.502775799221562,0.00356782669833312,0.647262470398412,0.0375487996396236,0.513547657965687,0.0134363565876468,0.802543593631833,0.0980583833652353,0.521237087341256,0.0155790819663296,0.627257125142983,0.0508204442365732,0.506436048420212,0.00406575524170726,0.681568196303017,0.0444828138412046,0.510651962223605,0.00833696364391955,0.800658241523342,0.0880026886703513,0.511447180449849,0.00768502546807067
347,50.5,29.011491975882,0.660720854990473,0.0677822878248178,0.502758312536161,0.0029085579448734,0.647564224343377,0.0378960693359448,0.51438323341371,0.0147135517085822,0.804316900059584,0.0961884783032282,0.520697136111064,0.0128883075303031,0.626564462989953,0.0501258577130385,0.507209610918363,0.00411954410580103,0.68228270599068,0.0436972559942851,0.511132104566997,0.00917573559426733,0.800819113151378,0.0878021009084806,0.510818507985951,0.00783315343072025
348,50.5,29.011491975882,0.66084739318241,0.0680001673052858,0.502812963252223,0.00294232864226326,0.647567665809046,0.0377020978922921,0.511908467289602,0.0136421996837494,0.803982970924495,0.0970632291368538,0.522850594207698,0.0146265595206328,0.626523989325966,0.0501757601867761,0.505895580821396,0.00505931244270595,0.682717731599602,0.0430782295375405,0.511556442108544,0.00832379571169863,0.801036775826776,0.0867354329089524,0.510971158156956,0.00779526459574088
349,50.5,29.011491975882,0.661010581731668,0.0674222236275051,0.503601985398838,0.00356671117573612,0.647340183650988,0.0373479255407421,0.511470127446618,0.0122254593969531,0.803838739006344,0.0962154640990792,0.521297311921857,0.0133633013650159,0.626257351643875,0.0499668273187962,0.506950773426441,0.00639000578421243,0.682868242237792,0.0428364975267602,0.511841876367085,0.00865772166395397,0.801289868326237,0.0862608620826684,0.509855016535006,0.00655883298712511
350,50.5,29.011491975882,0.661366732640727,0.0665962551807265,0.501964938204563,0.00130074990109469,0.64831576013857,0.0380715267478236,0.512659411956038,0.0133356416928266,0.801527982652101,0.0959827820194126,0.523070967412649,0.0144377053115388,0.626143530502485,0.0487814266809682,0.507207755634287,0.00553466221687356,0.683726873957255,0.0429493287504093,0.513580646075502,0.0113950799253869,0.798137326373796,0.0855773162158351,0.509619707159461,0.00634873472941639
351,50.5,29.011491975882,0.660735256810404,0.0646929591735671,0.502874049498597,0.00271998111450253,0.649128456614034,0.038360096046264,0.511178679517622,0.012409946143659,0.805248085884277,0.0952543841495188,0.519012151550155,0.0120193220176184,0.627195678658204,0.0478874744899266,0.507284165013667,0.00478934304964693,0.683297017554897,0.0435335488622035,0.511083620182395,0.00885553619022504,0.799831737975239,0.0853909586940242,0.509208672461136,0.00602929450611892
352,50.5,29.011491975882,0.661941243835383,0.0636059841379141,0.503051302492021,0.00308825973061289,0.64981963825133,0.0382408259587156,0.511630850181056,0.0121217552017883,0.799859972369829,0.0950241453125154,0.521741938571318,0.0136628003693467,0.628017485581929,0.0475696243977378,0.506225544189999,0.00365545668569763,0.684003979788404,0.0444292760474924,0.511750262067599,0.00947468951403716,0.795990291566264,0.0843363065313228,0.510490639198655,0.0080053739979281
353,50.5,29.011491975882,0.662153161815591,0.0611168539329729,0.503632914235552,0.00326682983119877,0.650603840887885,0.0384861583128676,0.51219994464312,0.0126616097720833,0.800360669156405,0.0971267350266727,0.520309280315751,0.0131730571283393,0.627917731690574,0.0458456302564903,0.507274272002211,0.00478557312288971,0.683861041272804,0.0454177034549576,0.511629945016069,0.00922060472050032,0.796891521357104,0.084064963507792,0.509287780473527,0.00531961080527206
354,50.5,29.011491975882,0.664066404380935,0.0593127174300835,0.502293536232932,0.00203945870306589,0.652211741114985,0.0392408687717943,0.513949656946975,0.0132300193864961,0.799329807385234,0.0980739800857303,0.519563845216557,0.0116200800696755,0.628910144764373,0.044138934310293,0.50781925550028,0.00615487219189377,0.684028667138424,0.0465132585005991,0.51267843408956,0.0104971550272429,0.795835657854811,0.0837386375314502,0.509067549054343,0.00524914953207053
355,50.5,29.011491975882,0.665462638991748,0.056675361887682,0.502599071864444,0.00213818633168139,0.653042120298504,0.0403243017504531,0.512733379267247,0.0125243681696875,0.799177567842141,0.098921707898784,0.519675872137061,0.0118371976003912,0.630632336332529,0.0420298494561637,0.50563572564622,0.00330030536873489,0.686186886593525,0.0485885264456955,0.515043294853801,0.012349147320214,0.794245206963127,0.085269256837811,0.509575043960994,0.00561613011834683
356,50.5,29.011491975882,0.667480875959819,0.0543641788942307,0.502985427146049,0.00281703721843029,0.652718826721247,0.0417992510005055,0.512141817740602,0.0125341312178463,0.798606854588422,0.100603188677054,0.520710220601841,0.0133856518674543,0.632220162348725,0.0402941485096175,0.507017826623914,0.00552041012795928,0.685282548040784,0.049844771931557,0.513432746968335,0.00976785052907896,0.79796311346614,0.0866895482274943,0.509251885435873,0.00540586424577026
357,50.5,29.011491975882,0.668856642500374,0.0515483543524346,0.502855309802546,0.00287340526611124,0.651514428164704,0.0433027640765494,0.513649428181904,0.0140029181173981,0.799584715985474,0.100423531016382,0.520296299309803,0.0144874473790826,0.634132012093302,0.0385230125268752,0.507689548023698,0.0056121540353142,0.684325852100942,0.0521261128501704,0.512929613498708,0.00929087687302424,0.798572667107327,0.0888446736369197,0.510254185633845,0.00719720807659098
358,50.5,29.011491975882,0.670397080586696,0.0491929256510769,0.502233807250353,0.00160694899485398,0.651798493683104,0.0452065383555842,0.514185330809257,0.0129747715475751,0.800370996339627,0.0990136008372001,0.520251839693144,0.0121423386080353,0.635692599546905,0.0364280130760576,0.507254274544293,0.00475619996881576,0.68453476149546,0.0544065056140398,0.513670843331339,0.00930547924689277,0.802063700755747,0.0905749169410245,0.509375969279127,0.00586336715516948
359,50.5,29.011491975882,0.67146908652462,0.0473242505164926,0.503694849525756,0.00402173273974389,0.651387389564951,0.0460785760177936,0.512486543634666,0.0125588130242329,0.80201615132242,0.0997190590108428,0.519345045670367,0.0111533932677342,0.636638042571774,0.0347880507684141,0.506656204800739,0.00426825851778255,0.685483227238006,0.0555762380640469,0.514946117048113,0.0104778648093387,0.802092131309942,0.0915019276183092,0.509947482478708,0.00676319176229853
360,50.5,29.011491975882,0.672522432877436,0.0468597502348442,0.503404555517049,0.00355222905236108,0.65196230818203,0.0467094295431243,0.515168716978575,0.013719658983838,0.803841417595714,0.0992088068416955,0.519165523163941,0.0114716280157041,0.635999086746869,0.0344833951021064,0.507228257378501,0.00558813461854601,0.686030621680578,0.0565698725568341,0.514558517521248,0.0107544420824771,0.803410068429685,0.0922835185172307,0.510085911984124,0.0074959107660616
361,50.5,29.011491975882,0.672403565603105,0.0474832733408343,0.503274769559105,0.00425701542844738,0.652575515512482,0.0468982496724915,0.516231769429125,0.0142986453607399,0.806176587683841,0.0997570826695498,0.517858041276115,0.0104270653971999,0.636746001167132,0.0350540897510599,0.506480288127177,0.00426444603677597,0.686079028353857,0.0573200917850553,0.513819895474479,0.00955382874039525,0.805405958085014,0.0937558917336872,0.510397923321815,0.00746236858202267
362,50.5,29.011491975882,0.67274543637056,0.0483990055686448,0.50261455491819,0.00267588715870763,0.653547596219854,0.0460447671370438,0.514660033976368,0.0126259997926091,0.80813042740808,0.0984752783174464,0.519717194671131,0.0135842714832921,0.636820019171946,0.03572179694248,0.506149517090933,0.00468317593822364,0.686452953777403,0.0566487387601582,0.514954563051851,0.010004099738265,0.805740042160493,0.0922119110747665,0.510495175558849,0.00732334354324532
363,50.5,29.011491975882,0.672206391865755,0.0490219924543108,0.503451038283243,0.00360333592661482,0.654430188417093,0.0446701334435182,0.514436589522235,0.012125712380519,0.809439394225794,0.0969333890388835,0.517635382268858,0.0108412617647572,0.636854227295943,0.0367373279747215,0.505837989204207,0.00393780359150499,0.68752561967144,0.0551115795528888,0.514983884823335,0.0104700064860558,0.805353891324158,0.0899402597985993,0.51043772450772,0.00715525571027939
364,50.5,29.011491975882,0.672146822283193,0.049491276953677,0.503217583269388,0.0039777797194851,0.655426106159964,0.0423683388765909,0.51581610881779,0.0127378185132242,0.808152842461342,0.0941140346693083,0.518439092207741,0.012751344503236,0.637261237530678,0.0372768530381561,0.505732775491132,0.00346356473010389,0.688208013196932,0.0524538462423027,0.512938874067589,0.0081418403524012,0.805057234056008,0.08790286456372,0.510809150812992,0.00714825047419276
365,50.5,29.011491975882,0.672194503877269,0.050395948138968,0.503138348281211,0.00309062961516241,0.656005637996039,0.0405188399920582,0.514515176617671,0.0124402444955722,0.808185277976578,0.0936110989078158,0.519164725465163,0.0124253773569758,0.63680754061361,0.0375284986677573,0.505673011502136,0.00351941256875646,0.689675200913992,0.0505795168161182,0.512789234254138,0.00941414648544089,0.802863967187916,0.0900561752781459,0.510438521257786,0.00670636853990605
366,50.5,29.011491975882,0.67101888605002,0.050260235062547,0.503315548040991,0.00298423489424056,0.656798278430865,0.0391518856772272,0.51401993362148,0.0123515927833696,0.808720505740513,0.0950799349386843,0.517823645578093,0.0110198971526752,0.635633428322022,0.0378067567525341,0.506273522802514,0.00489867598747124,0.689924692296325,0.0491429477546697,0.512681265980126,0.00928845358138612,0.801786412821144,0.0922064557294847,0.509961872880608,0.00635744294251534
367,50.5,29.011491975882,0.671150604680724,0.0507407802185051,0.502894413597021,0.00307636243893125,0.656282399281339,0.0380036360348276,0.514107158910646,0.0116050910288915,0.806603315771186,0.0966096594680998,0.521015962216662,0.0147047494759562,0.635679917209664,0.0388790919806871,0.506471027242905,0.00426497781799256,0.689360449617163,0.0472340841499956,0.512352669773874,0.00817629455697706,0.801149085932906,0.0951056463079458,0.510717796223107,0.00766886524382547
368,50.5,29.011491975882,0.67012278184407,0.0505354062125027,0.503579570802618,0.00498432049830662,0.656236429663647,0.0374889331783777,0.513467673977147,0.0120043541376529,0.807282787903833,0.0988739912192474,0.519389956845968,0.0104329399822357,0.635284046867532,0.0394982550604525,0.505872689007097,0.00357119769737624,0.690270867544368,0.0459867389456535,0.513206013321815,0.00789508258234174,0.80022037993429,0.0960005857182777,0.510159292176809,0.00609126314152499
369,50.5,29.011491975882,0.670182801035039,0.0507192817770909,0.503259155177076,0.00366886352723661,0.656047762111431,0.0367922469088042,0.515450251869956,0.0161200930253217,0.806102515938575,0.0994746432567196,0.518528791313272,0.0100101343026128,0.635496764043511,0.0399092266290707,0.505320574913478,0.00328062625122729,0.690444564978578,0.0458565350066067,0.512826493599782,0.00857138041553564,0.799572108119107,0.0969948348397154,0.510163011443936,0.00570963228817967
370,50.5,29.011491975882,0.669819762586388,0.0506594308199417,0.50378983405248,0.00397236335215536,0.655134311641714,0.0365562009049184,0.512845765412735,0.0119992785481634,0.804415751115628,0.103131249202462,0.520958187799047,0.0130244174920054,0.634824154008112,0.0404796612787588,0.506079257893571,0.0045457805899335,0.689706865873464,0.0460865490203942,0.512737677917793,0.00887549848823822,0.798987064233292,0.0975460348898799,0.509931208679722,0.005285866564693
371,50.5,29.011491975882,0.669375109248619,0.0510867471150407,0.503100908122012,0.00283518103191758,0.655332463572181,0.0366154874102362,0.514437822457253,0.0174747199153304,0.802505684994243,0.105100984585215,0.519417447227399,0.0104185958928444,0.634973482773376,0.0409591143244601,0.506145410296553,0.00375885692514192,0.688009488556772,0.0463423449789789,0.511201286904585,0.00743286573140472,0.798343708744705,0.0992843949301568,0.509993863441745,0.00594252422200331
372,50.5,29.011491975882,0.66856946783415,0.0518942467990731,0.503071283576023,0.00303715175245531,0.655811332179518,0.0358312842880364,0.511425980642623,0.0123262084222715,0.804938188163616,0.104685030551654,0.520292752692642,0.0110208475290214,0.634062057857704,0.0419380805348728,0.50599210147019,0.00436599953066797,0.68876740363641,0.0459124259050629,0.512588162699992,0.00925561050974337,0.796787852202552,0.0999522503677433,0.509416821381299,0.00523003285912921
373,50.5,29.011491975882,0.66833185823148,0.0531370948703454,0.502387476827241,0.00190256891673793,0.655506960517215,0.0348841771084677,0.512880268481718,0.0135133893752538,0.800777756673203,0.104581912209234,0.521889183238558,0.016775009361685,0.634016759034816,0.0432071968216969,0.505950897510664,0.0042698511520799,0.689105664099032,0.0445175219775905,0.51266273076196,0.00884766493526405,0.798572638839783,0.0998609463870325,0.50961359504226,0.00512388867252395
374,50.5,29.011491975882,0.66765875161344,0.0538201337074243,0.502733423264344,0.00234071916294716,0.655253811986825,0.0343836162929313,0.512212739784724,0.0126379027842956,0.802785995865346,0.104662598358953,0.519081478219009,0.00964911457830895,0.633364077095886,0.0444630893008304,0.506084837445182,0.00448223312573244,0.689657029222853,0.0426616484982484,0.512098433657331,0.00768694756966698,0.799489573718682,0.100247308942161,0.509577525392482,0.00569932588402466
375,50.5,29.011491975882,0.667490820203754,0.0544463199786433,0.503674456839374,0.00399799579572652,0.654088534807429,0.0339167859966858,0.511515112510817,0.0115010191793642,0.801253422829862,0.104552453736188,0.519749356085062,0.0124578600612859,0.632781340255504,0.0443282962459476,0.506002111115951,0.00457286974225044,0.6900148662504,0.0419602966263699,0.512030944965911,0.0101553849571579,0.800989286044219,0.0995288669596126,0.509222602022533,0.00537586700210279
376,50.5,29.011491975882,0.667682580095195,0.055153065415958,0.502940650488774,0.00286825460402829,0.654008895649071,0.034352684384251,0.514645867478498,0.0142574949936332,0.798734575262499,0.103965132340573,0.51880966603342,0.0105144381825085,0.632120779487116,0.0445688438839145,0.505929018640632,0.00437571051008649,0.689649008673674,0.0420503904308387,0.513223864734042,0.0120771713591858,0.799446791535341,0.0989739749291526,0.509600193999437,0.00552546550883769
377,50.5,29.011491975882,0.668947254531842,0.0547161604620624,0.502731424256276,0.0022266449178445,0.653369696174722,0.035500800493213,0.513630589762536,0.0136294282820039,0.798439035261107,0.102596274781033,0.518369293144984,0.00977450665086238,0.632572901705502,0.0441805051616451,0.506305165116724,0.00562098073535507,0.688589608980079,0.0427952577130509,0.511676276070637,0.00844175605691072,0.79829465499516,0.0997016918068914,0.510189961188551,0.00632874765355766
378,50.5,29.011491975882,0.670071007621458,0.0539549403034668,0.502501859770045,0.00166649294707218,0.652368133896491,0.0371290545127476,0.512955589098707,0.0133245814212972,0.796954558038143,0.103215769728518,0.518027556332995,0.00898279554380057,0.633061571597084,0.0434610166953143,0.506806992849807,0.00503777595954151,0.687994153211999,0.0443282310759025,0.511576868108288,0.00761889694552066,0.797267357109815,0.100444477942547,0.509593246977784,0.00532041420332159
379,50.5,29.011491975882,0.670931112379411,0.0520526719836252,0.50222897155264,0.00136853700367873,0.652022846357634,0.0382854479132958,0.513685470710388,0.0142702276843658,0.793721336096872,0.104273525437658,0.517499188962775,0.00894236249954673,0.633880919952618,0.0422282103109576,0.506773106251011,0.0047831286768486,0.686529439150792,0.0455069942628351,0.51085571694393,0.00792700416328861,0.796500704303665,0.100703457976484,0.509453730565884,0.00539813560904964
380,50.5,29.011491975882,0.671668488061079,0.0498340035666651,0.502203006204686,0.00205400115137638,0.652023063477239,0.0391007747971595,0.511813081046484,0.0121323068957383,0.791390832340725,0.106285439779169,0.518024540215547,0.0105267111486656,0.635051137765627,0.0405040016228072,0.506377245218714,0.00488648093610497,0.686129417752559,0.0464434100836022,0.510961745206282,0.00775511617626614,0.794338846202941,0.102991986329504,0.50970659207421,0.00544391439683344
381,50.5,29.011491975882,0.672183537975601,0.0475389473237186,0.503256043345082,0.00361664592749162,0.651853841070338,0.0392842257110412,0.51158576028477,0.0113807350919376,0.789463519501268,0.106852020614824,0.517895036031248,0.0104064792712574,0.635010782943079,0.0385324562373876,0.505864747765657,0.00486767415618028,0.685795274563793,0.0467395454961499,0.51203062151821,0.00948988096927243,0.793093522763296,0.104458493561555,0.509628803290836,0.00500580018615659
382,50.5,29.011491975882,0.673401023443498,0.0447589716310319,0.502779934338653,0.00236779504943968,0.652526257726388,0.0394099279385955,0.512187259308486,0.0116566942621696,0.790793237238696,0.107735783681372,0.518900560319141,0.0124124548056316,0.635937148708837,0.0365232546771943,0.50546473431074,0.003943503531041,0.685400337681556,0.0472435773116134,0.512798331117416,0.00923371864331939,0.792132497441817,0.104363966891328,0.510191696590052,0.00585011377791925
383,50.5,29.011491975882,0.674130731974305,0.0422230014502347,0.50350982212377,0.00409184989053879,0.65211712604427,0.0392353104658316,0.511338168166772,0.0111567235341751,0.792461255157241,0.107330734995598,0.519098466541201,0.0160803389064167,0.63699952934797,0.0350996262392872,0.506063599007233,0.00437485106723453,0.684869825553936,0.0477096873711309,0.510944702968074,0.00842902545646521,0.7938716392279,0.104983337716838,0.509753359320958,0.00506930769929441
384,50.5,29.011491975882,0.676009299256328,0.040298070765848,0.503369033316121,0.00345006763381407,0.652680017078654,0.0396820172497178,0.510860171885494,0.0100094865466675,0.792719181862842,0.106039920640302,0.520235017228195,0.0139918215498038,0.637463054550975,0.0338394370190163,0.507131034359337,0.00525737874093562,0.684324824107477,0.0481192036355567,0.509595699689438,0.00646920214931969,0.793966318302955,0.103380094608198,0.510462036858907,0.00638654617767664
385,50.5,29.011491975882,0.677409958420074,0.0378506350861238,0.502720924694897,0.00255075790622194,0.65367617504351,0.0398021881876491,0.512072616090649,0.0107222232555117,0.793782112077863,0.103082030379136,0.519245085790317,0.0116955770440464,0.637520487196484,0.0327027455951923,0.506660774989949,0.00536328478542145,0.684706475126226,0.0490246758160385,0.511472693965155,0.00777065652253718,0.794482786852006,0.101903669746962,0.510023842803541,0.0054444567755925
386,50.5,29.011491975882,0.677715289391118,0.0358242681222609,0.502859219312274,0.00275566809884844,0.653918370140326,0.0398224891043171,0.512010165016235,0.0103068136608355,0.795557959037728,0.10134331129905,0.518056246093794,0.0111692447107084,0.639379598576596,0.0310875377055995,0.50614848111066,0.00419329248468435,0.683958560190948,0.0488706052868908,0.509990521373505,0.00652968928549592,0.795350479237026,0.101730175683879,0.510886039265052,0.00816503743692543
387,50.5,29.011491975882,0.678273051640252,0.0346582257025239,0.502445091434407,0.00227256534451606,0.653534044199124,0.039904749171131,0.511167930102928,0.0095352088859695,0.794939507249972,0.0988955551873996,0.51869897462882,0.0132587735856118,0.640256862018315,0.0292879028488883,0.505390667710012,0.0034319639575122,0.683731472795462,0.0500241530516451,0.509922744965931,0.00630875627161653,0.795686607458576,0.099876800085843,0.51049670268499,0.00679335362583237
388,50.5,29.011491975882,0.678832409571055,0.0337177393211055,0.502297486683218,0.00191986270845318,0.654587418636524,0.0411976298354138,0.510610052005444,0.0087915027569316,0.794465232335093,0.0966223181751941,0.518669491158283,0.012687741937989,0.639908992558697,0.0279959646800064,0.506448615869226,0.00505594036035759,0.682567619402601,0.0505053774938643,0.511351188842899,0.00873295840029176,0.793669824266759,0.0981686393425016,0.510665901054557,0.00668921673423103
389,50.5,29.011491975882,0.678686508814231,0.0339860152409874,0.502588281082066,0.00255841934925292,0.654456309837754,0.0418016994102288,0.510016444472096,0.00824970429626024,0.794915100918955,0.0945744549973517,0.517605976259568,0.0117734943858454,0.640316060772413,0.027526565234671,0.505756302247009,0.00382406379970832,0.683347134391489,0.0510391180137928,0.510426065185243,0.00668457210199126,0.794546091165054,0.0964228639975202,0.510316344979748,0.00634716355497165
390,50.5,29.011491975882,0.678594995204366,0.0343413504669483,0.503021599797202,0.00303610526436375,0.653750424380781,0.041636904406173,0.509473369169548,0.00744058560975077,0.796352374045834,0.0923975707601555,0.518002098357659,0.010561398109133,0.639872053159083,0.0281061296075923,0.506798816885089,0.00493485218458297,0.682720527086346,0.0515959758964809,0.511259035993771,0.00800458694944516,0.794320373233647,0.094647497669693,0.510183958053309,0.00601209643227941
391,50.5,29.011491975882,0.679842498891349,0.0347067373384769,0.50211483772631,0.00174726248305963,0.653810493238408,0.0423849350969516,0.510812300661203,0.00894084601681526,0.797320727964592,0.090873144146719,0.517228672648899,0.0102851167834618,0.640228897705585,0.0287624377410826,0.506231801830738,0.0040046167588383,0.682634351590043,0.0532506382287729,0.512773482476727,0.00896636088564597,0.796482496417761,0.0921979613371799,0.510658446649385,0.0066666452446416
392,50.5,29.011491975882,0.679930801354378,0.0348968676035616,0.502862671145522,0.00300949010923439,0.653062180169628,0.0439088289976983,0.509356518813327,0.00855820365922994,0.800099075619748,0.090997544137652,0.516974138933205,0.00966507717069405,0.64103116281255,0.0293339798533982,0.506773057075995,0.00540955082812052,0.681922730523572,0.0537209087452929,0.511459640522099,0.00806507975852985,0.79908879030364,0.090725290137677,0.510686957417609,0.0067316354210383
393,50.5,29.011491975882,0.679683309001837,0.0351744533764875,0.503587283503511,0.0039072712846584,0.652031821344222,0.044868045669262,0.509761156555392,0.00985542474013225,0.80382300422654,0.088995544595391,0.51718736965136,0.0106891951944284,0.641829146002774,0.0300648384605174,0.505586751738989,0.00317875336120234,0.682404631872528,0.0562169425481926,0.51265759963855,0.00813116188562582,0.80189659983429,0.0888946888121753,0.510600161542046,0.00709831814575672
394,50.5,29.011491975882,0.679846255530972,0.0362864195166656,0.503214975868842,0.00414173165405171,0.651918599466603,0.0460784705594615,0.510738051598808,0.0111914988938551,0.808310255649682,0.086974997786457,0.516654125018618,0.0108244417150152,0.64208708929336,0.0301484219818079,0.506404435044126,0.00411712434239355,0.68196214713377,0.0572633320362135,0.512171025074147,0.00779040308893069,0.804783178769638,0.0854358804551139,0.510172416370741,0.00667431164420422
395,50.5,29.011491975882,0.679869767054226,0.0376178244847673,0.503144390964392,0.00338047410355557,0.652427447228346,0.0465611362580878,0.512942195164719,0.0123494340017646,0.805517006523629,0.0836855284002694,0.517660467990228,0.0126155376745308,0.64290520506954,0.031006388979334,0.505624149261743,0.00392618293613454,0.682618042352897,0.0577301254790087,0.511547316435782,0.00752233151776426,0.805058338184426,0.0842394622746489,0.510177533696486,0.00673322535079275
396,50.5,29.011491975882,0.679664445631509,0.0391711896497786,0.502306960923176,0.0025057760681559,0.653316542088236,0.0464044094376446,0.513047735859298,0.0119869077686451,0.809209648693227,0.0801709207416333,0.517760767997678,0.0127381143348121,0.641739267582588,0.0317956790384927,0.505330295820255,0.00372765959426459,0.68352469185452,0.0579990969906265,0.514245898483011,0.00930935719226673,0.80418399185332,0.0818521583867051,0.510273633537666,0.00629074307485103
397,50.5,29.011491975882,0.679821905124024,0.0413954597613639,0.502968744486174,0.00320820686392774,0.652974745275757,0.0464164613714614,0.514044181557907,0.0120678192126737,0.810328327223421,0.0797575843182675,0.519242057647923,0.014177427339196,0.641365924397567,0.0334671963440954,0.505896252103784,0.00378768677545822,0.682406475266031,0.0575426094675955,0.512955681502785,0.00756212555118322,0.807416754761272,0.0798880780433097,0.510554601177773,0.00643962882465654
398,50.5,29.011491975882,0.679826564925815,0.0443201117305362,0.503095617852363,0.00371379901887282,0.653528348122257,0.045803844884787,0.514155971084214,0.0119246379414649,0.813969543588745,0.0755736056821766,0.518924029994692,0.0122317025615232,0.64111519454619,0.0357899343325009,0.505346745330156,0.00341269934694317,0.683564014672472,0.0565433079144717,0.514444352918648,0.0102661302797201,0.807595303337886,0.0756745434735013,0.51048598632421,0.00675017889402164
399,50.5,29.011491975882,0.6788404702796,0.0470705452211087,0.503070842867726,0.00344295671930919,0.653849961754274,0.0440286488240515,0.514480687129764,0.0120704352724978,0.816028907498456,0.074054202079342,0.519032072082023,0.0112329508756404,0.640538148710796,0.037397489680862,0.505648868770653,0.00359636394702103,0.683288772281771,0.054527921468361,0.512140053873168,0.00739706156508769,0.811753158174681,0.0723243667265924,0.510044753606711,0.00583534347408821
400,50.5,29.011491975882,0.678004388268173,0.0501478584740751,0.503003528776278,0.00393975233493303,0.653715412106133,0.0427812767394545,0.515386529376366,0.0121633474389474,0.818269660122484,0.0735022446390252,0.519955437173466,0.0128257231472762,0.639909260513758,0.0394684973351333,0.506050041610232,0.00452063815766188,0.682364898507863,0.0527117901145694,0.511462693915358,0.00795193751474623,0.812163617450409,0.0691256589885032,0.509881420731777,0.00566573968551859
401,50.5,29.011491975882,0.676898078868479,0.0519789841924537,0.50262374837295,0.00286989572403427,0.653687209331059,0.0416410138245864,0.515315281049164,0.0132054476818603,0.817667619009757,0.0732862079656551,0.520314878499178,0.0142267168993306,0.6392250840408,0.0406556707288017,0.505550456047943,0.00330457683881265,0.68276106965697,0.051751423463324,0.512589811411928,0.00831083195016828,0.811157867977851,0.0688379765966208,0.509457666296412,0.00536473847372004
402,50.5,29.011491975882,0.675146757597871,0.0536421715063349,0.503463212773386,0.00386789141411838,0.652491825086029,0.0404030915898938,0.515100104349459,0.0129432226952832,0.818359113871353,0.0730136256233831,0.519956739726716,0.0138561461990774,0.638646529932591,0.0420989680014719,0.506225399820391,0.00394383758560594,0.682383318284209,0.0506242089787448,0.511303635909909,0.00660732191769962,0.811116355087702,0.068907074938216,0.50954858715607,0.00537419112483063
403,50.5,29.011491975882,0.674499082236306,0.0560330594704289,0.502292724690948,0.00262621930847115,0.651480386070265,0.0411538465591109,0.51598709776841,0.0136250549841381,0.817069150226763,0.074052358798447,0.521141271170221,0.0154377503079472,0.637290851739057,0.0428002399180462,0.50636393578982,0.00447844675690559,0.681392951836499,0.0503063952034144,0.513572098628495,0.00818205540437545,0.809188634330751,0.0695107785506019,0.509144386041726,0.00493920873987329
404,50.5,29.011491975882,0.672222780930583,0.057529164068038,0.50243088697394,0.00304809819872168,0.650352685723069,0.0420202069211042,0.514871757961842,0.0131242187511359,0.817231085245632,0.0765267081401222,0.520184047662439,0.0142531750722028,0.636966619399938,0.043979981598268,0.505751133682946,0.00359384568676507,0.680716321790349,0.0509885325434422,0.511717564817188,0.00690282081968014,0.809530623785195,0.0711075991245593,0.509066679014252,0.00518003007684116
405,50.5,29.011491975882,0.670314340611121,0.0590748058784913,0.502553913819125,0.00284666534112359,0.64988252362149,0.0427594677258026,0.514545365461724,0.0120433954775053,0.817939263822318,0.0805205428648504,0.519273775114709,0.0131583071821486,0.634988173627964,0.0451309790220895,0.505852992872013,0.00366579743075213,0.680777655737135,0.0512643886244485,0.513261475643513,0.00795750272790586,0.808636487502241,0.0736960416418221,0.508820270161904,0.00472300760169554
406,50.5,29.011491975882,0.669077296459698,0.0602748829795762,0.502711729567192,0.00308450867421079,0.64963962920872,0.04309784221923,0.515221399409116,0.0123784291673209,0.818297222922127,0.0807333628083545,0.519474944238409,0.0132289088593868,0.633465732577625,0.0458947768209704,0.506611721233162,0.00502854695514836,0.680396398991491,0.0512591238664581,0.512305372497802,0.00759581503436488,0.809462675896583,0.0750895592712999,0.509051031286885,0.00487601783202653
407,50.5,29.011491975882,0.66795403706665,0.060695948005255,0.503090339622107,0.00383825459840183,0.649908227675162,0.042586079085283,0.515768644431997,0.013399670307025,0.816907650786021,0.0780636480516035,0.519165264170864,0.0127615030515527,0.632567563132721,0.0473529024204092,0.506518934549723,0.0049764028502609,0.680176946443222,0.0507565604084668,0.511990684912908,0.00735849715156744,0.812536801174979,0.0735571968429282,0.509385224043806,0.00483697952321137
408,50.5,29.011491975882,0.667387988775557,0.0610147270006036,0.502846900846126,0.00371301916868077,0.649517243456975,0.0419267297685384,0.515925781088455,0.0138563495903353,0.819486434685988,0.0767355628044094,0.51945749358662,0.0133448165933692,0.632363028505319,0.0481280889510128,0.505970140250318,0.00521049634075589,0.68004482805067,0.0505148972952622,0.513209643326017,0.0095082031391731,0.812204924685388,0.0720763138856605,0.509000887683804,0.00531128611470971
409,50.5,29.011491975882,0.667535601047491,0.0614682259559247,0.502102971664986,0.00222803601602664,0.650134766204465,0.041845958320902,0.515774966638025,0.011696210669959,0.81685195229553,0.075878482813245,0.520245389441872,0.0131024586329658,0.63218792181199,0.0489782267153782,0.50613166577643,0.00416952434802658,0.680091268829104,0.0499862534733104,0.512336221977227,0.00692473573653701,0.812351481117898,0.072290940088124,0.509349566104884,0.00537221333972971
410,50.5,29.011491975882,0.665748824333789,0.0613682760776593,0.502951476919404,0.00346145299209709,0.650273296199984,0.0416587518525463,0.51839224323358,0.0156729614663812,0.813656889098705,0.0757374392763087,0.519198791105874,0.0115958479095792,0.63055384742978,0.0491237587881803,0.506188041650914,0.0042928760597687,0.680585044718229,0.0498380021043833,0.514201043129654,0.00920010208630873,0.810771495084094,0.0734550439820862,0.508995244125743,0.00545392297195928
411,50.5,29.011491975882,0.665811092081355,0.061650195868689,0.501828405517514,0.00109121506473465,0.650015387642789,0.0418663675967206,0.516753983049443,0.0140131089308675,0.812743407974655,0.0781013633028096,0.519301957568649,0.0120038996833372,0.630371514928114,0.0494727306398224,0.507118378235603,0.00550749916058993,0.680262501760999,0.049407002456141,0.511860747563247,0.00720961704695726,0.81201199940168,0.0761939340628294,0.509168692592562,0.00549024596004149
412,50.5,29.011491975882,0.665268396813352,0.0616051974651036,0.503131209447098,0.00351696678525432,0.648974689372854,0.0421611551641037,0.515871963481799,0.0138880184613539,0.811771049201058,0.0807169947720275,0.51901028010802,0.0113678799981309,0.631114342822409,0.0491788156841065,0.505562460353256,0.00357666164176484,0.680951322291662,0.0496222904208098,0.5128210560573,0.00761147502766607,0.812537862784688,0.0783780471621973,0.509277276000369,0.00601307710303293
413,50.5,29.011491975882,0.666501420656161,0.0609464059687258,0.502028286585136,0.00185322689888963,0.649545776462227,0.0430078074771009,0.515859676452081,0.0135030630191253,0.809899380852113,0.0822764391678232,0.521436490404191,0.0139105270474852,0.632126589414584,0.0486042767248214,0.506209935531714,0.00398226477246378,0.679972910306278,0.0498164762905683,0.512587369051829,0.00806361941494317,0.811945264801812,0.0802189401426933,0.510773399277004,0.00809435803287788
414,50.5,29.011491975882,0.666157634214321,0.05951302109264,0.503187145488037,0.00382852849561881,0.649062188329223,0.0431738533332544,0.515235922643084,0.0143994960459094,0.809714250854271,0.083365386785138,0.519318331994961,0.0110482850315885,0.632447162825817,0.0478643273438986,0.507211361923319,0.00591975101667558,0.68031951426426,0.0499597613829938,0.514092106085121,0.0100344735565622,0.809510542272237,0.0806323440033662,0.509543545006454,0.00627224310885964
415,50.5,29.011491975882,0.667737137775967,0.0589089926439272,0.502337958595195,0.00209120461530776,0.649713320791931,0.0430230567354816,0.515846513471062,0.0153851484717695,0.807360629223408,0.0847850385143557,0.519323953520299,0.0115324772083999,0.633246871401075,0.0468007779191535,0.506468507308861,0.00390949859802474,0.68045178173229,0.0511169808908712,0.514672355663476,0.0122062784629375,0.809477268058819,0.0834391730179251,0.510259992085295,0.00773827698368892
416,50.5,29.011491975882,0.668632452162867,0.0576678027165471,0.502704769729148,0.00272766639104994,0.649945152575839,0.0430717332756077,0.514144100268269,0.0150900208019918,0.805622499091007,0.0857148990246863,0.519511950896154,0.0120005677360574,0.634806240333397,0.0460373079416881,0.505872816773914,0.00486400438796698,0.680491075224928,0.0527718989531363,0.513607493891364,0.00947275979361507,0.809316404136437,0.0840725886112173,0.511198342064785,0.00838808256257466
417,50.5,29.011491975882,0.669454018094064,0.0561081918946249,0.503111298645865,0.00318633428427605,0.650626039194936,0.043419584161478,0.514567511823397,0.0148333121142388,0.801236013019542,0.0881010620293595,0.519800244756939,0.0136374800692845,0.635241876127622,0.0443843124942747,0.505285905114724,0.00368679703642593,0.682229855959435,0.0533475163831488,0.515623780030811,0.0142928179217033,0.807525614960283,0.0868993516855266,0.511265126285258,0.00717176112675646
418,50.5,29.011491975882,0.668438003167723,0.0546470314062982,0.503360140576153,0.00369759868884655,0.651230931968142,0.0435360909921283,0.516520070806833,0.017263513565045,0.802865240444224,0.0907122409914039,0.520197002824274,0.0121411548199769,0.634806498548955,0.0434866219358061,0.505621634862083,0.00381742178348165,0.682157089838977,0.0534101501104345,0.513902713329449,0.00964520426669554,0.808243770505271,0.0898539163498647,0.511374617612572,0.0071427132434468
419,50.5,29.011491975882,0.66720478618108,0.053675643506116,0.503480894860773,0.00446953483569361,0.65178001535723,0.0435618002864017,0.516753097903078,0.0154233033942244,0.803815724691794,0.0954894974071259,0.519825097079624,0.0098707283226778,0.633937726965208,0.0431447858235505,0.506589159722642,0.00455473761656415,0.681757495990837,0.0535529857827191,0.512143080399173,0.00833766863615044,0.808960950453902,0.0944191817284556,0.511089959690238,0.00656786254621297
420,50.5,29.011491975882,0.666572608471512,0.053587096236434,0.502870058532709,0.00367024644856027,0.652204877412815,0.0436976208933472,0.516080414368347,0.0145533794784634,0.805128544902099,0.0972102775910779,0.520020772737524,0.010305273750168,0.633454655319903,0.0426258362679801,0.505289526257725,0.00399595400132,0.682298118514845,0.0542735641656198,0.512085606988844,0.00868389292549043,0.807759034213266,0.0971326852684194,0.51207133869118,0.00831596900492247
421,50.5,29.011491975882,0.666303239674344,0.0541078266568021,0.502293665487644,0.00207830892224061,0.652594757262892,0.044708581738838,0.51609123939591,0.0135905552086036,0.80376774863086,0.0973495468090718,0.520060367283194,0.0115669257788337,0.632414682131499,0.0417758286177111,0.506905243526501,0.00515643452164992,0.681347443413616,0.0552063530977743,0.511085810251257,0.00753004064834024,0.807001692865057,0.098787568469025,0.511992881123004,0.00773626093556016
422,50.5,29.011491975882,0.666181142616454,0.0540009920379489,0.502671497230632,0.00281650485997095,0.65258671640257,0.0462345903498361,0.514988661410428,0.0127756171886471,0.804726208931641,0.096770635021488,0.519288088545258,0.0108162901155332,0.633030183103232,0.0420606380388808,0.505534734976368,0.0033082208168392,0.682244227307271,0.0567433957024762,0.5117713728839,0.00790788299593942,0.809738455568833,0.0994836063895814,0.510951461078097,0.00680379289393028
423,50.5,29.011491975882,0.66635744175456,0.054728562016817,0.502377571396889,0.00210205171306321,0.651735852536526,0.0480027366969337,0.514176851588597,0.0119335976427402,0.804556666913377,0.0962474155856161,0.520490562220128,0.0137739257332941,0.631896705810308,0.042815738715112,0.506689169438909,0.00542338463722349,0.681760156736586,0.0588522087500746,0.512922012250928,0.00867880593535545,0.808397155387428,0.100097934123485,0.510774113017024,0.00728237223920524
424,50.5,29.011491975882,0.665876493622804,0.0546544480914122,0.502870278614248,0.00340398122009456,0.650990106232846,0.0496331993629317,0.514384330844732,0.0115310375644872,0.805805422177069,0.0973996853700577,0.517957120440322,0.0108656089429197,0.631665534652849,0.0427537643103089,0.506970851047075,0.00487739297148123,0.681364480288094,0.0607935331402618,0.51487521279958,0.0117771696064174,0.805727623912619,0.0994294650045442,0.510221536751808,0.00760884147363287
425,50.5,29.011491975882,0.667293939413998,0.0536196129216061,0.502239406813625,0.00219357632437284,0.650826345660069,0.0507577642253644,0.514154323324131,0.0111044400129549,0.801584357855068,0.0970716061322973,0.520413414831301,0.0122667200572914,0.633330674171324,0.0417289401100429,0.506004517187142,0.00408876931661758,0.681252855863682,0.0627352075341131,0.51381059880465,0.00876078456032309,0.804216261957535,0.100280576247323,0.511225253582703,0.00816944817174207
426,50.5,29.011491975882,0.667002986383232,0.0518126885599713,0.502885359065183,0.00334066784787125,0.651544099890066,0.0508331044443801,0.514398788347523,0.01046901462132,0.801789326853493,0.0984125715985357,0.517673011273856,0.00964199238952797,0.634194565880485,0.0403768208875164,0.505555813256043,0.00360144416959878,0.681678716238682,0.0623998476420758,0.512164003204753,0.00704876259977467,0.803577383436376,0.101540160098421,0.510489079744654,0.00745894500090767
427,50.5,29.011491975882,0.667898777392414,0.0498779533478136,0.502299523436456,0.00208077019135185,0.651765528453635,0.050325036812555,0.513677832392999,0.0103172829363111,0.802202592997359,0.0964772861381188,0.519212250973269,0.0105912411599495,0.63331705196412,0.0390062957930957,0.507186038738994,0.00579373270167466,0.681685893224762,0.0623112154233181,0.513170891804753,0.00893318146585049,0.801828170468627,0.100349211480803,0.510024647204443,0.00656284626052069
428,50.5,29.011491975882,0.669078902216568,0.0472818815234024,0.502380623290502,0.00214330012736469,0.652127522186141,0.0488331069547907,0.513235001660365,0.0101483204420505,0.803295270725968,0.0941387572472709,0.518524903142318,0.0100340201830527,0.633950771312764,0.0377750052661581,0.50744693405211,0.00575006886083068,0.680655177035544,0.0604527229205163,0.512855378868734,0.0075716865448696,0.803344917117217,0.0980982323915772,0.510478839918887,0.00744843120228997
429,50.5,29.011491975882,0.67011637250064,0.0464856422941155,0.502104113967157,0.00201715183315114,0.652618550969385,0.0472768430336647,0.513342515527097,0.00974284604790095,0.803991874579626,0.090177313748859,0.520334543286096,0.012577072773524,0.634537947499194,0.0374947166034632,0.506659011198497,0.00529999618978991,0.681587007048703,0.0587319232487681,0.512821394180292,0.00790273189408868,0.80523287035372,0.0949440645294968,0.512174555505975,0.00796434557443232
430,50.5,29.011491975882,0.670179609475645,0.0456239622169616,0.502155202249521,0.00230317978726425,0.653954850983717,0.0453087639851457,0.511935968307555,0.00930357803611451,0.807688464552431,0.0878416092612491,0.519082454498385,0.0099797960691497,0.634853034433493,0.0371915324784342,0.505938566622705,0.0040083429717917,0.682342713204273,0.0566677953589419,0.515123485741729,0.0102360152093415,0.805923131406356,0.0910106956599165,0.512571857234682,0.00789808550934419
431,50.5,29.011491975882,0.670668796389711,0.0445546815802086,0.503311568174702,0.004357858698167,0.653933188588244,0.0431551811971047,0.510532375440938,0.00919893863678029,0.808360318578576,0.0843129920061072,0.519309479822087,0.00906256550945244,0.635760041395139,0.0367720559780137,0.505545560108453,0.00418108736135727,0.682511324082851,0.0538820092420198,0.51340918827758,0.00727865748088506,0.807630103052643,0.0877632259405778,0.512412633642982,0.00750009897775846
432,50.5,29.011491975882,0.670711429304561,0.044227261764797,0.502911035321035,0.00368209173845483,0.654264082860697,0.0416113715699496,0.513277012662407,0.0112604950999861,0.808123466584082,0.0802271370374488,0.521350548471655,0.0139217925934626,0.636023209205599,0.0356665156029837,0.505824160837751,0.00473394236568321,0.68303700561781,0.0513442907887834,0.515050479591628,0.010422639461273,0.807906039645135,0.085349118398504,0.511907450352759,0.00711340209146558
433,50.5,29.011491975882,0.67087611957572,0.0445603717786093,0.502353931534354,0.00264110469438296,0.65402323994906,0.040236203672992,0.512213370915579,0.0116883002319114,0.81216763712249,0.0787836919050401,0.52028529327573,0.0105899499091325,0.636356192943441,0.0354223683474061,0.505787700523468,0.00413760611293644,0.682919133420333,0.0492247870040429,0.514419768656062,0.00877728493827248,0.807960395829812,0.0807853177918807,0.511765991241236,0.00706654770068999
434,50.5,29.011491975882,0.670856483597341,0.0455354003934512,0.501664890779353,0.00118429457380044,0.653989942778972,0.0390863482496997,0.512519962135871,0.0125490361186328,0.813789532021278,0.076296841627618,0.520685378943973,0.0115755113299616,0.636619664857189,0.0359355225578099,0.506346124456603,0.00393368125117125,0.683596984360113,0.049048920758717,0.51299500527316,0.00745263810952163,0.808941018697503,0.0774105963908829,0.511598237807782,0.00815815577202246
435,50.5,29.011491975882,0.670377204972482,0.0477773707484587,0.502126474795715,0.00336196414634874,0.653456407496356,0.039250054259808,0.51200678700444,0.0121959238896327,0.813269542431314,0.0759805964357231,0.521406358459806,0.0125606581848428,0.636233091759942,0.0381553808167571,0.507692857003126,0.00507246008138925,0.683418637032311,0.048642408083881,0.511829264054791,0.0073320041231148,0.811325164407523,0.0752290448656308,0.511439869872618,0.0070553465926409
436,50.5,29.011491975882,0.669756299839893,0.0502668275475985,0.502631370759196,0.00290081727378925,0.653270379367836,0.0384827698514351,0.51214163395919,0.0122001562419945,0.813225284736944,0.0755928709006005,0.519607685303182,0.0118761219222875,0.636155689756148,0.0403647019784572,0.506460891753857,0.00418466850347865,0.684982851897548,0.0491193136129079,0.512676278650637,0.0082793970508082,0.812578643869975,0.0717468312680117,0.511321110431394,0.00704645536181038
437,50.5,29.011491975882,0.669598769914037,0.0528151743460546,0.502573017213973,0.00285295549790132,0.653108302111242,0.0373978213059874,0.510075722578512,0.0110258546081941,0.814877871318797,0.076173784969079,0.520557317085461,0.0153895357858898,0.634361342341232,0.0421325483424679,0.507646044843047,0.00558197765725053,0.685315155174228,0.0476668948303276,0.513772794410479,0.0105752371373153,0.813072330257559,0.070736345284797,0.511715272429249,0.00697411847610757
438,50.5,29.011491975882,0.667691764051379,0.0563773954316401,0.502538807674029,0.00295048119753462,0.653053618705365,0.0375268051996832,0.510134328071828,0.0105566783004411,0.818286902095849,0.0735221656366815,0.519080247241162,0.0142359216131125,0.633192225511659,0.04474211779197,0.507958314242594,0.00550760483436269,0.685006887762846,0.0478377227270261,0.512648227201568,0.0091313255988481,0.814495020669178,0.0688442078941547,0.512171965015192,0.00744081502639076
439,50.5,29.011491975882,0.667252727533198,0.0598716276538341,0.502730184753743,0.00303273398785987,0.652594711253002,0.0382639694946144,0.510135002016478,0.0106645102571509,0.816119511250534,0.0726709307942144,0.521608576764119,0.0172413271976952,0.632637716529276,0.0473923974966113,0.505826237881324,0.00353087982348067,0.686026974106581,0.0472457104386419,0.513814791810312,0.0107228908929292,0.814366611113841,0.0673253084640129,0.511937882713603,0.00687299856339458
440,50.5,29.011491975882,0.666149854994976,0.0617013426168075,0.503287947922625,0.00357174611839422,0.652143799239492,0.0390239273940634,0.509702134828963,0.0109983190247644,0.821353423332445,0.0712505473613978,0.520043033421352,0.0157642936519096,0.63181466464552,0.0485655264837004,0.505944234943108,0.00415498369894987,0.686477680973273,0.0472954713861807,0.515503358798558,0.012280112864534,0.812467785061422,0.067628735650452,0.511361252230112,0.00614849044972049
441,50.5,29.011491975882,0.666867811044534,0.062403510467331,0.501917798363434,0.0021448957296831,0.652594834583021,0.0393683920092357,0.512419702466946,0.0133682422214106,0.821954232370349,0.0691272213626476,0.521106273369627,0.0157264291654388,0.631490383395046,0.0484079342438756,0.506409560304588,0.0039356962595685,0.686550436569511,0.0468337910106542,0.514349880978171,0.0106210604417018,0.813669725962887,0.0661816276477293,0.51130145828985,0.00626652503830242
442,50.5,29.011491975882,0.666164026599488,0.0622159192089435,0.503348457784071,0.00362185042969399,0.652030967716732,0.0395377792758098,0.511262041654174,0.0120994066883989,0.825013873591651,0.0700402446307851,0.519017566619802,0.0144950511980616,0.631859320923839,0.0486339252450637,0.506480941100875,0.00373382923862958,0.686316833485422,0.0463415494841951,0.512624706556779,0.00940662535382813,0.813935499733931,0.0670205218026542,0.511364510065889,0.00612502898806616
443,50.5,29.011491975882,0.667108706303733,0.062194703357137,0.502337440515371,0.00246025109186075,0.652493600476059,0.0404082743301594,0.511531271311706,0.0142043918077033,0.820818295794468,0.0732996559485764,0.522028235706796,0.0153503007249703,0.632153994792677,0.048193615951276,0.50669480699421,0.00435551685342789,0.68598843920096,0.0469154638256565,0.512994183300829,0.010562585775507,0.810920514096144,0.0698070520723778,0.511898073792464,0.00677398810033968
444,50.5,29.011491975882,0.668059829264294,0.060781591636981,0.502873472430968,0.0033205684473313,0.651834331399078,0.0408822470792685,0.511459683826455,0.013461782359015,0.821010592062503,0.0757509790013772,0.520300137639952,0.0140364236036758,0.632886511353357,0.0478931719168248,0.506535528389414,0.00369288908309111,0.685643258417434,0.0476229478656108,0.513551005004953,0.00992550980493971,0.810853437066835,0.0716262830463262,0.511261214295796,0.00657380829481057
445,50.5,29.011491975882,0.669878171579143,0.0594613589452311,0.503110379330766,0.00337351147189992,0.651116396413335,0.0402144093700516,0.51057113249248,0.0129153343075372,0.822043142460659,0.0781088036164783,0.52021494416715,0.013983724009425,0.633630345802276,0.047304961433304,0.506635191733406,0.00428788361080249,0.684913871645962,0.0477857504777244,0.5125285059945,0.00855509908096332,0.812389280749005,0.0728922586273462,0.51036299591871,0.00546598082982383
446,50.5,29.011491975882,0.67108572462845,0.0579533712654863,0.503052683637488,0.00344295856156519,0.651487593968374,0.039856645255212,0.51137435329832,0.0123137253312165,0.819605661249057,0.080251883975127,0.521056520404873,0.0149854717501314,0.634301674716439,0.0466147048173146,0.507304536758118,0.00424271001589672,0.684340054738747,0.0480462418140996,0.512783731068118,0.0104204105564177,0.809704595414917,0.075559939776847,0.510786211795762,0.0060744590704176
447,50.5,29.011491975882,0.671825509231779,0.0559880111369783,0.502639123027228,0.00292547160441625,0.652260719662883,0.0403078797177068,0.5123323799433,0.0129381030616506,0.819901362472283,0.0828944326257468,0.5212582546766,0.0144375817609326,0.634700049255803,0.0449209826487103,0.507409913642781,0.00499142277765592,0.684537447682861,0.0478618917813106,0.513626133666168,0.00909289702817653,0.806324637254112,0.0765297176867137,0.511319780093661,0.00606007968556865
448,50.5,29.011491975882,0.672366956586342,0.0539518754751451,0.502837277127924,0.00334569978339104,0.65161063070392,0.0399821257060309,0.513004547744843,0.0122483450824726,0.816892941356849,0.0873839670193725,0.524019551645415,0.0183249606749087,0.635429072108712,0.0423509054021012,0.507659153961036,0.00549386626736829,0.684562553350401,0.047541524322327,0.513940995856144,0.010203451062959,0.80726438715497,0.0784848852003548,0.510627448934007,0.0056139545134103
449,50.5,29.011491975882,0.672639527447564,0.0521038241732029,0.502569622357209,0.00260077636027907,0.651371813543041,0.0395229602795216,0.512662270988605,0.0121103957696107,0.818132505955584,0.088695987738997,0.520746213852937,0.0126058057132342,0.636249266150473,0.0406336466431839,0.506283132806852,0.00340811178628294,0.68529902298007,0.0477042365680049,0.514173945632425,0.00864299480798097,0.805046864709501,0.0818140420108966,0.510959095447169,0.00591354172747364
450,50.5,29.011491975882,0.673739608381548,0.0500142936498729,0.502400449964955,0.00235465121697795,0.651083512287349,0.0388521266641421,0.513087614350875,0.0117940984429447,0.815483036193945,0.0923513367990983,0.519781737139132,0.0118615565145238,0.63738917321626,0.0390611234994121,0.506131751473793,0.00352377284801498,0.685189865485134,0.0464011013220346,0.512806344383485,0.00900522035324867,0.80204402455033,0.0863049156225565,0.51055079704921,0.00552855633285683
451,50.5,29.011491975882,0.675016333373794,0.0481499387799298,0.502302629322587,0.00215871621902117,0.650736708042737,0.0373712419902056,0.513300301383112,0.0109447467006152,0.813391583068764,0.097486914489041,0.519152124487969,0.0106676096089253,0.63683882852277,0.0378498734114036,0.507557564588178,0.0052227676499478,0.684302177464182,0.0458857442155485,0.512439207668813,0.00790308123623716,0.799262675784866,0.0916349722119263,0.510030955169996,0.00520069851097167
452,50.5,29.011491975882,0.676705036858301,0.0459963545247218,0.502700505701776,0.002890310436016,0.64937737604805,0.0363090021538547,0.512587739399602,0.0102406371162524,0.811381868455313,0.102502578093043,0.519191866886821,0.0107951215667405,0.637963104265706,0.0363185005853297,0.506523514344019,0.00391553416817316,0.68376442849522,0.0460227955267867,0.512059684814348,0.00862923942892076,0.798045842926426,0.0963284253674694,0.511024070086815,0.0066475018124696
453,50.5,29.011491975882,0.67793578805453,0.0444117637165858,0.502186805628826,0.00204928641230175,0.648773185886858,0.0367610966409113,0.512037172287549,0.0101064276435942,0.80904985281926,0.106348410496133,0.518943172002036,0.0107719796946671,0.638314935777686,0.035139949059358,0.507188961735601,0.00597126732431433,0.683548513068742,0.0467943031977611,0.511411138671559,0.0086849126139797,0.796633409226464,0.0997108411612284,0.510158206224396,0.0051329838969795
454,50.5,29.011491975882,0.678310017146533,0.041889277959369,0.5029872451996,0.00366566002569286,0.648432446819491,0.0374712222571158,0.512432252326646,0.00983962308923422,0.805042623659356,0.111420686754846,0.518581296387318,0.00946196469841176,0.638175023454831,0.0337521116954445,0.50690042090037,0.00546420012734149,0.684209332399383,0.0475953235702281,0.514058536626887,0.0116642610422554,0.792530173241136,0.103318690337843,0.510595946357374,0.00566889087349444
455,50.5,29.011491975882,0.679338909799702,0.0394575862651812,0.501903960940233,0.001759071775921,0.648773406757233,0.0369957287038621,0.513611593905875,0.0124725182479898,0.800227796865408,0.114066194595093,0.520000370521259,0.0121870890739978,0.639660197296312,0.0323058395469,0.506203817234572,0.00400097117196608,0.683556540641441,0.047324741062081,0.512042277220941,0.00878094078748599,0.794529888961688,0.109779974164784,0.510459687219737,0.00594157949925272
456,50.5,29.011491975882,0.679238366401856,0.0383487651739412,0.502249022094112,0.00241574998259779,0.6480685235349,0.0373227349665052,0.510925093819175,0.0104242958438192,0.80112269725516,0.118581252912278,0.520704044684973,0.0136989372488569,0.638902532713359,0.0311799873807046,0.506882077837006,0.00472971075507751,0.683268302234633,0.0469345775041272,0.513272872987805,0.00978575752075035,0.792647921972698,0.113219925972943,0.509986255539125,0.00569059945455184
457,50.5,29.011491975882,0.678548081841507,0.0374865236833112,0.502962077309475,0.00315193438070853,0.647863860382403,0.0377607481697024,0.510833629657644,0.010122183796312,0.804446934889587,0.123348528199945,0.518164657165774,0.0091654458449863,0.638721851121728,0.0299818838229206,0.507428658613689,0.00548413956136011,0.682895640478376,0.04675745155963,0.512245260399197,0.00717180192408934,0.79436178874397,0.118090290592434,0.51062150327584,0.00585583357611763
458,50.5,29.011491975882,0.678761778462921,0.0378212485514226,0.50241436784845,0.00241496982268128,0.64828177571235,0.0374495556667871,0.510774568296774,0.0110758627072776,0.805284032222053,0.126545796677665,0.518504621373721,0.00900499466455006,0.63892649012597,0.0300487518579768,0.506708446966238,0.00518546508578571,0.683868185011624,0.0464282553029462,0.51353539272854,0.00940503095961679,0.791999622648942,0.119979117121876,0.511028636833876,0.00679699312365259
459,50.5,29.011491975882,0.677880697324862,0.0396260331885526,0.503179210208423,0.0043966231442602,0.648385926700497,0.0373009943083824,0.511691243121968,0.0105836382322109,0.80491473214998,0.127920576781425,0.518318105690159,0.0086720314821815,0.638914295881474,0.0314132975945431,0.505809318779469,0.00454216111528043,0.685139091114312,0.0463664751294323,0.513349854426535,0.00929616003767998,0.793102824984758,0.121762647180924,0.510712025762509,0.00663005647981167
460,50.5,29.011491975882,0.67701547845302,0.0414040485956742,0.502786096888856,0.00306354612075054,0.64856566152254,0.0376499757558097,0.511235892239657,0.0107614533665053,0.804302874259513,0.128777864961027,0.517991202238994,0.00929924821610688,0.637938249741875,0.0324424603236626,0.505424142136808,0.00374352800154168,0.685590447532326,0.0465851022747791,0.513989444112275,0.0108225751062513,0.793354500721008,0.120378462341921,0.510543845351266,0.00646737616049834
461,50.5,29.011491975882,0.677313155688787,0.0420701249356636,0.502303103500683,0.00255648132128858,0.649001709085105,0.0379031952287774,0.512593680578484,0.0117596065928565,0.802558847978413,0.127020226166491,0.517168652317812,0.00869715922284664,0.638182963697994,0.0335164936283878,0.505530161184919,0.00380835023975414,0.685341055331499,0.0461989701082556,0.511898738074,0.00862824576449822,0.792547108518294,0.12036091658999,0.510550251610743,0.00567797988030274
462,50.5,29.011491975882,0.676797810146277,0.0419813042625828,0.50296629393263,0.00351894168042552,0.649060065107698,0.0385235792158357,0.513254023236747,0.0122203833946739,0.799404920532924,0.124570008243427,0.518810701895478,0.0124575385841493,0.637491527542022,0.0342552985454971,0.505126562305143,0.00306415345050153,0.686962602129016,0.0469044536440981,0.513953827356839,0.0113342798501253,0.789885692510793,0.119144832456774,0.510558013602993,0.00586504041436343
463,50.5,29.011491975882,0.677588987620665,0.041308376841162,0.502932716187387,0.00344633986287158,0.649221642395951,0.0389194531458417,0.513457459839507,0.0126246323198591,0.797276326071778,0.12836728300704,0.519583557581302,0.0116485212752607,0.637544493864003,0.0332403522541605,0.506007845082772,0.00412821390155966,0.686532479496111,0.047952387931186,0.513134651517155,0.0101386155821926,0.789543658829314,0.117932370112523,0.510089582246518,0.00577026095192763
464,50.5,29.011491975882,0.677739826237141,0.0395971520002509,0.503027851154714,0.00362940888940003,0.649682458395552,0.0400985415397992,0.514274514691364,0.0157010744214807,0.796468841570055,0.124292482409831,0.518279814904518,0.0103495041692293,0.638100604309572,0.0324599873804645,0.505767402975668,0.00438424891138525,0.686368465190779,0.0497246553712272,0.514099144945025,0.0116025384016286,0.787907835766302,0.117235179130932,0.510847245808632,0.00673021295668788
465,50.5,29.011491975882,0.678702877781565,0.038007567974117,0.502776706706353,0.00320196998583939,0.649850308381667,0.0410586005791511,0.514867163953704,0.0149070609933509,0.798077092658382,0.124178055634041,0.519394083374133,0.011329029527829,0.638315205914655,0.0313652949767689,0.507032960235471,0.00513385170658291,0.684680227600042,0.0512034972804261,0.512585111194105,0.00852011619007556,0.790703575744002,0.117666649042794,0.509989949263225,0.00537336494681053
466,50.5,29.011491975882,0.678546495702456,0.0372367276351376,0.502741131879755,0.00302111290140333,0.649888032567418,0.0412517178108157,0.515416813726567,0.0157906233856722,0.80043228939589,0.121163260395585,0.518228566078343,0.00924129235798477,0.637839826456337,0.0303148213274218,0.506726802215686,0.00520841219613227,0.685003306223033,0.0526867316576213,0.514310875697618,0.0108357363249039,0.790491125141605,0.116297156098896,0.510216256477642,0.00600434826353957
467,50.5,29.011491975882,0.678830754448254,0.0374426621769752,0.501880627342275,0.00147450244536436,0.649949974115923,0.0409731806908312,0.514865773589614,0.0143534826628913,0.801960048821374,0.117202793979049,0.520502177689533,0.0108099222743388,0.638457857221882,0.0300339065270852,0.506954116330866,0.00495723860548608,0.684689965893596,0.0513868078429264,0.511847704494865,0.00933047465085874,0.794062048378145,0.114411196774887,0.511028046080201,0.00685102097252559
468,50.5,29.011491975882,0.67827468541415,0.0377474845175,0.50252795777958,0.00295858151311968,0.650254851180466,0.0396869994148122,0.515083935862992,0.0162097733262619,0.803501048401924,0.113475929844825,0.518871931696644,0.00873691328002404,0.638620148200907,0.0302555098884481,0.506407268440297,0.00412629498208188,0.685652383695256,0.0500824551599177,0.512902839106235,0.010524727083831,0.796783453160971,0.111371192143408,0.510726686536802,0.00643838270558339
469,50.5,29.011491975882,0.677717555306331,0.0390752291964306,0.502968012953139,0.00355832158878401,0.650120351089165,0.0385189797375121,0.512920828399405,0.0130139796494555,0.805945858571771,0.110251798532466,0.5208994703136,0.0123918320181817,0.638116522500566,0.0301698754279307,0.506020117723323,0.0049749738149439,0.687544048653457,0.0484224398316192,0.512855275418447,0.0102996534937331,0.797455984321035,0.106838532926394,0.511107333430239,0.00701514093466775
470,50.5,29.011491975882,0.676837886995866,0.0415912854003455,0.502397860905512,0.00290581412507011,0.651414327007936,0.0374680211910491,0.513675635132963,0.0125929285513443,0.807370957221815,0.105500447208727,0.519331405624616,0.0107378420369811,0.636912476120857,0.0318384584785917,0.506703047685252,0.00593406084388724,0.68755122018359,0.0461633110683502,0.512987045348955,0.00947364463593643,0.798781871649856,0.102669099286936,0.511543545003814,0.00641029385049672
471,50.5,29.011491975882,0.674894023002486,0.0436876230505408,0.50264240788222,0.00350092053124428,0.651804294572875,0.0365527066769156,0.513861223359377,0.014013079228473,0.807557044888732,0.0994989422394604,0.52005264767317,0.0128565902309876,0.635255546805529,0.033637898723993,0.507072586832632,0.00639832086197445,0.687556827715953,0.0442636625787512,0.512699073028829,0.00871413162679221,0.801624120033785,0.096989520607053,0.511154057450298,0.0063450881690265
472,50.5,29.011491975882,0.673503978852017,0.0461268613699541,0.503386840347896,0.00416694024523356,0.652175434326442,0.0361489722862936,0.51412970886401,0.0135440798435801,0.8085216060559,0.0968161895517333,0.518958629157365,0.0111340422649742,0.634804486870702,0.035732379512463,0.505588499412878,0.00395277295290091,0.688644073441617,0.0437424513606254,0.512868797398332,0.0107771761354436,0.802899963562912,0.0921360031885139,0.511601134756563,0.00629445893261483
473,50.5,29.011491975882,0.672527948655919,0.0478464518949113,0.503187257798116,0.00369023201010519,0.653212187624276,0.0359234685909753,0.513836862142552,0.0151739103441951,0.809774453303012,0.0940922873849526,0.520352016506488,0.0127086999153807,0.633257378771401,0.0376383939014288,0.507045862329611,0.00535087031638244,0.688449775734022,0.0435966428914714,0.513384102070499,0.00976475594636409,0.800597504381854,0.0888610062243649,0.512015500999567,0.0068133920562438
474,50.5,29.011491975882,0.673126325639814,0.0497845724413699,0.502224555455031,0.00244892955989555,0.654077203395231,0.036822841440276,0.514374374670579,0.0143020036951061,0.808952789809598,0.0915804408673549,0.522066061468866,0.0148611049194624,0.632843518873145,0.0377132762050131,0.506837381749366,0.00532804984974058,0.688665522022791,0.0441256411020876,0.513520969520502,0.0105931809227456,0.803566155448487,0.0877926799372244,0.51080806737105,0.00552006501678894
475,50.5,29.011491975882,0.672916896658209,0.0500018427366489,0.503284186478814,0.00437894847453997,0.654393197263344,0.0373840879957658,0.513391701869174,0.0127071886910871,0.811822336192473,0.0904618403937964,0.520624879993057,0.0128117385657192,0.633163681982646,0.0384260050215043,0.505539635520746,0.00340374677058016,0.690203538189563,0.0444449050026154,0.513569656668744,0.0108251645982379,0.802747638837788,0.085394146190021,0.511833687821803,0.00657670122251318
476,50.5,29.011491975882,0.67304826464738,0.0488442153571878,0.503346782630347,0.00406068770484004,0.654858587121223,0.038119395843635,0.513156643892339,0.0139488291399758,0.813928567979426,0.0873660740678765,0.522544101062902,0.0146586349908032,0.633544341876642,0.0377464934955064,0.506077499177092,0.00410273702099125,0.691098154284366,0.0454585683825747,0.512238125364717,0.00916176274021413,0.805850111714061,0.0823722792129383,0.511027903536736,0.00612559447356932
477,50.5,29.011491975882,0.674139454990494,0.0472027136327466,0.502266098430688,0.00266468050673692,0.655651017789294,0.039077125065268,0.514560700384966,0.0141568084638419,0.815726795475366,0.0841932917057634,0.519840061582695,0.0116759866690428,0.633662584860125,0.0359206212668315,0.506671367581137,0.00465457787322753,0.690134977117798,0.0470791083046301,0.512773897887032,0.0104346846663518,0.80654755065557,0.0792032498219267,0.51088977973963,0.00569471900663648
478,50.5,29.011491975882,0.674274762956586,0.0449006001948229,0.502860590157587,0.00315062099438863,0.654670017389687,0.03948660717264,0.51466026241616,0.0141721400084912,0.815616613451518,0.0831562435888924,0.520688097941573,0.0135652012939992,0.63473916499826,0.0344473825437017,0.505899982973239,0.00395179462681436,0.68972010676898,0.0487895547998675,0.513040328173085,0.00937892763898104,0.806677644803111,0.0778644058336535,0.510474315582576,0.00595724455248455
479,50.5,29.011491975882,0.675209117576236,0.0421774269628083,0.503415412352587,0.00410242040877251,0.654337609242108,0.0408362165658377,0.515259634929151,0.0140606110645531,0.81291468834557,0.0835624557056112,0.518864607361577,0.0115623886337538,0.635854876438293,0.032487786553406,0.505779824001802,0.00352647524609646,0.688806719992323,0.050128231328039,0.512882704725544,0.0084510677150784,0.805552458563317,0.0770735170849487,0.509769619143593,0.00521597399061881
480,50.5,29.011491975882,0.677033634039637,0.0395753965697516,0.502597507551546,0.00269198212770223,0.653335030596773,0.0431114598534999,0.518320815137993,0.0155454385423171,0.806150069587379,0.0804240593519944,0.522702250164516,0.0161055389444991,0.635658672902362,0.0301780407430469,0.506006189806207,0.00380493391725773,0.686636683300466,0.0526132170721456,0.51525564837375,0.0109672969489028,0.80278862982042,0.0761654867263009,0.509362311488716,0.00470676612090479
481,50.5,29.011491975882,0.678102887371749,0.0367765261284315,0.503190189753109,0.00308133736247312,0.651486598084372,0.0455863430061829,0.514474740651733,0.0136950928870286,0.811261031427511,0.0828155948396656,0.520041652557955,0.0140700535690668,0.636799281751009,0.0285332519322756,0.505835012470998,0.00337745850008359,0.684936311777319,0.0555857930420356,0.514744949121465,0.0102519874381232,0.803842666900206,0.0758023208425603,0.509636384541673,0.00545874540216283
482,50.5,29.011491975882,0.678964581537116,0.035113353689932,0.50307998520233,0.00427393724112917,0.649968682215847,0.0474701352621208,0.514681049279737,0.0138299754801861,0.81126149535585,0.0813402201225732,0.51908833146913,0.0127995103462149,0.63773924740582,0.0274346247678339,0.50590038488422,0.00348936549253239,0.683054657907656,0.0571579943435846,0.512655510354723,0.00871762205781865,0.804709994546299,0.0770532404729719,0.508947843101646,0.0046787090607361
483,50.5,29.011491975882,0.678017495513352,0.0353362961894783,0.503749910603265,0.00466586182758947,0.648564658866235,0.0481716613111494,0.514014206326769,0.013209857618619,0.813204734293776,0.082263977992957,0.517553888023039,0.0103536362581872,0.637810573927875,0.0281862202747806,0.505723519540791,0.00381535651863852,0.68155255143189,0.058613335874813,0.512582896575357,0.00862364642902459,0.803752347629989,0.0783115709454535,0.509739700085306,0.00630126796155352
484,50.5,29.011491975882,0.678707859282068,0.0364657062540803,0.503511095055662,0.00404378650497401,0.647794789772629,0.0490924879549776,0.516149782823478,0.0142907611437141,0.811051951921077,0.087337315898993,0.517693822736495,0.011060536938421,0.638252092191516,0.0285522108090637,0.506388777696308,0.00406272977130503,0.680358011203047,0.0589893847991813,0.511877401586554,0.00764336990152188,0.80343174363425,0.084047564323712,0.508604396256376,0.0046147440962902
485,50.5,29.011491975882,0.6786373176092,0.0379426996414994,0.504047328871018,0.00477401185929193,0.647758414395676,0.0491719946120573,0.516309340285275,0.0136552359087028,0.81128515785924,0.0907789919556385,0.517114384243767,0.00915007322225684,0.638578537718805,0.0299674160545096,0.506697209684674,0.00430287678408593,0.679424891670753,0.0594832076427686,0.510464853811302,0.00630589350864617,0.802714059989672,0.0876187304234132,0.508934856074137,0.00525808763003379
486,50.5,29.011491975882,0.679735386144406,0.0393620420415264,0.502598682552187,0.00245405615869668,0.64884540124072,0.0487243211621808,0.516272208089435,0.0134089971540504,0.811290644227898,0.0937210630594108,0.518785549230839,0.0114082039351022,0.638652866247774,0.0305745887969841,0.50604432097347,0.0045208571672371,0.679779918897055,0.0596263814864161,0.510775633624112,0.00642127157132662,0.803226394365752,0.0914602403972497,0.509293014744303,0.00522926669613776
487,50.5,29.011491975882,0.680053367204072,0.0397136058599234,0.503195392392471,0.00382207093128057,0.648831099177419,0.0480183113693692,0.515677956268006,0.0134950586835011,0.814899109913594,0.0972130512130927,0.518128926989652,0.0119633649177832,0.638358132676151,0.0304029899942574,0.505427043847579,0.00359093336946042,0.680710206895077,0.0591467134621068,0.513186690441702,0.00897328925865298,0.801365484835929,0.0926115471855369,0.509617236873829,0.00524957521305365
488,50.5,29.011491975882,0.680631845362124,0.0387432312699868,0.502836615230437,0.00272412767718041,0.649754339379896,0.0478750616972335,0.516132204885294,0.0138820579576931,0.813273003741121,0.0982566699235403,0.518639486034644,0.0119489817068563,0.638657179954569,0.0295030690050255,0.506497037175885,0.00516032033126666,0.68035839522158,0.0568594339239305,0.512732499587534,0.00937724768850122,0.804332403380893,0.0934786183106128,0.509515293824,0.00557601237016912
489,50.5,29.011491975882,0.680785577798075,0.036576237095269,0.502989583490994,0.00284192238101804,0.649552860706647,0.0462565674927524,0.516399824897177,0.0132913404223746,0.81171400771086,0.0990446545189314,0.520730611115218,0.0129557815350295,0.639757425260046,0.0286821155195493,0.507272198664045,0.00588146470590116,0.68009731417855,0.0546372828749091,0.510516987725495,0.0065820847904805,0.806477723794713,0.0935643649500736,0.509388945503389,0.00529825120922674
490,50.5,29.011491975882,0.680782658852988,0.0348530607094941,0.50327373672044,0.00268058087336831,0.649539046479239,0.0443952523579211,0.515385627978937,0.0117930665999741,0.814320788653145,0.101723115008242,0.519418036026721,0.0108051964520075,0.640232378036355,0.027643336262878,0.505153457448088,0.0034487964823687,0.681677264811951,0.0534507026455597,0.512668563598779,0.00821980142005315,0.804358024391469,0.0939359780366094,0.509747146018499,0.00578156016735763
491,50.5,29.011491975882,0.680045847482082,0.0344336431308989,0.5035166687973,0.00436095964671224,0.649396465901923,0.0436462609714813,0.512903948986597,0.0116046268993356,0.809232899254483,0.10488870177418,0.521369066195104,0.0124348323507641,0.640018970239953,0.0280060329237994,0.505077584206794,0.00354726031920929,0.681689478638727,0.0524622826494518,0.511906154098624,0.00739446760488905,0.801990828658849,0.0972238418189779,0.509476888247104,0.00544235136437567
492,50.5,29.011491975882,0.679733827920535,0.0349216283715011,0.50309451790343,0.00309005823892218,0.649383731631299,0.0430556800263683,0.513924365991799,0.0135342179010715,0.803782382724224,0.108590520120414,0.523910638841321,0.0145649732648526,0.63931489728299,0.0292134762103224,0.50517248282491,0.00392289303871506,0.681465324650174,0.0517829921910868,0.512033720206296,0.00756852035576803,0.79772463865252,0.100803041976896,0.509518441336437,0.00552946979587121
493,50.5,29.011491975882,0.678498829050115,0.036742367598375,0.503068113213968,0.00341901071675331,0.649265085136626,0.0424912062768485,0.514353607393652,0.0128151463342421,0.802379059703557,0.112732920617138,0.520558652288258,0.0119376297399532,0.638220790102692,0.030216015964939,0.505694013815051,0.00393595226242479,0.680769726245961,0.0519086479717851,0.512089069189422,0.0109870268512877,0.794506414385927,0.10446992055287,0.509230589085996,0.00515681493202325
494,50.5,29.011491975882,0.677405173221704,0.0388195209380659,0.503071950258478,0.00309246421737691,0.648501485762365,0.0426891124063125,0.514531677663787,0.0131387710878216,0.801271277356396,0.11680365322213,0.520674297017869,0.0113729762178905,0.637505605983463,0.0323462996314676,0.505767765743101,0.00475389239902459,0.679890283872109,0.0528300269658527,0.512604879936496,0.00967297479945153,0.79075934416388,0.108407734830486,0.510389730599469,0.00596894087446224
495,50.5,29.011491975882,0.677540051787791,0.0415176033589322,0.502456319005289,0.00214071842423064,0.648181936105077,0.043558345915478,0.515753168330846,0.0131712595438573,0.79831899559793,0.120724474452165,0.520277393855671,0.012371863109726,0.636689368499432,0.0344909785411156,0.506694863304262,0.00559957413524202,0.679504554866425,0.0551285897967427,0.512620999157025,0.0111847514524304,0.791171537243331,0.11260275688215,0.509644916849541,0.00577160333410553
496,50.5,29.011491975882,0.676356248132254,0.0458365084288405,0.502887269207091,0.00311233226912103,0.64757637348428,0.0451731409243186,0.515174456018092,0.0124572572907511,0.797204915959051,0.122405170553564,0.519827772935813,0.0107372361136647,0.635982898037548,0.0373222634427529,0.506037771268042,0.00453708954307757,0.679999904889726,0.0577529954257164,0.513739895872001,0.0114889288529501,0.789548545612179,0.115535158111409,0.51008005069714,0.00575381205524793
497,50.5,29.011491975882,0.674333588797886,0.0488058297625808,0.502570597836474,0.00257806451139458,0.647214868096442,0.0466949700463967,0.515524779868505,0.0154924186632438,0.793346730838241,0.124081593802347,0.520557723290214,0.0137598927180517,0.635310966317276,0.0404240080306505,0.506208924603837,0.00385396590845806,0.679465843903418,0.0592554077807305,0.511808679577345,0.00824881450327678,0.79035970193983,0.117728189083809,0.510293309187227,0.00555189135726816
498,50.5,29.011491975882,0.672299897150085,0.0526290346562337,0.503545477792044,0.0035365411520834,0.646232305716886,0.047841884888946,0.513770729696064,0.0126545852086677,0.791692271374045,0.123203916853593,0.521595063140492,0.0125188335586331,0.632564955038876,0.0428979379077409,0.506925581985163,0.00490466312262407,0.679193793820872,0.0616036332138833,0.514292156665884,0.0112552457657727,0.787479476455815,0.116266159088573,0.510053164793943,0.00565465318119006
499,50.5,29.011491975882,0.671134925353104,0.0555670691976696,0.502407214806298,0.00213957544050252,0.646161853242383,0.049356251582287,0.515710395139956,0.0144021763630143,0.792431628734095,0.119189219450914,0.521111885679793,0.0140329096920856,0.632319140329976,0.0444192319215965,0.508564497756093,0.00621720972628969,0.677097070022761,0.0632367933004182,0.512099870492499,0.00917252907319706,0.789413927599194,0.113863352502651,0.510093945899966,0.00592127429553523

