"timestep","episode_mean","episode_sd","group0_trust_in_sp0_mean","group0_trust_in_sp0_sd","group0_trust_in_sp1_mean","group0_trust_in_sp1_sd","group0_trust_in_sp2_mean","group0_trust_in_sp2_sd","group1_trust_in_sp0_mean","group1_trust_in_sp0_sd","group1_trust_in_sp1_mean","group1_trust_in_sp1_sd","group1_trust_in_sp2_mean","group1_trust_in_sp2_sd","group2_trust_in_sp0_mean","group2_trust_in_sp0_sd","group2_trust_in_sp1_mean","group2_trust_in_sp1_sd","group2_trust_in_sp2_mean","group2_trust_in_sp2_sd","group3_trust_in_sp0_mean","group3_trust_in_sp0_sd","group3_trust_in_sp1_mean","group3_trust_in_sp1_sd","group3_trust_in_sp2_mean","group3_trust_in_sp2_sd"
0,50.5,29.011491975882,0.5,0,0.5,0,0.5,0,0.5,0,0.5,0,0.5,0,0.5,0,0.5,0,0.5,0,0.5,0,0.5,0,0.5,0
1,50.5,29.011491975882,0.589004903283851,0.00288140624576102,0.50040235042735,0.00113037558088138,0.575979588394062,0.00275329215752289,0.50052380952381,0.00227426519043166,0.661144841269841,0.00700916694359397,0.504089285714286,0.00676227513483431,0.567619998034472,0.00205357161035823,0.500894603105129,0.00153170909220372,0.594020649698281,0.0021818248206924,0.502413861655773,0.00417801973808524,0.658658632897603,0.00485541311822133,0.501388970588235,0.00261993694533276
2,50.5,29.011491975882,0.627120255921038,0.00528277153691839,0.500269932678735,0.000495339112354886,0.60771245067542,0.0151157501345629,0.501845340722496,0.00584016960815431,0.733039495705444,0.016974267287456,0.504788950991537,0.00720209819949287,0.595971647696623,0.0061250258922291,0.502348900275398,0.00319270414832184,0.632294190557035,0.0191274091361514,0.504679064596661,0.00686303055659539,0.727214580516115,0.0115705763871003,0.502242041898545,0.00330647541328783
3,50.5,29.011491975882,0.644698474714957,0.0157079844726103,0.501149097244263,0.00232447588090684,0.623130476401875,0.0224817567525269,0.502108452298169,0.00557522898457203,0.769356967270951,0.0339730163336271,0.504940335584877,0.00611078166082412,0.609308252949378,0.0131693440863366,0.503773831680027,0.00412334274569778,0.652848925062488,0.0290537476831998,0.505448301912114,0.0058396129974003,0.761608598453234,0.0310237741507589,0.502574872991216,0.00299511711357696
4,50.5,29.011491975882,0.653595148992131,0.0251949557301938,0.501972399512199,0.00292158690505537,0.630493885370524,0.0294842919289079,0.502084855544133,0.005518465069912,0.788438950909345,0.048742945997228,0.509933763938608,0.0119899456569526,0.617127739781757,0.0198200966622699,0.504960976024942,0.00416147629495289,0.662693681007653,0.0385238479041284,0.505213931224175,0.00550130455412132,0.783307682489186,0.0475716517720725,0.502556756107491,0.00310807387415916
5,50.5,29.011491975882,0.659196832614468,0.0337238319176109,0.501002739190312,0.00128452321472132,0.63642444764813,0.0366367727088894,0.5032204425796,0.00732031693247279,0.801982118450436,0.0611247710674951,0.510401316516107,0.0108783325179264,0.621552466402579,0.0261078319673913,0.503797808576722,0.00280717582602649,0.66882640648746,0.0467325778082471,0.508573325058994,0.00834067182256168,0.793692129103915,0.0582355486838806,0.503567493641796,0.00369933532708596
6,50.5,29.011491975882,0.661130725082164,0.0417691218597385,0.501596129788731,0.0021822080318059,0.639115525999728,0.0403393820573494,0.502703949356916,0.00566695689358794,0.808123824266574,0.0660225776178338,0.512620690991662,0.0135058524275068,0.623411750643734,0.0321557829826016,0.504374961932804,0.00305040881733033,0.672829169793655,0.0524713808910419,0.509820867914584,0.0102976712846401,0.801542650841745,0.0637175454540584,0.503939708901489,0.00507579772991476
7,50.5,29.011491975882,0.661167108610458,0.0486627572259886,0.501744117646337,0.00264810044205367,0.641494133773072,0.0439758291322812,0.504042669895822,0.00908008558606746,0.811696060590113,0.073439502336351,0.511170324677053,0.00977934216605178,0.624275150672886,0.0369374235967321,0.503970076711034,0.00358393988433822,0.675178215095153,0.0557874047312789,0.508552354691817,0.00832117307510436,0.804825486871933,0.0711287670919165,0.504887874974117,0.00596552544740486
8,50.5,29.011491975882,0.66236936666232,0.0534508376311343,0.502165922951696,0.00292687784291413,0.644119182961693,0.0461758626926808,0.504230449092375,0.00957249915194892,0.812074250864633,0.083185885044759,0.512923118481416,0.00996819552697853,0.623793568853578,0.0405847201493693,0.50558407841076,0.00456249158241499,0.676640557330066,0.0565875752802222,0.509054453602665,0.00900062127360448,0.806351062522598,0.0802452076131018,0.505014227902352,0.00579482158500488
9,50.5,29.011491975882,0.664305284485901,0.0564219759026355,0.501854736635372,0.00252066956122111,0.646843652966738,0.046040511916663,0.504942291578001,0.012580258650754,0.813132335192016,0.0914745426551211,0.51344323374499,0.0116568084790689,0.626579049102352,0.0437132667116092,0.504896658754451,0.00415364265398792,0.678884506069343,0.055263516743983,0.507300841380037,0.00562374225312013,0.807963091532176,0.0874732481324345,0.506728480241145,0.00815323329703181
10,50.5,29.011491975882,0.665513475681944,0.05844031870716,0.503314047384134,0.00428212895499319,0.646403593484704,0.044155038326075,0.504902074743487,0.0117339225212413,0.814829579842853,0.0965420255262891,0.514935883764407,0.0127473434009852,0.627603168666476,0.0455561373974709,0.505953294724037,0.00470316063575435,0.678908008049104,0.0535206436546047,0.507360600388719,0.00571439876063855,0.809463267092813,0.0909933706096887,0.507465616987907,0.00701406371539971
11,50.5,29.011491975882,0.666552303692961,0.0603165532334007,0.502924302587734,0.00378391366826293,0.646743896675428,0.0427343350315741,0.50506320698392,0.0080788833662111,0.816876435397277,0.101289664113544,0.517464410385819,0.0155026497728981,0.627646959898043,0.0463640095273714,0.507591453254594,0.00679360841218556,0.680010359958313,0.0527657868076795,0.508995583370617,0.00769285590368829,0.808808579916503,0.0964583002686102,0.507768859677901,0.00808927674103912
12,50.5,29.011491975882,0.668508013785208,0.0594740046544404,0.502611594555965,0.0032656901353407,0.645896202764206,0.04260225979399,0.507956704661075,0.0135004520075136,0.815344302577476,0.105360114136403,0.517733360231869,0.0159433050025576,0.628933646557596,0.0460070225409883,0.506577849910082,0.00591318193656497,0.681125827893061,0.0529395485635826,0.510596241807808,0.00857013687263826,0.808801147561579,0.0968211483600012,0.509883593434827,0.00811126511371133
13,50.5,29.011491975882,0.669105163667742,0.0575719899048263,0.502394199889066,0.00317679196069326,0.645797517586951,0.044321195061704,0.510687043192498,0.0144468224993843,0.817761072961873,0.105739279213464,0.51518243755288,0.012982259430466,0.628773931057652,0.0450182743265098,0.507670312275683,0.00765181188467889,0.680205883291911,0.0543371959564016,0.510911964484901,0.00864081311659221,0.810365349153582,0.0978704726494597,0.509004875988792,0.00754296746232675
14,50.5,29.011491975882,0.669268913873945,0.0562307245734587,0.502383935839715,0.00300873186799085,0.645815751283239,0.0456453006690399,0.510509430791281,0.0136507374610243,0.820016622704966,0.106214747662217,0.516889962001293,0.0148748368914675,0.629910791701116,0.044228794073414,0.505905499582276,0.00459001342502934,0.68102693863687,0.0566514690372123,0.510566026964742,0.00903350621848923,0.812623211819241,0.0976057141452175,0.509805273069659,0.00699950795581198
15,50.5,29.011491975882,0.668460932029856,0.0552801761281532,0.502127341567634,0.00237870158857659,0.645572698866187,0.047745023212212,0.510957206224744,0.0145106934688523,0.820354361591419,0.105064173339105,0.517109519708818,0.0137022069401366,0.629794638277676,0.0440962721556699,0.508795719639861,0.00844238396043012,0.678031628985231,0.0577839726993427,0.50998560186547,0.00914956037047952,0.812024931352486,0.0953208696961819,0.510662028161048,0.0069532540780651
16,50.5,29.011491975882,0.668582543991455,0.0552477944475317,0.501957432185968,0.00265500883008423,0.644319692669107,0.0492224279668743,0.511648862938457,0.0140944180468616,0.82034166550514,0.103638386571449,0.517421580234888,0.0141542953172983,0.630935056839081,0.0436221379245073,0.506205104913321,0.00374865393488397,0.678796151019233,0.0607350666925863,0.513332986440478,0.00913604909171353,0.811012419111002,0.0931073315731958,0.509605401954738,0.00611400005447391
17,50.5,29.011491975882,0.667917502837473,0.0550003371137205,0.502820580233087,0.00365070196467108,0.642700134094345,0.0507718668691206,0.511248177953921,0.0143235252002942,0.820348129787709,0.102346055880146,0.517635724816046,0.0140822861426125,0.631578617689897,0.0437902267811114,0.506827090873699,0.00523336024121821,0.676220058793972,0.0630010867642243,0.511441588281335,0.00885639794277131,0.809651284850942,0.0926780340716381,0.510547530577601,0.00703843888361955
18,50.5,29.011491975882,0.668107511341763,0.0550858308944639,0.501959446901593,0.00240672280819592,0.641892706372328,0.0530052116433756,0.513369191703083,0.0161677941365945,0.8172605063493,0.100675801619304,0.516714895569605,0.0121400476313715,0.631417577737509,0.0430821656068755,0.506714706735129,0.00504514550221402,0.674427782409137,0.0656488558053147,0.511762356264796,0.00811141126044849,0.809965676656274,0.0932574755150679,0.509150370592692,0.00559091696914582
19,50.5,29.011491975882,0.668574732780498,0.0545306363209104,0.502280939373664,0.00331011097456924,0.641085530646992,0.0548946665016835,0.513715588436094,0.0176198417618526,0.816042282290638,0.100406472865572,0.516577538616736,0.0105434218105687,0.631444853547505,0.0424103729667156,0.505729671175549,0.00468729346003276,0.676134918313566,0.0684895047611463,0.516006150404218,0.0110201758964752,0.805291915456882,0.0930578111842073,0.509635806689781,0.00661704342029895
20,50.5,29.011491975882,0.668377529147904,0.0542650548700784,0.50291229946896,0.00340775590315216,0.639794070708845,0.0559750215402691,0.512491994707921,0.0138266853396646,0.814448301991021,0.0998569009217556,0.519763887828865,0.0176169375470191,0.632734632561749,0.0419271651961154,0.506595720249793,0.00466119642429144,0.675598926915413,0.0694282257497758,0.514065561552349,0.0098437418400961,0.804612949028506,0.09267623109726,0.510118252486506,0.00729649210325946
21,50.5,29.011491975882,0.668781472623199,0.053231048633042,0.502076287128674,0.00220839273219021,0.6406432531186,0.0564277443634194,0.51494288420603,0.0177476300927483,0.814189806681413,0.100765936076961,0.516827996146577,0.0116665135195687,0.633368328444306,0.0408208814415455,0.506821030441341,0.00416320453000662,0.675858553957903,0.0699659274574754,0.512504641767463,0.00883757344927666,0.805347284687352,0.091768793620508,0.508713474157456,0.00512558260009143
22,50.5,29.011491975882,0.668798301018631,0.0520714354094611,0.502562994648581,0.00279910789091589,0.640624248567074,0.056315867703832,0.514213513058419,0.0168170827286107,0.81481687148126,0.0992617875013035,0.516308939788894,0.0105533132870544,0.63359317010113,0.0397287115113984,0.506456548770167,0.00415590447022233,0.676454331602066,0.0704704156455106,0.513485843487761,0.00956770216283775,0.80394925362552,0.0917956542421867,0.508655686747772,0.00556828713556287
23,50.5,29.011491975882,0.669758302494783,0.050848684617307,0.502331021977298,0.00297506697049362,0.640712280133854,0.0562212371760871,0.511077841569519,0.015435838709251,0.814511505691674,0.0988600595311995,0.518954086536224,0.0118861199375042,0.634531478005174,0.0387528474716347,0.507260013787802,0.00544875579208622,0.675678959241052,0.0705605056738478,0.511313674046976,0.00784952128750417,0.804649227864022,0.0923939861874065,0.508785600046149,0.00555346040409581
24,50.5,29.011491975882,0.669904292778523,0.0495823243818824,0.502426233545802,0.00272661816686159,0.641387008992415,0.0554588837408848,0.51296202103977,0.016047181857285,0.814033684214792,0.0996865609717544,0.518831197017938,0.0123555521447294,0.635019875710436,0.0374126136263742,0.506721948239778,0.00396787013564298,0.676116165227883,0.0709699142032145,0.512446088773905,0.0095641795586693,0.801984458082509,0.0931163353366336,0.50900522858453,0.00656894136643807
25,50.5,29.011491975882,0.670659773164472,0.0483001104156544,0.502695586043645,0.00348909710083926,0.64185369948216,0.0544594101734438,0.514306640395689,0.0164115148227871,0.810841906326178,0.100500809716994,0.519825222118339,0.0146634564968646,0.636760479395787,0.0374183527585916,0.50701488625476,0.00508599673340841,0.676615742817033,0.0701324578759162,0.511542853722018,0.00683624795745138,0.802411888362274,0.094832035707689,0.510165858322057,0.0079560841100439
26,50.5,29.011491975882,0.670122633246445,0.0475864015537216,0.502856002850374,0.00359074248343728,0.642303097110365,0.0534468802894323,0.515153488512995,0.0163106560687521,0.810309914607283,0.102967132967711,0.520698334144689,0.0136638033852868,0.637311395226735,0.0376591913745406,0.506195241007511,0.00368675278342004,0.678039149477423,0.0690251302865301,0.511076457085521,0.00701208709869903,0.803280255940955,0.095246886137985,0.509265558994965,0.00671086434496056
27,50.5,29.011491975882,0.670373421274882,0.0482753085411529,0.5015261205091,0.00133198685610512,0.644330513860535,0.0531966703667105,0.517109832927963,0.0158563152035939,0.807635700393932,0.103724662217736,0.52038398211775,0.01388371856811,0.637329188216856,0.0383800086224522,0.506145616203981,0.00376720114337414,0.679436670928877,0.0679415499561632,0.511717502273244,0.00740839064392301,0.803183596963491,0.094870622412727,0.509310027691438,0.00631219491564426
28,50.5,29.011491975882,0.670590041001211,0.0502073669347965,0.501526291294545,0.00128100080819841,0.645571815229414,0.0509325756438628,0.515816073539683,0.0151131339741485,0.805690413283053,0.102957390662042,0.519428437675207,0.012727317636441,0.637029430519942,0.040138300329738,0.505863181529526,0.00333635095076722,0.67976828115169,0.0653668013512155,0.511794009076829,0.00695163942036432,0.800844250718688,0.092494392684156,0.51142983642465,0.0104592570152796
29,50.5,29.011491975882,0.670265817193568,0.0513543219905411,0.502908105991671,0.00339939712753776,0.645968369614901,0.0482399175180703,0.513773586615846,0.0144396647269166,0.80221825756275,0.103319669872915,0.520653344337787,0.0147987046612106,0.636776959588346,0.041967432965378,0.506343645644735,0.00384075934148112,0.680885079433572,0.063245761217923,0.512252036681332,0.00810337405366477,0.801594524320664,0.0935131650742504,0.50898918183959,0.00619379649344158
30,50.5,29.011491975882,0.670601455597237,0.0529063415053028,0.50153155912133,0.00130302201787583,0.647968238311502,0.0468839927563949,0.515011140006211,0.0131935399842114,0.799748931561576,0.102789267482712,0.520519672894936,0.0119295543539661,0.63625956814577,0.0435087974786882,0.50642208391551,0.0046320803510802,0.681271954973169,0.0605034915229014,0.512824004484958,0.00801215504850426,0.798641801964907,0.0937792768094461,0.508684927231961,0.00586004294185603
31,50.5,29.011491975882,0.670809039560327,0.0537679636248685,0.501972243820471,0.00227576227274934,0.648584101353119,0.045305094662548,0.512853943319602,0.0126497206892717,0.798621704448121,0.103528491767573,0.519937551388372,0.0107445353002552,0.636113109420403,0.0450094509741258,0.505368715867619,0.00269292242206941,0.682817993195401,0.0586278029372331,0.51396684731966,0.00912403131171929,0.795339884579806,0.0960012907682945,0.509014030429541,0.00615509197503332
32,50.5,29.011491975882,0.669562595769518,0.0562237459052516,0.502795173298611,0.00339163175874058,0.648151418705371,0.0435714764527029,0.51057159282613,0.0113769380699442,0.793244786292876,0.103963539718352,0.521029878279199,0.0136900348073474,0.635500363475688,0.0462418488851112,0.506369283467099,0.00317653131686313,0.682772672333439,0.0561480935960732,0.512484986379489,0.00855664317920818,0.791850459807679,0.0973854496412069,0.509550401401365,0.00739655668852253
33,50.5,29.011491975882,0.668663029770152,0.0576671386844231,0.501765800840365,0.00193421082361308,0.649717084054345,0.0422813845117994,0.51361406287728,0.0134605192208625,0.793411413357086,0.106668552686143,0.518632138545323,0.00945036073395029,0.634286959178029,0.0478978963589455,0.507086523324911,0.00403518300588058,0.683384377246664,0.0551006520867212,0.511429494218523,0.00649005816831484,0.793424907169262,0.100899057299376,0.508487691596467,0.00572780586865458
34,50.5,29.011491975882,0.667659122879927,0.0595430477220273,0.502260119765284,0.00352055423531986,0.650374071740747,0.0416994765017564,0.512798367884054,0.0122449776655627,0.794250610137072,0.106937085902967,0.518130765638224,0.00909231722429175,0.634926664069194,0.0489461872172873,0.505794758177245,0.00332070578463353,0.685175576834377,0.0549384627746933,0.511217372997947,0.00726382113456719,0.79421213781721,0.100496665132587,0.508239967015661,0.0052026670019865
35,50.5,29.011491975882,0.666542307164377,0.0619722704320892,0.502286082236847,0.00270709840135822,0.649830568150107,0.0410729669784696,0.511416207167683,0.0131692331381932,0.794441879339033,0.106767849295215,0.517536903591959,0.0079321944268898,0.632593186654746,0.0502283614110631,0.506909347241242,0.00452171971343604,0.683483225617056,0.054377163157059,0.511382170841624,0.0100710866803986,0.792196067420649,0.100521513804396,0.508158546439334,0.00534441595492955
36,50.5,29.011491975882,0.666271751171271,0.0644905868691888,0.50224282364293,0.00292249617310212,0.649563704496337,0.0411934408253336,0.512122914881464,0.0130952572215616,0.790781345151278,0.105560083877031,0.519922823720705,0.0118094063700923,0.632341289376631,0.0521430473179732,0.506907260240118,0.00451855907991587,0.681693112517453,0.054313679433242,0.509483261245539,0.0060802959716082,0.793822041368485,0.0994607407188072,0.509773057487657,0.00714342935262841
37,50.5,29.011491975882,0.665894097816707,0.0655223401802112,0.501902952580677,0.0017258760466539,0.650327922139585,0.0417165413417468,0.512928918853949,0.0117685432218841,0.793780999687184,0.103930693240048,0.518044748097491,0.00877610984165027,0.631306347416023,0.0529673888228494,0.506912308892155,0.00502643929894754,0.68201351416443,0.054260918284398,0.511495568638708,0.0087907557715326,0.793913862140148,0.0983435142357244,0.509747986772707,0.00777439488043128
38,50.5,29.011491975882,0.665676665056935,0.0662751944591482,0.502297606887416,0.00237030451609457,0.650021457886016,0.0407151492767183,0.512367746342591,0.0111631250929357,0.792961844088695,0.104926543694543,0.517587383477753,0.00842649049138938,0.630433843086705,0.0534415216139823,0.506644388483336,0.00421505596668796,0.68192730301839,0.0531748585734753,0.512127743594394,0.00798431310314814,0.796233040438334,0.0995106573813536,0.508570593008022,0.00480401506369752
39,50.5,29.011491975882,0.666434179239447,0.0656147811119867,0.502294071329559,0.00256881709717964,0.650279810313481,0.0396330785733316,0.511126679486944,0.0104061173331346,0.793741252712812,0.105953460718872,0.518667085851173,0.0090584030223195,0.630657132162167,0.0529712279407833,0.507527776656744,0.00543215924100063,0.6815256760129,0.0514315303249806,0.511181591594983,0.00736963058185855,0.799418083984085,0.100454365349723,0.508637358356764,0.00482604971527429
40,50.5,29.011491975882,0.666683492471854,0.0641956034473935,0.50187472192844,0.00200808640250518,0.651289674628506,0.0385589670578444,0.512408833606801,0.0101927653108726,0.795023728357759,0.105258995907756,0.517981644588117,0.00894323401897855,0.630547065448149,0.0520421018306581,0.507696725732176,0.00555220300247184,0.682508074289853,0.0501637325332553,0.511999112846715,0.00859829190436241,0.798055516621423,0.1002190625227,0.509169323776307,0.00557723312941228
41,50.5,29.011491975882,0.666756608971205,0.0623393348584271,0.502731859554646,0.00323298553187447,0.651545342819504,0.0368049234275888,0.51175713053748,0.00939068420135448,0.794954834137016,0.10463089591942,0.518669442001124,0.0114490152719754,0.63154365453822,0.0507365017697178,0.506863142868711,0.00409317392052354,0.683752291845224,0.0481672012111552,0.512885027991202,0.0080562816989983,0.80026185313147,0.100204047400367,0.50971100062055,0.00613351484772656
42,50.5,29.011491975882,0.667475254308164,0.0606263006803639,0.503450260760657,0.00368049169104124,0.652244213110782,0.0352588349159155,0.50971478016607,0.0100435338338623,0.799877324483852,0.104943381740822,0.517324009718803,0.00946626240145614,0.632011850747579,0.0492128600873498,0.507490152636413,0.00522206625432908,0.685319346846241,0.045427588482272,0.513461348035769,0.00818437681646889,0.800848394969247,0.0992171882462029,0.509744870356291,0.00628622644163806
43,50.5,29.011491975882,0.668522089309638,0.0603937654436893,0.502345875839427,0.00266698754409684,0.652247599591816,0.0336896076770817,0.510629983827809,0.0113458787533071,0.799182118357999,0.104006286646441,0.521039251008857,0.0168405924040653,0.633276223718738,0.0484209529036689,0.506356437233544,0.00406701321896053,0.685727487525035,0.04406628292585,0.511677953441266,0.0081615138993266,0.804986772053489,0.0992006992892189,0.509187589613264,0.00636656487139332
44,50.5,29.011491975882,0.667733504005275,0.0587827458574051,0.502462097052241,0.00247516857810176,0.652799674267015,0.0325482730335388,0.511078770407996,0.0119719917343944,0.802658396186469,0.10200088681092,0.518121258900858,0.00956761577653604,0.633440868227374,0.0467841090421013,0.508016627550264,0.00555638786196021,0.684561536167936,0.0430531033411546,0.511110301799278,0.00818636668406467,0.80585125952959,0.0978627241693596,0.509159918573948,0.00584258286520585
45,50.5,29.011491975882,0.667366190481545,0.0571237458987979,0.502775217349734,0.00314131080944214,0.651693327590355,0.0330994922997476,0.510878197644304,0.0115972346982507,0.80378017036744,0.0989264827620115,0.517616470774724,0.00912936822601542,0.63470182943789,0.0453822824057047,0.506447655774499,0.00378538707343864,0.684363973931408,0.0437681834997321,0.512835348570004,0.0102869555978286,0.805018527440231,0.0964553043191315,0.509353761742696,0.00587960641046142
46,50.5,29.011491975882,0.668313909981904,0.0553565323512251,0.5020348086942,0.00154009606268542,0.650688038228807,0.0347818348531356,0.510707357493845,0.0117967017747911,0.80028826579306,0.098457370847496,0.5198623841996,0.012747178120907,0.634364154156192,0.0435002239272964,0.507503409196057,0.00571972180176976,0.682021931763596,0.0451762539764236,0.511134228529178,0.00877901740155396,0.80594009838467,0.0955528479699352,0.509214319009798,0.00533523664443075
47,50.5,29.011491975882,0.667302051018414,0.0551480425707869,0.50257239156282,0.00308710002139355,0.650223897727303,0.0376890240176035,0.509640149283313,0.00991187603364069,0.802535280438697,0.0974459972886225,0.517750276640741,0.0113095059747628,0.633837075860562,0.0438731762364167,0.506196366841439,0.00385337812234643,0.681375455770583,0.0485240089833777,0.510987197831699,0.00935525367684427,0.805391633093364,0.0947186315752086,0.509451441405723,0.0049720617067089
48,50.5,29.011491975882,0.666128419898933,0.0553297399783641,0.502855421069532,0.00334009946021288,0.649873975565254,0.0406631576477666,0.513481769145922,0.0149587285619843,0.800022707659366,0.094695427985117,0.516167253950135,0.00949332520111769,0.632416253125694,0.0435651458984738,0.507341027319765,0.00481681505178395,0.680122383579362,0.0520241151394,0.51104077176306,0.00915797087063015,0.804949409625264,0.0929967523565756,0.509076371191143,0.00508485798924199
49,50.5,29.011491975882,0.665867506779833,0.0558029326767618,0.502851058909664,0.00303321723943453,0.648909355006385,0.0437255032477726,0.510167295149935,0.0111531519478964,0.804286249627573,0.0932547186813548,0.517125462292971,0.0106070770515014,0.631547765394102,0.0439927956892826,0.507181893524145,0.00526678273807798,0.678786017300667,0.0559687750592767,0.511845211877055,0.00810595619566146,0.805323147600923,0.0911263370949095,0.50946633548947,0.00521861761682966
50,50.5,29.011491975882,0.664889174915501,0.0568970434407884,0.502833826374412,0.00361640083105784,0.648062556461201,0.0462064584117398,0.51075187158443,0.0117296384874264,0.807171298716808,0.0870374519398016,0.517243095054944,0.0104237249312155,0.63137044046448,0.0450981739848235,0.505690740274802,0.00301385003057479,0.679161879686382,0.0589955223405373,0.51242163382043,0.00872419007417742,0.80586454460901,0.0889015813510437,0.50970558282591,0.00534412157272633
51,50.5,29.011491975882,0.665598017157553,0.0580808613779093,0.502088165703115,0.00213381939923066,0.648243215813732,0.047788296254605,0.511615840489153,0.011550735905371,0.80866772022257,0.0869068589624964,0.518558052617857,0.0150075948222253,0.630695801492048,0.0460963291755478,0.507350069737478,0.00517929908893762,0.677913314223593,0.06020644819065,0.51183465030914,0.00842710313826472,0.80650642704004,0.0846045360224734,0.509444369085133,0.00498019181709775
52,50.5,29.011491975882,0.665944217078254,0.0598700905726079,0.502319817343366,0.00241313356101787,0.648018062393946,0.048896800004709,0.511358154026417,0.0111826404142281,0.812616722219077,0.0819293941375716,0.518167835791029,0.0133584297314533,0.630235910492826,0.047563425057676,0.506686482922786,0.00402026380970786,0.678538362201459,0.0603349105620124,0.513724126587769,0.00963177721039333,0.807393757183585,0.0798377332607747,0.509723281383573,0.00536783540268878
53,50.5,29.011491975882,0.665980044703006,0.0598458030539353,0.503082686293322,0.00395923932584087,0.64810243119166,0.0489041974502387,0.510997671262631,0.0112890055062042,0.816232296668949,0.075706598630643,0.518767932803774,0.0131595211629044,0.631159373561996,0.047660034335285,0.50563699845747,0.00331060186155957,0.679944875074249,0.0607140711227365,0.513532478232998,0.00940146825763785,0.807970663800403,0.0739695604737778,0.50974842520447,0.00559916889413254
54,50.5,29.011491975882,0.667474207884236,0.0584609250845872,0.501940580678036,0.00145267349854145,0.649552418446975,0.0487889897409213,0.512214547149654,0.0127628181820988,0.816034850035485,0.0755972805183885,0.520845360179016,0.0154776495211138,0.63135919005018,0.0472199031136858,0.505034234602314,0.00221231932391003,0.681036561551474,0.061058297617276,0.513670211943368,0.00951642174302772,0.808764537699,0.0716124114027168,0.509327739579559,0.00519698126212496
55,50.5,29.011491975882,0.668036878370213,0.0568526787501996,0.502848001142589,0.00281390891429538,0.649825604170199,0.0484488418652597,0.510172413645757,0.0107765509240556,0.818037750166964,0.0742543994989057,0.520113861281977,0.0127968102703935,0.63129612639025,0.0466172979566168,0.506965148954524,0.0049577372381611,0.681008595656469,0.060983141414743,0.511197715848245,0.00804299520684622,0.809869335026351,0.069702441655026,0.509097276077037,0.00534903823460015
56,50.5,29.011491975882,0.66853728380449,0.054767888680715,0.502462497238452,0.00269154692534116,0.650079996540458,0.0486040484581577,0.512323918046454,0.010976363816774,0.818778389504463,0.0736204599235995,0.51969495225804,0.0117555104356647,0.631636245254595,0.0459695805701639,0.505178359154817,0.00259071700570227,0.683143374782238,0.0609227375183111,0.511794511487108,0.00822157203292038,0.810420652429982,0.0706442539212173,0.509507167913664,0.00576439557548123
57,50.5,29.011491975882,0.668315767910597,0.0531869515313632,0.503000664738008,0.00355761091195463,0.650037352576869,0.0480449090943239,0.512370697120128,0.0110384627269188,0.81475835414631,0.0774336618005372,0.521386865056721,0.0148757307360102,0.630787488864197,0.0448569813871382,0.5056676638013,0.0030979082197197,0.68454133787295,0.0603128383269246,0.511951225472046,0.00860036480427352,0.808984664510139,0.0729246695515941,0.509505727563362,0.00551857124025303
58,50.5,29.011491975882,0.668017074813001,0.0523107962707657,0.502447377066933,0.00282524201144223,0.650106710687422,0.0474747501787203,0.512975035159679,0.0117078053595641,0.819008963509732,0.0809972764589685,0.518855456183297,0.012574414658565,0.631093288853123,0.0441100754743168,0.505934501691079,0.00366972719495905,0.684613649978733,0.0595366901576643,0.510210175627722,0.00716269205052164,0.809005770354282,0.0754281803438188,0.509955000837386,0.00593893561474401
59,50.5,29.011491975882,0.667615641844961,0.0524756109138456,0.502860040329453,0.0034934624212713,0.648982900610731,0.0467086529306087,0.513027718090066,0.011394758125843,0.817025629580638,0.0857957087394075,0.5199459851173,0.0135665529654444,0.630684071132516,0.0438379231117177,0.506293577554312,0.00451982785880475,0.684499252875895,0.059004557638912,0.511136174093144,0.00910045116764507,0.806793997687584,0.0798957750213561,0.50973876548456,0.00599594421205238
60,50.5,29.011491975882,0.66844792126963,0.0532512863766514,0.501707084179768,0.00157033429194662,0.648716844131058,0.046827560590679,0.513374296169432,0.0105403298941814,0.8163852620503,0.0885655121546597,0.519422657667394,0.0139337509364026,0.631180409280904,0.044006591392562,0.504971334556459,0.00289360576152868,0.685310649439478,0.0596431781188347,0.514839447885224,0.0112099472348328,0.805468988010303,0.0824877855794951,0.5096157498169,0.00594238094298551
61,50.5,29.011491975882,0.668010806132403,0.0534577720584831,0.502665469001844,0.00319752056987531,0.648756769165353,0.047515488081487,0.512617701138592,0.00950139749640446,0.814162753726176,0.0898679037220324,0.521483868039691,0.0161322925704069,0.63200738085922,0.0435809337654487,0.506835131439851,0.00543350044300126,0.683705580843957,0.0592490004679851,0.510387862474587,0.00677852370116832,0.8092310667025,0.0845281947552581,0.50918068564108,0.0050991060907093
62,50.5,29.011491975882,0.666682759587725,0.0543450373655984,0.502742711329815,0.00361666739389579,0.648238061931711,0.0478267727287054,0.513241648897036,0.0123964011931969,0.815281620104912,0.0910937370950387,0.518057557434224,0.0116045755043167,0.630012717166602,0.0434760606511482,0.507410873483758,0.00533669153635032,0.682291504957063,0.0600353754667091,0.514211157558703,0.0113388953448129,0.805599411194035,0.0847508749370267,0.509976032934696,0.00511323892342986
63,50.5,29.011491975882,0.666117501185349,0.0553559700612275,0.502313574270264,0.00279342552876774,0.648351020377326,0.0486337886399187,0.511789760778481,0.0112042629770764,0.816008589479314,0.0890103408662858,0.519206143176917,0.0127986759359048,0.630933371516898,0.0440955332909946,0.506261026042952,0.00417677613422104,0.680854175501331,0.0608869435155982,0.510107795952456,0.00673643372284884,0.810692927245819,0.0837924583362573,0.510738768974991,0.005623054853437
64,50.5,29.011491975882,0.66611654604764,0.0559163702460623,0.502227564860828,0.00270932150716519,0.647582433914848,0.0493310056661014,0.51201457865281,0.0119788506527458,0.814882033580028,0.0865818692554529,0.518534432962203,0.0118020487394556,0.630326331368854,0.0436891986752768,0.50699669089454,0.00407423209798331,0.679650539084118,0.0612569628366337,0.509758733557995,0.00807414200078166,0.81072748528286,0.0842448732611207,0.510839964814683,0.00624632905724521
65,50.5,29.011491975882,0.665829071976861,0.0554455387766315,0.502387564577289,0.00302304722571599,0.647546553228285,0.0501658984888381,0.511538061847661,0.0115233674777409,0.816763103552711,0.0854575384717011,0.51828050628503,0.0115893761617773,0.629959707458255,0.0429277200791748,0.507168331686402,0.00552160902638442,0.678740843129717,0.0613795095080764,0.510452161794744,0.00703736343052409,0.811310113720635,0.0845300226774125,0.510576715811214,0.00606233000696059
66,50.5,29.011491975882,0.666094286330888,0.0543302097122226,0.502372459866481,0.00282918498204155,0.647786312926588,0.050493927382008,0.512159108864399,0.0116517992262217,0.814655868342898,0.0851061271885759,0.519848907590236,0.014335366963858,0.630660100723133,0.042327167675766,0.506124784107897,0.00416729738798125,0.680153048894927,0.0619568004667304,0.511800460863668,0.00814880931620168,0.81175911367746,0.0840377374234312,0.51079360684954,0.00606112243973379
67,50.5,29.011491975882,0.666123434215919,0.0532591116029613,0.502205982832,0.00275964528045854,0.648745950685725,0.0501982385169278,0.513094493555609,0.0138605122201432,0.817636287434692,0.0840088259261354,0.517030254661304,0.0102154929339636,0.630341698108581,0.0406585059950935,0.506444691971569,0.00427417318379261,0.68190234786763,0.0612688518395594,0.51356756459925,0.00806643372521577,0.812126436686739,0.0835912911735876,0.510327257275865,0.0058088956416661
68,50.5,29.011491975882,0.66567250618109,0.0516162396004366,0.502934278489107,0.00356631456384002,0.648856155141586,0.0494696217538954,0.510681615213469,0.012320694570114,0.815437639883885,0.0834417081896887,0.517060984516665,0.00925018150139847,0.631153606392539,0.0395585937954737,0.505501864509656,0.00369937674020967,0.682390024608953,0.0606265469903474,0.512531766128736,0.0078794157590805,0.811375058111979,0.0827142444630836,0.511346123192948,0.00713189600242603
69,50.5,29.011491975882,0.665687837317991,0.0500514018338894,0.503428014341923,0.00393812434990001,0.648806963225567,0.048481595287552,0.512071884238732,0.0136810229313303,0.812827358833475,0.0861269667528721,0.517609643290882,0.0124035246557749,0.63041949327398,0.0380521535547055,0.506410776316656,0.00412939001606949,0.682569703276583,0.0605988174371797,0.512748943876497,0.00711804144632014,0.810470834755647,0.0832348057329848,0.510472164755186,0.00635002863785464
70,50.5,29.011491975882,0.666253128412102,0.0487290375414985,0.503414066023355,0.00443809612159964,0.648754749229272,0.0477357282307193,0.511103223953176,0.0136372356682689,0.812906899835836,0.0870748614359837,0.518417561353462,0.0125114093307687,0.63058052727959,0.037231357392097,0.505701023768794,0.00330244338080456,0.683278013078159,0.0601462539484943,0.512587216647418,0.00881726876828588,0.809694574792042,0.0857416905954318,0.510786060674413,0.00723293371925271
71,50.5,29.011491975882,0.666911423672101,0.0484914477415518,0.50180850421067,0.00171418482928072,0.649571157181647,0.0468772299098622,0.514039704038953,0.0151363373878514,0.813597983807372,0.0896638535961998,0.517889483198439,0.0115718047092754,0.630251415997591,0.0369337803798376,0.507285496286903,0.00510582001063973,0.683030048168121,0.0602149619228343,0.512724247317347,0.00807706504162946,0.808721534766617,0.0870832024631189,0.510293581724508,0.00626980198246347
72,50.5,29.011491975882,0.666537522422503,0.048433868939318,0.503686838332997,0.00381478392331086,0.649175220947514,0.0458305246923961,0.512554530530364,0.0146442347604611,0.814305610649533,0.093277890802371,0.518339859841632,0.0115520102688164,0.631286134446218,0.0374855394405065,0.50613924364417,0.00402464555059827,0.683176183100523,0.0597688687331855,0.514484533998478,0.00920558556086638,0.809276819326426,0.0887424913654507,0.511535611203398,0.00809209866591285
73,50.5,29.011491975882,0.667220155528545,0.0492723566094987,0.503395520079248,0.0035655929062204,0.649216283340616,0.045337955308747,0.516378421707166,0.0142511646542474,0.809145032366845,0.0931966345164258,0.51950953198708,0.012839064799715,0.631077825531084,0.038467166716915,0.508396709109497,0.00595322516503031,0.682643655582026,0.0586921337713787,0.513382800431315,0.00996216432589189,0.809734289192898,0.089604553214496,0.509616853734155,0.00556933672878939
74,50.5,29.011491975882,0.667519205736684,0.0504497375003444,0.502365598722503,0.00250106137241672,0.64957477740241,0.0457376660582028,0.51523651779434,0.0135134243526257,0.811194636612453,0.092452252685667,0.518721588025642,0.0134006828974861,0.632096939828778,0.039525613496923,0.506098051584386,0.00459287584052345,0.683779114503231,0.0589633488368836,0.514354390358268,0.00788374227416053,0.808441066389279,0.0914516677412729,0.510770860343528,0.00757258231207671
75,50.5,29.011491975882,0.667638511229525,0.0518730383468068,0.502509738537747,0.00276614994077037,0.649179117881107,0.0454823469504513,0.515752260290002,0.0139523958147111,0.809823623590886,0.0941484955028981,0.51789714853537,0.0122450511289961,0.630432229970904,0.0411430523910979,0.506569966794415,0.00434630851744164,0.683938353158124,0.0587404703828263,0.516731271942037,0.0125189716080834,0.806173121688485,0.0923018239581483,0.509144003787468,0.00496956503041681
76,50.5,29.011491975882,0.667557184535745,0.0534314282572186,0.502270231125105,0.00226845466281673,0.648407001562203,0.0457989925506663,0.513292225198868,0.0124029502590341,0.810107319314292,0.0942197777033046,0.521542751204986,0.0165059970395191,0.630154577184128,0.0418258576239588,0.507194940703357,0.00604395327167277,0.682903875913415,0.0587962236312436,0.516201875822559,0.0127328450280255,0.805220386194824,0.0941095793063836,0.509623443320473,0.00658552573019477
77,50.5,29.011491975882,0.665544703168961,0.054350097763588,0.50262092769259,0.0025194758012843,0.648394956948455,0.0463162069350298,0.513494084553474,0.0122926100409116,0.81258180650244,0.0952085490369775,0.518358571466146,0.0124199486203472,0.629060717247281,0.0422229157977972,0.508843004065601,0.00643037871344846,0.681156474628283,0.0582749982476471,0.514547679413745,0.00979535349157284,0.810510624729017,0.0959005532973057,0.508294310668429,0.00448136641007917
78,50.5,29.011491975882,0.665141951670645,0.0561523212149504,0.501951459831616,0.00167023922871199,0.648599670974872,0.0465686643880386,0.513962471320759,0.0126665989687697,0.809999126674303,0.0955080236583821,0.51918201973997,0.0128696213828755,0.627745167087109,0.0423082000836357,0.507506713386757,0.00539841900928751,0.682215654104391,0.0585315344515899,0.518503155801603,0.0120559254577989,0.80557340164598,0.0955140510476766,0.508158733449974,0.00460182635818587
79,50.5,29.011491975882,0.664243839764684,0.0578771396167904,0.502381965035933,0.00243683361278853,0.649060692611684,0.0469936367350392,0.513652193842079,0.0124067620059851,0.806252382154923,0.0972072972725884,0.518471251333537,0.0121820158888587,0.627727146406494,0.0435220450171569,0.507672923599023,0.00552970242872316,0.682590646213137,0.0579866904386164,0.517096389704089,0.0124609688994973,0.804380867486922,0.0961075827310113,0.50888386157402,0.00543880245214509
80,50.5,29.011491975882,0.664734954402929,0.0582819747648049,0.501770396443096,0.00114119710725148,0.649081509494487,0.0470578091913832,0.512702407812464,0.0113732742424341,0.804350099165798,0.0967593223194502,0.520042279403994,0.0163275939749246,0.628842757082509,0.0443877228622058,0.5061405509327,0.00464242272588732,0.683634908132506,0.0577084908500545,0.516465654191073,0.0104423183457267,0.80373020894251,0.0976392410753402,0.508790197528632,0.00592337230516137
81,50.5,29.011491975882,0.665842953861865,0.057643232257773,0.501755699357976,0.00140507078466024,0.648895026639802,0.0465258533184515,0.512184635551719,0.0108497780934171,0.804535013560151,0.0990360796840775,0.517982176469813,0.0124540704769479,0.628873804082477,0.0444210950225683,0.506973454795826,0.00606757810220578,0.682850858907823,0.0567817380179204,0.515656294458851,0.0111229159995322,0.802024787371124,0.0981757495980696,0.509058183671154,0.00597106669747852
82,50.5,29.011491975882,0.665859728231241,0.0556252390356177,0.503206471314165,0.00352860078726601,0.648838057253376,0.0447970261665356,0.511147991218808,0.00997614213895331,0.802445817892709,0.102257759379649,0.518273512722041,0.0117908583380147,0.629740270493153,0.0440157568156638,0.507951890561935,0.00562500638123584,0.683592177987057,0.0547983642429506,0.513946030632726,0.00890541149526108,0.799876916401666,0.100829140958508,0.508492301018227,0.00561586804235882
83,50.5,29.011491975882,0.667141615568186,0.0537106725584358,0.50289404062733,0.00307580851467735,0.650500353509028,0.0435664103247884,0.512757801869927,0.0118692965702017,0.799399209536567,0.103761607374571,0.518675190735414,0.0131624801811012,0.630641923788772,0.0421250163050741,0.507418807834627,0.00527217089917662,0.684075908834511,0.0528522146955079,0.515160675477154,0.00944227863559282,0.799653568501324,0.102497564020117,0.508233061633781,0.00520615496627713
84,50.5,29.011491975882,0.668723528646825,0.0513932158262269,0.502840222817955,0.00310171388778289,0.651987632490302,0.0413597348903646,0.512130321544914,0.010850275252507,0.798562868346917,0.107145885475489,0.518257602649305,0.0140558954558562,0.631499121976074,0.0393839249805846,0.506607792671635,0.00371850362155399,0.685484467973361,0.050956768141461,0.517276839055023,0.0115139965459319,0.796970762290318,0.10407823960623,0.508485166046591,0.00555139614510555
85,50.5,29.011491975882,0.670480339733904,0.0495053079135822,0.50171081138283,0.00115114577336289,0.652954315818842,0.0394506432366676,0.511899305801917,0.0103983381215239,0.795645048249079,0.108069983341188,0.521586620054027,0.0158002959518784,0.633368218235315,0.0368443986062131,0.506642985192908,0.00408764877776656,0.685697706886721,0.0477949961076974,0.5144694273178,0.00853703517882671,0.799688037406494,0.105426047418028,0.509472696296903,0.00558225875692812
86,50.5,29.011491975882,0.671011752579367,0.0476521922524938,0.50195025369109,0.0013669583311836,0.653936621190005,0.037309360002959,0.511196292226529,0.0100121519465773,0.799120801198305,0.110247891616061,0.517995029807728,0.012299628171066,0.63309427350104,0.0343335671426134,0.50833754345564,0.00565039879362248,0.685300268665282,0.0448441403599591,0.513792332629597,0.00818116808421267,0.801372258771932,0.104060676664658,0.509340819863994,0.00515337574775141
87,50.5,29.011491975882,0.67087737260997,0.0455810148686507,0.501965101694355,0.00150376159487416,0.653474495498124,0.035517837072633,0.510359152965876,0.00942732785131638,0.79971719091306,0.107539964480805,0.517516335036861,0.0116247631417828,0.633364433969769,0.0332371117391952,0.506589286812337,0.00543611000670985,0.68627684882167,0.0431095517162417,0.516443825640396,0.0117822239548997,0.800981646388916,0.100594056788778,0.510273895668017,0.00584713625871114
88,50.5,29.011491975882,0.671400224242729,0.0448783485056873,0.502998131944794,0.00364382994523458,0.65185777710127,0.0346489655940386,0.50961970653311,0.00880722018619557,0.793671138910478,0.102125370419311,0.521295172747226,0.0181314447209176,0.633762920148337,0.0328704968200646,0.506248347922196,0.00388034399375017,0.685738999830454,0.0421211568434337,0.515513577785059,0.00899080744908634,0.802793414099157,0.098232738701447,0.510849112240901,0.00595827847143893
89,50.5,29.011491975882,0.671003804825387,0.0441683200336224,0.502503762980473,0.00307924858344287,0.651619118360719,0.0357139620206103,0.509259894809981,0.00852116838034361,0.801321161760108,0.100560247099204,0.517854514252902,0.0110820862734353,0.632536093362163,0.0332111410838079,0.505857208609612,0.00354960524323292,0.68535273997187,0.0429869785400591,0.519239541079055,0.0126289928929026,0.800983372101691,0.0941523337950596,0.511340339270785,0.00631643388583156
90,50.5,29.011491975882,0.671038550437689,0.044588187535475,0.503920097256707,0.0044854946293903,0.650003514348093,0.0368266715799863,0.508154156614009,0.00870373686199029,0.80075999364759,0.100927649524643,0.517517321512155,0.0103804594945761,0.63391051890783,0.0339933488576745,0.506601131975059,0.00393307098118689,0.682872338473627,0.0453487402257357,0.514621810420233,0.00919811084037139,0.8070257080632,0.0952183118827143,0.510639388675078,0.00572101457476588
91,50.5,29.011491975882,0.672135759527152,0.0454629084994071,0.502328194429423,0.00219322274229489,0.648090902435856,0.0400026283384989,0.509168325938206,0.00937061686233488,0.801913863074863,0.103687510218953,0.518497214642404,0.0115976400392288,0.632726744040554,0.0343912560482329,0.509260066959046,0.00720151573459543,0.678342535769863,0.0478202230953418,0.51498594710776,0.00909424088496809,0.807305904379788,0.09565198621767,0.510533956789825,0.00545162065562702
92,50.5,29.011491975882,0.672273970508276,0.04607756424223,0.502103837351453,0.00174043151178376,0.646202310688728,0.0435154267756978,0.50967563383185,0.0103091270796739,0.801808741308991,0.102762713437186,0.518034168880871,0.0108295077413644,0.63426197071325,0.036128351155077,0.506888550745123,0.00346034848139715,0.677180524752822,0.0528357804936222,0.513792383938165,0.00846356114280827,0.809277753066308,0.093918717288169,0.51137971447982,0.00669346122823235
93,50.5,29.011491975882,0.670405211853595,0.046735764727035,0.502633083286437,0.00239457538617937,0.64374066449451,0.0469427791255651,0.508600714165768,0.00967332531639282,0.803129796628055,0.100490075157107,0.517444281136519,0.010030229758379,0.632696639623539,0.0370221550981415,0.506449116017258,0.00341227465644676,0.674719350429839,0.0571183965698931,0.514035824198908,0.00925318555583178,0.81140341311254,0.0910584011411939,0.510691108365119,0.00670901629573036
94,50.5,29.011491975882,0.66848704505798,0.0492983220812084,0.502978583414997,0.00344661231008111,0.641773694774294,0.0501211776002836,0.509726650021165,0.0111187037417796,0.801841538380214,0.0969009264221355,0.519583143321444,0.0132599103950242,0.631864791379702,0.0390178745811801,0.506452980817662,0.00413062485767639,0.673446487992082,0.0615100443687865,0.512112651353068,0.007946952099694,0.813140652616828,0.0869359314856159,0.510582659199368,0.00639618652646996
95,50.5,29.011491975882,0.665020913840283,0.0516131086010624,0.504253270918225,0.00460192343385636,0.641077674485714,0.0523926347476468,0.508795622937789,0.0118041504669664,0.804371630715738,0.0904604392440019,0.517047244015206,0.00968471276835554,0.629785866745575,0.0414104095409304,0.506566454479697,0.00332477853881357,0.672948993717551,0.0648565587203088,0.511779972422201,0.0077192889205028,0.813812233336234,0.0825118667734171,0.51021799359184,0.00601202632336388
96,50.5,29.011491975882,0.663283472668107,0.0546488455045819,0.503551050019309,0.00403644810653491,0.640735865897508,0.0538778718678788,0.510690080346038,0.0142156965994419,0.807651322464889,0.0863411427005095,0.516883744024165,0.00910275955564661,0.627543408261022,0.043745400782844,0.507273289878407,0.00437537969057807,0.671640741128234,0.0664912409047906,0.513659930659619,0.00958514823815966,0.813664141680529,0.0774413051008038,0.509716787825182,0.00566996684679929
97,50.5,29.011491975882,0.662127308414883,0.0577564677122662,0.502243181987165,0.001918563601848,0.640383966268928,0.0551314126042841,0.512932414884766,0.015206312834859,0.808686023524754,0.084031787597949,0.517311672670445,0.00946166866529591,0.627142377393359,0.046784710679406,0.506373320431778,0.0043228161471762,0.670734176263078,0.0682654709155669,0.511504632209655,0.00907864265456953,0.815573602435372,0.0736942206463798,0.510561017290159,0.0071038716719531
98,50.5,29.011491975882,0.659568949149752,0.0603571232524432,0.502568278313001,0.00253439670471365,0.639660534692975,0.0565707584595854,0.512484471885482,0.0147981971263304,0.808378955020005,0.0849963760828946,0.517181493635992,0.0104587517396649,0.62552543777698,0.0485551919679143,0.50635259828753,0.00376119145143266,0.670270971608781,0.069660735618114,0.511565189036113,0.00891121930139321,0.815099237732872,0.075355788406366,0.509807934929476,0.00630560555545175
99,50.5,29.011491975882,0.658550412018652,0.0632978944806963,0.501921495234376,0.00117760270989658,0.639211023363972,0.0576473285638877,0.511556129135797,0.0133144340284954,0.807789272012102,0.0856415175579337,0.520572332545107,0.012304874634687,0.624483969045422,0.0501738549089582,0.506386086237947,0.00426305801297262,0.669443489881164,0.0709949886039717,0.510814184396815,0.00909299199290409,0.816542577628422,0.0760570162211779,0.510139755960119,0.00594889983365786
100,50.5,29.011491975882,0.657299053783093,0.064411804912078,0.502927818067153,0.00291001789034678,0.639198466708228,0.0582833225764349,0.510523048562493,0.0127781306929297,0.812255774996239,0.0848975722710317,0.517613678975224,0.00807145253579694,0.624127546102069,0.0515533587881851,0.50631951560628,0.00395281422014812,0.669274619816461,0.0715520217182023,0.512905335322067,0.0110997536555788,0.815434805452811,0.0755428024747836,0.510786056713282,0.0070823523788149
101,50.5,29.011491975882,0.6574730129662,0.0643588940961694,0.502893765932724,0.00310361871386266,0.639641340615782,0.0588152330328274,0.511071661443529,0.0136111402054365,0.814664974295924,0.0827173443979871,0.517782130780489,0.00986702111280287,0.624652998694244,0.0519231999290324,0.506442744062266,0.00409124595303158,0.670327801315284,0.0723710748639877,0.510531966930242,0.00871374319053589,0.819222568519907,0.074138443032655,0.509852557266899,0.00517100526617894
102,50.5,29.011491975882,0.658742539980418,0.0642686086982106,0.501972819775817,0.00126010778182571,0.641735961150212,0.058950560652889,0.51037613932145,0.0123811942502328,0.813873697143644,0.0803612175433991,0.519359024491466,0.0104209858925964,0.624174788060639,0.0518764287854302,0.505483405087787,0.00313285790041692,0.671889639898709,0.071726437036558,0.512568136645434,0.0112552058925872,0.818689338834909,0.0722727277765408,0.510039705614695,0.00551442746619537
103,50.5,29.011491975882,0.659116821156715,0.0627165509456403,0.504150171667593,0.00503582563408084,0.641494837869552,0.0582174535669412,0.5100103245784,0.0119098335422725,0.814096911599234,0.0803000553107026,0.51911988871882,0.00953964035511037,0.625161800100199,0.050612235537803,0.505737845166093,0.00307590039338065,0.672954608358631,0.0705087423975537,0.511234628732948,0.00854629846371159,0.819664573467824,0.0718191322939751,0.509807911376326,0.00486124587897227
104,50.5,29.011491975882,0.660623493989826,0.0617960566803618,0.503414283888378,0.00366032548629925,0.642310547782161,0.0573270314441271,0.51092386707319,0.0128423241786999,0.8122737008358,0.0796358084131766,0.521077104833587,0.0103516101154704,0.625951629806125,0.0499429961365269,0.505764986304667,0.00367429364747804,0.674378054556816,0.0690559854540564,0.511560530495438,0.00899179700073281,0.817781059055977,0.0714738489264779,0.510122768240499,0.00506627860326852
105,50.5,29.011491975882,0.662050411490375,0.0602978748242565,0.502399962725747,0.00243283676790523,0.642947694353381,0.056341429848529,0.514731625704704,0.0162927263056624,0.810101148143015,0.0788914187608337,0.520120856158016,0.0099039535018022,0.626559992972696,0.0492419539447534,0.506569498699087,0.00406918208394974,0.673619732741614,0.0670388103437281,0.509737238593747,0.00788141769793333,0.818405476025077,0.0714632977755332,0.509389450288907,0.00499399243053043
106,50.5,29.011491975882,0.664013720907836,0.0586129411069395,0.503032934640515,0.00307901544870263,0.642927326828028,0.0551734416549852,0.512280713889542,0.0134352522613696,0.809971018169491,0.0777710130903789,0.519453660224577,0.0109951106949438,0.627763135001551,0.0483232863471401,0.505881262576545,0.00405229752538708,0.674709172165091,0.0660058981435325,0.510381854980077,0.00957830585850772,0.81463902420078,0.0710425159513675,0.510666139532755,0.00680630470919128
107,50.5,29.011491975882,0.665483462654077,0.0572947906381093,0.5027956866269,0.00300311844674704,0.64361678955582,0.0541760045684767,0.511130590823826,0.0127452048385923,0.806664181707344,0.0792429902182702,0.520775892089886,0.0118689494520231,0.628208544282083,0.0476293052481994,0.506077396055256,0.00387280385935631,0.67580448342582,0.0653453887823311,0.510570282037205,0.00938195118144299,0.811488241238461,0.073029644205449,0.511327756412976,0.00650079424755242
108,50.5,29.011491975882,0.666937842940986,0.0565432021263513,0.50291036523389,0.00304398196854677,0.644198241673934,0.0523838993251802,0.51229173150991,0.0131943862049249,0.802450423049617,0.082368046937111,0.520817844595069,0.011942557942257,0.62914463215681,0.0470142745970265,0.5075642008807,0.00622382397465926,0.675448183631426,0.0630627257193723,0.509718621951033,0.00732795768960976,0.810783262428714,0.0786986788789968,0.511066348761396,0.00673042767461921
109,50.5,29.011491975882,0.666008057089864,0.0563618478551515,0.504352135125906,0.00510792291402069,0.644665170953722,0.0506563657834631,0.510893359613023,0.0144869628930226,0.800629494961069,0.0875072556157084,0.522239899686612,0.0124763399740054,0.629409553594857,0.0460657342390427,0.508127205085388,0.00545380219101196,0.675861759093233,0.0616090841537856,0.509435249245215,0.00851058630418602,0.80880872802061,0.083321676020172,0.511858748517326,0.00718116679913843
110,50.5,29.011491975882,0.666947334839963,0.0580838305571438,0.502220763907889,0.00211614120722303,0.646403321209167,0.0498502323038685,0.513411651266358,0.0153515545105273,0.800858836535903,0.0917758980042315,0.522148770026039,0.0130066822857353,0.629062509702792,0.0467332505108998,0.505988166077384,0.0037015447638122,0.678441676612177,0.0599231536933364,0.513517564828625,0.0110946173225587,0.803928451678357,0.0858002783774911,0.513100240003894,0.0079955781497277
111,50.5,29.011491975882,0.666292615269856,0.0590032163485994,0.502546249341664,0.00278448210449558,0.647268442068207,0.0482179202032198,0.511702983818425,0.0138333732851866,0.800191274782276,0.0954097771993258,0.523352479447546,0.0129535048590374,0.629633300814418,0.046740513652706,0.507140801232582,0.00470588160494471,0.67864337879305,0.0576096261493249,0.512151467328735,0.00999466519143027,0.805011211856099,0.0895852749603322,0.512098922334842,0.00683940944135911
112,50.5,29.011491975882,0.665943849224256,0.0590484211984775,0.503107627912455,0.00345302259909928,0.648316553824465,0.0462144569716885,0.513888208408325,0.0159852732776938,0.799406624989823,0.097066978457917,0.522850884463675,0.0120136471877027,0.630732517077595,0.0471473778225714,0.507155132857359,0.00517721586838726,0.679613128570864,0.0553334089445426,0.511247661114809,0.00868116237078309,0.806259030426331,0.0912615827975593,0.512324537718415,0.00709187502284923
113,50.5,29.011491975882,0.667123039742967,0.059770155247334,0.502751015632551,0.00314994441854633,0.650206234526465,0.0445025681121727,0.512380328390906,0.0148452923728215,0.795521245358343,0.0963170508825141,0.526746721630329,0.0143837797349828,0.630189934521943,0.0468854980257221,0.506368920870013,0.00382687421455299,0.681961912985471,0.053527982067177,0.515182664715141,0.0119229626125364,0.805293658813651,0.0921558013940164,0.511223526783772,0.00692122636090133
114,50.5,29.011491975882,0.667720127437144,0.0581198964704333,0.502725670153192,0.00284461778571925,0.651508577989406,0.0416379100367843,0.513760750287518,0.0153880336370101,0.798844691648127,0.0974086303780924,0.52287921128098,0.0113677340874751,0.631582078666141,0.0465307508571606,0.50622973687589,0.00414875011861714,0.683474514252823,0.0507304213424515,0.51231208128712,0.00888700009655006,0.808151445763764,0.0923343978771812,0.511442651802653,0.00649133272080019
115,50.5,29.011491975882,0.669047789322123,0.0561335153685079,0.502418288241272,0.00236632460457649,0.651854704912865,0.0387003701600975,0.514896710443828,0.0154142182036684,0.797320424123283,0.0994095614797844,0.522936378738453,0.0104259626025779,0.631695951530928,0.04520213718979,0.506908563831657,0.00426381800625636,0.683918470224975,0.0473351133179884,0.511499721487724,0.00764011652717549,0.807549861442682,0.0933745370219303,0.510504023122587,0.0063725014414491
116,50.5,29.011491975882,0.669532241103386,0.0541328199744022,0.502907754399252,0.00294846484714792,0.651857896721173,0.0365508900188594,0.513081588576537,0.013914843857004,0.796444761370073,0.10361416869674,0.522193755067213,0.00959505293209898,0.631587681182416,0.0437570888128115,0.506169049379617,0.00573545465763691,0.685698107495949,0.0455308080431548,0.513431710222025,0.0093141706305552,0.804850279227955,0.095755295473166,0.510887657239494,0.00633337519734589
117,50.5,29.011491975882,0.669796135062429,0.0532877309510231,0.501822679019255,0.00111591767355471,0.652595606379872,0.0355010407602013,0.514880401434429,0.0160383853164206,0.796023641706786,0.104861676643445,0.521054961551624,0.00841203410321832,0.631436409788406,0.042391295818241,0.506609559762464,0.00499760409011026,0.686638297740179,0.0433050601620948,0.51240968609125,0.00977544707940193,0.804862955835486,0.0988967645938053,0.51095073660254,0.00676096574935464
118,50.5,29.011491975882,0.66932800512377,0.0530573584250827,0.502523473549391,0.00312935632619652,0.652763258743738,0.0342841962310334,0.513705598709237,0.0150704293647575,0.794640911735273,0.107443259732444,0.520861240636919,0.00765214137952843,0.632733684844667,0.0423006843487463,0.505301361109052,0.00271807454157785,0.688777144042887,0.0415839515873376,0.512449321071827,0.00833078774196049,0.804522174871645,0.101108679208674,0.510505344859966,0.00608634546142228
119,50.5,29.011491975882,0.669335939044956,0.0522703327455681,0.501806609240213,0.0011339043811577,0.653799412177569,0.0336823598010387,0.514479925902356,0.0150151102733442,0.793133505333192,0.111637582324816,0.520069536488913,0.0074670070454955,0.633462399378299,0.0416537543797009,0.505733114711647,0.00351164753374541,0.689443237806572,0.0405558500265219,0.511122425160357,0.00797517608790077,0.800927891081754,0.105428750401977,0.510882679109799,0.00782721277582068
120,50.5,29.011491975882,0.669367275891877,0.050984890682597,0.5021952558771,0.00229977155966642,0.653796961370854,0.0327148517556014,0.513904827918445,0.0140977493718866,0.79136831928196,0.115258290047702,0.519105954606632,0.00686576031085156,0.633056347745399,0.040545969939989,0.505554327752108,0.00319349908554642,0.690262850828719,0.0407763341878581,0.511995900698466,0.00905836152905309,0.799596718508804,0.109597255218003,0.509538879572318,0.00550060211480432
121,50.5,29.011491975882,0.669149212044453,0.0498374744690103,0.502472725031461,0.0027375712057969,0.654299646960192,0.0323793422655586,0.513879708521873,0.0153798247153467,0.789077136372547,0.116180145941163,0.519161005731092,0.00819717226580429,0.63281744552154,0.0394855276092887,0.505751347364582,0.00355903161288395,0.690393057001448,0.0407106974227719,0.512639564539557,0.00861591632008865,0.795507504611062,0.110268623969707,0.51114016686195,0.0081925739528811
122,50.5,29.011491975882,0.669351208835301,0.0492798334132462,0.502515950754251,0.00263323479463049,0.654981397499244,0.0324677326561673,0.514494107386801,0.0137122231777776,0.788927587040875,0.117592393728528,0.517963348924337,0.00624596169533131,0.632590714377113,0.0381994854830242,0.506982880389664,0.00472517715754631,0.69051340610689,0.040842930856688,0.511272529616442,0.00806824416647656,0.79640324123167,0.112049945086785,0.510523853579893,0.00539983884623646
123,50.5,29.011491975882,0.670267697957073,0.0477762902901336,0.501785227781814,0.000893285436877719,0.655354670616536,0.0317116845986086,0.514121851788307,0.0143255160313635,0.787145168285747,0.114953967658568,0.52069279509554,0.0127369866581033,0.632444771085181,0.0373059237530236,0.50692710448458,0.00489491060967892,0.69039451641594,0.0406995681043141,0.511062776867184,0.00745317660124395,0.79701631197008,0.110217860560427,0.511033767346976,0.00571349508250995
124,50.5,29.011491975882,0.670339232113804,0.0476860523330088,0.502890702964657,0.00307462019557467,0.655244215741404,0.0315978394506633,0.512706419176057,0.013854611839115,0.791931785148145,0.113455744811347,0.518365723933135,0.0079134188942977,0.633042202271212,0.0373563814173497,0.506151433350251,0.00468586347797517,0.691468135820842,0.0402775882195688,0.513114926925135,0.00893682677204046,0.79585379183786,0.107249681574108,0.511015838066606,0.00540350277721611
125,50.5,29.011491975882,0.671911707304764,0.0475947940233033,0.502923250789353,0.00309342573710112,0.654204786370893,0.031928105003785,0.513141698684323,0.0127868561675664,0.790809232699177,0.111959412194338,0.52016179528858,0.0125930758253328,0.632808460265474,0.0366525292142423,0.507809845391016,0.0046275105009909,0.690638145862389,0.0400272682438001,0.515479532167985,0.0136610051970572,0.791590724537745,0.105045570094095,0.512060175000762,0.0068431765033223
126,50.5,29.011491975882,0.671894980468464,0.0475413474240167,0.503313722330096,0.00417832121777838,0.654149175694211,0.0330790123946599,0.513782453710749,0.012951569079397,0.795272643381836,0.110624615182702,0.518076276312069,0.00983637309024176,0.633424177599735,0.0360026932622347,0.508343152424683,0.00522131007314127,0.690302480343005,0.0414518601144059,0.513518395472377,0.00823867934567532,0.798146387149671,0.104005889951291,0.511126395914197,0.00621503426651333
127,50.5,29.011491975882,0.673593699222921,0.0472651445017455,0.502009887389188,0.00137552205008701,0.654865108121858,0.0337984378788363,0.515658931739043,0.0135397750735152,0.79665648044911,0.109061635833283,0.519429510010646,0.0143340580529287,0.63472171109619,0.0347523951409957,0.507999380298128,0.00627308946688421,0.690181248261793,0.042326148463346,0.51330592087764,0.0113951359026391,0.801129851739232,0.101404605399514,0.511054653305783,0.00610473205239309
128,50.5,29.011491975882,0.67439181332408,0.04549177642462,0.503862936868318,0.0056755458794861,0.654247457450509,0.0337933815436675,0.512860990377557,0.0122139089314338,0.79208079799638,0.106027054352683,0.523786090750877,0.0173864242866468,0.636697064710163,0.0332719900370487,0.507041902679157,0.0049092425915247,0.690631340551584,0.0432543984396007,0.512533792702931,0.00782834237297032,0.80227244156122,0.0969702542008589,0.511741052690514,0.00790531077173058
129,50.5,29.011491975882,0.675460925206503,0.0432767270308313,0.502861953497885,0.00318056650826904,0.655694390244842,0.0340361613848431,0.515524353674324,0.0151623219814054,0.798462218427089,0.105949526954934,0.51643363390322,0.00823463554311367,0.636687490678249,0.0313999595953159,0.508625600728317,0.00649650348590288,0.690145769277375,0.0441204791721714,0.513377274171317,0.00903720321173487,0.801979973921038,0.0943908859244271,0.510956573366208,0.00639606260646141
130,50.5,29.011491975882,0.675851481005754,0.0421898843802358,0.50329049856493,0.00319548043563209,0.655942328688338,0.0339698701355112,0.514897742049613,0.0158750714407033,0.801635561109146,0.10418789386692,0.51750423225533,0.00886028744202506,0.637557248014879,0.0310240634885654,0.507932060665928,0.00550696767465686,0.690757110791398,0.0439063037140495,0.514037676233959,0.00964055739559208,0.803983529825557,0.09230757030408,0.510013452144584,0.00566061198721428
131,50.5,29.011491975882,0.674767525494621,0.0421914071257396,0.503294904382894,0.0036338500422504,0.655643042845134,0.0337714479744033,0.515480441238401,0.014150511212041,0.80486932554982,0.104307358296249,0.516361057288851,0.00770989232234259,0.637171230009006,0.0313712577696208,0.506294029651353,0.00367074355245149,0.691773730266902,0.043566144154141,0.516640777936064,0.0128144667285769,0.802650785623741,0.0903420113460898,0.509772826807642,0.0052636314368321
132,50.5,29.011491975882,0.675270465096493,0.0425634555543105,0.502190674148785,0.00159507448262505,0.656198765841107,0.0332427254644616,0.515741459702575,0.0141927582852482,0.806198729139159,0.103267943911012,0.51756167088512,0.00930598548906887,0.636798331565116,0.0319007679008287,0.509311797971713,0.0058811640146007,0.690117107102524,0.0417230381903513,0.514245637176526,0.0112758119113863,0.80511180596503,0.0899315344759187,0.509180823518856,0.00450514829885645
133,50.5,29.011491975882,0.675128838698058,0.0420089409832812,0.502720532925879,0.00235866466938888,0.656253549346383,0.0326045442036382,0.515436606161358,0.0137632440844926,0.803347745036575,0.102218456791877,0.519813851895166,0.0159576190996832,0.636248744122196,0.0307525208449871,0.509659692736705,0.00667172998843418,0.690508147828151,0.0412897917305186,0.515980902745669,0.0124237264712697,0.803111984608509,0.0897707447532018,0.509965389247963,0.0063201725410853
134,50.5,29.011491975882,0.675314987491748,0.0407266401813363,0.502868362687822,0.00270953346362332,0.656977920413719,0.0322333545014445,0.515550461225662,0.0125185185409751,0.805978047508327,0.102093832060215,0.516209741124724,0.00835188291866322,0.638430450360082,0.0300568715554598,0.50648883872216,0.00469102137682465,0.692773376433231,0.0402476359416774,0.516246445300366,0.0107277570219116,0.802319782659429,0.0892162694764976,0.510655029044571,0.00794819089191801
135,50.5,29.011491975882,0.675885277155843,0.0394685154045835,0.503805694340019,0.00370845100355083,0.656856747226132,0.0313399282099464,0.514711297069723,0.0128603536168319,0.806706081271763,0.100293864829137,0.516477445518768,0.00825048963470482,0.638707723410808,0.0291054639394623,0.50756529299058,0.00482423713413689,0.69285647852373,0.0394461934114433,0.516241205346239,0.0123821299616435,0.801268529575472,0.0901314327384291,0.511485228237305,0.0079956398063563
136,50.5,29.011491975882,0.677796941641426,0.0373324643867808,0.502182386092261,0.00166760195756337,0.657799370649939,0.0316137215615042,0.517379150192757,0.0127752436934488,0.807321059865198,0.100733640709152,0.517013540130019,0.00906112625265669,0.639689780126597,0.0275134804414236,0.507565637520777,0.00478704563334256,0.692177728821663,0.0383508982598775,0.514286096228586,0.0089370369353466,0.804298887140424,0.091687951083408,0.51048604196462,0.00726722650349462
137,50.5,29.011491975882,0.677529970498958,0.0346198387618355,0.502775968808425,0.00300020504980518,0.65783501093819,0.031433589140786,0.516531976887957,0.0119377484649366,0.807218272062449,0.100485497169714,0.516608948332679,0.00860159190540814,0.6403773962796,0.0256963441884946,0.505806023466044,0.00362314209268342,0.693143783313417,0.0384817374955223,0.515962438494758,0.010201552947656,0.803116803842246,0.0932636413893926,0.510726346543986,0.00708630596958975
138,50.5,29.011491975882,0.676619568674704,0.0328463830824519,0.502504640450236,0.00253074963668037,0.658441711425437,0.0318326547532219,0.515988234529624,0.0119588029699327,0.80729930976916,0.0999479124708562,0.518022008101587,0.00938525323779494,0.64016380608359,0.0248145826518624,0.507315018372062,0.00557978990902367,0.692196377508363,0.0385006267903735,0.514156368217015,0.00733911610706161,0.802672163657318,0.0937901377591258,0.510417623138266,0.006545379318589
139,50.5,29.011491975882,0.675633739563845,0.0325876495735813,0.502461254605889,0.00236052561053395,0.658005675028177,0.0324906209039079,0.514563332060772,0.0111133409999672,0.805273870921609,0.100877531818479,0.519228570081547,0.00961640274177058,0.639032765323146,0.0246686811203916,0.50655854379039,0.00433136882322332,0.692380710853801,0.0386335596011435,0.51696833879423,0.00895907383392056,0.800319213383783,0.0939582916925701,0.50999858113114,0.0063621193556477
140,50.5,29.011491975882,0.674581038193684,0.0336875267914013,0.501926448579821,0.00164496584260114,0.656679348994652,0.0339773971013793,0.514855520237389,0.0104299946811088,0.802881120129541,0.103383886482672,0.518261714154524,0.00919176004316279,0.638630136724153,0.0261970972390451,0.506298174617673,0.00461551357037235,0.69094786725714,0.0407304138671574,0.517032233650016,0.0116405644344846,0.797331311521238,0.0955703180368307,0.510298338876616,0.00639989526330609
141,50.5,29.011491975882,0.673497445716315,0.0347891606279274,0.502933748443922,0.003306264502665,0.65562716484258,0.0359680454652221,0.51397581757983,0.00994192396604807,0.797647041529459,0.106121853034747,0.518579926744094,0.00905967103207124,0.638401217208,0.0280265051292143,0.507001970365809,0.00480263600094836,0.689179440068254,0.0427910437837941,0.514750676399498,0.00904436934266123,0.795277237208657,0.0996730289338045,0.509958453950186,0.00662689581931148
142,50.5,29.011491975882,0.673454777676092,0.036680332662201,0.502782555564338,0.00279361649820534,0.654682551310416,0.0370908956866681,0.513640058417348,0.0121048121700509,0.794774350467802,0.109719574831194,0.521517910377209,0.013161269124244,0.637829409433072,0.0306207725591941,0.507139435422915,0.00585615198394162,0.688782799096039,0.0453565886239103,0.514780597576951,0.00923666542819865,0.792498539489698,0.102890094136202,0.510353840852494,0.00658018549340163
143,50.5,29.011491975882,0.672522943290883,0.0385645452266694,0.503512001063806,0.00463742636492671,0.655235892102537,0.0374658572290588,0.514441057067986,0.0120873882405588,0.793574103012992,0.113705423339842,0.517836755424755,0.00826901341039194,0.637597059146826,0.0319702592776836,0.506548474212072,0.0036638045833416,0.689559584769423,0.0458961759953366,0.516079927485227,0.0128868091555146,0.789153574834014,0.106750325642079,0.509715990057763,0.00606116679789643
144,50.5,29.011491975882,0.673255730525591,0.0398281659106383,0.502472107322494,0.00237851772316354,0.656159593169151,0.0367147908619349,0.515281980845371,0.0139058607161195,0.793646349235095,0.113790297235479,0.517952993446253,0.00998917242081786,0.637820403583527,0.0330823098037531,0.507135649297385,0.00394240148034208,0.688706348810349,0.0447849296780077,0.514039272166164,0.00997974167630102,0.79073556147946,0.108988785138861,0.510528708841719,0.00753473115134966
145,50.5,29.011491975882,0.6739064421965,0.0404666466969504,0.5022507322057,0.00219995865146688,0.65692742632376,0.0359839767509151,0.515777444910778,0.0131282376341466,0.794509215856734,0.111340676444876,0.517228855664808,0.00876879182604198,0.638393660293324,0.033110476534523,0.506989155434231,0.00499919840559314,0.690039933440122,0.0440327826110257,0.514154155761271,0.0101389223139032,0.792561523978795,0.108388999252519,0.509761803689643,0.00632106839676305
146,50.5,29.011491975882,0.675484664730581,0.0411376086705873,0.501900936142401,0.0016421742568614,0.657469073920716,0.0357560358028337,0.514510879848237,0.0122740121727414,0.795626462877973,0.108889582518952,0.519764094149639,0.0151451334552863,0.638654730283887,0.0327314283784649,0.506937987711808,0.0040049730313612,0.689998513415915,0.0429697270794874,0.513911864960497,0.00894834491599493,0.795293731474352,0.10624005173702,0.509479483996965,0.00522921320862296
147,50.5,29.011491975882,0.676693264241424,0.0405288260239332,0.502475246349334,0.00268153588567493,0.657445346289771,0.034333071825421,0.513922907958524,0.0118838384435759,0.798495192356803,0.107438074949289,0.520063288839709,0.012843420493363,0.638827860996419,0.032488820189356,0.506673579994694,0.00384686140915595,0.691209978708836,0.0425533722307067,0.514546905244071,0.00913725544226695,0.798061083136055,0.1033770595488,0.509117504421716,0.00466572481086918
148,50.5,29.011491975882,0.676807740596511,0.0393828088125556,0.503416625062104,0.00345764011876834,0.657398027181652,0.0336145846261452,0.513327294997972,0.0124519369600754,0.801709020294464,0.10513312323573,0.517034713064594,0.0074668440256458,0.63974353917439,0.0321838774131477,0.507148648363359,0.00453541656667363,0.691535666496477,0.0407541062589899,0.513410731179284,0.00829946105122945,0.79890409777542,0.100594134465353,0.509289094330266,0.00515013114791378
149,50.5,29.011491975882,0.678887573745052,0.0390239221436437,0.502528372863709,0.00278718330792182,0.658047982153944,0.0327202897185624,0.513464436276842,0.0112545472222396,0.802817171763336,0.102532973613359,0.518039237855215,0.00983358795560784,0.639980491117925,0.031859946797214,0.507720452920868,0.00491375068739819,0.691886348124009,0.0391835239526509,0.51265134487083,0.00769326041408195,0.800266258921318,0.0985113358504088,0.509919360120759,0.00658080068493292
150,50.5,29.011491975882,0.679336536919994,0.0387441031346784,0.502013341341837,0.00175133599293882,0.658624500696553,0.0320148880708496,0.513963354500263,0.0131599908692896,0.805088511496598,0.101059730166272,0.517255814042954,0.00923317815763442,0.639322331069966,0.0318029069716223,0.506802335048729,0.00363877406909722,0.693619141098781,0.0379550730171489,0.515568184505615,0.00914168911756304,0.801754001174485,0.0951620536911521,0.508702309163859,0.00495189446310767
151,50.5,29.011491975882,0.679311526241856,0.0396033335916974,0.503446868483925,0.0036418365812543,0.6571244512722,0.0317737841839897,0.513960351127898,0.0133857328033696,0.804473206837244,0.0991133328645514,0.519589423027367,0.0130586274308574,0.638897162078457,0.0321927988299482,0.508722369669369,0.00538939535047664,0.692727059476154,0.0385546284067025,0.514264745258651,0.0109136515020589,0.802874762677741,0.0930347254733878,0.509943835992735,0.00640731806222969
152,50.5,29.011491975882,0.679746497403005,0.0404335214409201,0.502796921201512,0.00272526272278551,0.657112117091685,0.0324583858047928,0.512563152856219,0.0114868168815709,0.809171938716175,0.0940592639443801,0.52023351620074,0.00918677426763795,0.639312646686681,0.0328775644819571,0.508034731175477,0.00537943464123771,0.6928625420508,0.0400490450357006,0.51307217739608,0.00748946221283961,0.808196371373903,0.0885139487555812,0.509841020118369,0.00653623047417129
153,50.5,29.011491975882,0.680586988700427,0.0418122408888505,0.502977869523488,0.00292130977490141,0.656139624408428,0.0329832092470537,0.510953789583512,0.0103544305994469,0.811687004916628,0.0896963336352457,0.520514179664371,0.0108499459029389,0.638659174927832,0.033666786830914,0.508682810537173,0.00620880878266262,0.691206608480293,0.0407931058432085,0.513487108285985,0.00738858604894689,0.809680753107852,0.082631446220024,0.510899699158169,0.00762741614300454
154,50.5,29.011491975882,0.681248164480096,0.0431858416124148,0.502054810513824,0.00157826408395554,0.655879772001754,0.034753920756254,0.511735524448782,0.0111321141395518,0.812683990898941,0.0847584781536789,0.519922779367329,0.0119301162131547,0.639356513146855,0.034048086742657,0.507207165742421,0.00493005590753484,0.691191934338732,0.0425149566030362,0.514665867230856,0.00915819412005803,0.811326006918455,0.0791579087349213,0.511190579327945,0.00783710532536924
155,50.5,29.011491975882,0.68091139851169,0.0440271699779933,0.501976025109642,0.00156748101190996,0.655636371990436,0.036042633420558,0.510937763802896,0.0103411314330362,0.814260092842884,0.0792517004592571,0.519231170486115,0.0109874760613702,0.639945648928821,0.0352476728633208,0.507427072433678,0.0058717094638091,0.691771803698468,0.0446830366036514,0.515729649237616,0.00999269216199178,0.810618754811313,0.0742474062974901,0.511783517274921,0.00752484033806621
156,50.5,29.011491975882,0.680253941417027,0.0439670200848062,0.502476669569876,0.00257996613981564,0.655038902851147,0.036580127592956,0.510627300601263,0.00992130062842548,0.815498611201729,0.0774559623028524,0.518950638773604,0.0103155460694505,0.641306116184479,0.0354831701666984,0.506042071247326,0.00302443071809049,0.69181362620006,0.045827277801506,0.513258920402004,0.0075200568859547,0.810121150527996,0.0739281642319359,0.514971660083184,0.0100970599603615
157,50.5,29.011491975882,0.678950193911549,0.0437710861923232,0.503531412662922,0.004526983513576,0.653969065064105,0.0370881999482351,0.510017941066348,0.00993442226345116,0.815478002490216,0.0767437411146456,0.518840929271767,0.0116486996300423,0.63972728476431,0.0354172269377496,0.506713548394453,0.00421806820006781,0.69131942464427,0.0462405528921668,0.512151650642457,0.00632052374222604,0.811660825141692,0.072965926223144,0.51231575505082,0.00707190951773357
158,50.5,29.011491975882,0.678437136391815,0.0438099754410878,0.502848257162729,0.00302034459236395,0.653622829992095,0.0381007924668447,0.510548384942069,0.0100548352911685,0.814977828825424,0.0736826211874528,0.522237869875418,0.0158184561787933,0.637705099974686,0.0354988438230989,0.508372493419198,0.00572853343787062,0.690859923390108,0.0475446858030604,0.51333242284042,0.0088043098621112,0.809384455510665,0.0720775805771937,0.512110395817287,0.00662586481408575
159,50.5,29.011491975882,0.678262837639742,0.0442278853800867,0.502367130597724,0.00245689715906187,0.653656420529357,0.0382547832406976,0.511165115612032,0.0116611343683564,0.817529761243125,0.07732218544798,0.520275893192052,0.0130794589114797,0.638446671149019,0.0358450759536123,0.506366906781583,0.00374685794626597,0.691290094673825,0.0488309938239719,0.512105717273991,0.00708906823594147,0.810585956355648,0.074585627873175,0.513203135630854,0.00616055670315862
160,50.5,29.011491975882,0.67673804751906,0.044941860424252,0.502886710043114,0.00298420047469795,0.652601908927652,0.0377146637796665,0.510490821446969,0.0112067196502314,0.815867988317434,0.0807902549870342,0.520513457383308,0.0136325832044294,0.636235400641866,0.0358157309596447,0.508912692708944,0.00603441324761052,0.689877368563152,0.0483148327195033,0.513074927453125,0.00918685063360317,0.808222437791047,0.0763367156269545,0.512811893298636,0.00640398695107855
161,50.5,29.011491975882,0.676524862573298,0.0456369200092103,0.502317353689812,0.00250276717333802,0.653134190283969,0.0367884029107136,0.509236431427327,0.0110826268648665,0.817420588925607,0.0830397680377268,0.520634199331107,0.0130887373264115,0.636897895208378,0.0363848357144228,0.505957204123925,0.00312449335383953,0.691555957611616,0.0485137893960398,0.514645314439771,0.00998322584555529,0.806072254665023,0.0772151638317861,0.5141256822209,0.00751437329914571
162,50.5,29.011491975882,0.676612620198196,0.0460062300595872,0.501840992520706,0.00148994822144425,0.654356883722379,0.0356937419668323,0.509815658723935,0.0118340984240978,0.817071714930459,0.0850537858512259,0.519546611415786,0.0117272560393486,0.636597719439241,0.036403272510609,0.507078734526605,0.00485179148479241,0.691868484184465,0.0470834499471874,0.512462225722368,0.00910428292939783,0.807461778530953,0.0781137291767164,0.51172357647379,0.00571633413382623
163,50.5,29.011491975882,0.676851636772363,0.0465366483274189,0.502644907222609,0.00397791763545122,0.65378261129276,0.0349026951420748,0.509294061341292,0.0114145775239078,0.81167572816379,0.0857599345786252,0.523181680047988,0.0164376700676516,0.63605203517261,0.0368294942340927,0.507155500406862,0.00395233451738614,0.692063868739368,0.0460861631031794,0.51386591590307,0.0103132388950784,0.805438707157024,0.0784782619548104,0.511901766971481,0.00602828360666385
164,50.5,29.011491975882,0.677234126499552,0.0462021078483091,0.502827158249613,0.00320182692697851,0.654219201307978,0.0341897537838134,0.509290501308633,0.0124715393681987,0.816100883105857,0.0886787858002746,0.518091672199651,0.00993626844192774,0.635727199181448,0.0366648711978642,0.508709528211358,0.00563964645421963,0.69025238359518,0.0453000081252141,0.512375322872592,0.00806971689111913,0.805081366981026,0.0809560869413617,0.51243419479914,0.00651618134458344
165,50.5,29.011491975882,0.678012535244927,0.0455800033389541,0.502724683410523,0.00300762938483267,0.652964830956722,0.0357073424663264,0.509169861194114,0.0121080938856447,0.811349268689629,0.0934788107996867,0.519468465536276,0.0138635834424314,0.637572740315055,0.036364129773374,0.506522741909362,0.00404963469132676,0.691487067652231,0.0475369186003251,0.515531395414055,0.010715811973814,0.800024884628819,0.0845735918702339,0.511689739233275,0.00577830806566551
166,50.5,29.011491975882,0.678484465848908,0.0443885911505342,0.502488061860799,0.0031635842712188,0.652685338154592,0.0381295449016651,0.512306747115182,0.0149433043771934,0.811181914250682,0.0976378208137103,0.516269430732597,0.00860477011050632,0.637918648921243,0.0352213812134076,0.508109833094533,0.00512356475227228,0.689214741806882,0.0492930704478318,0.513138104635531,0.0088491529917962,0.798851825735563,0.0877806063565899,0.511187820878428,0.00556365513644394
167,50.5,29.011491975882,0.679514483562607,0.0431377663606061,0.501917818880986,0.00178499966683948,0.652578878349366,0.0399255491813463,0.51184594715463,0.0142094880667091,0.809193494301679,0.100841470794263,0.516606586073877,0.010028338186956,0.637865252909755,0.0340737518962849,0.507610929951729,0.00544081914953118,0.688311131997759,0.0509019749857793,0.514478240423055,0.0128655049271522,0.797034426256934,0.0925600566275856,0.511160277050523,0.0054210255030674
168,50.5,29.011491975882,0.67965930089981,0.0408089048560407,0.503048591567878,0.00343283725101056,0.651407593202453,0.0409440088389713,0.510627776712338,0.013326002470052,0.808334793707394,0.103076098891954,0.515054893971892,0.00835503881083176,0.637819772258612,0.0319075228673326,0.507306412908647,0.00599910982426211,0.68794544381718,0.0528043084794418,0.516040932231965,0.0134514674950895,0.795640643360398,0.095946342746227,0.51083696019467,0.00561419467069707
169,50.5,29.011491975882,0.679475476344423,0.0389800260817227,0.502419965444887,0.00284903055405125,0.65192894681195,0.0423064708024265,0.510972289201419,0.012963938911773,0.806734584841489,0.104158810973904,0.516442034129453,0.0100715285143174,0.638127743026425,0.0302375477306375,0.506750499781673,0.00420855826493186,0.687219489668385,0.0540820367332291,0.514158328540749,0.0112165806956708,0.796887085289403,0.0976534475779408,0.510883554378847,0.00617519104148899
170,50.5,29.011491975882,0.678731563023117,0.0374513792821047,0.503250703948426,0.00361310227251855,0.650539832109524,0.0430960609058617,0.510950470325914,0.0131591450616032,0.807018912598823,0.105853319062737,0.516865742791394,0.00968740489188954,0.638612936361142,0.029526616374535,0.506476761940817,0.00420944489151536,0.68710837373356,0.0558665334285582,0.514463666631727,0.0116113067716118,0.792523556256655,0.0973794396558617,0.512962271814725,0.00937685969188844
171,50.5,29.011491975882,0.679398473455117,0.0368200926796387,0.502570291196476,0.00301734689726947,0.649354698423014,0.0440161177952095,0.51157968431698,0.0136223768316297,0.805815833030204,0.103843195982988,0.519994043702431,0.0152644600084547,0.638565812420972,0.0287764930877876,0.507481115310706,0.00419622099692727,0.685736316231443,0.0571238956912472,0.512614206931075,0.00954510150463292,0.796754578360366,0.0967518083604868,0.510044034284721,0.00523627720287179
172,50.5,29.011491975882,0.678438616616453,0.035535903071367,0.503403444410868,0.00379643373654537,0.64861951542624,0.0449607916185264,0.510995474686964,0.0128402906121928,0.806599835799956,0.102909187454022,0.520844319533359,0.0139334338492819,0.638997246474132,0.0285846040777271,0.506182510896938,0.00311797726972628,0.685624376809555,0.0582283794245187,0.513763257418625,0.01018585351107,0.795145671240724,0.0953136602054117,0.510039728453593,0.00526302611214831
173,50.5,29.011491975882,0.678021566672142,0.0346989650283895,0.502694552396782,0.00303096094097992,0.648137259375383,0.0458658182348735,0.513137321265354,0.012187811859079,0.805499388004416,0.10016247618903,0.520201990811801,0.0156673590114848,0.63695930114884,0.0286741394813144,0.507760464819974,0.00558491607306251,0.68356928603351,0.0583327804282972,0.514819308175634,0.0103244166892056,0.794511258073134,0.0930108338198527,0.510086315666681,0.00502770502492491
174,50.5,29.011491975882,0.677127302481807,0.0353664173009232,0.502634455212255,0.00259022745085816,0.647666027070799,0.0458472269067835,0.513298386793471,0.011868608810499,0.80591889202199,0.0974890639944323,0.520647505419325,0.0173349857696343,0.637526972738081,0.0299170095296898,0.506299450147779,0.00344279356654402,0.68439343545173,0.0584346636786786,0.514912206181318,0.00983002414887106,0.798241238350251,0.0914548686437973,0.509677594994912,0.00466181766284779
175,50.5,29.011491975882,0.675503102773878,0.0364464501240077,0.503997220053744,0.0038424628285951,0.647424505996963,0.0455759757904109,0.515448551927886,0.0146116485338672,0.804803814007393,0.0951215976960635,0.518398336777725,0.0125397095904489,0.635856446246989,0.0311817205254886,0.506837816455987,0.00482010769472716,0.684639919518998,0.058273798881558,0.516643534705394,0.0117329570618546,0.795541261719462,0.0883457822158236,0.509809428844929,0.00481068334283039
176,50.5,29.011491975882,0.676495548543119,0.0382459634731203,0.502560737189406,0.00225412814535937,0.647948051234023,0.0450362080649404,0.513125244070794,0.0110611844506001,0.804584713577624,0.0933452873275864,0.522405879927035,0.0183290561055695,0.636111835499364,0.0318993584412451,0.507058285156827,0.00430897950149566,0.684679266237036,0.0576790134837042,0.513825060704313,0.00863253224159314,0.798584342400687,0.0880252369876174,0.510344861986676,0.00464700263689366
177,50.5,29.011491975882,0.675571741838252,0.0384819793938687,0.503238241212386,0.00339345184382889,0.648573902791794,0.0447031607557048,0.512470278868128,0.0114425867712331,0.806870036858969,0.0894905804485811,0.51934105706263,0.0132252450088084,0.635633218725121,0.0319855493860447,0.506998953488306,0.00519629153862684,0.685638213185455,0.0562238722747225,0.514529975895051,0.00943058952968849,0.797693006298881,0.0837973944114262,0.510007314343776,0.00460894850321612
178,50.5,29.011491975882,0.675228303298348,0.0397402764797449,0.503405061936797,0.0036161157130477,0.649359242136319,0.0447162919108595,0.512417063074739,0.0119360948221818,0.804575693292513,0.0876794774725297,0.520301119338429,0.0133115119101582,0.635318997167914,0.032583683181739,0.508135655773892,0.00549456189433976,0.684820837873116,0.0559684621692084,0.512980551051421,0.00900664782230672,0.799244405650756,0.082111108801859,0.510168393704376,0.0049948092109035
179,50.5,29.011491975882,0.67516400131587,0.0411165032856815,0.502925853743632,0.00295548301067823,0.650242889850138,0.0446453739806463,0.512657722290653,0.0114939947921095,0.803837085981162,0.0870301871896509,0.520182698468194,0.0129842271468793,0.635843468351573,0.0339630053007739,0.507699209192162,0.00434311543147983,0.685196167491896,0.0555933374806628,0.512268256634807,0.00876582407885058,0.799765153896948,0.0811106498610317,0.512045499780767,0.00663203360252017
180,50.5,29.011491975882,0.674757064996387,0.0422846504516606,0.503379484455374,0.00392287563112049,0.649603184800164,0.0438797678354501,0.514559028435247,0.0125435055491181,0.803097304316225,0.0864384518386039,0.521507048347555,0.0144661456330565,0.636062218461039,0.0347743839087588,0.506889562987667,0.00530702566129289,0.685802105921993,0.0554772374862322,0.514546582671237,0.0100320129985295,0.798532622290029,0.0788847800438218,0.512379974556122,0.00696107274347552
181,50.5,29.011491975882,0.674650926105852,0.0425558818845593,0.503343562259561,0.00351175087954238,0.650568287763395,0.0432089394172683,0.516344667821333,0.0121212596564367,0.802767143521894,0.0887530222863136,0.519715958061588,0.0115803024396432,0.637040182423308,0.0353001296304312,0.507367982624223,0.00452501789337656,0.686205319081735,0.0539784152522198,0.513642143419942,0.00917885840554253,0.800575266643709,0.0798052843128651,0.512579408089174,0.0073569883675087
182,50.5,29.011491975882,0.674428831428445,0.0420316490669544,0.503235374616029,0.00373232029291353,0.650360537479073,0.0421998526610205,0.516435851218114,0.0130080910337678,0.80162271658542,0.0919054753560312,0.518772263953874,0.0106136433952719,0.637568033130885,0.0353046375904864,0.507597159343868,0.0046624167662284,0.68662517209843,0.0514859550737835,0.512997777017965,0.00865880879171186,0.801334088204308,0.0832430302618167,0.511692299953778,0.00602571110925354
183,50.5,29.011491975882,0.674387497339288,0.0413691392639853,0.503114825563407,0.00314558689732335,0.650188511819022,0.0418430518888143,0.516565191642624,0.0147844373068289,0.800406706850038,0.0957502814083366,0.519353246383492,0.0112426302517662,0.637567170823825,0.0352883999678177,0.507371613956394,0.00477394339548311,0.686932514844777,0.0490041520149065,0.513437900974882,0.00719526969078937,0.801490282673317,0.0872898796198225,0.511420685952505,0.00652866523066412
184,50.5,29.011491975882,0.675172619796233,0.0413495616188618,0.502278060987269,0.0025540420830448,0.651021417307473,0.041021455612376,0.516343443166299,0.0134953916696061,0.799466736047469,0.0959215818886463,0.520501402873522,0.0135572413960314,0.638243437872297,0.0358413220869483,0.505944001680957,0.003478565655491,0.688387242676787,0.047627703293026,0.51384129055538,0.00724867380819383,0.800203554613143,0.0894043267328614,0.511697813798312,0.00618996065649019
185,50.5,29.011491975882,0.674350915591515,0.0411278191616577,0.503077968443427,0.00350555630862106,0.651700473870299,0.0395206495825911,0.517285857285478,0.017377918598238,0.797058406580197,0.0987340112720797,0.519760419252144,0.0117980741211486,0.639006835531112,0.0359901572235358,0.506264022685169,0.00390726688734694,0.689364701876646,0.0460208041200913,0.512996326039855,0.00620443213521967,0.799617841153649,0.0933794487125334,0.511370632423668,0.00688257322896939
186,50.5,29.011491975882,0.674827786030053,0.0419855602395724,0.50299714671081,0.0036005868667578,0.651968070629971,0.0389955613141455,0.515757332570835,0.0128037953270875,0.797686714787516,0.0986178586457464,0.520601524679815,0.0116872194052463,0.639323530320579,0.036308362237128,0.505796685851554,0.00332820798443891,0.689800730732462,0.0444568211455571,0.51218843967043,0.00709476153338184,0.797644620311504,0.0959544596986738,0.512061937675584,0.00796166008350325
187,50.5,29.011491975882,0.675739976883816,0.0419023780043024,0.503254373683162,0.00394503717851348,0.65124307323545,0.0380445973290591,0.514325940764152,0.0099968187117504,0.796034496000631,0.0997761617032098,0.521683111474645,0.0134349886473609,0.638754908487231,0.0354488857493568,0.507314705636497,0.00538009482631302,0.688063610452904,0.0436566045433086,0.511856509911584,0.00560285808901033,0.797903339355557,0.0970843195578279,0.510935788722678,0.00730524591177934
188,50.5,29.011491975882,0.675624209243224,0.0413033061344247,0.502557225569537,0.00295333749243081,0.651212433674438,0.0375878935446118,0.516336176421671,0.0146970862748001,0.795660072874568,0.100447085597959,0.521390094404681,0.0148572446101612,0.638919926918913,0.0343358638256859,0.507410344898582,0.00551218746446775,0.688124233355812,0.0437466045947186,0.511991303180651,0.00538495817849051,0.796768966400442,0.0987810285845346,0.511868655890403,0.00801291831283311
189,50.5,29.011491975882,0.675490288658937,0.0408058316572232,0.502007850637696,0.00204782927261312,0.65163361267374,0.0370177581696966,0.516836711997064,0.0133580109068497,0.794850991587003,0.103746804668492,0.521760005639736,0.0147511464561632,0.638502833301875,0.0336553150286653,0.50652388714301,0.00495137727737742,0.688220210767884,0.0434075832543002,0.513309001675048,0.00786762402579462,0.796183901077706,0.102302095714969,0.511738112607037,0.00738924916182685
190,50.5,29.011491975882,0.675491111914025,0.0412122033503133,0.501813246229388,0.00155874794341212,0.651877957283143,0.0363845037082849,0.516241813451565,0.0119576337739843,0.794632380245784,0.104169484230506,0.523616824001467,0.0153278973659728,0.638287505297889,0.0344050639279766,0.505241291965112,0.00315988312907539,0.688781525970116,0.0434001491556648,0.51379309058747,0.0069668913670498,0.798421062958763,0.101565259050898,0.511472200859508,0.00715248499014246
191,50.5,29.011491975882,0.673744028890886,0.0413589938805224,0.503236482020568,0.00339574132545148,0.651927799244018,0.0359313532290595,0.513455007059279,0.0115122526176924,0.797112562160626,0.104763293159844,0.521412359804492,0.012954843230324,0.636886461937696,0.034270328113817,0.505089051995009,0.00287221682223892,0.689521252288797,0.0429098466578367,0.516057164744703,0.00828272960525319,0.796526759549217,0.0986350647868667,0.510982596743664,0.00673169875570331
192,50.5,29.011491975882,0.67382579899332,0.0420663735130719,0.502362212256422,0.00262712350260724,0.653145891594882,0.0356247425209679,0.515987850533344,0.0132553911446509,0.796766804201499,0.102240525979172,0.5219065277902,0.0143487702423724,0.636785281842029,0.0342545969840917,0.505949031589941,0.0039089575467698,0.688942310817369,0.0424274140238141,0.513389726688411,0.00677001949625807,0.79859072178595,0.0964037282485241,0.51073631223291,0.00625598466090897
193,50.5,29.011491975882,0.672778510824673,0.0430112888293558,0.50354723630025,0.00399349035996027,0.653269456337982,0.0349117639326449,0.51482157373358,0.0123989311426036,0.796799442323134,0.0988902040370514,0.524707190114004,0.0155161709105367,0.635988799895759,0.0343068643993083,0.506105619617783,0.00409370033824193,0.689584852865985,0.042111031919953,0.513509569627222,0.00734129693006916,0.797117868162346,0.0950420717022095,0.511468215690232,0.00707817542583162
194,50.5,29.011491975882,0.672502887952589,0.0430264475558296,0.502964444041833,0.00342714136395046,0.654522795050815,0.034283079837566,0.516511508479287,0.0121433856527078,0.798916692085647,0.0977382089925009,0.522610175809856,0.0154266501568154,0.635974387606704,0.0343409012323364,0.506069037323023,0.00382781763552971,0.689871182212987,0.0409808625641355,0.512689969584116,0.00646459334462632,0.796622545958483,0.0945300005437171,0.511635673249205,0.00789205413693548
195,50.5,29.011491975882,0.672797500833897,0.0428640650764352,0.503149478994062,0.00391654254949779,0.654066396468113,0.0330450324317791,0.517268027222511,0.0141641158157765,0.796944206970895,0.0968718131267829,0.522485751696684,0.0159450704956387,0.636189630563168,0.0341278673835266,0.504818439818737,0.00287668358798774,0.689754659058274,0.0399139495736943,0.513785880962804,0.00842869816669234,0.793905202120652,0.0946299565407488,0.511778038643906,0.00838673778815134
196,50.5,29.011491975882,0.673919496755757,0.0418718270554829,0.502078472832094,0.00175174866248715,0.653015244698724,0.0333244972517362,0.518229644051996,0.0138810705700121,0.792103163417702,0.0973607669935352,0.524171171252998,0.0169566778801608,0.636611271720761,0.0337409921651542,0.505807265809457,0.0036498631224211,0.687223996880076,0.0394483887226615,0.512384397951651,0.00760102168906795,0.791043650963796,0.0955407211541549,0.512314705030645,0.00870102502689806
197,50.5,29.011491975882,0.672933249945421,0.0402603100082714,0.502933349977447,0.00288176246585097,0.651659218404246,0.0345773938779737,0.517363369721683,0.013113429886588,0.793127844053196,0.0989749092640981,0.521437643023428,0.0147984022650582,0.636746615484739,0.0325251522931632,0.506564353472835,0.0040071527410568,0.68453879877227,0.0397997652611855,0.511995162051934,0.0067948125573489,0.791147611834343,0.0969665560425233,0.511717354010218,0.0079114821379129
198,50.5,29.011491975882,0.673793775487864,0.039545697906978,0.503078619566195,0.00314960034922462,0.650755317414815,0.0357023741929936,0.515669994711816,0.0131898706816491,0.794868348217753,0.0991668359864582,0.52170315141155,0.0143445137130693,0.636962504357356,0.0321771030420448,0.506743901889293,0.00543617448867215,0.683293218127396,0.0411619891042705,0.511795597326566,0.00738670663899851,0.791781126874867,0.09768932772657,0.51152859053788,0.00772988859546153
199,50.5,29.011491975882,0.674162890854892,0.0382377650079399,0.503017163395009,0.00357607041427968,0.649536841206578,0.0379264113473124,0.517778988360717,0.0144297423221337,0.791672789418572,0.0987323869798203,0.523994985370983,0.0158197070085503,0.63807293885436,0.0315817876044115,0.505167101752164,0.00324876044341863,0.68351228193746,0.0437582184983292,0.514786139838828,0.0107585857775996,0.789991457471397,0.0968755988545679,0.511476180736711,0.00778885301563083
200,50.5,29.011491975882,0.675279818060901,0.0365924855082483,0.502768573702191,0.00265291120511822,0.649103491769651,0.0398070107810408,0.516496155715807,0.0125985416989835,0.796214920799103,0.0974810748817148,0.522637759912605,0.0146857247435033,0.637764495560557,0.0309945940905638,0.506976572009912,0.00540714575303933,0.681907397059134,0.0457847471930608,0.514845794535685,0.00909012091504675,0.79260211846979,0.0958483924012774,0.511375600148318,0.00767762949055238
201,50.5,29.011491975882,0.676783285471592,0.0349443703448869,0.502952162391514,0.00301493143131541,0.648679033955334,0.0406410203314685,0.516922184106928,0.0130846691867147,0.795560807907525,0.0947708690496071,0.523991217093062,0.0156927284558008,0.639627890426318,0.0302198635647195,0.506504090556701,0.00484570077664785,0.681868482682051,0.0472427037493361,0.512207829333794,0.00734619551883196,0.794176974333434,0.0957527116749124,0.512265866912795,0.00844999584918484
202,50.5,29.011491975882,0.676920669153875,0.0332358711192052,0.503348304103934,0.00369036521602273,0.648944949421071,0.041272936108038,0.51644459593602,0.0131477064549681,0.798647563078561,0.0971718500633717,0.522384138546824,0.0138336043139081,0.639520575966447,0.0290351819757997,0.50666567582755,0.0046586277584825,0.682676767892317,0.0486253515423392,0.51391987276589,0.0100459932616753,0.792177184947302,0.095741500381539,0.511692387826885,0.00871816051015082
203,50.5,29.011491975882,0.677191265583423,0.031989897751497,0.503313648478848,0.003952416343432,0.649255532885614,0.0418426280224366,0.517561875810815,0.0195116257165526,0.797580967062918,0.0974846511032778,0.522550305437333,0.0143618553870861,0.640126352182901,0.0275596195892832,0.505857808357372,0.00452655019141307,0.683059062965291,0.0501184338381161,0.513106814587115,0.00734591178125325,0.7957189554098,0.0980086007608936,0.511552951162367,0.00768518169859012
204,50.5,29.011491975882,0.677349110381031,0.0311275264230609,0.504179460407348,0.00480024710916047,0.648524505471938,0.0425105241026457,0.5154909604096,0.0129145054605113,0.797984634599731,0.0995337898039615,0.52296497191428,0.0150607811039249,0.638638844682042,0.0266309934739283,0.506836760374935,0.00596413992880471,0.68296444768043,0.050891810224874,0.515058018320273,0.0083728942015074,0.795173424220735,0.0993135743806615,0.511552812347508,0.00733474043548734
205,50.5,29.011491975882,0.677868302138026,0.0315288304540199,0.503293080177386,0.00334199796866525,0.648260509225654,0.043386263704232,0.517500991059053,0.013146033849791,0.799360350219854,0.103189199461471,0.523523475771098,0.0173928851817123,0.639601248808695,0.0269917078760974,0.505226445066492,0.00439620709207957,0.682120046745038,0.0522511737693845,0.513897383633742,0.00916416090434222,0.797576514412993,0.100997985999276,0.513327413492206,0.0088084486363587
206,50.5,29.011491975882,0.677880933203362,0.0322555408009344,0.504125473288901,0.00456191523877392,0.647312029790149,0.0447803446693647,0.519034815949071,0.0157699068376331,0.799297781054425,0.102516391757919,0.522167456613495,0.0161272364744219,0.638881980269595,0.0278329505270571,0.506833822441296,0.00649701620256629,0.680854991754908,0.0543039686954257,0.513645080484387,0.00979282959171611,0.798964442958616,0.100060078333636,0.511923081865687,0.00739523504743066
207,50.5,29.011491975882,0.678287213345582,0.0338008307519978,0.50464132479769,0.00463998621330004,0.646688366259618,0.0459131076945257,0.516001012398719,0.0126890662814162,0.802190171483424,0.102536315109232,0.521566366851097,0.0146030027341508,0.638685235874385,0.0283916728858001,0.505480435426146,0.00459667055740697,0.680591695466369,0.0572842922799822,0.514958193369189,0.0093385894947498,0.800329896965409,0.0989208078038827,0.511870466663801,0.007306371123685
208,50.5,29.011491975882,0.678515797968181,0.0353729394131507,0.50269426190215,0.00218461220567115,0.647509088892067,0.0475161334905395,0.519786642289489,0.0161559125908624,0.802034789559325,0.098947944003082,0.520740623072613,0.0142153959381799,0.637302462723134,0.0293757407610691,0.506883178801078,0.00554233434518226,0.679944415562086,0.0593956674063663,0.51516248019708,0.00860048905682296,0.801422597427788,0.0951319984548527,0.51098799765732,0.00625190557198157
209,50.5,29.011491975882,0.677992188506206,0.0366749808926658,0.504356205548777,0.00441217460426228,0.646395815232235,0.0485623382908096,0.519468385006128,0.01701919859145,0.802023894353243,0.0975953135670304,0.520125727921802,0.0132133688267745,0.638091167515948,0.0298410715078101,0.505720823647775,0.00426431538386102,0.6794351002265,0.0607394107593389,0.514943017758223,0.0101523623085929,0.803398158977334,0.0930180888198299,0.511175103888098,0.00662453987539433
210,50.5,29.011491975882,0.678884562739591,0.036595527417542,0.502824219761864,0.00293325774682595,0.646719286242598,0.049866550370148,0.51922917381566,0.0149782260629434,0.804896694603256,0.0944197691472385,0.520727912769328,0.0130800258057362,0.638687752877582,0.0296389104652716,0.505921200426446,0.00441576196863663,0.678352651086711,0.0619190259331038,0.513569247019212,0.00794223326003263,0.805106840916581,0.0903821552730819,0.510583246945752,0.00677651349064198
211,50.5,29.011491975882,0.67875548157094,0.0353291379015656,0.503610610536731,0.0035591115016075,0.645776475312858,0.0511215344194813,0.518868600825126,0.0154754509608412,0.806869130347398,0.0927265604647012,0.520397558175371,0.0125596914890494,0.637934841773507,0.0295167758301995,0.50594121135661,0.00397438059559339,0.678521159416954,0.0634689454287283,0.514694291807589,0.00810478622525407,0.804268452699493,0.0870315854949693,0.509915117632492,0.0060180797782957
212,50.5,29.011491975882,0.678528208536738,0.0347848322522436,0.504355873613196,0.00391749602966975,0.644681457686872,0.0523358589037399,0.515454643684769,0.0140863472598314,0.79692827027339,0.0895847769425808,0.526172316992115,0.0218396400413162,0.636930426106853,0.0294494436548638,0.507087580499732,0.00491083165887173,0.677815790165153,0.0642816779659883,0.514779457163565,0.00924682638590111,0.797157902046273,0.0864618561829668,0.510241901323652,0.00688134005196821
213,50.5,29.011491975882,0.678298019251821,0.0344985458702862,0.502570707447457,0.00182467185498982,0.64629060375692,0.0533952376755047,0.518025924320425,0.0150442831286125,0.794909837141692,0.0870507346979845,0.523157134194589,0.0141007791689258,0.637177394839697,0.0289675245586378,0.505546645172025,0.00467788853397154,0.678640970790171,0.0651795208851937,0.514814372835488,0.00876592236296541,0.789607268052215,0.0831562119177417,0.511952784006372,0.00941612094492008
214,50.5,29.011491975882,0.678053451412479,0.0359023754861555,0.502479461766434,0.00168746450983463,0.647056843777732,0.0533826480049471,0.516464297440351,0.0139835467556543,0.788060406700096,0.0845479193209473,0.524542819877066,0.0149457280814484,0.635856636029549,0.0288679109955436,0.506238164763632,0.00500469802659332,0.679008031454061,0.0652820536814057,0.514594453093452,0.00746711204383787,0.786794730100045,0.0813778839443721,0.511326877904284,0.00814128270427235
215,50.5,29.011491975882,0.677375752962948,0.0373623084668427,0.503740583487372,0.00306731230827518,0.647733256113425,0.0523726075474876,0.515753609033111,0.0135279503392792,0.786829844340669,0.0833245525711044,0.521467378626347,0.013117550594511,0.635826924472702,0.0304301788820861,0.505489909501989,0.00409784240984083,0.68119170026066,0.064911882807284,0.514748461114267,0.0084679132823635,0.782722010411819,0.0804784167754622,0.511112104756839,0.00898259785199119
216,50.5,29.011491975882,0.675958618756004,0.0376548784436353,0.504139660487968,0.00379952078456432,0.648184468286315,0.0507151034647203,0.513733423966853,0.0102003424934198,0.784084611289095,0.0795168915921992,0.525577326457098,0.0184147768951235,0.635384279319406,0.031309712374057,0.505270274626689,0.00435129612241673,0.681950507392616,0.063644527563597,0.512485704943701,0.00647045388248685,0.780523896912736,0.0774411523957068,0.510940894189618,0.00871605995222528
217,50.5,29.011491975882,0.675645496173837,0.0387274384347564,0.503447925761047,0.00292361938447392,0.649119472948367,0.050083081967225,0.515659981129952,0.0141628429742809,0.7804026376899,0.0789512753139069,0.524877472548875,0.0192080351338798,0.635230087738684,0.0318331660946839,0.504844152983074,0.00370636214603626,0.68176914533842,0.0635282133888161,0.513418332819925,0.00741439942619653,0.77673236194742,0.0740297178579498,0.509858560983509,0.00696318404964689
218,50.5,29.011491975882,0.67484385337993,0.0400098878003784,0.503771349059272,0.00390694475468739,0.649374348255718,0.0498470262037605,0.516414611949465,0.0134376655523587,0.782982089779065,0.0765587648131435,0.520889361769446,0.0130443696102589,0.635791646646165,0.0324274671120257,0.505511774884024,0.00403153280668354,0.680492325777708,0.0634243133579327,0.511857422322412,0.00589430115082187,0.773759665731363,0.0731316872166397,0.510629349495998,0.00831789220977353
219,50.5,29.011491975882,0.674788544722676,0.0414505888964714,0.503873914387604,0.00365095562841603,0.649136904363917,0.0501497084617032,0.514099435576012,0.0126901241167418,0.782381016955874,0.0739444797875052,0.522056858170427,0.0149157879427131,0.634645431093001,0.0327730850663198,0.505787275619917,0.00475249210515911,0.680874076157834,0.0640110228984342,0.514787391614762,0.00975052756118551,0.76948731899402,0.0714795746131232,0.510522321134199,0.00801860946407551
220,50.5,29.011491975882,0.674346220650045,0.0430841695398286,0.50360079141329,0.00308101047977901,0.648715340286631,0.0510221852153024,0.514790887174424,0.0141774687573927,0.783047450378667,0.0729514899496087,0.521139180379982,0.0141963541259534,0.634971566947321,0.034234473129747,0.504615893893832,0.00338255344110555,0.681338414326667,0.0643679319969593,0.513567449035246,0.00797246375952507,0.769533951065506,0.0715350316158977,0.508976503769653,0.00668319469308243
221,50.5,29.011491975882,0.673946258825772,0.0444602576926085,0.503977438981205,0.00289782940471824,0.648244439626591,0.0513720262742426,0.51471718571355,0.0156954377192126,0.782412367487329,0.0746336777369908,0.520725189543874,0.0134575531278256,0.633863432158098,0.0351342523013038,0.507425902613483,0.00606656381767166,0.679252124899721,0.063384790899348,0.511997661340631,0.00703789130395561,0.767700581017137,0.0712860164619913,0.509723366733154,0.00726302400292562
222,50.5,29.011491975882,0.674634602422041,0.0453768725106066,0.502738052213356,0.00239739613290067,0.649039244126382,0.0518302565524682,0.515920910402018,0.0155392621816302,0.783256146288038,0.0702131672530781,0.522036290075632,0.0149283379468382,0.634454773460936,0.0361414353549352,0.504840469171591,0.00457679914227202,0.681716368856645,0.0647248106075679,0.51451900874103,0.00877290851725441,0.764274535221248,0.0673760170232673,0.510033892028764,0.00747402410581409
223,50.5,29.011491975882,0.673922127939492,0.0469115741948894,0.503408803074734,0.00339049137284436,0.647406386853179,0.0522428372903494,0.514936448655864,0.0141896491043588,0.780683985966785,0.0692083489466641,0.522107089258034,0.0157311535138843,0.634722268570789,0.0372440956892524,0.504848978321933,0.00359437598353486,0.681357341856497,0.0650813312317812,0.515031898449782,0.0106664323281097,0.762125010306498,0.0657150173487942,0.510299072124655,0.00809975031387856
224,50.5,29.011491975882,0.6722827127537,0.047977782934867,0.503492614665109,0.00292448704231051,0.646581918491636,0.0526628018066145,0.517093892483716,0.0145953993782921,0.77950477324048,0.0682292370148719,0.521307723638535,0.0133361872781961,0.634051119418212,0.0375436745112223,0.505455837997172,0.0043387868326341,0.68056511347297,0.0652319026550621,0.513628896555634,0.00964905177418969,0.763131937674152,0.0669453897335863,0.509785224378518,0.00657914443239212
225,50.5,29.011491975882,0.672564188863366,0.0495085675823891,0.502347219902913,0.00175608390203205,0.646552763606391,0.0530485708444775,0.517532548757526,0.0146636698703983,0.774118933376967,0.0681367070855528,0.52335711700213,0.0157732866540481,0.633864423892966,0.0386572458300413,0.505946741177064,0.00450368228965487,0.678788443194684,0.065344767045765,0.511779259109162,0.00785784647734349,0.760829101396977,0.0688266646757292,0.510858558309422,0.00827014393548449
226,50.5,29.011491975882,0.671636918396706,0.0498393206550217,0.50348893144134,0.00326269352975101,0.646252862656088,0.0517916874753645,0.516918589236424,0.0142431703408398,0.774199514945886,0.0689956167112056,0.521203032815925,0.0125874387196585,0.632851744878798,0.0395056150358268,0.506322758952671,0.00508056061795301,0.678729150089119,0.0649835013849811,0.515430618280848,0.01031670491738,0.759559807169144,0.0696509427119468,0.509086880507485,0.00581069245733109
227,50.5,29.011491975882,0.671694870274568,0.0507177645209689,0.503064419025791,0.00315711573474016,0.646056180843622,0.0500841418630112,0.51583807993367,0.0127151511756819,0.771404283070143,0.069628787413147,0.519773095610873,0.0133516831564831,0.632968434540808,0.0406610244483076,0.506923419443146,0.00597278343381415,0.677253811134827,0.0622931680683395,0.512513762575145,0.00703246343436721,0.757960918271453,0.0713730838531274,0.509879025776861,0.00704278020929172
228,50.5,29.011491975882,0.670532764737957,0.0504842060557477,0.50485104926936,0.00390440438097809,0.644360493669225,0.0479682731409838,0.514038502334294,0.0116240561577213,0.768931514138338,0.0731112699769476,0.52201553948937,0.0162228113617394,0.632813931810141,0.0409994950926864,0.505914824572968,0.0045091477836686,0.677011388540204,0.06098078071588,0.513502568387233,0.00789838585424118,0.757317245519629,0.0719618132087215,0.509701567060896,0.00667836954266635
229,50.5,29.011491975882,0.671256397389803,0.0508957653084016,0.502781369560988,0.00321834630879707,0.644654167464067,0.0468515575475964,0.515951532454604,0.0126653050656005,0.768033821840342,0.0759540815099857,0.52035936325532,0.0143615581861424,0.632217488016585,0.0415621119551842,0.504834972798973,0.00340735481534658,0.676377500733349,0.0603029148138478,0.514854595370135,0.0101553330911878,0.754157967262947,0.0718347760611923,0.50959629068786,0.00620705522244829
230,50.5,29.011491975882,0.670462260048242,0.0504197640199509,0.502973314348305,0.00325313726387976,0.644882741047927,0.046008412558066,0.518441768652724,0.0137125003963682,0.764015836728775,0.0799891779575656,0.52035684829353,0.0142050538365441,0.631362631088698,0.041200175368108,0.504881121617336,0.00326566785948015,0.675161111238154,0.0593837003506274,0.513243790539425,0.00869471802945767,0.75400635234523,0.0724166625700334,0.50886285920746,0.00553771433297447
231,50.5,29.011491975882,0.669103223554785,0.0496498080693261,0.50385598669046,0.00381901132153595,0.644548691956767,0.044923004378379,0.51868424388972,0.0149202617400385,0.760334065287781,0.0846553160668618,0.521098876194678,0.0150068194907867,0.629382469708586,0.0408978691152818,0.505635808780424,0.00411500886201863,0.674457343612227,0.058262953397061,0.514677485322342,0.0101900230605249,0.751935900934612,0.0745601335411802,0.508477712445044,0.00511572293735147
232,50.5,29.011491975882,0.669589047263689,0.04911821876444,0.502093622971924,0.00168537692867293,0.645393009408984,0.0439749866340733,0.520449484832772,0.0149353363999742,0.76158616747098,0.0872369856703094,0.518357995026315,0.011982344707358,0.629548933873068,0.0406181538633273,0.505244254711357,0.00444696061051832,0.674010196682267,0.056261954255275,0.513349934877594,0.00872732881473087,0.751532232110393,0.0775100290716621,0.50821924758015,0.00462832908357859
233,50.5,29.011491975882,0.6691212080907,0.0487183947588805,0.502479713001929,0.00249774546019636,0.645861056367051,0.0431453892638389,0.519614293729861,0.0142388982768402,0.756877633800467,0.0904615011907545,0.517877998364014,0.0113355591143739,0.62959837200406,0.0398663925160128,0.505203336835582,0.004137040671038,0.673107431327013,0.0541469282207631,0.51256024899912,0.00866599576715352,0.748249195534747,0.0807672970993283,0.509819613312664,0.00601716733803663
234,50.5,29.011491975882,0.669306333552798,0.0479168406530174,0.502750738920763,0.00306039026572217,0.645746372004298,0.0425633503878156,0.519007559742996,0.0183355662355473,0.751841794624784,0.0908545367025934,0.521622432096836,0.013477584963287,0.628813058955354,0.038497087774854,0.506488427179294,0.00500560350345011,0.672465799824167,0.0520741386879599,0.512627999872621,0.00968845355732229,0.743716300327667,0.0846690549226225,0.509301033999058,0.00687594793774317
235,50.5,29.011491975882,0.670831797360877,0.0467417230640676,0.502656541564449,0.00268160872532745,0.646521480124194,0.0420460248268312,0.517446228238811,0.012454840929611,0.752983420534453,0.0948828852497401,0.519270122230567,0.0128031609673777,0.629613480460648,0.0375838951591953,0.504698011189685,0.00333022069868058,0.674270763476431,0.0513866980915543,0.515168542853213,0.012485743606413,0.737618172222613,0.0873738845690437,0.509541674555778,0.00657429013766273
236,50.5,29.011491975882,0.671367256663634,0.0442547752821218,0.502922328955713,0.00297459846988568,0.646877662889056,0.0410669356677142,0.519815993157564,0.0181918253297809,0.74861020462119,0.0982625717235176,0.518831829288899,0.0131973820455077,0.630668944197379,0.0366115986778364,0.505271308067794,0.00396024637033081,0.67503223547974,0.0504404091269089,0.515101581038173,0.00983736943480498,0.734917497863567,0.0910896172307774,0.509111049344477,0.00606474247321883
237,50.5,29.011491975882,0.672714967483813,0.0442912458364046,0.503142449991545,0.00316185203957293,0.646838365369395,0.0395912292714097,0.517754903442505,0.0134323874842666,0.743069177578217,0.102255075133498,0.523952091192031,0.0187671846023407,0.631443400798471,0.0357645108919663,0.504953491310322,0.00353420123631779,0.675053158806906,0.0490092567464706,0.512837399277583,0.00888766397225733,0.733243289927016,0.0943757233326446,0.509355539598048,0.00598928349057883
238,50.5,29.011491975882,0.672106778956355,0.0444853823963805,0.50293889989683,0.00286231637826406,0.648173756476599,0.0391687489328106,0.516286399959254,0.0124293170878962,0.747743665710743,0.105510296851282,0.519759749860596,0.0135419915271709,0.630437181012994,0.0346702101744906,0.5075471280963,0.00515526529181361,0.674565385104424,0.0478725492517737,0.512379561594839,0.00822075683500638,0.728846924882543,0.0959508096122897,0.508984369322471,0.00535862857056094
239,50.5,29.011491975882,0.671488534907209,0.0451112710973607,0.503263983862724,0.0031481500951169,0.64850178073594,0.0387183009733732,0.514411703667188,0.0116768814087509,0.747639008499464,0.10596450470957,0.520638000653054,0.0141961983072217,0.630985801772866,0.034852541354543,0.504967341038575,0.00343442490718548,0.675679619749668,0.0476760508398352,0.514213404430195,0.00923451855549447,0.729461200144638,0.0964714931004804,0.510534130187864,0.00778472481082508
240,50.5,29.011491975882,0.6712150817208,0.0457656534468987,0.503019127063562,0.00278079103548526,0.648979344760864,0.0385860150303782,0.514275557745625,0.0109105192064776,0.749537099687571,0.105579546468792,0.522475061917223,0.0157019975898729,0.630376876456903,0.0350661264039928,0.505110651664319,0.00393551764114023,0.676461855485506,0.0473399461423717,0.515164521189612,0.00956554066885118,0.730189716848627,0.0959289647228641,0.508811145007454,0.00536241778091033
241,50.5,29.011491975882,0.672771703912477,0.0463334461743291,0.502717996648613,0.00308159007372906,0.649968487573599,0.0388737407644838,0.514856065698974,0.0122017153130826,0.748136060765378,0.0996014379274726,0.524082680783829,0.0163428250409001,0.631636290521531,0.0354732280768914,0.504748609672839,0.00345639074309353,0.677403109626389,0.0478262861261366,0.514036387596029,0.00824873802871502,0.728668103279226,0.0963532331851928,0.51085552211015,0.00772136653095836
242,50.5,29.011491975882,0.673588865120345,0.0463637746129241,0.502700913286573,0.00299091875871792,0.65137330228099,0.0382576050783337,0.515447005534125,0.012085137827616,0.747071914625134,0.102112970163036,0.523446374152956,0.0161200336392709,0.631337713250083,0.0354347652825996,0.505118788301672,0.00348908473029154,0.678835648652378,0.0470170199336847,0.514826560269066,0.00989341504689428,0.727924647810883,0.0977496558975861,0.509803966687461,0.0055623506818515
243,50.5,29.011491975882,0.673600440142478,0.0464912177541901,0.502628397328465,0.00256011136556703,0.652414619563186,0.0376259488178622,0.514128105312349,0.0111115548191185,0.746957913720091,0.101894821032888,0.520072562203858,0.013158744426963,0.631394974803156,0.0355468179855959,0.505816158577989,0.0049310705803851,0.679898725526537,0.0458447694070027,0.514420263767807,0.0114774417780292,0.726490959180167,0.0976121515603863,0.509147285052288,0.00523753617541252
244,50.5,29.011491975882,0.672228937382331,0.0466057292295283,0.50319188832927,0.00469266828360665,0.652297783655023,0.0371854316689835,0.513933913910459,0.0113265591359346,0.74219660214157,0.100798597090502,0.523739938264388,0.0169730016333369,0.631208636608222,0.0358338236216864,0.504927898709001,0.00398649176266605,0.681262278594254,0.0459141692978777,0.513840772759684,0.0104405615202895,0.728241882130112,0.0990614910892994,0.509213530405365,0.00481926867270368
245,50.5,29.011491975882,0.671731991056899,0.048229131132593,0.503347908954532,0.00352827325265147,0.651756212702389,0.0370839570685027,0.514234903718157,0.0129031573392028,0.743696968303613,0.100458198253137,0.522019844024137,0.0138167596086066,0.630820047028487,0.0363940175576092,0.504540599568441,0.0034467509973581,0.682478958447737,0.0465498150854621,0.516158677130222,0.0121362256894536,0.725221540696789,0.0992857371870205,0.509252435866975,0.00501717472277428
246,50.5,29.011491975882,0.671466238709208,0.049372046181604,0.502707904174331,0.00309228986481702,0.652341568751462,0.0381152815207484,0.515972313341605,0.0149099211865072,0.744195237814603,0.10239627371283,0.519501997582857,0.0108156877311263,0.630999161233239,0.0375072200632224,0.504552749632199,0.00382558191068944,0.68213224628401,0.0474937136043816,0.513675441943997,0.00908088660974886,0.72677447853746,0.100960313506999,0.509188971850423,0.00535433540175608
247,50.5,29.011491975882,0.670946173660239,0.0515440956004855,0.502325012277751,0.00226717206190371,0.651770590867551,0.0391554064240175,0.514116479495983,0.0140444242415064,0.742471864646533,0.103542859729622,0.520418568724814,0.0132809696266348,0.63043545928734,0.039332677505803,0.505515022358941,0.00505971224429298,0.680376367060733,0.0480945913934577,0.512692100101964,0.00890457524063438,0.726856968751362,0.103574522672749,0.50890470272999,0.00518559536402457
248,50.5,29.011491975882,0.670643178744597,0.0524560335276715,0.502245157003276,0.00268258817541028,0.651337580654565,0.0400568503894442,0.513311197903156,0.0138379525486115,0.741813344946432,0.105639141958239,0.520052014430596,0.013600944839016,0.63131898511236,0.0403707827107865,0.504283286576945,0.00353215337313393,0.68135902677795,0.0494761173092988,0.51291262641019,0.00834505862242167,0.725178669379784,0.105896737678746,0.509498926246297,0.00523266045839071
249,50.5,29.011491975882,0.670729111972808,0.0522500197272054,0.502510922006358,0.00275099596437723,0.651022025329756,0.0409996684645601,0.515156764428328,0.0186008939733526,0.735739445139119,0.105689915537925,0.524101000577756,0.0174568915365484,0.631232986104346,0.0404034396731027,0.50486092836644,0.00382104872511105,0.680763246998088,0.0503172215575435,0.511353614936622,0.00750405306933314,0.727088709888257,0.107669011613795,0.509179439331863,0.00578254987019762
250,50.5,29.011491975882,0.670426359169248,0.0512674706411045,0.50229069181171,0.00234110479728895,0.650975704899828,0.0415520608138699,0.513194934948242,0.0137046329517837,0.740007562358524,0.109544939565099,0.520301457105211,0.0109163347574492,0.6314074786932,0.0399840381372218,0.504481984889475,0.00390524286432889,0.680106846065964,0.0517540075717862,0.511452792320578,0.00810580615450266,0.723000750312541,0.108291031442919,0.509711848621363,0.00642054845758343
251,50.5,29.011491975882,0.669749890109505,0.0499155029243674,0.50294000278937,0.0030785233479909,0.650810785057573,0.0419926425900691,0.512910423474501,0.0131965502757141,0.738591049263598,0.111396463417335,0.520220311611242,0.0114005570917127,0.631247919002291,0.0387998955018781,0.504418071836392,0.00360724839743481,0.679955202765121,0.0518327777349134,0.512931778929986,0.00934965514424846,0.721387103885691,0.107567379458866,0.509287344973914,0.00703469875642046
252,50.5,29.011491975882,0.668886590931106,0.0484111603344152,0.502976376490741,0.00299405850878648,0.65068881307522,0.0427518261719692,0.512646134271905,0.0123970140399504,0.739417004006366,0.110635780878965,0.51995683986987,0.0117352723836714,0.631392926644279,0.0377748794314984,0.503882713298685,0.00314456097245615,0.680867240961357,0.053149394712165,0.514191788097135,0.0104054000436831,0.720525426493835,0.107732459223724,0.509942221283446,0.00705409679176274
253,50.5,29.011491975882,0.668102256665523,0.0476283103976538,0.50316828927219,0.00342403824093636,0.650729100409194,0.0428096676982284,0.512357975080055,0.0122901946639464,0.741382178163371,0.1137871825269,0.521832032106462,0.0138666637853988,0.631529016776519,0.0368538961244225,0.504508089391123,0.00350872993055832,0.680309468159679,0.0533108065793568,0.512348756256695,0.00877409387341303,0.725313191044483,0.109183757664083,0.509548960778726,0.00686083641687112
254,50.5,29.011491975882,0.667889392845064,0.0473423716631165,0.50228044708508,0.00233246469631738,0.652410950728227,0.0430480253671135,0.512860835519487,0.0149359019627144,0.741952427102948,0.11152124140418,0.521108856562205,0.0130054785306754,0.632579474991906,0.0372627836629812,0.503712169477522,0.00287473243186675,0.681334459579447,0.0533809780881322,0.511190426742316,0.00635232908684225,0.727615728299147,0.109118577166397,0.510662591212126,0.00709427500437485
255,50.5,29.011491975882,0.667062183651983,0.04820862285908,0.502380989136415,0.00249669243034212,0.652200943450137,0.0423204492668661,0.513163347275815,0.0140077061936872,0.744538190542793,0.109744497631039,0.520294330208115,0.0120952514256746,0.631853423837464,0.0373822151960993,0.505272674171976,0.00428977697504035,0.680578065955662,0.0524898371431969,0.512160704039041,0.00803219337894973,0.728707562541749,0.107389391637524,0.510408420890071,0.00665234708137251
256,50.5,29.011491975882,0.667023207658168,0.0489924124909879,0.50211847460793,0.00227052625468717,0.652435161348229,0.0413982041985405,0.513496875611841,0.0138081732236121,0.746055326105941,0.105976564625771,0.520308179153799,0.0119167199722083,0.632978269817416,0.0383318789356115,0.50471138041906,0.0037860371250179,0.680195544283077,0.0511215747435615,0.510971280315325,0.00546449481620718,0.730893404785663,0.104349786177007,0.510627651127104,0.00680478578304538
257,50.5,29.011491975882,0.666784943581121,0.0492277917004882,0.502146511414354,0.00191321509837264,0.651803765741551,0.0409944306244538,0.512175919260022,0.0125659137760256,0.74362703139914,0.101951366353381,0.521691848903047,0.0121281914721952,0.633035658568978,0.0388939768107419,0.504274636768829,0.0035667490867264,0.679897381947338,0.0513566104589376,0.511299775466333,0.00681637165059422,0.731601583582139,0.098899216022725,0.510458103555611,0.00647414515505867
258,50.5,29.011491975882,0.665611337271817,0.0497524801622869,0.502877816159545,0.00341822297248102,0.651940053601921,0.0412126121541359,0.511548172559998,0.0120485164107583,0.741795575463851,0.0979298723474424,0.520889737145501,0.0111325871870994,0.631399062452465,0.0398638334965707,0.504526972655491,0.00397697823600736,0.680219411641545,0.0521248602531064,0.512429411848311,0.00999796276078445,0.729955912482612,0.0968232707321717,0.509937416553767,0.00614827756416686
259,50.5,29.011491975882,0.664101608721063,0.0507485301318217,0.502598943939794,0.0025247557829399,0.652311690583376,0.0418439109892508,0.513588826127828,0.0137224604727434,0.743830004391091,0.0960822816402284,0.519397280346484,0.00959845448923257,0.630796219489025,0.0409144803027977,0.503305757119862,0.00276454927766104,0.681572053737421,0.0533070533507901,0.514365771287704,0.0111295202437557,0.729357107692954,0.0932663000970289,0.510244660065008,0.00621667055931088
260,50.5,29.011491975882,0.663646423950774,0.0526951229410381,0.502489408783001,0.0025668070262096,0.652329647598536,0.0412305819782521,0.511570240993607,0.0130614206505575,0.745951144215921,0.0940414024789154,0.521059711838826,0.0122696674037744,0.630878632835178,0.0428704321490039,0.504080910622771,0.00345101624580009,0.679812540182319,0.0523835666699051,0.512236804126327,0.00707573243190202,0.732971012659854,0.0920107334196687,0.510055931206819,0.00599730414202702
261,50.5,29.011491975882,0.663347161488712,0.0541090560593547,0.501821137937756,0.00173285747478428,0.653014399339667,0.0413000738979662,0.513519959799765,0.0128907611596097,0.748293820816097,0.0925593366684977,0.519882447031668,0.0108518361882307,0.630809917400431,0.0441916694611059,0.50471474293284,0.00440630873433337,0.679339210857202,0.0522145592394533,0.510882379631645,0.00564457295803251,0.735878199608094,0.0886107074532533,0.510002338904094,0.0067985456231519
262,50.5,29.011491975882,0.663015036364353,0.0549790106171682,0.502683308057339,0.00260227160896258,0.653113165600254,0.040355123845085,0.511830523125929,0.0120395434116201,0.743958184585303,0.0901933190344686,0.519562950056964,0.0104675510391104,0.630592426430785,0.0436888194121108,0.503449005453458,0.00273157717293341,0.681503693487436,0.0529565938408742,0.514719393709031,0.0108603274133572,0.730573096599705,0.0858280683841541,0.509927624390093,0.00616122360991587
263,50.5,29.011491975882,0.663162504762561,0.0547882701118239,0.501572417462134,0.000914207126316984,0.654021075133547,0.0400235738402005,0.513825561360053,0.012515605066579,0.744554080392359,0.0893720737244343,0.521035403021789,0.0124056568260559,0.630211958020053,0.0436253184603723,0.50442686166778,0.00379784819349217,0.680833462213003,0.0517184858039115,0.511110949085782,0.00661654635655824,0.733742602525766,0.0856100117636478,0.509714181542225,0.00601828666767611
264,50.5,29.011491975882,0.661559707272252,0.0544639884233555,0.501981617526628,0.00195212790886564,0.654801294717548,0.0391887619565017,0.513371446126876,0.011808238471428,0.742961068886718,0.088479389853954,0.518091743447157,0.0092228532590405,0.628459950762337,0.0436340734090088,0.504512157711425,0.00368854783491164,0.681477634711379,0.0504907347864044,0.511540291292437,0.00701730127629498,0.731809734898576,0.0863059409137641,0.509376609062139,0.00578088784495612
265,50.5,29.011491975882,0.660816757003932,0.054798465326427,0.50230915645745,0.00239391252286104,0.654862213633732,0.0388669684472796,0.512670546546478,0.0127331277647561,0.744805272661767,0.0880148805424822,0.517719734852197,0.00877056363048715,0.627968391992043,0.0437759192131141,0.504110786849041,0.00347399265663446,0.682266402671694,0.049352251163188,0.513660706222341,0.00874769475160151,0.73006202611161,0.0861947082002758,0.509951724136303,0.00635665817989905
266,50.5,29.011491975882,0.659745651417704,0.05615953071769,0.50317452881801,0.00335721585018745,0.654968785962306,0.0385294756378008,0.511910905772408,0.012215497624283,0.744002655780145,0.0877408554764617,0.518357549017076,0.0104913758471036,0.628465558319015,0.0452763068516757,0.504303343272516,0.00353915778195687,0.682774914110295,0.0487948028449972,0.512961145469511,0.00890426969923854,0.730774519541583,0.0848987121616565,0.509433065296056,0.00515651698498427
267,50.5,29.011491975882,0.660289112671832,0.0579053958661143,0.501999122429097,0.00180160849805059,0.655470715097355,0.0388094670845519,0.51244534945264,0.0118388086426384,0.745396869498593,0.089596755611093,0.518598792251324,0.0120245895312168,0.629052407429152,0.0463290164020273,0.50459995406061,0.0038528137827316,0.682462648198772,0.04859555231009,0.511059478705872,0.00641270422746586,0.730415705411355,0.0861300992358836,0.509093502773004,0.00538604067646658
268,50.5,29.011491975882,0.66084726195127,0.0593195655033959,0.501892590229043,0.00238226469511355,0.655445616729535,0.0391482202575848,0.512010897801805,0.0107358878355328,0.743063097139031,0.0888011893890955,0.521094869976519,0.0165519704094459,0.628603686602797,0.0470605098810678,0.503684935855319,0.00362351793065793,0.683027710524366,0.0487705196428577,0.51250098409352,0.009250215951226,0.73173110360488,0.0840233107909214,0.508874778530264,0.00501941775216117
269,50.5,29.011491975882,0.659952483567179,0.0597063249596276,0.502112436695301,0.00282570070776269,0.65566679274418,0.0391773264460794,0.511327360613102,0.0102684761490389,0.744504746706513,0.0877102077268314,0.5203194935881,0.0120300288974722,0.627981210208313,0.0466943145302556,0.504146231413299,0.00404786468863576,0.683073610026,0.0486686600045537,0.51167601804538,0.00754179340236187,0.732181375990997,0.0845282552114062,0.508905239955833,0.0058279941000337
270,50.5,29.011491975882,0.660110437337327,0.0592396057014535,0.501711700061133,0.00160596479747194,0.656119760576547,0.0391458101939264,0.511060479430934,0.0108928906140722,0.741977837498632,0.087161773860963,0.519156799848631,0.0108931935405441,0.626650137507247,0.0461586012909815,0.504556523537608,0.00464367804450265,0.683434136364982,0.0486496994112279,0.512414217195789,0.00943626672595977,0.728079521812695,0.0839493078892644,0.509691552855891,0.00617569872715018
271,50.5,29.011491975882,0.658984863877304,0.0579541808899521,0.50325708282432,0.00349873456356911,0.655365919413469,0.0385851381156793,0.510005494576947,0.010488228771808,0.740991898367009,0.0886907258625484,0.51928388855034,0.0108014106664404,0.626694528343856,0.045148238135579,0.504203902301992,0.00357092682469831,0.683514029174415,0.0492928653028378,0.512322412774927,0.00856436022025877,0.728578370746916,0.0848368234846278,0.509938909285504,0.00563938757815253
272,50.5,29.011491975882,0.659741469628349,0.057370499188983,0.502365514383002,0.00283008141856257,0.655652511543442,0.0382875253510157,0.511006481054685,0.0134593979443896,0.742854614125422,0.0894477080325531,0.51882148609584,0.0116751305777165,0.626724489586263,0.044578516495239,0.503610468199415,0.00317337181466269,0.683806086401859,0.0494874729305722,0.511850539149194,0.00734287199282506,0.729808476560417,0.0849383638931911,0.510408699056399,0.00557797478311718
273,50.5,29.011491975882,0.660240567367246,0.056186729295843,0.501781123013478,0.00188420544927887,0.654909831748795,0.0375913454793337,0.511461973781165,0.0134717186190609,0.742683273149792,0.0907329553570963,0.518723199105532,0.0130493661880356,0.626453601600884,0.0436781690409076,0.504288527125086,0.00360905625148092,0.6821934054445,0.049681078597829,0.51112529368009,0.00715917516557475,0.730249349711937,0.0855113215020624,0.511107869889185,0.00675313287295668
274,50.5,29.011491975882,0.660771796887499,0.0550670339597101,0.50191354074919,0.0022732608389398,0.654253729373327,0.0369045091652695,0.510679305763693,0.0137262767671122,0.744850018240046,0.0917682890427069,0.518689571033466,0.0122193929229827,0.626240349297664,0.0427677479632319,0.505281896176862,0.00465806489594248,0.681530997804369,0.048203330491686,0.509702945621798,0.00593774968795168,0.732385320619685,0.0861804713829378,0.510560041506397,0.0052573645690402
275,50.5,29.011491975882,0.66127508524473,0.0535937387429716,0.502174784799891,0.00231647943088493,0.654305622985261,0.03606056437601,0.510315403109465,0.0123924001338314,0.745787174822132,0.092684596445204,0.51831385268933,0.0121622826425822,0.6270516149766,0.0419215966648794,0.503796112385655,0.00409900796672589,0.682096075959109,0.0468576814931649,0.511175424130923,0.00800117054794286,0.73177073516873,0.0836921481726485,0.513045175842629,0.00749825408221566
276,50.5,29.011491975882,0.662510482671817,0.0528525421253014,0.502374526928324,0.0026042340368089,0.653651129779631,0.0352727104268011,0.511137432364395,0.012578753566763,0.741090170318826,0.0943467609708677,0.520487812581209,0.0147583771466085,0.627491981911356,0.0416184114715355,0.503761435647797,0.00361748347251281,0.683168279087702,0.0453375089976114,0.512548629268306,0.00813693945070503,0.731506269178038,0.0858175807372953,0.510875803877087,0.00541879703912185
277,50.5,29.011491975882,0.662210754815624,0.0511962148995968,0.5034424313799,0.00377507606204488,0.652981344594059,0.0340724241988068,0.511928961639303,0.0132571972220215,0.73713343342946,0.0947600206093565,0.522219837790359,0.0146622089463511,0.627890407406993,0.0417730817932061,0.503633058954981,0.00451286124378529,0.684270147874953,0.0436498715300429,0.513514105904142,0.00867436881374968,0.729881194980735,0.0857431786605758,0.510757638991515,0.00538925436983799
278,50.5,29.011491975882,0.663154668174569,0.0504693744201718,0.501975886901933,0.00245701568535042,0.654960381708768,0.0331980441349841,0.512945661221338,0.0131636325674782,0.738167345374442,0.0968164645877629,0.52093279429753,0.0136765432476951,0.627408198857353,0.0414123695748435,0.504886253264122,0.00457913991619878,0.683978606157956,0.0420571297209461,0.51201573033818,0.00954469817748464,0.731416905377995,0.0881672198032248,0.51032209851031,0.00474609390318528
279,50.5,29.011491975882,0.663701180931857,0.0493313734671105,0.502135127421924,0.00257963624966371,0.65540659600909,0.0318282785747291,0.513457330895532,0.013405660491067,0.736198267015454,0.0966184077035523,0.52030854594298,0.0124911736396422,0.628951327381472,0.0405771207558969,0.503365739241554,0.00314919546087591,0.685343549954024,0.0412432944740874,0.512994468590673,0.00815516873809183,0.731072665058965,0.087505476114826,0.511558481580572,0.007661479811318
280,50.5,29.011491975882,0.663679258986538,0.0482652777275899,0.503226691275436,0.00358753429061598,0.654843299259246,0.03146552882551,0.512636237662408,0.0131970155839529,0.735770930686915,0.0939491632969326,0.519261205903833,0.0143792138955629,0.62793090493094,0.039005287191137,0.505041537331275,0.00470160410964373,0.683950498805697,0.0409023735257869,0.51351361837262,0.0089343146687054,0.733060062811326,0.0864755877013602,0.50995622652434,0.00513151245019074
281,50.5,29.011491975882,0.664954702857057,0.0468485286816932,0.502057922496038,0.00224370346835857,0.655317542886258,0.0316355507667889,0.51326089457305,0.0118455960265515,0.73523882328412,0.0919270100901907,0.522441428016952,0.0162699381132535,0.629624760866851,0.0382161558255079,0.504998561250318,0.00504116982955038,0.683019075335791,0.0410746703572326,0.511099977827805,0.00799273014495099,0.733459022948139,0.0857588904164923,0.510550346435837,0.00591311036113202
282,50.5,29.011491975882,0.664426956643598,0.0461998133859302,0.501986677845175,0.00233476280442348,0.654615732016453,0.0323824687406361,0.513198028766111,0.0116213936864454,0.73679984905213,0.0871402017171714,0.522098527648703,0.0158639900977829,0.629114593187123,0.0383978885385683,0.504736224121518,0.00395780883802838,0.68294988591576,0.0424756727775386,0.513951348228564,0.0113008949252941,0.732043196631111,0.0832828759573613,0.510338078941617,0.00573082370435669
283,50.5,29.011491975882,0.664408038623059,0.046240598349697,0.502137783095691,0.00245753351267971,0.654421561881448,0.0333695252299873,0.513339249058151,0.0120321904997378,0.740213713234554,0.0841774112446791,0.520661541060887,0.0134456504565411,0.629637528366764,0.0388263205801332,0.504197243848657,0.00292942456351257,0.683198262629364,0.0433076963245576,0.514293155126194,0.0104230206486743,0.73388435030197,0.0835435180098575,0.509930203659229,0.0050965915019631
284,50.5,29.011491975882,0.663329654500425,0.0465058614358242,0.502840725878664,0.00320104548087485,0.653370962827719,0.034237523843096,0.513099911970796,0.0133222918841089,0.738214267389462,0.0825985853799112,0.521677679195152,0.0153358209180881,0.629542652103458,0.0393102464250052,0.50587523359389,0.00417295528093568,0.681622584770717,0.0452776369778116,0.512763818619579,0.00979612948041206,0.733680816552111,0.0854395343736194,0.509439875604638,0.00539538425015496
285,50.5,29.011491975882,0.664007478094877,0.0464347695590778,0.502016201336433,0.00201937737441155,0.65376964767352,0.0360425191547242,0.514820800527348,0.0155694345201717,0.734031011852297,0.0854150730665596,0.522291734696,0.0161713878573471,0.630422988990091,0.0391052337176744,0.505017564280286,0.0040814243172444,0.680424123673174,0.0466297143883207,0.514353091266564,0.00832044551515673,0.733001521161146,0.0872900931449152,0.510133634982335,0.00581123458833334
286,50.5,29.011491975882,0.663417734014149,0.0463095567315311,0.501758438023681,0.00138208711230866,0.653223217838876,0.0369766960368868,0.512922839012542,0.012498216852802,0.737626861994809,0.0864336074428693,0.520125162957255,0.0145077794722264,0.630053728142582,0.0387779106347481,0.504187693930647,0.00307015194446443,0.680872206441335,0.0485759668783482,0.514743910812445,0.00979999868817923,0.733777304198668,0.0890485886672853,0.509108453021876,0.00516089924679275
287,50.5,29.011491975882,0.662330090415105,0.0472389406079375,0.501887124664362,0.00186560971250665,0.65260626436422,0.037537608471758,0.512152551937353,0.0114473686247061,0.736296699771941,0.0880518342544982,0.521273358072377,0.0157995414739458,0.629122709925379,0.0386843770719134,0.505150643927465,0.00475392576861921,0.679953557164885,0.0497313780753346,0.514344342432389,0.00864298673980477,0.733675500035756,0.0902350154678462,0.508722835634493,0.00498140847063588
288,50.5,29.011491975882,0.661296428940112,0.0478826352686253,0.502346839580339,0.00247863409096931,0.651925020985667,0.0375050937100698,0.511972513478148,0.0118534381182342,0.740563614323223,0.0897650867433219,0.519090884137074,0.0129461384903387,0.628838960075355,0.0388939101661574,0.504608664504346,0.00379246933840834,0.680218762632091,0.0508131666702273,0.514871184195363,0.00863358789297514,0.733774085017429,0.0902003644190936,0.508580939755614,0.00533679705855416
289,50.5,29.011491975882,0.660867281683321,0.0474091230415438,0.502681793852398,0.00278794706403094,0.651956889276369,0.0375596020752531,0.511212679966946,0.0106515715850474,0.750024715513652,0.0882054535162838,0.518694075700903,0.0131921983945472,0.628955896205824,0.0381885033066642,0.503885398207393,0.00297368948606462,0.681870291931245,0.051842151484389,0.515242792505941,0.010485607153927,0.741564609038902,0.0881564337991688,0.508750841542067,0.00550514859624546
290,50.5,29.011491975882,0.660727062592398,0.0468896294187112,0.503237482592099,0.00316702598669232,0.651776811599736,0.037660147169416,0.511671818647512,0.0123172027711499,0.757782843204597,0.0859215216071558,0.517168389376487,0.0104126868732135,0.628359125703239,0.0377403788676248,0.504492343245199,0.00309172369002737,0.682653280079342,0.0517570289588929,0.513763183526509,0.00825279448524461,0.74951297212532,0.0857004520489215,0.50932113724407,0.00525217754109964
291,50.5,29.011491975882,0.66183796320609,0.0462929274017838,0.502683128057036,0.00253209030216908,0.651687857891075,0.0376940839091314,0.511803861390532,0.0118723949711553,0.765684514598187,0.0818376669278842,0.518783795389687,0.0132387202033123,0.628728293605111,0.037842995534705,0.504161778550899,0.0028286808660261,0.683286941381176,0.0521009077503839,0.514335846787615,0.00874522263154597,0.755924571998,0.082245005523882,0.509159581916611,0.00489467125061207
292,50.5,29.011491975882,0.663052375630685,0.0460193046205962,0.502241835777512,0.0022615884453911,0.651217819645906,0.0381406021208969,0.511224272037613,0.0114785180107176,0.773791897294247,0.0772155934968998,0.518941247601232,0.0125970758081195,0.628912043971562,0.03765963605386,0.504313923382045,0.00366030889827826,0.683553786374476,0.0529734065614364,0.515738147211663,0.0101159130269077,0.759137592055227,0.0760224779986267,0.509753447207611,0.00613942023710086
293,50.5,29.011491975882,0.663864472867718,0.0462406976767303,0.50214832512251,0.00221925645536738,0.651461397275007,0.0387700270083901,0.512465225439249,0.0124450661293938,0.778188253934577,0.0737119726793971,0.518845894637376,0.0121352132765206,0.629283529160846,0.0377702823171836,0.505671435861827,0.00348771890240595,0.68356130641334,0.0536953766985092,0.513617709607891,0.00926703980226645,0.766831304167686,0.0719488946381024,0.508634066037654,0.00432806349753531
294,50.5,29.011491975882,0.664253506759836,0.0464906984531152,0.502747972298679,0.00288231700811735,0.651342853227123,0.0387242368034138,0.512073479837655,0.0126144311226449,0.781861554338828,0.0713885584876211,0.517113454640193,0.0120606212379159,0.631272372018761,0.037611738206811,0.505103405520313,0.00321325433577314,0.684203533456404,0.0532837156924802,0.511967736559284,0.00824791892393393,0.772789210489343,0.0689262549748755,0.508647231632016,0.00421665837679261
295,50.5,29.011491975882,0.664749228611782,0.0466980639728686,0.502569061859991,0.0029429511215576,0.65154481777594,0.0387892520378896,0.511004328763767,0.0108227119387583,0.785362402090177,0.0720879754894442,0.519612952389873,0.0135424397887854,0.631005952172117,0.0374694754639251,0.506087642982204,0.00435511769007081,0.684887843928999,0.0531301798970558,0.5118085700017,0.00764761174499216,0.777010717612416,0.0678810587348994,0.508322786007198,0.0035550375043852
296,50.5,29.011491975882,0.66564740837299,0.0475708118441301,0.502164858252312,0.00246546914542673,0.651653794018847,0.0387715566071469,0.511299381799925,0.0117886532702133,0.786481257515361,0.0737472396424047,0.523101625263728,0.0157041880036872,0.63177962675292,0.0374966964389206,0.505370099904571,0.00347765346677304,0.687164040458857,0.0515597414274947,0.511086756641844,0.00800595581253602,0.781983250714305,0.0685891149505006,0.508456046188555,0.00446294151740836
297,50.5,29.011491975882,0.665175354549807,0.0474778350807122,0.502530637751869,0.00306587598639332,0.652212167885768,0.0380945664865752,0.51068258645115,0.0110502921714783,0.790219948532193,0.0768118322612428,0.519852262241474,0.0113707725956233,0.63233623741891,0.037587465352494,0.504942470076657,0.00319654992703988,0.689419109814656,0.049567174338953,0.511213418258483,0.00766724214346394,0.785308429871408,0.0705040516216706,0.508324919364712,0.00413776477104242
298,50.5,29.011491975882,0.665876325379443,0.048053524419932,0.502643661219445,0.00288034697896582,0.652397838670186,0.0359223671836853,0.51043480332959,0.0105963926346615,0.791382962420838,0.080639174886624,0.521409366614906,0.0127880292163052,0.632229999175712,0.0377746243212472,0.505745639494876,0.00405534810859107,0.689408654352928,0.0464172061083808,0.510729161621052,0.00733268495053913,0.788702209400418,0.0733967975320068,0.508147155520692,0.00398420183419312
299,50.5,29.011491975882,0.666229173225164,0.0487536002336141,0.501816953796965,0.00158458407989374,0.653226661436842,0.0350395116321495,0.510432552621315,0.0110059128578928,0.792757271634264,0.0835208644729292,0.521224513831944,0.0116334079621317,0.632766414546513,0.0384252830081369,0.506107163768541,0.00406181901732618,0.689805412509819,0.0446623038226981,0.510620740998648,0.00776654679391312,0.790051058773262,0.0772367354810636,0.507833671222899,0.00362363743097439
300,50.5,29.011491975882,0.666710161193301,0.049590988811358,0.502822426514623,0.002924635725787,0.653179644997195,0.0347622129198458,0.508970392461389,0.0090737503708861,0.793841888445251,0.0873873291164409,0.521136084363078,0.0112981232442568,0.63310816733504,0.0392803287239933,0.505453746798865,0.00366478925479489,0.690630611392961,0.0430907783256332,0.512796785696004,0.0107477956097428,0.789476465913952,0.0807032592792046,0.508743433883733,0.00472381272875784
301,50.5,29.011491975882,0.667248707555999,0.0502628624589647,0.502851159758785,0.0034766153002402,0.653335652654486,0.0340341880555332,0.510404536821514,0.0108189626835128,0.792476437312288,0.092379908760298,0.52110477391851,0.0123631267148265,0.634300466154218,0.0395420040635594,0.505085883056124,0.00312865630276703,0.691721338572072,0.0415134104633278,0.512184616006691,0.00823315422356837,0.790384020446056,0.0855913745841858,0.509359565025596,0.00484440599829084
302,50.5,29.011491975882,0.668442951008303,0.0508293528571822,0.502139090846337,0.00222250812328473,0.653698731236955,0.0336727823992829,0.511486803794699,0.0101255069733352,0.792235970937657,0.0979111589452399,0.523957085521946,0.0138374605025215,0.634360743845617,0.04069405270908,0.505706654908759,0.00400227850493456,0.691707261278837,0.0407522457565904,0.510192039407471,0.0068164755748173,0.792081839030298,0.0905394506174564,0.509306552933917,0.00478266979512846
303,50.5,29.011491975882,0.667729192856958,0.0514147553246251,0.50215167884925,0.00240563417404582,0.654354683889764,0.0334521688132975,0.512512590797578,0.0128483008587654,0.793435358686841,0.101317348831921,0.5207941215132,0.0109960493136067,0.633861875708854,0.0413009970728943,0.505504692022078,0.00329577455282419,0.693009785211078,0.0402155090924665,0.513104293407753,0.00889027056630989,0.7917520831424,0.0926572275254826,0.509189131401801,0.00468316169080145
304,50.5,29.011491975882,0.667423751669543,0.0523959824386747,0.502096747022056,0.0023791619278136,0.654252317017246,0.0331446082028963,0.511121435251392,0.0100670678145583,0.793104290376563,0.105097740491273,0.521621824776591,0.0115420671843031,0.63434600013716,0.0422726912815157,0.504949021968212,0.00230080362452963,0.693097718665554,0.0389720999872921,0.511257035392138,0.00744528757160392,0.795246972097417,0.0956245238699767,0.509269254101768,0.00505642120495584
305,50.5,29.011491975882,0.667115004757393,0.0528066224281622,0.502121539626808,0.00248832458473701,0.654158502440087,0.0332030348220413,0.51051484120939,0.00947478877726156,0.793618421997337,0.106565467593176,0.520850502633488,0.0107732690288776,0.633772903818053,0.0425770884536907,0.506007458566625,0.00408738630020682,0.692610885835737,0.0386745076910856,0.511067906682511,0.00910490363858228,0.795591109522649,0.096410601272665,0.510490234077584,0.00603129090628499
306,50.5,29.011491975882,0.666929739254437,0.0527445480415847,0.502226387740931,0.00259586222165279,0.653565803036877,0.0335591988349815,0.51052278813633,0.0110695255535145,0.795216829464332,0.105977640323618,0.52013271488626,0.00983400162654837,0.63310075177852,0.0426090495667875,0.507844631253634,0.00518560154349043,0.69098659336424,0.0397698510375516,0.51121826684681,0.00806820296600117,0.799340427084107,0.0959534320356318,0.508682591789972,0.00446926092127382
307,50.5,29.011491975882,0.667669202803865,0.0537272198277672,0.501582522793806,0.00135383916545158,0.653008947077314,0.033949987170909,0.511711938428447,0.0112609882934102,0.797430183738397,0.103602470160281,0.518462692344549,0.00960127095068792,0.632715609377721,0.0437393384939126,0.507066106014597,0.00632485134093136,0.690262252297084,0.0409676611986322,0.513427580331707,0.0112258111058663,0.800807087571852,0.0950629097371646,0.50901570879408,0.00580929722959668
308,50.5,29.011491975882,0.667218126719627,0.0548802394563484,0.501865487718852,0.00232968127887749,0.652258283498795,0.0346047489190597,0.510891226024516,0.0104852852061174,0.798731464961347,0.101000453365943,0.518175149496485,0.00952826928286137,0.633470328105381,0.0447530509318101,0.506329057092473,0.00553161425803175,0.689321544031989,0.0419237426552615,0.512176709094813,0.00722791745642353,0.803661680833501,0.093930613366271,0.509312225705,0.00697031591826837
309,50.5,29.011491975882,0.666882567480899,0.0550536954471058,0.502899507058438,0.0036816840492368,0.651534219879835,0.0352815911887468,0.51114152628806,0.0103816592183658,0.797026119407354,0.101503019327695,0.520704885416797,0.0122011453897786,0.633692879027974,0.0451614158155774,0.506780103199603,0.00504404699375384,0.688553000940728,0.0431131000153515,0.512819895066234,0.0089842763638762,0.803326086310013,0.0909946340637763,0.50914948589213,0.00651484445662694
310,50.5,29.011491975882,0.66758518855693,0.0553171308620166,0.501650853671255,0.00126192127982401,0.650993211950527,0.0367022473391672,0.512809763766838,0.0122720331040707,0.799239249359897,0.100844182641506,0.518576138146806,0.0102729380469103,0.634037448004747,0.0450127502887523,0.506737079080957,0.00395021673574192,0.68639603293425,0.0449027440029591,0.514029888995622,0.0109605216490746,0.804143945488709,0.0903557059261431,0.50925315294561,0.00652917094351841
311,50.5,29.011491975882,0.667823127797846,0.0541330124535071,0.502249805246809,0.00269597560969609,0.648858337429919,0.038674269753917,0.512331328587453,0.0114336351926562,0.796885433911948,0.0994321058271622,0.519503341400986,0.0115893878959731,0.634834385845262,0.0446629983653126,0.506445684550868,0.0048759858310543,0.683828599812015,0.0471739853245361,0.51322755200135,0.00747216450803606,0.806743558985729,0.0915433311959262,0.509477003836457,0.00593720738965484
312,50.5,29.011491975882,0.668617359257611,0.0531697778554482,0.50171779993698,0.00215580602722134,0.64782612560127,0.040681292022,0.512781326609697,0.0128612855908967,0.799475327571512,0.100144178021186,0.517856986321704,0.0104914162400869,0.634997746835409,0.043854527303527,0.506420959856243,0.00572240821259963,0.681922806235416,0.0500155151750497,0.513323830794192,0.0078892037463192,0.808061680532755,0.092385538333642,0.509053583218106,0.00512051034867337
313,50.5,29.011491975882,0.67005480823179,0.0516755099922518,0.501946020393573,0.00218458574337382,0.647024472984312,0.0420819207608395,0.512256544635103,0.0122111626602341,0.801903926055538,0.0992518059486515,0.517082970566523,0.00847428700178486,0.63500589481602,0.0427200358338245,0.505904061068879,0.00458852445598055,0.681995917364712,0.0525850277305985,0.515830849486463,0.0099876726462802,0.805857339106907,0.0917460374278744,0.509168285343348,0.00697199614980628
314,50.5,29.011491975882,0.669919769127755,0.0505723724415487,0.503102787033512,0.00362024334943082,0.647010873571603,0.0429960093014436,0.511333816627954,0.0135503163204355,0.803542378503195,0.0983982192289857,0.51654288504258,0.00781728220480834,0.636057578853243,0.0416345042263653,0.505320712585641,0.00341156492077893,0.681556368383849,0.0535315781535888,0.51380266676451,0.00873545354830212,0.808938120747774,0.093367343474747,0.508706406096537,0.00584657533152935
315,50.5,29.011491975882,0.670424546267388,0.0496610294482066,0.501925876580594,0.00283162688187427,0.647627062860524,0.0444197382237249,0.511374174572121,0.0128771527340028,0.803215400332966,0.0992201567437708,0.517581768800794,0.0109560016727447,0.635410010774146,0.0404838787655134,0.506039058701794,0.00407382708061973,0.681132292293988,0.0546171191610339,0.513050381710704,0.00793480995202245,0.808532770615035,0.0955764783902626,0.508379551047834,0.00557848790828634
316,50.5,29.011491975882,0.669418804447321,0.048381416266095,0.502041766353688,0.00249778308602931,0.64768760196417,0.0453268429835929,0.511286630257701,0.013247674440357,0.803896503028397,0.0991615256209956,0.516996747721114,0.0101825191516682,0.634739652735931,0.0390485827840067,0.505671014896702,0.00361143340518528,0.681162625817873,0.0552957928971398,0.513495651635338,0.00764720295566721,0.808310034418673,0.0953452139363736,0.508476962404691,0.00540934838453639
317,50.5,29.011491975882,0.668799097294307,0.0477239017692971,0.501776122232623,0.0019371669629905,0.647915804350673,0.0457523723974888,0.510619790302805,0.0132675805950872,0.804896341867894,0.0968643535823877,0.516480869770857,0.00964287052126768,0.633918174055719,0.0380935163752654,0.505211210484352,0.00329182849693012,0.682497654206194,0.0560356212042535,0.515866052636119,0.00961290538141496,0.806570959532794,0.0940024011767299,0.508438160680543,0.00522363602087361
318,50.5,29.011491975882,0.668320921817004,0.0481713990402173,0.502734851242286,0.00346373880969007,0.648412252182736,0.0457520590104855,0.510599802068206,0.0128474091219456,0.799791816405325,0.095266075621643,0.519693210534514,0.0150632591039642,0.632548516258502,0.0380623153777587,0.505684426173473,0.0037444589914214,0.683192563223723,0.0568410850143345,0.517016605365398,0.00972034938962408,0.805010697584517,0.0907822235254125,0.507991249343432,0.00468236888021348
319,50.5,29.011491975882,0.66849673005258,0.0483991884114917,0.502548778353878,0.00287093212750968,0.649466003055615,0.0463270201048603,0.509874091686262,0.0123032773452068,0.805315962969993,0.0921831899153183,0.516763058651508,0.0110734709566242,0.631963047049347,0.0388173791803765,0.508186124922045,0.00540041679544549,0.681393366446459,0.0568109573186856,0.514045230650198,0.00988728321903802,0.807334290774548,0.0902620715467031,0.508822268388087,0.00616168118421987
320,50.5,29.011491975882,0.668772906086168,0.0485360060086302,0.503324959972806,0.00372942337501177,0.648981619231236,0.0472355086948012,0.510751635233631,0.0128763805146091,0.80213078912325,0.090534957815954,0.518290057731418,0.0133741226772026,0.633340266781602,0.0395241615491986,0.505729951025553,0.00312641041709502,0.682770001585205,0.0585492741293497,0.514536414349043,0.00922740057030727,0.807025524333729,0.0887484303847994,0.508624057132876,0.00634537780888727
321,50.5,29.011491975882,0.670291888404009,0.0475405688460698,0.502170519504341,0.00261948406803952,0.649546486072227,0.04831801610071,0.511754228236937,0.0137488489540633,0.804046581816873,0.0890235872157359,0.515489429960147,0.0103975598206812,0.633421532922023,0.0396168818639368,0.506983737446969,0.00536112404949178,0.681778859759049,0.0597922645913541,0.512508682827645,0.00798907118875725,0.807396663302401,0.0887037892938422,0.508348675070101,0.00579756526924276
322,50.5,29.011491975882,0.671134014874212,0.0462672316444911,0.502553904140259,0.00283730871116969,0.650508092507931,0.0490455939594886,0.51117329610737,0.0131103485983589,0.803548019887098,0.089059991981628,0.51527365934067,0.00995787354642909,0.633577663155943,0.0388737624856385,0.505946478901027,0.00421371512843535,0.682954060726757,0.061126697225478,0.513021351562503,0.00780594388626478,0.808186635098305,0.0875356107175128,0.508973419562536,0.00597673436537306
323,50.5,29.011491975882,0.671939690072418,0.0452552582137206,0.502787399458852,0.00320338964364546,0.650805188598205,0.0480710999803717,0.509623539320016,0.0119204118722574,0.800528482607438,0.0899060337998466,0.518739177621601,0.0144903110805149,0.632332226776772,0.0376635282239343,0.506743857366054,0.00511578986857796,0.684071967534665,0.0612069639573251,0.516082471583711,0.0106642131642432,0.804309695479469,0.0886095833325031,0.509074604116564,0.0063096127348578
324,50.5,29.011491975882,0.672278152368114,0.0440281932273599,0.503266234842537,0.00428370672388884,0.651425626924188,0.0470204724636257,0.510389730896482,0.0133812737849937,0.800304000679111,0.0905223140624243,0.51830093114682,0.0143098782863429,0.633443213374202,0.0363544753203871,0.506145486222341,0.0043089404913888,0.685044783706516,0.0601487345393918,0.516346248971796,0.0120269534051353,0.805046193401315,0.0881817692861645,0.509055879862419,0.00578554405756074
325,50.5,29.011491975882,0.673300000946444,0.0435681498049662,0.502031830523679,0.00199604461064171,0.652518323775542,0.0462111963123827,0.511332750501131,0.0129610686829931,0.800072330653713,0.0904517487652639,0.517126416857205,0.015626345298501,0.633544812376685,0.0350163330178824,0.507111820040909,0.00603968364855949,0.684134720500891,0.0589627454107609,0.514797979826136,0.00842192183081498,0.806204605920277,0.0898463946508695,0.509217141430213,0.00644048977506211
326,50.5,29.011491975882,0.672599754221175,0.0438837906209177,0.502967951194945,0.00323951327170035,0.652473119597497,0.0456957828716495,0.510761236141588,0.0115484801569764,0.800639737741628,0.093785835289055,0.515694028303399,0.0104071322325645,0.63427571288774,0.0350362744653429,0.506803559861414,0.00504863561827911,0.683494797127252,0.0585965551219703,0.513892481901854,0.00770592446079805,0.806545614899891,0.0907931409244513,0.509675345990726,0.00628209055681734
327,50.5,29.011491975882,0.671732284267617,0.0448361647206031,0.503722496934334,0.00459127267979109,0.652599607591739,0.0458107133234868,0.510721469195009,0.0120962764948469,0.801166111917079,0.0941152826258125,0.51645579657691,0.0116443554259567,0.633883109561853,0.0352035821116028,0.506033651777526,0.00415122767556059,0.685068104438969,0.0586022878455957,0.517242824263361,0.0120719372344542,0.801301182819643,0.0925459022134313,0.509906390337721,0.00633718339561359
328,50.5,29.011491975882,0.671591287001775,0.0461031067403906,0.502442715431108,0.00274995718411048,0.652953960321453,0.0460076784738498,0.512520095816728,0.0156739700302129,0.797070740070108,0.0952894939299521,0.519829535463134,0.0152077470503929,0.634775475108541,0.0361042571433798,0.506723209579506,0.00390877367590852,0.683940317230648,0.0576279684209149,0.513942545779787,0.00779219511707065,0.804331839132096,0.0960564559372294,0.510243544631462,0.00592231514207525
329,50.5,29.011491975882,0.670527283970161,0.0479575315076853,0.502987542055698,0.0033037977169583,0.652510576995332,0.0459034292037658,0.510265555345921,0.0108600746248664,0.803414527267327,0.0978470121637573,0.518498032278741,0.0144532202309123,0.634607897373069,0.037816306586089,0.505965677145339,0.00413780800067588,0.684399091010052,0.0572722563825552,0.514910144105844,0.00824929298379149,0.801651557014367,0.0978859198997795,0.511964192350568,0.00855966251369666
330,50.5,29.011491975882,0.67095935796564,0.0498110057406364,0.50192917630524,0.00189837699038277,0.653259792155755,0.04525560334492,0.50967514440945,0.0101235565598292,0.802750446455878,0.0998359333322317,0.519764145297441,0.0161058304426475,0.634579719811595,0.039301365589055,0.506472433356144,0.00401273650910089,0.685441592652413,0.0568543996619343,0.513410345326659,0.00760222408778996,0.802693118077809,0.100468600204449,0.510618384894511,0.00507909037342618
331,50.5,29.011491975882,0.670148266802007,0.050350777500188,0.502480108281775,0.00313701321795081,0.65333857202546,0.0443821732775984,0.508691913518481,0.00941268534470207,0.801408382786777,0.102637445505337,0.519056647322567,0.0152343159593186,0.634269526750713,0.0394446472597895,0.507304204211092,0.00452828396625327,0.685729506498464,0.055732919946581,0.513183610763865,0.00843716813235134,0.803069172663979,0.101476174184205,0.510249675658915,0.00512148044989772
332,50.5,29.011491975882,0.670058407067536,0.0504927740637488,0.503061044068939,0.00393897044590533,0.654231074232277,0.0430399793390897,0.509380386332491,0.00952330089557572,0.799016285252544,0.105182149468337,0.518990502195751,0.0152971675055029,0.634441029031509,0.0392173729449128,0.506354195334399,0.00435964360595289,0.687242407938591,0.0544196730078131,0.514026122871295,0.0102802990508857,0.80202709982957,0.102917652948995,0.510408355180419,0.00528437501810751
333,50.5,29.011491975882,0.671012188639472,0.0498982347805578,0.502892572911367,0.00361487238295552,0.654914985956495,0.0411495822949841,0.508491206826331,0.00912922551948715,0.799297216350712,0.106303881694896,0.520001482117213,0.0157532789051967,0.63440679499746,0.0386669671466894,0.506644237577089,0.00432233549985782,0.688135769283334,0.0525384495930045,0.512045192668194,0.00735410523169863,0.802489057339721,0.1035566014868,0.51093342564842,0.00628039860149336
334,50.5,29.011491975882,0.671510612961843,0.0485450714211679,0.503665549805012,0.00465295286830182,0.654508941372853,0.0390008239916076,0.510490814931938,0.0105668703011928,0.798605572908599,0.104598563817293,0.523873875456682,0.0179694263661347,0.634415509321612,0.0380699085634267,0.505887158763521,0.00333823464861005,0.689075533381264,0.0506085938481711,0.514857411819265,0.00986111006769778,0.800503394789934,0.102422594210986,0.511747220820498,0.00635957121603525
335,50.5,29.011491975882,0.672887917278562,0.0466858285637833,0.50220579241602,0.00290540241292351,0.65571758898983,0.038594213745472,0.514275348103925,0.0151194505394154,0.801220656427774,0.104347101528347,0.519002300428553,0.0139692789411264,0.634979854932147,0.0370420898738687,0.506866833084549,0.00473930826653503,0.687940043483842,0.0488869997072658,0.511810142696797,0.00646914983007032,0.800914961166531,0.101862053808155,0.512555157637471,0.00815444063335823
336,50.5,29.011491975882,0.673551506220925,0.0447066505756298,0.502683949840459,0.00305998254240028,0.655827891061127,0.038424425549998,0.51327806918664,0.013742364441825,0.800789849738628,0.10269342424123,0.519494295881199,0.0132006193103232,0.634900087218765,0.035763631758638,0.505569145082351,0.00283244373967772,0.689626243557795,0.0480567774012872,0.511478071318021,0.00670498312191556,0.801286310507612,0.0998533203607186,0.51248109931116,0.00807631666449647
337,50.5,29.011491975882,0.673639649570999,0.0441358481724981,0.502286547328318,0.00287376549680345,0.656454222139736,0.0386101172179785,0.517491654343531,0.0161627182288165,0.798934688587927,0.101891981549987,0.517804199663908,0.0120767480754568,0.634712201936536,0.0346617625745082,0.506511278435345,0.00402473923129515,0.688383357347952,0.0473901952574853,0.511766739730553,0.00748031204257133,0.800404665203283,0.0989808313783315,0.513440087525881,0.00877714760601858
338,50.5,29.011491975882,0.673567932234969,0.0439182494343395,0.502817122543114,0.00301866062199854,0.655310157667502,0.0397287900738256,0.514934387307006,0.0160591853251598,0.801970600519235,0.102531485798553,0.518616840463931,0.0124719187979942,0.634745964476892,0.0340689398021996,0.505499607714703,0.00270224965940125,0.689053513361703,0.0492462350812334,0.512437774696769,0.00807395934762167,0.801642290200722,0.0982725730853656,0.512093168157507,0.00749876121194267
339,50.5,29.011491975882,0.673891615100372,0.044787008003312,0.501872534660594,0.0018051708430563,0.654794225603813,0.0408517736438451,0.513575072098856,0.0137466601280362,0.801553481397529,0.102001222158028,0.517810757197531,0.0145053742840599,0.634527842018712,0.0344044618547964,0.506065952838098,0.00371851156847297,0.688759929207378,0.0503556643080228,0.511174354130434,0.006196349778546,0.801955537510855,0.0983797844200547,0.511766243261876,0.00712700453312147
340,50.5,29.011491975882,0.673512912587723,0.0460000774583391,0.503055321442601,0.00362264150361873,0.653128568372811,0.0419844173532225,0.512018111650822,0.0138045673806014,0.799714018585703,0.102454907812237,0.520320900881864,0.0148428410674148,0.632904404223404,0.0348489321696616,0.50746089360631,0.00512309014051948,0.68848717757073,0.0520621184954057,0.510979020341719,0.0081617322515115,0.801827222431147,0.0979498642213471,0.511614319181118,0.00689409593105464
341,50.5,29.011491975882,0.672351810229588,0.0479649169325007,0.502684020604621,0.00316996964157353,0.65326753425099,0.042708654648817,0.513940310583474,0.013357241965915,0.802175459024285,0.101332151635076,0.518106152765818,0.0135945111932363,0.632975120382978,0.0365215451130566,0.507235761994498,0.00462327890234446,0.687704604971465,0.0527935130575951,0.510718240219766,0.00617523364571688,0.801712981259853,0.0978932539773924,0.513769373983383,0.010627216421238
342,50.5,29.011491975882,0.672291535468145,0.0494070532973192,0.50295197501716,0.00340186858839141,0.652960322526317,0.0432073042433018,0.513481048988303,0.0138113475311915,0.803553950580735,0.0999746093204792,0.518086689873817,0.0130854127364457,0.633478854512273,0.0381660061246646,0.507380066778108,0.00441750407579644,0.688258523101167,0.0536928747687864,0.510402668122738,0.00539222308673162,0.802903751727582,0.0980115804677241,0.512096290724409,0.0080206249231439
343,50.5,29.011491975882,0.672543601307293,0.0506081630900121,0.502224325685751,0.00255465579042907,0.653257822745314,0.0437405080338867,0.514733670001281,0.0133190564917393,0.800554553677383,0.0989115709040752,0.519870265909155,0.014996881255914,0.632964938953005,0.0386839801105985,0.506866489787565,0.0044742596600518,0.689047569851507,0.0547956537178538,0.511782185275358,0.00787435482334685,0.802051247843077,0.096536923214083,0.5126855637822,0.00807455392973587
344,50.5,29.011491975882,0.672847692979727,0.0507823991401384,0.501863180587172,0.00154287916076535,0.653748972854515,0.0439296496545949,0.515163942736237,0.0139549224621959,0.802820728805761,0.0982425250647564,0.517227725464501,0.0116608055641404,0.633797560787057,0.0382956006753828,0.506537032953816,0.0039599608682069,0.688516694905824,0.0552344950004132,0.511783322995106,0.00869729261789216,0.803450407329792,0.0967679270922263,0.512256833305759,0.00753473175656107
345,50.5,29.011491975882,0.672867123822003,0.0499906640973884,0.502576443717907,0.00326375557278179,0.6530220886336,0.043252975771137,0.514296528835955,0.0131383803247655,0.802428439444456,0.0986730101083019,0.516367918874075,0.0109762961384041,0.634572452780888,0.0369955337692622,0.507224167248293,0.00603582563731142,0.687390956361842,0.0540793444853008,0.511366256436059,0.00665836952210901,0.802371271788975,0.095903102994503,0.512520740510992,0.00933231996264515
346,50.5,29.011491975882,0.673038773893282,0.0488734592802763,0.502644612902853,0.00355289352540872,0.653156751303837,0.0419075073505408,0.514191376443993,0.0122902856947881,0.801452590357294,0.0969861572512583,0.517072967142639,0.0117232769536731,0.633952749742342,0.0362294340899536,0.507740236851515,0.00544605096565946,0.687537055571222,0.0524299668441671,0.513152939976072,0.00926720967518268,0.801722673285225,0.0956693174385074,0.51127092289593,0.00667954319897717
347,50.5,29.011491975882,0.67252595981042,0.0480994167222632,0.502550008161224,0.00275009769944132,0.653568432191517,0.0413833635022692,0.51268966309088,0.0114115869853752,0.799395654090687,0.0954438536488141,0.51818600421481,0.0139351745324958,0.633920913848289,0.0350380144619767,0.506523450772069,0.00514394846764823,0.688081073527466,0.0509795094758575,0.514230582095656,0.00921201535647473,0.802159274726166,0.0941087834483295,0.511584531512175,0.0070586985823184
348,50.5,29.011491975882,0.671543222263485,0.0480954233449947,0.501919854735589,0.00168321452802859,0.654194645207299,0.0407066805234206,0.513314901304795,0.013226922558431,0.798753822437584,0.0947025353901983,0.517881573120615,0.0128873230357809,0.633442853449041,0.0356749055394431,0.506722582405033,0.00438156086302524,0.687105706801497,0.0498925245912064,0.513033066945344,0.0085825724039237,0.802718651113823,0.0948781629302162,0.511699385502581,0.00677828963373411
349,50.5,29.011491975882,0.669814466202301,0.048478046799357,0.502812771406261,0.00376822077931488,0.653983165453862,0.0404784219489932,0.511680888333095,0.0115074682944563,0.799006533144938,0.0948960895814768,0.518220993676782,0.0129208176376265,0.633205613649599,0.0365205677083694,0.50697125082532,0.00456141205028955,0.6872500523019,0.0497706810203594,0.51372021178421,0.00969581774680115,0.801863342754909,0.0931311859098302,0.512184928660981,0.00643279313632507
350,50.5,29.011491975882,0.66837077204575,0.0494278139056952,0.502345628761888,0.00248876743977285,0.654685092269083,0.0411377536157462,0.512810866168342,0.0124450102959194,0.798027996817782,0.0963110521234107,0.517046863473049,0.0110610030810373,0.632140180365219,0.0376027569849218,0.507001751918277,0.00447650728515247,0.687390943317508,0.0503865036607561,0.513310221010407,0.00943462279933295,0.801980074058339,0.0936613502707642,0.511975800822622,0.00605109885777327
351,50.5,29.011491975882,0.667695593994607,0.0508490965241949,0.501864145055409,0.00153151118180399,0.654345822574185,0.0425587777343489,0.512819244114802,0.0126693791691501,0.796330996994091,0.0943277371501108,0.517187625067048,0.0111281021209377,0.631772668865839,0.0392996622595259,0.507309123909305,0.00595506764621333,0.686280812606696,0.0516737654692214,0.512486808689358,0.0112103039133646,0.799444505490534,0.090858420378272,0.513865203931849,0.00807231868915488
352,50.5,29.011491975882,0.66611167545947,0.0516958069105802,0.502459358766581,0.00280971800143229,0.653154957649082,0.0432131260964569,0.512048345726568,0.011325442083178,0.794950288016903,0.0928116217205739,0.516934139872487,0.0103499833852591,0.630447740037067,0.0404873843046925,0.506966992856136,0.00422903996462644,0.685056941530025,0.053835827807745,0.513232240722904,0.00922517719587702,0.801052377994464,0.0883541316772432,0.512655335885288,0.00733094890070807
353,50.5,29.011491975882,0.665654338782006,0.0528277101771928,0.502177800701479,0.0021335000396268,0.652494996225726,0.0442770887127265,0.513025906835736,0.0115280802525692,0.79217162223568,0.0924025113033935,0.517517428478941,0.0130706688845827,0.62983613034203,0.0415402690914435,0.506555737075494,0.00448594254864535,0.684534185961716,0.0562012004701998,0.513307838666248,0.0103604897798346,0.801214079010814,0.0884019845389837,0.513394700255587,0.00816484183518702
354,50.5,29.011491975882,0.664832910944999,0.0541944878715834,0.50361356735697,0.00347430930318917,0.651564145780102,0.0449960213722871,0.513432122420903,0.0111777665643277,0.793936695906656,0.0933800098142016,0.515596034872861,0.00961628691646308,0.629418505780032,0.042500324268246,0.506265774617117,0.00575275292527478,0.684818740228572,0.057440689004244,0.516020776194718,0.0114374086799416,0.80016578061143,0.0865602680066719,0.513317524542838,0.00807617952996074
355,50.5,29.011491975882,0.665187368625882,0.0553883111792321,0.503080761456549,0.00325098118786397,0.652118606774314,0.044993651251729,0.51284537871598,0.0102272324480103,0.794678818884714,0.0938575754406482,0.519174235361532,0.0124229159799596,0.630130749013168,0.0430966475942859,0.507981570848836,0.006326687728071,0.683107951839893,0.057529020659027,0.512665008966005,0.00818929791339287,0.804174391515884,0.086195331612355,0.513032193932126,0.00772803877659551
356,50.5,29.011491975882,0.666083994520925,0.0555392924227298,0.502444679176227,0.00302448997704686,0.652255058432254,0.0451149943725251,0.512952312505555,0.0109870813375214,0.795244604686428,0.0919633467560877,0.520351206833383,0.0140106177444552,0.631414578265857,0.04408187920515,0.506850250013244,0.00561147871573484,0.683631748931878,0.0567222455497891,0.512899379371076,0.0101771097731576,0.805996289488779,0.0847262208825624,0.513093722227534,0.00753592387687119
357,50.5,29.011491975882,0.666261123755573,0.054581500036341,0.502694345663438,0.00273461514069158,0.6525877377803,0.0436726005500501,0.5119389636393,0.0100137481312799,0.798222862395318,0.0910925768178606,0.520754282232754,0.0130686050738944,0.63098266169986,0.0435904771288046,0.506381375091586,0.00448314276496589,0.685229330703069,0.055717991043022,0.517700132836916,0.0142218385952927,0.802795062960728,0.0831131519017034,0.51309234927073,0.0076110879482481
358,50.5,29.011491975882,0.66664780325867,0.0541897512879612,0.501963681985345,0.00185236836978051,0.653146302561602,0.0418706240329317,0.512616529369386,0.00981828433592435,0.79902270512056,0.0925391064770681,0.520825114639369,0.0129233488694754,0.632060326754106,0.043460704816301,0.507743063131648,0.00526161644892302,0.684736036798894,0.0529633073920466,0.514486227692482,0.00941680154563884,0.804337284396273,0.082158840313525,0.514829148233853,0.0103718567021738
359,50.5,29.011491975882,0.667232913526138,0.0537227273183807,0.50266363110246,0.00288213194794077,0.652388360578914,0.0395781372665774,0.51219831230996,0.00926294159630294,0.796340615097944,0.0925314941570545,0.524781635404148,0.0181502382367337,0.631200553232589,0.0431840869179458,0.506855600321463,0.00431093858934632,0.686064405515208,0.0512495186436078,0.518467294268924,0.0134583023707392,0.806006188672434,0.0832132845858304,0.512501072565227,0.00690087845659716
360,50.5,29.011491975882,0.666874802821579,0.0529897391794395,0.50297193063396,0.0042169067544177,0.653330846516476,0.0388154304206833,0.512590051009713,0.0103678508449448,0.803576388807237,0.0913499628652875,0.519752380622959,0.0128623629151898,0.631966355088968,0.0427700800613271,0.507395964180496,0.00403665315335171,0.685347193634022,0.0502492649793159,0.516481498284859,0.0120992116055721,0.808120333656644,0.081314824370242,0.512896784886842,0.0075900361512455
361,50.5,29.011491975882,0.666877456073602,0.0525979326590583,0.503112702662676,0.00336746061159111,0.653703387677745,0.0377947420155939,0.513623765348311,0.010695535459252,0.805020259542271,0.0897446584288737,0.518886124896354,0.0125955021311684,0.632133811817038,0.0423433483981359,0.506660728407201,0.0035525753644193,0.686166216771003,0.0482471203662515,0.515083540396449,0.0100926546766071,0.809281106488951,0.0815909062451654,0.513525731439295,0.00837630834013423
362,50.5,29.011491975882,0.667584766050618,0.0519867697306366,0.502971556790732,0.00434653322821672,0.653289321390448,0.037279504628711,0.513434597208089,0.0118893765980312,0.802425592389413,0.0885990510154423,0.524158763441266,0.0185091682653075,0.63159428365278,0.0413692839569918,0.509368844169702,0.00769564289652874,0.685583115047589,0.0473602089385199,0.514218555272367,0.00938841679835606,0.811180256859903,0.0807815451690833,0.511955642021903,0.00670820004451059
363,50.5,29.011491975882,0.667917925730206,0.0513022145693676,0.502448182055924,0.00224787962544488,0.653747873573381,0.0364468509526861,0.513520406191662,0.0104175895545679,0.807649136506255,0.0863352959584602,0.520766311016626,0.0152389208826901,0.632712923836331,0.0414458135433109,0.506617092178139,0.00341314445177291,0.688123764194745,0.0468808952036308,0.517741327098355,0.0122597529570895,0.811822078460388,0.080072129148702,0.511390335168159,0.00637464941344929
364,50.5,29.011491975882,0.66833853855949,0.0512241390171723,0.503687026335644,0.00367900238509917,0.653391995022877,0.0355305311716933,0.514299861505095,0.0125287563455156,0.806219592947005,0.0847994642738419,0.522951086496503,0.0163446499842158,0.63351724011643,0.0416306444814659,0.506902056629979,0.00395212317280199,0.688551819474228,0.0453360128063345,0.516169543264884,0.0117430001534711,0.814078649730438,0.0796541624215796,0.511047716015564,0.00593318187915606
365,50.5,29.011491975882,0.668582519657667,0.0511096365595059,0.503966896451916,0.00432936683066044,0.654318195957881,0.0346963640717939,0.514050805734008,0.0140128947954051,0.809929478454218,0.0789311969157815,0.521108685845706,0.0146360325724068,0.633242683529113,0.0415944570673174,0.508689412432359,0.00771346032757526,0.687107420938977,0.0442701766588134,0.515307293159307,0.010016319140908,0.813698514984532,0.0777501143160129,0.510798627930741,0.0054587428442999
366,50.5,29.011491975882,0.669223873932284,0.0521337100549452,0.502195481912771,0.00239811332982391,0.655864539787632,0.0340797349767914,0.516269590986817,0.0138420105515218,0.814750064267456,0.0747534836576842,0.520732681383392,0.0136325802153185,0.633702622116752,0.0420034269524142,0.508376644208834,0.00711477684905068,0.686917008892835,0.0436307957905137,0.514666975397354,0.00788974270480727,0.815250640599286,0.0771700338187371,0.511851276594424,0.00778539091953118
367,50.5,29.011491975882,0.669381375617576,0.0533224229615354,0.503045353477406,0.00364030820886846,0.655395730181069,0.0331077246554807,0.515754677242805,0.0134238491694216,0.815027521690405,0.0709716545241878,0.522060985476981,0.0191269134254195,0.633197064760004,0.0424944880898184,0.506867731329477,0.004734447465855,0.688557435649201,0.0426136447794789,0.517464021243029,0.0101712816034272,0.815884044259289,0.0756480134343826,0.510309785486893,0.00594843095320564
368,50.5,29.011491975882,0.669208224408144,0.0541847789550755,0.502104971371851,0.00180909980449166,0.656309112655764,0.0325871457313873,0.514655764735377,0.0122489747723598,0.818967310386875,0.0674902465637845,0.521870778899226,0.0141857950269964,0.632852317630483,0.043139918413412,0.507633236277741,0.00531225630818757,0.687329183415931,0.0412550859229862,0.515593168212671,0.0095612825587849,0.816792095586475,0.0733141341981657,0.510660214131212,0.00608837296529269
369,50.5,29.011491975882,0.669514311179422,0.0549535773883607,0.502213353555437,0.00189050481241105,0.655313968510142,0.0323931062254094,0.513467411182578,0.0114192448894066,0.817869827708729,0.0669892094916771,0.523874844572746,0.0172201162832745,0.633330769543195,0.0444892138937237,0.507269782737629,0.00417914627876415,0.686793325771009,0.041411576115081,0.515435852975392,0.0106643569179767,0.815986491202252,0.0735737522274627,0.512460195486164,0.00971531341225142
370,50.5,29.011491975882,0.669432028119728,0.0552277262588906,0.503183156703525,0.00311805385691762,0.655409319451585,0.0330345778536918,0.513380296546777,0.011120882280665,0.820768295918818,0.0692924084426741,0.520020496246183,0.0119842442622868,0.633254725919991,0.0441978085862471,0.507109416496991,0.00376416413685717,0.687912914627234,0.0416742030778627,0.515227275783277,0.00906582788073523,0.819181316192968,0.0734346871624702,0.510008915413468,0.00591300265337666
371,50.5,29.011491975882,0.670331077302763,0.0551265712401382,0.502121202536791,0.00162385681239787,0.657224920355942,0.0334224847121094,0.513765116649128,0.0106198328257831,0.817974355444337,0.0712009413722558,0.519762335103906,0.0120008123532301,0.63299630222071,0.0440456671873304,0.508748983038632,0.00515859622068005,0.687279877735653,0.041222045148129,0.51554383862894,0.00861139207539205,0.816658440830875,0.076767107484261,0.510543998792151,0.0075966993746078
372,50.5,29.011491975882,0.670789389217513,0.0542450468972781,0.50373613562652,0.00338989864043206,0.657578379237604,0.033526171250934,0.511839894297853,0.0100590689965098,0.8177898282335,0.0740849156251634,0.519359626602781,0.0119550045748189,0.63395495084939,0.0436274830109251,0.508609924760053,0.0051690407046254,0.688032671419283,0.0405345931124239,0.51365417332881,0.00927812448779827,0.821146642703177,0.07866647015139,0.510069547890673,0.00577603845438659
373,50.5,29.011491975882,0.671485125011901,0.0535480836146776,0.503584098262725,0.00352534912336493,0.658284081704336,0.0323027621546456,0.513508704386684,0.0116030269798001,0.818515639164706,0.0756439902735938,0.518958087974361,0.0114408731551287,0.633817332750737,0.0423182723057067,0.507563454012474,0.00468172464286588,0.690300542327362,0.0402633064341944,0.515791916014034,0.0135755218229862,0.819610645296229,0.079990499714542,0.510271687477237,0.00580709546139568
374,50.5,29.011491975882,0.671958394654089,0.0531806392655218,0.503040771887754,0.00325533181828955,0.659174248534971,0.0317640133321304,0.514716042161406,0.0135036128489591,0.814986887162762,0.0767069027696047,0.522695106164717,0.0123018743161185,0.634477948063851,0.0417232268876581,0.507939245653122,0.00401925368208813,0.690759357181365,0.0398745534331473,0.513871232656003,0.00977486818298107,0.819585087796032,0.080930859578626,0.50987276030767,0.00518886830137321
375,50.5,29.011491975882,0.672347477327824,0.0522631550070067,0.502228456342108,0.00222836033317433,0.659699145573325,0.0307723500174503,0.514117161336843,0.0116582676964136,0.816430867475244,0.0790662062469997,0.521265723402087,0.0114146464572839,0.633637521949478,0.040293214228938,0.508420206120745,0.00607463914857193,0.691962026341972,0.0395622064961612,0.514665884411517,0.0110913099740227,0.817689063502067,0.0816143369767938,0.510011477745024,0.00544720374063316
376,50.5,29.011491975882,0.67228505568602,0.0515546794075303,0.503727674138874,0.00408378585639694,0.659207318395293,0.0302896047546689,0.512404086266198,0.0109383686449364,0.816098498152116,0.0798038164084809,0.521199964216315,0.0109027732407613,0.634790744616818,0.0399371487238883,0.507008737554772,0.00389116356929405,0.692819250541004,0.0387351429596506,0.51313549976834,0.0102754895326143,0.819082316436,0.0807165132581827,0.510146882135226,0.00648573666128761
377,50.5,29.011491975882,0.673430658707076,0.0505312860378661,0.502561212487292,0.00311878576229899,0.659210935742361,0.0304707309128742,0.516180358111197,0.0116857625995486,0.819717052762941,0.0777842713136236,0.519953620780873,0.00978724943574784,0.6353006970139,0.0390779559561746,0.508602940239703,0.00635523207823471,0.691220130019094,0.0382249656913165,0.513034978837253,0.00975298708634418,0.818431729148033,0.0773880388772191,0.511000456955168,0.00918518996347877
378,50.5,29.011491975882,0.674047777938648,0.0501739042931833,0.502579188450273,0.00251860578277333,0.659386319885879,0.0312059569816673,0.515620951700248,0.0117695828556812,0.819717444958418,0.0749831436099177,0.519794962206997,0.00939043113288277,0.634515061601217,0.0381869032534369,0.5087963131788,0.00486745802336332,0.692045855320968,0.0382772957515596,0.516215011078329,0.0131147527368409,0.815607375016917,0.0736626282977165,0.511079227759695,0.0069200982155525
379,50.5,29.011491975882,0.675441065424326,0.0503286119781363,0.50250767135549,0.00263268202851815,0.659131239169854,0.031889340969746,0.513714573366416,0.0104474088531118,0.819221952066574,0.0734858088308523,0.52038185083802,0.0116006026965473,0.63485489902148,0.0371052919968818,0.508102973488116,0.00482758050716731,0.693067107625381,0.0386048195863396,0.517785864392543,0.0144992800169732,0.815646517691241,0.0709441290612048,0.510973970849286,0.00683131934818725
380,50.5,29.011491975882,0.675450329842139,0.0497220026748895,0.502257552728694,0.00243760978467162,0.658457248095624,0.0327295791299169,0.514663769833752,0.0116969624582707,0.819075134724083,0.0697310209627129,0.520176587075342,0.0118403998844715,0.634962439059342,0.0367189089143931,0.510497473669406,0.00620814895814721,0.691912980322358,0.0387025982233627,0.515224751869464,0.0114891269342797,0.818350168248693,0.0700529518733947,0.51118020979813,0.00640049804569617
381,50.5,29.011491975882,0.674694087941323,0.0497927972219031,0.502031206898742,0.00203374672875896,0.658817171896885,0.0326691232186282,0.514577384806613,0.0124058787723354,0.818136552388995,0.0701667998722401,0.518854821420939,0.0105262717182899,0.635120241490114,0.0368334626663528,0.508171709282345,0.0048018244103815,0.694551980724498,0.0390941412927399,0.516985460741239,0.0114842756539785,0.819924566299318,0.0666078930611389,0.510647884278448,0.00672564714674756
382,50.5,29.011491975882,0.67378013610751,0.0501560168913047,0.502923652162355,0.00428546591421575,0.658254856829768,0.0320685069400077,0.514541037469112,0.0129923390587333,0.819198152367001,0.067075685320416,0.517516590042922,0.0110197352961607,0.635450065414327,0.0368981289047782,0.508486260240207,0.00478251578536886,0.694967727338115,0.0389652346669253,0.515807344588721,0.0117316339286226,0.820279215915819,0.0644199241270257,0.510754257636942,0.00654338169681613
383,50.5,29.011491975882,0.67428259482504,0.051000571699401,0.502733172241239,0.00319007119892769,0.657981976593463,0.0326204972094438,0.51324594999605,0.0112337867509126,0.818277326266264,0.0659046987965744,0.51911000200127,0.0132447632694313,0.63530294276601,0.0365848970200909,0.507515401034127,0.00422847871864747,0.695850143182785,0.0395189501573848,0.518585195128254,0.0131087858788393,0.82012760327168,0.0593276718391871,0.511077104988781,0.00795246682809951
384,50.5,29.011491975882,0.675141264231373,0.0510319891793505,0.502581130941045,0.00272926733655804,0.657462291113947,0.0333630378205633,0.513058232143632,0.0120203351077539,0.818942023057523,0.0629120120448265,0.51851934747769,0.013045973671813,0.636813056775424,0.0372928483650904,0.507656021361943,0.0035718652158499,0.695257506562312,0.0409556150370772,0.515267917336727,0.00939449631999905,0.824645015799711,0.0546644141826549,0.51110216511855,0.00801206939198915
385,50.5,29.011491975882,0.67519424791484,0.0503402144436671,0.50229100656075,0.00227862805980371,0.657425456880076,0.0345379639460925,0.514368061131162,0.0118725160797778,0.820948222734578,0.0611801343403569,0.516666039694214,0.00912121891320041,0.637592489863311,0.0372800345282567,0.507802236940706,0.00352206781176556,0.695114315607995,0.0430152397464415,0.514940494584375,0.00873041335884749,0.826284002818311,0.0503285446184919,0.5103820368137,0.00728407256521101
386,50.5,29.011491975882,0.676397472649203,0.0495497230762626,0.501723404498582,0.000895608630589473,0.657953434966147,0.0343601971214727,0.513202445647257,0.0107126137490539,0.823044662412648,0.0583023327404824,0.517218195051982,0.0128345848826877,0.638515208141705,0.0368384855896642,0.506780753110186,0.00291301738764972,0.695402946879673,0.0442179529909479,0.514715990190922,0.00851651346128173,0.825867790615297,0.0473287443866303,0.510511583760979,0.00693772364211711
387,50.5,29.011491975882,0.677756190218927,0.0481530466441015,0.50169389428925,0.000876870772220623,0.65778900464448,0.0337820168891133,0.512397117407811,0.0100140814407798,0.822996673568428,0.055460406587912,0.516694156170253,0.0121281491032222,0.638151142718871,0.0353831878607978,0.508202500939511,0.00497347306721806,0.693909248076075,0.0446598990787645,0.515880404388575,0.00981439962820808,0.821551350352263,0.046691450971182,0.51049924711304,0.0066517810838511
388,50.5,29.011491975882,0.67797311030813,0.0458626950085103,0.502474140702712,0.00252512872449789,0.65717629710778,0.0334743536480484,0.511301009093003,0.00879710426581665,0.821708040750737,0.0552359530500463,0.516709452759479,0.0114467769635064,0.639163189076294,0.0345880058334397,0.508580382939439,0.0053566078404202,0.692568698736051,0.0444081541345088,0.514183438551046,0.00797416298551457,0.822602255864808,0.0472314695302531,0.509942067463456,0.00616566215846927
389,50.5,29.011491975882,0.678757883084863,0.0435016430085309,0.502279972486621,0.00244670888282477,0.657138577373084,0.0330608348794768,0.51117263779238,0.00875420556471432,0.818608952132769,0.0586251029729679,0.518587631910813,0.0121249727012041,0.638367958574409,0.0329304972669485,0.508269469724413,0.00561087832604261,0.692526349049956,0.0444719364155303,0.51755907618886,0.0100589207360889,0.81598257066716,0.0507519448415715,0.511338080778791,0.00855555857246951
390,50.5,29.011491975882,0.679130546938465,0.0404767193462107,0.502156214954902,0.00239941271036385,0.656182028712742,0.033076146123734,0.511357872238104,0.00932122214310221,0.814325259408133,0.0654099909703986,0.518939187598331,0.0140404338483166,0.639876582339785,0.0314289788585443,0.507630950438382,0.00448360834026986,0.691316289431171,0.0443319687325456,0.514416406473343,0.0081175251047529,0.819824809220926,0.0587950192385575,0.510048933678241,0.00726551686847172
391,50.5,29.011491975882,0.679679629118069,0.0386714454533997,0.502036640568642,0.0023021193624088,0.656012810419176,0.0333706003139732,0.510467904052006,0.00752043870031749,0.813049995331243,0.0736301743465121,0.518364384147256,0.0134878111663687,0.640220450872698,0.0299628368040974,0.508190703976788,0.00478806807363378,0.690911941909676,0.0442002845826643,0.514787646797698,0.0081435766851711,0.816396811912886,0.0667151443448341,0.509556537892915,0.00571485139900017
392,50.5,29.011491975882,0.679925808778255,0.0370749279634705,0.502718601851961,0.00304809641348264,0.655905650028063,0.0335117864550332,0.509982061991711,0.00677358542214653,0.810564571031211,0.0802717605407227,0.519519083493476,0.0130131697025123,0.640026603561767,0.0284837046105971,0.508457479103455,0.00506188224981924,0.690867163852115,0.0443741071983051,0.515643709803078,0.0100322025091946,0.814273294719953,0.074646341020881,0.509875395001305,0.00604805732884531
393,50.5,29.011491975882,0.679839747508048,0.0355521677096665,0.502422175901186,0.00286104047154928,0.655694788926998,0.03373263232014,0.509336592796509,0.00640358713864293,0.809922338334124,0.0875249849911318,0.521450302631511,0.0152465912453613,0.641612027841937,0.0273206517929596,0.507280253507539,0.00408251784708639,0.691401566885981,0.0446535509307346,0.514778063804019,0.0100405436106572,0.812309762479405,0.0824492097658989,0.510199223624936,0.00665310802267716
394,50.5,29.011491975882,0.680163485329249,0.0346863595658661,0.502420055231094,0.00320135172782126,0.65574905005141,0.0337217213779026,0.510695198854302,0.00957456310054556,0.806769110741988,0.0927913088785494,0.520595328391148,0.0140536076228981,0.642912852685895,0.0271021038816221,0.506267374386114,0.00249221765585754,0.6911002635607,0.0444992821998534,0.51548405625209,0.0099600092322129,0.809698221683784,0.0887447183471355,0.51035472703567,0.00649619143166186
395,50.5,29.011491975882,0.679323476793243,0.0339353733789178,0.504272207651861,0.00477610115884543,0.655118772193026,0.0337799328307251,0.511389327959536,0.0105632320902603,0.807452277565585,0.0969092060875004,0.518470475364485,0.0130039453454514,0.643865331717536,0.0263930485862103,0.506188486498356,0.00289953437559966,0.690387946918813,0.0443420550300645,0.513573194813136,0.00823150768826885,0.807864659710968,0.0920329512761495,0.511283539505285,0.00661854259394685
396,50.5,29.011491975882,0.680406077825251,0.0328363452096485,0.503139103508391,0.00351143217097853,0.655926498448854,0.0342845084879377,0.513142416850609,0.0107794980403615,0.804024661927243,0.098404470152518,0.520343162770873,0.0149155920120129,0.643844161625384,0.0255803428198928,0.507471776201285,0.00448372304646024,0.689501612438658,0.0448222387389897,0.512472482012268,0.00791846707789244,0.807300691211898,0.0941460595396285,0.510020977872075,0.00620472086109652
397,50.5,29.011491975882,0.681156198103661,0.0322449755056608,0.502316868104633,0.00263371561322369,0.656213405157669,0.0362305182775588,0.513963046870923,0.0119683289577056,0.803348351125045,0.102982764836705,0.523661536059107,0.014848703397961,0.644899718357107,0.0248654823187716,0.506335359160283,0.00377083756375238,0.688955264414506,0.0472758465063667,0.512849349800469,0.00712272794457974,0.805140281964412,0.0968192802261643,0.509657064572229,0.007094877292012
398,50.5,29.011491975882,0.68193740673004,0.0313616699332838,0.501784476747542,0.00170822636834973,0.655985183796889,0.0375463141426345,0.514002326435662,0.0115241889715388,0.803384487418252,0.103881496263765,0.523776787112147,0.0153191240510855,0.645297962481468,0.0240798332354763,0.507118454502528,0.00498761600564263,0.687670722192154,0.0485301438468451,0.512659882891346,0.0070114911415988,0.801841340673289,0.0998858011915133,0.510489696549175,0.00739495046409099
399,50.5,29.011491975882,0.681688470284529,0.0306694611979264,0.501994727340296,0.00186308959938635,0.655754505333173,0.0392013469412777,0.512376333792527,0.0111033810253568,0.801696929541755,0.106378618648671,0.523269802533613,0.0146760800678912,0.644300788385411,0.023304674503075,0.50699788677427,0.00472548501536846,0.687597914373271,0.0509480245601637,0.513588836964218,0.00977792085472792,0.800640576073253,0.103030927876753,0.509204370109468,0.00664895405505616
400,50.5,29.011491975882,0.681525546014121,0.0302289204960644,0.502723813562705,0.00308670534051889,0.655073726711764,0.0408655604387636,0.512324248679142,0.0111731002222737,0.799942630763725,0.107326244567711,0.522936540031695,0.0139448161413967,0.644761030596309,0.0239451828893156,0.506639073509246,0.00605506255153115,0.687047001043307,0.0526326452164414,0.513560709615346,0.00858374376810363,0.79986785984494,0.106413517929651,0.508725577789745,0.0060158578187042
401,50.5,29.011491975882,0.68139869036119,0.0295904221068283,0.502307852427162,0.00280391209509522,0.654812853721343,0.0422174597861425,0.5140022841856,0.011757357413737,0.800892195997483,0.107900893923237,0.52158164629566,0.0143268628167781,0.644716026788362,0.0244376631679972,0.506496035916026,0.00382468498993788,0.687138476443994,0.0538604397509751,0.512812562464854,0.00795472378138596,0.800709475281029,0.107430382298407,0.508636115013001,0.0058321239783533
402,50.5,29.011491975882,0.681587156056147,0.0304352548990646,0.502351809339735,0.00294135562040687,0.653569838741984,0.0427093454086709,0.512355610543176,0.00998141776977223,0.802163380219676,0.107553302437248,0.52245332010195,0.0146758336647287,0.643452685270968,0.0257020962384754,0.506619849105106,0.00432258339571603,0.686864466284453,0.0539628962286384,0.515352641853376,0.00937990846164498,0.799531660253097,0.105520815564217,0.508677885208189,0.00560321873828247
403,50.5,29.011491975882,0.681231984612641,0.0308724412926822,0.502423724274873,0.00291897222322789,0.652671361449452,0.0432152402038847,0.51194618171569,0.0105194549587541,0.803314717499709,0.105021053518302,0.523342042163959,0.0155949078218535,0.645149266486919,0.0260016558096924,0.505972359936424,0.00404304929372214,0.685649517627233,0.0538062136812344,0.513345190315835,0.00806739655137125,0.802463706723138,0.104163199549847,0.50874063013138,0.00585976634209706
404,50.5,29.011491975882,0.680573580048,0.0317557450692515,0.502975556525609,0.00359112596115394,0.651709729681022,0.0432844771979918,0.513962406899805,0.0113541356599098,0.806090053704503,0.101160082588171,0.521995526130522,0.0140125167694261,0.64341604301912,0.0256345500501138,0.506782600468326,0.00426646956730563,0.68594738789706,0.0541739551243929,0.518357684076683,0.0133048357731306,0.799273197901369,0.0992714788870898,0.508450605664951,0.00511811789267532
405,50.5,29.011491975882,0.681032666443156,0.0325914538441207,0.501973825333088,0.00225219214636998,0.651787220253368,0.0438327857833817,0.514861233219154,0.0125929231320093,0.807274384284685,0.0974820167129393,0.52121230677851,0.0142100114051902,0.644118635402815,0.0260459928905834,0.509107781110368,0.00759242241014311,0.683303776252278,0.0550259978828372,0.512763804983218,0.00786810009965271,0.805512231946475,0.0961267760867393,0.509749033007023,0.00832496523151256
406,50.5,29.011491975882,0.679848289753475,0.0335164512735421,0.502746067346983,0.00346518045399283,0.650658575611582,0.0444538409374199,0.513927330446154,0.0121990771957495,0.80766848563337,0.0940151154060604,0.52088003319172,0.0135877498731052,0.645108290635214,0.0268997033634657,0.506875372338099,0.00474370604598201,0.68364863055987,0.0559271396382077,0.512561288260518,0.00738111283340017,0.808253356548305,0.092477524308319,0.509516486943688,0.00779096650486425
407,50.5,29.011491975882,0.678953469528197,0.0356865970248155,0.502606173025496,0.00314006597582482,0.649986740626036,0.0455011893586707,0.515606535606167,0.0141004008757133,0.809648912797059,0.0889456526626877,0.520125263931152,0.0122006621501313,0.64346430367041,0.0283754164823948,0.506442276734954,0.00423899816121648,0.684310639440975,0.0577509940052265,0.515814644311009,0.00976343562180478,0.805445196373578,0.0897651532110937,0.509011291937368,0.00727447002637893
408,50.5,29.011491975882,0.678057668910198,0.0380518249177138,0.501819615328006,0.00224490715459156,0.648859427946475,0.0469727179980417,0.515113633007367,0.0145903672718022,0.80564968712009,0.0861863706006409,0.523701305930469,0.0175552543612888,0.642156124675123,0.0302253274250487,0.507127169253039,0.00398648212916906,0.682826038477388,0.0576670110155284,0.516067785449184,0.0104333837260084,0.803462193254837,0.0884973524053393,0.509259716336026,0.00721321500321683
409,50.5,29.011491975882,0.675769986055036,0.0418268137713461,0.501450717872559,0.00120085158037583,0.647995973727009,0.0481705656321366,0.515783848316673,0.0146230341650309,0.806806491808084,0.0868132238747762,0.51992400255829,0.0129609652095395,0.640477299257358,0.0332170034460508,0.50832808237856,0.00606751104796841,0.680339757892801,0.0584398534662103,0.513651243624171,0.00896003913474582,0.802709281873187,0.0891648515637327,0.509779662833685,0.00837487866870234
410,50.5,29.011491975882,0.67399717037959,0.0462689654749419,0.502600792240975,0.00311860536401669,0.646528328508448,0.0482575433881004,0.514805493227812,0.0137401928241109,0.805947164397312,0.087583628132827,0.519820435394782,0.0126849003315846,0.639400660142225,0.0363852453756663,0.506576546293522,0.00361038310817546,0.679751176032503,0.0596142530126043,0.514170201677227,0.00911448020267791,0.801756712824875,0.0903750627277515,0.50905740934595,0.0062816225653797
411,50.5,29.011491975882,0.672842120088881,0.0500592204323307,0.501658761727185,0.00156359626525487,0.6458233047328,0.0485492338495712,0.514167581664583,0.0128608819681675,0.80608726473111,0.0890770593064724,0.521439387758349,0.0122717444328557,0.638715008930929,0.0394973566019863,0.505765179741991,0.00336865998513514,0.6787443526272,0.0602228535903247,0.514731854078045,0.00871715949382162,0.800365349108916,0.0886194849268316,0.508876746242833,0.00589871154997694
412,50.5,29.011491975882,0.670023318749138,0.0523197583266585,0.50396181046885,0.0039839455803994,0.643208325881477,0.0492809718366164,0.512576587467595,0.0118504219735821,0.806547627677105,0.0895659605932556,0.521718571522215,0.0120071290290249,0.63661532100167,0.0411871801971374,0.507130398049751,0.00641955311772062,0.676193628752198,0.0613688484507773,0.51479345244281,0.00976495547316333,0.800084039898873,0.0877062065302389,0.508812302923507,0.00668884473028458
413,50.5,29.011491975882,0.669671613737428,0.0545919461368287,0.501745336086589,0.00193066370076166,0.643636892378918,0.0500645370906746,0.513285065878728,0.0138682292693766,0.807248921073389,0.0886656649938467,0.522388392385655,0.014665338419202,0.635767112143088,0.0424804637932307,0.507313886341656,0.0052755679273206,0.675030457120438,0.0626368057049336,0.514867978711754,0.00845723272902792,0.799706614228336,0.0859793839037504,0.509777808606576,0.00639239223382549
414,50.5,29.011491975882,0.669430964170926,0.0553073153011208,0.50160003669384,0.00175981302160987,0.643425108142158,0.0506341370295735,0.512893356214928,0.0134418721419503,0.806698454140005,0.0873645599232154,0.524298398027779,0.0165636245923652,0.635897259105913,0.0432292296723575,0.506177409216158,0.00372900111463967,0.674703590978569,0.063355519876218,0.513931964218824,0.0084668518112195,0.80243535624902,0.0828449238654367,0.509530962702706,0.00723471761588776
415,50.5,29.011491975882,0.668480742370514,0.054135069628119,0.502746339916532,0.00307115363197115,0.642961459402301,0.0523558811047361,0.512500500726244,0.013405317737386,0.810467434814801,0.087629734953073,0.521291053992083,0.0125939707218688,0.636108904087401,0.0422570570750997,0.506468384690307,0.0046927665434224,0.673420937363744,0.0649494504922743,0.514098412503954,0.00822547817834974,0.802853364926754,0.0816930858905122,0.509034043950983,0.00689045526330023
416,50.5,29.011491975882,0.668365743287996,0.0525469635290007,0.503064559034902,0.00376158072031516,0.643071877555705,0.0531626748198466,0.513676949766542,0.0127880846312242,0.81099643683804,0.086015465570398,0.520132833130933,0.0124367803720908,0.636324938663747,0.0411839922558198,0.507056945226325,0.00544463172947385,0.67380047182475,0.0662665811224262,0.514982678222875,0.0109274931703247,0.803279039620199,0.0802867052496792,0.509193991557243,0.00678386310031865
417,50.5,29.011491975882,0.669327827129919,0.0517130164465489,0.502238967906354,0.00246637052822307,0.64389784704937,0.0533296134014103,0.512908317940505,0.012210623783289,0.815291340299746,0.0850484390692646,0.521343502918958,0.0136609818133909,0.637486874223354,0.0397678295539383,0.506785228533953,0.0043792668451881,0.673908257851122,0.0661354192503056,0.513371894336745,0.00821963160231867,0.8080126810188,0.0796502735330961,0.509120584143926,0.006245553081678
418,50.5,29.011491975882,0.670132038905643,0.05040511777565,0.502038056578342,0.00193962949483471,0.644410708425065,0.0522520134182631,0.514075103412256,0.0126825604761977,0.817944387705886,0.0853238505580945,0.519982823897249,0.0124862659016127,0.63778168615423,0.0383160371045967,0.505562254219557,0.00390844835922055,0.675741058496826,0.0649183485419453,0.51600835642581,0.0115753294638457,0.807857187495819,0.0773013995887313,0.509723326668963,0.00650843778143116
419,50.5,29.011491975882,0.670673030885219,0.0485990002994383,0.502987164161795,0.00324057166614167,0.643886412840242,0.0501097108756152,0.512850669508122,0.0117721147516973,0.817255407619414,0.0855451794452095,0.520417092931265,0.0119452339545158,0.638750776326223,0.0374230289056354,0.506324940687013,0.00423386867410274,0.674986810130302,0.0628125858129175,0.512957361355186,0.00757291144746303,0.811103372068367,0.0775660130775865,0.51054735047574,0.00786647261291653
420,50.5,29.011491975882,0.671227983584461,0.0480430246548781,0.501752369181725,0.00148426493063437,0.645008943468042,0.0485789639687025,0.518422749661151,0.0158645885888533,0.808262886726469,0.0856599167561415,0.523470833204773,0.0163546765836981,0.637897010078775,0.0367065086888013,0.50636023322133,0.00415879094079487,0.676293268959144,0.0610210223861697,0.512576794053952,0.00678287042456832,0.812492664588599,0.077349649095202,0.510215607597605,0.00689967146391901
421,50.5,29.011491975882,0.670536156918183,0.0464442964480086,0.504268359772822,0.00428703141510017,0.645373246667865,0.0457245492022017,0.512074806375317,0.0126873649391077,0.812676804447313,0.0878158079796217,0.520653366476141,0.0141424082517366,0.637472485393705,0.0366243418594511,0.506043973476938,0.00437144216681779,0.677120737228741,0.0578309283718689,0.513083595962519,0.00744499724638098,0.811863004275095,0.0783886711669506,0.510079784282343,0.00677082209556242
422,50.5,29.011491975882,0.669856489061095,0.0468487930474144,0.504104970468781,0.00480295677543831,0.646079163728876,0.0431632049710987,0.512876888694854,0.0120078233712894,0.813988088219207,0.0910762332648808,0.522153760793367,0.0162758891285472,0.637199250419133,0.0371768849647327,0.50613734758129,0.00395208719912944,0.678642797008904,0.055124113723211,0.515116364496725,0.00825489729017111,0.810221398707402,0.0793628964271927,0.509647840429296,0.00621926144271523
423,50.5,29.011491975882,0.670757620239708,0.0472397600808878,0.503200781984148,0.00324210679971589,0.648940011809914,0.0414485336347149,0.517150965983345,0.0153918601661747,0.812988318492869,0.0934225641668367,0.519781720824578,0.0116468648459683,0.63723688944354,0.0368910785541169,0.506823087955744,0.00455187283393018,0.679992794001257,0.0529477325140834,0.515874237285309,0.00802451060656633,0.808954300771376,0.0800060613926123,0.509683409064288,0.00565007415148823
424,50.5,29.011491975882,0.671186872836456,0.0465244946069389,0.502570551846437,0.00242896780554331,0.65134035699205,0.0394678238175791,0.516705788058886,0.0141142559569593,0.812374420297603,0.0950334354796117,0.51957579452185,0.0116549470482779,0.637294605301408,0.0366284265569516,0.507007122537494,0.00427274353258423,0.681581795310761,0.0508982259141353,0.514903826405853,0.00903190361300686,0.80935529398847,0.0817803197218595,0.510190194738286,0.00582373042487069
425,50.5,29.011491975882,0.670481494650899,0.0458515630568979,0.504124135098596,0.00361776520511215,0.652484881183794,0.0382188027945292,0.516260505741734,0.0149136214707217,0.811265209572357,0.0969513308298932,0.518185088521724,0.00933787947007705,0.638202197174604,0.0365390660828991,0.50701027760921,0.00549813658284139,0.683686652355699,0.0486082383917163,0.513532011273572,0.00820047431527617,0.809553400489151,0.0840114154316017,0.5093088496752,0.00515583844124185
426,50.5,29.011491975882,0.671543518524469,0.04572674290551,0.503030711127157,0.00318436848709145,0.654138724561689,0.0367247370859307,0.515182794264761,0.0119504853487542,0.811296818335786,0.0970494852772685,0.520434285793321,0.0128205094354202,0.637454077083251,0.0362370710204665,0.507384863871315,0.00529272246198965,0.68507791867095,0.0465619776369254,0.514307784703731,0.00827565861833009,0.80858923866585,0.0854281965208006,0.509306277884505,0.00544330278116075
427,50.5,29.011491975882,0.671541847834846,0.0454263266960277,0.503162024903341,0.00324102578407672,0.655181502798594,0.0355932360345616,0.516113151896106,0.0141387845098867,0.806879814667181,0.0982964580763512,0.522431456690793,0.0151600357225255,0.638186185464532,0.0367700613171911,0.506196152830577,0.00456180576595159,0.686835938832337,0.0449336301507478,0.513708699067165,0.0082730282837146,0.808489229275196,0.0881317987789511,0.509949750051694,0.00622712496025692
428,50.5,29.011491975882,0.671635322164102,0.0454804424693682,0.503432602309414,0.00426386715536823,0.656259647403045,0.0348026212151527,0.515292042147094,0.0150351163248645,0.807085164137762,0.0999609533825993,0.52063607529527,0.0116517389654951,0.638130643669868,0.0367950494418721,0.506347205017315,0.0045552062794097,0.688918743763432,0.0434778313840355,0.514280906113749,0.00854842558611653,0.805792687483436,0.088217050004427,0.510514593609423,0.00718483969171153
429,50.5,29.011491975882,0.672159499088565,0.0458822907070092,0.502611469724267,0.00268028045183906,0.657229697434418,0.0348444168563972,0.515485863739497,0.0136842490885273,0.806826741403058,0.0976396035366383,0.519557202439765,0.0109820632930512,0.636927398459478,0.0367369664107418,0.506193163537246,0.00490700690634023,0.690797438438059,0.0428988464368789,0.517010102099589,0.0131360615779492,0.804317902814454,0.0868434268338255,0.510103440385319,0.00665304127661968
430,50.5,29.011491975882,0.670939393627606,0.0461256410529964,0.503088629508555,0.00409384281690927,0.657447657301625,0.0335931964401512,0.51662849776504,0.01629434893861,0.80753705870634,0.0952630666976389,0.519122557018878,0.0106669320066594,0.637427782323403,0.0368372398654916,0.506064155109387,0.0048009608353036,0.692342802606651,0.0410776373298238,0.516129147366563,0.0109487220080282,0.807016292136801,0.0848425008657001,0.509750213116282,0.00600040561999576
431,50.5,29.011491975882,0.671694550268232,0.0459436197056524,0.503463324463955,0.00408263105281234,0.657972771418656,0.0326258692594122,0.515430144623186,0.0148099233265503,0.802332397840988,0.0905984573163364,0.527550368261199,0.0201906390686477,0.637476346236561,0.0373986351266143,0.505632584793866,0.00324682737283944,0.693784110757503,0.0393939919101128,0.516606843108324,0.00988382376410106,0.806143965671406,0.0821146816065755,0.510094731223199,0.00663915043832689
432,50.5,29.011491975882,0.670619767232111,0.0461370525642734,0.502511450462624,0.00225005714062618,0.660327494407755,0.0317628860675228,0.5161588778287,0.0175361559336478,0.808166273876426,0.0869391103256823,0.522298832313213,0.0146944999709118,0.636521698285247,0.0369627994890932,0.506687257783522,0.00478444562683398,0.693672517693045,0.0373293016746033,0.515105479348524,0.0101830013255337,0.808689770621661,0.0795689298704327,0.5095202468896,0.00584554543757005
433,50.5,29.011491975882,0.667570861607246,0.0470400128830526,0.50552644976718,0.0047907781495682,0.659027114825118,0.030598647966581,0.512903047197342,0.0117988621409904,0.807606069483091,0.0831344729306959,0.524356820306322,0.0168840714556722,0.634959005536565,0.0374782697556124,0.506649810016123,0.0040053205408132,0.694401155746526,0.0357281804971166,0.513315086076844,0.0104795013197387,0.810587719129445,0.0760084145023883,0.509585777217968,0.00658203749941903
434,50.5,29.011491975882,0.667071295922198,0.0485872052078488,0.502797336934044,0.0022253802510095,0.660188438163878,0.0316753075897344,0.514867414588438,0.0136899418641893,0.811004365375428,0.0811475828608383,0.523020234830196,0.0148377565525114,0.631753918116825,0.0381362992314793,0.508085265284581,0.00628719966144615,0.693083926303094,0.0354001042911992,0.515487172190869,0.0108995445834902,0.811018435301475,0.0739909338533958,0.509776317508796,0.00635709546545501
435,50.5,29.011491975882,0.665654946405928,0.0507194064226762,0.504935361666604,0.00407083427661634,0.658324773876956,0.0323872857371611,0.512392239940927,0.013568418680453,0.81163104932939,0.0796801636652965,0.521915262256777,0.0142565858064196,0.632162667381616,0.0397965232375101,0.507097546124285,0.00363849907053002,0.693328321825993,0.036314979675511,0.514382876097835,0.00970415250929783,0.813195689981196,0.0710326335533389,0.511802913955698,0.00756868046292513
436,50.5,29.011491975882,0.665724721881285,0.0530001470796549,0.502667958397566,0.00208435441237373,0.658242723167421,0.0333384294630342,0.516268163782765,0.0143513789515996,0.809806878135291,0.0755922530814899,0.524572581562249,0.0146779623745852,0.631011939094132,0.0410425219174243,0.506629321428289,0.00360950625597582,0.693717357824497,0.0383187650038283,0.514291915809201,0.0112023515287133,0.814665392805398,0.0687550641689495,0.512260000719603,0.00932042596766097
437,50.5,29.011491975882,0.664147602854182,0.0552295476469511,0.503245439355616,0.00353394578388538,0.65674174731725,0.0337378244632158,0.514749552611857,0.0137350152567987,0.808445559446425,0.0760078555884562,0.52494294961452,0.0189535180625139,0.629314463097739,0.0416881417565573,0.50814205646575,0.00481091227146095,0.692521928413211,0.0402881373327952,0.512916640158522,0.00802710669270118,0.819444657880246,0.0667729305611193,0.511106010644672,0.00627565394534159
438,50.5,29.011491975882,0.663541316776332,0.0565544080185578,0.503732675581172,0.00362513882730367,0.657303884767785,0.0345624256840986,0.513491120903218,0.0126054193724737,0.810695213632717,0.0723063313987463,0.522990579378197,0.0142528441621938,0.629387806076936,0.0431106416525048,0.508573747148971,0.00508180739260171,0.692184761522588,0.0408828801776671,0.512654197038409,0.00785417766596959,0.81954879226582,0.0639655346786364,0.511155607675428,0.00591789095055013
439,50.5,29.011491975882,0.664048420770557,0.0568695668543416,0.50302349784136,0.00310980212379162,0.657833990025567,0.0353511615832786,0.515354458156333,0.0120962410546225,0.812349246733319,0.0705898704389254,0.520979384465232,0.0124196479980788,0.629514323758082,0.0434687065491475,0.507501046687411,0.00362018352026645,0.693113665467607,0.0422611163684392,0.514383514302234,0.010355613186817,0.819386030634656,0.0622924380528742,0.511591727456938,0.00733435380397079
440,50.5,29.011491975882,0.66444210297975,0.0569426944245698,0.503514929660767,0.00318274486920313,0.657249548773147,0.0361833826745141,0.514642675046041,0.011699527632866,0.816429459446667,0.0680562538781661,0.519363364051169,0.0112866359802143,0.629934664851934,0.0428054209255245,0.50759773227592,0.00403947853196608,0.69293866514609,0.0438264335009417,0.513514312368288,0.00960312623136493,0.822766992592493,0.0572545991258434,0.511681942429999,0.0067373013723622
441,50.5,29.011491975882,0.665335173588866,0.0568241945413645,0.502379819504359,0.00200591840476755,0.657001184674863,0.0372045902909261,0.515462525549675,0.012158467686646,0.819227895538751,0.0632199926811326,0.520670097991335,0.0121198103036734,0.630796532635803,0.0426797738975726,0.509186025520683,0.00456195458946495,0.691981969909779,0.0453115346133898,0.512761369748084,0.00821002808109976,0.825096840030353,0.0539817704279988,0.51147054278523,0.00744598323067881
442,50.5,29.011491975882,0.664998123016187,0.0563531786559927,0.502651917963237,0.00241217113927874,0.656339402522423,0.0389450597908853,0.514954588988215,0.0111344072763637,0.822258065673411,0.0588208295598526,0.519778101213936,0.00986713789838571,0.630829495509889,0.0424828572691401,0.506927414921517,0.00322005482730431,0.693475612775954,0.0469535811094237,0.516269838138976,0.0131109647715509,0.823735539811213,0.0510867570720398,0.511826350901639,0.00711586697485212
443,50.5,29.011491975882,0.665132928784839,0.0565506054184027,0.502385724467667,0.00238038936963374,0.654968445675807,0.0401951247140992,0.51472612640047,0.0111523538584855,0.822263516022576,0.0549923899734371,0.522852971944807,0.0149459342475891,0.631664044635624,0.0425383149706829,0.508650781649163,0.00520516385286307,0.690209423142763,0.0488670748617827,0.514294853538007,0.00890389795098161,0.826228635830664,0.0485762047772021,0.511436443327628,0.00684982217847003
444,50.5,29.011491975882,0.665429486078224,0.0567209422766132,0.502139094663889,0.00141692341799177,0.654593210120983,0.0412880951873701,0.515072715349762,0.0104484880632568,0.826340620353222,0.0547076980743865,0.519341173684104,0.00975953545928999,0.632911858877743,0.0437314149505017,0.507520610651181,0.00440602723567139,0.689575512643462,0.0520118469835402,0.512945550616179,0.00853547619932287,0.825199462491378,0.0503541738288208,0.513928395999915,0.0111223111657365
445,50.5,29.011491975882,0.665074672966755,0.0572110982414865,0.502092298182867,0.00158257422454152,0.653180214579176,0.0428239310918664,0.514131618341786,0.0094703725245857,0.823562649160072,0.0572084101595831,0.521839052652169,0.0157066339806795,0.631599624720672,0.0439686018397882,0.507007832379017,0.00454843054149875,0.688425796247649,0.0540879412465149,0.512978157594848,0.00891387975358976,0.826234900826914,0.0504127910323946,0.511814561071238,0.00752467613611316
446,50.5,29.011491975882,0.663930914774203,0.0564193739080206,0.503771869331366,0.00388379306848782,0.652048946424973,0.0442345508403271,0.513498589572129,0.0112321858601359,0.821658766790371,0.0603707410716089,0.518932574972243,0.00867788859374138,0.630752272807896,0.0440297764023521,0.506773478909184,0.00390697252559686,0.68770881858444,0.0567231203879089,0.516829110749421,0.0115736761218349,0.819667169471657,0.0545519805873962,0.512657722031493,0.00851351459473609
447,50.5,29.011491975882,0.66446776590117,0.0574948726312697,0.503059231403683,0.00355456677288942,0.651509300055951,0.0455343633778398,0.514341048197675,0.0118923026030235,0.82198645938334,0.0659516693040811,0.518798604434932,0.00817250982835053,0.631094913188761,0.0442737989714147,0.508382100251935,0.00469563273698095,0.686398776120675,0.0579737416120873,0.515292870690428,0.0103934520227341,0.81861059379007,0.0606740479136633,0.511881947021799,0.00708290904967459
448,50.5,29.011491975882,0.665301085566464,0.0573330087404578,0.50275825958859,0.00306802310117535,0.650907176737551,0.0479143002583395,0.512914165960022,0.010769630131319,0.820257834292687,0.0697610740995471,0.519322804628507,0.00936902095682072,0.631941747007433,0.044374855846011,0.507194748369165,0.00446572184967555,0.686185864239449,0.0590399247398566,0.512030820489161,0.00896909938711678,0.817993681769983,0.0645305297876407,0.512050798975811,0.00675299848158641
449,50.5,29.011491975882,0.664924822114903,0.0570502768199035,0.502758877411569,0.00300985265781078,0.650764947226946,0.0483905120729839,0.51405414611593,0.0118317472175486,0.817714648408707,0.0754441285349257,0.518480164868746,0.00894992106646556,0.632277516099942,0.0437971321478338,0.507078060404066,0.00482983381242884,0.686538177058248,0.0599309601931625,0.514297692542919,0.00987897456722857,0.814174007724765,0.0692856088649808,0.511201628767548,0.00620003746984726
450,50.5,29.011491975882,0.664620568983527,0.0548542189735818,0.502825767801353,0.003592060182116,0.649291903656534,0.0481871721116783,0.513726419450734,0.0121734534725301,0.817571148653957,0.0817522129830885,0.518233062057321,0.00894611981314635,0.632448876170732,0.0424262039580016,0.506926993899392,0.0038794405600549,0.685211317954337,0.0597334234331808,0.512859856705402,0.00969506867754973,0.813237331550155,0.0753319155433795,0.511080888796003,0.00612570668223848
451,50.5,29.011491975882,0.664761001231496,0.0526333590792211,0.502874361033711,0.00369831006387107,0.648189548324078,0.0481219584282264,0.514468546965695,0.0136016420665199,0.815589622716822,0.0850876810054884,0.517206647649657,0.00821097887718892,0.632018392491706,0.0410427242396573,0.509013984873676,0.00557207830413005,0.682030182094789,0.0590853863322552,0.512500172892915,0.00910128952519778,0.811525933966246,0.0787512922983401,0.51134678995491,0.00659816216846802
452,50.5,29.011491975882,0.665639349720196,0.0519798212538923,0.501807965146871,0.00129451571914159,0.646637288093768,0.0496791394343582,0.513470007610589,0.012082744996537,0.813518611150257,0.0861422547528687,0.520752490979867,0.0154833599623557,0.632962874908574,0.0411985739390743,0.50796135992438,0.00551119722430222,0.680939945827503,0.0601113977299821,0.512417615183699,0.00851785958340852,0.812977194625362,0.0816624269307012,0.511675860695295,0.00664061049517674
453,50.5,29.011491975882,0.664152235668229,0.0517257052888178,0.502805328947694,0.00317966607168694,0.64568728677606,0.0508946639453602,0.512763095205693,0.0118742026842037,0.815695217778872,0.0854448575421145,0.517451775338968,0.00853993412825176,0.631998974362963,0.0411458171508892,0.507736555334204,0.00500781424088859,0.681762594595906,0.0618865646016681,0.513656757938741,0.00917406966157032,0.811897175780863,0.0826386745188112,0.510971215059744,0.00620981798283633
454,50.5,29.011491975882,0.664450556498898,0.0525679167577883,0.502493237323634,0.00286841668539733,0.645668314033773,0.0509966023651287,0.511988873668842,0.0112007294569541,0.813075986699676,0.0863558676810205,0.520303679340425,0.0126339197761945,0.632447660634297,0.0419694125978536,0.506100925371665,0.00369337291802479,0.68347769903411,0.0617633899239705,0.513802336193877,0.0107372959215408,0.811481111481399,0.0836184498347394,0.511330889386368,0.00655131094653123
455,50.5,29.011491975882,0.663926741872175,0.0534997131056476,0.502753832252542,0.00284387667893972,0.645040050925149,0.0510793372806875,0.511019497261046,0.0101548045693488,0.813698085148208,0.0850174039683366,0.520302694217108,0.0138617406554181,0.631594300918641,0.042196591874661,0.506158018632254,0.00420217384819384,0.684447236865633,0.0608092790111901,0.513876322150739,0.0116715546619382,0.811329062268647,0.0835837932205061,0.510724241226477,0.00597289776012572
456,50.5,29.011491975882,0.663224899655981,0.0547235686569942,0.503066918780564,0.00295265505230613,0.645290189101873,0.0502608410646596,0.512962638229594,0.0158871184708343,0.813137826431939,0.0869807269062736,0.5190209834426,0.0114555049826276,0.631500887383086,0.0426552796106609,0.508115890992888,0.00553389723330288,0.683913939598602,0.0593523040002598,0.512699809982121,0.011605014002254,0.810188850668144,0.0808997216749493,0.511906044655129,0.00889699376020197
457,50.5,29.011491975882,0.663220082333818,0.0557504604385737,0.503879737642347,0.0041458033591746,0.645728538251156,0.0490917368676302,0.510634358296467,0.0108768465967667,0.814365486556659,0.0852403606719945,0.51873381308536,0.0107273522238951,0.631382576445156,0.0430234354775076,0.506991965954815,0.00446554128596733,0.684963698450595,0.0586508257984695,0.513882983261152,0.00931126526600297,0.811457490088864,0.0789360825410256,0.510341291748861,0.00529342607633237
458,50.5,29.011491975882,0.664381551246324,0.0564793464821121,0.502554956705116,0.00232957990030503,0.646610104341346,0.0477374197321446,0.512630693318774,0.0125806343172621,0.814835609282965,0.0857970217535503,0.517951460643442,0.00947211769529053,0.630247451303974,0.0431256096584601,0.507516241432655,0.00483674059356511,0.685564840329574,0.0574044096016856,0.515662852225104,0.0124338240138046,0.811078833644639,0.0783662210303,0.509985642832045,0.00468450541573806
459,50.5,29.011491975882,0.664396813355195,0.0567548448713939,0.503527530287479,0.0034257304198451,0.647212951377552,0.0461821921282317,0.511444044763109,0.0128773670483222,0.81102649676557,0.0865874805459565,0.517483766582546,0.0088844542558969,0.631048959449917,0.0433174615274728,0.508370413799709,0.00600343057702386,0.685473793780936,0.055269556392744,0.512541486144972,0.00879088551912191,0.810072548049012,0.0805690710461809,0.510014737211715,0.00523451481839384
460,50.5,29.011491975882,0.665552702021519,0.0568392472257467,0.502069578038714,0.00161181279979915,0.648620846847419,0.0455105940188795,0.512647361873364,0.0136453519966579,0.807503425539958,0.0905272163540938,0.517643326894169,0.0106266200164395,0.631114392314173,0.0435259968192523,0.507029042429571,0.0043707445341372,0.686958739344977,0.0542691172267912,0.511916993706572,0.00764354871234944,0.806412404312056,0.0830086390746335,0.511247812570569,0.00699200721342429
461,50.5,29.011491975882,0.665420048034057,0.0563890897082907,0.502754082539235,0.00254306614450797,0.649461510789505,0.0439201242392834,0.512142364443918,0.0129624737724699,0.805533025692521,0.0933411109794703,0.517546118714219,0.00986948547580163,0.630808968083799,0.0437788545362993,0.505757487216933,0.00321577923950139,0.688231282404693,0.0528494464769543,0.512954796788982,0.00926007332589439,0.802191665937074,0.0838004389161474,0.511114979274899,0.00714653381314922
462,50.5,29.011491975882,0.666131897430359,0.0570330780941946,0.502132530591806,0.00167979113165741,0.650813141243647,0.0420582118546084,0.512365641275249,0.0133497516380074,0.803551505967818,0.0941370439693826,0.518492574323533,0.00955965048973347,0.629643981662148,0.044202649897144,0.507091996754558,0.00381537879313043,0.689267631015791,0.0509536100417423,0.51356895719191,0.00979264358796526,0.799197651365922,0.0850483155040207,0.510448229783486,0.00570723177776768
463,50.5,29.011491975882,0.665373948318025,0.0578260765036844,0.503744973429846,0.0035519452065229,0.651115931226703,0.0400198059209756,0.510742251392095,0.0125866382356784,0.800987339784531,0.095816805835841,0.518837053107902,0.0105615086466274,0.63075297280507,0.0456394317537585,0.506885442711303,0.00368218835134131,0.689366838519888,0.0486387366216106,0.511329055968906,0.00658964667658961,0.799865862198019,0.0849620127219824,0.51067248282638,0.00672079629625414
464,50.5,29.011491975882,0.666267523904683,0.0595661958509229,0.502041543216969,0.00155252713928386,0.652916447135248,0.0379000599532818,0.51098237928493,0.0126809551050432,0.802587112811325,0.0957781881722516,0.520061987632769,0.011072832178175,0.631422156897178,0.0466201655850747,0.50578466413398,0.00272241304634951,0.691135959421112,0.047099056278888,0.511282571145452,0.00649087596730793,0.799141614057441,0.0847206076725245,0.510688271358774,0.00609490783978509
465,50.5,29.011491975882,0.665937279933348,0.0609682962244527,0.503189518527958,0.00335029301867861,0.652862048633053,0.0359444708066577,0.510239024351514,0.0108667713412286,0.801259693968154,0.0970072813512056,0.52234006829424,0.0130524238687378,0.63159255344879,0.0474469329287082,0.506190521360004,0.00345664820278823,0.69168859361518,0.0449372462965354,0.510407500872674,0.0063315436594033,0.798816739748724,0.0868242820664342,0.510331789020215,0.00573180784287802
466,50.5,29.011491975882,0.666233698986615,0.0613786067269656,0.502950005457542,0.00307367118656271,0.653750227296285,0.0341644476598248,0.509878843375431,0.0112604766700237,0.801380399686549,0.0947676925317415,0.519876974658148,0.0149892100727233,0.632068107108543,0.048340072522204,0.506171200846368,0.00389112425875591,0.691804898976054,0.0434383044081383,0.510361032299169,0.00659695164515936,0.796522833034771,0.0863067792150728,0.511327884239714,0.00653199303436894
467,50.5,29.011491975882,0.665498298874725,0.0622406369482052,0.501964387203026,0.00129622550398463,0.653536311011736,0.0332647253177132,0.510226815394159,0.0110510369843474,0.803102731577351,0.0952137847411016,0.520512212695376,0.0140482154047611,0.631545052227923,0.0487570829628526,0.506491719761312,0.0033978010811247,0.691511682557902,0.0418137674764412,0.50938916803759,0.00515622735127368,0.798092077331666,0.0863010285060454,0.509837232292131,0.00558758022691664
468,50.5,29.011491975882,0.664677758494406,0.0632033122825435,0.503820667218467,0.00396284242116407,0.6533567042306,0.0322039392305949,0.508350648442302,0.00981945675384175,0.801792281919251,0.0947090651694046,0.520586552839869,0.0136726374940969,0.630773491247638,0.0489543784850994,0.506996953703208,0.00426784339139858,0.690723925511501,0.040340511196386,0.50908477379613,0.00487799794588173,0.799245032155749,0.0862182106173244,0.510946964023554,0.00664028596712997
469,50.5,29.011491975882,0.664384165416111,0.0641369492280133,0.502155914440264,0.00156961062714979,0.654605818130111,0.0317700475336004,0.511152096958925,0.0118693154063727,0.804870879340143,0.0958882822972614,0.518794068610791,0.0115603234299782,0.630269406840472,0.0489087928990324,0.50605803148827,0.00363872086653127,0.691354893071699,0.0407924019823413,0.512157410037791,0.0102492038318357,0.79846262159957,0.0867650865644145,0.51128713685332,0.00634856303934546
470,50.5,29.011491975882,0.665042344469788,0.0646740909456992,0.502572944079235,0.00213260372287144,0.654876313700832,0.0312518697728537,0.509260794963449,0.0110563072293233,0.799731191868759,0.0950748432854849,0.521841832005399,0.0195642046619923,0.629635324081985,0.048792968208763,0.506104498289327,0.00399751600761126,0.691504323609477,0.0399840578874045,0.512887546114894,0.00918067080733994,0.798640492496156,0.0857514250978289,0.511629036024423,0.00598338708180103
471,50.5,29.011491975882,0.664031081166303,0.065576790596862,0.50335084764617,0.0028548319454944,0.654273356594626,0.0311807673073739,0.510549898352797,0.0118804225530821,0.801165248948252,0.095550064081755,0.520541151705308,0.0156447232995814,0.63105770101949,0.04908815804164,0.50523781920926,0.00245478322960088,0.691705462130143,0.0391521233364493,0.50989982339632,0.00575136117504539,0.802175170912066,0.087105790932403,0.511611963362602,0.00584523437772236
472,50.5,29.011491975882,0.663616748757336,0.0653644504667641,0.502790150113928,0.00224280828424528,0.654611572019125,0.032241539731364,0.511977409949446,0.0122680890883197,0.803449599974384,0.0955266344864274,0.518320057391027,0.0105814803598448,0.630068469111814,0.049321630029616,0.506738768057946,0.00458113577146083,0.689672589793963,0.0392156304511547,0.509173013791492,0.00521298840846228,0.80316659606353,0.0886126574584511,0.510575779496906,0.00493784917409312
473,50.5,29.011491975882,0.66338253211171,0.0655335818651367,0.503026051462253,0.00240391776129961,0.653761020382227,0.0326995910750061,0.512348649095691,0.0123895791280532,0.805850666255152,0.096733880387407,0.517658031416932,0.00987907002440605,0.630258441221783,0.0494065654533188,0.505855590367991,0.00358141057267667,0.689012741150112,0.0394223309491979,0.510122425041438,0.00692654260490923,0.802023793709447,0.0870068273156625,0.512418269885401,0.00872911038665561
474,50.5,29.011491975882,0.663321549799936,0.064970802015025,0.503787649531092,0.00362499269175086,0.653502359290175,0.0341781832030309,0.512077593879112,0.0125768660146811,0.807444049784534,0.0958104478219541,0.516428874906774,0.009433757316369,0.629246261471343,0.0491765524813159,0.507519241580086,0.00578681612980383,0.687159634071448,0.039728492741252,0.510329804872801,0.00793677819762738,0.804848949684468,0.083156370820258,0.511070596099065,0.0059515076940542
475,50.5,29.011491975882,0.665792264783333,0.0629953669140339,0.50273996620401,0.00272511370727456,0.65339078653017,0.0351355567786568,0.51132647113185,0.0113948040774945,0.804055422701547,0.0938365474417104,0.521877006828072,0.0171040720831713,0.63089426008225,0.0475444021852576,0.506201880143524,0.00391391298941311,0.68795261895802,0.0410549772232112,0.512461448176748,0.00922956010291295,0.804844152910806,0.0790609688275397,0.511674344308365,0.00625465699483223
476,50.5,29.011491975882,0.667481991931544,0.0601870030505353,0.502947892143635,0.00283206262741395,0.653270315370844,0.0357911113274681,0.510403871077584,0.0115143344516464,0.806285783775492,0.0900576267795603,0.520828813523664,0.0139643207326635,0.631609562378058,0.0450434528987439,0.505897386996105,0.00371342488611038,0.68795750740795,0.0426227320174469,0.51256666603454,0.0081326264965546,0.807182652524235,0.0752967028867416,0.511063057718393,0.00547227944987938
477,50.5,29.011491975882,0.668347424692907,0.0568506014790275,0.502856566822634,0.00296916451769525,0.653138774634186,0.0363562822761147,0.511738600781013,0.0117480560028126,0.810504703952933,0.0878049628910207,0.518513853374865,0.0116999907535026,0.631524023801225,0.0417299879699019,0.50759216812342,0.00442827652381833,0.686551647056537,0.0435193749207849,0.51157763844042,0.00660112433581271,0.8101986983008,0.0720168072038323,0.511393460101316,0.00569113147694836
478,50.5,29.011491975882,0.669393878116864,0.0544729067941123,0.502253294467586,0.00190325563868763,0.652230859756919,0.0364363009003983,0.510960879954586,0.0108556828075445,0.812230237165928,0.0860524436374958,0.518730416964703,0.01216426819907,0.633403302518969,0.0404278978836947,0.506082284716667,0.00365543183391754,0.686557079955914,0.0446711278903847,0.511588718766064,0.00840827521797637,0.809077721364765,0.0698115735913378,0.51171450869031,0.00605701541063207
479,50.5,29.011491975882,0.669662436942235,0.0538195073994228,0.502811539401199,0.00305552201065118,0.651682161966997,0.0367613151491399,0.510517832220146,0.0105194308643953,0.813139114940893,0.0851825857628371,0.517948995222913,0.0107328643383711,0.633503037938123,0.0398430555164556,0.506035261026857,0.00373101632560566,0.684692628067402,0.0465443638982502,0.511614634499355,0.00727437210053251,0.809630558751407,0.0704733882382647,0.511475752865499,0.00573729167877743
480,50.5,29.011491975882,0.669425033361297,0.0531862888150674,0.503025604131223,0.00318337429213078,0.65063373194237,0.038090696145032,0.510513783373886,0.012364348575718,0.811506302404403,0.0860202187187351,0.517493102888642,0.0100105251797499,0.632555295217908,0.039492259189017,0.509512997446042,0.00512006848265818,0.681709292420847,0.0481212111351582,0.512110445224465,0.00851290308786354,0.807146757027544,0.0734789881292766,0.511069687661832,0.00574371161097104
481,50.5,29.011491975882,0.670476709923567,0.053387789844712,0.502871023188064,0.00306036878007452,0.649626719958056,0.0403059359573287,0.511005882652202,0.0123431368477237,0.80881275240475,0.0847164982010038,0.517754409993028,0.0115529530522219,0.6350683584086,0.0401523982942244,0.505764429172124,0.00418241000855647,0.682783764515463,0.0512273310296207,0.515239971870331,0.0109647976781167,0.805456125899835,0.0716700172884123,0.512019125591496,0.00785020889144108
482,50.5,29.011491975882,0.670820751426244,0.0536902415667565,0.502572253787523,0.00243001942814628,0.64846021552385,0.0423632892348691,0.51218183686486,0.0119503285063502,0.808729098591985,0.0834104829533313,0.517086018816882,0.010418079943239,0.636198639443203,0.0406421451434331,0.50708206515322,0.00492857390029685,0.680676491812833,0.0535220242122748,0.513048245613505,0.0109678712118924,0.804871971144941,0.0721939874617041,0.511934449471996,0.00716656857058904
483,50.5,29.011491975882,0.670163491958627,0.0540080987235056,0.504383376773178,0.0046660478588939,0.646821507970086,0.0442847840675473,0.512029866248093,0.0117395258214175,0.806582445771139,0.0850324886635103,0.517259251951621,0.010304659510455,0.63543387358783,0.0404352146220502,0.508362932612826,0.00615355110059544,0.678681790257656,0.0560059409103596,0.514225331363145,0.00970436455148626,0.805287996786858,0.0720944359063474,0.511501333613835,0.0068847271923085
484,50.5,29.011491975882,0.671750791834141,0.0541338565014513,0.502136344051138,0.00177983218307424,0.647126037795153,0.0452846216759605,0.5147305554493,0.0124811370846319,0.808956597762045,0.081657897774558,0.51819131265768,0.01118988094118,0.636348835207715,0.0407253633014795,0.507030149386518,0.00458807772366135,0.678348158430534,0.0570517040112862,0.515087152733392,0.0112184379263568,0.808019594903178,0.0719328554101408,0.511605844618664,0.00782039308325795
485,50.5,29.011491975882,0.672167312109163,0.054078691095099,0.502117983873595,0.0017560819868333,0.646654765916227,0.0453330743736748,0.513758117635153,0.0111554542029602,0.807572327875769,0.079656827371369,0.519861227511742,0.0131887690883217,0.636501229561249,0.0404083784946482,0.507503608155323,0.00442973346666588,0.678620396057832,0.0567910036225577,0.514261087351984,0.00874944105524698,0.811056000867652,0.0695958585860473,0.512119717029422,0.00812189684357893
486,50.5,29.011491975882,0.671896712406969,0.053558887663991,0.50318367344427,0.0038617712427683,0.646852866291404,0.0440495575146152,0.513882424944621,0.0115848429141842,0.812344465202886,0.0772630939293135,0.518057366915233,0.00978239073139409,0.637558953961942,0.0412806124385937,0.505765446274686,0.00316787420425982,0.679780556596062,0.0555942556233725,0.515134690426995,0.00917697127515503,0.812497202646781,0.0673686327976899,0.512819958133837,0.00817087406956093
487,50.5,29.011491975882,0.673124574305778,0.053267016476707,0.502678834755948,0.00323366751222185,0.646628965160069,0.0426402507592218,0.511647766007942,0.00937961196887753,0.814291587321099,0.0737298695976285,0.519248629932448,0.0118485988280016,0.637005383405955,0.0416591875413814,0.50641934479281,0.00451718204800768,0.679293751958259,0.0537186285436727,0.515786853575425,0.0110056336087577,0.811925119687516,0.0631236535839637,0.513444265359916,0.010075682225897
488,50.5,29.011491975882,0.673035403803408,0.0533276472735492,0.503689176155361,0.00363276185729657,0.645543586737038,0.0413809506708729,0.512098171200542,0.0112800029977685,0.817803365621447,0.071435948020388,0.51849396644246,0.0109681108969397,0.63774419628489,0.0412711062063382,0.506772356635266,0.00492657378780245,0.678521151586722,0.0524777245906415,0.515351758533092,0.010088637497048,0.815268601122338,0.0610312869125497,0.51279229944948,0.0078451310623168
489,50.5,29.011491975882,0.67372056971814,0.0537154352475043,0.502537379808852,0.00248544272879911,0.645560073584147,0.0408450990260285,0.512843048153087,0.0125246672553689,0.816983477701027,0.067365058225398,0.520532462651478,0.0135160366260724,0.637671351063954,0.0420340729041418,0.504938400209085,0.00251961285848924,0.679063992199512,0.0514883042751017,0.516488786492089,0.00965376290843556,0.815946741139526,0.0580835235964606,0.51215526242169,0.00704876763290272
490,50.5,29.011491975882,0.673008907570706,0.0538813664207124,0.503559600347766,0.00469585418986403,0.645355483655993,0.0402943995068873,0.513115216367329,0.0128681747086975,0.817679241249745,0.0671498870946219,0.519413972546849,0.0118575716829707,0.637285533887525,0.042388647350977,0.505254816653984,0.00381876635221735,0.679257933252649,0.0504159658522836,0.515025659072088,0.00931700154177805,0.816975963581885,0.0594252294728934,0.511817027237922,0.00693270617470807
491,50.5,29.011491975882,0.673456420390704,0.054986082448936,0.502608986057067,0.00270306842027313,0.646244769487298,0.0403966793031638,0.513523328290573,0.0129469917231697,0.818499230862476,0.0682729167860935,0.520328455979954,0.0124423123172966,0.636334685315916,0.0431199212007526,0.506962558359893,0.00445278972421051,0.678952868701156,0.0492547804287586,0.513797882199947,0.00747045777536389,0.817880826123371,0.0622625796135636,0.511447155697507,0.00620206468564249
492,50.5,29.011491975882,0.672825014393882,0.056044099216913,0.502620305519149,0.00298998534888958,0.646887520392957,0.0403446078879201,0.513645959703926,0.0123779716760727,0.816449096391365,0.0724018195805887,0.519728530394236,0.0118351991898723,0.634385781139635,0.0438346751153046,0.506247070808353,0.00540168005251322,0.680620166574914,0.0492505789411321,0.515694056671154,0.0105194690444297,0.814800143766306,0.0652648212951211,0.511908863965062,0.0072532000014696
493,50.5,29.011491975882,0.670224541581183,0.0580175136447367,0.503149204322199,0.00334356897025603,0.646468967780389,0.0400843850683251,0.513189637409075,0.0116560801356896,0.816610981673579,0.0754254447343614,0.521129015172257,0.0139521694629858,0.632450198353641,0.046445714447714,0.506863023063598,0.00420769493574012,0.680935875405903,0.0491538970039967,0.515733155212844,0.00915240040459193,0.816378059968859,0.0676670523839538,0.511322736665469,0.00649661512112468
494,50.5,29.011491975882,0.669253995415983,0.060657941159012,0.502304424241163,0.00248252414309851,0.647424613938769,0.0400671047538649,0.512237138623586,0.0113734264508708,0.81768952807612,0.0775160853538121,0.521615931360117,0.0142559428176809,0.632055116792713,0.0483640726116227,0.506496605533443,0.00400385386698091,0.681617437424785,0.0499623798355644,0.514294425177858,0.00819648552349255,0.816281498500043,0.0713332486373482,0.511815235052899,0.00629268732641472
495,50.5,29.011491975882,0.668005527281439,0.0633435746337521,0.502558817052684,0.00281097539473079,0.647882130678703,0.0402170942650761,0.511523667215076,0.0103228065323131,0.815974090459404,0.0791936855610213,0.522764267609771,0.0155720548474884,0.630720495216303,0.0501491409209289,0.506517288161048,0.00352462172095,0.681575602137816,0.0495972951787556,0.513647167809869,0.00798763230127471,0.816944671373486,0.0732476315040053,0.511000222494009,0.00608898363489501
496,50.5,29.011491975882,0.666611321992899,0.065756105156288,0.502401640494457,0.00243077097908798,0.649036360748711,0.0406434609971783,0.512277361878468,0.011344061271566,0.820159037801373,0.0791840938600917,0.520322827737025,0.0122690208527252,0.630014846615197,0.0507825413567566,0.506633217209195,0.00530795368384109,0.682763501255122,0.0501826025480356,0.51337954544525,0.008306893035443,0.816784789082474,0.0723304448881551,0.511193766660519,0.00671932490872594
497,50.5,29.011491975882,0.665038518128216,0.0669169353571419,0.502383089548674,0.00271494042150303,0.649499548084569,0.04006199860733,0.513745087601927,0.0110769175718406,0.820571780368424,0.0786653753365376,0.519624659952923,0.0114509129457568,0.629123729758798,0.051418635742341,0.505952781866972,0.00370604803650345,0.683713916217146,0.0499327561529824,0.512917412348608,0.0082126926283551,0.819091944105656,0.0704010616789632,0.510853099449762,0.00601373750816604
498,50.5,29.011491975882,0.664251660826954,0.0676513198251452,0.501994398858332,0.00228029813192884,0.650374070744367,0.0395037175252951,0.515028275287475,0.0119382958572175,0.819589074800222,0.0760106707126728,0.52005219386116,0.0110095498084529,0.627573653085617,0.0511361313844257,0.506571484318332,0.00415073245401534,0.684655884109487,0.0498210876043538,0.517261543585001,0.0141351764773141,0.814627899111932,0.067044952279641,0.511316230650214,0.00608585296740824
499,50.5,29.011491975882,0.663201628144613,0.0673118299071121,0.503394354426571,0.00334704010380852,0.650129324421419,0.0391331470705915,0.512122475786656,0.00983490645003794,0.821533792974718,0.0760896000716395,0.519801971393542,0.0107914822451863,0.628281201292082,0.0516599743340099,0.506739626322906,0.004485038484183,0.684206495765263,0.0508039190437399,0.513947060297038,0.0101168453772386,0.818870067021582,0.0671717859654668,0.511128053524436,0.00605298719312299
