"timestep","episode_mean","episode_sd","group0_trust_in_sp0_mean","group0_trust_in_sp0_sd","group0_trust_in_sp1_mean","group0_trust_in_sp1_sd","group0_trust_in_sp2_mean","group0_trust_in_sp2_sd","group1_trust_in_sp0_mean","group1_trust_in_sp0_sd","group1_trust_in_sp1_mean","group1_trust_in_sp1_sd","group1_trust_in_sp2_mean","group1_trust_in_sp2_sd","group2_trust_in_sp0_mean","group2_trust_in_sp0_sd","group2_trust_in_sp1_mean","group2_trust_in_sp1_sd","group2_trust_in_sp2_mean","group2_trust_in_sp2_sd","group3_trust_in_sp0_mean","group3_trust_in_sp0_sd","group3_trust_in_sp1_mean","group3_trust_in_sp1_sd","group3_trust_in_sp2_mean","group3_trust_in_sp2_sd"
0,50.5,29.011491975882,0.5,0,0.5,0,0.5,0,0.5,0,0.5,0,0.5,0,0.5,0,0.5,0,0.5,0,0.5,0,0.5,0,0.5,0
1,50.5,29.011491975882,0.587700213675214,0.00203955112749964,0.501658333333333,0.00204208320494957,0.576013247863248,0.00315584893874805,0.5,0,0.663825396825397,0.00190829931800777,0.501214285714286,0.00119623427094212,0.568188596491228,0.000695454510402562,0.500447368421053,0.00047056950115297,0.594070175438596,0.000902264429268418,0.5006875,0.000682022743350006,0.660802083333333,0.0019622594339534,0.500854166666667,0.00121532287073628
2,50.5,29.011491975882,0.623172447799769,0.0249484053067315,0.500230769230769,0.000214063361522236,0.609785361264141,0.00399007136625925,0.502142857142857,0.00938755343818245,0.726591638246811,0.014942191363573,0.506698496905393,0.00864696213032924,0.595141116172283,0.0192757725873588,0.501996920711775,0.00247729218333382,0.634224017238816,0.00518814976917265,0.501301765095959,0.00154096105989472,0.731295068133354,0.0101019477339924,0.501738771649243,0.00136565932266913
3,50.5,29.011491975882,0.639588462252749,0.0384747318940628,0.500642603967922,0.000226594328069373,0.626877422083176,0.0097245327580964,0.502370073891626,0.00869054963385764,0.755406955635552,0.0260055100632949,0.514478086081579,0.0137455079067133,0.60760737562148,0.0297354116518825,0.500925057739219,0.000653941904714138,0.659078647246567,0.0139327640981414,0.50840906217862,0.0115323866760304,0.762371954651717,0.0216578552653517,0.503520059411065,0.00431281970675252
4,50.5,29.011491975882,0.648021543542196,0.0480632224321648,0.501479431411513,0.00150989017647845,0.634395535563082,0.0196614122816827,0.502728281004388,0.00799321554636601,0.781356870024212,0.0322823484003521,0.508910754336652,0.0075173495106651,0.615915194130566,0.0357143111210225,0.502253564910201,0.00297705719831257,0.668441060053132,0.0262990528242988,0.506397958831906,0.0067249917768206,0.782785622857466,0.0272568114834082,0.502565417395591,0.00295822221600864
5,50.5,29.011491975882,0.655693025382331,0.0528269510389584,0.501584725843492,0.00154848514226944,0.638082656639247,0.0292116829485335,0.502531234442485,0.007407273739155,0.787571842944514,0.0432057732940213,0.515403758848727,0.0164538445682894,0.619812301781856,0.0384998285776645,0.506295381803657,0.00472710606552116,0.671111957018597,0.036948753363702,0.503441364261914,0.00347638107191665,0.801071145164962,0.0382593884416754,0.502813228021875,0.00203655299170456
6,50.5,29.011491975882,0.656237199426857,0.0551024013617655,0.503561799318709,0.0033680405644842,0.641972862648897,0.0353820007111618,0.502968981895685,0.00864366710442746,0.800714975322694,0.0445071948355079,0.509683259605424,0.00683724374501922,0.622598288300268,0.0411645775173684,0.504606771064035,0.00514076991617725,0.674670758960937,0.0449768273645611,0.507048033302698,0.00536023820091062,0.80161104945788,0.0431642222220353,0.505777583951189,0.00778753910767422
7,50.5,29.011491975882,0.656081442012298,0.0575330739609702,0.501884606432682,0.00192558078897828,0.644798476297599,0.0374801473510474,0.50288131920269,0.00673708237981131,0.802864433938598,0.0545244478261448,0.513605781555506,0.0111968177720961,0.623454859228147,0.0439117176375688,0.504029706276249,0.00353141710122883,0.67703305304116,0.0476660556547999,0.506954243124764,0.00491056660383016,0.801888699736488,0.0527702619120789,0.507238280187306,0.00923232126754073
8,50.5,29.011491975882,0.655126152215325,0.0582852500737491,0.503328948659714,0.00428614306458844,0.645103597015225,0.0385818554944648,0.50272872628157,0.00620521123525357,0.802955417788513,0.0666736285126032,0.513896012299301,0.00982237223497089,0.62265906095679,0.0455428950459428,0.504426924344022,0.00390498963370328,0.679302324842097,0.0504152931850914,0.509865373748816,0.00944680726036815,0.801958060402317,0.0651198579275458,0.503431958656958,0.00438394475446907
9,50.5,29.011491975882,0.654973720861447,0.0574689457846988,0.504515894431485,0.00675434617169067,0.646406927588472,0.0390189528795416,0.503062863340658,0.00555127913474775,0.805052294758244,0.0741000086126598,0.516501272200542,0.0118172010115766,0.624495170747848,0.0463161167935489,0.505021053301928,0.00359217600751812,0.679076691299785,0.051176037133319,0.506508514453296,0.00425827927982616,0.805767586341064,0.0725439909523051,0.50345603221552,0.00426966485958441
10,50.5,29.011491975882,0.657205434970864,0.0567686016820305,0.503367930971296,0.00320529558052701,0.648654007295258,0.0410552938800223,0.513042261810269,0.0230942410474305,0.798036017645603,0.0784408999166595,0.519442683078923,0.0130187551711319,0.624830596821188,0.0449755172071583,0.506356381840788,0.00359307314309418,0.678471433797275,0.0516658615466422,0.508922127849605,0.00761048364135063,0.803824784238318,0.0750351204118726,0.503686696892996,0.00414393133263325
11,50.5,29.011491975882,0.660154211356635,0.0559058727843079,0.505228061657344,0.0050382537852653,0.647205786520008,0.0425971567408764,0.508995208155238,0.0121529700991492,0.809352430452803,0.0783545413526328,0.51888136343587,0.0126319181042433,0.62726922931822,0.0442495249485996,0.505016064841784,0.00321096211695809,0.678115207050596,0.0531222594961914,0.506942064082834,0.00469538240305025,0.809714227586148,0.0746508151437683,0.50378895335231,0.00415811227111404
12,50.5,29.011491975882,0.664564839341744,0.0541741287385318,0.503621859327924,0.00511832023084231,0.648502968349418,0.0434848107399773,0.508546973904306,0.0121042641028546,0.815963045810713,0.0780900856350923,0.521213543726314,0.01604145069711,0.630612623026388,0.0427890298397071,0.506408875470135,0.00495831431872301,0.678183329235189,0.0543469426095868,0.506382599001947,0.00429017754270525,0.812812534005671,0.0722952320876486,0.503542498868545,0.0022817510547946
13,50.5,29.011491975882,0.666236867352928,0.0515886934869186,0.503734350795549,0.00431864348723384,0.649710590586803,0.0430321422615633,0.512966900931595,0.0150150502231665,0.819218840782917,0.0749022031998553,0.520788754249579,0.0163894510075032,0.631872709667455,0.0409351146855642,0.506506978821988,0.00573016527355304,0.679446050833603,0.0534473533324519,0.507927609895932,0.00487000934709296,0.815867684019803,0.0688588749798519,0.504010402942404,0.00400092350945459
14,50.5,29.011491975882,0.66858357295824,0.0499941013129714,0.502026751047721,0.00207200857376096,0.651550629311046,0.0417337815840403,0.516828775797929,0.0140732625456304,0.823028280275436,0.0693997534124174,0.520080654974096,0.0132086517973526,0.633796773740218,0.039426213412098,0.504543308575276,0.00246962362656894,0.682011921516252,0.0520276653363041,0.508848181478552,0.00607873296149749,0.819408939329727,0.0643226812098279,0.50435811436354,0.00390846039154153
15,50.5,29.011491975882,0.669710002723022,0.0478294485484697,0.501927893809019,0.00198124598655987,0.65265244086004,0.0398791110778997,0.516098071018987,0.0130377575538256,0.827025235622523,0.0645131513588101,0.518742788948203,0.0122252616721411,0.634699839461498,0.0371889986240337,0.505935987404677,0.00390211481532233,0.68250490201797,0.0489623466387465,0.508463194241121,0.00544127283401352,0.822523284938611,0.0603199998935864,0.504723475525929,0.00353632373726366
16,50.5,29.011491975882,0.671013847233099,0.0461369770039621,0.501816934274851,0.00172326423397273,0.654056051518412,0.0373616327570189,0.515479029006212,0.0121559786939275,0.829107647493166,0.0613493038554725,0.517874449674743,0.0114931667745191,0.636970904755773,0.0356272246016097,0.504271065501625,0.00202682987168818,0.685416950571121,0.0459309823015826,0.509399614339403,0.00625810310970202,0.822342932760205,0.0570812464050247,0.505251976549081,0.00307651884393429
17,50.5,29.011491975882,0.672243919629675,0.0442283884390898,0.501850667657121,0.00158876668440403,0.655941485254332,0.035111593681513,0.515500117225727,0.0110716569787493,0.829946440949045,0.0616517592532285,0.517690655818458,0.010443099503943,0.637872978678215,0.0337397171615662,0.505473083364099,0.00394890980677494,0.686323927248843,0.0435036793372674,0.509032990901354,0.00589256134796588,0.822983047436793,0.0574789024359077,0.505333579980236,0.00281728503018114
18,50.5,29.011491975882,0.674617165338728,0.0427227654645498,0.502058577673893,0.00136810502461175,0.656378784472192,0.0334492338131018,0.514276776607507,0.00962055863848873,0.822506438754141,0.0606862836418695,0.524911493283272,0.0203378036824848,0.639941426620502,0.0320687180739217,0.50407374861016,0.00168696978501037,0.688385735907826,0.041266346042303,0.509490519552259,0.00735294502022714,0.822854891560548,0.05952903140557,0.50516022693543,0.00255678769598836
19,50.5,29.011491975882,0.676576365785498,0.0397496022145065,0.502525060630283,0.00221599981370352,0.657756616931008,0.0320782208949013,0.513746615543631,0.00947343401240448,0.831694961741172,0.0620331533386865,0.516517279632251,0.00873897452939663,0.641208102497428,0.0297847402817083,0.504076894681058,0.00173440142555191,0.690326528372365,0.0395794104584707,0.508795652171194,0.00636861626004011,0.823785795170305,0.0594497290434051,0.505262093526946,0.00245675324118037
20,50.5,29.011491975882,0.678106007804149,0.0366036154591638,0.502344500597943,0.00204819847346059,0.658293964178055,0.0297341959161697,0.513023510598081,0.00860411833264289,0.832701244050692,0.060708270223899,0.516097189604971,0.00786670155800736,0.643032016448584,0.0274919444096068,0.505537220333103,0.00403367196875179,0.690799305106315,0.0376443909691062,0.508553259320501,0.00628337375774398,0.825269906633096,0.0569903210157021,0.505343887700399,0.00227948428530994
21,50.5,29.011491975882,0.678919655044814,0.0343261808184124,0.502257078615908,0.00186153221774173,0.659437259687907,0.0271794950288722,0.512449147932622,0.00837323766046229,0.832071035244018,0.0605627960267661,0.515998559370318,0.00734801548318115,0.644049849498681,0.0258965297739,0.504004963358931,0.00164996916902066,0.692740386336484,0.0355120500223679,0.510003763442798,0.00784541760498471,0.825212036588948,0.0553301361237696,0.505816105243554,0.0021858480918938
22,50.5,29.011491975882,0.677938970969366,0.0325792010391931,0.505609185522503,0.00551532390775208,0.660464815291308,0.0260812169221701,0.511890417309838,0.00800802636044006,0.833496396219363,0.0609782366913291,0.515826899629086,0.00682553017386404,0.643288998944121,0.0246495442144745,0.505628124053114,0.00425908449574309,0.692618871926082,0.0341913869677289,0.508984105933134,0.00716859497402419,0.826467812967923,0.0551458009511792,0.506016893971145,0.00215963485310151
23,50.5,29.011491975882,0.679527979654517,0.0329523755157073,0.502231100345318,0.0018365463748124,0.661170153330624,0.0271969970012645,0.51035924689949,0.00704096701504608,0.833181538267476,0.061540916935387,0.521619695945495,0.013138613258159,0.642627909279919,0.024603199536848,0.505583563785484,0.00381070466435826,0.692490191674888,0.0339938604061353,0.510689493825438,0.0102664832769619,0.825475468853735,0.0568507049750268,0.506176792404265,0.00196042616310909
24,50.5,29.011491975882,0.678653802154623,0.0342775694259381,0.502179949377035,0.00155594484550858,0.660402101324658,0.0294809180968593,0.510157916449082,0.00686204860146958,0.832916325999195,0.0650912574043626,0.521043276776894,0.0118961762557926,0.642512816949003,0.0256590689617607,0.505443790706698,0.00440314991670321,0.691291566033323,0.0349968848378176,0.50998609516264,0.00916891911392283,0.824903968929613,0.058627364214806,0.50741401232918,0.00465370467887378
25,50.5,29.011491975882,0.676750820328281,0.0360969697762869,0.502227870113712,0.00143778550042466,0.65884361559482,0.0318213691124213,0.509385991492452,0.00654753983814986,0.834695825934071,0.0672355118994826,0.520459013874544,0.0109672815924364,0.639615724298702,0.0273608091849689,0.507225910130262,0.00508459814636476,0.690448194120884,0.0377695918438707,0.515009876545964,0.00946839542729777,0.820989205851378,0.0609657799916196,0.507632187172694,0.00576342962958189
26,50.5,29.011491975882,0.674818236220971,0.0391546893826733,0.502184304336408,0.00123131490910088,0.657896930235441,0.0347028799134032,0.508707900556779,0.0065405750250214,0.835616681284672,0.0691885537442399,0.520163870987279,0.0106389021262351,0.639061735405691,0.0297212119174756,0.505660374564409,0.00466610932663882,0.690782413544092,0.0415801459435401,0.515449484459084,0.0136896261806298,0.822479123500146,0.0628837863968774,0.507843677494202,0.00516824153025745
27,50.5,29.011491975882,0.673622237844416,0.0420691122960082,0.502065196255644,0.00116725440776891,0.656673493402067,0.0366313502543893,0.508727746252794,0.00669358670009251,0.837100935459576,0.0715909915791029,0.518901777715118,0.009241189773024,0.639943058057886,0.0321126193940235,0.505938556386624,0.00464579427510667,0.689343154258945,0.0458122816381602,0.511698538399906,0.00755823127760664,0.826233519506224,0.0645918762455004,0.507595369022394,0.00493924146891886
28,50.5,29.011491975882,0.672876172304629,0.0447416653613054,0.501970826235983,0.00115372369728414,0.655578579068353,0.0384959988166324,0.508304280518786,0.00649407348643657,0.836695838004044,0.0743628312050549,0.518405728127638,0.00848989592389861,0.638821615876591,0.034916443589953,0.505933612247637,0.00352826164852694,0.68821079231699,0.0485232982630707,0.513899510136277,0.00874469973405775,0.826222525943001,0.0664305893968375,0.507433025657574,0.00492830796662402
29,50.5,29.011491975882,0.671453561356219,0.0464378323507006,0.503459602872165,0.00320103099279794,0.654847166584584,0.0396417867621852,0.508119699889882,0.00612799907525912,0.836068966114491,0.0765537897059581,0.518008769374413,0.00761370854137622,0.639064337761861,0.0365640437810305,0.505523589837543,0.00465409601505323,0.687546447243913,0.0508407060083354,0.513523291276226,0.00802094851327207,0.82731358970044,0.0689445255682657,0.507459740676419,0.00473878385961126
30,50.5,29.011491975882,0.672415529438387,0.0487245462910851,0.501879688437643,0.000993535156210427,0.655703501677418,0.0403374137698003,0.509687693368274,0.0104684655070654,0.833907955010303,0.0794241806858265,0.516848153410113,0.00759240517959245,0.638656259121507,0.0377833352439859,0.505839534102295,0.00314502820936878,0.687365735893405,0.0508340730312323,0.512806391790707,0.00773136700342383,0.827625558350923,0.072424984845976,0.509030988677545,0.00673812626288772
31,50.5,29.011491975882,0.669487433402128,0.0486572646955939,0.507114894232782,0.00453375010033863,0.653635207011065,0.040533125150221,0.509139445670144,0.0114434655411839,0.830935201759444,0.0815457950018154,0.517205213982115,0.00769338832136569,0.638070232554352,0.0387395030336426,0.505353249121016,0.00324473431613451,0.687948928233042,0.0513152164709041,0.516259342202357,0.0115117070738075,0.824956618088584,0.0741670856185953,0.508557791246565,0.00607476842636675
32,50.5,29.011491975882,0.670436025489615,0.0493311917467502,0.503500198764429,0.00319569286603073,0.65495714115217,0.0408151151029773,0.514714354002516,0.013833643657822,0.829770376107396,0.0788876594088882,0.518364016957752,0.012479673099707,0.639055439520622,0.0388924920346117,0.504507913227872,0.00273240462548879,0.687823612816373,0.0519830616900678,0.513165383803575,0.00828882593484634,0.82463051811257,0.0757080406274768,0.508437267488833,0.00594453825286431
33,50.5,29.011491975882,0.671579099010447,0.0504170531749176,0.501898514994064,0.000610271337041074,0.655531091454793,0.0410453891365913,0.516563401093789,0.0169406152145819,0.826493021978988,0.0772794995144152,0.517174830788923,0.0101317357879853,0.639245177200164,0.0387216169479986,0.504472840294522,0.00325922296171956,0.687992307601122,0.0520760142795658,0.512646632604939,0.0076754773249793,0.821958267090205,0.0762732007076474,0.508317199593354,0.00584522703310118
34,50.5,29.011491975882,0.67233832844114,0.0512996629832559,0.503497732508569,0.00398395384443443,0.653779933387796,0.0407037935628679,0.514188872112723,0.015896970172216,0.817163237932649,0.0771783240366347,0.52633946800414,0.0196904061026382,0.640449805426689,0.0383087914396893,0.504177952939714,0.00226643769079786,0.689386686963971,0.0520696850527283,0.512115536310023,0.0072272478741922,0.819846405330452,0.0781933932412726,0.507935172088923,0.00571495669652386
35,50.5,29.011491975882,0.673241249479989,0.0510847712452542,0.502340333645613,0.00170780253318897,0.655234297143428,0.0404938098138961,0.51597765339895,0.0156683275341988,0.813974229466662,0.078541001291151,0.522960907737162,0.0193795969435127,0.640196755262694,0.0378090520931315,0.504051109123856,0.00218952513202273,0.689956772179661,0.0517501782807573,0.514594999936309,0.0116224065399354,0.814445696558735,0.078533880588106,0.507790582203711,0.00510348020530779
36,50.5,29.011491975882,0.673168411107088,0.0510367507278189,0.502661187211559,0.00239131979203013,0.656545291705874,0.039979967558799,0.514972585229225,0.0149185836165964,0.819701219510642,0.0813523102846742,0.515633444746456,0.00798924706543276,0.641408889673786,0.0380042260932763,0.504527968919998,0.00284179892314656,0.690097961473826,0.0520035295795007,0.510424523772274,0.00618403241625299,0.817546848422797,0.0803769455308774,0.507523250937038,0.00470246737475473
37,50.5,29.011491975882,0.672949383513609,0.0516766856797973,0.502581503631869,0.00222836758116843,0.656541220844344,0.038625765934346,0.513837102384113,0.0138108073264741,0.816882539169698,0.0830241089707345,0.515451432011899,0.00758316695516229,0.641456371181586,0.0387079617749556,0.506101124911366,0.00520615964325445,0.688793379877012,0.0506729329329238,0.510137226763454,0.00587709228242442,0.816243226140187,0.0812059421189003,0.507460996861659,0.00477576502215478
38,50.5,29.011491975882,0.672497683369988,0.0528869864286525,0.504094223834218,0.00383540047151688,0.656168200825206,0.037300482716995,0.513207599931058,0.0129121114478262,0.814256414513404,0.0867128396667815,0.515919696948367,0.00660096607373967,0.641653225953669,0.0404027375572781,0.50562627384779,0.00497447589680317,0.688125696272479,0.0492302720950602,0.509024401653599,0.00539370763893663,0.816808866506693,0.0813072661982995,0.508626305011516,0.00512634641301853
39,50.5,29.011491975882,0.672981727296918,0.0537071205756525,0.502308389362254,0.00191450069856274,0.655817129030718,0.036319405538222,0.512106455446308,0.0119532735751092,0.814497709933765,0.0875789518498684,0.517940195890184,0.0103953549615171,0.640040119088863,0.0413746665188715,0.507107403928837,0.00463541144293672,0.685605843530352,0.0468802707918518,0.509496925025904,0.00619564918837505,0.817224117698062,0.0824887430363391,0.50872235689067,0.00462949404793717
40,50.5,29.011491975882,0.672657865014167,0.0540519795671885,0.503867942531854,0.0033084981471787,0.654813365304691,0.0363927817772746,0.511720379266262,0.0121560529393659,0.815035131825811,0.0875599687054414,0.516423764407493,0.00868852994443807,0.64030213193203,0.0425945531706528,0.506230560938084,0.00527885547729412,0.685450145547854,0.0473410562339585,0.51231779356511,0.00608386751922859,0.817276329590932,0.0821737651908502,0.507810994747165,0.00425732974868202
41,50.5,29.011491975882,0.673557933681776,0.0554095181223324,0.502156001213173,0.00166627451786412,0.656505502354453,0.0372984980739638,0.513637055213926,0.0155590906187627,0.814352394415996,0.0861960545924936,0.516881816747385,0.00877543921484401,0.639791200558705,0.0431550488035961,0.504182867057954,0.00234130199803425,0.6863096961503,0.0473415060138243,0.515539348386802,0.00974496781617607,0.813816336504401,0.0809543229564773,0.508374421796197,0.00504242502171245
42,50.5,29.011491975882,0.672931366574525,0.0560020603774493,0.503385952542506,0.00309817970887285,0.65492568145622,0.0371221471092393,0.511484230136181,0.0128484376364216,0.816381984594924,0.0846624816873092,0.516797706267254,0.00877427149209358,0.639453199697039,0.0442685711061596,0.505936497629446,0.00473589901294767,0.683793717144242,0.0460968943702904,0.512755100229847,0.00653724780779853,0.817712415823911,0.0789029993001207,0.508209830485874,0.00378994730617407
43,50.5,29.011491975882,0.672898892175557,0.0574179175081589,0.503761213403708,0.00390999994218208,0.6547603563903,0.037041048154629,0.514406621618989,0.0197683143924936,0.815919470847578,0.0842628667359508,0.515418700048791,0.00841220667429647,0.638767857546651,0.0445473415776688,0.507290050732247,0.00568306271186619,0.681874750209338,0.0450496337475439,0.511841157319706,0.00633625286264462,0.817974446308176,0.0769494473844243,0.509676157599109,0.00570374377324184
44,50.5,29.011491975882,0.673850171509109,0.0586547983577227,0.50204202604673,0.00147903628227744,0.654179846365465,0.0364590062754136,0.513452365880711,0.0186300798591319,0.817839698901505,0.08408013477819,0.517827969191438,0.0105108397662153,0.639230190210695,0.0457190268833621,0.505696036588436,0.00444946133446174,0.682002386171487,0.0448824091235689,0.512515373473216,0.0075190376597311,0.818965419358886,0.0760609902942832,0.510371296117159,0.00713501874307904
45,50.5,29.011491975882,0.673984564905413,0.0605399763043793,0.501944383212589,0.00129183418374732,0.652885818661166,0.0366767460671744,0.513076616474287,0.0174957114904973,0.817971108800659,0.0827880131121038,0.517544526539128,0.00951205690658407,0.638478373726616,0.0465769464241897,0.504098281373845,0.00176184537582974,0.682931391002334,0.045239260092866,0.51499869257896,0.0116064743708616,0.814989572407676,0.0749896353684605,0.51062458404918,0.0084884336179628
46,50.5,29.011491975882,0.673462692147512,0.0606169623882503,0.502022421082778,0.00123576577722129,0.651351062575081,0.0374676793598549,0.51207192803796,0.0162394412873323,0.818292339050648,0.0814291020481114,0.517209336636786,0.00875076550038997,0.638182418912113,0.047517788857359,0.504639868608039,0.0027817125544585,0.6820049341671,0.0466975165729169,0.514864593381974,0.00888105961380657,0.814133815393418,0.0750643963973564,0.510476007624606,0.00820550792347496
47,50.5,29.011491975882,0.671753559690922,0.0589890878294486,0.503502804842301,0.00387060028132171,0.6503429805572,0.0387159457702931,0.510615884593005,0.0155511167603834,0.818532310374555,0.0839984788433597,0.517182036513413,0.00901871490453708,0.637927372613001,0.0471161522107927,0.506783454610471,0.00493255165828779,0.679653474306037,0.0477846450997944,0.510947512868787,0.00606362736975044,0.815925447922152,0.0802890784749356,0.510696245392638,0.00758179024991751
48,50.5,29.011491975882,0.670024835575464,0.0587223311777582,0.503446971852921,0.00348665306857439,0.649889230740126,0.0396117604432148,0.520135149383209,0.0292047791041953,0.809996724113062,0.0883775854364887,0.515349609294434,0.00728920532585727,0.636477159497185,0.0473059395208332,0.508596606131892,0.00465333872379149,0.678792950966794,0.0494180654463587,0.510987885193559,0.00662877111058625,0.813322977336049,0.0846814150012462,0.510568134477953,0.00725540546434104
49,50.5,29.011491975882,0.670900191946289,0.0593365773959663,0.502170539363616,0.00158188369026962,0.648790388008186,0.0407510174146663,0.512142062984699,0.015087768633543,0.813543598384119,0.0924587773245615,0.517694411646357,0.0112476797943424,0.636275693035447,0.0485241445293322,0.505019008206253,0.0024953139641987,0.679863912269887,0.0515831386015519,0.513343903620761,0.00744898476954468,0.812468534851793,0.0894112783951229,0.510036088714806,0.00641720733959819
50,50.5,29.011491975882,0.67000361464439,0.0587325374996835,0.502038491504267,0.00148229463214682,0.64808208539293,0.0418282472170651,0.511633961345908,0.0137248154835138,0.811700281786762,0.0959779182300838,0.517401152841618,0.0103985260520615,0.635409388671419,0.0478872188526691,0.504766045495832,0.00234319872031942,0.678824640455187,0.0536932438425563,0.512749403071213,0.00688191255434306,0.812030765980709,0.0919099093203795,0.509796154393265,0.00602270455058858
51,50.5,29.011491975882,0.66828805061007,0.0584040041344467,0.503673966940331,0.00356311781724743,0.646780583248532,0.0437664725412715,0.510838024731743,0.0126332863484028,0.810886174631931,0.0965654121896944,0.517114715855433,0.0110341413951258,0.634305859401895,0.0469931944139992,0.504844904122484,0.00245497481650071,0.678509014549289,0.0567913936635011,0.512040057625693,0.00637901852008166,0.81261453019076,0.0920014940863261,0.509126400860175,0.00552052303405367
52,50.5,29.011491975882,0.668516396888368,0.0583071528583523,0.501975890364896,0.0012676734241471,0.647330148919315,0.0464669430558829,0.513548259443998,0.0128052174423858,0.812662663703931,0.0952330647446844,0.51600293625908,0.00896293146983471,0.63311031051644,0.0461789658103554,0.506036185942822,0.00316340072000638,0.677377239762751,0.0594607918559356,0.51150138733568,0.00601803485204526,0.814350524411031,0.0911145725217779,0.508501543960548,0.00512068257896309
53,50.5,29.011491975882,0.667797779231955,0.0572326208396055,0.503620562805842,0.00348762963166129,0.646930171278848,0.0476813308921256,0.512668743431685,0.0117160913595656,0.812228223602873,0.0937969428433316,0.515417098560832,0.00797170908120379,0.633714136929273,0.0463499030201007,0.50555599287032,0.00439055327927483,0.677606744910931,0.0619735122322849,0.510892898061933,0.00566934186688392,0.813933434763854,0.089155374288219,0.50989699451002,0.00567887340523628
54,50.5,29.011491975882,0.666913603972955,0.0557003193245942,0.503467272134301,0.00369299381636588,0.647508526154297,0.0493306671071724,0.520936797199414,0.0192437417019296,0.802882193918934,0.0910876240867627,0.516083383666156,0.00810625224946594,0.634418382292021,0.0462296351778857,0.504197762762956,0.00170826236332252,0.677392642098564,0.0642127085926665,0.511550652233432,0.00652853012666473,0.811985010135343,0.0891342064728083,0.509409517173941,0.00519946880648593
55,50.5,29.011491975882,0.66726273254793,0.0548052949051433,0.503965713135069,0.00371068555656012,0.645619978323036,0.0506255559740527,0.515269769688362,0.0137575694629707,0.813450125063351,0.0920452894601131,0.516235944104954,0.00728237675966863,0.634333290472643,0.0455542228402525,0.503925581175459,0.00154746297162918,0.676714890135912,0.0664578169667359,0.510745979922353,0.00605330980519843,0.81143470080864,0.0879796994411101,0.508929622525884,0.00480501644464267
56,50.5,29.011491975882,0.668793158688457,0.053587152126992,0.502517280533052,0.00162629913499329,0.645182617169219,0.0521778015671752,0.516250428920635,0.0139574515279975,0.812622915706665,0.0909226606265022,0.515638733064867,0.00680972868825161,0.634661366545458,0.0451408380316263,0.505635641759459,0.00466028522797896,0.67480216549556,0.0674141247527305,0.510118589853698,0.0055127902013847,0.810758154280087,0.0877493505010002,0.508555963697949,0.0045016879909935
57,50.5,29.011491975882,0.667766216428807,0.0524901332656754,0.504082681992282,0.00357882471260672,0.644030052586408,0.0526345106838868,0.51507975820524,0.013214661398622,0.812262205823816,0.0895682932334356,0.515731982617074,0.00728581758465576,0.633194571676677,0.0442989127975602,0.506555314519955,0.00387584221260135,0.674112800138171,0.0688647549910099,0.511134632947118,0.00663984786249692,0.81054099655743,0.086817709387949,0.508848739022791,0.00448966372572291
58,50.5,29.011491975882,0.667227175515817,0.0514825912145967,0.503808922736149,0.00371493749932294,0.64482453842342,0.053855982027657,0.516934665568093,0.0149123380798408,0.811224558863446,0.0849411538577631,0.515114012636561,0.00544120499220627,0.633029539548793,0.0440767026965874,0.506442976384586,0.00385323124295819,0.67373014029009,0.0698847694911809,0.512117091453191,0.00695651153583384,0.80757863226524,0.0863404174430577,0.510337068283858,0.00465394031905955
59,50.5,29.011491975882,0.666821411187991,0.0508820117766442,0.503913447366892,0.00324682131613076,0.643734519984614,0.0537749643319347,0.515836896541124,0.0136748700954025,0.808550879761588,0.0842636085033209,0.517412638163791,0.00968449197807708,0.633546269342939,0.0443063065061164,0.503319050392156,0.00135557444415802,0.676726749740814,0.0709365844937627,0.516265319050316,0.00914692609797319,0.801967762296099,0.0842040798020393,0.510600320589894,0.00664761479240555
60,50.5,29.011491975882,0.668071876736577,0.0506588036308753,0.502175322396694,0.00107801070181421,0.644185229613424,0.0547492426905621,0.514312974065027,0.0123718258458611,0.808203741147392,0.0836627253945035,0.520058694845051,0.0120897138650598,0.634401494085014,0.0437462645433902,0.503681003997844,0.00212183113770787,0.677149884284662,0.0714387648470054,0.511723415836993,0.00716048271340397,0.803771218912663,0.0852456879078902,0.510319209016454,0.00615472333325388
61,50.5,29.011491975882,0.667446095869433,0.0507885175293553,0.503840855719047,0.00424818101260322,0.644212976211076,0.0552150357037955,0.517880423112171,0.0236430103348378,0.799509871105206,0.0839852903066307,0.520781895683012,0.0104698522485635,0.634184242990236,0.0432170406402438,0.503648955350803,0.00189190421317194,0.676239972916117,0.07139939061856,0.511736923707632,0.00657177442949731,0.803984688606869,0.0845113024476277,0.510227900501792,0.00580101201609539
62,50.5,29.011491975882,0.668883732909174,0.0506408488809297,0.502596519851395,0.00178009179836149,0.643890201979376,0.0561690994184675,0.514514168187083,0.0123665275594592,0.807484379463538,0.0823874748454824,0.519761977186811,0.0105181319370733,0.63343386558675,0.0422825057652636,0.504903763225144,0.0034196571069407,0.675328132313127,0.0722854364906498,0.511317513663148,0.00637583442318432,0.804361042422708,0.0825415585728982,0.509977772130105,0.00572104901850568
63,50.5,29.011491975882,0.668827932662019,0.0508046795897605,0.502608850190716,0.00178282729303843,0.642696946476105,0.0575308290234571,0.513864368847222,0.0109690051057889,0.810766221555776,0.0824197387210407,0.519237800788108,0.00969007670983191,0.633851361606158,0.0422118772362681,0.503527870076656,0.00174394634867765,0.675034366575662,0.0735923171199334,0.511280574622067,0.0062759194605222,0.804906650980662,0.0818954490320996,0.509612915660213,0.00534532595259541
64,50.5,29.011491975882,0.670093526874993,0.0511167693795113,0.502505264743409,0.001638609263673,0.64050048533677,0.0578996286390497,0.51265037815154,0.0101013528278643,0.804248960292812,0.0805560607595625,0.524834454205069,0.0191512128801544,0.634407345093178,0.0417982384275414,0.503532087515524,0.00306822431630909,0.674291465486416,0.0741992255726063,0.510992087962652,0.00591343874142111,0.806096622819571,0.0808686551785415,0.509646748306997,0.00489920426198386
65,50.5,29.011491975882,0.667226553343366,0.0509277198456459,0.506213910524686,0.00510734284141253,0.639782205177209,0.0583480860856715,0.512640321970171,0.00995975303400249,0.811513483532061,0.0783880698144322,0.517958130478277,0.00772394934383288,0.634207208517736,0.0417714557085267,0.50503614612119,0.00348666553303074,0.672922403879069,0.0729970215757498,0.510683911479558,0.00594267724483903,0.80249900189291,0.0781132303590958,0.51227936328545,0.00869759316830006
66,50.5,29.011491975882,0.66785090444885,0.0515931279337875,0.502844195021626,0.00198530713286414,0.642488582083989,0.0592731420099978,0.51812704470063,0.0196332376032503,0.805333318120569,0.0764794884297409,0.521067573653935,0.0127203258899225,0.633626612656529,0.0419545852412337,0.505363250961303,0.00371080934779393,0.674328691413018,0.0722195021758196,0.510092922245369,0.00643382490945312,0.805619620958922,0.0769305273960357,0.509933504084581,0.00578738208893035
67,50.5,29.011491975882,0.669783239889881,0.05351283789837,0.50347687626956,0.00256144955897976,0.642046258842662,0.0574666153810917,0.509971334189735,0.00757181090773168,0.806447368068625,0.0789182302019139,0.526130051865387,0.0203690057229491,0.632210457937656,0.0413827043202046,0.506943764222043,0.0050338499959645,0.675704858980421,0.0706013829491413,0.51392597604956,0.0106226956703262,0.803069288194944,0.0772319982660216,0.509807647432495,0.00511176294081157
68,50.5,29.011491975882,0.668482276344051,0.0533895350320143,0.505089336020078,0.00447570230276055,0.643379506716665,0.0569683926941782,0.509222457733822,0.00889055366317505,0.815242274006029,0.0784659387626433,0.520147633361097,0.0116838397423696,0.633424451078485,0.0420264153624577,0.505520731321474,0.0036130707882078,0.677207513030642,0.0693789292415287,0.511128722455823,0.00775086985826281,0.805952848454919,0.0755969774741907,0.510850331933667,0.00595687924308441
69,50.5,29.011491975882,0.668650730317426,0.0537900717506535,0.503595087382372,0.00268643639915417,0.644818817633399,0.0555271525197806,0.51270379066274,0.00943370321480252,0.814602486085336,0.0801317458017737,0.51895710191147,0.0108286625384669,0.632933830560037,0.0421537250179403,0.506555813488993,0.00644737906601816,0.677799334759924,0.0669483268860518,0.510852177293019,0.00837783225859453,0.805906254896865,0.0755836914218258,0.51040283420089,0.00561627597732579
70,50.5,29.011491975882,0.667948939162481,0.05319952574345,0.503385284940422,0.00248208938950296,0.645247543801912,0.0536122571291328,0.511914412575588,0.00916652528796773,0.813118065090008,0.0835239887411024,0.51829208693029,0.0101227100847299,0.63402651708627,0.0422541271745506,0.505631881416443,0.0044979343476518,0.680510628418219,0.064492881127404,0.513352764680106,0.0102899656572209,0.805222769239572,0.0758617031989735,0.50954157683383,0.00507827752572298
71,50.5,29.011491975882,0.668024385191214,0.0529645664304042,0.504763607644165,0.00427661666481515,0.645601929605412,0.0521807724080311,0.511488200549887,0.0104417433432401,0.812479796349876,0.0876649129776247,0.518504744811109,0.00940955997642468,0.631634170030621,0.0410360013620352,0.507337462875324,0.00746901136464292,0.681272274793166,0.0626857058876273,0.517482294037739,0.0154289017190125,0.801417173704469,0.0772289194708085,0.509955611906864,0.0051533786469528
72,50.5,29.011491975882,0.669604992973035,0.0534585273690143,0.502985622409622,0.00213652350186553,0.647157464620738,0.0504131136127036,0.513178247547565,0.015441792326457,0.813149143844759,0.0905030739371439,0.517254487055779,0.00865309551517198,0.632484890774215,0.0409772950427952,0.507477061712466,0.00465702646729864,0.681108044976545,0.0599351850249178,0.512835857934417,0.0102852659021155,0.805139272757821,0.0810525826836751,0.512012571764262,0.00782123526029503
73,50.5,29.011491975882,0.668914307977784,0.0533437342393022,0.502789839533434,0.00197667429696623,0.648094301890853,0.0485574676626987,0.512580770107019,0.0143065050328562,0.810182463406585,0.0945131522182593,0.517611011627297,0.00803139417666045,0.634204485773678,0.0422089565295662,0.50577286902552,0.00552788811743511,0.682365453326953,0.0576671103407343,0.513534779249396,0.00855218074470075,0.802958666660667,0.0855070613678188,0.513349524558338,0.00930979168445613
74,50.5,29.011491975882,0.667652717748453,0.053020150711342,0.504074662279146,0.00422770581252761,0.648094260447383,0.0468902090408358,0.5119272488828,0.0133244655245777,0.808327558826345,0.0998382523019589,0.517081599815729,0.00747097136939775,0.634333015200503,0.0421586748655423,0.504342279295276,0.00245857726052519,0.683953853213736,0.0561854112908575,0.513883227223674,0.0089517098415937,0.800573819119807,0.0914301787641502,0.511910437577136,0.00704933755601685
75,50.5,29.011491975882,0.669440937561909,0.0533772964840983,0.502603352763543,0.00152754880371596,0.648691956934791,0.0453429953650001,0.511061557446969,0.012329310914855,0.805788628593747,0.105103094671508,0.520549208836365,0.0097931639213044,0.63356852924805,0.0419511200347521,0.505836965914397,0.00403698313496353,0.683188391842522,0.0547401404540179,0.513388618346086,0.00832639668314094,0.798506093872163,0.0966058201441262,0.510325744311002,0.00551145315074985
76,50.5,29.011491975882,0.668787643175412,0.0534393631822703,0.502600691928336,0.00144264482439465,0.648187713825622,0.0446383072431642,0.51016074457737,0.0114005310484144,0.804554881930525,0.109328923201979,0.519691430539054,0.00886306979340012,0.630748337699518,0.0416365131692477,0.507217244619577,0.00464756552164844,0.685147308264302,0.0549005409869345,0.520035013715697,0.0121381076510079,0.789807647488181,0.099699757575044,0.510099781724661,0.00524894598568688
77,50.5,29.011491975882,0.666022763244835,0.0525235509100717,0.505462223448772,0.00412098810317355,0.645583913077649,0.0441148471192873,0.507252898705639,0.00809503777481351,0.804968712355,0.113038143151198,0.519722389658053,0.00788376124368319,0.632148711973257,0.0427113496271144,0.505107177579532,0.00329105187258322,0.68351456761541,0.0547765466256833,0.514295966404986,0.00868937296348884,0.79531852926947,0.102503510330205,0.511098936883083,0.00645130733519459
78,50.5,29.011491975882,0.665977883821308,0.0532932656796607,0.502251354733985,0.00117881875948336,0.645885542267508,0.0453093916067166,0.513192702611435,0.0154128472274346,0.804044243305175,0.112421438999506,0.517902557840648,0.00755014077998226,0.631118880789487,0.042787295502314,0.506266493805358,0.0040776714651748,0.681720673536677,0.0563226176606291,0.512641475793763,0.00750489528575948,0.794654201642926,0.102066093147221,0.510768060418453,0.0062075752417247
79,50.5,29.011491975882,0.664641396902542,0.0540793160407429,0.503625338560748,0.00295210396138631,0.644628713000633,0.0464788552236001,0.512238016502555,0.0148326125406137,0.804591531172961,0.111849462993262,0.518020817844188,0.00757022804644563,0.630668256670648,0.0431669252178189,0.506296309276941,0.00376117744774252,0.680047678030379,0.0581224480534331,0.513816641312402,0.00902605236271407,0.791068354394962,0.100609722188026,0.513800482806067,0.00957978188811145
80,50.5,29.011491975882,0.665249592923692,0.0554909844414602,0.502206273165969,0.000953763760238257,0.644907647158413,0.0478040852202928,0.515528771293406,0.0146744637635946,0.804958347182445,0.110204441909158,0.516644033741057,0.00683764039995025,0.629875695350441,0.0435219628064448,0.506706336722493,0.00363238307902251,0.680349922827856,0.0592596609587354,0.512957709210992,0.00868515450834939,0.795251689287476,0.100290553574683,0.511562681454937,0.00659950269621719
81,50.5,29.011491975882,0.665808596288657,0.0557043301297347,0.502345795156869,0.00104009275763544,0.645020421058854,0.047920930943452,0.514385163258011,0.0136513514037615,0.807061081427641,0.107568923683376,0.516298156707798,0.00598146016165746,0.630588498438383,0.0435281424349771,0.504954933784457,0.00257985852147104,0.680811971746079,0.0600102921565992,0.513598845153759,0.00904819118826273,0.795933346537331,0.0989501736311777,0.511248728117632,0.00599066696449088
82,50.5,29.011491975882,0.665721982163405,0.0545442604445173,0.50376453028905,0.00332541387361542,0.644888789648095,0.0475742702079517,0.511783479356297,0.0118630751423558,0.808678989693514,0.105159071201954,0.51578883939853,0.00540097746207929,0.630399838858654,0.0425746112861084,0.50769121166051,0.00596480602695688,0.678977898928071,0.0597029664706536,0.512371634338993,0.00839429030079886,0.798609177757903,0.0973125708001337,0.51081410841291,0.00604818510124746
83,50.5,29.011491975882,0.668343546301467,0.0526575153633208,0.50218911930501,0.00100384324281027,0.644898139067077,0.047311223333445,0.515284247136096,0.0146451238008896,0.802934738159513,0.0982359459613371,0.522192972793031,0.0159442599675468,0.632273734533982,0.042085999860907,0.506200667185835,0.00357462760270157,0.67992828022848,0.0603829217603558,0.514136207332093,0.00802714684957111,0.80017193954533,0.0958225378507189,0.510402843814867,0.00536570836495346
84,50.5,29.011491975882,0.66819236300103,0.0503007974069657,0.503991380385419,0.00398943673969131,0.644869059978399,0.0468591314915159,0.514475730991582,0.0130228522700751,0.812307880005289,0.0966009385070649,0.514898857920734,0.00421315657461306,0.632608112310639,0.0402557563588859,0.504059122602267,0.00174696578871457,0.681224768996927,0.061285064780442,0.517811207682243,0.0100062801193076,0.800901660155847,0.0916516777754907,0.509791451692914,0.00498093306621978
85,50.5,29.011491975882,0.669941837066383,0.0489625470123434,0.504168038093534,0.00414713484969478,0.645767436946283,0.0468356644358346,0.513942034730334,0.012397418746859,0.811533390079187,0.091395489893782,0.51691412404507,0.0116807697570531,0.633561808733038,0.0393622098970044,0.50639316221899,0.00381085979692157,0.680330200363056,0.0612456671815533,0.515608104223897,0.011178286355379,0.798490094685537,0.0847883199505907,0.512490785575001,0.0105881949156123
86,50.5,29.011491975882,0.672562653553078,0.0482767030813929,0.502386363496163,0.00148318236989416,0.647707866551027,0.0455975119066403,0.516598988154706,0.0124481678123686,0.814707068326197,0.0862811438876238,0.516835151002135,0.011569644625011,0.633199407754036,0.0373151194983996,0.50595837393563,0.00274733703107119,0.681857010236767,0.0603388803415956,0.517625974209011,0.0125323225132144,0.805090931227141,0.0808621318780928,0.50894609210566,0.00401370930219661
87,50.5,29.011491975882,0.672031206611191,0.0466774881789203,0.503920592826998,0.00441904291614783,0.647211525430119,0.0435848907251806,0.51571573284169,0.0122610368020397,0.816753076562048,0.0812035306495937,0.516742421303785,0.0103464187931958,0.636530445382958,0.0363864717819707,0.506325152887249,0.00307338788874279,0.681593011143019,0.0585069492246156,0.513421147937552,0.00852185722115602,0.810296633070524,0.0773639111488553,0.508511921616772,0.0039002381836912
88,50.5,29.011491975882,0.671380837315116,0.0454029237798771,0.503681747307351,0.00370127291172913,0.64803380620408,0.041869602465451,0.517877704978428,0.0150058287389327,0.81902584050633,0.0785489064921076,0.516349967723503,0.0100527647120554,0.635018474801739,0.0352417179556233,0.50896386064835,0.00586428873291,0.680903050832547,0.0553909123593085,0.512828224669113,0.00788373369627442,0.812034565394473,0.0737453908101819,0.508443934818056,0.00374298578571724
89,50.5,29.011491975882,0.671774515460232,0.0447946878106192,0.502030617974807,0.00112736615123155,0.649395705651985,0.0410391894956113,0.519648533118001,0.0166078665826839,0.819443056976157,0.0776330926578427,0.515060117587729,0.00955649093720453,0.634331565311452,0.0347204049445624,0.507270405213171,0.00438608961879083,0.68423136400734,0.0543575921402015,0.518293642608384,0.0132067011093941,0.809182336997038,0.0703120258454291,0.508052133326684,0.00333347140024008
90,50.5,29.011491975882,0.6711580785924,0.0443878054173054,0.501943649225608,0.00105166287409516,0.651113778202809,0.0405460696995583,0.518583156795337,0.0158101654957811,0.821368579614268,0.0744596927827683,0.515249868786207,0.00896266098565326,0.633894996548818,0.0345483094443012,0.505194901447188,0.00191994170366666,0.686554795350911,0.0528687747346435,0.521331414298384,0.0131484188958398,0.809730786359045,0.0652993750092008,0.508536384593464,0.00459557702966977
91,50.5,29.011491975882,0.670511646213552,0.0445434122829888,0.501824951602666,0.000945887803150338,0.651903284711605,0.0399877531942897,0.517397519359723,0.0144840083938488,0.823281382820014,0.0702106955696803,0.514609146598202,0.00886007547715355,0.632540935878553,0.0342551494347833,0.508486330422253,0.0059654134881551,0.686506620002558,0.0510530104059505,0.520206214392034,0.0146133426801962,0.809046469296978,0.0631276423809524,0.508408789204472,0.00423836145254264
92,50.5,29.011491975882,0.669588595539554,0.0447461257744642,0.503639083987767,0.00342704083296211,0.651055018934712,0.0386891489875167,0.515127995150943,0.0137682752623358,0.823302088600506,0.0665956081606166,0.514700489643942,0.00812891805800272,0.634892718995198,0.035380281778316,0.507525717622649,0.00448501234781389,0.685197423537485,0.0499904389158998,0.514106844008416,0.00767513447664463,0.817770138125703,0.0602471668495462,0.508060838242768,0.00403970991633648
93,50.5,29.011491975882,0.669060812620532,0.0457320375806653,0.503494488968926,0.00370481002653477,0.650161814291621,0.0380347589758642,0.5180687946623,0.0133578350855714,0.824351976646918,0.0638647850780261,0.514928493918411,0.0090016754842853,0.6344895442875,0.035826343047086,0.507324688646012,0.00416812052684664,0.684881206175546,0.0486655195656029,0.513173434055118,0.00701331733677522,0.818207457484355,0.0581918179016972,0.507969886478045,0.00393491955508795
94,50.5,29.011491975882,0.669109436056553,0.0465903409423948,0.501654608542374,0.000833822064764169,0.651297557218368,0.0378822635624095,0.519071796861456,0.0132596459511755,0.825872209783812,0.0617963060572941,0.513710594346464,0.00678557091995199,0.63313505192374,0.0364870566911761,0.508527843875555,0.00494053258254715,0.684261683794018,0.0475776042834204,0.516017475605418,0.0101856470881276,0.812306366526792,0.0570651026144361,0.510735676047758,0.0090357042515737
95,50.5,29.011491975882,0.668897680943527,0.0477115843982325,0.503289680914904,0.00376338741822609,0.651238307862227,0.0381112472166088,0.518102136544548,0.0129906505377128,0.82789980541751,0.0605361241147181,0.514042210529375,0.00759999590999485,0.6338413583486,0.0374819799858334,0.509719435572919,0.00471547057521813,0.684457122185144,0.0470465438311616,0.513282939645222,0.0065324599701083,0.820605113130738,0.0562937410293786,0.507425304018897,0.0033909012026865
96,50.5,29.011491975882,0.669973753271677,0.047323785429103,0.503319292519067,0.00369305949174006,0.651172989489706,0.0394455145568753,0.517835267089001,0.0137774706068058,0.830911479651409,0.0584556703725549,0.514259155827508,0.00585200345098483,0.635197110409775,0.0375306545125522,0.510919726537525,0.00736571720089429,0.682810874937841,0.0474924368416484,0.512831263390507,0.00618671681523107,0.822559751940926,0.0538809029086633,0.507343977468065,0.00343865069134734
97,50.5,29.011491975882,0.671797085303406,0.0472065404692571,0.501602709268923,0.00059695199810457,0.650926984742213,0.0406554213451812,0.519876291645605,0.0154318345223721,0.832567806607188,0.0562343277148962,0.513568259130755,0.00536925709084556,0.63542981941903,0.0374280811573607,0.510501472412908,0.00609460324637109,0.682228258480974,0.0477093301663209,0.5154098479342,0.00747181426222542,0.823898905406551,0.0513375099043756,0.507374198917487,0.00316137071142956
98,50.5,29.011491975882,0.672839807475562,0.0469288723916511,0.501602359343271,0.000545170749293879,0.649868178547442,0.041651094467657,0.517663385545193,0.0134935672340423,0.825551512098576,0.0570571592313519,0.521051325390087,0.016833224657471,0.636807596837793,0.0371991263512248,0.510228870918214,0.00426119536716664,0.682600986029559,0.0486912007549863,0.515204714294071,0.00794825435796739,0.824812301278721,0.0485155683804387,0.507412853273996,0.003031291035631
99,50.5,29.011491975882,0.67283772886058,0.0461172789196253,0.502197699930433,0.00173651906310516,0.651301942165876,0.04272104115419,0.516958246512238,0.0133396834794357,0.834864343493562,0.0563700306300454,0.513314011050064,0.00509667483457871,0.63747127697682,0.0363557509030091,0.506536089083301,0.0038022390647392,0.684988544784539,0.0498989050133327,0.517765320013655,0.00845559965839072,0.825497501586875,0.0455064165895361,0.507161371671942,0.00276144133566601
100,50.5,29.011491975882,0.672734297174028,0.0457883086131338,0.502118523854935,0.0017253322809372,0.652116191471473,0.0431653085813095,0.516050538742792,0.0125618860544986,0.834970177876097,0.0583045739825259,0.512935572143215,0.00459179946420368,0.6362178638805,0.0352896469365382,0.508100277022994,0.00447407316005306,0.684076972571391,0.0502728905429364,0.516955829168648,0.00801922863173102,0.82499930526626,0.0448092104885093,0.506918041937802,0.00254360934509627
101,50.5,29.011491975882,0.672745848754287,0.0455940129310415,0.502077470142258,0.00167950175932001,0.651984262467881,0.0434537423242853,0.514766160586863,0.0116205021274435,0.835159976452759,0.0589154372802126,0.512695999159182,0.00473076573516215,0.637662358503263,0.0352206515907877,0.506007324583775,0.00310860373283185,0.68495241651952,0.051118631865452,0.517834677384257,0.00924286627572837,0.825442007634226,0.0448939616324033,0.506709649238949,0.00226312680969311
102,50.5,29.011491975882,0.672006388205446,0.0452499632391392,0.503629021626385,0.00383623106941168,0.650946951045021,0.0432532824952747,0.513918847402056,0.0107805273952156,0.833589350219983,0.0601181459345825,0.51296780043126,0.00468676056807871,0.635633177224293,0.0345466773624442,0.506857050635335,0.00306603427009421,0.68426420051406,0.0513053255446235,0.520157677643454,0.00892419743013143,0.822857033920504,0.047508711547851,0.506486785775791,0.00231575196638575
103,50.5,29.011491975882,0.67137320994692,0.0471143726811834,0.503529040030935,0.00385336175696968,0.651170924317924,0.0440809508923443,0.511131032589948,0.0110086608145115,0.832979593002769,0.0616822126537549,0.516369074079136,0.012647065502441,0.634225412107922,0.0358618106880325,0.508898527481527,0.00706647271179166,0.683311998327392,0.0523429724710348,0.519609046845389,0.0131508017213394,0.822016269084213,0.0487835146844159,0.506804964186415,0.00195812214619949
104,50.5,29.011491975882,0.670479057701135,0.0493456989528369,0.503067149872037,0.00328451265295331,0.651862285686793,0.0440609412445839,0.514350610412539,0.0100762155776655,0.832114284215508,0.0631259668165936,0.515305478826833,0.0100093788337423,0.635166690282798,0.0377153150551913,0.506143825526719,0.00294298168700226,0.683660547762176,0.0529370982364532,0.517770609415667,0.00952085177689613,0.823867311614395,0.0533602769024032,0.50679103056743,0.00198349473809695
105,50.5,29.011491975882,0.671379891213202,0.0512512683223888,0.501621019666722,0.00117770776626714,0.652441472303236,0.0435869073788299,0.51614112565111,0.0119802767055322,0.820717884826825,0.0673498653138329,0.521318622135079,0.0163875422851677,0.63436343321879,0.0387991338542822,0.509119325835834,0.00491385243360535,0.681972130573259,0.0523118778731779,0.516094438414962,0.00916297824938516,0.824373763934224,0.057641676987498,0.507055348093203,0.00165549878612816
106,50.5,29.011491975882,0.669016067506473,0.053026019556159,0.502281833909214,0.00170295782148917,0.653857729408128,0.0435369316543204,0.51544331005912,0.0112939695340576,0.82741676875649,0.0705056760663556,0.51454818767324,0.00830611670307235,0.634616383186777,0.0408812591694654,0.505761129265385,0.00255335921633802,0.684121797593234,0.0532418745139002,0.516222190381239,0.00941789457961792,0.823367389216458,0.0587060318248749,0.508221533105409,0.00457643645034327
107,50.5,29.011491975882,0.667824239659495,0.0545843247955397,0.50218336254261,0.00153105953484292,0.653895929728284,0.0437858412500018,0.514268622661291,0.0105283365857152,0.825509018742729,0.0725624694139596,0.514436806561754,0.0076911563465829,0.633156921194886,0.041649220960527,0.505375662520945,0.00243435688507265,0.686415692858041,0.0538300914086228,0.518113286926919,0.0109688078448626,0.819880011756178,0.0600514241454677,0.507783804624598,0.00397240817592389
108,50.5,29.011491975882,0.66653128991582,0.0556627580653447,0.503711668434219,0.00409060783126293,0.65248162097768,0.044447447139469,0.513510844441657,0.00948318283044836,0.824035066871308,0.073563388907877,0.5142060600981,0.00686443272017001,0.631377774555313,0.0426572038445221,0.507102376809972,0.0037893360838876,0.685890339599036,0.0556526769902677,0.520025116956935,0.015445143615158,0.814599624225732,0.0591585277603581,0.507634292014565,0.00393438348062417
109,50.5,29.011491975882,0.665581099829998,0.0561680245822782,0.503593398486133,0.00453393563316969,0.651948266299587,0.0450144692556138,0.51365916062847,0.008306941994184,0.82388243523068,0.075778728276258,0.516277450802575,0.0115839531338942,0.632175151910841,0.0451960089837675,0.509612358578535,0.00380347760715295,0.683330090128837,0.056066871430611,0.514768118209665,0.00860828127818258,0.821910130123062,0.0602610211005964,0.507297211309312,0.0035085630472102
110,50.5,29.011491975882,0.664970443571587,0.0571307951661643,0.50187250017715,0.00132190079857524,0.652969833861976,0.0460149286225038,0.515214952392263,0.0111329145421189,0.823648601717864,0.0751434508543655,0.514951091455328,0.0108752879431394,0.63266723871329,0.0468423248141048,0.506386144563925,0.00278784560543686,0.684571983853994,0.057604633277789,0.515391199171181,0.00820554876867966,0.821331809081757,0.0599305796168923,0.50870032294062,0.00484930679512811
111,50.5,29.011491975882,0.664283189686346,0.0575193543051202,0.503224875841085,0.00320055869690242,0.652171045470747,0.0467599072670621,0.512544324433943,0.00983086187104153,0.824868252043225,0.0721796678194738,0.515040739846379,0.0107288987251344,0.631222116383279,0.046484053742407,0.507695923301651,0.00440000452123697,0.682717832126386,0.0581517523256739,0.514638013758341,0.00781579544466266,0.82118661938881,0.0591010242004015,0.508295447535192,0.00443181045885362
112,50.5,29.011491975882,0.664826806391272,0.0570321919590045,0.501859187422771,0.0011501827957285,0.652699696828332,0.0476582757879602,0.515654550616905,0.0118775298882722,0.822703131790212,0.0766860618124015,0.513556229170017,0.00933005559861422,0.632329039800447,0.0460917430865136,0.50582917742871,0.00240923045992483,0.682756301753422,0.0594917492754734,0.51335384614032,0.00690498295449351,0.82021791969752,0.0608299786639333,0.509363554944084,0.00549991154789577
113,50.5,29.011491975882,0.664541668928967,0.0557048139562808,0.503316691713539,0.00345076475189183,0.651961839231594,0.0475389281779716,0.515274991013543,0.0111280036026482,0.821413734458967,0.0796218190453935,0.513678285269985,0.0100888358618125,0.63231180820716,0.0439911851865331,0.505532989094788,0.00222720821663181,0.683313843236686,0.0607927745072029,0.515150422732663,0.0114805005330687,0.815243516201418,0.0642251204517617,0.508666686329028,0.00495434134345553
114,50.5,29.011491975882,0.6655331093405,0.0537944760942563,0.501659708309322,0.000947484984866269,0.652979450273531,0.0486012113605664,0.517032922866929,0.0129256854347468,0.818348105716253,0.0815990730463519,0.512671569346279,0.00819531865082477,0.632268841118978,0.0419931344809377,0.507629247055111,0.00532520738132023,0.681042499189344,0.0607488948324061,0.511617528025083,0.00611335918291065,0.816751340900365,0.0688709044470673,0.508505280195731,0.00479978057616054
115,50.5,29.011491975882,0.668046762711722,0.051080316051437,0.501531222858486,0.000869855150780594,0.652851197389778,0.0484049730213127,0.516846896910344,0.0127790720483902,0.816891304043764,0.083857886256534,0.511827367459832,0.00753576418602851,0.631196685122527,0.0398177852053485,0.508722917314957,0.00396480846118828,0.679753986272825,0.0609734870582898,0.5160991279508,0.0103512632875757,0.812168923674627,0.0725350001429733,0.508171246737189,0.00425541111173196
116,50.5,29.011491975882,0.66897241093577,0.0500371322852152,0.502841141258911,0.00337164504470005,0.651906113401525,0.0477399434463459,0.512688912755523,0.0108941630230039,0.815272596695876,0.0839034726954009,0.51239221877471,0.00717408641948543,0.633458482694933,0.0396030774034822,0.50752191924037,0.00443172400151808,0.679239941637024,0.060511700878324,0.511767705744553,0.00723507642735887,0.813698222176212,0.0781212912913285,0.510495842388353,0.00660448751079265
117,50.5,29.011491975882,0.672100017698034,0.0484778278525606,0.501518886857436,0.000792401316711196,0.652139603558739,0.0473425118075995,0.517416973594212,0.0126363624140951,0.811745971630928,0.0860670723477112,0.511889493165836,0.00689284650651838,0.634452156104678,0.0383336630957001,0.506072700044407,0.00254775680976635,0.680572798335615,0.0589934511598822,0.512146874525491,0.00719071207439755,0.811508402853411,0.0787869661722576,0.510156881597988,0.00604979656564482
118,50.5,29.011491975882,0.671735521794517,0.0466905838268195,0.504418851329085,0.00409089589720411,0.649539727233862,0.0464484275914014,0.516797592747654,0.0126346004689589,0.80804334579081,0.0882039798868079,0.511878480891668,0.00633072687261268,0.634662549670908,0.0367883198957392,0.507428418944113,0.0047514252148087,0.679515009413558,0.0566964589209526,0.510259100490421,0.00552495027314546,0.809362960022593,0.0804223621016492,0.509830179362614,0.00579184951456455
119,50.5,29.011491975882,0.674513669267362,0.0464948849635049,0.501293940881599,0.000671702846223994,0.650252731773846,0.0463879256107559,0.518597015235174,0.0112787477492976,0.806921919473375,0.0885313045251411,0.514170450296854,0.0114045867965823,0.63498886933855,0.0361500589587591,0.505722051073294,0.00228640991105017,0.680234975235398,0.0560670968933458,0.511459289015502,0.00770228575248252,0.807405558127251,0.0821471696140701,0.509476711283318,0.0055629244132861
120,50.5,29.011491975882,0.673637534962069,0.0453518340353008,0.504177599901177,0.00442795025306409,0.648658152694093,0.046708329105553,0.513195220636977,0.00969873243885624,0.804627703588634,0.08797879330966,0.513979677009181,0.0114372888458618,0.634479388548417,0.0344469978102733,0.50676073637995,0.0031955067230619,0.680046878883614,0.0567863782522434,0.513374950061267,0.0127542793185687,0.803091719849864,0.0831703353365911,0.509082819477971,0.00546514197475097
121,50.5,29.011491975882,0.67394889062819,0.0449490530310386,0.502723627408775,0.00318723067025247,0.648671715367873,0.0467429914646906,0.517740897983868,0.0123629207089334,0.804771196724952,0.0914320931815082,0.516304715867473,0.0126018875621103,0.634777235799508,0.0346869012036448,0.510339535506652,0.00765862918620545,0.678691892956979,0.0566095720037608,0.515333682641198,0.0121739714820897,0.796601332407199,0.0848746263118884,0.512525561362512,0.0104392123327207
122,50.5,29.011491975882,0.674431123386135,0.0449181469253099,0.502619827466262,0.0032547384725431,0.647959066205975,0.0474365538700057,0.515684573223928,0.0101509964017308,0.803925446981153,0.0925085253184853,0.515903805651913,0.0128635558935574,0.635757778426079,0.0348779890309887,0.506575602619517,0.00312798848477267,0.681950851971692,0.0581977710129102,0.51856653041946,0.0144487442447447,0.79909809865151,0.0871164769865859,0.508429691133173,0.00445896711116624
123,50.5,29.011491975882,0.674408787640864,0.0446152190071716,0.501291540165834,0.000358967654273696,0.647727735973985,0.047890145691213,0.520633172201312,0.0137500020042295,0.801400610475891,0.0957600116899457,0.514217071769643,0.0110706898392739,0.637056696089148,0.0351711476216156,0.506920565204469,0.00407991505697055,0.681123318117597,0.058322352512509,0.514239276867831,0.00922783336112274,0.797368053233237,0.090529756487184,0.5118968797777,0.00774747138510625
124,50.5,29.011491975882,0.673206831077464,0.0437995087758156,0.502751970919335,0.00333492014705638,0.64618914712941,0.0472982061623144,0.519108064574151,0.0132555008215054,0.799888822544573,0.0997986951358749,0.515147972251096,0.0113877205590651,0.634609266181478,0.0341605115529937,0.508038478976276,0.00490673717970382,0.681522046829871,0.0588265666120186,0.516898505283173,0.0136111171225898,0.795301939919063,0.0944722576260964,0.507888594189972,0.0038979582115453
125,50.5,29.011491975882,0.67372099358475,0.0441852809143596,0.501251508483756,0.000357497354959087,0.64675065819666,0.0474130945739134,0.521650914369136,0.0135299371396536,0.797763453531417,0.103165915858655,0.514672325271083,0.00907867669486253,0.63480246331017,0.0344043734445946,0.509977895670595,0.00680615344328887,0.679319141213473,0.058083142225957,0.512993940901815,0.00845106965480356,0.796628816395558,0.0976200729966387,0.509692267676104,0.00440451188293369
126,50.5,29.011491975882,0.672601740464874,0.0449687673235724,0.502700413389786,0.00375589749061271,0.645661224267767,0.0475900233828193,0.520279136716791,0.0126804179773295,0.794211641841195,0.107334635599593,0.513830985269993,0.00877596901915461,0.63500529696175,0.035026249995989,0.505738157848456,0.00265194073514858,0.681914893707429,0.0592941440958755,0.516413036549182,0.015071575057523,0.791730264956251,0.0999359771429082,0.510980337500501,0.00414366176170552
127,50.5,29.011491975882,0.672415613091733,0.0472523722128813,0.50275123804851,0.00385227483816963,0.645012596384288,0.0482677603130547,0.518705312502962,0.0121241533424356,0.791246578448551,0.107888392523443,0.51699222476098,0.0120504037249292,0.634963852603992,0.0368002881246584,0.507897397622791,0.00403635795523705,0.680679285268869,0.0597659077633714,0.512116224816885,0.0089369542683235,0.790334725361377,0.104387963369624,0.510644442264171,0.00406420266455991
128,50.5,29.011491975882,0.674168131812453,0.0497975400934598,0.50277132899584,0.00360825151534153,0.645047732128766,0.0491716945979407,0.517571485477945,0.0113048111566762,0.788250476926287,0.110294424963308,0.516685137318961,0.0110712741918977,0.634208812581995,0.0381218621907708,0.507449168196782,0.00396067259751307,0.681208658620796,0.0608090865054719,0.513046331357432,0.00816822799152725,0.78739726414885,0.107699038799401,0.51031013921247,0.00377204104327101
129,50.5,29.011491975882,0.673774228501144,0.0519161544074532,0.501459850883266,0.000338780781465815,0.645820238006013,0.0499772753352761,0.520980501935606,0.0117840578609817,0.785940627725155,0.112093857766886,0.516182567597421,0.00929926674119751,0.632702551794816,0.0394290366011797,0.510074416626324,0.00823380205523675,0.679848305268912,0.0614636175517261,0.512743688678761,0.00824995607671832,0.784853178942682,0.110289211039664,0.511802939683094,0.00595066874238015
130,50.5,29.011491975882,0.672255132443918,0.0538289622021778,0.502933386529961,0.00334674714605515,0.644469721902534,0.0503389643140049,0.520464746730836,0.0112850174336275,0.784829208521736,0.112754297274953,0.515717070119856,0.00872666535118691,0.633559832017742,0.0415795550340935,0.50727623492173,0.00398875236240319,0.680832069918996,0.0625389504272813,0.512459464894723,0.00887391201873978,0.782663841788706,0.112237705091875,0.51388330193347,0.00728474235672367
131,50.5,29.011491975882,0.671817948192517,0.0560800827559348,0.501482778841893,0.000435064461934922,0.644175345129266,0.0514496106965021,0.518798814389326,0.010611495827532,0.783419356456955,0.115995906303625,0.519491387258996,0.0115220696196415,0.63287018184993,0.04300162780227,0.508415259129791,0.0049726809642762,0.679133465185293,0.0638718683793052,0.510633293197969,0.00838239593881316,0.781207338324131,0.114612106998271,0.513858002867309,0.0093793041763408
132,50.5,29.011491975882,0.669111223549118,0.0569462301036449,0.504474290745708,0.0060936223802209,0.642179724069128,0.0517714305034671,0.516380972503238,0.0108408258559821,0.782412940169094,0.119525717569729,0.519392082343469,0.0107135288190856,0.632525965499762,0.0439457178814964,0.50697484604449,0.00580543608858317,0.679976443838613,0.0659780107401225,0.511663509470707,0.00806852494457377,0.781264673850788,0.117296599865914,0.514403115023353,0.00880788873909461
133,50.5,29.011491975882,0.67049378772472,0.0575365450673328,0.503097870166476,0.00373221585237685,0.643138266970311,0.0534997586761507,0.522877406764345,0.0149960017801851,0.780801088363319,0.122932440387183,0.518997548709049,0.0104551933248294,0.630568542828352,0.0440671754966408,0.510465743915196,0.00747994845637765,0.678870980816194,0.0681580185942957,0.514365401043474,0.0116941136647453,0.779270511882455,0.117804536665639,0.513650008204603,0.00752532901983383
134,50.5,29.011491975882,0.669312855995181,0.0572873118558914,0.503097250118603,0.00370978386669431,0.642987893032719,0.054807048692706,0.51961903021455,0.0148002914155793,0.782046693383732,0.124517025865494,0.521577231420206,0.0144976355307805,0.63142762221327,0.0456318923383812,0.508617540333281,0.00669774675535869,0.677861624109312,0.0690896507125271,0.513140784465343,0.00980371427851656,0.782506990004152,0.117975098837387,0.515654243728437,0.00917598113475573
135,50.5,29.011491975882,0.668306986515886,0.0571920593230185,0.502851880005541,0.00320150369899561,0.643012943723011,0.0560415239522575,0.521116691875059,0.0151287134996309,0.782778585357653,0.12396378291981,0.520604555828844,0.0129606309572716,0.631908380081933,0.0460539575310914,0.505332416751162,0.00241894540587292,0.67936553508496,0.0709298795162175,0.512579746387857,0.00908869532590466,0.784688759348706,0.116823510102342,0.517365515665912,0.00928201982515325
136,50.5,29.011491975882,0.668326979893053,0.0572446489705397,0.501664664790571,0.000380401720115402,0.644248732693656,0.0569453102163903,0.523096424718767,0.0139523010827853,0.784418033409923,0.120222747887752,0.518761106824495,0.0108013709009287,0.631152699485907,0.0452900076867,0.50510460861879,0.00193847003564221,0.679686716557066,0.0713263483400627,0.514440528746718,0.0125828513772835,0.784405171519759,0.11241994920106,0.516385472953829,0.0085831014144174
137,50.5,29.011491975882,0.668197066581958,0.058718976805922,0.50317630585003,0.00330088931380994,0.643876573277184,0.0566518042333195,0.52615771714537,0.0181244317373597,0.779160863135185,0.117290685943235,0.51821497243897,0.00988755813476082,0.630671914035463,0.0466420728061231,0.508312946662485,0.00498995946691731,0.677159345424516,0.070161879307172,0.50997792599437,0.00810646247810637,0.788464437672729,0.109170349152545,0.516042949930248,0.00851911055821356
138,50.5,29.011491975882,0.669597869932578,0.0595773708942294,0.50215695650481,0.00154830667083801,0.644407964762344,0.0561437070570188,0.520892252772944,0.0122277044181084,0.788066647415785,0.112896315729911,0.520495990966154,0.0105653723065624,0.629973768601144,0.0460645202977857,0.50642129906089,0.0046125763137382,0.679481493195489,0.0699941155975364,0.51428619320692,0.0112694035821083,0.788315043802489,0.102678327924261,0.516426415868203,0.00919507898385723
139,50.5,29.011491975882,0.667933012511522,0.0593491496079924,0.503692002768372,0.00393492185976114,0.644272208511442,0.0545942895256552,0.519626926076904,0.0115111712292824,0.791057316581392,0.107715311034986,0.520700433759865,0.010437721699414,0.629924434836069,0.0451231109301601,0.504877236746342,0.00221774822010786,0.681311495415064,0.0693345849917764,0.514577169618072,0.0112767982478056,0.791611989346395,0.0988190543965969,0.515484585008806,0.00855336856956897
140,50.5,29.011491975882,0.667442502179025,0.0593835013381132,0.502059902602324,0.00158135811623545,0.646004397487065,0.0526752511775413,0.52035625091031,0.0142500482858909,0.795031908075752,0.102219973842741,0.519150288351326,0.00922096195713407,0.629979552122025,0.046075171482552,0.506852636462348,0.00488880096566578,0.680851653927797,0.0658461273566472,0.511090146421442,0.00715019252508081,0.797093304883448,0.0932534356133145,0.514932494087125,0.00849746023754968
141,50.5,29.011491975882,0.665908124250835,0.0591662773217071,0.503439729417591,0.00419151871162894,0.647315065106045,0.0495058719847883,0.516872478455856,0.0150575019349048,0.796308328012984,0.0961547009614476,0.518834370438706,0.00853995710614033,0.630324125176759,0.0465517471217246,0.505147154540832,0.00316477032907072,0.682997747955372,0.0626997312564267,0.511318399395682,0.00823842039054073,0.79764992700149,0.0882700262537989,0.513994607483945,0.00749031132137527
142,50.5,29.011491975882,0.66593672041742,0.0595919661965969,0.501890131861067,0.00120716589047338,0.649145771603496,0.0471612298097085,0.520005610227784,0.013628807147878,0.797157776971182,0.0921240530740747,0.51728015106985,0.00759784499278283,0.62746711273225,0.0455006843874127,0.507975215550935,0.00636955529813728,0.683401731826498,0.0597686446675518,0.514480627137104,0.011271787250502,0.793856413719435,0.0835209740775328,0.512752898984989,0.00704199375613154
143,50.5,29.011491975882,0.664913583822468,0.0598193589439127,0.503495001665319,0.00345562412831972,0.650620017912091,0.0449275543529125,0.51732154220676,0.0124517113333411,0.798128174721065,0.090951057614843,0.514347102854786,0.00567575689501248,0.628694029810768,0.0464895465704212,0.508576296508526,0.00507189549908089,0.68291596144573,0.0562014374894935,0.510251963066275,0.00707319872341493,0.797568363836553,0.0829458918824135,0.515512293708583,0.00796501422757651
144,50.5,29.011491975882,0.663551729614807,0.0594814024983666,0.503432827831799,0.00321168293202444,0.651248046152401,0.0424582337001056,0.519088521622668,0.0147879326191681,0.799912449241628,0.0893770086775338,0.515689924990231,0.00682897135698259,0.629658544332615,0.0472950698913848,0.505330483825953,0.00315353800909201,0.685786839536839,0.0534249953690427,0.510675073857873,0.00791189218574298,0.799249310964701,0.0820736334850374,0.51587839212554,0.00837399891455514
145,50.5,29.011491975882,0.66393622168162,0.05992071825433,0.501959069257055,0.00101994064637282,0.652366368164523,0.0406593632444189,0.517550731825486,0.0129930298404802,0.79832841545988,0.0884792299258937,0.518438521801987,0.0096631780304717,0.629429503078776,0.0478088640431837,0.505154535902584,0.00289829702254411,0.68665336089461,0.0503597721090683,0.510027159770482,0.00739169651307131,0.799372631701198,0.0813716349279033,0.515068169111194,0.00766817898749603
146,50.5,29.011491975882,0.662268743518238,0.0602926080837571,0.503573612067638,0.00382169989960087,0.651466213298747,0.0380917272995637,0.516955521545155,0.0131696883523799,0.796951222318951,0.0859702393265509,0.518771537579279,0.00964034028968122,0.629578979206199,0.0484534357598897,0.504842559406793,0.00269574560894218,0.687212897641248,0.04738002238935,0.509505882711015,0.00675524017512552,0.79963521674737,0.0789169401421372,0.514242025048673,0.00709947139145783
147,50.5,29.011491975882,0.662548510101729,0.0600024230885088,0.503340198012927,0.0036143692925598,0.652403337083639,0.0356227974682551,0.515937392807736,0.0130682233272396,0.797341656683773,0.0847339568955867,0.516306532354277,0.00908042964254605,0.630383824635409,0.0481524102942778,0.504648070810151,0.00259514060736397,0.687072758542436,0.0455195628838642,0.508757201949608,0.00621728344351474,0.800022145278834,0.0766176499954158,0.51366805510291,0.00668845382286886
148,50.5,29.011491975882,0.662587086211661,0.0583423984430764,0.503286669750979,0.00385603385649257,0.651878726447197,0.0351388495981195,0.516177350827473,0.0181241599121545,0.797996918490175,0.0822422920279858,0.517584299950148,0.00809359133722635,0.628380619054189,0.0460216945476314,0.510670258922263,0.00646000513593455,0.684438077734112,0.0434592194591456,0.511887556693936,0.0102589942984079,0.797662165245025,0.074614934172902,0.512528345024627,0.00632012870181497
149,50.5,29.011491975882,0.661190626009165,0.0560244540956101,0.504562637062807,0.00383535163492133,0.651270388336047,0.0343448961070007,0.519185772936511,0.0175276535486087,0.800405916035623,0.0820800736864205,0.517921890924128,0.00995766949107201,0.630536545036483,0.0454427743761463,0.507649199180672,0.00606292130599846,0.686776892820284,0.0429934317699363,0.511558055120052,0.00938153246857668,0.80330005345236,0.0749937206365083,0.513205323642872,0.00697989694925038
150,50.5,29.011491975882,0.661155674499338,0.0549165850297064,0.50281105526644,0.00318350050548681,0.652493722775155,0.0339249714877705,0.523590106421961,0.017727110912882,0.802201017525504,0.0785702988810569,0.516705534786985,0.00810424725807603,0.630161364337571,0.0445276167864785,0.506236960125053,0.00355903065824735,0.68780653665183,0.041783783350033,0.512798025028122,0.00991509902266582,0.805028036308102,0.0719534093510649,0.513189992136459,0.0075160278018092
151,50.5,29.011491975882,0.660903264869583,0.0538386043647097,0.503243658001705,0.00375601939647491,0.653252977161262,0.0337231551173929,0.525980001667684,0.0180483583030564,0.801561604202372,0.0766505008367401,0.515292621602337,0.00780624628109277,0.631270087055168,0.043723793690868,0.504792648264646,0.00234794120249275,0.689485885634206,0.0413354590592983,0.513439426654687,0.0107123397732656,0.805496939695309,0.0694500209014791,0.512466526334137,0.00675181632087447
152,50.5,29.011491975882,0.662496876937968,0.0536901155847577,0.501515393171183,0.000538898966320994,0.654113694374256,0.0339558374091161,0.523838553860119,0.015147449233724,0.801859126899774,0.0751464333478742,0.517383032801799,0.011223562995413,0.63106207464384,0.0436177653593335,0.504646347111899,0.0021878770676601,0.68946002390925,0.0410246654238194,0.512402329135113,0.00991550981405031,0.80695279507973,0.0671457185493952,0.512102345210334,0.00601527573821618
153,50.5,29.011491975882,0.664459478480719,0.0519911635737412,0.501405324799192,0.000487584863901865,0.654366321588567,0.0344537530845494,0.522113655422561,0.0140683806194877,0.803131556127881,0.0737667671011051,0.516770919603728,0.0102007589450905,0.629438742108589,0.0421287762492961,0.50978519600629,0.00687554165450202,0.688847435503285,0.0407619141418294,0.514287877846777,0.0107895171213412,0.80356319032208,0.0638688199721198,0.511119379848844,0.0056205922765061
154,50.5,29.011491975882,0.665733444231014,0.0495690725101367,0.501489795471756,0.0011107252983711,0.654307766408358,0.0348812980876245,0.520927266959518,0.0132533997319616,0.803552364712763,0.0742009243894889,0.516202444759906,0.00919130359661102,0.631982529976375,0.040288104093234,0.506492269045496,0.0031283652418071,0.689534726973097,0.0420032286938691,0.512780769075856,0.00873613935273123,0.810046013551923,0.0607537004978532,0.511599482997472,0.0056718863125184
155,50.5,29.011491975882,0.667115103465376,0.048073394563841,0.501349121779397,0.000436723069031445,0.653557806632933,0.0356088048986357,0.519468861405559,0.012458699481034,0.798468049328701,0.0738617182007508,0.521539175743983,0.014743659744569,0.631457173364282,0.0383047627764035,0.508053027626678,0.0059467415694277,0.688635849752142,0.0428066794924476,0.51314691263518,0.0103058905604375,0.810587783011781,0.0614300629725146,0.511124548631236,0.00523346983283004
156,50.5,29.011491975882,0.667174442799493,0.0468644956423792,0.502034051635171,0.00158298129594706,0.653019616172592,0.0364620541905136,0.518556238308463,0.0113410195650203,0.801339748496895,0.0755531149661697,0.521826034492707,0.0162998381255507,0.63237497547867,0.0374181047416364,0.504741244285398,0.00205955057414064,0.691627656440255,0.0452999712052919,0.515769874662842,0.0155377344019145,0.80748574680513,0.0646588175719965,0.511969187798121,0.00557667944919321
157,50.5,29.011491975882,0.665905175726455,0.0449240845322898,0.504146075446618,0.00589349524793759,0.651868005517507,0.0383397649124779,0.517574394131493,0.0107855047981218,0.812310367014378,0.0773445788190337,0.515170304606545,0.00681558557677207,0.632381144671469,0.0359374339583668,0.508154415729716,0.0047053287312288,0.688057272154478,0.0467204043113116,0.512652298742317,0.0100951636000406,0.811775120608145,0.0682324706284211,0.511433454668923,0.00506052360923918
158,50.5,29.011491975882,0.666256608990323,0.0444224357688905,0.503989511670351,0.00581904005392773,0.652365170353029,0.0404711487188398,0.516472397271176,0.010532870364718,0.812537280493583,0.0767516657907001,0.518656434164833,0.0124113450871443,0.632413733717033,0.0355125958816537,0.508248240802438,0.00510773517343058,0.687839424715238,0.0504291798756647,0.515257511482113,0.0106395014431082,0.811208326148437,0.0703906868947587,0.510427156319742,0.00441549095932784
159,50.5,29.011491975882,0.666455007876668,0.0444194406398902,0.503787402124196,0.00377411983971936,0.651702840586191,0.041558845961263,0.516712648428463,0.0109756788679311,0.815463021110898,0.0777352760911696,0.51745403951342,0.0102094761557235,0.632608293019413,0.0355195428641045,0.504755447365151,0.00220072595834941,0.68966902551085,0.053192662193375,0.516077007281083,0.00937042371801206,0.811242300294925,0.0719957894109001,0.511281402003084,0.00679563595104312
160,50.5,29.011491975882,0.667416491603184,0.0454738057814511,0.502133221180474,0.00216298922683863,0.652025468222404,0.0430734910190648,0.5198491617572,0.0128672226608053,0.817974094555357,0.076759168544453,0.516579103393471,0.00908562239517914,0.630846515884184,0.0355540561391303,0.505786611846871,0.00380602666469178,0.690056842602611,0.0554560923677666,0.518349333680329,0.0140975125819218,0.809243626968821,0.0723138986386257,0.510599565594253,0.00643341241777069
161,50.5,29.011491975882,0.667299067579827,0.0469349793778918,0.503518683525659,0.00359588305330224,0.651178013270154,0.0437694475407835,0.514805014040925,0.0093197202952864,0.81929346311011,0.0776214261565675,0.516954597511543,0.00886034715710318,0.63052369840146,0.0370358137963475,0.50616137288269,0.00336276049738779,0.690425989704294,0.0569286287660776,0.520826166812076,0.0130237171230374,0.805823494059277,0.072223556787703,0.511822389987391,0.00638423584784858
162,50.5,29.011491975882,0.665934423742978,0.0486624547225238,0.50653244137521,0.00635117627483474,0.651235188697271,0.043655355225562,0.52010274419223,0.0188690204295142,0.819978129636461,0.0749693363444568,0.517155156553329,0.00853889531415664,0.632864018894391,0.0383701390348342,0.505770382928269,0.00280314310679082,0.690125241017448,0.0562366541512576,0.514695639397956,0.00727296077674798,0.812207262332804,0.0751554032487962,0.511051782432581,0.00589979102281992
163,50.5,29.011491975882,0.66842269616477,0.0521060379875158,0.501988358548753,0.00187569610026574,0.653471056823877,0.0437573596775659,0.518038561901198,0.0128832822493854,0.820855520565543,0.0782794680946004,0.526165712706537,0.018505111785999,0.632887020102931,0.0400327656887383,0.505530852120088,0.00270261615573298,0.690455460379071,0.0557095880184565,0.513675881576188,0.00675304034764204,0.812223123352712,0.0761355679571449,0.510589431914303,0.00522982927642139
164,50.5,29.011491975882,0.668102821352942,0.0538298037468823,0.502018747145156,0.00163615888455997,0.652383311105502,0.0444392532372272,0.517145663697498,0.0120164450138353,0.819665973906955,0.0817653223515909,0.525213106293289,0.0172983792159864,0.63329122708103,0.0411666468291262,0.505421881071662,0.00266520705472533,0.689611088248932,0.0561867294019711,0.513206778366996,0.00626043718431228,0.8109440929757,0.0789823963695416,0.510138634463202,0.00486053980873502
165,50.5,29.011491975882,0.666961828431851,0.0538115668706498,0.503696124944597,0.00478492206614693,0.6511739841643,0.0453818859341039,0.51425433033445,0.0109890806682002,0.819776546101099,0.0819308013401404,0.525143167264146,0.0168593629017532,0.63234516609975,0.0411685791130695,0.508098752999019,0.00469542895948826,0.687510543601948,0.0567933426119663,0.512543847600669,0.00586924136584262,0.810547531360129,0.0807024153320646,0.509694448876677,0.00468626202792539
166,50.5,29.011491975882,0.665380311790878,0.0541888284121867,0.503363514359051,0.00328687046194963,0.650640531806534,0.0457964277132746,0.516575421853932,0.0122763143554362,0.822289420063031,0.0806961870399818,0.524454918095058,0.0162492645044107,0.633156540970322,0.0417725723308551,0.504792207223416,0.00231595374544608,0.689114447131785,0.0577401174987665,0.512397355305477,0.00677487156325463,0.810030014407619,0.0811016725186245,0.511233995189519,0.00443690670829383
167,50.5,29.011491975882,0.664301643951536,0.0555163673911034,0.50489790764708,0.00395781413479923,0.649733082956639,0.0462250336450233,0.515735731559982,0.0114693289244639,0.821605927055562,0.0802709952404247,0.52390439716848,0.0143888796647797,0.632386875005334,0.0427788131984864,0.504783031853003,0.00213676315082858,0.688896973418909,0.0574867158083055,0.511408939664414,0.00624356834293961,0.80932149618837,0.0818978556963533,0.510576637192371,0.00463437402619666
168,50.5,29.011491975882,0.665109073325138,0.0563334756048214,0.501750004672295,0.0010987472444932,0.650744182246147,0.0466463400881919,0.51997301524683,0.0165312316187041,0.819018085439103,0.0810639763043534,0.521653780789615,0.0126924064519025,0.630618481314414,0.0428213996017661,0.509677989925449,0.00556407066649657,0.685996207305691,0.0564345753856227,0.511096025824322,0.00602997586811498,0.808109268772987,0.0841026206547246,0.51042726601904,0.00387623294187578
169,50.5,29.011491975882,0.664788806984445,0.0555974547002628,0.501614064819607,0.00101166712733727,0.651082749149831,0.0469463954974626,0.519376304964567,0.0157100769811175,0.81697386757453,0.0828651555157322,0.520445742309855,0.0115462678673324,0.63393073976632,0.0432422685882385,0.504441187715965,0.00198887231734007,0.688463368899154,0.0567940340513518,0.51333773606771,0.00751387257450902,0.808345302783648,0.0860923439014305,0.511492238560078,0.00470007099680561
170,50.5,29.011491975882,0.666188302825686,0.0542184287639354,0.501657918454935,0.00148911458393671,0.65087603653606,0.0468216897762206,0.518012247765938,0.0147043790123373,0.815211949571023,0.0841103511509808,0.520833243975775,0.0115803052331869,0.633156843448655,0.0422400543832536,0.507779270881411,0.00664563948770674,0.686325336987137,0.0567984091981789,0.511597932939879,0.00523459432114086,0.808988459174704,0.0878909000870941,0.510590028212929,0.00432551591023185
171,50.5,29.011491975882,0.667118809451698,0.0527274759895235,0.501443041900693,0.000854319769117924,0.651828462432877,0.0467313536846032,0.516648408848884,0.0137481703260201,0.816385972779763,0.0841526491693943,0.519775680528527,0.010795210013234,0.634382747936203,0.0408577301356305,0.504180855465551,0.00174561631781262,0.687513165682981,0.0561900761479055,0.514057422604235,0.0104991024754669,0.806705492726402,0.0880038466972017,0.514122659363327,0.0106668691647331
172,50.5,29.011491975882,0.668727343131794,0.0511481103948673,0.501431812173677,0.00106741398279838,0.652251738474103,0.0462274779823242,0.515629069536183,0.012882930961887,0.816526526719434,0.0838598734124661,0.518881837575583,0.0100668505752418,0.632445953810284,0.0392611754951234,0.504286194559713,0.00248937692876497,0.689855344644606,0.0569003068716133,0.520043670914314,0.0155788757508603,0.804202202571335,0.0877864611948942,0.510516328524118,0.00420628406092654
173,50.5,29.011491975882,0.668619559877372,0.0493240687714131,0.50469848611578,0.00497120934954784,0.652037736807738,0.0446278886859707,0.512599122795878,0.0133694014189694,0.818364057095393,0.082879131540226,0.517172964239074,0.00988686295746768,0.634483821656261,0.0382741989098258,0.504761282384664,0.00372774169139901,0.6888717302861,0.0560226657737986,0.516403478292744,0.0106813156548519,0.808595514228409,0.0862320511345989,0.509944801687232,0.00416871803078263
174,50.5,29.011491975882,0.670475506992687,0.0476082372326071,0.501374517414379,0.000859724231973392,0.653929714807435,0.0430961341745734,0.515538304433693,0.0131512791754765,0.819028744637574,0.0794029447648934,0.520901806917103,0.0116053955706891,0.634191333100897,0.0367615799862331,0.506438392206669,0.00584377114370462,0.68769971219993,0.0536845851371431,0.511909773759944,0.00829434744959448,0.812790429535679,0.0815687198487345,0.508941390994293,0.00301430964576238
175,50.5,29.011491975882,0.670591350773681,0.0461655784094111,0.502933040337916,0.00378462910750773,0.653465415131747,0.0405762161168025,0.512972173961803,0.0103575701639998,0.819131195257429,0.0774160507796734,0.520888042413862,0.0131591194773779,0.634897797177558,0.0355225522448496,0.504552471085832,0.00445428495723863,0.6886901230225,0.0515339084859264,0.512851597151438,0.00874578294148905,0.814247082505955,0.078943574571986,0.508527715131841,0.00269015566018799
176,50.5,29.011491975882,0.671904728208259,0.0447817761653427,0.50123157416327,0.000515770983154262,0.655049408160147,0.039674078274863,0.515878515044237,0.0127978835400414,0.81802428426895,0.0754652138274128,0.519054328929784,0.0114926028134297,0.635720768347109,0.0341600236064085,0.504498270228026,0.00412784030158763,0.688670233040917,0.0497300869278614,0.511748939158759,0.00803627693560422,0.81379006290119,0.0779407526120321,0.508532584334265,0.00261974383249273
177,50.5,29.011491975882,0.67135133841656,0.0432202752626735,0.502971756522535,0.00357928467435715,0.653401226077088,0.0382021159442282,0.514470233854539,0.0122667607166257,0.813627224771949,0.0777350322742996,0.518985160428499,0.0104428797603772,0.634881026637335,0.033051785181084,0.50573356664584,0.00512004577246094,0.689064896158004,0.0479774200713556,0.513586229911706,0.0131447333923947,0.80865480921516,0.0783672211674624,0.508385155456814,0.0024361648589058
178,50.5,29.011491975882,0.67218256986559,0.0420891435507163,0.502773817724598,0.00313191277386684,0.652346206379389,0.0370728715934412,0.516620200571794,0.0122310035725394,0.812885896663168,0.0754951482368619,0.517608672572981,0.00990016109073213,0.634353878444067,0.0320095646171572,0.509016699704404,0.0049790027881368,0.685875348141204,0.0468366320582464,0.511341602170712,0.00674225660693021,0.809591572112923,0.0795037814938364,0.509446461181621,0.00487614503694241
179,50.5,29.011491975882,0.672645707822234,0.0414217519680375,0.501377688930544,0.000428018982028355,0.652443553826217,0.037455180774994,0.516147025626192,0.0113000448411583,0.80994453057902,0.0789854801698106,0.5193557135647,0.011226336131984,0.635866865398565,0.0327918614280624,0.504471626699194,0.00353863342356738,0.688744818184883,0.0485448930871162,0.51223629221724,0.0069752770486088,0.807153192140875,0.0816843951726766,0.511978814480082,0.00738900641908947
180,50.5,29.011491975882,0.672730696936179,0.042122983449004,0.502892645482668,0.00320326582796684,0.652125706946343,0.0378562443896748,0.514914748885771,0.0106971367976806,0.807462869624579,0.0835387539253162,0.519892441258878,0.0115791907645632,0.63550852951246,0.0335389460342026,0.504421535112775,0.00339393531030317,0.689196741071217,0.0491571231161247,0.512032467122169,0.0066214496172235,0.805561459434034,0.0846954343345111,0.51144255002361,0.00702968444103107
181,50.5,29.011491975882,0.674050491937694,0.042959872736407,0.501287005512089,0.000451897637826189,0.652505824810737,0.039105076579984,0.516890385982735,0.0126956397540406,0.805748023380146,0.0877238537584436,0.517818392218079,0.0100827602766047,0.635029888074936,0.0345279862186327,0.505999449635259,0.00413884639690962,0.68786246385949,0.0499215763658881,0.510929026699379,0.00590891717385157,0.804319805014201,0.0877586370385235,0.511349239166691,0.00653049857621919
182,50.5,29.011491975882,0.672745733986374,0.0428540188638216,0.504208297944325,0.00422870885203207,0.650075014661124,0.0400808983582273,0.515012834698932,0.0128603139377973,0.804201809455242,0.0934176201422578,0.518104134016046,0.0097881019683143,0.636227742329865,0.0352494318323632,0.505715628346113,0.00562041736143684,0.686239509849556,0.0514802509296613,0.511537850144472,0.00566491420835915,0.804673214191887,0.0900120201141075,0.511090144928559,0.00585048605851642
183,50.5,29.011491975882,0.674749448826387,0.0439645830134974,0.501400368475145,0.000336146108743355,0.650459259348968,0.0412943332561012,0.517168332973383,0.0126040267828756,0.805192104218704,0.093777263396638,0.520007615137009,0.0107109600685902,0.636134323590167,0.0359410313073564,0.509102524278272,0.00639113653581689,0.68343628729335,0.052283566212874,0.510843834772741,0.00560095952495938,0.804953793035133,0.0919128656015615,0.512231814019399,0.00716934413628932
184,50.5,29.011491975882,0.674188416099102,0.0437271731449503,0.502844909552701,0.00331466687669934,0.649331746866251,0.0421939783683621,0.516336173041807,0.0118976752015404,0.804782648454492,0.0967262454419112,0.520084718935266,0.0108049261523466,0.638396651195071,0.0365907856113614,0.503936592273638,0.00246881141576886,0.686377159830448,0.0544207610424432,0.514607208198533,0.0100249978915307,0.801791269635092,0.0935412700238827,0.514958446676948,0.00978283667138016
185,50.5,29.011491975882,0.676659984277849,0.0436147953787179,0.501595611164624,0.000592884747208737,0.648983122209548,0.0421438501532211,0.518500441440187,0.0128050183610307,0.799644264070162,0.0987834237015897,0.525504285222612,0.0200993560428478,0.639946032264979,0.0368028789730639,0.505890019886673,0.00422873062641998,0.685358271004884,0.0550202554329769,0.513376384563548,0.00925250534222031,0.801439077477328,0.0955385313567117,0.513548805805393,0.00781492888321209
186,50.5,29.011491975882,0.676384641939896,0.0413240114983664,0.503972939382187,0.00430643301157866,0.648683935912543,0.04125331319656,0.517619976788155,0.0124912271447134,0.805690968986629,0.0998658261799197,0.517739396794032,0.00833969838771795,0.640596664003018,0.0352184951916205,0.504260913684334,0.00258028037201811,0.6864871344139,0.0549430589431356,0.516540984300937,0.0113053374782662,0.800383092297146,0.0952607607332033,0.514623843630538,0.00920036810648722
187,50.5,29.011491975882,0.677822422184736,0.0403316324840365,0.502178293202448,0.00162158359611866,0.649434229733462,0.0405943051762906,0.516731238959365,0.0116986023190544,0.807716955390568,0.098516909676366,0.519638473416391,0.0106800984219208,0.641616914176017,0.0336487643759999,0.506837417145311,0.00464051247025304,0.684223474406566,0.053349879802276,0.509572965337746,0.00467519592924973,0.808171865440489,0.0941201335712169,0.513546360838407,0.00768483280596341
188,50.5,29.011491975882,0.676879296235373,0.0404399246609931,0.502029427693201,0.00150570386616463,0.649555229486279,0.0399993855548186,0.515432189599335,0.0108069933773325,0.808097658119392,0.0964232807090409,0.518441035263562,0.0099093431101102,0.641390707832529,0.0336372548463194,0.50692706796074,0.00375533816157103,0.684249677390598,0.0518812225513667,0.509485275673066,0.00586048001216394,0.809271816137304,0.091976311351439,0.512050695264749,0.00628368961117892
189,50.5,29.011491975882,0.675843546101943,0.0410016166652683,0.503434300541523,0.00345140159473528,0.648687138594204,0.0390992274669363,0.514390308183508,0.0104735565040596,0.807490607519626,0.0959178130721894,0.5184422462572,0.0100181226626966,0.6403304652581,0.0335384112490376,0.506562215280365,0.00424829024718535,0.684079683351806,0.0513503744268629,0.510401410309398,0.00670174547007081,0.810272197729878,0.0887528106393049,0.512523353600478,0.00662869649323312
190,50.5,29.011491975882,0.675306128169112,0.0417532041374614,0.503272007288214,0.00329765348690419,0.648036881004659,0.0397884553370243,0.513756506327326,0.0102033009445748,0.807815491641968,0.0919652141937691,0.521440293257289,0.0129708754305134,0.639894139434689,0.0335498755269457,0.50447440158819,0.00236311738127393,0.685791340336291,0.0526419399336966,0.513287357034446,0.0127902166290197,0.80965996229679,0.0845731838381159,0.511518916144356,0.00614470421885795
191,50.5,29.011491975882,0.675738535693446,0.0434566637998635,0.5018633217271,0.00124906262962201,0.648591530024936,0.04075280079194,0.511984807740707,0.00842512577978803,0.807598452525748,0.0916142691426352,0.523378625706314,0.0170389127238119,0.63909524053182,0.0343554156780382,0.506915304331182,0.00384000679869682,0.683215693009771,0.0522877735206131,0.5100519553752,0.00721673301104096,0.811818583551028,0.0843958336272975,0.510898015893876,0.00561594689413883
192,50.5,29.011491975882,0.674292074446939,0.0445080793496205,0.501971492489863,0.00108777972326041,0.648022283522265,0.0409538198885136,0.510981489244457,0.00772788754837279,0.808410768379838,0.0904272684732138,0.522012380133726,0.0157392345239476,0.637766478838428,0.0347836871666123,0.505327492934001,0.00256046948248595,0.685212467910096,0.0530045422734116,0.514151588530094,0.0115182992729877,0.808403435470603,0.0823872363762951,0.510148230318838,0.00516716806735688
193,50.5,29.011491975882,0.672710095098271,0.0452455267773396,0.505062469134532,0.00439783548470033,0.646675367397093,0.0408827953185034,0.508832723793051,0.00709885365305539,0.807613182738086,0.0913064537703656,0.523309345100625,0.0179608074303029,0.637970330921807,0.0346638665394834,0.507081618960915,0.00487786497429713,0.684844701372851,0.0530173755584711,0.509727244663403,0.00744123723697129,0.812272384263037,0.0805138138376994,0.509870448865685,0.00486779703102472
194,50.5,29.011491975882,0.674267610740801,0.0451297855074035,0.50187503149989,0.000858046267684576,0.649604802967889,0.0411820265905688,0.514390913478247,0.0131596869794362,0.805861792978417,0.0919977428846093,0.520505681711618,0.0136762462626515,0.638766137748463,0.0351395146859982,0.507162246628187,0.00345687652589679,0.685039260149255,0.0528924974378467,0.509485878669,0.00732964073953861,0.811977353221849,0.0803685146773469,0.509523050676923,0.0043850306313119
195,50.5,29.011491975882,0.674703817664157,0.0439286660860365,0.501853131329698,0.000758026325400915,0.650975256992544,0.0406986872670579,0.513290253006184,0.0122628171704325,0.803304203975053,0.093390407032315,0.519601874068451,0.0128802550347647,0.639330639510383,0.0345439244999853,0.505396888114468,0.00228545441178413,0.687566352918654,0.0527164904118251,0.510639594455499,0.00846909978794726,0.811185649556538,0.0815013056780497,0.509308172880754,0.00387371760281997
196,50.5,29.011491975882,0.675917255273683,0.043238258118888,0.501871308646297,0.000775550344629397,0.652138222568999,0.0401622169360827,0.512252640449555,0.011401903474604,0.803005931516119,0.0925690290271302,0.518997040970263,0.0120627438775266,0.639321767593291,0.0336871197807693,0.505502049558638,0.00208088990439422,0.68706929326474,0.0518393963714986,0.510085905432915,0.00770939774479537,0.811325260193482,0.0829540671731473,0.508974694175544,0.00370534533920292
197,50.5,29.011491975882,0.67550198307379,0.04220185777601,0.501781497126189,0.000683935246202912,0.652511076779688,0.0393415531519153,0.511277314977475,0.0105787041804727,0.804221081964991,0.0894458345912582,0.518216631901116,0.0109171284370697,0.638999083705225,0.0328104763217774,0.505180327954155,0.00192975375402767,0.687512385863072,0.051393530153327,0.509876800910686,0.00738808684145366,0.812293710688687,0.0835091940945536,0.508914271720418,0.00360200595554144
198,50.5,29.011491975882,0.674345066758053,0.0421460659913051,0.503304301807583,0.00347543332010366,0.651342159388854,0.0386495737019741,0.510935091647007,0.0108815929152537,0.805270045154417,0.0867738753330156,0.517626097506976,0.0112187668480853,0.638147276838562,0.0325524606409428,0.506125411606284,0.0035100261723526,0.686848247744272,0.0506608580419367,0.509581404554983,0.00711367542488835,0.814604902089488,0.0833258662754751,0.508696062267261,0.00340693997684338
199,50.5,29.011491975882,0.673067464310403,0.0421725768029698,0.505047860578083,0.00437547802031969,0.650516326708033,0.0386380536098279,0.508789578580505,0.00902059141229145,0.806615785803717,0.0854008670282584,0.519491969798083,0.0182642196797351,0.638354673902698,0.0329862958285065,0.504689314229748,0.00163700100298023,0.688696366414682,0.0509520739174847,0.510258915688162,0.00916210805642395,0.813902814981884,0.0835954640972559,0.508977693121574,0.00395910753946243
200,50.5,29.011491975882,0.672632657939204,0.0427565232732871,0.504316976643788,0.00415906699171823,0.650874832561519,0.0394942371467433,0.50932442561914,0.00937514642243848,0.809317009978734,0.0867936207677927,0.524528713232726,0.022706072972029,0.638879764814043,0.0336614532820523,0.505936259327395,0.00392768580122797,0.688492205869361,0.0505937480532287,0.509385421766505,0.00831321084870678,0.812550962019425,0.0844743085775362,0.508542659163475,0.00381610681765442
201,50.5,29.011491975882,0.673441998762341,0.0432230716834958,0.502970668512872,0.00306956139743316,0.650298810967758,0.0410114152520853,0.511195853991534,0.0108346829352931,0.779837949605933,0.0803961879199962,0.525772874454376,0.0241662022977995,0.639028684483506,0.0340700361411224,0.505142054138485,0.00390716158812503,0.686365588983731,0.0521000618978911,0.510361174133698,0.00888673685068606,0.782791076706749,0.0809555796179374,0.508231745590866,0.00381699610889346
202,50.5,29.011491975882,0.67440853218326,0.0438226850864043,0.501440935284461,0.000505503423077733,0.649666216635798,0.0428010404640003,0.513040256558752,0.0116106693040883,0.777734040108993,0.0791925880831243,0.524004314822505,0.0223776786808486,0.638881922054995,0.0348422694109561,0.503499638347275,0.0018131810548918,0.68638573779391,0.0537383720134144,0.51467508424749,0.00961691582233751,0.77425506412818,0.0804540365841105,0.507696555163743,0.00336217400466181
203,50.5,29.011491975882,0.676143075562563,0.0449040592711403,0.501385556853374,0.000453324982989516,0.64759855145233,0.0442916364387963,0.513853055534657,0.0121376030153665,0.770883690431876,0.079568686170688,0.53018308227953,0.022887273049382,0.639479383722301,0.0349165642150606,0.504241627937987,0.00173678066441633,0.684305114704517,0.0555071118730167,0.510445536280543,0.00834505491832791,0.77462293520933,0.0808725914240429,0.507287293309695,0.00356993280569655
204,50.5,29.011491975882,0.673515665016559,0.0449830705441444,0.504957518501808,0.00401625422070785,0.646773568424366,0.0451031790984942,0.512436363929493,0.0107740808742379,0.77488262481445,0.0780176353208263,0.523411136079613,0.019288571662833,0.636872125979098,0.0347159971103839,0.506790280954432,0.00512403366346083,0.681213002113153,0.0564499209726048,0.513821896808443,0.00932866301442009,0.769852520467712,0.0813132443991955,0.508434546591535,0.00552166419959566
205,50.5,29.011491975882,0.67390602511735,0.0462236323959003,0.501948673796591,0.00168800866742776,0.649146362962227,0.0463554137499774,0.519359114697385,0.0138917538553851,0.775155173259577,0.0784050640817309,0.521874570750841,0.0174659783040224,0.636458899451386,0.0352407175018197,0.509283004994246,0.00617118006007508,0.678370850360066,0.0564935215419489,0.509010879726849,0.00758971935825308,0.770831662265027,0.0824028603372799,0.508353993068494,0.00455700099621894
206,50.5,29.011491975882,0.673826329899782,0.0472823685147968,0.501918860526294,0.00158482377680837,0.649754975781974,0.0455717156405446,0.51789232723544,0.0129054720380139,0.775775052417279,0.0777950681209682,0.521180576550725,0.0168043930500524,0.637454213749799,0.0358230149694886,0.505254213520847,0.00313155009176656,0.681067759949355,0.0560112805390967,0.513439483736644,0.0116811794266847,0.771071183230426,0.0807318533656519,0.508209118739174,0.00424982109328951
207,50.5,29.011491975882,0.673336215521849,0.0475921592155041,0.501892339927625,0.00149937148542681,0.650712490109726,0.0443814834594221,0.516495630438432,0.0119730654196508,0.775547774648743,0.0757377458530671,0.520017068801008,0.0146990548372984,0.636304027512461,0.0355214940168913,0.505260562370178,0.00418309542082603,0.682626091143471,0.0539051876599698,0.517541198068362,0.0118928333478645,0.767287335657667,0.0763011934095214,0.507426732453423,0.00396812414820765
208,50.5,29.011491975882,0.67357011659468,0.0483230305791692,0.501840437972752,0.00150407336836326,0.65114209391325,0.04283763970248,0.515542465238338,0.0107382551450641,0.772166933622523,0.0772066723819914,0.51959001910454,0.0136072320440885,0.63750108607006,0.0362958624843865,0.50580436605251,0.00533853191067306,0.681982147843269,0.051234706367343,0.513092768049779,0.0113252453999205,0.768733769642781,0.0786547659986443,0.508926026628015,0.00522088304594768
209,50.5,29.011491975882,0.672223764573252,0.0478172143628592,0.503108273742834,0.00313074457308268,0.652192511668179,0.0403509474144716,0.513259040891443,0.00760923185942046,0.770556514749242,0.0800498493924077,0.520241542104161,0.0136601945609422,0.637902587362547,0.0365696249035719,0.503761144046227,0.00213883180021304,0.68423498241466,0.048579722067538,0.51225598007436,0.0104396880579196,0.769046036241024,0.0787194667617371,0.50960289133085,0.00630301693987278
210,50.5,29.011491975882,0.672779451133392,0.0490080386105984,0.501682448945026,0.00128604799521563,0.654371104586267,0.0386206439924979,0.516020390667874,0.013533628720902,0.768590618550225,0.0822866884194697,0.51891577550314,0.0119689384603318,0.636707074272072,0.037186296493654,0.503517454498581,0.0020073946980218,0.686296329242323,0.0460094328323714,0.511874499796484,0.00984992165286422,0.76796682657037,0.0816110765592579,0.509699307384504,0.00574441582596222
211,50.5,29.011491975882,0.671226912875848,0.0496015258715969,0.502889133345355,0.00261898854231369,0.654295279527748,0.0375706900704358,0.514100644732865,0.0130265510678504,0.764772691135183,0.0862868322162652,0.519199030286899,0.012937996072518,0.634573968455866,0.0376159675049832,0.506180195419767,0.00436340357348953,0.684781592614397,0.0441984057387624,0.510428128481845,0.00915388236388267,0.763691283428638,0.0852421546243468,0.509480920202089,0.00522831040022014
212,50.5,29.011491975882,0.669403098064537,0.0500439316750135,0.504667062883184,0.0041184659897924,0.656170190719922,0.0369299681642793,0.517744845527707,0.0150363636308709,0.760069435283208,0.0889289112472072,0.516077442503002,0.00986219496719575,0.635051646444844,0.039532106829795,0.50327613630367,0.00161513603689975,0.686547578628939,0.0435490450807545,0.513175262749183,0.00787508843329504,0.75991534411831,0.0891730124230807,0.509210034760661,0.00535512374019846
213,50.5,29.011491975882,0.670936092896565,0.0523406993813064,0.501856540981166,0.00107854569020078,0.657337976949679,0.0370995211631583,0.518393587733869,0.0187270429704522,0.754394738630001,0.0903188347953383,0.519481434094699,0.0120948167542307,0.632580877144215,0.0403102222285447,0.504526009775916,0.00384255196664568,0.687177577815451,0.0435131789587258,0.516504575414945,0.0120961741282408,0.749197526385567,0.0922051210507696,0.50859417269065,0.00458029656830221
214,50.5,29.011491975882,0.670881410082778,0.0535906195113605,0.503029659829127,0.00278486694872228,0.656513691180214,0.0376437765404496,0.514535277545945,0.013677496806631,0.751915485858981,0.0930615256318631,0.519492539739122,0.0113850222084165,0.633081395171522,0.0419764622959856,0.504945533605969,0.00420416678932207,0.685010655980118,0.0442885372056577,0.511701424529903,0.00678146746632989,0.74714016189301,0.097017471807319,0.510089346583483,0.0056258426288409
215,50.5,29.011491975882,0.671302507585002,0.0550191070901754,0.501709935412307,0.00110108522948735,0.657930396699715,0.0390981501227547,0.517178227316036,0.0190833803045573,0.749309012493746,0.0973552474027706,0.517821983303778,0.0104693312418243,0.633157431116074,0.043134453820404,0.503997203957423,0.00368477757312919,0.684877630838796,0.0456471641629985,0.512012057351768,0.00794511019497069,0.742635191310192,0.103432714459956,0.510776686826255,0.00854377911326772
216,50.5,29.011491975882,0.670247104093221,0.0546872485127236,0.502924422403208,0.00365485746945308,0.656606933608032,0.0397189768598091,0.515775427169167,0.0184791976928346,0.74241635215815,0.0996259112389713,0.517817437821064,0.00945438198308717,0.632644100162813,0.0433116690054359,0.502488742893798,0.00198820882682358,0.685817234051525,0.0475818810933815,0.515036590268456,0.011898399557612,0.733401575676705,0.10429193704887,0.511879802383485,0.00974072063253598
217,50.5,29.011491975882,0.671036270598679,0.0534507965956144,0.501736831177074,0.000962029049501031,0.65655395018799,0.0409236259921264,0.516150206302911,0.0174198065579445,0.742393928162199,0.102886474298314,0.519441570324243,0.0112089869722956,0.633667750447755,0.0423405324038229,0.502618912718997,0.0025758076575685,0.684661553972036,0.0487699726129109,0.511078495348608,0.00712698184932144,0.735479055823581,0.106926490710237,0.511088466606147,0.00901556364331732
218,50.5,29.011491975882,0.672258813897701,0.0516985923844063,0.502602736412137,0.0022036955722013,0.65512204382565,0.0416590518471785,0.515865896457223,0.0164187228513515,0.742410824897883,0.104399168230243,0.519629170062509,0.0107369908943361,0.632588928944599,0.0398876338773527,0.505092640888723,0.00413230724193572,0.682659977609186,0.0501352971208331,0.510344108783378,0.00663027512998165,0.734184002388456,0.107325337033935,0.510891425529654,0.00911613645867724
219,50.5,29.011491975882,0.67275000927048,0.0500028777377831,0.502865184193774,0.00342087924436706,0.654836720363734,0.0423703997203745,0.518588673392516,0.0170464953069296,0.742016825908612,0.103551302767632,0.519417413478764,0.0108087876423899,0.635800998582266,0.0386262305759433,0.502665504141765,0.00223716662192723,0.685090551595777,0.0517200959932071,0.513517263325138,0.00799679242774072,0.734682305184682,0.105376956636225,0.510144242793763,0.00776104903189909
220,50.5,29.011491975882,0.673421033426366,0.0473252995891203,0.50302212887997,0.00328271440258311,0.654789180894813,0.0427221276290237,0.517424050795219,0.0164365830852001,0.740419003770108,0.103539336512085,0.521179907399391,0.0153697437434159,0.636128728950316,0.0364809504715315,0.502654339088668,0.0020748031240289,0.686377266989007,0.0522284834029463,0.515602663794362,0.0121405405342472,0.731915556248437,0.104359428514079,0.510878749419359,0.00704375296688469
221,50.5,29.011491975882,0.674675758492116,0.0452374610774784,0.501555636165034,0.00053052227579247,0.655125299013259,0.0434248321587188,0.519482811259439,0.014644629041067,0.742575943508532,0.102721128018347,0.520015938756552,0.0149716261379892,0.636242360044977,0.0355708571989687,0.50394884084261,0.00384431019120378,0.686695994837795,0.0527103943909401,0.515694686232025,0.0123919851491746,0.732329343824044,0.104254955371645,0.50911638950602,0.00580070327392645
222,50.5,29.011491975882,0.673011535224311,0.0441780681817118,0.502967858490612,0.00314828270465944,0.653910736415466,0.0435184397990716,0.514805078179275,0.014088995408038,0.740693204304612,0.102485143151405,0.519062373085098,0.0136901713208073,0.636745870473214,0.0349220964905952,0.503627057577341,0.0027297276569184,0.687145584714362,0.0531950713078101,0.512711709604665,0.00862734013613771,0.734349531389835,0.104730923622166,0.509004962144714,0.00564152440850169
223,50.5,29.011491975882,0.672809862604784,0.043654859285498,0.501491193925815,0.000470471491063468,0.65396842071551,0.0443460266795612,0.518875677035547,0.0141504605697797,0.746480090279037,0.0974601601496261,0.518762372941018,0.0131267555504604,0.635482840739152,0.0342351803367169,0.504692434112456,0.0043316754618332,0.686668315664404,0.0536536567313786,0.512056157321456,0.00781506284312933,0.739105955719405,0.100933253836273,0.508949724822123,0.00521845752072366
224,50.5,29.011491975882,0.673268639572728,0.0437577624610181,0.50305835343437,0.00350799757209719,0.652834476564674,0.0444590872612806,0.518250308645597,0.0143471313688036,0.747791317148674,0.0943899892747229,0.519328806797468,0.0113816631450638,0.633074924228649,0.0337977777220438,0.506307412337591,0.00589923934662488,0.685810786631784,0.0535860413739923,0.516888093842335,0.014002859182509,0.740635843291423,0.0972073043446947,0.508616352404888,0.00537940691626442
225,50.5,29.011491975882,0.673553432795367,0.0442070685192699,0.501455096320278,0.000481400889683802,0.654095813407124,0.0452410608783016,0.516135705226117,0.0123048902246854,0.750332316782075,0.0920975030650051,0.520587902653207,0.0137138519411609,0.63423905014917,0.0347949536159917,0.505587615735727,0.00629455535146599,0.685546342318792,0.0545495713400999,0.513825616036946,0.00718115015991871,0.743618640967771,0.0941404826217403,0.509880626703237,0.00755979195671251
226,50.5,29.011491975882,0.673537736077592,0.0445234207181916,0.50139339383617,0.000489818783658123,0.653320450908087,0.0453828536768359,0.514881630118649,0.0114430981909506,0.751948972307262,0.0906089555487995,0.519679586120745,0.0126616938933153,0.635379806545785,0.0352285367762348,0.503727306070248,0.00238449424616998,0.686388788866844,0.0551820258786727,0.516096442460229,0.0127779646685973,0.74203738078447,0.0925462297376822,0.509397246200301,0.00646229746083813
227,50.5,29.011491975882,0.672668756165434,0.0441325897010626,0.502637419865978,0.00263471704990261,0.651736230551517,0.0451225121235164,0.5141060029896,0.0108586689743622,0.749051535191156,0.0912201482923139,0.519272672193612,0.0117642330370179,0.63543743846214,0.035096026646805,0.505004986812057,0.00399988459093733,0.684685222118296,0.0552534235144819,0.515480081126597,0.0125929891507219,0.738533505274711,0.0925758943429699,0.509339976360767,0.0062876812046699
228,50.5,29.011491975882,0.673853190599663,0.0448280978554586,0.50137135497616,0.000804686345343526,0.652133894004846,0.0455575823082447,0.515944876925768,0.0118492981589724,0.750702502860354,0.0902696588607675,0.51815848081571,0.010772936661357,0.636659769660826,0.0365118445709233,0.503885885160115,0.0022376388626203,0.684910267717696,0.0552169744233279,0.515662564089661,0.0143140016670235,0.739727803129375,0.0916729005363337,0.508502039517965,0.00532977749384285
229,50.5,29.011491975882,0.673168469683919,0.0457766331438747,0.5025811717302,0.00265638224922476,0.650434739518975,0.0442093974087358,0.514855583530008,0.0109876322695002,0.745883948953804,0.0916974411704895,0.523931772143229,0.0185385287038758,0.635515053466782,0.0371972294041481,0.504431384604895,0.00300296299636696,0.684982960969751,0.0546048832919107,0.516625800424195,0.0166298907015493,0.740827518581453,0.091158935336665,0.508182372564403,0.00496347158617123
230,50.5,29.011491975882,0.671472113615968,0.0465161306300996,0.501754386433987,0.00187024010010457,0.65169299764753,0.0437603270989874,0.513898032458435,0.010444490011341,0.745906235283343,0.0912693239850865,0.51892750378375,0.0124134046162864,0.634537934034546,0.0372335644289509,0.50505255396282,0.00341379436832268,0.683741944608578,0.0535147284339524,0.513712897390991,0.0122424568456879,0.738046171541305,0.0924625992268761,0.509341944405522,0.0065774614042378
231,50.5,29.011491975882,0.669685518753277,0.0472767516134588,0.501772394409576,0.0017171127450851,0.651644039973654,0.0428280504455552,0.513125265795163,0.00927712158108534,0.746504635421467,0.0929657833298182,0.518092434404943,0.0114480532107427,0.633952296228774,0.0379494553286128,0.503695712021794,0.00215321737493861,0.684903894260993,0.0535104481319104,0.512771851026839,0.0116208644082803,0.741162159232435,0.0939203671802051,0.510772133702243,0.00661111568586798
232,50.5,29.011491975882,0.66692640229834,0.0477913540525664,0.505651276194669,0.00458756913012957,0.648940150014549,0.0418817223399632,0.512380152022962,0.00950181947172785,0.737935349526018,0.0883306272210867,0.527167322904269,0.0215333111264804,0.631969528100535,0.0384569859519209,0.505845885355975,0.00488497917457678,0.684012319212358,0.0534703653369267,0.514230831364536,0.0153793352937301,0.739725033466462,0.0907575821456085,0.509453484864558,0.00475843003911404
233,50.5,29.011491975882,0.667634208251268,0.0484909431024161,0.502388941762974,0.00254853268595293,0.652835107780608,0.042879798757284,0.514104082820348,0.0114360716558337,0.750454655249895,0.0878876472398669,0.523861238160875,0.0141876868680143,0.632735166475798,0.0395082925467839,0.503974442742183,0.00302783806195303,0.685447808526908,0.0541407681629399,0.513735532825928,0.0111163691886284,0.745012625533777,0.0885633749853708,0.510275198862273,0.00595318835418928
234,50.5,29.011491975882,0.66656928832897,0.048993130836617,0.5022672244737,0.00235399041315469,0.653766305265331,0.0427960700364995,0.513409448029734,0.0107252796647844,0.753333866323163,0.0855822365675203,0.523218343209451,0.012982730595894,0.632456172914575,0.0406713624576079,0.504033328518249,0.00282782061876373,0.68598721971036,0.0541905740537553,0.512674276213784,0.0101530090626932,0.74942817143959,0.0851527722464492,0.509905615211112,0.00563149870534706
235,50.5,29.011491975882,0.665936445232391,0.050310123687166,0.502215630536556,0.00216684942355943,0.654453758753031,0.0423706660060029,0.512349595603484,0.00990637020890622,0.753346603483333,0.0824760710271587,0.521951619167716,0.0121822828921928,0.632072130267648,0.041581107639752,0.504020943866977,0.00269689779544145,0.68741852677513,0.0540358281960618,0.512039030095692,0.00926600249972616,0.749975365717166,0.0812150913250926,0.509520963981084,0.00525090610487838
236,50.5,29.011491975882,0.664861537389384,0.0506090792987898,0.503638019109753,0.00336300354657108,0.655163071863776,0.0415323160995706,0.511405913610401,0.00908714844632638,0.754456074409345,0.0821600798228259,0.521511426121629,0.0118293721470888,0.630474153581903,0.0410773450671276,0.506206456128174,0.00437247093732805,0.687526792724333,0.0524524506157527,0.511624670244032,0.00839988897930501,0.75365093825629,0.0778757937938375,0.509168163579506,0.00512724175385896
237,50.5,29.011491975882,0.666246335168728,0.0512964344540737,0.502013564649842,0.00189156621789914,0.656445312354273,0.0404894613389634,0.510604252995484,0.00850828221908456,0.756456269570912,0.081616435792609,0.524275742062887,0.0130534410641004,0.631430872086536,0.0418431028546326,0.503656154046523,0.00159231017488674,0.691768889982423,0.0515242117333095,0.516582082127457,0.0134483563307875,0.752671602289336,0.0743988673473433,0.508831504815347,0.00445927394461255
238,50.5,29.011491975882,0.665538619205347,0.0511689259151297,0.503113989300273,0.0042803417660645,0.656218869055464,0.0389907473581538,0.510094979351572,0.00809627147265078,0.751081756611404,0.083443446896038,0.523474814902866,0.0127684210725511,0.630897120095025,0.0415115708697818,0.507575173393072,0.00450313287816088,0.689181901004736,0.0486414920264404,0.512245037653792,0.00710352449312779,0.752333041839161,0.0745207921449545,0.50854911113296,0.00468993396583914
239,50.5,29.011491975882,0.666338896188356,0.0511458567700601,0.501761935249648,0.00160986376548553,0.657685290484048,0.0377372011510868,0.512307270787923,0.0118801536059599,0.75022939315908,0.08449969805834,0.521277443695996,0.0112979197165018,0.630940460730395,0.0411459297909654,0.504880108693106,0.003987755487518,0.692764708788546,0.0470643832983908,0.516018162465472,0.0114246983494627,0.748358364073468,0.0730998988021706,0.511545905010595,0.00665800541152803
240,50.5,29.011491975882,0.667083140780713,0.0504758163199972,0.501677101129021,0.00146393036709397,0.657465406337723,0.0359014617310568,0.511300864353498,0.0110013833112334,0.745895369877172,0.0841891562263417,0.520599852308981,0.0103607747268494,0.632400838661505,0.0414070515353624,0.504301864614883,0.00256082772564537,0.693206729752442,0.0453085241196094,0.513788647254375,0.00986823987278348,0.749114716861528,0.0753067201570528,0.511131981597506,0.00623912782102773
241,50.5,29.011491975882,0.668945397006851,0.0499095282123885,0.501666053509706,0.00138293766257246,0.657725366953867,0.03428797460212,0.510807618328277,0.0100153109906509,0.747273594741978,0.0845848163495267,0.519628278964029,0.00917484928625655,0.632189369978566,0.0404121260456657,0.504223758470605,0.00240284251161048,0.694292495025354,0.0440477716090859,0.516377100430467,0.0102748949692114,0.749380800670275,0.0744486218433604,0.511093484671283,0.0056611762351087
242,50.5,29.011491975882,0.668582710301525,0.0491247610600618,0.501610918406917,0.00121540451464756,0.659851448634678,0.0331827483047782,0.518687791473767,0.0186971266140841,0.742358303913556,0.0847874679453127,0.519087648315321,0.00855798763197011,0.632520107937067,0.0397812109610269,0.507194051285522,0.0047628022342002,0.692389139741423,0.0424825353269288,0.512420459106665,0.00865453314301784,0.750796450715269,0.071505487625812,0.51108716969737,0.00563688436621664
243,50.5,29.011491975882,0.668983392600243,0.0485187516192973,0.503224886536893,0.0040557673530406,0.659594302879615,0.0307161221918182,0.509798143454217,0.0089038900798179,0.750187913729323,0.0847492626236584,0.517538363118963,0.008375639742002,0.633929578072462,0.0390227385513492,0.505253016084409,0.00345925480269466,0.693773303314414,0.0403087606277735,0.513880034420775,0.00874335108336797,0.753551496879726,0.0695402555573355,0.510176600637312,0.00518537274188451
244,50.5,29.011491975882,0.670491234695573,0.0484203051775888,0.501978163833551,0.00182839369399081,0.659874992029266,0.0297867756110058,0.508772485227147,0.00824443440318773,0.751583307398937,0.0809106384273869,0.520726893212472,0.00985289120664828,0.634247831000382,0.0386910063626231,0.505238124190691,0.00408335444501492,0.694607279267556,0.0390483105715987,0.514385117840837,0.00987565513229136,0.754591820543071,0.0664369675742285,0.509759104769004,0.00456315729960577
245,50.5,29.011491975882,0.67229782384854,0.0475433755121347,0.501917454379897,0.00189911941702054,0.659621483234221,0.0289048214996196,0.508056506080288,0.00760921864240595,0.754261694131887,0.0779378890915447,0.520810506889976,0.00913790708058781,0.635635610960447,0.0378339204134986,0.505140309585466,0.00398489879048085,0.69576278428729,0.038049630087792,0.513474750422033,0.00870127055973509,0.757041636806336,0.0635649192630426,0.510713861511487,0.00558505712252747
246,50.5,29.011491975882,0.674240199182114,0.047369944881386,0.501896478810658,0.00161587505340166,0.658901791250592,0.0279405092580505,0.508779746903422,0.00709278632271103,0.745402877780709,0.0749777340551888,0.526214004731842,0.0203363055176539,0.636206201512962,0.0377998392339045,0.503796658445244,0.00200788907911884,0.697884783280253,0.0372287248832826,0.516281095562096,0.0095336766429551,0.752914309220097,0.0617183634148469,0.512125570095709,0.00508850205333596
247,50.5,29.011491975882,0.673713165957454,0.0460684203702236,0.502544616448051,0.00244736316246119,0.659746129810871,0.0279446136298394,0.507561622559003,0.00671264871830025,0.751549801924894,0.0744942176689632,0.519335719430103,0.00824595142416989,0.638475998483576,0.0373765088533001,0.504096790483508,0.00244881359573794,0.69571214608815,0.0365546557158467,0.512315294297717,0.0078071748497493,0.756319270569831,0.0629401183011652,0.511896455320045,0.00455801109820913
248,50.5,29.011491975882,0.67318242324271,0.0450201790629117,0.50384328085339,0.00350762644519666,0.658029367968425,0.0287996672656347,0.507595367335541,0.00639308857428483,0.753645045522339,0.0753249262599755,0.519024032869824,0.00746263324006743,0.639195346484374,0.0372083743276354,0.504047296125638,0.00230038490501817,0.695784756875019,0.0380306634328823,0.511707991029145,0.00728781787984009,0.758280949990677,0.066440021581764,0.511265688081135,0.00436725844984402
249,50.5,29.011491975882,0.674104120556178,0.0449949871520439,0.505385671348413,0.00642696927996317,0.655818063522607,0.0293675612833594,0.509690167077614,0.0115142409089207,0.749724122325869,0.0783769496386765,0.526515624825502,0.0178099766712034,0.638210270608755,0.0357183806106799,0.505336514933065,0.00323189939081247,0.694776782631252,0.0388458038580552,0.514909887648703,0.0139547970311364,0.757067948082421,0.0686308368067986,0.51101817971242,0.00372959201259799
250,50.5,29.011491975882,0.675095962510187,0.0441359112270442,0.502615605100942,0.00236005573404617,0.659276952240097,0.0312117091287527,0.512090524183665,0.0137979449392751,0.756254966717306,0.0766408679798996,0.520227366911898,0.0111475917217697,0.638048992551753,0.0358327040992132,0.508098985616699,0.00603012822548094,0.691714859727327,0.0389702507932426,0.509941571239714,0.00577283409760775,0.757505110500682,0.0687469064435402,0.512133932548507,0.00449770568064734
251,50.5,29.011491975882,0.675856820499462,0.0433236515505431,0.502473019897969,0.00217186271433022,0.65890571068333,0.0309896464936352,0.511160148524428,0.0127992254019512,0.75692797497717,0.0766860546442792,0.519970603180162,0.0100913768272307,0.640564558913295,0.0356984983926807,0.504423238275892,0.00228370323312382,0.694816339705876,0.039735458025315,0.511784917772068,0.0053113877597583,0.758584090617477,0.0691706120051078,0.514179746089873,0.00708096066820547
252,50.5,29.011491975882,0.674550141035143,0.0421050755469369,0.503594241141647,0.0033619027638335,0.657624610056289,0.0311688109888912,0.51051327592214,0.0119421171422011,0.75519930450827,0.0777368615996477,0.519246506226134,0.00900626745889909,0.638900347358972,0.0351315617103955,0.505652095358392,0.00312973952867051,0.694493353309287,0.0397593891769612,0.515372221822183,0.0109380719201145,0.751495947174814,0.0673065930589047,0.517201144573016,0.00824322792867782
253,50.5,29.011491975882,0.675807560274283,0.041178628678012,0.502157247923224,0.00183166536560814,0.658038342252164,0.0316844600121146,0.51285018065097,0.0146650011968395,0.752607533906045,0.0798830390871231,0.51834096618772,0.00829609446242796,0.638231030754175,0.0346545260521298,0.507578054460199,0.00521348349719025,0.692713617489857,0.0396473398909411,0.510214295881691,0.00467161205073942,0.755043687778941,0.0692138955964485,0.514227929029269,0.0093008477679526
254,50.5,29.011491975882,0.674687754817572,0.0398951845075291,0.504890740276187,0.00477679589374,0.655811111191407,0.0317399858010694,0.510114851840724,0.0128905851670147,0.751131053812309,0.08160264420593,0.520256470705766,0.00884928231043249,0.639365737763372,0.0346548168956487,0.504811986567243,0.00263765024216133,0.693469966576673,0.0400670798189754,0.509640387026574,0.00395330119758105,0.752976351395446,0.0726391723594622,0.51569004850853,0.0107346469085435
255,50.5,29.011491975882,0.678302166456425,0.0394463419135357,0.501969299917946,0.0016829008416108,0.657001145110058,0.0316189381733376,0.513873843001318,0.0148834543157072,0.749853930717874,0.0848499711699399,0.52062511062448,0.0116900151741723,0.638654425279424,0.0334971099643214,0.506935285209423,0.00481527808302166,0.692713637319917,0.0400974128606052,0.512370025228062,0.00906190794955019,0.747087167054764,0.0783218132229791,0.513917586015085,0.00826984397283562
256,50.5,29.011491975882,0.677364644826998,0.038404860407312,0.504295905984629,0.00396658211351359,0.65625506652049,0.0310936094838273,0.514326128356063,0.0157553892240252,0.74772251920261,0.0905904124945326,0.519945386918008,0.011237175818242,0.640199120940305,0.032723685419309,0.50591580946558,0.00536569377711999,0.693315860895441,0.0409748635969916,0.511187062597328,0.0060387764122029,0.748161180828673,0.0857481953393186,0.514132820298119,0.00955236789450523
257,50.5,29.011491975882,0.678681891748369,0.0373709331544959,0.501837688427104,0.00144937923317892,0.656771254779796,0.0315190262682154,0.516631696081777,0.0195046259030073,0.749066773847169,0.0953525034061672,0.521212345983391,0.0124382192481885,0.640298092747041,0.0313886025153731,0.505084552175501,0.0032317574154936,0.692993160008795,0.0413207422616414,0.511851543061952,0.00742856248447875,0.74801225478094,0.0913285216016989,0.513180408376268,0.00844148817029319
258,50.5,29.011491975882,0.678467484377343,0.037219180675408,0.501762378792535,0.00134684205993136,0.655529823926445,0.0322984342475143,0.515425994086352,0.0181499002867753,0.748440871612283,0.0996117676577243,0.520569101817776,0.0114469955750499,0.639975325350542,0.0305795464577816,0.504465834699936,0.00278588967029127,0.692081990296024,0.0426848892154357,0.511139987255599,0.00675027842024922,0.747521207740515,0.0957547511947618,0.512939438259888,0.00782950702228032
259,50.5,29.011491975882,0.67765314164926,0.0385476725043817,0.50177844074381,0.0012640709096142,0.656862158680148,0.0349975809623416,0.514729530851304,0.0165633721252359,0.744594689386218,0.101153664683584,0.519456899001105,0.0106499135125559,0.637356223487744,0.0308651375545331,0.507919654494359,0.00530429422063726,0.68747017089769,0.0439310215817115,0.510098457686928,0.00682898429279348,0.742429034852814,0.0967784365545401,0.512590589441314,0.00780973229331972
260,50.5,29.011491975882,0.676955244899684,0.0409661512513278,0.501745908792703,0.00115807741217828,0.656178416603221,0.036769401497949,0.513807488994682,0.0154731381024468,0.739704053876408,0.102547196371351,0.518592174036315,0.00977063927918672,0.63987658775222,0.0332221503230306,0.505204570450392,0.00482362362285863,0.688209286361138,0.0468207260979489,0.512568310060828,0.00792055531475635,0.738987325699672,0.0968920193922778,0.511624880805895,0.00567731409542457
261,50.5,29.011491975882,0.676752650262326,0.0437999453373069,0.50162958987593,0.0010604573439113,0.656201564805608,0.0382478698616121,0.513114006832711,0.0144768527525392,0.740442230515402,0.102999377944411,0.517598637163369,0.00897580910056933,0.637943175875249,0.0344738831997409,0.506645681938099,0.0041620850822284,0.68686496693039,0.0477156733358163,0.513720476589623,0.0101964561878839,0.739587858689771,0.0978425292706223,0.51184036207293,0.00607322179427355
262,50.5,29.011491975882,0.676241284802887,0.0468305718398383,0.501603121965561,0.0009738154442192,0.655927736520183,0.0397264164859599,0.512087437843729,0.0133593129267389,0.741399614527863,0.10446352840077,0.516488734033289,0.00819028740692875,0.640135945777108,0.0372797299526674,0.50384549608489,0.00197337968738907,0.688912327192252,0.0504206000870273,0.513754600222137,0.00944050911441445,0.738041226740475,0.0973016238453912,0.516477962266421,0.0104979659711363
263,50.5,29.011491975882,0.676180401985814,0.0494684626303222,0.501585630129561,0.000894333498710597,0.6545612121188,0.0403108379424926,0.511831045772798,0.0127557947497835,0.739932729604157,0.10336433312894,0.516493178138549,0.00775074536081416,0.637875780698694,0.0387887739237948,0.504928893351533,0.00339676497361629,0.688937209124305,0.0511240425004512,0.513670593455537,0.00882841390246975,0.740177394747981,0.0970240199159054,0.512061418199728,0.0059955671717356
264,50.5,29.011491975882,0.675555197311899,0.0510135794328007,0.502683345311228,0.00283291002262074,0.652700860313605,0.0406238016587465,0.511009964043387,0.0117257529698773,0.739070674765725,0.101176036957069,0.516418215605779,0.00793555670734812,0.63819876749088,0.0399571752870324,0.505178730389858,0.00385938549665973,0.688451012257421,0.0519155721634637,0.512936683629555,0.00927122476241125,0.741598832246104,0.0981859880407066,0.51112297215256,0.00556877665903404
265,50.5,29.011491975882,0.674815573601905,0.0517315241752088,0.503749734788014,0.00392017383944252,0.651107410387131,0.0403586942186455,0.513596821313299,0.0144788705670568,0.742075217358284,0.101192081913304,0.515066597302176,0.00779759341671468,0.636475113659948,0.0397425487772012,0.508040036375689,0.00444501379185601,0.687548717227208,0.0517908540931354,0.51133403553848,0.00917383610025733,0.743369029127484,0.0978626047458947,0.510524863670904,0.00522472933995631
266,50.5,29.011491975882,0.676070630112968,0.0529608711780189,0.501605769439428,0.000976230555821894,0.652286139437618,0.0400834957507168,0.518877548594842,0.0182055779300822,0.742238428321604,0.100590135470433,0.513965566179669,0.00681650212469072,0.636969662440994,0.039830480451787,0.503931787177535,0.00189432777445467,0.69033702037569,0.0523176801306315,0.515833940948437,0.0101738117084588,0.743560563542433,0.0966459336862214,0.510272590775969,0.00476273059096079
267,50.5,29.011491975882,0.675193329359044,0.0525191965478431,0.502667369086055,0.00305622181334066,0.654911785474932,0.0403768090810645,0.515681247139679,0.0167201919849386,0.740089681652057,0.099189366436644,0.513752852450296,0.00679582899010687,0.635359985307496,0.0398175792708032,0.506799565685975,0.00377695959145377,0.688513105573507,0.0506028472231494,0.515359695327861,0.00981424456035417,0.741083508230488,0.0942513640369788,0.509786046842599,0.0045817265185378
268,50.5,29.011491975882,0.675146371476554,0.0522352539473036,0.50146481320928,0.000675015163855066,0.655439304470484,0.0393055874380541,0.518362163528522,0.0156087459605639,0.743404369790139,0.0979465280221266,0.512503550944249,0.00570980267673169,0.636825467057782,0.0399192330854168,0.505039849083427,0.00359717758550003,0.689038427626104,0.0499408536577611,0.515261569932539,0.00840646598931133,0.74447473436056,0.0909354120467845,0.510723677461856,0.0054328474917258
269,50.5,29.011491975882,0.674503455775147,0.0514927698383701,0.501663129051048,0.00101511770580077,0.656246170887191,0.0391327769307574,0.517017656639316,0.0145045399442653,0.740363870436305,0.0935814720762492,0.513043928220512,0.00780089034181747,0.636629347029267,0.0389438116964716,0.50513610208182,0.00300870884064005,0.688582258278119,0.0487181435073683,0.516544486443827,0.00862954099332362,0.742754103974756,0.0867447311812206,0.510123305974338,0.00494879781142449
270,50.5,29.011491975882,0.674782555935981,0.0500640130310138,0.502785335059628,0.00311185722564985,0.656379038267936,0.0384479118422471,0.512253433276199,0.013141531702698,0.745178028192969,0.0903759517814493,0.513513707546696,0.00555915047535695,0.638281067396654,0.0385348569467369,0.503730770315407,0.00142112890264144,0.690136423480214,0.0477966826248158,0.516287831644251,0.0092036336418972,0.746633790510113,0.0828680387969763,0.509765976879195,0.00456168991921214
271,50.5,29.011491975882,0.674966222532229,0.0492344132223393,0.501405663172394,0.000727901384901807,0.657757428782582,0.037684475517849,0.515684808284877,0.0140357948407717,0.750569761977045,0.0869938438486237,0.512490777490254,0.00491877867795429,0.637119617737489,0.037716387158114,0.505104838582745,0.00317740791902857,0.689261882312808,0.0462529473475809,0.515944132419078,0.00863530029606229,0.749438484943025,0.0780372360950445,0.509721718212693,0.00421117214995188
272,50.5,29.011491975882,0.673614460510925,0.0478770952796978,0.502576096465376,0.00292474430563411,0.657051558061809,0.0373940278995295,0.514874783607855,0.0132782545737292,0.756641767371654,0.0840821563597987,0.513144206658489,0.00508936979723364,0.637034672447166,0.0371108631622344,0.505064517404019,0.00342491449719826,0.690122710613608,0.0456841151515089,0.517921221488406,0.0116592136929803,0.749273189262666,0.0721198509526785,0.511102791816777,0.0043366133081637
273,50.5,29.011491975882,0.674022696944065,0.0468707682739643,0.501348037128855,0.00066053684777268,0.657881280602753,0.0371461690472002,0.513428305272009,0.0122266648845974,0.759499051623,0.0784046657502714,0.516039102645271,0.0108365835694322,0.638472242966832,0.0372671469948548,0.505476138649555,0.00300278395667244,0.68902209809896,0.0446622208971602,0.51366191120072,0.00713984475265661,0.755336846445694,0.0690485085800686,0.511464839576228,0.00589576476446678
274,50.5,29.011491975882,0.671783769542643,0.0456044338797345,0.505236584705083,0.00396890512917496,0.656859842132209,0.0371680151048863,0.513015668377519,0.0111134076070275,0.758344212308042,0.0786184623156791,0.51272319859984,0.00431943116436954,0.638576343419194,0.036440888183002,0.505617753153284,0.00411235924357929,0.689750288367398,0.0452005637057919,0.514960049976847,0.00797340381766426,0.75338541855894,0.064741319482469,0.51084254468445,0.00544049976849395
275,50.5,29.011491975882,0.674799333725436,0.0452357427632725,0.502755103713371,0.0033089533117191,0.657987663332048,0.0389098981776605,0.515419766464134,0.0154674514164852,0.756258295317338,0.0722831122079521,0.517269611437766,0.0130984933670634,0.640172052765466,0.0360171597138864,0.504010174455324,0.00167888784329851,0.690373134133241,0.046315828494184,0.513845888654763,0.00726799101182435,0.751297508641544,0.0604983076397592,0.511753340619482,0.00660003332341743
276,50.5,29.011491975882,0.675817231210287,0.0433319794311125,0.50127459437633,0.000662647205500042,0.658500311915757,0.0402771105972038,0.518923206740942,0.0168616209510096,0.758204683092663,0.0673428843876993,0.517060600350312,0.0120725933455317,0.639262047352404,0.0346159046131701,0.505008693321535,0.00388271716213798,0.689763816566647,0.047659525624025,0.516974099051982,0.00983025922126634,0.751330147509737,0.0575271227558998,0.511488692580743,0.00641950205484456
277,50.5,29.011491975882,0.676687867959852,0.0417862731715403,0.501233527107115,0.000581367094451632,0.657772290677106,0.0404699452226112,0.517973083747819,0.0156441606002195,0.762279650676796,0.0634555452731509,0.51678227366224,0.0113490582671242,0.641347303454975,0.034850695262385,0.50442196232259,0.00232094034368434,0.688548274673742,0.0485667039908061,0.51340764635383,0.00742085087372088,0.753328109280643,0.0539725175136175,0.514366401448285,0.00844267041811818
278,50.5,29.011491975882,0.674299444183492,0.0402913049372917,0.504078910882395,0.00346364931406471,0.655184611126179,0.040210300095317,0.517382528406999,0.0161810724299503,0.765976237853567,0.0628239241860641,0.516366930041897,0.0107768484267167,0.639673758274272,0.0340948922569794,0.504729914290549,0.00244378688863838,0.690751158938734,0.0499127172057177,0.51260524981939,0.00687552127173583,0.760248202255488,0.0512006070473923,0.510540318377553,0.00539853190779121
279,50.5,29.011491975882,0.676124975346493,0.0414973266922688,0.503929060853302,0.00610586864899903,0.653833108009547,0.0405819451290033,0.515757284523146,0.0143024641825534,0.761444448837926,0.0583564651517731,0.527541792122935,0.0166442555498911,0.638621967453126,0.0331804835120224,0.507157216000022,0.00469141957877818,0.689060166049329,0.0499308995744898,0.512074427993322,0.00665736748211734,0.76277783844956,0.0496953854602184,0.510016978834287,0.00547733207716864
280,50.5,29.011491975882,0.67568854508248,0.0403026543668272,0.501698961104418,0.00149859376691474,0.656453497508464,0.0414182176996242,0.518823567307733,0.0138313846030124,0.763682733470525,0.0611074187774857,0.521715073168981,0.0136384605115167,0.638751579926286,0.033011842087747,0.50592726808346,0.00433694457961757,0.690210011747022,0.0503564358138671,0.510753133356645,0.00588416092592125,0.758769977363923,0.0495929297616158,0.512743341493968,0.0077758408627214
281,50.5,29.011491975882,0.67565613984701,0.0397315241809372,0.504421955334007,0.00444819574411152,0.654884449940874,0.0410404085486165,0.511237537843155,0.0120244465039203,0.7645016838957,0.0588679451218256,0.521480237127023,0.0125530150599286,0.637594049906172,0.0319285821755412,0.507005426287802,0.00423321637499576,0.690820327069744,0.0506750746687912,0.512387538745966,0.00649523978392923,0.761169975124758,0.0484604014103272,0.512224245009823,0.00757785345743586
282,50.5,29.011491975882,0.675084791069318,0.0390994196658147,0.502930741460898,0.00296958573032083,0.656912726561388,0.0400392525473457,0.51890983285702,0.0139935705085393,0.764034986029609,0.058694689075446,0.517002192681302,0.0106690408814583,0.639067459173179,0.0318792657226402,0.50549641769768,0.00348272319408373,0.692370459853596,0.0490642633249432,0.510924675140785,0.00532417112471052,0.760854583401616,0.0478909366647952,0.514661134578384,0.00877200538723173
283,50.5,29.011491975882,0.675792479537778,0.0395226957006731,0.502991552102167,0.00335309822625002,0.656609129307906,0.0373406807212465,0.515137625360368,0.0127541348940366,0.767208812924302,0.0591835167311478,0.521497780456566,0.0139201392883768,0.640406426196948,0.0317669869187017,0.504172424639026,0.0018654945809558,0.694367181281187,0.0476444055472098,0.512279031896068,0.00660809424439251,0.76401155478189,0.050100131725282,0.513691762475581,0.00797189311995302
284,50.5,29.011491975882,0.676179160026928,0.0394523959865656,0.501603779361034,0.00108619934649071,0.657551601042894,0.0353251558252103,0.517908653809224,0.0150648504376861,0.768215214689571,0.0641238765264356,0.520028003802595,0.0122642643728228,0.640224876442658,0.0310469210202852,0.505451242765036,0.00398116740960088,0.69362406148147,0.0450295667977832,0.511681659421644,0.00573412243314707,0.763956927487983,0.0548466475398037,0.512705427655481,0.00749204556820742
285,50.5,29.011491975882,0.677354125769335,0.039237021297053,0.501528427735494,0.000997197879040302,0.657655722137319,0.0338962686276812,0.517189995206639,0.0147516253164827,0.76299831270169,0.0668690396985289,0.519740581312646,0.0118285502113273,0.640506805476544,0.0304743656431512,0.505302447762878,0.00342161237375119,0.693896634703082,0.0429151168767973,0.512793073632936,0.00710904896427662,0.759432076776712,0.0589585012220831,0.512340195171273,0.00692224428615618
286,50.5,29.011491975882,0.678150869111298,0.0388809848131737,0.501595033623207,0.00108309059110522,0.657809772959371,0.033621993732111,0.515564147508367,0.0134371687343895,0.761855793179517,0.0703261527008128,0.519513232907913,0.0110781539504931,0.641407459768272,0.0301406134892999,0.504035529108893,0.00160860509824335,0.694607233137517,0.041603082230687,0.511913498733826,0.00580793833436554,0.758022642105993,0.0628456401568551,0.513264095890949,0.00819446630300176
287,50.5,29.011491975882,0.67807459405947,0.0390814174652413,0.504039343810026,0.00390394559192923,0.655400800786239,0.0338500284461278,0.512065822987846,0.00956354381984999,0.756319287024294,0.0718422263332849,0.527788295225675,0.0238021496134971,0.641187508066222,0.0299381222571295,0.505359536458678,0.00410129102719955,0.693221736211527,0.0409084649207208,0.511511180758884,0.0059193095946676,0.759044389642017,0.0655775064951581,0.512630038282132,0.00741463803898307
288,50.5,29.011491975882,0.677639161097103,0.0381076511915972,0.503146186530891,0.0036802923658414,0.657088718316623,0.0346225011185623,0.515472927750686,0.014268432758087,0.76366053665425,0.0723332393180658,0.520652233564906,0.0132797301647388,0.640996033736711,0.0298423162808775,0.503850727654131,0.00192599682680557,0.695019849786237,0.0414411121510792,0.514596296246807,0.0114162518193085,0.755490570567666,0.065474925481518,0.513167246153219,0.00684234730145456
289,50.5,29.011491975882,0.678007832251395,0.0380908578867968,0.504778970670537,0.00331808149609219,0.655476338205893,0.0350601755149917,0.511614372181133,0.0137720215252459,0.763199114825501,0.0711642713838704,0.524717493661626,0.0167402066553168,0.641471876451868,0.0295344714056439,0.505600785336193,0.00264874186510014,0.691932564175956,0.0421642647193815,0.510683251907386,0.00583203117361867,0.76175110586906,0.0650786753124484,0.512689487801181,0.00658553217631964
290,50.5,29.011491975882,0.679476161685521,0.0369081949175104,0.501997397986151,0.00156497374996751,0.656212571059561,0.0373747062943075,0.518224544709614,0.0153029369258273,0.761834401030627,0.0690933959439377,0.522395553182669,0.0150853969922245,0.640264301898983,0.0290745483032914,0.508146193499457,0.00481463885348266,0.688823024128412,0.0435507773832589,0.511482556930294,0.00622953625450909,0.761144006259556,0.0607948468188661,0.511357387013238,0.00633004635973938
291,50.5,29.011491975882,0.678319553484616,0.035436766114727,0.503263868472402,0.00307937195928849,0.65558593073361,0.0396332520184609,0.516928392178263,0.0142611894875042,0.761112623492068,0.0701812267037062,0.522376929015062,0.0152480256380835,0.641660297342581,0.0291564987819134,0.504253373151433,0.00189174338868903,0.690932610716931,0.0466652974433094,0.51084809000372,0.00527612572168191,0.760702903832459,0.0594877326141184,0.514905277142067,0.00749205426100583
292,50.5,29.011491975882,0.677638101200409,0.0354729042173672,0.501980055357132,0.00127137006485721,0.655447866958074,0.0426538980214277,0.519577092062423,0.0161903733615982,0.764170872238061,0.0693434403529505,0.520580560972524,0.0131083616853569,0.639583524524635,0.0294323222190164,0.506929687935082,0.00463936771590963,0.687624214226988,0.0492090990575782,0.510162339302241,0.00501104572020475,0.761330195514562,0.0587291481490408,0.514098922837137,0.00692783986104488
293,50.5,29.011491975882,0.675677111225853,0.0364288227442358,0.501889487525957,0.00123252436033447,0.65479994424865,0.0451087844801982,0.518686948272372,0.0152003546326364,0.765817127130002,0.0688620489274503,0.520195699360967,0.0121444546443638,0.638921939560295,0.0303483713433631,0.5055666523666,0.00385196928649108,0.688810022356221,0.0526734083704372,0.510608254785944,0.00531955466628923,0.763595824408554,0.057361290181041,0.515027769212332,0.00831336017714438
294,50.5,29.011491975882,0.67442306701443,0.0383588017884484,0.501799516850769,0.00119338340629953,0.65448458388876,0.0464624205097371,0.517793122278643,0.0142880344812991,0.768933246885909,0.0695996976401286,0.519584075233146,0.0112750848734442,0.636818201726804,0.0319515827370674,0.507979297843788,0.00454909524066972,0.687686275475913,0.0541984489447692,0.510919501623771,0.00810224084893784,0.765786440561654,0.0576068692534077,0.513256650108439,0.00868380628707414
295,50.5,29.011491975882,0.673086288430164,0.0408359829730677,0.501789332307937,0.00104914685115886,0.654425039693548,0.0472526945547837,0.516521819684196,0.0133058893001876,0.77153245892316,0.0666620402050879,0.518410974970271,0.0103503537777596,0.635119568730341,0.0337810067524946,0.506525502457214,0.00444683540537569,0.689339392012155,0.0561758282742052,0.515822996762333,0.0112422710635851,0.764213985945096,0.0565047316546309,0.515486001039787,0.00844634911597771
296,50.5,29.011491975882,0.672151364446083,0.0441968774571747,0.501688964552068,0.000936051322456199,0.653986994600278,0.047626812468748,0.51573042679746,0.0125279008669406,0.774161539198056,0.0638373053074256,0.518221582759901,0.00915185822572026,0.635222633643403,0.0355540318834074,0.505450322629306,0.00371160725664555,0.689674985182998,0.0566426952180172,0.512714002123158,0.00866730501521445,0.767619480166306,0.0550189291211955,0.516007557433804,0.00847498312520012
297,50.5,29.011491975882,0.670739252765239,0.0468691203537402,0.503066667691845,0.00334821115035274,0.653435960822285,0.0465518340544809,0.512481170243634,0.0117151682052218,0.780990340266507,0.0611913640030439,0.517810173662997,0.00818206409718658,0.635741321557417,0.0382847067333781,0.50553550798711,0.00363464096803463,0.690848677798258,0.0562275989114836,0.513162161933926,0.00920241021152969,0.773761178042425,0.0542626832603562,0.513510236533809,0.00769699943142028
298,50.5,29.011491975882,0.670451497756322,0.0492064289327367,0.50157449546104,0.000716226590713333,0.654291355440574,0.045584807655008,0.51603911515605,0.0121525875610645,0.786989621064254,0.0613930361603515,0.517878914007253,0.008765068043642,0.635049853596529,0.0394416050605837,0.504138871565174,0.0019740584088138,0.693006510953863,0.0561252529633684,0.516530324513311,0.012476003671547,0.77660313482168,0.0524687239632128,0.514154098095404,0.00732194644254524
299,50.5,29.011491975882,0.669862525192696,0.0506297336917096,0.502857163931759,0.00343240344530091,0.653530003065074,0.0439408634341179,0.514798997744647,0.011428336620487,0.790769230878071,0.0622997304605943,0.518246231287125,0.00937582104478362,0.634901028811475,0.0402075597210272,0.505968181238516,0.00387008211964189,0.692622665219588,0.0554012941738044,0.515510245608324,0.0123005478235735,0.782135361332351,0.0526394930123113,0.513606771680601,0.00692658163591539
300,50.5,29.011491975882,0.670031898476143,0.0508265888171512,0.503322914356206,0.00364186760443527,0.654418708044707,0.0413750214279421,0.516076334823729,0.0122747749858293,0.791363196176122,0.0640133868389063,0.51620880590471,0.00736767119307211,0.634478018655054,0.0399284221640951,0.50483691348979,0.00248860111369609,0.694059367463209,0.0534314451440371,0.518457952064941,0.0120838855412705,0.783639727232388,0.0536023723608975,0.515307449089566,0.00758080313706278
301,50.5,29.011491975882,0.669829754785452,0.0509947423315461,0.501445162337265,0.000611436362563891,0.65550407895158,0.0398002189416952,0.518788689064003,0.0147041336907662,0.795870889449699,0.0658658687397482,0.516084148893702,0.00617095259329942,0.634190177070157,0.03941020493955,0.508721984907585,0.00371090837105092,0.690415324202786,0.0506838728214342,0.510924798777974,0.00744484972424032,0.793127519399027,0.0554856269961624,0.513797740951777,0.00627340922231516
302,50.5,29.011491975882,0.66976697619544,0.0508492367436638,0.501527345158522,0.000560180342486536,0.655971798825562,0.038437035741965,0.517386284040015,0.0136613062193429,0.79852939104795,0.0685529660729649,0.515483160966487,0.00593564366362471,0.633441673613907,0.0386539679178784,0.509726017806915,0.00698639901516603,0.68941058768247,0.0493325252077875,0.509486166784695,0.00649256122575298,0.796567298436567,0.0585409274220907,0.516132262121667,0.00662303069451491
303,50.5,29.011491975882,0.669680733474847,0.0501874243280063,0.502941862370168,0.00334223782225228,0.655418215128073,0.0364498476802001,0.517373867105951,0.0140421370867827,0.800326666404477,0.0716174687412578,0.514890399638905,0.00519588871072208,0.634062263429962,0.0376433603174184,0.506747838771764,0.00367033146455057,0.690765978468554,0.0477395730967396,0.513484807118992,0.00993743995260815,0.798624156918331,0.062042938706755,0.515508501797852,0.00628667751186849
304,50.5,29.011491975882,0.67053336960951,0.0498494678544869,0.501487004139466,0.000857731733296806,0.65668517218196,0.0342956500592985,0.51575524473738,0.011534476947968,0.801013820723076,0.0748997876212437,0.517726849482772,0.00818956442229088,0.6343008841276,0.0376328970200481,0.506921172887458,0.00481923017466652,0.690229268123148,0.0453945706131412,0.512258968150003,0.00911851709363691,0.796614841011932,0.0657905345868509,0.519769052172876,0.0118245481785982
305,50.5,29.011491975882,0.669943570326429,0.049420943503475,0.501312093129186,0.000425669963842657,0.656338271990155,0.0331859276511038,0.514667137085572,0.0117990630706571,0.802054536334004,0.0782864869368809,0.51730077880832,0.00750760018889442,0.633659498641702,0.0371476434059754,0.505508893738297,0.00286168346629808,0.691544544174322,0.0438141716804885,0.513407160033615,0.00878523577708186,0.801523768235518,0.0688934546441265,0.515108528807165,0.00604614789240691
306,50.5,29.011491975882,0.670132995982436,0.0499403629415277,0.501345153173273,0.000444422363946108,0.657477427794829,0.0338295958341235,0.513485225566013,0.0108951219281537,0.803856125815696,0.0815802450125823,0.516646647037218,0.00690859619752239,0.631792033767325,0.0368039485396154,0.5097092497389,0.0048601216693705,0.689069019145295,0.0427047829356848,0.511591961571473,0.00701784784965422,0.801936682802489,0.0717302884833757,0.515300613162297,0.00578360367468677
307,50.5,29.011491975882,0.669017088734453,0.0499944852393321,0.50284465380113,0.00323714078593252,0.65572564765225,0.0345179524172194,0.512474642972079,0.00996850442794094,0.803170515599492,0.0851086395796446,0.515304642098818,0.00649344717827526,0.630590930300585,0.036860037120995,0.506056777654006,0.00434450077892485,0.693295843022016,0.0445210290494309,0.520443986963333,0.0129573300455154,0.794952828180304,0.073797052883677,0.513957449979085,0.00504672822236194
308,50.5,29.011491975882,0.669622124742837,0.0502534043979405,0.501416526386176,0.000455674310734786,0.655467546542254,0.0357285911960751,0.511344892056966,0.00924056285051359,0.80137117706169,0.0896019793792058,0.519884283155006,0.00928387754559185,0.632115418147338,0.036871446665278,0.505436613289822,0.00288609892550575,0.692796484429106,0.0459469076687888,0.518086074639933,0.0117823518413966,0.796635323523886,0.0791276922623254,0.513387229540872,0.00490154268799918
309,50.5,29.011491975882,0.667215457699532,0.0500646603391154,0.50557199352977,0.00602273110139642,0.652749464365965,0.036365923782112,0.508111007759963,0.00925198403977522,0.801021003045255,0.0952762033222888,0.520460354842656,0.00825913181106961,0.632086096807241,0.0374089495137619,0.50743351374718,0.0055484613563695,0.69152996177868,0.0473010722911848,0.51385657512673,0.00849779369651435,0.798871751147024,0.0857851858732595,0.512033900999004,0.00440166665738875
310,50.5,29.011491975882,0.668624987341928,0.0511332100041613,0.501268959666646,0.000341121317067164,0.654310094613753,0.0382142480973385,0.514572229987445,0.0135016373182045,0.799897250555694,0.0959601604820949,0.520070250685227,0.0118116435756046,0.633374762644168,0.0384036651134784,0.507365544814648,0.00456805273952266,0.691467828737211,0.0492272809666936,0.514076915580495,0.00793060683069498,0.793432453858014,0.088768789837549,0.514753169009752,0.00845973629611596
311,50.5,29.011491975882,0.668462865233392,0.0508553812225133,0.502787787076677,0.00362564160164764,0.653365582640479,0.0391614468779795,0.513404103728575,0.0133176676969902,0.801369605576241,0.0951228597004228,0.519209997112169,0.0108783525127554,0.633280674170499,0.0393070435065392,0.507857975736952,0.00582312778914687,0.692340332742435,0.0508005020476361,0.514906876060459,0.0086159211912268,0.797340348821569,0.091560525262268,0.511169763901068,0.00344225511015587
312,50.5,29.011491975882,0.669264639570531,0.0495796970517738,0.502598301184731,0.00317595915753841,0.653720458565566,0.0393963825374627,0.512949837781705,0.0110738161958489,0.805828995284458,0.0932297124151645,0.51902963536976,0.0115295123697555,0.632746668728994,0.0385533615991578,0.509524507085261,0.00670716067694464,0.691670024043497,0.0518514196945549,0.516301118852813,0.0123677990275087,0.791972181341054,0.0901531097136943,0.514813039421537,0.00927382620705257
313,50.5,29.011491975882,0.66943146432166,0.0477169420929035,0.502704958734949,0.00378121752317105,0.652918989704717,0.0388321448718673,0.516803673873719,0.0138889847965385,0.80751998766686,0.088634861239999,0.518034398521191,0.00966607963209162,0.633413175595524,0.0375019011461646,0.508261625770056,0.00533401414617698,0.692927068717429,0.0524435810850585,0.517742063300971,0.0102754988142033,0.795497811163398,0.08802096656459,0.512265313777739,0.00669636798292826
314,50.5,29.011491975882,0.670584590792751,0.046121538118536,0.501181435360345,0.00027745761390129,0.653594498346562,0.0392230169610897,0.519381764344272,0.0150352297363952,0.808324286044512,0.0843732963198661,0.517141967090082,0.00872374194620117,0.634284374131154,0.03657167050568,0.506397641469718,0.00293994685706255,0.692254781072972,0.053972537772514,0.516574762263297,0.00936025927536932,0.796636228866462,0.0850087025380141,0.513267510222934,0.006535943227084
315,50.5,29.011491975882,0.670563285949281,0.0446367271816775,0.502805535978926,0.00339175316515105,0.652441875493003,0.0397655820221979,0.518592368187995,0.0139431691292013,0.808554047129578,0.0834423114598109,0.517564141797932,0.00864405301203968,0.635764740988648,0.0356071007903571,0.506997067742081,0.00428891724994884,0.690931312135605,0.0547316399569599,0.512835498995726,0.00704642319569485,0.799562124634916,0.0824264193125792,0.512901416332216,0.00614586199425009
316,50.5,29.011491975882,0.670683756648934,0.0438328702592804,0.502833823690167,0.00361046718928412,0.652195848331147,0.0410468758860749,0.52201581331211,0.0128814462570384,0.810449623415899,0.0821275018160059,0.515970649767253,0.00735311734391802,0.635819268544818,0.0346706780259216,0.506592752657105,0.00402213883973359,0.689394124824157,0.0552920520776976,0.51220763595422,0.00644766627132574,0.80066858934857,0.0802141324668961,0.512347040657789,0.00574718098662914
317,50.5,29.011491975882,0.672480174981655,0.0431247909862906,0.501171700637841,0.000309359315195202,0.652433764713816,0.0422941788715186,0.519967041349885,0.011113665446149,0.811127702969598,0.0784757373793003,0.519447439743384,0.0100990215415897,0.635330505498823,0.0335894897739854,0.50570792981402,0.0038945813670674,0.690072100743537,0.0550297281508485,0.514203989339903,0.00988166837629604,0.799415859580334,0.077262436970867,0.511980678842505,0.0054492538437481
318,50.5,29.011491975882,0.671275198672362,0.0418648682872698,0.502986064910235,0.00354794536640063,0.651204133712889,0.0424847699029592,0.519035755514648,0.0103727169021341,0.813087910522095,0.0760923727623744,0.519662579054119,0.0094313692303742,0.635304295375552,0.032805945009357,0.509432472275938,0.00964117822411327,0.688310859314721,0.0539687279585897,0.514573353227673,0.0105790497862103,0.800044166396744,0.073452617382612,0.511869618905919,0.0052804301345562
319,50.5,29.011491975882,0.672383574665214,0.0415264123549323,0.502862498292186,0.00353514407595872,0.651200582262068,0.0422591357520484,0.51785136011219,0.0121715483415718,0.815109075479727,0.0730533165935494,0.518495547820519,0.008664980427655,0.638136788720212,0.0328007903195884,0.506975777876462,0.0034792552567476,0.689270133647375,0.0529757803447216,0.509732426626342,0.00508603627182276,0.80511071042407,0.0701090515825444,0.514085561390061,0.00904312195095589
320,50.5,29.011491975882,0.6720006054517,0.0413828952105652,0.502737477377631,0.00326372461287532,0.651397655628198,0.0412761433075341,0.522092538853513,0.0145615635422839,0.815859187009445,0.0722156694708061,0.51744079755744,0.00901257141531688,0.638101110881813,0.0328935032217791,0.508107244195643,0.00411100312889701,0.68818554813131,0.0520643700240506,0.50925706870609,0.00494359247507379,0.806730635272363,0.0669289267579465,0.513517869019766,0.00846595480001348
321,50.5,29.011491975882,0.672387443218552,0.0416898756482385,0.501309639595794,0.000331573244549185,0.652067821569687,0.040532047125928,0.520254135119287,0.0135342393975389,0.818038521108048,0.0683088129764051,0.521913891003363,0.0101477613957356,0.637024306046788,0.0330848618612938,0.508229325127158,0.00526800791031829,0.689618752768677,0.0513026296225603,0.509402169889376,0.00625124611893612,0.808313561354082,0.0637113248556364,0.511827861113964,0.00558318401220867
322,50.5,29.011491975882,0.67160917526746,0.0428501443086124,0.501217979847275,0.000308594319979109,0.654285080480115,0.0402209894391391,0.518743747831103,0.0126250558152333,0.819541857412306,0.0693051733169748,0.52121174580892,0.00939299863213832,0.636078890063614,0.0342300573701611,0.507793573886763,0.00443417264004385,0.689260652707512,0.049620868887271,0.509253142740306,0.00611430808281013,0.810725544438104,0.062165442929947,0.51289017776857,0.00805391705603232
323,50.5,29.011491975882,0.670701047389332,0.0440222352619007,0.50131347944169,0.00106932935064433,0.654282048031653,0.0396794598799237,0.517329238741298,0.0117419897154643,0.820953976747148,0.0695106812388037,0.520289211261278,0.00915749212966298,0.633441990445949,0.0344559708668681,0.509170154039649,0.00732863965045684,0.689038791506996,0.0487940396423698,0.512068778697988,0.00844921268483217,0.809043087197583,0.0601927713417024,0.51553609038299,0.00716875445154309
324,50.5,29.011491975882,0.670386753494265,0.0452159877936247,0.502765575272946,0.00343866299996829,0.653938375636089,0.0390293681475429,0.517520219461734,0.0114157716649639,0.819937737273263,0.0680024136024004,0.518884279544403,0.00895635453743388,0.633981207553833,0.0348348882170821,0.509929212882056,0.00721703095878942,0.688409169845787,0.0473668783372491,0.509646483324947,0.00554775362463762,0.812759176205707,0.0589619891074879,0.5154064013371,0.00910588934018835
325,50.5,29.011491975882,0.670486068552775,0.0451995328435453,0.502558180138906,0.00298576089133692,0.654492505363579,0.0377176423939016,0.516239137918995,0.0104118623615998,0.821409882184529,0.0675372943740425,0.522069957782326,0.0106725947353608,0.635370366830002,0.0354370938325198,0.506661419773173,0.00199975829824533,0.690445736519964,0.0460989475769803,0.51220589444532,0.00846537699582448,0.814100235988681,0.0589230146929434,0.5146242594826,0.00877588991455688
326,50.5,29.011491975882,0.670075795213428,0.0443952342068629,0.504378114787515,0.0043476238141365,0.653180203666101,0.0359721228204382,0.513637219200628,0.00986661220065951,0.821637374815863,0.0656498206209695,0.526601989811906,0.0171883552063936,0.634185809480129,0.0352710560012505,0.508789889426211,0.00576556733489425,0.688348698466274,0.04470464329019,0.511247068329245,0.00800480098097371,0.816234430673421,0.0583952880785802,0.513869458891653,0.00798015769611005
327,50.5,29.011491975882,0.671001651414866,0.0436497498083283,0.502693128331292,0.00311676854393592,0.653907787145294,0.0350641635800352,0.515233689351845,0.0121745593190804,0.822473917510099,0.0629520396851211,0.526482549871758,0.0202305800533947,0.635653664741165,0.0349327625573419,0.505999445200423,0.00147519773790942,0.689432956153855,0.0438455546718268,0.512085946921562,0.00767721257085785,0.81728926072535,0.0567757358124774,0.514786085801173,0.00775163448461112
328,50.5,29.011491975882,0.67193290610024,0.0432120836674945,0.501236792185955,0.000370146727112422,0.65519332235139,0.0341087396103103,0.514131406625848,0.0111444214534156,0.822641824674045,0.0606089684640491,0.52919847307715,0.0205339532322342,0.635176415954052,0.0341073417118807,0.507253468681476,0.00339112648848405,0.688219454777391,0.0422277110575357,0.511388819447405,0.0071418257891789,0.818846929514647,0.0541687075438305,0.514432240533023,0.00728935133542584
329,50.5,29.011491975882,0.672257601869065,0.0423880372877551,0.502711941763918,0.00347487953411614,0.655559030788459,0.0334601157500273,0.511867218661043,0.0110453517774046,0.822224793906461,0.0601835502498647,0.529052733674874,0.0204449904274508,0.635004386456509,0.0332722838830698,0.512403342006387,0.00681444842518026,0.68651581727377,0.04006305974406,0.51075052623665,0.00700077803372511,0.818272183346473,0.0523368322096808,0.514779691830594,0.00750484908819216
330,50.5,29.011491975882,0.672710566567231,0.0415918093897782,0.502837237194807,0.00353866104300338,0.656361107154709,0.0316216917711484,0.513377904668317,0.0118968744605741,0.82032183031623,0.0586203662672783,0.527299061804655,0.017318833280614,0.636395333672465,0.0321095216137491,0.505292942373599,0.00113340468844445,0.692853385966796,0.0389073851667073,0.52116874849993,0.0136884357332193,0.812329385599542,0.0508617623182854,0.515664141372247,0.00931001555511665
331,50.5,29.011491975882,0.674223201697568,0.0411549748445803,0.501161625646963,0.000209662876818797,0.657467934769226,0.0303202648472921,0.515428119967866,0.0127125897689923,0.820165256785473,0.058616259194334,0.525545318037584,0.0171888026638306,0.639087418010461,0.0306140590576805,0.509131998627874,0.00515031347156713,0.689756355968289,0.0363751697114835,0.511441643128007,0.00750719168469457,0.820631069226285,0.0482111253604856,0.51488527042585,0.00869349431114525
332,50.5,29.011491975882,0.674870999262166,0.0406998207525983,0.501160942960827,0.000524673776216783,0.65783417503096,0.0287508347073215,0.519468599719819,0.0154844182333091,0.815172714485103,0.0618585295868651,0.524412182951482,0.0152415203268779,0.6397660652668,0.0294435009078868,0.507544105059045,0.00386677182741806,0.690810215133404,0.034489050623875,0.51487634531609,0.00807333485827317,0.819894957213177,0.0500202815731754,0.514292489563626,0.00834751801960457
333,50.5,29.011491975882,0.675484675738621,0.0399332739349399,0.503191997540614,0.00450562163729091,0.657278071560676,0.0275798218809008,0.514152581530135,0.0111382361470098,0.817398430034411,0.0626372020414839,0.522112770732547,0.0130900921139851,0.639643772077123,0.0291032458674468,0.505417082918333,0.00265092395238029,0.69303239592493,0.0334202701065737,0.519293342904821,0.0110913386755216,0.817163757449077,0.0510315185723145,0.513534290982189,0.00712228409478019
334,50.5,29.011491975882,0.675947729991716,0.0403026808867208,0.501726514115136,0.00199987107642418,0.658242870141816,0.0276781343628983,0.513130798028988,0.0105674089420259,0.814417410671757,0.0657509592000081,0.525218739491694,0.0174152743447722,0.640496194372636,0.0299121134329314,0.505641418649736,0.00258526282073664,0.69265586299693,0.0333499307598935,0.514702915941835,0.00712891050503272,0.819994308367529,0.0542312097922959,0.513092459080061,0.00675101008220717
335,50.5,29.011491975882,0.676386780204095,0.0415010508043328,0.50160474390724,0.00144401535496396,0.65778831515699,0.0278473689737196,0.51211808290212,0.00979634957728896,0.811120919178768,0.0686134474953399,0.524456391288951,0.0161580201862439,0.640759838723352,0.0308059028266587,0.505520671309973,0.00241237680509498,0.692954987365279,0.0335535553260619,0.513513076775452,0.00657059564640368,0.815281605005382,0.0597584211122157,0.516264523987995,0.00793128738712184
336,50.5,29.011491975882,0.677299992433282,0.0423256419677184,0.501488443387331,0.00133079424227625,0.65652574314018,0.0293877136702413,0.51241296976586,0.0094298733000349,0.808059331628341,0.0736331194127406,0.523569690368898,0.0145472925563314,0.640550121629918,0.0316714405866326,0.50579125677663,0.00280813719891791,0.691937883548928,0.0341754090938888,0.512963165517039,0.00599471537672018,0.814859867889798,0.0673326367234408,0.515556943827892,0.0124703496836572
337,50.5,29.011491975882,0.675936830057392,0.0430748940539161,0.501620018287409,0.00118916736236314,0.655189228794992,0.0315089738773659,0.511442462406009,0.0087093404113722,0.807085871091451,0.0754934337537933,0.522053181115897,0.0134819542447833,0.638730196660818,0.0323049377987852,0.507774794565726,0.00443518612596499,0.690200308968853,0.0357731700111211,0.512227653484065,0.00568181603163466,0.818582186264628,0.0718926104787291,0.511107432713382,0.00504372833399229
338,50.5,29.011491975882,0.673130315423797,0.0438988455146479,0.504888094891965,0.00435699308338026,0.654319417627194,0.0337818059468775,0.511026807756514,0.00852378150211828,0.806070011994054,0.0773834978615841,0.520730369145361,0.0115375193857452,0.639243664055594,0.0337245013083235,0.506062158155482,0.0027566551676559,0.690088385770725,0.0384457374408716,0.513035541436734,0.00632511225830196,0.818622433715556,0.0751579916365593,0.510866794015279,0.00440107648581492
339,50.5,29.011491975882,0.674275364363047,0.0452975120149244,0.503262257258186,0.00437764033369859,0.654811688833064,0.0357417002430534,0.510145518100704,0.00732161193119235,0.808410691393628,0.0768017868968079,0.52393475064789,0.0130437413354258,0.63793411071328,0.0342130239283327,0.507452409938246,0.00521978903283899,0.688656147967448,0.0411831822616995,0.512383035534472,0.00604832812883145,0.819354228658859,0.0767852284674926,0.510642341408704,0.00439855371275204
340,50.5,29.011491975882,0.674844638951887,0.0461587094581534,0.501469090264434,0.0010218276477915,0.656287016839131,0.0369989414274971,0.509484277448979,0.00780394745460539,0.811348929737482,0.0786213016262501,0.527846623691465,0.0152604540642982,0.63723244229904,0.0347778403476235,0.508275708022661,0.00588537137625864,0.688240120813879,0.0423685417208858,0.513380356294373,0.0065920782132147,0.820337259171137,0.077372845757753,0.509572071698758,0.00368515924738596
341,50.5,29.011491975882,0.675528310999518,0.0460585521065725,0.501438754107598,0.00106614295439812,0.656966376833347,0.0373509146680441,0.508993919726065,0.00721122147461021,0.813137692656808,0.0802691408732146,0.526660653650898,0.0143514467769318,0.636773326100322,0.0351161295343529,0.50866317630702,0.00497984935909981,0.687711394019382,0.0420167164287875,0.513909273207501,0.00638210306912905,0.818009814771203,0.0783988178363578,0.510994576669931,0.00554719859957582
342,50.5,29.011491975882,0.674958310684006,0.0465205095191737,0.501333084484532,0.000984726097086255,0.656719402912497,0.0374056802568459,0.508253867195225,0.00665438220846552,0.814952084747043,0.0815387347209691,0.525909565487541,0.013606240640896,0.636858728030467,0.0355625192138768,0.506706336807542,0.00453478783560532,0.689801654496604,0.0425709475712912,0.516239111139815,0.00754045623453066,0.818643248364,0.0789230729179875,0.510164105803128,0.0046405156599385
343,50.5,29.011491975882,0.673944761552597,0.0482271021417705,0.50130584558606,0.000879964257507256,0.656577361469432,0.036812748421247,0.507896278202351,0.00629036366081899,0.815317451017732,0.0841376770748941,0.52462892732626,0.0127205941789908,0.636040284704247,0.0373595907502312,0.504714503021198,0.00189915574026782,0.691034090021255,0.0422147606130299,0.520264283818386,0.0100414289581749,0.814140569116627,0.0794826953486754,0.50931162545279,0.00427823742041628
344,50.5,29.011491975882,0.6718287936634,0.0504509305713951,0.502843381909817,0.0034740807476866,0.656027391472177,0.0357744230913514,0.508246503500444,0.00597683519921684,0.813847993019588,0.087945578319998,0.523784658149008,0.0120849957389034,0.635249505483426,0.0391413818224867,0.504805693635347,0.00257272179556766,0.690660520290973,0.0414683537916774,0.51817449772352,0.00961730930301684,0.812392402765497,0.082394777331052,0.508801825329178,0.00402189443658477
345,50.5,29.011491975882,0.671595420234494,0.0537356495942408,0.501398647974657,0.00102992170041332,0.656435597737856,0.0349811614935396,0.507429525356851,0.00541685584129517,0.814155784996721,0.0917673474557206,0.524954777845414,0.0150199036713272,0.633335551080494,0.0410043504658776,0.506808842742392,0.00449579450029336,0.688422506171281,0.0410569487411943,0.51783399240346,0.00929804765747082,0.810854638780468,0.0844122189939978,0.508247050504935,0.00367489278849226
346,50.5,29.011491975882,0.671979851672517,0.0562155343923416,0.501564232956802,0.000887464518689045,0.655074564186774,0.0350118497058609,0.50724580206739,0.0050538025923512,0.813452375940054,0.0976620250026264,0.52377633498606,0.0143553161348114,0.634166364879134,0.0431883015518388,0.50547903154976,0.00303351252705897,0.686569417661151,0.0422396927000476,0.514622464815618,0.00803375454162175,0.812301226659206,0.091428541461332,0.508178559911786,0.00346529067366919
347,50.5,29.011491975882,0.67230171375667,0.0581400345611241,0.50157180854816,0.000851885944519588,0.652363158312565,0.0359955879707641,0.50680827432119,0.00454854939503068,0.805504418826457,0.102380507101257,0.531136756827292,0.0202744670450617,0.63417112634548,0.044649510296073,0.505253346337445,0.00296463869817941,0.683739725125787,0.0443068071714085,0.513740073894154,0.00747071412559395,0.811246420713385,0.0962047986422958,0.50785772946102,0.00302971896096668
348,50.5,29.011491975882,0.670246648511227,0.058620717476458,0.505308810075434,0.00544372239669895,0.64971355298137,0.0375280500586998,0.506019234238858,0.00420200360138507,0.810695430256104,0.108637182055814,0.522880875419369,0.0123267444682641,0.633708570793171,0.0450928287646758,0.506500021397997,0.00450454139861668,0.681306057809233,0.0475556666354036,0.512921273421345,0.00704344160289626,0.810931601136455,0.100558678611649,0.507514439785766,0.00299925427336101
349,50.5,29.011491975882,0.671394028331588,0.0596534286569233,0.501949912206744,0.00152180234245035,0.650412419610348,0.0394167907416071,0.5117573959815,0.0131090730283208,0.80868296531013,0.112394011874709,0.521124523112353,0.0116245669263136,0.632803588917204,0.045461625056736,0.506198512887449,0.0044868831823149,0.679503281649827,0.0497254405985751,0.512369426490342,0.00653244007408643,0.809355745146593,0.103433457631261,0.50875520612725,0.00444879186999976
350,50.5,29.011491975882,0.672434126795995,0.0606739264507425,0.502017310999795,0.00153480139370553,0.649303974152763,0.0410162464969741,0.510900629763155,0.0122073998057036,0.808442655605007,0.11396098891689,0.520185608916339,0.0107265913788182,0.633329730420139,0.0465295468818128,0.504588242946664,0.00221061464635042,0.679092599008563,0.051655160370168,0.512981625339177,0.00651424695941665,0.807795984383892,0.105241736625166,0.508583399845041,0.00426587394427545
351,50.5,29.011491975882,0.67258806567696,0.0601430264325223,0.501873879229298,0.00142455630013907,0.648743419409898,0.0430513325500847,0.510087066436159,0.0113417898395376,0.807653424978012,0.11514085996113,0.519033499963916,0.00987945338092475,0.634138184912657,0.0474525384368388,0.506202112403043,0.00488077588328039,0.676720781961269,0.0535552773062952,0.512455172358804,0.0060506966842847,0.806003197054558,0.10592917224167,0.508488346436352,0.00418112108263749
352,50.5,29.011491975882,0.671805956824452,0.059312539924983,0.501963732912595,0.00163624836953889,0.647894217210558,0.0439424066328338,0.509187002002101,0.0104613944951829,0.808875330602068,0.115554483833237,0.518327212383395,0.0089177184459086,0.633927816964505,0.0469754932266261,0.506107016944298,0.00497829285595405,0.677166163695543,0.0547707038293432,0.512598785247184,0.00635421422177791,0.806097013864469,0.107137016003838,0.508092953768302,0.00379379020927969
353,50.5,29.011491975882,0.67037600394746,0.0593860990404374,0.503432951909938,0.00323507582151076,0.646983640918599,0.0441250112357053,0.506983116310052,0.00775468023838939,0.810308325048758,0.116251202605812,0.518133264779143,0.00802545763381065,0.633075099827012,0.0462014498965568,0.507425861625973,0.00507256882560172,0.67581797397325,0.0549640667037219,0.512748712573759,0.00830622881028587,0.806617012893825,0.107613689274926,0.508011589633519,0.00349623563554643
354,50.5,29.011491975882,0.670117053590765,0.0588898014682814,0.505155286151513,0.00454758258215716,0.645415546970132,0.0446770004652159,0.509819078711945,0.0123835308231507,0.811316507870671,0.11631625039124,0.518271431335891,0.00866585738250945,0.633312939576993,0.0457200355186365,0.505810626383688,0.00409495052220909,0.67681289137964,0.0556763780782328,0.515163471112378,0.0107250088908082,0.806705393232442,0.1073523654376,0.507921683799738,0.00342815177882307
355,50.5,29.011491975882,0.671758742779242,0.0597730973212372,0.501970820034535,0.00140209182342811,0.646742266796921,0.0464416782155738,0.517170003285707,0.0124604728085579,0.811990911654865,0.115061756812475,0.516212846847705,0.00737994548821838,0.632364918076157,0.0452023706094252,0.503940921291444,0.00165871859543548,0.678913101394237,0.0577944170008329,0.519649641801241,0.0134638384420268,0.804644819215782,0.106252841855941,0.507668103565697,0.00279280365089255
356,50.5,29.011491975882,0.670769237299726,0.0593007522822841,0.503314980092479,0.00308535922521996,0.645725499682046,0.0475656504421156,0.51355003381581,0.00964807767843807,0.810535467197336,0.116369225217999,0.516117925579289,0.00672439626352485,0.632930767306222,0.04512689868279,0.505698521984135,0.00442204957129766,0.676963931104151,0.0584128389601719,0.514696076710064,0.00884336462389854,0.80682048149735,0.108146861469166,0.507615078846655,0.00307047483619943
357,50.5,29.011491975882,0.670730647281868,0.059478494699028,0.503340450154346,0.00349548541214311,0.645318449474148,0.0484183452755168,0.516357033449094,0.0130433115826487,0.809738889814315,0.117852871952287,0.514767260295033,0.00614611184450392,0.633182276775323,0.0455157495634625,0.504298551095282,0.00204964330962902,0.679191069207385,0.0610263680312733,0.515359568221809,0.008573632240941,0.804725641794616,0.10959052736843,0.507537354991015,0.00295500513006253
358,50.5,29.011491975882,0.671953876563836,0.059486375082471,0.501826732290377,0.000930146156648853,0.645942330966798,0.0493078781203642,0.515965603288449,0.0125330638427134,0.806608431188614,0.118937431058127,0.515855085788313,0.011260083572131,0.63210809074969,0.0450752122084848,0.506806716010134,0.00557598951215999,0.677909634140935,0.0625046150499649,0.516932941810392,0.0144322994909008,0.798949787769309,0.111086100677725,0.507949428444676,0.00303908953737801
359,50.5,29.011491975882,0.673541735399119,0.0596150951729409,0.5034073214605,0.00349219589305701,0.644261716567566,0.0501246734498286,0.512017169135374,0.0116991035644873,0.796219405572391,0.118947470947663,0.522147870886397,0.0194112580881009,0.632488193986107,0.0454867565102751,0.509253905325266,0.00432939786155403,0.675412044862648,0.0631135792132608,0.513935639087368,0.00759398453884287,0.800228058881668,0.113272514617759,0.509754965096605,0.00473001215602255
360,50.5,29.011491975882,0.673030301512429,0.0592858367184545,0.503440521485267,0.00427976148973211,0.645655953869787,0.0511130173956924,0.514658144229974,0.0140088683678833,0.802773007322895,0.11820016860666,0.515553100938156,0.0108026713093585,0.634327924389141,0.0463165764691328,0.504371354457887,0.00242672035968878,0.678199371584716,0.065335250509087,0.514981163909221,0.00869594422167718,0.798723597342337,0.113085259254352,0.510519235424791,0.00501797145389498
361,50.5,29.011491975882,0.672839436960347,0.0596069425502808,0.503465519824218,0.0042918417965862,0.646555336355443,0.0518658266261992,0.51608204620822,0.0128136029846075,0.801184180444154,0.117166229360275,0.517192214155546,0.0137713541754179,0.634283577150321,0.0466268150057974,0.505716229124545,0.00459887862518019,0.677389871602436,0.0656237614582349,0.512272302198379,0.00837272948736585,0.798310367791699,0.111558492852627,0.510291241838236,0.00486175283859188
362,50.5,29.011491975882,0.672850215497369,0.0602254250847813,0.501853426266482,0.00161920603967889,0.648684044009653,0.052329900075208,0.517265391066394,0.0151335860878183,0.800790755833065,0.114162566655128,0.517152932416767,0.0127999936768324,0.63303152247245,0.0467151615179188,0.505686914883419,0.00458382163824042,0.677556280215574,0.0652439090757535,0.513743250436198,0.00820437253617188,0.799797856172694,0.109194493327259,0.5095376940392,0.00451740372497895
363,50.5,29.011491975882,0.670787944510177,0.0603487102447377,0.504736910583163,0.00524797698402878,0.648055089819318,0.050078643429726,0.514905143520683,0.0140468844931007,0.801852116982174,0.111281774959113,0.517532917903306,0.0128021886425805,0.632176296813849,0.0474429748311663,0.504244666123433,0.00183483601884355,0.679835482167483,0.0637321849907511,0.516968940011199,0.011954162011719,0.797897201485074,0.104983169408744,0.510509670454011,0.00529234951922836
364,50.5,29.011491975882,0.67163442273639,0.0615657613647593,0.501729192169385,0.00144464459819789,0.649669443260716,0.048458461051628,0.518495301172759,0.0182055523397774,0.803625941410245,0.107175593067492,0.515981428988945,0.0109375773299575,0.633340401962202,0.0482211637603296,0.504812119112216,0.0028954412838459,0.679403373178978,0.0613745647700666,0.512392846168017,0.00668098318830608,0.803783632327543,0.101399249014659,0.510195916105178,0.00477766866980488
365,50.5,29.011491975882,0.670646681575596,0.0610458730841537,0.501771254589654,0.00133174808624111,0.649323429472083,0.0458770934035162,0.517591005227044,0.0167026956996369,0.803691215047957,0.104101508135586,0.515536767718948,0.0101121895271843,0.634416898536383,0.0496147004929332,0.504606726405658,0.00273621275774323,0.680047331263745,0.0595812575234782,0.511871140064482,0.0061108872044413,0.805690512788156,0.0969184759593463,0.509977106975139,0.00447794762855133
366,50.5,29.011491975882,0.668962030153376,0.0604200332664543,0.50321006443659,0.00338014459122603,0.649709236275693,0.0439822048052636,0.51649723518958,0.015437227742626,0.804198017048497,0.0988005468575588,0.514804929762933,0.00994370425878831,0.632079116464601,0.048768335545316,0.505484196850718,0.00382295599645343,0.681457539648397,0.0580589454153136,0.517373014765606,0.0116774115547135,0.800995564264376,0.0901323129918444,0.510136015800602,0.0044800919356114
367,50.5,29.011491975882,0.666664736776397,0.0590795177379878,0.506075679540687,0.00474153364206262,0.648442308394201,0.0417397065467437,0.516202334475907,0.0179439959977613,0.804989275288728,0.0914245447874552,0.515325068152036,0.0101896039704637,0.633443401683135,0.0492332613977544,0.504819812045741,0.00334514424626875,0.681826151502894,0.0564278648939342,0.511716599167044,0.00688358749555173,0.80791194904479,0.0862373900494123,0.509703478726894,0.00407714014336891
368,50.5,29.011491975882,0.665900240597014,0.0586655681310921,0.504665858872993,0.00421761664524176,0.649516691279692,0.0408855061300433,0.525077690582864,0.0223909704621105,0.803877353469775,0.0883934312998503,0.512937519794376,0.00876561825892729,0.63006605800596,0.0482718866935234,0.505814044161237,0.00351881368332235,0.68298589767778,0.0550595139655587,0.517196968095629,0.010899031560272,0.801242503610257,0.0827081470687161,0.509528295713188,0.00378935590100993
369,50.5,29.011491975882,0.66649848368288,0.0597256274055026,0.501523530782734,0.000950746114743142,0.650582470339046,0.0409410946269104,0.523182404484,0.0195520183756664,0.803503564181888,0.0839617396878006,0.516415678939246,0.0151221036348942,0.630976068912381,0.0494678915683294,0.50541320684166,0.00384164747840754,0.682297852855467,0.0540263132154695,0.510220082131884,0.0058908675203171,0.806754162292297,0.0802323476182864,0.510438072536881,0.00567231428054876
370,50.5,29.011491975882,0.666058279406454,0.0599157898482664,0.503004208859702,0.00396323008978033,0.648626996279386,0.0401319286653742,0.522086906958786,0.0187051320163722,0.802378455489888,0.0812877098157905,0.51642928178925,0.01401086297749,0.63057306178752,0.0495894667062191,0.505090656010913,0.00359873424330266,0.683456596725225,0.0531818347718863,0.50978009772006,0.0054692679589755,0.806947540963501,0.0775240845532219,0.509959452639402,0.00521223617629452
371,50.5,29.011491975882,0.667040970986834,0.0602119608346659,0.502943514855982,0.00312398086144281,0.647806474771493,0.0401594437822913,0.519619727147784,0.0202426096503252,0.802790024135966,0.0814829880921133,0.51568708436167,0.013064138029074,0.629695798485008,0.0490323890827586,0.504974748844433,0.0033756168913136,0.684750915529364,0.0526585732289816,0.5129467667579,0.0103321437582783,0.800496445372148,0.0753190501197797,0.514634027351996,0.0114051052618978
372,50.5,29.011491975882,0.66752282982947,0.0591410976832085,0.501434773863851,0.000786397609139103,0.648035383305307,0.0401818733256444,0.521726278613367,0.0189359315289057,0.802909369048749,0.0827275298135376,0.515325160024891,0.0120073331438091,0.629916011706481,0.0480077142793958,0.507010657510257,0.00548451452402877,0.684101954590522,0.0522326201470435,0.508341721449851,0.00477216163854428,0.805906227318523,0.0761731512488587,0.509327753461843,0.00427946584024109
373,50.5,29.011491975882,0.668277399064626,0.0569161690438312,0.501397399822944,0.000772148590503196,0.647370251705895,0.0401764291800986,0.520146510874427,0.0175731365897311,0.803421386350273,0.0838771092998744,0.514613486973085,0.0111381900300031,0.629923170578769,0.046380895147476,0.505440087879267,0.00330612032748631,0.685949634328765,0.0520496126632011,0.513312414060864,0.00846179495224313,0.80026573203004,0.0756004713228546,0.509074614911872,0.00401993884384977
374,50.5,29.011491975882,0.668191130115673,0.0545145700064261,0.501391563694761,0.000787916093869065,0.647666675830926,0.0398009712392473,0.519087896130134,0.0162836490055261,0.804744710699705,0.086326394617579,0.515341178698433,0.0104510609487336,0.631247191694133,0.0451971469764378,0.505902557513648,0.00317824160317442,0.684649114130869,0.0514582856094752,0.509356227757867,0.00496559794081154,0.801567407878265,0.077066088942141,0.508624684000782,0.00340801400003158
375,50.5,29.011491975882,0.668618172269839,0.0515246268549124,0.501425653904726,0.000925679348542577,0.647632648960096,0.0394204094493347,0.518073485888088,0.0148308238238039,0.805234261318286,0.0887497902326475,0.51507773042183,0.00950915375358551,0.630736447102619,0.0430048049303302,0.508699289928815,0.00473920849006827,0.682887073913551,0.0507084664421237,0.509261987973139,0.00467486814151039,0.799495839014715,0.0788156172309646,0.508483856624162,0.00333046744358199
376,50.5,29.011491975882,0.668075216662302,0.0484687119770097,0.503096927778845,0.00362803665751442,0.647966784610647,0.0402115654367668,0.517114767143233,0.014088454011602,0.803118352688376,0.0926569289621174,0.515285008150954,0.00959605351724724,0.631219072816656,0.0402714935718527,0.509621878078693,0.00562273053269998,0.681847483724257,0.0508321316754665,0.50871614024755,0.00452986646822552,0.797947063431712,0.0796251576139576,0.511484826740802,0.00705152676580158
377,50.5,29.011491975882,0.668629324607993,0.0463502696086668,0.501364098631845,0.000935353744266757,0.649763050459949,0.0407414470567338,0.519720690425507,0.0152758391919086,0.801249232741784,0.0943219069705022,0.514606454621023,0.00824142450798641,0.633368592295144,0.0386285123839865,0.508291799110759,0.00540951934357834,0.683486383521585,0.0519058181953488,0.508344682906078,0.00413498437142735,0.795436867438628,0.0807922151819187,0.512604456890958,0.00676392677848072
378,50.5,29.011491975882,0.669431717910939,0.046089288952625,0.501360196487019,0.000943471982250653,0.649581144822998,0.0410339395171214,0.519458086790937,0.0149333900048631,0.790643137685683,0.0947441836242487,0.52229371803193,0.0170161369008083,0.63382493852673,0.0379137425919363,0.505067765789258,0.00234128219699468,0.684356259868197,0.052953282172999,0.509352207556737,0.00700171432452659,0.794168680329135,0.0821513259216656,0.514369798969741,0.00678265846596461
379,50.5,29.011491975882,0.667064000049912,0.0457525160158615,0.501987859294928,0.00186019759065239,0.650279653584149,0.041085954734608,0.517698496081105,0.0132641624186021,0.801406910479287,0.0967259508738335,0.514205843327677,0.00741905289474276,0.632320231195841,0.0373514434718639,0.504874074721879,0.00235203493312666,0.683847550088347,0.0533239353327449,0.509207131033816,0.00653407180385372,0.792463607317726,0.0850150036571117,0.514036870642657,0.00633174959943689
380,50.5,29.011491975882,0.665118388588564,0.0454061534146582,0.505161129189257,0.00424584183202242,0.648893688963496,0.039852197890942,0.512324980502621,0.0105458588120821,0.803603425362253,0.0979756149303307,0.515252582369487,0.00781913530530117,0.630991739409391,0.0370650934201147,0.506044105722371,0.00370169296846975,0.682604370271987,0.0527410340863394,0.508752007973296,0.00617750787435917,0.790021475023006,0.0879076459451934,0.51306498331473,0.00598285381684487
381,50.5,29.011491975882,0.664694680556957,0.0456147740202317,0.503944141617562,0.00354676767750887,0.649453842416654,0.0392672244094431,0.52121797596639,0.014908426541325,0.800280306343138,0.0988210787423432,0.514417932557523,0.00671454418459094,0.630534933233959,0.037142751140062,0.506065298243581,0.00406584204004633,0.682506473706985,0.0526809525406647,0.510129349759424,0.00846103071349123,0.784768118463014,0.0894076168015527,0.514152921725775,0.00728666625355711
382,50.5,29.011491975882,0.665464473625696,0.0460688220975185,0.502026559453413,0.00159955697944559,0.649955892416427,0.0386344070783218,0.519342521634144,0.013861075075293,0.800200525616592,0.100991944132065,0.517882517625509,0.0100273136353032,0.629303697144467,0.0367289761687458,0.507927240777692,0.00516535991484417,0.682000347579704,0.052648795355327,0.511721163162459,0.0128700312595781,0.783408744339074,0.0914219460567292,0.513393180453954,0.00639869696296111
383,50.5,29.011491975882,0.664707773183483,0.0465267527462166,0.502922425702978,0.00358602589443412,0.649149358755941,0.0377978294803896,0.518105216579709,0.0131233455132377,0.800686170382994,0.101815291145324,0.517687312884371,0.00938983032325669,0.6293752409904,0.0367403645782095,0.509753290159339,0.00509583971621142,0.680279183351962,0.0516556478490497,0.510133091396383,0.00751850892510737,0.786370580264651,0.0970000113126706,0.51273471044444,0.00633482738950136
384,50.5,29.011491975882,0.6648245568983,0.0470753998820056,0.501832220422152,0.00154988053965261,0.650078647269897,0.0375785637675797,0.519309699286127,0.0142410061142031,0.799847451315275,0.104459300531697,0.516944010356765,0.0092211705503696,0.628809663387692,0.0366647783339423,0.508864445230686,0.00751336845982129,0.682554338721088,0.0516550174408037,0.520146932513402,0.0153235773911767,0.781269669230573,0.0986761748000543,0.511479072151507,0.0051527826113139
385,50.5,29.011491975882,0.663246369111826,0.0462918747105398,0.503551148043114,0.0035011952357359,0.650940249709929,0.0366984011565793,0.526198558395556,0.0210693085937455,0.789618895458488,0.104407689187747,0.51810454084546,0.0108562762038697,0.631869638940821,0.0375945623926066,0.507260246730914,0.0054116004195545,0.683489167276121,0.0503225602325964,0.515832934571242,0.00975963664272346,0.78749712039886,0.10144217830788,0.511529400446754,0.00571393145944192
386,50.5,29.011491975882,0.664503317666291,0.0474702283449582,0.50228586896428,0.00229831527503207,0.652593510514084,0.0345027006545806,0.517127873139418,0.0118324493739703,0.799261090710183,0.107409827745281,0.519198274321853,0.0144142223879431,0.631519606579019,0.0382300804027369,0.505608087115894,0.00308631947949637,0.68627665623336,0.049305466425315,0.520053102759773,0.0118329213866908,0.783748660067264,0.102266783896834,0.511075600504802,0.00521589014212419
387,50.5,29.011491975882,0.664090260210569,0.0486265020068499,0.505388698227945,0.00493225689653125,0.650455018423596,0.0324263093418937,0.515852826584278,0.0111084003587493,0.790384123795167,0.106357559052903,0.526541052528433,0.0258644364903879,0.629833920797238,0.038796437036538,0.508596051437849,0.00635338405745256,0.684770281578393,0.0467722182030473,0.519325808886242,0.0111212159204278,0.78286226300862,0.104260954804233,0.510528093603893,0.00490862859349667
388,50.5,29.011491975882,0.664665061407263,0.0494035692883617,0.502595868530975,0.00268871040075081,0.652148796641378,0.0319808782514039,0.517366895763256,0.0119660631059297,0.800526374547473,0.107223904294321,0.522237140568239,0.0123686039385369,0.630861973333753,0.0388104072155431,0.507821713872678,0.00535834525588187,0.684813152432834,0.0448950595872531,0.51741079710383,0.0104049517089344,0.78737564219122,0.103952701664219,0.510529560832745,0.00465985904423254
389,50.5,29.011491975882,0.664917218144287,0.0496470194388528,0.502390000041906,0.00234140105098242,0.653198661753231,0.0319794639793931,0.516200597700806,0.0115077313603657,0.80347219957828,0.103820711493606,0.52166022629477,0.0108755520475492,0.631511643258143,0.0395094960907431,0.506017864237799,0.00336540501671933,0.686398594023131,0.0444174122473853,0.517983619884518,0.010495384628248,0.78890686388207,0.101132571806128,0.510308527640802,0.00428540390366894
390,50.5,29.011491975882,0.664453917598835,0.0500470062666773,0.503689131903584,0.00344212118649012,0.653551014141729,0.0324211531028243,0.515294205874469,0.0111380590897929,0.806146355251461,0.0996638001224362,0.521599527043312,0.0104410914050613,0.631440268333533,0.039704152915693,0.507321063928087,0.00363893504836976,0.685759808151323,0.0442589869260038,0.515817008795826,0.00993868545351862,0.791480013939739,0.0975700780295171,0.509797758002024,0.00399668404147259
391,50.5,29.011491975882,0.666005814824534,0.0496648486549568,0.502512938394043,0.00204195437788687,0.655032192942633,0.0319302062726885,0.517050770468657,0.0135043279310628,0.808799055771599,0.0964001366903345,0.520490990834438,0.0100011978962587,0.631393056474323,0.0389292128015332,0.505647400767443,0.00300445886417747,0.687917532010961,0.0445141224970659,0.516643193713884,0.00921956412602412,0.7939592069503,0.0917934603854588,0.509685020805302,0.0035306663811633
392,50.5,29.011491975882,0.66618967800587,0.0487941533519145,0.505093413110374,0.00411148128716813,0.654138243323422,0.0310423825993387,0.514433710351907,0.0148128182792552,0.813100147977206,0.0941856113020552,0.520652709460957,0.00883412909952056,0.629697920592075,0.0378435988978562,0.50636842893239,0.00364244236443261,0.689051641559571,0.0441357483804782,0.519391256464162,0.00910937812160049,0.79445125461335,0.0857832504405218,0.509587259179026,0.00338054570931524
393,50.5,29.011491975882,0.668777265632149,0.0474137024064343,0.503690473101692,0.00332942177804501,0.655111759334791,0.0305811061107365,0.514302351470941,0.0115377036369212,0.812370274800287,0.0915784908435788,0.523667948143873,0.01191812794203,0.631028508127438,0.0360117297491721,0.508592529890554,0.00465869564232906,0.687391683591863,0.0432714670442965,0.516431155886641,0.00939358145187785,0.797921956759362,0.082955851943822,0.509432905349204,0.00365243053160636
394,50.5,29.011491975882,0.669192707163369,0.0450606546436501,0.50399381519618,0.00412128979519931,0.655715199327476,0.0304084408624017,0.516417858062725,0.0152362684820939,0.81093068072131,0.0930416304192234,0.521696687734654,0.00949463577881855,0.633828694228899,0.0346846395919378,0.505725593468004,0.00287644618760144,0.68982189475291,0.0435018251615334,0.518707166911247,0.0129111228440678,0.79754467393909,0.0812418484460671,0.510053214060553,0.00400138414938012
395,50.5,29.011491975882,0.669623342925773,0.0421762051303554,0.502381068163214,0.00145503282535252,0.655868486001576,0.0307951547476061,0.51991179331099,0.0138692635624975,0.810361128975792,0.0958762623580131,0.520472948130716,0.00855108149734201,0.634186034540601,0.033221678566519,0.510474709610177,0.0061667088780188,0.685974805014815,0.0429123920891078,0.514165042093584,0.0090561105064822,0.800679781103678,0.0832009481505908,0.509930267515873,0.00400499132318193
396,50.5,29.011491975882,0.669605737281314,0.0402288340735663,0.502209792831981,0.00133653201274933,0.655744072825019,0.031954278071896,0.518547854119429,0.0130014508469488,0.809731680391989,0.0951583324321389,0.519567960890293,0.00761757282320578,0.635846734505464,0.0328799586360883,0.505661793330866,0.0026403965092602,0.689851611157087,0.0435639354202582,0.516659823977136,0.0126742855564874,0.797307202450011,0.0839000131155854,0.513145295735803,0.00738315840882661
397,50.5,29.011491975882,0.669646495298739,0.0390031027595632,0.502047420959648,0.00122609717196227,0.654633085205352,0.033323133210084,0.51795196527657,0.012074210850386,0.808004041439857,0.0951295051322347,0.518788798117221,0.00681387256791372,0.637128599149825,0.0323768756793471,0.507559507947114,0.00382187554992598,0.686725350368941,0.0431271550169715,0.512928984082044,0.00786057351330112,0.798851942029657,0.0878905288150675,0.512726882691433,0.00684694586376156
398,50.5,29.011491975882,0.669555409036982,0.0397386275075848,0.50199338647006,0.0011215177706888,0.653596676602115,0.0354744394971731,0.516666680975697,0.0112651542975714,0.805783738228495,0.096856920074431,0.51928935925544,0.00626693353120695,0.636514041466619,0.0316877063577266,0.507176236861726,0.0045710211896982,0.685253518579653,0.044845746855422,0.513768270062508,0.00781908671695071,0.798232164589767,0.0907130651340559,0.512075633155111,0.00659120043486255
399,50.5,29.011491975882,0.669942864618664,0.0412384703241862,0.503392235638792,0.00310560197471836,0.651362412548446,0.038171403993173,0.51249975960348,0.0111336620657761,0.804124841201603,0.0999278877315447,0.518958796207956,0.00519179962183149,0.636912409960482,0.0321267932270076,0.505534808458992,0.00230862529020572,0.684019499552518,0.0479480600767465,0.514021095585182,0.00847916638348434,0.796997969390657,0.0919611514959181,0.511171446185587,0.00586628324637079
400,50.5,29.011491975882,0.67053988480493,0.0429731559326532,0.502058532081773,0.00112369901279489,0.650331277076966,0.0411420213005537,0.516658895793033,0.0118149378871261,0.799960698453972,0.100820045927648,0.517748849293986,0.00523806095890052,0.637257480100297,0.0334652894161088,0.505291180991737,0.0020707920663995,0.681823707688901,0.0509843949671299,0.51341590115165,0.00784455962127467,0.795335927136437,0.095511238906309,0.510896531982888,0.00541472787558651
401,50.5,29.011491975882,0.669764246948217,0.0438025318695544,0.503366638628977,0.00412344798205799,0.649275651724215,0.044473858570287,0.516073546206476,0.0113043914596731,0.798128945801926,0.10432737235244,0.515980141066656,0.00516600116203158,0.63565223270659,0.0340097640749867,0.507876134597384,0.00529521607704252,0.678970533542064,0.0544600611804682,0.514158274248076,0.00915941226521576,0.791004715443463,0.0984796216181171,0.512433869405985,0.00792678440854334
402,50.5,29.011491975882,0.670264393055166,0.0443945432025153,0.503113566823311,0.00305396479085267,0.647420272319438,0.0468712646753849,0.512674961562586,0.00992441666532035,0.797436467367024,0.105219995245335,0.520960713812462,0.0100610891640326,0.635293731047804,0.0343603543290279,0.510996720415177,0.00719653602197289,0.676063554106262,0.0566466963735842,0.511272157510123,0.00707420153150374,0.793196749784524,0.101540480913494,0.511142849127295,0.00701278885944024
403,50.5,29.011491975882,0.669811125259179,0.0445481142512448,0.503309209499036,0.00427154642121946,0.647139029237048,0.0490817875648495,0.5157283422754,0.0128251297142037,0.794770482971532,0.106318363395859,0.521282658211007,0.0113507939617599,0.636487759106543,0.0342178727657572,0.505137015746678,0.00235232993171621,0.678651092360251,0.0604749043307589,0.518669535854652,0.0124340965465962,0.789145771834659,0.100837201979386,0.512962293519177,0.00808454924851237
404,50.5,29.011491975882,0.670060868023602,0.0444682259799727,0.503277585385012,0.00311924398069945,0.645981976606434,0.0504468454413886,0.517630837010011,0.0135151748746722,0.795738186650322,0.107344710857893,0.51985285839549,0.00831257063238931,0.636478503687861,0.0344558206129422,0.505253341846529,0.00246061680879572,0.677445783152171,0.0622766840785369,0.517422200991833,0.0106828271648892,0.789555790990687,0.102247471653308,0.512710425084037,0.00668500709465265
405,50.5,29.011491975882,0.671346569680186,0.0442704557879711,0.50167659034699,0.000771568341842312,0.64591388352216,0.0516000546454507,0.520578844053435,0.0116307548323758,0.793122843457739,0.110095290890133,0.518866908483519,0.0075829431242353,0.636919551392098,0.0339971621065242,0.506744249186499,0.00491468781645457,0.675442770862658,0.0637957897729588,0.513675676535993,0.00818556009317261,0.791494297215944,0.104320127612811,0.511292480018569,0.00648292931900588
406,50.5,29.011491975882,0.670542121382431,0.0444717797109828,0.501692257864196,0.000697185083302126,0.646498785613823,0.0521523459718498,0.519124146185801,0.0108611677081439,0.790648793108878,0.112470473269495,0.518559281237272,0.00641805629800343,0.637103022390797,0.0347160989627254,0.505616774143649,0.00322028619415543,0.676907844201158,0.0647717603504508,0.514320982913286,0.00974406532588526,0.788711414950112,0.10625908375638,0.510909650309606,0.00598736974092764
407,50.5,29.011491975882,0.670508227404841,0.044679765817071,0.501640805882876,0.000620315587281782,0.647265241958562,0.0523409458026386,0.517734264767619,0.0101183923835526,0.790836115818037,0.11496065033294,0.518102872573916,0.00579197350048459,0.636235610414923,0.0348878950253359,0.508480293215927,0.00506061672022217,0.675629096827938,0.0639497360390976,0.513062816850311,0.00859237646202404,0.787722818440489,0.108920962094805,0.510787288394976,0.00571808827737466
408,50.5,29.011491975882,0.669892863213927,0.0444688945686004,0.503252060387458,0.00358794251949913,0.646909005901386,0.0519500740453019,0.516767106766129,0.00968349377684218,0.792491557011247,0.116830519029755,0.516888066505968,0.00609839661381262,0.638508063463089,0.0360448151832445,0.50516379649289,0.00270250641712339,0.678392024520071,0.0641039451795104,0.513786959441583,0.0092301922699528,0.788788084452841,0.111128362228255,0.511750830522793,0.00601580783190752
409,50.5,29.011491975882,0.671151044054415,0.0448782527678205,0.503134055480013,0.00392729870388471,0.647778968311795,0.0504349608729602,0.513856110632587,0.00779189003864802,0.793743482016331,0.115880344163665,0.521121418885876,0.00844059532271199,0.637758686869904,0.0353233082800894,0.507981026336666,0.00753163420354563,0.67737993453092,0.0625685936140919,0.512781420775071,0.0089827790965076,0.789956346512361,0.111903306043787,0.511592010597394,0.00592380008670181
410,50.5,29.011491975882,0.672625738229221,0.0439098560245417,0.501568254482804,0.000591334206879543,0.649092856402763,0.0492590268986274,0.517703975355978,0.0114118842695764,0.793915933907282,0.11575298057826,0.519156779810066,0.00730118117437368,0.640146783539897,0.0355082305233942,0.504574905758893,0.0024023610559324,0.679718862882529,0.0614033415725629,0.513696181778181,0.009543469893562,0.787505874537492,0.110228214543453,0.515832162495651,0.00753337716645735
411,50.5,29.011491975882,0.673852712637214,0.0424552951917722,0.501559279367105,0.00057403718365136,0.649563347659552,0.0480531047542327,0.516893544428078,0.0103912601074932,0.793404399235098,0.115773995726573,0.518602502818614,0.00705711118628994,0.640315058530401,0.0340699683172886,0.506356523009076,0.00457008334076239,0.679904050985918,0.0605017739117359,0.512447729778705,0.00949088926633435,0.79049186949311,0.111121319884928,0.511695084123525,0.00562137431601932
412,50.5,29.011491975882,0.675292308797994,0.0404630794671367,0.501591771991478,0.000567272960693193,0.649345097648142,0.0473776170947571,0.515998823525283,0.00967668831314303,0.794461362166708,0.115799021904771,0.517735513177066,0.00632911062259917,0.64022470592691,0.032348578985049,0.505979041461793,0.00462327428427394,0.680429134548864,0.0601212234887169,0.515436083139536,0.0116011004261479,0.788649775446394,0.109838304137342,0.512554442509422,0.00790850696265676
413,50.5,29.011491975882,0.675685548325997,0.0389016547203261,0.501665360094659,0.000627870843203703,0.650920324438702,0.0481965483531743,0.514791819065326,0.00905808310864359,0.793700739718052,0.11546619641147,0.516846566090583,0.00594477051751358,0.641155901363371,0.0313282595377574,0.50674058498173,0.00425151008998339,0.680172859772299,0.0604810657489927,0.509965229974108,0.00638383766274019,0.790550296534444,0.109746602789827,0.512946665506516,0.0101772185576903
414,50.5,29.011491975882,0.676653687175551,0.0369520265384722,0.50160782515617,0.000605180902581473,0.651088757198484,0.0481301575638723,0.514079337757679,0.00851854718807719,0.792873729168593,0.114798031292042,0.516224948774182,0.00525692394237913,0.638777824124158,0.0301010757116741,0.507417816476015,0.00459294337843027,0.680966767365104,0.0605295410540025,0.513331556657022,0.00899418657661125,0.78800528844857,0.107805712694821,0.51168871276273,0.0094081324487367
415,50.5,29.011491975882,0.677058647873917,0.0363693742506577,0.501689505770656,0.000683470101256144,0.65210246800229,0.0476025999155591,0.512974565578981,0.00793255089205889,0.793125175773839,0.113767359304605,0.515929789971976,0.00520806696471049,0.639849278898702,0.0298663457528142,0.505379562097087,0.00317900936641071,0.683795913292563,0.0601017726599199,0.515066029011218,0.012235540254968,0.787721137393106,0.105692025178467,0.512378756589632,0.00870800481375729
416,50.5,29.011491975882,0.676756322834235,0.0364737620939964,0.501621271387622,0.000649096682061333,0.651574642303614,0.0463805217655407,0.51193614679203,0.0073700368302611,0.792956603657815,0.111640473143316,0.515476238291482,0.00529463944136712,0.639750802333982,0.0296845064502534,0.505466020618859,0.00325384608127816,0.683550997429896,0.0582532662225131,0.514334749328486,0.0147933124661375,0.787577640376285,0.102643635918164,0.511655318755527,0.00771451491991225
417,50.5,29.011491975882,0.67722711972961,0.0360945843324154,0.501544628722362,0.000608340906310686,0.651038403361616,0.0458435602174354,0.511370930234736,0.00691843485906859,0.793562685841745,0.109109106688132,0.515289910336734,0.00479732164083225,0.639528338388303,0.0295789850329887,0.50713673191275,0.00589816711007652,0.681988537576545,0.0559099321889146,0.510545356260077,0.00810383105233765,0.790762817255796,0.100228821884466,0.511014841202203,0.00750190480746763
418,50.5,29.011491975882,0.675488207786202,0.0367468299978395,0.502905588652237,0.00312928696256261,0.649977211750244,0.0453326348451547,0.511544261311755,0.00678393022850944,0.794183832190545,0.107781938584518,0.514605048172683,0.00457801741007632,0.639853149484215,0.0298422617258913,0.506025473079707,0.00312478461213856,0.682628485190516,0.055861924974796,0.510003782097679,0.0074260744862366,0.791192588253842,0.10028918114438,0.51171056020315,0.0071718762343873
419,50.5,29.011491975882,0.676729111653673,0.0377415196982922,0.501563365619041,0.000806747904552617,0.650808957318078,0.0450788137746476,0.511350138655589,0.00676230340436671,0.794111239834553,0.105822882272334,0.517098736782481,0.00917284929572934,0.639943513590809,0.0297547581676834,0.505918574894489,0.00306912225025096,0.68454309342429,0.0554457980477427,0.509361592780052,0.00687185032226745,0.79207440243079,0.100733825933578,0.511154584225046,0.00675953275917001
420,50.5,29.011491975882,0.676652001983478,0.038753729233069,0.501487662741979,0.000768922616926706,0.650390351048804,0.044983582349195,0.510379380102203,0.00609643475714524,0.79537143258789,0.102464923697968,0.51724895237163,0.00873717047388344,0.638833082963508,0.0289915123253001,0.507303147730018,0.00399940461413914,0.683254302807199,0.054465980433928,0.50894119040452,0.00654740852560727,0.79392037465897,0.0985942386688832,0.51039860871019,0.00635503227232753
421,50.5,29.011491975882,0.675202478640025,0.0395131496511349,0.50154732784609,0.00122528725538458,0.650481717515048,0.0444392173743177,0.509564837514542,0.00577917943468166,0.795862922705218,0.0992517706909566,0.516492548478993,0.0082788694626159,0.637362165755016,0.028631224000913,0.508176673617359,0.00463628966981478,0.682513689810152,0.0522915345292571,0.51329662445303,0.0096042281052123,0.791728658898756,0.0945609070282281,0.510682235948028,0.00646116495439072
422,50.5,29.011491975882,0.674339077985782,0.0405276320646958,0.501462859218886,0.000846149288794715,0.650241539779856,0.0435836815004695,0.50922361963665,0.00641233253649044,0.797340775510917,0.0956851261751706,0.516200033255423,0.00733438311695077,0.639102832195054,0.030388165660239,0.505868766248057,0.00257250531707998,0.684329352136193,0.0510576319316868,0.511825559308658,0.0100394298543746,0.796443543933028,0.0926762964652024,0.510398827577808,0.0056899253180309
423,50.5,29.011491975882,0.674312261116942,0.0413819677456252,0.501440691367414,0.000784870822527444,0.650038426140275,0.0429015845412898,0.5084497419683,0.00593006576538577,0.799041557743754,0.0926265205045683,0.516325117552091,0.00773032009337175,0.636092879333511,0.0312833303773544,0.508124717081884,0.00673391117286496,0.683235626538271,0.0496944556682646,0.513730862117509,0.0142062607807145,0.794853613608902,0.0886018250075768,0.512040730494717,0.00783979945515882
424,50.5,29.011491975882,0.672940183388789,0.0424959433451045,0.50141983374432,0.000659674711066042,0.650398933220678,0.0420753537172033,0.508119563684809,0.00518173298733608,0.801511637147618,0.0898894224122587,0.515685234726952,0.00719908049688684,0.636733962115545,0.032911402200851,0.507674419557692,0.00379687545082588,0.684204422168763,0.0485295713435067,0.512976747483343,0.0100539892348673,0.799366018976194,0.0888077926631638,0.510022301522293,0.00491305656380178
425,50.5,29.011491975882,0.671071531494594,0.043537977279098,0.501424036186942,0.000612103708328056,0.650908920254713,0.0412156385906395,0.507432061283304,0.00476911285818662,0.803978011341914,0.0878932127127905,0.514970649660679,0.00669182115111707,0.634231034686661,0.0341739657704389,0.508317235042054,0.00541760343189027,0.684032066620759,0.0477299072831918,0.516806076258637,0.0157807205560334,0.798224768137909,0.0838111399586047,0.510759259529656,0.00523869020212058
426,50.5,29.011491975882,0.668364848815943,0.0456917324212167,0.50294776466405,0.00337216378366163,0.649905839311885,0.0395878063358683,0.506592326004657,0.0045110850636103,0.804499635361379,0.0882970958998033,0.515414035438294,0.00658302751867866,0.633736024502121,0.0357753582498415,0.505988980579781,0.00246326740250951,0.686628118522988,0.0462084108885594,0.516527206396734,0.0154920103070903,0.798263967383377,0.0865707740355679,0.510823641533202,0.00675289593026522
427,50.5,29.011491975882,0.667313785554351,0.0487231158048897,0.501312265339487,0.000516575246893051,0.651680528878227,0.0399262356272853,0.509486733256377,0.00878810610319599,0.805631902406103,0.0867108387833907,0.514916297420851,0.00599917234809492,0.632010391409055,0.0377876436296057,0.507798675546534,0.00498561065663458,0.686006792809806,0.0450590148309719,0.512580235655909,0.0113095751582334,0.801351125917355,0.08601361216385,0.510112292278891,0.00520045384446563
428,50.5,29.011491975882,0.664495300054776,0.0527822930338671,0.502882733386773,0.00346582646072937,0.650950886899105,0.038716522673166,0.508289338018118,0.00852264364791843,0.805545353411391,0.088368490220827,0.515954276849201,0.00567091313431929,0.628277005646288,0.0410969894408535,0.506349159632459,0.00390692249777477,0.689218608237757,0.0449372088531891,0.520434116813445,0.0157123513968685,0.793509296420883,0.083755622874308,0.510516229931796,0.00555063219169721
429,50.5,29.011491975882,0.662363534224625,0.0572012900285793,0.502698361339211,0.00338805471086588,0.651132277883934,0.0386211696468726,0.508813825433927,0.0117127765742169,0.806740827906989,0.0886053151845753,0.514754268947485,0.00529707200949205,0.629136027795041,0.0444551315381897,0.508525110405072,0.00517359177891535,0.687355260962403,0.0440723076642106,0.511856524802002,0.0103460179789777,0.801692323299241,0.0866925689444083,0.510347848617762,0.00546575365655819
430,50.5,29.011491975882,0.66109197968035,0.0605646683210052,0.502723246794126,0.00371758084812171,0.651103890176972,0.0382586622694835,0.508752661458656,0.0107270551866141,0.805980029493008,0.0898299294346767,0.517310787958033,0.0105310300808395,0.627883902995304,0.0474918379454793,0.506458576348242,0.00366012552120492,0.689626602735581,0.0452987729225024,0.514269002401732,0.0105547329479106,0.798201504291266,0.0864354788602111,0.511452591521335,0.00637421968621937
431,50.5,29.011491975882,0.661820354890371,0.0633718973448836,0.501210188945586,0.000538893278945913,0.651344509583963,0.0390503419076803,0.508090170456706,0.00994812578153423,0.803775824228613,0.0914382355955259,0.519462136438461,0.0122134080050568,0.627731233713522,0.049237270132444,0.506770761821198,0.00365330631322787,0.688949569424069,0.0459928429652291,0.510960932975472,0.00940622005440622,0.800675408837151,0.0880500882438637,0.510686000523423,0.00595497648267543
432,50.5,29.011491975882,0.660974909724407,0.0642712824406081,0.502717849348816,0.003803815904811,0.650110222867024,0.0401799731526377,0.507873232929112,0.0096002930613052,0.801814296034096,0.0931004327423197,0.515891264723517,0.0088760480736667,0.625935362376685,0.0502386269330878,0.507924340722599,0.00551794369594046,0.6880217443624,0.0476816584839851,0.513562048995101,0.00991784694060032,0.796624327048084,0.0895127650234321,0.510353060654117,0.00545753146812333
433,50.5,29.011491975882,0.661173934789724,0.0636697174240645,0.502748331957595,0.00335964003329598,0.649489593290745,0.0421092895743833,0.511378124444464,0.0123744417392432,0.797665306292185,0.0954460805739007,0.518364571682185,0.0103337702419818,0.627070659665797,0.0504579840193508,0.506678911496782,0.00369671329901965,0.686780697556225,0.050119485873289,0.511026159791456,0.0083051708472191,0.799144530907994,0.0927320219652221,0.50979527825773,0.00510508654808935
434,50.5,29.011491975882,0.662509070457223,0.0630656889647447,0.502478547984845,0.00312856686785258,0.649103211020076,0.0427927427767425,0.511993475712459,0.0118767146500674,0.797974781382158,0.0970478294131553,0.520612191525755,0.0134629974717758,0.626092861212366,0.0493289271806612,0.505675332688496,0.00295614635157697,0.68753707534309,0.0525870365333784,0.513499749890759,0.0105842228325845,0.795995003452464,0.0939565819910492,0.509237579730731,0.00462880216501882
435,50.5,29.011491975882,0.661906248393748,0.061814853050654,0.502262302716606,0.00268518376327693,0.649536740670849,0.0433081382783095,0.512575042368531,0.0162772376073248,0.799825809779133,0.0990175912882462,0.520028887531293,0.0124852006146066,0.625091991798251,0.0482925733893623,0.506902114396729,0.00444593770907176,0.686579027247252,0.0522616184457054,0.513702718605823,0.0109526505092445,0.795761916195085,0.0938024130038248,0.508774420663383,0.00452020647559583
436,50.5,29.011491975882,0.663209901972585,0.0615948975143235,0.501296709785926,0.000485496732319282,0.649764410981984,0.0437019031747224,0.513592366072093,0.0197578716095616,0.798941425927084,0.0987071067088749,0.518955170240164,0.0109087112778101,0.62676018177507,0.0484112319880824,0.506434368445738,0.00365762147040612,0.686002232098852,0.0529566276023981,0.509552369547446,0.00648388466749109,0.797080982936258,0.0941696181845482,0.509602916831254,0.00570183116287061
437,50.5,29.011491975882,0.663156441278542,0.0613464236310619,0.501234062699233,0.000503632456398817,0.648997235036122,0.0442788520429211,0.512930899051463,0.0181810172169868,0.800082387795278,0.0963472996913958,0.518538628621108,0.0104216942436728,0.627760630462179,0.0485069121480098,0.506053003968958,0.00343933620873726,0.685894108414665,0.0539577683823112,0.509114076100754,0.00585898202165708,0.79411490297888,0.0914524628330056,0.513277443075037,0.00839619289634349
438,50.5,29.011491975882,0.662914865199542,0.0596360210655165,0.502736324025958,0.0032949294813481,0.647702409106307,0.0441017336263685,0.512510924606218,0.0170467559697939,0.800685340444539,0.0919890589597253,0.518778023868712,0.0102139713732707,0.627200101499654,0.0476386796363774,0.507646689865889,0.00594800190714965,0.686027949916233,0.0541837007744161,0.507907661265085,0.00524475397535774,0.798525153788204,0.0902810626975287,0.509619653206174,0.00485484328303929
439,50.5,29.011491975882,0.663112136688541,0.0582694565198782,0.504163668951176,0.00461259161945338,0.647154081941797,0.0443000416034529,0.517088137096556,0.0214687195035881,0.793303396027849,0.0881108245663582,0.519294311020226,0.0126689431499139,0.627286137108917,0.0460583326913046,0.507733981522769,0.00540173746951788,0.685287232375312,0.0544222548693491,0.508764717384152,0.005668650334912,0.797823958329378,0.0891841106663378,0.509176833854055,0.00434179866283063
440,50.5,29.011491975882,0.66437296982023,0.0564875948648287,0.503147939602589,0.00325442895117335,0.647400211630497,0.0442918235932568,0.513142647537167,0.0162869731793371,0.802837701024551,0.0869341375331435,0.521027182810679,0.0156375919478189,0.626958321713316,0.0443774816518034,0.508463186154829,0.00813914769747891,0.685463117640537,0.0542196328401873,0.512454516772843,0.010482450827046,0.791651994537807,0.086645890240982,0.513578942501358,0.00818938024487168
441,50.5,29.011491975882,0.665580703210771,0.0549223477614232,0.501791496103149,0.00191766106098316,0.647497717144211,0.0450750517558605,0.514761598681593,0.0163097820278276,0.801299509776834,0.0862255160839614,0.519555901968482,0.0138214354611659,0.627852487055774,0.0428886382772562,0.506675289651419,0.00375090013294385,0.687023847744779,0.0553197824929674,0.508574633141688,0.005881681752987,0.79688572837067,0.0893683005508962,0.510948669121959,0.00801440797287033
442,50.5,29.011491975882,0.665888538123239,0.0532617391179151,0.501815500980972,0.00172863437016182,0.648221675523471,0.0454312673868778,0.513626122152307,0.0150705005773462,0.800864170548429,0.0881505640032401,0.51878641099142,0.0130083638842668,0.626327525752145,0.041074690269531,0.507527249067966,0.00506670529230837,0.685991191989882,0.0559913493556466,0.511579575270818,0.0099844392276902,0.792656839527257,0.090364799567292,0.510249433913515,0.00747250206506231
443,50.5,29.011491975882,0.665548819116662,0.0520186359227757,0.503189373820494,0.00322001988664342,0.647374793011871,0.0453846991000794,0.512863227760329,0.0144353531659685,0.801658456955921,0.0934021620085937,0.51848923096499,0.0132573592034281,0.627864985708441,0.040637992068012,0.506189371625182,0.00351557308619073,0.685748251399632,0.0568478487263222,0.508698583562955,0.00725269171647643,0.79574269298798,0.0938823664850546,0.510353091555984,0.00699134921693519
444,50.5,29.011491975882,0.665423356552771,0.0514995877796637,0.50191103773191,0.0013941810065217,0.64724704834221,0.045866563175779,0.51222180458638,0.0126653249735347,0.801651893402745,0.0943912023513976,0.519563276874386,0.0163245081024237,0.627194693190113,0.0396760182977142,0.505885592245457,0.0032210262075345,0.685618552424526,0.0578413243783927,0.511354890903356,0.0100983965984479,0.793134013558666,0.0944537834874121,0.509939718460588,0.00627100726414055
445,50.5,29.011491975882,0.665045678617046,0.0510116756409914,0.503223351704789,0.00321441807276909,0.644640261555433,0.0458288967507665,0.511585355325293,0.011534414816769,0.803190924472099,0.0955694541353171,0.518881636807073,0.0148842951213978,0.628780503199267,0.0397981685404457,0.50582839091538,0.00376593719202983,0.68162582667158,0.0572224625916627,0.508585710238417,0.00642971674355368,0.797072227329898,0.0946160728643285,0.509685172342737,0.00592025875710736
446,50.5,29.011491975882,0.665702327973509,0.050412375006988,0.503278484002223,0.00329327410969339,0.642691801057796,0.0467103936039716,0.510689423605769,0.0111946302321302,0.802613972788275,0.0953189642994698,0.520989100470872,0.0153670130093732,0.629343656727263,0.0395040276525335,0.508418847558387,0.00520523210916674,0.677407907137198,0.0578614189397575,0.507386249702079,0.00570404760781631,0.798799805305408,0.0930895418848146,0.509930425672428,0.00561928366922996
447,50.5,29.011491975882,0.666782867175739,0.0499110445502591,0.501744579172235,0.00108982530193871,0.641513575108552,0.0485317272330675,0.516433753778027,0.0197901638640334,0.79740750194931,0.0916925377251434,0.522321950462413,0.0147518617266658,0.629939225640447,0.0394000735899983,0.507051160524424,0.00470862009409874,0.674323149105439,0.0591434987802136,0.510462778999298,0.00675368065086504,0.801125102500492,0.0891895603844817,0.509495073488989,0.005270964462066
448,50.5,29.011491975882,0.665026729255715,0.0490482509659073,0.507061555257598,0.00550391047395398,0.636808185238925,0.0490868265836387,0.509952625390928,0.00975832191575055,0.806173756129494,0.0919198142421838,0.522762382264383,0.0161009911215784,0.630123185416035,0.0394174902411516,0.507241581757979,0.00473357837454356,0.672046085799067,0.0616347867137714,0.512501413150894,0.0112620158035744,0.800621505222096,0.0852252981602479,0.510311001549099,0.00578682618233988
449,50.5,29.011491975882,0.668153602926086,0.0504994415461787,0.502593259448185,0.00141225939878686,0.637346054896189,0.0519537944780043,0.514687893980132,0.0148034158389693,0.809628258367422,0.0876590433693444,0.523519775000503,0.0181000212811709,0.631816303813315,0.0404857245539353,0.506932239014957,0.0063195621858188,0.669098559310852,0.0642008471096889,0.509978408017852,0.00655307007115177,0.807007758418956,0.0827958604048162,0.509639187493729,0.00514346243701084
450,50.5,29.011491975882,0.667639180667942,0.0520298304260402,0.50253845446566,0.00125842152749025,0.636078495001821,0.0539165412208602,0.513729147562527,0.0136894365890356,0.812371689437711,0.0846760982907986,0.52244034410712,0.0167964079958956,0.631149897272095,0.0414002317728877,0.505283136344623,0.00336149077192119,0.66937746476228,0.0666879905443662,0.513864060008486,0.0104287320495509,0.806958551131696,0.0796404248213225,0.509095790969987,0.00472929035404162
451,50.5,29.011491975882,0.66775191366994,0.053235971644283,0.502416318315683,0.00118262719332716,0.635531212282487,0.0551182383748758,0.512859802982607,0.0125091147733459,0.814914898904693,0.0819555501950629,0.521205225902017,0.0154646620789316,0.633358992675969,0.0435486703798142,0.505605244556038,0.0036088635669896,0.667099388906377,0.0669952568352808,0.510140313766858,0.00765730972970995,0.812116032590738,0.079134021668928,0.508827312341462,0.00454351706442992
452,50.5,29.011491975882,0.668061581947022,0.0531282893618243,0.504099760173973,0.00429294471411835,0.635867972435415,0.0561206667073332,0.512780872970517,0.01258746318221,0.817922158805049,0.078630124353073,0.520798417435888,0.0144444273977713,0.632659098011186,0.0438083404811568,0.506846062221831,0.00544323579785794,0.667032990453132,0.0671415506680493,0.509784093525447,0.007186563660344,0.81449032970553,0.0785704639128024,0.50842289545401,0.00416583056446111
453,50.5,29.011491975882,0.669118958676033,0.0530063929240888,0.503724092703725,0.00312210414391153,0.636338392572602,0.0557967624000527,0.514718574763696,0.0167271795431399,0.820851687367914,0.0783552792334974,0.51910782897805,0.0138575345814671,0.632410943737682,0.0436981537276013,0.508501372478932,0.00586061951303567,0.667617085705124,0.0667770110654777,0.509396747820638,0.00767698257315976,0.816597833544285,0.0770103133784201,0.50840564697522,0.00378212157480075
454,50.5,29.011491975882,0.670955818760453,0.0526872880422854,0.502172449128228,0.00090404786588274,0.637998371810217,0.0549087948969491,0.513618524442055,0.0154308490400334,0.820675498427643,0.0759043364802451,0.52188311258558,0.0154697038881067,0.633675350352352,0.0426753161286748,0.505060867524281,0.00294361658241356,0.670875940574093,0.0671691916826605,0.511828571340091,0.00848693402756763,0.818282939939514,0.0745862086899397,0.507749587213263,0.00328316604020133
455,50.5,29.011491975882,0.672498450845586,0.0506139474678459,0.502108403652071,0.00093044297355463,0.637565712835635,0.0533713493777613,0.512315829510701,0.0142563821575317,0.814423667346964,0.0766154223391693,0.526700042014205,0.0219344656333841,0.633570084025681,0.0404535352576489,0.506271614713314,0.005343774551504,0.671045864171119,0.0654745874808571,0.511267450887624,0.00801581213886237,0.820221070874979,0.0727834784953078,0.507406742732375,0.00300143612719765
456,50.5,29.011491975882,0.6727021186248,0.0488048554556756,0.50399752733137,0.00336484486867073,0.638471297832791,0.0515909538920155,0.512154345799175,0.0133220588424924,0.82206911783741,0.0774629878869404,0.519878517970006,0.0136008281528187,0.635329151827434,0.0385038465585267,0.504769746005607,0.00260218259918137,0.672228607649841,0.0632993266626634,0.51176719820404,0.00875366423534204,0.821472786310455,0.0738029081079238,0.507190138687061,0.00288392810670747
457,50.5,29.011491975882,0.673544307867978,0.0469687192088196,0.504174096656596,0.00362328602056318,0.639922727908383,0.0491215021387494,0.510827283631256,0.0120682310178508,0.821326401578109,0.0779230804385068,0.522270387395405,0.01493661322418,0.634033225802669,0.0364897010666976,0.509283743628906,0.00531073073976094,0.670740727068037,0.0599796112095251,0.511166856786478,0.00819730717160698,0.822630698410727,0.0747923439252919,0.507397855689694,0.0027876015345189
458,50.5,29.011491975882,0.675937450671548,0.0456173998444523,0.50262645314884,0.00217478146330777,0.642814269940802,0.0472084044892332,0.512896460016285,0.0129797276371269,0.820007002010544,0.0767308313806451,0.521077398497362,0.0139758499863216,0.637156863412695,0.0356900390462134,0.504566533126608,0.00226349054102208,0.674642964180997,0.0584155729260913,0.512981473031111,0.00890378700233299,0.820709083835303,0.0757530198835899,0.508661979724545,0.00441521026191777
459,50.5,29.011491975882,0.676161575757321,0.0441992884056604,0.503738542588998,0.00420122073040552,0.643527409296626,0.0444645232608785,0.511523485811338,0.0120165516429907,0.821280487008083,0.0780589131801498,0.521258537825099,0.0132425974684293,0.635897482515397,0.0334392724506407,0.506018591307214,0.00361189247992312,0.67682886210007,0.0562007227663704,0.518543609158647,0.012694485034466,0.812404272917853,0.0743441815368163,0.508439537311764,0.00396259372603948
460,50.5,29.011491975882,0.676191788362585,0.0427846493351845,0.503658506129791,0.00371523322257922,0.644131568688692,0.0420017228869365,0.513270752168804,0.0138669899929836,0.820021632184044,0.0787635841685982,0.519654500183661,0.0119941891540607,0.638737781582248,0.0333050765490149,0.506909312529776,0.0048412095133142,0.676149864461089,0.0532091898573385,0.511791376615378,0.00787530080729342,0.819115127497774,0.0754482654324239,0.507910884256483,0.00381160803284115
461,50.5,29.011491975882,0.678521567491487,0.0420385331083442,0.504021757021899,0.00402885561555908,0.644672654668607,0.040046868280305,0.511636179921854,0.0107018710432597,0.807885093576359,0.0789747098477866,0.529928581203831,0.0195020728895982,0.639831307125281,0.0321901674955924,0.506693209992121,0.00390284357980195,0.678635106352274,0.0508284649412377,0.512179746964233,0.00976769965244583,0.817671896942007,0.0754791682429031,0.507667773639318,0.00354665059849354
462,50.5,29.011491975882,0.678784927149104,0.0410695745014539,0.502800330583982,0.0023036153428758,0.646980140558593,0.0390654305494238,0.514010029619619,0.0143275269380203,0.814937680640997,0.081390249065129,0.522001268288036,0.0111944070605682,0.64127523339321,0.0316258079249078,0.507980284680833,0.00482220977277115,0.678594014168847,0.0490973927427219,0.513493352166916,0.00831766777543855,0.815595543685073,0.0769344698529509,0.507815339615279,0.00325888163406626
463,50.5,29.011491975882,0.679284915137988,0.0408398535391255,0.502678917524608,0.00211430522346833,0.64784485663047,0.0384385407146583,0.512957585015684,0.0133359390144154,0.81414275612022,0.0843786350200008,0.521236385693916,0.0100893826810421,0.640073488321056,0.031261654756934,0.507489672552044,0.00712658669215222,0.681002062473886,0.0484102958391222,0.52138134399779,0.019700134001159,0.807442710392797,0.078247860258196,0.509824774040387,0.0053464631569714
464,50.5,29.011491975882,0.678968523504305,0.0400403405554505,0.5053901525537,0.00514868705452901,0.647086296423852,0.0378753879101048,0.511129663803104,0.0113855220591359,0.816807899775703,0.0862132206852611,0.520493871447295,0.00987348022083967,0.643115818825746,0.0312202708632979,0.506703688659218,0.00409421237704121,0.680298698887117,0.0477852342164987,0.515452790593645,0.0114148972210646,0.814814546418041,0.0795054676458442,0.509386840549214,0.00499387361347692
465,50.5,29.011491975882,0.680682095201658,0.0391734817571254,0.50247396734729,0.00181876732948196,0.648745586205107,0.0384941301698418,0.513776663218924,0.0130520482524992,0.814562635938268,0.0862022462381678,0.521665337706768,0.0117933771942049,0.642966205574326,0.0308198661867309,0.506469736435797,0.00539031480461689,0.680443376532658,0.0474625637810601,0.516551498243189,0.0106561103635659,0.81526381093125,0.0802709940123243,0.509594427045763,0.00399145758079473
466,50.5,29.011491975882,0.682049462455725,0.0388776731260384,0.502489980161767,0.00202593456875861,0.65095214719635,0.0381061951353334,0.512756556728483,0.0122022063927393,0.814828843577621,0.0862028897602971,0.520736609350225,0.0111218122921518,0.642940435425166,0.0306664993349797,0.504777398527785,0.00294637835809736,0.683046038188556,0.0477032413635906,0.520821943859417,0.0100131558366046,0.812898109041622,0.0804391601663132,0.510584577949561,0.00354733708761649
467,50.5,29.011491975882,0.682656647041686,0.0385940984674948,0.502340263172002,0.00171288735787605,0.651140686212061,0.0377348659997123,0.512027185538744,0.0112414056560855,0.81555021079453,0.0854779904985722,0.520160448550477,0.0108928257934715,0.643539772783636,0.0307581101039335,0.505185770344827,0.00294883988296991,0.683635833957656,0.0471265689624988,0.515881976519428,0.00868326131779229,0.818572569571396,0.0786714707647629,0.509221806144036,0.00333095630608129
468,50.5,29.011491975882,0.681573948917495,0.0389130232929833,0.502175359238283,0.00157474463394761,0.651232213571849,0.0372001062474552,0.51188992466953,0.0105808150448673,0.814694307071658,0.0861032120161966,0.519133882016796,0.0102562070471739,0.643382150546975,0.0307149963701977,0.506652176727983,0.00407451706849275,0.6832927204093,0.0463986259542604,0.514964296671535,0.00804480277763155,0.815092418217831,0.0766674482010158,0.512229546593021,0.00960559880547209
469,50.5,29.011491975882,0.680485417186572,0.0399466851913065,0.502101437255077,0.00145062301693445,0.651948450968603,0.0373517777199407,0.511141142684498,0.00972751866147319,0.81471939797569,0.0860056288700937,0.518680986896601,0.00969837042217652,0.641923783589614,0.0306841778102943,0.507089223372438,0.00440176582601569,0.684626998011672,0.0470897733382092,0.51452332082081,0.00762098969048774,0.818660291282674,0.0770838679195322,0.509805260301488,0.00443029859940251
470,50.5,29.011491975882,0.67867159762384,0.0408659720377536,0.503323177468285,0.00317655749785399,0.651644371455482,0.0374605875303753,0.51044795705519,0.00892488278833003,0.814171419450649,0.0868465931247639,0.518327712132615,0.00872765987602957,0.64060440535931,0.0308179793384843,0.505106644755313,0.00244002105960685,0.685813979761994,0.0473480482033532,0.51721802139913,0.00845833786319431,0.815195190328633,0.0758627258411173,0.510888834416865,0.00456463737491075
471,50.5,29.011491975882,0.677595580173982,0.042621902000475,0.501869696096695,0.00119328048928841,0.651878731899953,0.0382619430154537,0.514129931349338,0.00995312224966962,0.813810395729773,0.0900404615763916,0.518072146215617,0.00775345902747181,0.639418922983705,0.0314789976793927,0.507246888518137,0.00411516270861107,0.683878743874956,0.0477605842614254,0.512740430549885,0.00665269700940073,0.81819157141338,0.0797713889881252,0.510593137920665,0.00430522767090867
472,50.5,29.011491975882,0.675262860798428,0.0441705566587191,0.503106288762323,0.00315895215640898,0.650803175813871,0.0393039826864191,0.513582311571051,0.00904261727270929,0.814981626238542,0.0913596479430138,0.51770026050029,0.00714441411453286,0.639272196728186,0.032658834235879,0.505467847618353,0.00249751189042977,0.68540703705146,0.0492121346866374,0.51399667704236,0.00764064064401051,0.817705743000347,0.0807445538675326,0.51017288033622,0.00402721713354739
473,50.5,29.011491975882,0.675749741483884,0.0450697660215403,0.501751065915945,0.000924331210432352,0.651018692499872,0.0407343647546153,0.512421873751726,0.00841597768124037,0.812778398821354,0.0930714261830834,0.517948666710201,0.0109928870905921,0.639279445269378,0.0330959030781148,0.505209911549934,0.00228970084827658,0.684763886542759,0.0508962904472168,0.513007129331427,0.00654730436434732,0.817850473051,0.0822429817384065,0.509680302825576,0.00384648434416702
474,50.5,29.011491975882,0.675328158911906,0.0457082872959561,0.501827582520304,0.000955797309670135,0.650196768123169,0.0424826633269382,0.511442138940974,0.00780322985764771,0.813600858970294,0.0936657016108458,0.518046065474055,0.0105174014957141,0.637508745310511,0.0331878327174732,0.506249466259299,0.00403860854642379,0.684246991838005,0.053438965997553,0.516014871917772,0.00810100741450784,0.815354378581385,0.0824947509803957,0.509673874129777,0.00340132675289227
475,50.5,29.011491975882,0.675311601764701,0.046589783254158,0.501687980824208,0.000873646059001054,0.649853323520831,0.0436956374690349,0.511816756484111,0.00743066065095118,0.815535146037871,0.0931279478304519,0.517441838194314,0.00954933299206514,0.638979470391866,0.0341545019556316,0.505407992869318,0.00319524599483877,0.683651979134105,0.0551700457278191,0.512597499678532,0.00552898407618757,0.818693177557812,0.0814341391723294,0.509314039362739,0.00315601428687632
476,50.5,29.011491975882,0.675172067440098,0.0470653748915655,0.501705849180052,0.000709881054283985,0.648865999235007,0.04469022765059,0.511187718001395,0.00693307462211607,0.817914080288429,0.0913514345909919,0.516728749621515,0.00893193900498834,0.637256658881016,0.0338514364242994,0.508454742692153,0.00597820589680391,0.682203964460631,0.0555908338257344,0.512138506872476,0.00505119542261925,0.819655516214139,0.0778117712029477,0.508207561283907,0.00279784439988846
477,50.5,29.011491975882,0.675575666284471,0.0466102598830559,0.501889465933404,0.00218173800938305,0.64789302845871,0.0451745670914273,0.510731718175994,0.00633470211423687,0.819830564317183,0.0890681672802805,0.516110094675984,0.00851374446069623,0.638371600257472,0.0338376069158925,0.504806621470987,0.00264172612190088,0.682057461180722,0.0559298292745106,0.511309959878273,0.00447864802649232,0.820699900901692,0.0740099751661039,0.510746101848194,0.00583354305719401
478,50.5,29.011491975882,0.675986924272649,0.0458955618716814,0.50161445724182,0.000623771985123479,0.646771141237156,0.0457232719288316,0.510059355648859,0.0058649734246941,0.820329781460776,0.088367760154889,0.516017761288915,0.0094988033852094,0.638739547449497,0.0334010553574091,0.504525699193687,0.00249295669000355,0.68151763240492,0.0568060927766224,0.510445864739358,0.00415802679808038,0.819991074787997,0.0704971016716491,0.510328214847465,0.00541747217399105
479,50.5,29.011491975882,0.675885111570422,0.0442822922938456,0.501734303140495,0.000644655820096853,0.646216586520241,0.0473215219081937,0.509243564623708,0.00539940484314799,0.82088456071486,0.0887213705989066,0.515606707446385,0.00877125082221812,0.637863255106003,0.0324553685660349,0.507704246468732,0.00423303056708598,0.679040883434815,0.0575149747549059,0.509657139388581,0.00402664730951195,0.818649617587409,0.0683521087373856,0.51022917130312,0.00491966588730548
480,50.5,29.011491975882,0.675998704999744,0.0428155835965038,0.501898239136351,0.000541238328186136,0.645457477744159,0.047906073474982,0.508481931541139,0.00496290903174433,0.8200014577729,0.0864328658019768,0.515435546644953,0.00837821146525724,0.637902289064821,0.0316901210044222,0.504336998872778,0.00215611157294782,0.68121197123207,0.059822696009296,0.514724627059649,0.0122549283977799,0.814538001482659,0.0674461235166153,0.510788139811259,0.00591315775481302
481,50.5,29.011491975882,0.675355785523902,0.0439124491539549,0.501792657793346,0.000522938469016307,0.644867656916515,0.0488364074817485,0.50777256662228,0.00455484610495849,0.819211328859776,0.0844797144200743,0.515055059694337,0.00809702205491994,0.639518749721204,0.0325918654912719,0.504780689234271,0.00194338555462157,0.679767231742054,0.0610221940298942,0.510580046763952,0.00476368876972909,0.817421469614426,0.0659160312866905,0.510274851974545,0.00539178880083562
482,50.5,29.011491975882,0.674199791390154,0.045238070374441,0.501744234806689,0.000462018637930824,0.644464201530609,0.0494307788346623,0.507732871776016,0.00451978310827681,0.818337774529615,0.08383676241877,0.514551200013282,0.00752529547406083,0.637946345024542,0.0336779720261104,0.5045325408801,0.0019978888430957,0.679684532637695,0.062463978994538,0.513444962437189,0.00838266293612492,0.812749846177466,0.0652931761766927,0.509858192058542,0.00502767219062149
483,50.5,29.011491975882,0.673365161703964,0.0468203771602179,0.50172931943113,0.000494170239195392,0.643772786104084,0.0495219847039734,0.507895786117657,0.00401768996402495,0.81806753881349,0.0828043765286294,0.513637158629355,0.00704414238074479,0.637048833022755,0.0350703878413557,0.506551697964242,0.0046739991357696,0.677355164657956,0.0621544826966775,0.509565484573036,0.00408529007788792,0.816609830214793,0.0656992689341699,0.509518803798416,0.00475531971909913
484,50.5,29.011491975882,0.67225074556723,0.0483786550561612,0.501674354049206,0.000431193290588582,0.644980184687035,0.0501503562216505,0.507272170327961,0.00366014567015196,0.818423101570967,0.0801732086089864,0.513358883241423,0.00642589141849124,0.636175915268082,0.0372062788494282,0.508034611449561,0.00760538658174037,0.676362459947187,0.0622132455146407,0.5093102523757,0.00360754543629283,0.816822926373874,0.0663816083751731,0.509052466495684,0.00462819502203292
485,50.5,29.011491975882,0.671687237744506,0.0502737904327145,0.501659719944851,0.00114192028810301,0.644125040548753,0.0502652660986686,0.507208475183921,0.00360171883941201,0.819061989603637,0.0779040890750545,0.512969468353671,0.00656987235347412,0.636324641199492,0.0383046151380945,0.504507263981873,0.00182751275539263,0.677278981322565,0.0635958523744145,0.511209496707468,0.009204317760444,0.817594414002878,0.0662818887784612,0.509162048013704,0.00444929796388657
486,50.5,29.011491975882,0.671202271558078,0.0531073235921993,0.501467861924327,0.00038192138443412,0.643656842239088,0.0503888927432619,0.506834039745269,0.00388387919542343,0.819603376382691,0.0776245541773008,0.513249933378773,0.0056428160815458,0.633030248955262,0.039324551312667,0.50579236725645,0.00360401833748587,0.677818995165787,0.0639263331501359,0.51760043860707,0.0119346403672956,0.810561576892623,0.0661981506719146,0.508616061687793,0.00406748525393537
487,50.5,29.011491975882,0.670091203329712,0.0550892317461343,0.502986538246361,0.00339200686265753,0.643586336730856,0.0489932289763012,0.506366142425239,0.00353467661967161,0.819069807150154,0.0776246707342854,0.513417006493412,0.00487724752037407,0.633876727639105,0.0411685563728393,0.506415662645086,0.00387422278105161,0.677120745000532,0.0622966080537613,0.511166775162122,0.00851717789289785,0.818419611849219,0.0665330491006816,0.50860613115606,0.0037254154513378
488,50.5,29.011491975882,0.669423771327295,0.0566343110368548,0.502931957955073,0.00337045891796147,0.645656115154532,0.047897632558129,0.506319402637831,0.00313978204577646,0.819347674348801,0.0763132634286574,0.516174598432079,0.0128266406257571,0.632192246074092,0.041978200718129,0.509737404766444,0.00471229203999663,0.676553352256316,0.0595103964303233,0.511706074183591,0.0086911346007891,0.817517709064894,0.0651858273252769,0.50799692810482,0.0031945409099721
489,50.5,29.011491975882,0.670409081735157,0.0576980220522456,0.501562652508001,0.00100835802755311,0.647147849973125,0.0459629521887888,0.508439138630878,0.00933676963696122,0.817477188364307,0.0784148743413269,0.514575166809139,0.00988721461185528,0.632961014584553,0.0432550456984882,0.507610899295468,0.00440946214622497,0.678097334634968,0.0574719423054983,0.513620683479146,0.00884098877092306,0.81737307330313,0.0660290788090748,0.510203694678083,0.00628027024618916
490,50.5,29.011491975882,0.670789171017552,0.0579766014717647,0.501472038025963,0.000320727395179473,0.649065220559108,0.0439822758347277,0.508190885660767,0.0092188605691977,0.817754216045682,0.0816403998553965,0.514707922115389,0.00882641139228472,0.633423506578862,0.0439138750962672,0.507838893341721,0.00499567409692197,0.680224952876538,0.0545237442732862,0.514212600051118,0.00947715476560687,0.815935073937673,0.0675040502314689,0.510662630978276,0.00611823847993985
491,50.5,29.011491975882,0.669367239390832,0.0575592791248757,0.504076738787984,0.00579273817891456,0.648601492422422,0.0426338157526214,0.50720347564771,0.00862520089929176,0.819137478110908,0.0839322211087299,0.514694627669306,0.00782221996704287,0.63444003685189,0.0439315021803152,0.504437341270419,0.00203757393271208,0.682964237039647,0.0531613766620996,0.514346277817482,0.00955637035045304,0.816233683715172,0.069700169224674,0.512072357548168,0.00823469880225956
492,50.5,29.011491975882,0.670673048595196,0.0564728906006413,0.502930908136025,0.00340578957753988,0.649944050516373,0.0413486550975549,0.508755916625308,0.0119992973101875,0.818284941036986,0.0844540551339192,0.518096963338574,0.0102711950069242,0.63362160616891,0.0433096809167412,0.505792974216742,0.00337617305298726,0.683593597335084,0.0520580096638557,0.513821918288371,0.00912898712244081,0.816409958778098,0.0728047051402296,0.510933596482327,0.00753282240745293
493,50.5,29.011491975882,0.671101064481437,0.05418630552555,0.502686982087686,0.00328081860680086,0.651955901105411,0.0409595706368592,0.511291996941144,0.014231044399064,0.817704380717996,0.0854894564747396,0.513264688862298,0.00734002862826587,0.634346129393279,0.0423982827200953,0.504195055438795,0.00184299622490524,0.685581369107032,0.0518177959427693,0.512740970859712,0.00826276985561636,0.816059786883587,0.0745518359648045,0.51194881265019,0.0088098312230259
494,50.5,29.011491975882,0.672465215051382,0.0519102892337731,0.501250993433272,0.000262935767619615,0.652480612902917,0.0395634647958179,0.510213848453124,0.0123428391370603,0.817473202005058,0.085991662499854,0.517665326901215,0.0118073873605556,0.635008369868002,0.0415311778274362,0.50416173260514,0.00168417266941226,0.686124922757118,0.0505770711359188,0.511926494780888,0.00768973385131886,0.816564611211623,0.0758575232971864,0.511681254425536,0.00820396482959468
495,50.5,29.011491975882,0.671739738846582,0.0498404852640787,0.502874950316579,0.00366026906259122,0.653112665962369,0.0379364772213453,0.509313792507622,0.0115061128370197,0.817291480466266,0.087521603379568,0.517255082793409,0.0106376690416175,0.634070494686907,0.0400429562732087,0.507289265552687,0.00533598187279974,0.686232442357183,0.0492008745892384,0.511143004148717,0.0071433082972087,0.817759919632382,0.0762803356033549,0.511255629510765,0.00789358824298702
496,50.5,29.011491975882,0.672845317041499,0.0489536072436308,0.502795893561246,0.00353025946197969,0.65362510650156,0.0360537800875939,0.509628869143875,0.0116175868696709,0.819474279586412,0.0873477814948778,0.516744289097422,0.00971541730311025,0.632981210601931,0.0391264798662169,0.509063087512339,0.00677028719321729,0.687384588362422,0.0470984581900995,0.515368869987289,0.0109321082263302,0.815459880954015,0.0770834900448653,0.512203375664471,0.00935831101609626
497,50.5,29.011491975882,0.673705677236687,0.0469494033816951,0.501144712344321,0.000228431590839342,0.655222918230825,0.0352151723189227,0.513211192739645,0.0141660190008625,0.819908556455708,0.0872668088601748,0.51597184482819,0.00896660935228406,0.634308571163032,0.0384741359605741,0.506032513036438,0.00428010494905636,0.69122928028863,0.0460898304964677,0.518123512815428,0.0116318190896579,0.817208838737615,0.0766136150126156,0.513533805661344,0.00896879417587177
498,50.5,29.011491975882,0.673784593979861,0.0461192663302802,0.502607992426096,0.0034345625552137,0.655028642498393,0.0344145532742038,0.513127253391663,0.0140487505346472,0.820533208426506,0.0870794526052303,0.515453829677618,0.00850514136545439,0.635869855846999,0.0379219849359004,0.506158688613836,0.00377529069416075,0.691735051610232,0.0433368071083258,0.513347893427953,0.00755919724302715,0.820973226525359,0.0773390043135141,0.513059417420386,0.00832148333928325
499,50.5,29.011491975882,0.675220259405369,0.0447566002281835,0.503071216591255,0.0034289460052927,0.6552206047635,0.0330578571397305,0.511569826160626,0.0125757915469732,0.820805890007128,0.0878199592986815,0.519005514284879,0.00913017661917189,0.635730986643399,0.0365777189913916,0.50806629569479,0.00469965080593122,0.690339444267753,0.0411926009577106,0.512877204564549,0.00692463986403605,0.820873994741364,0.0771793515219182,0.51307211285897,0.0082235967733559
