episode,timestep,group0_trust_in_sp0,group0_trust_in_sp1,group0_trust_in_sp2,group1_trust_in_sp0,group1_trust_in_sp1,group1_trust_in_sp2,group2_trust_in_sp0,group2_trust_in_sp1,group2_trust_in_sp2,group3_trust_in_sp0,group3_trust_in_sp1,group3_trust_in_sp2
1,0,0.5,0.5,0.5,0.5,0.5,0.5,0.5,0.5,0.5,0.5,0.5,0.5
1,1,0.588888888888889,0.5,0.5773504273504273,0.5023809523809524,0.6619047619047619,0.5,0.5627192982456141,0.5039473684210526,0.5960526315789473,0.5,0.6624999999999999,0.5010416666666666
1,2,0.6287288308508471,0.5004273504273504,0.6098199913849782,0.5022167487684729,0.7413919413919414,0.5,0.5928172553399413,0.5036751361161524,0.6402775838801249,0.5010416666666666,0.7368202917771884,0.5009698275862069
1,3,0.6538587304433304,0.5003978779840849,0.6225066706607711,0.5044399254363667,0.7843452471407264,0.5023809523809524,0.6086943230422198,0.5034135605918711,0.6647746383932699,0.5020114942528735,0.7799935980726515,0.5009008007117438
1,4,0.6613793262457937,0.5007969096937068,0.634426923815696,0.5041248260338239,0.8129089653793864,0.5045977011494253,0.6122308080980419,0.5119370002744089,0.6769233606113575,0.5019953368511474,0.7987223425591236,0.5008904360571638
1,5,0.6691955035262539,0.5007403533906862,0.6475888991985853,0.5038233752132505,0.8324902421234649,0.509037626585792,0.623630886047167,0.5039745671495254,0.6920603559108766,0.5111105845153348,0.8105288469692852,0.5024571948250869
1,6,0.6787682248387705,0.501113597260498,0.6570594558851864,0.5035362579239467,0.8466179523637456,0.5109267572804723,0.6170445487051007,0.5037847031076178,0.702561690735607,0.5300773117643311,0.7942518006899377,0.5031490961945745
1,7,0.6833562346644939,0.5010325909447934,0.6613410920949612,0.503263946149917,0.8587264999404151,0.5102570000238803,0.6228914318244336,0.5077957344571783,0.6972249550132105,0.5095914613878829,0.8052100821645194,0.505208511128043
1,8,0.682395071910846,0.5099732459683342,0.661053169845478,0.501899544101695,0.8654252902047225,0.5075819183437632,0.615733082624249,0.5227559126163229,0.6949095270430767,0.5250504449482186,0.7945059898642001,0.5062584892052078
1,9,0.6791758765242821,0.5102834658731401,0.6636753337567431,0.5050897658171474,0.8693048026579685,0.5354686038327295,0.6268440363097314,0.5095360235616034,0.7007229482694223,0.5136563778215886,0.812312894103723,0.4961301094767427
1,10,0.6888630657319667,0.5012402547964872,0.6704430472195251,0.5255018677728361,0.8750210859940821,0.529912104572805,0.6150831195988097,0.5060569725391724,0.7148779615977483,0.5529621186536302,0.7846885935188465,0.49768390782376887
1,11,0.6881154455244688,0.5013723009415586,0.6694096607808034,0.5237454699226426,0.8804783069363555,0.5289540434929997,0.629796838925173,0.5086364349471673,0.7055991081130449,0.5120935223073257,0.8195875292494557,0.4988397218053665
1,12,0.6837222005754089,0.5012774651788419,0.6658809130963619,0.5220583510243337,0.885304553113558,0.5287179264937294,0.6315716588574131,0.508035913880609,0.7081734112386894,0.5131718358044293,0.8198383080359399,0.49967797994185925
1,13,0.6744986792014697,0.5112877317322004,0.6590016979709917,0.5238525968488627,0.8889620327128543,0.5281843453297638,0.6296120014274995,0.5077849080219593,0.709587483806407,0.5123240201654924,0.8261164056987844,0.49980332555594115
1,14,0.6755118972927355,0.5014030695452181,0.6647549700349451,0.518909105456341,0.8909403901459625,0.5471146047175143,0.6301914109148595,0.5074766352434793,0.7152692797799758,0.5125430090538861,0.8313001653773077,0.4999106706429955
1,15,0.6796309502102211,0.5013061065479549,0.6685999028455379,0.5174527578525637,0.8938123297521221,0.5438059226176216,0.6311012562653794,0.5069295628629343,0.7162654582482293,0.5116769058840318,0.8351879754676611,0.5010427912051023
1,16,0.6850569587788826,0.5012132499444064,0.669292227817712,0.5160773391487785,0.8962322412101749,0.5413362164227489,0.6318702797526123,0.5064089059883594,0.7151808964079919,0.5108447737994327,0.8387315691663324,0.5029370488341457
1,17,0.6935476430035666,0.5011246598991247,0.6696316142479695,0.5147831888263995,0.8856661031892783,0.540251313615611,0.63178970385894,0.5160524525188419,0.7104824021230538,0.5098925961446705,0.8383424813905136,0.5030552273920269
1,18,0.6972331242513197,0.50104045085325,0.6708557595577391,0.5135697836563123,0.8772206944796684,0.5373638751100763,0.6420202346624212,0.5058880541024526,0.7163830557600782,0.5193100163870078,0.8443483276434713,0.5027762703346215
1,19,0.7009869560264278,0.5009606922650849,0.6717722505413646,0.5124358443705528,0.8567975296662306,0.5355747684046263,0.6437247548068136,0.5054194787274179,0.7172195459743808,0.5179237572527167,0.8467038220013863,0.5026756409869225
1,20,0.7047764975482621,0.5008854103717119,0.672390825231199,0.511379446976568,0.8388250020717117,0.5336363921705496,0.6409613452983549,0.5057274950292248,0.7230320059781452,0.5390696024974235,0.8166430421304779,0.5032878064141865
1,21,0.7080168064515246,0.5008145908529403,0.6750497930789233,0.5103981341405187,0.8352974387143973,0.5311816663431176,0.6501319486594334,0.5018501077420942,0.7176629313174429,0.5153435385063435,0.8249702770838258,0.5024465911563254
1,22,0.7072357491751569,0.5007481822395515,0.6733038159024278,0.5094890228929356,0.8321190660176127,0.5288628714880547,0.6508910984591337,0.5018643788764067,0.7219286938137981,0.5141534151481337,0.8186687887277442,0.5023228786973762
1,23,0.7072001226763923,0.5006860998836695,0.6755369283449291,0.508648905777321,0.8291414713327958,0.5283852001718692,0.65385973438694,0.5018033250682642,0.7239119229541396,0.5140727674461415,0.8176761143217157,0.5021958798719699
1,24,0.6656290960096956,0.5006282303002524,0.6752962159000283,0.5078743434017363,0.8148661904186412,0.5288497372523342,0.6220230655134741,0.5019634102028866,0.7239127141021543,0.5148022318047901,0.8181541574161993,0.5026407405923652
1,25,0.6288828407551117,0.5005744356936395,0.677178000794479,0.5071617471162361,0.8021908555836657,0.5272723951928358,0.5938696414727594,0.502421632840659,0.7238970054447017,0.5136331324367622,0.818193462043565,0.5028649268545116
1,26,0.5962024023442315,0.5005245584991284,0.6787917886806267,0.5087521846326012,0.7907583510931346,0.5253027887978182,0.5695353454605895,0.5026659424129575,0.723705978327182,0.5131185206779058,0.8180324844076601,0.5033563723447908
1,27,0.5774693508608835,0.5004784257934289,0.6803861054992257,0.5080083513194161,0.7925825013339594,0.5234437784559943,0.5579514414131015,0.5024567614053366,0.7218441816524187,0.512607601309772,0.8224459937538693,0.5031906343482823
1,28,0.5665795664886781,0.5004358534562358,0.6801045282617864,0.5073193067462957,0.7941430404651663,0.5216923600237696,0.5559211223249703,0.5023808635159522,0.7179177205050022,0.5144300642295774,0.8319714066972907,0.503022914028722
1,29,0.5633435172459144,0.5003966499950724,0.680214756571096,0.5066822081307946,0.7955028746540808,0.5211945081582302,0.5573533940970293,0.5025236739293725,0.7160405018404027,0.5137090518569594,0.8353160209106094,0.5028547712454441
1,30,0.5681271409677531,0.5003606199745402,0.68148458348455,0.5060941961397534,0.8080675262129532,0.520274997073371,0.5589427569474653,0.5023547519096357,0.7126357312482151,0.5137127563490713,0.837689665633991,0.5026876203081643
1,31,0.5763586794324047,0.5003275670173926,0.6827590612102845,0.5055524220102817,0.819084955204687,0.5220230220263783,0.5612253128954866,0.5032765049112008,0.7077734120222173,0.5132162041201526,0.8409767873771357,0.5025227243188755
1,32,0.583568323276359,0.5002972963673312,0.682164590746341,0.5050540709122809,0.8287685838725033,0.5226039484076519,0.5644493444991474,0.5033812030380841,0.7095603811549818,0.5118684290353362,0.8188037580687858,0.5055273556063534
1,33,0.5980526946122305,0.5002696170215717,0.6801872846125416,0.5045963819427862,0.8363980364481368,0.5210929851662461,0.5690207164365271,0.4995831911011379,0.7081667671806471,0.5116054113694897,0.8367376871244739,0.5022039775900016
1,34,0.6075000938105293,0.5006224127368282,0.6778198057722901,0.5041766650573557,0.8338213147940836,0.5196559532141775,0.5781344241665325,0.49963333987889724,0.7062476379473663,0.5113754196315375,0.835039093400999,0.5020518821274902
1,35,0.6196582334437318,0.501004325393969,0.6755644946739232,0.5055242138841546,0.8309366316475278,0.5188383359303265,0.5804420642572214,0.4994774484054404,0.7117085336583692,0.5280301570443992,0.818550914819222,0.5024074707019723
1,36,0.6273798327009757,0.5111162999545609,0.6671873733362513,0.5055893517217424,0.8280814555335843,0.520984798573288,0.5921171004423633,0.5042004682585951,0.7039820410963111,0.5101538386796475,0.8400696026894037,0.5022972937717266
1,37,0.6344072034365862,0.5008626404657637,0.6704364925109891,0.5046939356710235,0.8463142364573679,0.53946055103691,0.5967431574854941,0.5039596622976942,0.7021487558352772,0.510266425042514,0.8473611081824888,0.5031370452873428
1,38,0.6362602262672002,0.5007970907393068,0.6667719026272076,0.5043186938521999,0.8534408799625435,0.5368107319822026,0.6009501405563996,0.5040277752953073,0.7005659136746739,0.5095040207860716,0.8537926198734768,0.5033468691729497
1,39,0.6451755204988484,0.5011516851813048,0.6658908826124917,0.5062256989547934,0.8597624426590281,0.5342732649450684,0.6044959005472622,0.5037827761991641,0.7008199672551502,0.5091457940379691,0.859792253650441,0.5031438990800067
1,40,0.6458997991561632,0.5074958817671148,0.6619352393837408,0.5067122345367446,0.8717701373283099,0.5299501307611495,0.6144475954755715,0.5038241526377635,0.6989839714412059,0.5093111720951904,0.8556141271575292,0.5032665288085545
1,41,0.6533682687787501,0.5012458669223562,0.6660704554316929,0.5053077632455383,0.8459321409210121,0.5499727220217554,0.6207613659364007,0.5037531041516885,0.6994546473161057,0.5086289433115994,0.8559889665240829,0.5030774281423895
1,42,0.661929388526545,0.5011582617129436,0.6705839047525992,0.5048885639413812,0.8420600519939173,0.5464554638890217,0.6242460388054925,0.5039196032833061,0.6966439535843667,0.5079844281859386,0.857080446993152,0.5028933063928771
1,43,0.6665340213692718,0.5010745589647786,0.6672618963264936,0.5044952411304705,0.8389223743846371,0.5437955883615591,0.6297413484592523,0.5036824612919644,0.6957087545048459,0.5073768158658356,0.8622284798640607,0.5037123125703149
1,44,0.6664461836787413,0.5013119402126308,0.6699228769719606,0.5041271777066844,0.8467445380430249,0.5420527509362953,0.6347379715774771,0.5038897237086096,0.6983315232529934,0.5075279264390716,0.8674475604000835,0.5034741156755643
1,45,0.6702200548869268,0.5012217617413967,0.6709046601388786,0.5037836492603567,0.8423091056001805,0.5404623286453923,0.6470921184624794,0.5037331216953331,0.6981820223829839,0.5065520029608062,0.8459976327030134,0.520973435154658
1,46,0.6637876917860571,0.5011352448204155,0.6731190024392233,0.5034638334036355,0.8389274748126948,0.5380051173580557,0.6467223075313046,0.5073361385548255,0.7007271718695761,0.5064274634391681,0.8723710817441993,0.5030226803437549
1,47,0.6619548490708406,0.5012979503709136,0.6717477140927415,0.5031668223230509,0.8358279111755399,0.535628960251544,0.6498617669462677,0.5070130468172032,0.7081709902227594,0.5059251236834829,0.8763060514143306,0.5042218292223339
1,48,0.6678244591582406,0.5012122561097607,0.6741171650405441,0.5028916374498673,0.8333866857129009,0.5330413931849447,0.6532097390128718,0.5065230476644981,0.7119566219773341,0.5064357817573507,0.8800853904140106,0.5039624014201906
1,49,0.6753941843991313,0.5011297273440789,0.6782183098388485,0.5026372452358249,0.8309980711127244,0.5305993053869588,0.6514050662296585,0.5162928595286101,0.709419179541071,0.5063267884026654,0.8778721291500587,0.5039568522660213
1,50,0.6723414921265879,0.501050551809444,0.6786259168931301,0.5024025731622448,0.8286579679187905,0.5292148966682103,0.6554017516025784,0.5059698237996791,0.7223067667558286,0.5062059421576882,0.8768835808072512,0.5132961341605556
1,51,0.6741006367705216,0.5011697169449282,0.6804075136578446,0.5021865252738312,0.8267266660534441,0.5270497602229255,0.657568356677858,0.5058631261901158,0.7251177203267088,0.5061724875684943,0.8756701336219659,0.5124071730099079
1,52,0.6700400841558443,0.5205843756353384,0.6710280364746333,0.5011920978663518,0.7946062984287494,0.5336136433586658,0.6554996996722975,0.5155837864126527,0.725796831088403,0.5061006485079029,0.8689868481745706,0.5107377337093596
1,53,0.6795837524830927,0.5010227024832908,0.6816852910061318,0.5250533772978534,0.8207878410173357,0.5453025846836949,0.661303227352388,0.5063899158931321,0.7307112246148034,0.515327116581092,0.8689967936291785,0.5116904406909593
1,54,0.6843374848014602,0.5009534127204616,0.6835375170568193,0.5233256097921493,0.8195014805830251,0.5452090342336471,0.6632686701980502,0.5067346089200153,0.7280964674881479,0.5142537978441712,0.8687717018865462,0.5108450075544632
1,55,0.6871170855148542,0.5105406334657541,0.6801424164859744,0.5034927308331464,0.7943667706109915,0.5512212858267059,0.6659102088940045,0.5066628139528107,0.7248943580924794,0.5132277968266894,0.8687765085181834,0.5100391247978612
1,56,0.6885034753740658,0.5011397934827186,0.6862781505673684,0.532651114104919,0.7951197896504264,0.5407659603685248,0.6669257335921994,0.5064619962964007,0.7200201472585424,0.5126790743761225,0.8684622564526532,0.50996631785236
1,57,0.6922341722857855,0.5014422442448068,0.6854784425363198,0.530763423074798,0.7856046518778667,0.5389506351327731,0.6696502825331707,0.5060170664070063,0.7138665395527115,0.5117481688235944,0.8682930192539328,0.5092163687474968
1,58,0.6552531618343185,0.5013478150193997,0.6874004118285753,0.528908812883236,0.7877609555758829,0.5369251349236382,0.6387263078381786,0.505592693407345,0.7150332648597859,0.5108654890626806,0.8681594245376834,0.510195144042776
1,59,0.6219498026267825,0.5014790273791576,0.6888023511267383,0.527095835976238,0.7898315270380613,0.5342424214195101,0.6111363597197577,0.5056165767644358,0.7144875438987961,0.510031229411262,0.867815677588691,0.5104735652552843
1,60,0.5992351425069589,0.501809534302478,0.69117396118975,0.5253323159729514,0.7915332579349885,0.5323881710463263,0.5939937144551897,0.5154271454729626,0.7099533146127386,0.5097915015724597,0.8654902762008425,0.5103246856731866
1,61,0.5847448026893878,0.5018479790200328,0.6900758339127452,0.5236252143247738,0.7924614478669076,0.5300030716811941,0.5870489691459303,0.505031561754793,0.7181943574240749,0.5085067786453051,0.8672177908728561,0.51885234261462
1,62,0.5819293076172819,0.5019921198408346,0.688761046920352,0.5219805308212342,0.8050975177669434,0.5277549508458742,0.576287594197045,0.5131013466689708,0.7128617486401003,0.5081958680842977,0.8755755142635148,0.5178180326298124
1,63,0.5788603999512003,0.5018717936849865,0.6950853816401469,0.5204032399186418,0.8162585512207564,0.5264988675677493,0.5820644754164259,0.5046668966721617,0.7172463875904151,0.5071690146002966,0.8706997844320276,0.5068381575999206
1,64,0.5796945602153726,0.5019293345913219,0.6954234938170577,0.5188972626713431,0.8262851510052156,0.5245117221359011,0.5871748575462467,0.5043298052164302,0.7156787129525616,0.5075847020451774,0.8704235141523873,0.5068093298948948
1,65,0.5831399419828844,0.5018140830123476,0.6938075581442754,0.5198464244730586,0.83527726267657,0.5226446263517428,0.5922942054158351,0.5040107158369386,0.714010650345042,0.5069569962912577,0.870049737619664,0.5084413999215136
1,66,0.5859005600508318,0.5017017645428936,0.690498843049907,0.5183264769668866,0.8435215085211786,0.5208931441386149,0.6005502306384358,0.503709333486566,0.7165738377474719,0.5063723634604718,0.8695147810360221,0.5082387645028587
1,67,0.5923765304614236,0.501592744881755,0.6897051618495765,0.5188039257647282,0.8504089674662826,0.5209835649757865,0.6046290055084962,0.5037380046615778,0.7135420180773049,0.505829160296595,0.8693933619960602,0.5085572821663951
1,68,0.5997345102002714,0.5014873491528987,0.6909573838529065,0.5173517870636805,0.8566279420493841,0.5215231221410532,0.6106102011041403,0.5034574153559048,0.7103001344963159,0.5061295749143904,0.8689378089108126,0.5087736864709012
1,69,0.6076750264884369,0.5013858585019585,0.6566215584646011,0.5159819764024508,0.8625091605523937,0.5200377456202134,0.6158689040757283,0.5038333582679924,0.6694880734590436,0.5056244491754621,0.8732343877713843,0.5081861631005286
1,70,0.6158537027009093,0.5107336731947972,0.6243507990555192,0.5047128351961793,0.8656389168250659,0.5234963861015208,0.6197789321557077,0.5141384822913343,0.6312658326787303,0.5031888667568923,0.8752002707857279,0.5082929656077432
1,71,0.6217854115301541,0.5016228337297789,0.5993419028974035,0.5297301521139106,0.871130178961589,0.5188146100682794,0.6260682160192391,0.5034913413327987,0.6013075441699778,0.5054396106327004,0.8806060571612032,0.4999669674537749
1,72,0.6250015403216419,0.5091001120095456,0.5723501866501224,0.5340799243995743,0.8871357743794928,0.5226483923560205,0.6317457797904112,0.5033878907715167,0.5715883497841118,0.5039327399884865,0.8696824357361411,0.49999619681213026
1,73,0.6360247037829694,0.5013924800882674,0.5561884199274792,0.548755534690022,0.8774360551795246,0.5185776140585393,0.6369544605434885,0.5031458474215844,0.5612578185439376,0.5036046579851613,0.8694134302366733,0.500025306377241
1,74,0.6395199895780984,0.5012859940718265,0.5471085661305785,0.546396113132709,0.8695632651808775,0.5178669246128657,0.6377985166756656,0.511464262245126,0.5557873342328168,0.5050997838826283,0.8714565479092415,0.500056508868098
1,75,0.6490487665065318,0.5011854069849421,0.549378226756038,0.5432085885659638,0.8625742239702529,0.5176188540994009,0.6451931470500692,0.5026999629657937,0.5639854712437654,0.5044270656213244,0.872576891666866,0.5100456803423791
1,76,0.6551259773881336,0.5010907226183496,0.5533327235310231,0.5401483855020149,0.8680953908158725,0.5176740327530629,0.6484914427443824,0.5026425951275727,0.5716318745344117,0.5044553529183603,0.876391418134938,0.5094047788918121
1,77,0.6586611543212254,0.5010018906503967,0.5562348261310146,0.537223220591955,0.872855693598176,0.5179049053400009,0.6495964427506198,0.503293638632818,0.5801631968519854,0.504736847120447,0.8751297931330675,0.5087835274753878
1,78,0.6638965670520875,0.5015819917234696,0.5602945966556699,0.5344388133383494,0.8772327962571189,0.517277830813482,0.6489251512104248,0.5033797089851949,0.590579363591204,0.5044237587783702,0.8741055072184568,0.509131185199378
1,79,0.6645356225794692,0.501471125663206,0.5662903125501356,0.5317989603510563,0.8812201973826809,0.5169010291264768,0.6478572121838437,0.503140749213284,0.6039049364930782,0.5051487195067085,0.8637216722950397,0.5096113439467467
1,80,0.6670306464628617,0.5015510929073789,0.5750890066558095,0.5293056526651142,0.8848265208857179,0.5159272121703823,0.6472573769204581,0.502913428820827,0.6162260929459414,0.5047948294789979,0.8548002027226509,0.5089747192551618
1,81,0.6679108750543659,0.5014481165756823,0.5814965473398482,0.5269592261263722,0.887778053935361,0.5172206371019936,0.6443290286221369,0.5026977769471178,0.6224383071350472,0.5054988934375788,0.8510750522129428,0.5083610306569926
1,82,0.6717356904851756,0.5013493914221686,0.5882747651315892,0.524758534869059,0.8799057666050818,0.5173457485409984,0.6437415658189878,0.5026636593217434,0.6333328191030116,0.5051057786829003,0.8434749750345479,0.507771958848886
1,83,0.6752391629264276,0.5012550200827375,0.5952232009226182,0.5227011385124068,0.8723048667836012,0.5168112412151672,0.6389443741176181,0.502586841743274,0.6397998016193781,0.5050313069323991,0.8632275542408758,0.5086423440934454
1,84,0.6763119226772788,0.5011650755932576,0.6031792108731847,0.5207834947240068,0.8661595774143548,0.5158825664959641,0.6438062563920735,0.5026049067724836,0.6519443240407726,0.5043770858534649,0.8455590824574283,0.516187351306113
1,85,0.6787568387007122,0.5010796014147676,0.616146344818885,0.5190011500730113,0.860596485494236,0.5149768891558131,0.6431604727053983,0.5027331064058058,0.659243332409789,0.5055580899828271,0.8472429353878619,0.5150024132667611
1,86,0.6793522560122717,0.5013673264097032,0.622247503854926,0.5173489234834275,0.8555661388796081,0.5140955404078899,0.641149284419334,0.513218965833258,0.6620740540042538,0.5066408973598264,0.8443687488285861,0.518293784880549
1,87,0.6816503755193322,0.5012696818918122,0.6297581621728037,0.5158210779814336,0.8508161388674511,0.5132399307927505,0.6499339024912805,0.5025173504914109,0.6728029011750195,0.5062106046000335,0.8500525403471235,0.5239387509832003
1,88,0.6838805437157446,0.5011765968026962,0.6349513248672326,0.5144114777264958,0.8461923914007244,0.5140839771334288,0.6526076207163459,0.5023431881806197,0.6798702246601994,0.505784851614967,0.8467971116838388,0.522673664383508
1,89,0.6842491680755319,0.5010881772050558,0.6395779502431115,0.5131137284688193,0.8530511376681303,0.5137245057761834,0.6513854068232493,0.5125926287459391,0.6843269188056353,0.5054015783952707,0.8348369334197957,0.5161307456587839
1,90,0.6899568427660935,0.5113630218780708,0.6381867881272411,0.5055161123138132,0.8017939559236015,0.562772483635511,0.6577503772878248,0.5023720189221809,0.6900342292075361,0.4955828563074146,0.8273621720818553,0.5205470418325431
1,91,0.690684619048751,0.5047716875113764,0.6518772064043692,0.5295903201293266,0.8533432603175813,0.5122007624694744,0.6621846093494558,0.5022636619813193,0.6895183027831339,0.49610947261954635,0.8075611506599017,0.5377429252964645
1,92,0.6914855727208732,0.5144603627382767,0.6525353074606541,0.5062785392702673,0.8268558429464465,0.5144966700052022,0.6597101091974933,0.5064300631676665,0.6978450882420768,0.4961424372661456,0.825451797883313,0.5175788789994314
1,93,0.6925358432049797,0.5138220310756394,0.6564704383577316,0.5426610705949187,0.8113920292942932,0.5144346240808383,0.6652796869798564,0.5059756267652059,0.7024071759502258,0.4969292597843961,0.8245938225537722,0.516219923082475
1,94,0.7002576132038894,0.5040891998244365,0.6621314414678243,0.5344206551561349,0.7985421007899788,0.5331196412134357,0.6706651076010707,0.5055411158311509,0.702289769546101,0.49717630598059737,0.8143236709520218,0.5154205547017865
1,95,0.7030062457802355,0.5041514149916347,0.661793817853815,0.5323264182860853,0.7998145979825004,0.5309718632999029,0.6681610224915504,0.5053447999801962,0.702405902776145,0.49741002952373453,0.81914707880784,0.5142161905891312
1,96,0.7031654512673212,0.5038419865834778,0.6631169402805378,0.5325969966697948,0.7900203053767035,0.5288997500620831,0.6676400695811959,0.5052702480892485,0.7027289856347667,0.4976299469703315,0.8189406760736351,0.5134591331404307
1,97,0.7036402347057465,0.5035484985470224,0.670272854710303,0.5304708146731018,0.7901119332454003,0.5269084882757503,0.664672319842481,0.5053136959317579,0.7024818723236642,0.4978358291906678,0.8189287432198722,0.5124028615112263
1,98,0.7059235075801276,0.5032711750071259,0.6691921795410556,0.5304583401187448,0.7918001841233525,0.5250022506673535,0.6617939590081047,0.5053487428645547,0.7006971807792085,0.49802767344943694,0.8191564538542094,0.511415039738515
1,99,0.7079041799998536,0.5033476470805839,0.6680287460674936,0.5283690697590813,0.7829822223325301,0.5231841938692176,0.6595631214048684,0.5049405977063157,0.7034543966463712,0.4982056721211866,0.819083613587368,0.5104929531263902
1,100,0.7079573690994236,0.5030855316575045,0.6671751287686616,0.5263637217514623,0.7750104727493833,0.521456481351686,0.6507693805420617,0.5051181595880581,0.7131829254773142,0.5228224779467194,0.8007129360425594,0.5090714152304933
1,101,0.7156967983397303,0.5008391238577858,0.6604982621285266,0.5226280223639559,0.7438021314983946,0.5709406639133677,0.6555572367979138,0.5089766213835446,0.709543682658761,0.49984479158936723,0.8195157326500725,0.5096236240940519
1,102,0.705076706586453,0.5060222149884197,0.6582320698564452,0.5245901365557506,0.8005957512772733,0.5248812949749365,0.650039158895754,0.5174628370908895,0.7037672839994321,0.5001533067822501,0.8165122064697347,0.5102030405469026
1,103,0.7082475131683391,0.5052510694155401,0.659379884725322,0.5208906509219113,0.7599087052926751,0.5437239221285061,0.6539179723808932,0.5076708481719482,0.7164177758620537,0.5013122633078401,0.8188636977037177,0.4996659671851317
1,104,0.7080837292752341,0.5048965144942388,0.6572213037388082,0.5192550661177068,0.7653721609119535,0.5406179822155591,0.6503895399044684,0.507070705558201,0.719817321672703,0.502220614382883,0.8144457944846402,0.49957521929692067
1,105,0.7078839814310802,0.5045550722105181,0.6558224054394609,0.5177151605346763,0.7696037129649395,0.5408808980774217,0.6489527341655741,0.5069409260961798,0.7200931729678753,0.503233042224851,0.8149144276634176,0.49950933691112864
1,106,0.7095977664231344,0.5042277481555808,0.6541940492143774,0.5180692792398359,0.7844866710790106,0.5380126836457932,0.6523456382168376,0.5063813112095584,0.7207233110919508,0.5041096083106373,0.8200744906703485,0.4994643889388001
1,107,0.7147532087886769,0.5043426808439561,0.6522043617435026,0.5166326787984692,0.7978353702832924,0.5352801723573719,0.6548576354434957,0.5061441909711689,0.7173360197519283,0.5049607144599402,0.8199867115617538,0.49943683746819423
1,108,0.7071562254985285,0.5145739717350946,0.6487476563709628,0.5178294595113683,0.7919504763102538,0.5396564987448872,0.660797915532319,0.5059675093337186,0.7124926529150861,0.5050825087090707,0.8247828184711115,0.5014247934894391
1,109,0.7096085578494485,0.5051730966927396,0.6529069681099612,0.514024625761368,0.8193155425071589,0.5532494066502569,0.6625216225862575,0.5058358903166374,0.7119385946965316,0.5048122527478363,0.8289471973929536,0.5026414351476961
1,110,0.7090416856807398,0.5047931877650393,0.6549430086669243,0.512849125783552,0.8291533139011126,0.5494454854203685,0.6582453492261646,0.5140245781516921,0.7048812473343653,0.5040840414226181,0.837640311492167,0.5018658865021998
1,111,0.7088212792335347,0.5044320333114926,0.6512653211182532,0.5117557573711414,0.8379622673622896,0.545826940089002,0.6637676162970317,0.5051264815402172,0.7090065620010971,0.504272959723941,0.8444062197055439,0.5130016914559093
1,112,0.704561894816898,0.5040900344834232,0.6503854108009797,0.5121497887149037,0.8457739533954491,0.5423958498373443,0.6632464617170972,0.5047135125790314,0.7063085055170703,0.5040082554569685,0.8512710829093822,0.5125119701771155
1,113,0.7007588125895834,0.504030823522456,0.6527119486295231,0.5111678527980849,0.8526153134857172,0.5412136704543583,0.6588192123417209,0.512504801929035,0.6989884607517313,0.5067666703210837,0.8503203052074968,0.513349453587927
1,114,0.6625381915273943,0.503718700138748,0.6558821960241065,0.5102527329535602,0.8587219851614846,0.5391584972224053,0.6330278327542556,0.5042046043609484,0.7040271648958801,0.4960814760925637,0.8444395746807252,0.5129924894147713
1,115,0.6335558347133773,0.5036699691605904,0.6620335757710613,0.5094014315493447,0.8534435686583316,0.5375437196720007,0.6173584918079377,0.5038633452667397,0.7041413196738225,0.4963373961928108,0.8422103674375624,0.5121685213909208
1,116,0.613277118614603,0.5033871206477063,0.6669346913792665,0.5086108966768321,0.8491865922583874,0.53480265233085,0.6112215877893447,0.503545363370363,0.705921534578122,0.4965862402542017,0.8401103921323436,0.5137666731115271
1,117,0.6071906739210039,0.5031210401164405,0.6662055418426925,0.5078780542443728,0.845074296452123,0.5327421940143395,0.6125638186668771,0.5035421346355955,0.7053130831941953,0.4978344204578653,0.8428081905249927,0.5130880846059754
1,118,0.6034974975458607,0.5028714090461656,0.6679341869605707,0.5071998344563584,0.8416196930817419,0.5303216621028514,0.6173555949176975,0.5036944909655542,0.7046496910518978,0.49799853678522377,0.8452152559631063,0.5122141610665946
1,119,0.6059647876647951,0.5026378189424084,0.6690067719499969,0.5065731937292013,0.8380079735018648,0.5287645250122075,0.6213451785836628,0.5040221077522147,0.7049924530791993,0.4981545557004495,0.8473160441938113,0.5113751650997064
1,120,0.6062844208712728,0.5024197851268044,0.6716960019252645,0.505995132965699,0.7703489618644526,0.5266340811632941,0.6242604235628327,0.5037160985174461,0.7094984550846997,0.49890594175282416,0.7784970377270026,0.5105727545616804
1,121,0.6121695219385332,0.5026422809076683,0.6740137907996242,0.5054627129359931,0.7093395290768981,0.525230338802615,0.6287593223313203,0.5038359413999719,0.7144696411242153,0.49967567468712054,0.7163581523215782,0.5100688363833455
1,122,0.6153987797343604,0.5024244684286231,0.6763113294428964,0.5049730673295956,0.6540245578883593,0.5244782640117525,0.6286795176703437,0.5091321442900067,0.712687430210058,0.49945026438106105,0.6592864415140531,0.509006563795665
1,123,0.6200236779852157,0.5022215455469786,0.6780119383080262,0.5045234138731262,0.6047804724047486,0.5231266182610335,0.631879040306803,0.507991489591495,0.7125387677523458,0.4991474313703074,0.6118624691485182,0.5212240814627443
1,124,0.6266277788588829,0.502291798944475,0.6780251892357823,0.5041110637677061,0.5608137476414953,0.5215148929921166,0.6364723029875629,0.5048091859034949,0.7158985424686847,0.4905286845363748,0.5716948109432634,0.5175459817002755
1,125,0.6291828275617491,0.5036192439916916,0.6737287441589043,0.5071334456390203,0.5141642293076966,0.5216100694959221,0.6408466876955835,0.5044484038430473,0.716372107391211,0.49173863061827533,0.5297059694860272,0.5162991533495037
1,126,0.6392143083996141,0.5019374972199001,0.6776406727782829,0.505604780543979,0.4910346573963755,0.5394059709940701,0.6442943948416293,0.50454595305461,0.7212950290596417,0.4923940741404611,0.4921463305869126,0.515112777954402
1,127,0.6416527033810789,0.5017780844074511,0.6782480117907687,0.5051314766722484,0.4683084972174103,0.5374296198209683,0.6480771231338052,0.5041942647795764,0.7178635913360103,0.4930115302087609,0.47233031511717005,0.5147122071836272
1,128,0.6408335336511138,0.502044334305768,0.6785171968722242,0.5046926722639864,0.46842152461536546,0.5353575677043942,0.6450443893534437,0.504065822285011,0.720256253000125,0.5150687608176753,0.475749434988972,0.512953684783044
1,129,0.6476478857810668,0.501879091700883,0.6829834186642916,0.504286576881021,0.4789382606845135,0.5328995997305903,0.6529276534441644,0.5080709602150002,0.7093962755972637,0.49413257473055094,0.47849281979136044,0.5136132067188578
1,130,0.652411261627537,0.5019599637008089,0.6824385440091777,0.5039114122560404,0.4987650514959097,0.5305632126503981,0.6533028436618086,0.5074880421333535,0.7106463292618317,0.4946371968313685,0.5169766651591026,0.5126178141384464
1,131,0.6583210995735327,0.502050138672503,0.682109089028307,0.5059463706969475,0.5193718603359595,0.5283476906539751,0.6487245478608545,0.5074833006382997,0.7044905357155284,0.4972535006853499,0.5493886127343156,0.5127503799426021
1,132,0.6630297090623622,0.5019029725695174,0.6817590924769049,0.5054636089901485,0.548786823491253,0.5262517461927055,0.6503159521884467,0.5084600240686272,0.6997721765813216,0.5062375235208351,0.5774929668345041,0.511925684017579
1,133,0.6647509381472783,0.5017637105751093,0.6855946341838612,0.505013008985286,0.5640031894789358,0.5242735554658949,0.6524673790285046,0.5075678080831953,0.7050745013701948,0.5157191930663615,0.5961287461562951,0.5113178359891746
1,134,0.6632474304033009,0.5018221912865397,0.6872225918408371,0.5045933610879396,0.5771613923079986,0.5233730408968708,0.653013356063737,0.5070007630000253,0.7070768316469879,0.5147060209380829,0.6183148231731389,0.5104642353265332
1,135,0.6576961826711961,0.5016956734468083,0.6866723275205933,0.5042033921691499,0.6005193234080141,0.5236784041405139,0.6598221534430224,0.5064637481182638,0.7084030526603812,0.5137222702100506,0.6337557328811843,0.5101332212250436
1,136,0.6528105318471713,0.5015755230839761,0.6864145975388354,0.5038417756612661,0.6321789780758446,0.5230559672631384,0.6615482070447091,0.5059569660436875,0.7117379070215373,0.5137759104559706,0.6620804411364769,0.5104120776201613
1,137,0.6564186107503018,0.5014616064593005,0.6860033307926832,0.5035071434875997,0.660484806991403,0.5213657860951221,0.6625487459208164,0.5057211253081627,0.7157798307163553,0.5127967030636167,0.6874322016305493,0.5096221091334682
1,138,0.6576432119345386,0.501353795774938,0.68781586496424,0.5031980990816258,0.6857422793857849,0.5216049521802226,0.6642604406256362,0.5055563079487803,0.7186499700127388,0.5118594896795725,0.710473373759782,0.5098965903533261
1,139,0.6567450321296869,0.5016435724403053,0.6851362001369183,0.502913230809922,0.708586551562845,0.5200912188258255,0.6654051146912394,0.5052883084048668,0.7210906476713742,0.5109666382236611,0.731304383514149,0.5091297457928172
1,140,0.6663434012989402,0.5015233194404559,0.6822011086311038,0.5026511252020496,0.7293894859361175,0.5186573660219306,0.6669993239664423,0.5053932948775569,0.7275013035131211,0.5101197880792776,0.7498240885105028,0.5084091659080007
1,141,0.6701343115166274,0.5014092636991041,0.6824525723524603,0.5024103794982373,0.7480101466754215,0.5180332088862293,0.6648902456352996,0.5089601753381877,0.7275004271863924,0.5070559991632221,0.768797043160416,0.5082056276582709
1,142,0.6740884473183562,0.5013014034949491,0.6805380573700596,0.5021896131409669,0.7648377895879116,0.5167574541649786,0.6621779137387549,0.5049168176768049,0.7387977483040167,0.5402384630390343,0.750941273248372,0.507816258376914
1,143,0.6800913173525152,0.5016153015608665,0.6763728887268136,0.5019874779500321,0.7797071653268046,0.5165240984735541,0.669532337088767,0.5087593561450429,0.7284269367319061,0.5162357461542489,0.7714367200998341,0.5065129210177437
1,144,0.6877516727725429,0.5015312263374568,0.6784613621249999,0.5015773591230694,0.7566988015710473,0.5364307136998709,0.6705397301384748,0.5082465293528318,0.7240621395417868,0.5160479909357525,0.7810540483897614,0.5065376489596389
1,145,0.6854829504580469,0.505532953837338,0.677788661464998,0.5016339209121973,0.8058006216183051,0.5142895649632123,0.6691553320813505,0.5079434062084139,0.7220551575696758,0.5149240414005106,0.7850229490977023,0.5060135847494128
1,146,0.6895415226178562,0.5051441975969192,0.6758172969491308,0.5014800352406545,0.8167957396666102,0.5147148103886784,0.6674127134244291,0.5074646752922379,0.7221785961852683,0.5148514029856832,0.7931714606571814,0.5055245947553902
1,147,0.6919536110304286,0.5047720678287536,0.6758624547062538,0.5013398629046234,0.8268518484593752,0.5136945661010748,0.6667016132545132,0.5073526167411477,0.7227181046353036,0.5147790079170612,0.7912220843502609,0.5066537201696877
1,148,0.6916989059328111,0.5044173514686278,0.676133702008788,0.5012123178931569,0.8251582091391411,0.5127242671725474,0.6640800502131475,0.5068020467871819,0.7208308360561194,0.5136726140369177,0.7896568789942848,0.5061543416720027
1,149,0.6894511306000913,0.5043979671886307,0.6781977934082061,0.501096376709674,0.8233225529873069,0.5128338592756664,0.6599672129825248,0.5062826114132207,0.7154852503627862,0.5134683829626879,0.7929452211335994,0.5056834540370536
1,150,0.6876618491622962,0.5040648697083453,0.6758994979388567,0.5009910789317048,0.821449839819577,0.5154266151296427,0.6614425898818947,0.5057938436293161,0.7082446033417596,0.5124331382282958,0.7957854413912154,0.5057680512746318
1,151,0.687671564985673,0.5037497066288698,0.6759784072400361,0.5008955268680108,0.8090263070598837,0.5156028330798823,0.659083102562796,0.5053351076244745,0.7058739693415911,0.5114558169086133,0.7937707201477499,0.505341228634911
1,152,0.6857174625336078,0.5034525950065452,0.6777895891628035,0.5008088844671563,0.8091612689931205,0.5145991177656105,0.6569866483160398,0.5050447279478976,0.7036608406163971,0.510536436665705,0.7918710089209546,0.5058645231924115
1,153,0.6803986491323984,0.5034967262446717,0.6781694807916884,0.500730375623232,0.8090888575681676,0.5144917516435309,0.657279914919253,0.5050565338713391,0.7038449218698574,0.5096744596980773,0.7945298199896316,0.5054300011375741
1,154,0.6768167006473487,0.5035037201199164,0.6841888379671606,0.5006592820123901,0.8086691886969719,0.5141780179247153,0.6574140711544423,0.5046562782576566,0.7039736459483542,0.5088688609361944,0.7970025379809634,0.5050190569977885
1,155,0.6768498177762307,0.503233092207008,0.6818737078023823,0.5005949405796846,0.808472938225826,0.5132947310080097,0.655370010025727,0.5050689277628905,0.7003459241134902,0.508118198898732,0.7992956594996011,0.5046314301425894
1,156,0.6760405535116477,0.5033377867785441,0.6816461050447172,0.5005367407806236,0.797942117864704,0.5124442397652915,0.6541820406815767,0.5050150483140797,0.7004416449429907,0.5081892746124402,0.8105437746968307,0.5047724080216457
1,157,0.6791732851303508,0.5030788285106458,0.6818071551054797,0.5004841216667415,0.8097655060441628,0.5140080735171995,0.6525385406689272,0.5050541851605341,0.6973684112568822,0.5075077301946276,0.8210763846445219,0.5044210440692752
1,158,0.6837878971449798,0.50307568250848,0.6817460715630788,0.5004365688900271,0.8095993802745215,0.5143437172043178,0.6509700383173013,0.505218367954725,0.6958740025251396,0.5087414521209007,0.830478684949077,0.504089265529429
1,159,0.6861962751834625,0.5028405486165564,0.6813145519162723,0.5003936116876258,0.8202186019595175,0.5134057292570214,0.6475667946354351,0.5057409102245591,0.6988783417599866,0.5087831484339065,0.8386412458869581,0.5041744353497897
1,160,0.6882839095256627,0.5026192205869553,0.6810684806060119,0.502732330295614,0.7547062558254709,0.512504065506218,0.6449049746489329,0.5056371151503353,0.7012187385179764,0.5080943460327354,0.7712244651883671,0.5038787220504506
1,161,0.6899653892113795,0.5024114168934197,0.6811538882146948,0.5025336255905121,0.6959142917188289,0.5116399323447626,0.6427217212767056,0.5052436437701907,0.7036156297057613,0.5074482867818242,0.7104585011483472,0.5035990625122955
1,162,0.6863771024912624,0.5069464935309267,0.6800878386903759,0.5053065464707434,0.634386618727044,0.5156118017105235,0.6327527441692657,0.5095489303933037,0.7054643538360826,0.5302501500804937,0.6448742548764985,0.503334747078663
1,163,0.6877742638151887,0.5043952956679314,0.6815590066549794,0.5051128166708486,0.6026758260248587,0.5388316786403023,0.6406070740675709,0.5063047238272198,0.7019918186892545,0.5156317651916854,0.6174533622004948,0.5032917285126931
1,164,0.6941563451542053,0.5021507153918383,0.6870918849290301,0.5278650987248631,0.5854266646105948,0.5324361783046686,0.6420894293015998,0.5093318653776953,0.6973927981094061,0.5161474577849907,0.5948047123841113,0.49068387502713623
1,165,0.6919640609049985,0.5079821832276313,0.6848883482882152,0.5300806006960003,0.5347623541078953,0.5136453085305418,0.6504649301446307,0.5010283458846582,0.7053461139450338,0.5337506935780072,0.5989507230326807,0.49390296059187966
1,166,0.6958688219087721,0.5022399921735985,0.6835539187595097,0.5454550190836173,0.5403755348689977,0.5281076582914028,0.6551763211129257,0.5014344792020183,0.7050050730236487,0.5313900753332519,0.5871720318227795,0.4943176338710382
1,167,0.6953316425219424,0.502083062623769,0.6808799565257556,0.5421947291469404,0.5456371698959089,0.5260831060034621,0.6550182105666167,0.5016299366544249,0.705897163827706,0.5296764873360856,0.5861792662942052,0.49621164708078747
1,168,0.6927285494226361,0.5019342382159306,0.6786615093296313,0.5414223974941014,0.5504589836299192,0.5241561041264803,0.6563651534085327,0.5015589863569201,0.6995386615351846,0.5275050693858537,0.6049965852790711,0.49745082707131844
1,169,0.691811182020642,0.5021320583781971,0.6797050650493589,0.5383034688656946,0.5521128741481522,0.5223285745409911,0.6588527308558044,0.5017661402385247,0.6939809377715926,0.5254389229359109,0.6208488115779792,0.4980521213220613
1,170,0.6892318764197234,0.5019965927247999,0.6757795080879778,0.5353470976857448,0.5564125659961946,0.5206013950953102,0.660946516718495,0.502150455082397,0.6928862935628871,0.5234808081707917,0.6363306620309651,0.4982732327843993
1,171,0.6870902538247322,0.5022942378719675,0.674527686679862,0.5325558336153432,0.5694064858952523,0.5205434706576132,0.6607382851041502,0.5100166945152881,0.6870914911514484,0.5182814964566477,0.6395293716705301,0.49837165323004395
1,172,0.6889539070708849,0.502140715050324,0.6714665519175708,0.5299302641769782,0.6046670786339227,0.5189565964047357,0.6650794324466544,0.509649106076342,0.6854709631598184,0.5168324595148757,0.6515806705627738,0.49856729741952027
1,173,0.6905203839625453,0.5019939209348818,0.6679775691801623,0.5274692183577209,0.6362928192991824,0.5174630494443246,0.6658222856141652,0.5019940953741647,0.6925502864130937,0.5304103798494901,0.6755809880764299,0.4988236828246047
1,174,0.6900143018125867,0.5020293547788278,0.6673022595916135,0.5251699890799161,0.6646700177251158,0.5160613970123435,0.6649314585724047,0.5024452628459751,0.691628980475894,0.5284281194331937,0.6838759842468373,0.4989718966315098
1,175,0.683872141855641,0.5018945734598007,0.6641521232604917,0.5249760278115021,0.6897781636825903,0.5147496289368677,0.6641149597998537,0.5023519262869248,0.6886493816478151,0.5265241125821285,0.6923500602645811,0.4995166260793653
1,176,0.6838542146048053,0.5017656284934587,0.6637119599345815,0.522883621163375,0.7017264484965171,0.5135252389792517,0.6676117549250616,0.502254931226084,0.690985124043812,0.5247006166019456,0.6997559376268649,0.5015847450359503
1,177,0.684485400337236,0.5016425410409665,0.6652654855685909,0.5209372664425336,0.7124832349307466,0.5123853052796415,0.6688741786027096,0.5023645426087103,0.6924461391019784,0.5229593257037581,0.7116724595797529,0.5015588298412932
1,178,0.68479251941698,0.501739770680576,0.6645541136012353,0.5212401894506012,0.7110458654528934,0.5113265683692721,0.6704679789822554,0.5022590369536903,0.6933137729267461,0.5221927848220347,0.7223081072603008,0.5018694623151065
1,179,0.6836392673400437,0.5069982146592897,0.6586914246635833,0.5219058827266666,0.7100982254514729,0.5116786830881886,0.6712407149414102,0.5025528179121718,0.6922973576100451,0.5210669716906855,0.7273120219534279,0.5028651333454932
1,180,0.6856549248349203,0.5016842343413276,0.6648996492860009,0.5392047699140987,0.726021714351467,0.5114981306301101,0.6718653999825623,0.5025451596990477,0.691351264668742,0.5205585206701447,0.7273396126625419,0.5027378070413582
1,181,0.6832933708358625,0.5015761750370231,0.6676138884008852,0.5361832754573747,0.7453017934821864,0.5125301087911518,0.6703816260515405,0.5082733682048323,0.6860239030453589,0.5112137051329609,0.7320117746603726,0.5018177441456839
1,182,0.683488505122062,0.501472237312731,0.6646539377363389,0.5333369716332319,0.7627753743871278,0.5115177596504413,0.6727444397618766,0.5028933694017095,0.6913736729264897,0.5243533249335288,0.7395183823482411,0.5024701262596414
1,183,0.6824552012752596,0.50137251135318,0.6640341213267464,0.5306636139503017,0.7784329169853835,0.5105721314830104,0.6715560305647637,0.5027448652322589,0.6965226392775696,0.5237185624019371,0.7427708181404263,0.5033742160049326
1,184,0.6810057133247782,0.5016923405372289,0.6631804758968036,0.5281598864664646,0.7922469416081784,0.509690859308148,0.6700079281904333,0.5025966102787512,0.7032505802034354,0.5221212227159306,0.7459896980696684,0.5031656623673253
1,185,0.685328127336738,0.5021845373736762,0.6624045618861687,0.525821511923858,0.8045472932814953,0.5112520721187693,0.6707546939452647,0.5024495356670077,0.7031283464939341,0.5215293359349595,0.7487405675662672,0.5029612362181584
1,186,0.6892993103001401,0.5020396251937964,0.6643052059406938,0.5236433743430482,0.8155270960699986,0.5122430830389901,0.6654770749874699,0.5023045070355294,0.7053185364810184,0.5200099455779038,0.7561531730436154,0.5027622563249592
1,187,0.6930308882221673,0.5019003971530251,0.6661346315697092,0.5216196494431845,0.8257927881753233,0.5112817507313133,0.6584714419151629,0.5024067448862358,0.7072025100930578,0.5185610578166083,0.7627752042658749,0.5038723214075227
1,188,0.696236430676485,0.5020245428151597,0.667135975384701,0.5197439381970997,0.8348879975899864,0.5103796669209265,0.6579507854653032,0.5022615654691852,0.7070385031601137,0.5184655456428938,0.7637673872891301,0.5036393555315805
1,189,0.6990620129027533,0.5018891520409914,0.6662366153808248,0.5180093991214139,0.8427643171909437,0.5127530367741581,0.6561336204383315,0.502119580838225,0.7069461692869543,0.5178903537690185,0.7600282786660912,0.5043682116757628
1,190,0.7015837759292289,0.5017591028694651,0.6671267984892955,0.5164088754532032,0.8502566298577474,0.5118292355817152,0.6578931663350083,0.5019814510170804,0.7068411957349152,0.5165754544079728,0.761265627963087,0.5049017647422402
1,191,0.7039730296557034,0.5016346212409303,0.6699874726976626,0.5149350140806853,0.8567333175699129,0.5128218215336462,0.6521989410637608,0.5123037723676153,0.7014650849816869,0.5174230184348926,0.7538410747104233,0.5045583140060457
1,192,0.7076806569517683,0.5017162332273626,0.6749379876396476,0.5135803738852752,0.8625801808282455,0.5128518891921329,0.6542208881800421,0.5023458596231751,0.7067238824933436,0.5165728333069005,0.7678511830521588,0.5136575459575041
1,193,0.7038721819175793,0.5016001376864935,0.6751495057900505,0.5123375219402684,0.8567957380635011,0.513967900044556,0.6476762161217203,0.5095449860390532,0.7015346211007876,0.5152045781609115,0.776851119911237,0.5140625370391991
1,194,0.6986177062435789,0.5014890229607786,0.6756085476046925,0.5111991167399828,0.8518581099789279,0.5167334949075885,0.6499673148401055,0.5020384558642356,0.7065342219815257,0.524063844767742,0.7853173910799097,0.513050217724474
1,195,0.6915237852583195,0.5013829948807744,0.6774458625534004,0.5101579782647381,0.858416698123308,0.5157202446364045,0.6508001110950998,0.5018938847890029,0.7062141537113465,0.5222945902422469,0.7937982612801737,0.513121072088764
1,196,0.6874293442887527,0.5012821246262493,0.6780568904038239,0.5092071452015926,0.8535562682986381,0.5147354165182861,0.6538595359513352,0.501755843175995,0.7023090896256147,0.5212552692307023,0.8058563022616083,0.5121806679099079
1,197,0.6835632478216146,0.5011864483284659,0.6783540700191049,0.5083399200330205,0.8489639555186802,0.5144716867708883,0.6520869231418188,0.5016245529323127,0.7014055481272059,0.5196449955515401,0.8120459795875298,0.5112827825499421
1,198,0.6835177668733531,0.5113321489474224,0.6736727006862122,0.507364820797857,0.8216354767548041,0.5148906565495996,0.6487542847599344,0.501500153076788,0.6999115937875074,0.5189944946072131,0.8176792696993083,0.5111124003337386
1,199,0.6899091661394263,0.501299826947613,0.6797729832780595,0.5277178875720998,0.8200223046996095,0.5126763003724176,0.6515129393546871,0.5017869357895695,0.7003301933517635,0.518229813026191,0.8225937999525322,0.5106943984144107
1,200,0.6915979564079836,0.5014336155894239,0.6775171438188088,0.5278386220744551,0.8294571764037599,0.513117807945792,0.6519951814707632,0.5016511978764256,0.7010958232409422,0.51723698875856,0.8220689561288119,0.509901709301503
1,201,0.6930952611179222,0.5013409953121686,0.6772919189456815,0.5257613656318295,0.8271435119616438,0.5122724418681688,0.6484929374843255,0.5025067988760135,0.6926361385407868,0.5152431479161659,0.8201591759568961,0.5097611381598239
1,202,0.6903086353531143,0.5065517343171193,0.6707796573216837,0.524164610099486,0.8335759189232999,0.513770752340602,0.65370642928879,0.5018068842637439,0.6905840121157351,0.5249346765144871,0.7954248768681801,0.5095387638673162
1,203,0.693560013563573,0.5015208539459509,0.6752926497162254,0.5002397375340547,0.8103448261003418,0.5121804417697943,0.6480165539296381,0.5148769897399375,0.6791481942067745,0.5258571315618183,0.8015579516988047,0.5075401355843632
1,204,0.6923587480262638,0.5116161576063123,0.6711559870736289,0.48243611661634905,0.7805089612307632,0.512767673173587,0.6573099131872172,0.5011194911832487,0.6870870866805765,0.5400232903022095,0.8011838215880722,0.5081853982142558
1,205,0.6939819655594491,0.5013169568229993,0.6773378272523364,0.5155471439690488,0.7978919562510738,0.511710547645792,0.6555617213959959,0.5113684814818928,0.6801016043376491,0.539524484380056,0.7901239111107853,0.508067571725876
1,206,0.6969097590997441,0.5012214901943072,0.6769612424065394,0.5148151828838496,0.7987020496785082,0.5109437899543833,0.6618987387348166,0.5006060809071731,0.6821410496562151,0.5350791495567331,0.7931891179544668,0.4976048816032571
1,207,0.6991918544674588,0.5013555059793308,0.6766866161856436,0.514071564541473,0.799173685166287,0.5102055839685735,0.6636328484776998,0.5005599244486784,0.6798534545077116,0.5323728115041708,0.7905040544749055,0.4977024318834428
1,208,0.6959137682826714,0.5012640681785854,0.6785337366729024,0.5133219844219631,0.7892836030935902,0.5094973394286587,0.6582941239738288,0.5104635457457745,0.6761071813222296,0.5446451932997586,0.7651487614979736,0.49889206041305273
1,209,0.6970632544415813,0.5011764008467744,0.6805700656118302,0.5125721410964171,0.7804224178622494,0.5088202022353839,0.6599421379024354,0.5217136036458594,0.6715815195582888,0.5299097522515963,0.7819725647325896,0.4867663583352009
1,210,0.7007691188260191,0.5010926324083902,0.6804816847459878,0.5118275606949687,0.7724798917033634,0.5081750398080733,0.6619892861438638,0.5104263539501641,0.6774156280532099,0.5470289465577586,0.7950746765200927,0.48940175580663303
1,211,0.7032598210185321,0.5010128565031384,0.6800988525536863,0.513419324094427,0.765111011666524,0.5089887309670009,0.6680775703201618,0.5045930899374986,0.684900278254242,0.5501635006284488,0.7960200716264118,0.4907598396221601
1,212,0.704085146407219,0.5009371321408465,0.6776573615405359,0.5125444424067325,0.7475736715622558,0.51163401543141,0.6674936033328503,0.5042531897795175,0.688602971129747,0.5463928489330258,0.7979582243180838,0.49142872155459216
1,213,0.7041186433704426,0.5008654845726169,0.6733778030909473,0.5116943325089702,0.7535481824218466,0.5127622352300344,0.6679309178670422,0.501734268469993,0.6974731874674486,0.5431858087941971,0.7874355098565858,0.492803187883378
1,214,0.7022115586919403,0.5007979068099251,0.6699063043251018,0.5123577574026863,0.7372553930562474,0.5120080036802644,0.6668531198476776,0.5000365372716548,0.6969462412357335,0.539460166966524,0.8003869551759216,0.4942883963695948
1,215,0.6989519182887066,0.5007343617083533,0.6722191856756301,0.5115185139064565,0.722630063794399,0.5112761389025368,0.6658453182530578,0.49948009954983286,0.6976796704550993,0.5362974619245181,0.7969417024211917,0.49749282345561857
1,216,0.6610585168143711,0.5010216911742589,0.6741242196112245,0.5107096967945335,0.709715496104471,0.5105679475264855,0.6347439296809153,0.4999072762399354,0.6981124839020875,0.533333878873696,0.7932700777293911,0.4983970018935922
1,217,0.6266329287274961,0.5013042243775784,0.6705020428013643,0.509934185023037,0.70846625045738,0.5117367097490887,0.6067660612538648,0.49945840125991287,0.6983596496054032,0.5310055245905007,0.7951153936925106,0.4986898446882185
1,218,0.6076981410154831,0.5016893581099436,0.66751088223044,0.5091941829660038,0.7295602003891503,0.5109875873796986,0.5982928048875248,0.49948103957554113,0.7024337535849158,0.5284215244402086,0.801425321728697,0.49894600044425397
1,219,0.5954347878061891,0.5015899895175885,0.6559650682601837,0.5084912546065689,0.7484885210759458,0.5102634511106523,0.5923534545530412,0.5082396186327006,0.701504666808991,0.5224872002722837,0.8078225961507066,0.4976283840522437
1,220,0.5946116772082283,0.5014926824596363,0.6536496533685405,0.5078263706075378,0.7649946113558698,0.511696975511073,0.5903751563180631,0.5004613149092829,0.7058590334021595,0.5307641006202913,0.8175497412658599,0.5003651936868669
1,221,0.6018237880419655,0.5015921736151875,0.6542160778227902,0.5071999643814571,0.7799114899983471,0.5124339183075001,0.5890751456296427,0.5010988448911636,0.7072667282712777,0.5293612967854702,0.8178059169744589,0.5004603206931466
1,222,0.6100617973770817,0.5014973854216087,0.6558700768117668,0.5066119936562298,0.793533851974996,0.5123524852322463,0.5957098246669558,0.5010416383493983,0.7080721140482421,0.5270564028220164,0.8223380354908287,0.5005317590639199
1,223,0.6166584298317009,0.5014047997643302,0.6544251408608053,0.5060620045019408,0.7948752288874562,0.513132438760456,0.6009974886845683,0.5009846648408728,0.7088288736781109,0.5258622384900573,0.8266511103151473,0.5021361024517166
1,224,0.6237553307324267,0.501314766196498,0.6572593890248367,0.5055491952971003,0.8067345601514793,0.5133439096316098,0.6029204799579234,0.5011687123015972,0.7087801960080697,0.5237802779082626,0.8357536872760998,0.5020882503427532
1,225,0.6303891200944961,0.5014404114682097,0.6569975025722805,0.5050724786288697,0.8173093741034656,0.5132421355778944,0.6024030208944292,0.5011069332058924,0.708234519042231,0.5218346398137331,0.8389835200813386,0.5020258195981695
1,226,0.6360433481864574,0.5015348932277495,0.6565663741760716,0.5046305396135418,0.827106600246074,0.5125821908489445,0.6094557486241121,0.50240237893609,0.7180492715517972,0.5186508957749318,0.8153311320522381,0.5012363356425212
1,227,0.6429480835282383,0.5017620538495636,0.6524638876100963,0.5042218895714228,0.8361915303772947,0.5119272137327578,0.6128258860200249,0.49870994140551694,0.7156463108650475,0.5183328853332021,0.8401498471291652,0.5018688925606195
1,228,0.6494935157882236,0.5018275451645493,0.6518044438374323,0.5038449143827078,0.8440549390889254,0.5155868521049153,0.6186291570152499,0.4989733589766779,0.7217177264474169,0.5173832391943436,0.8379767550372246,0.5025199048998231
1,229,0.661001241613808,0.5017732627314659,0.6465205286283511,0.5038904234569302,0.7977872745103262,0.5617382780980371,0.6222512527234028,0.5091285318453511,0.7189746250869762,0.5106345565334461,0.843672433047713,0.5028938128598189
1,230,0.6637837762882162,0.4977830395709897,0.6521448965213709,0.5031791553215822,0.8480588024420197,0.5146021013337851,0.6242263885399971,0.5106889433840165,0.7239272906005448,0.5274841527778783,0.8158692621145067,0.5051077783442579
1,231,0.6691001061438523,0.49809218742871725,0.6492700202538634,0.5028868717332415,0.8547004610057556,0.5138119578827111,0.6290514889180958,0.5036815083478406,0.7243340227413873,0.5101224768805983,0.8385039569354921,0.5046366852209915
1,232,0.6726859612197854,0.49825260321455145,0.6503667388989722,0.5026193209946455,0.8497606840886617,0.5149993038583396,0.6321571902300127,0.5034424677400499,0.7241783291389158,0.51105536573599,0.8461183575020574,0.5043956268397071
1,233,0.6759144630430971,0.49840361771440994,0.6508111022523851,0.5023747904877384,0.8453012257659221,0.5154601091455201,0.6397065235011041,0.5037227088486745,0.7242622739661946,0.5122793666733145,0.8481698415346484,0.5041532136913077
1,234,0.6789972735477965,0.49854505462820914,0.6518473884235999,0.5021516171237219,0.83097752060413,0.5146984944673777,0.6439338005873673,0.5034847082529018,0.7228882633856708,0.5114049382095293,0.8504255374634118,0.5039116694726857
1,235,0.6816798726656906,0.49890591389076033,0.6525488581949246,0.5019482001316399,0.817957985186173,0.5139405823678055,0.6475418772178443,0.5036012629611888,0.7209092179990978,0.5114351480646047,0.847660316951605,0.5036729637014298
1,236,0.6795511075258627,0.5079983657122901,0.6533050651129441,0.502056810756342,0.7977135632421056,0.5150526694195198,0.6486674687563552,0.5033767858226218,0.7210186793707769,0.5106058058027443,0.8488436422539929,0.5039003036873062
1,237,0.6862174696098375,0.4991291502271321,0.6585078000590365,0.5015945969822366,0.8154473066547793,0.49437682004087996,0.6518871567807915,0.5035196900347622,0.7191024594849076,0.5103931581199902,0.8462459692645921,0.5036662647655661
1,238,0.688032266127699,0.49922578047723004,0.6603157594689203,0.5014415908755281,0.8150025109167973,0.49494307220882916,0.6545009836955888,0.5036581019550839,0.7192390900538453,0.5096356524239162,0.8439724024360955,0.5041999745649468
1,239,0.6917607487690651,0.4996285242062369,0.6617590797168408,0.5013027070926172,0.825153482202679,0.49546892839808226,0.6565254518981853,0.5034308677452786,0.7225906621802086,0.5099593338060984,0.8408077272630796,0.5043173725126956
1,240,0.7027837196330481,0.4996925934576271,0.6625503269080422,0.5011767448200148,0.8229890426376393,0.4959540029138992,0.6545513787419039,0.5135540273184318,0.7116328784394529,0.5091332898540559,0.8394057887649394,0.5043362682352183
1,241,0.7031859993805429,0.4999648360103299,0.6634108033307392,0.5010625863585781,0.8103119516296944,0.49774953654402243,0.6589405590791404,0.5031331048005631,0.7167574945899197,0.5338990004511236,0.8250184510714453,0.5132393399988833
1,242,0.7021174109662142,0.5000078280858181,0.6636425205006297,0.5009591950244715,0.7995333549395226,0.49897488889033925,0.6676138350704045,0.4988465073518685,0.7141918923853079,0.5173190329843264,0.8473089913567783,0.5051397902352034
1,243,0.701365196177079,0.5004700986766561,0.629826856727412,0.5008656122812252,0.8004932473873512,0.49991159679908614,0.6669007435013513,0.4989229047877581,0.6729337895736399,0.5160429337106426,0.8447606492670148,0.5048238343543721
1,244,0.6941855381865812,0.500468461950626,0.6011439435546928,0.5007809543169973,0.8012622168825599,0.5001982369316501,0.6661092687765106,0.4994387056680387,0.6361927122227194,0.5148305079895142,0.8282534161435223,0.5058509029022286
1,245,0.6846751710647577,0.509591073715684,0.5732437353180279,0.49997227638733865,0.7910364561405842,0.5011247016553025,0.6651912206438028,0.5079918069623774,0.5984059929124954,0.5136300734449077,0.8226627103079271,0.505865503448754
1,246,0.6830019162455129,0.5007263312589837,0.5522007391553557,0.5217008405367094,0.8008848174323252,0.5025178206963353,0.6711787384737631,0.5095748544246125,0.5706522452071552,0.5105734361439772,0.8075228043824201,0.4953502161826905
1,247,0.6838342113590641,0.5007019789983754,0.5295256326085028,0.5202147836185477,0.8002980411199137,0.5039972128696124,0.6751258976460535,0.49978182228771467,0.5450227668420952,0.5199717628327862,0.8123875998628798,0.4975613030568859
1,248,0.6822785816426823,0.5008949724353993,0.5130063387718076,0.5187853548690196,0.7999778523622185,0.5040484458087129,0.6754062397344097,0.5000295876650745,0.5213775098273894,0.5190340487100102,0.8224661178674462,0.49819497997844087
1,249,0.6770612033316443,0.5008597814545593,0.49608524885660077,0.5174168636988797,0.8010799695501927,0.5040554875173779,0.6757744004037258,0.5000508166643352,0.4991171964527003,0.5176914383420717,0.8268268116458187,0.49941082379706186
1,250,0.6702158984366758,0.5008218131731114,0.48884958420675234,0.5161126081897967,0.8014073821332379,0.5040235033001876,0.676473003662445,0.5005070148830896,0.49786565688202755,0.5164087282867446,0.8357945550044155,0.4995358143294236
1,251,0.6662874747952863,0.5012092018717037,0.49743960410587607,0.5148749018547832,0.8129161187289659,0.5039576735738706,0.6766233106104217,0.5008078487234577,0.5119839972273051,0.5159426551130663,0.8437349029236979,0.500434925540101
1,252,0.6605393883310934,0.5011384819513899,0.5115921713635326,0.5137051255116949,0.8019871186318778,0.5038630858749139,0.6747682717806465,0.5007757817259271,0.52951936162109,0.5147518006630583,0.8506801451846856,0.5004919860709937
1,253,0.6571648502390802,0.5010682593878145,0.5257768035257313,0.5126037990148469,0.7921303288175415,0.5037446419102432,0.6734698458199508,0.500741519091296,0.5490490687350381,0.5136235944571877,0.8520387713718375,0.5018729459531902
1,254,0.6558155264399528,0.5009991661044513,0.5404601655960779,0.5115706673643434,0.8042715394646017,0.5049688446054972,0.6717072920958005,0.5009171792338384,0.5663066626092874,0.5125584964872867,0.8534303616256695,0.5018475444760172
1,255,0.6588154844530079,0.5009317368771018,0.5498446204930812,0.5106047958785035,0.8045195876637435,0.5047776414536259,0.6662255865566051,0.511301884000568,0.5818207011988982,0.5065560482043394,0.8467530351828095,0.5029583188386766
1,256,0.6590981982963807,0.5008664128004745,0.5591509114407133,0.509704669581689,0.8155870544229706,0.5056538499710793,0.66114715687109,0.5014331600567841,0.5976716269738204,0.5185604654832545,0.8509985822016507,0.503607263263846
1,257,0.6685931592366128,0.5011651801288343,0.5661389171989522,0.5088682926298108,0.8252561243989461,0.5064283580112835,0.6589568825398611,0.5013621572471262,0.6081588990680296,0.5179107672103724,0.8476252652379215,0.5037407788055693
1,258,0.6709654975469613,0.5010848576607914,0.5747168802031185,0.5080932843751685,0.8343227830720875,0.5068637428546312,0.6548882303626448,0.5017162542737997,0.6174487829109715,0.5167248863068487,0.8497251566337395,0.5055039101070291
1,259,0.6723446708989896,0.5012795885041628,0.5756149474489783,0.5073769694806255,0.8424962446716765,0.5074695826683023,0.6530374044203039,0.5018090737551641,0.6258282196301237,0.5155828486478686,0.8420924419785183,0.5060050464653416
1,260,0.6741382390332229,0.5011958397703508,0.5829781412685261,0.5067164602676743,0.8498147688721315,0.5078087611824296,0.6513169016105537,0.5017067125772642,0.6349980847085013,0.5144872431933407,0.8257234927465815,0.5066303869631194
1,261,0.6715167468761667,0.5013567385529522,0.5898901247646776,0.5061087301801089,0.8564581815376614,0.5075202003250154,0.6515630093415846,0.5016053042559032,0.6474812921201912,0.5144154496118036,0.8205902957562056,0.5063663279368189
1,262,0.668990722769395,0.5012719518699896,0.5963606713814935,0.5055506778389103,0.8518182776630618,0.5072165982379309,0.6522622470494742,0.5015055554856257,0.6508011553998913,0.5133564096022989,0.8157831352064664,0.506089949546915
1,263,0.6724517344161384,0.5011894858075778,0.603948707432424,0.5050391816437413,0.8583452531829738,0.5069012526521376,0.6508538561292462,0.501408087323397,0.6561852241531221,0.5123501145922056,0.8163270375640566,0.5058044637210101
1,264,0.6737549189153148,0.5011096695602214,0.6107371823334306,0.5045711452428135,0.8533704423739606,0.5065773609015568,0.6443094808709525,0.5013490722736442,0.6675968357450597,0.5357314774755917,0.806597966368951,0.5060636404377437
1,265,0.674170070977053,0.5014600532700633,0.615237200730893,0.5041435344544205,0.8486946985378141,0.508173549021367,0.6519378980138442,0.5058060886514496,0.6692538610590199,0.5111831144590584,0.8300189235026092,0.5057754102071308
1,266,0.6718025371647178,0.5086374662065325,0.6177568055589637,0.49999764203759733,0.8533896740153276,0.509030105807705,0.65088913216329,0.5058662740182988,0.6729857864478145,0.510307739892546,0.8337240381220635,0.5054633818629127
1,267,0.6775209819649639,0.5084365405607442,0.6210089993583652,0.5027756630050108,0.8592619876957152,0.5097726636585249,0.6494449265268218,0.5054746028264682,0.6762800279296209,0.5094842934207365,0.8416626503310565,0.5051514462919768
1,268,0.6789364704920028,0.5015407523584126,0.6252938288292559,0.5343621329380296,0.8534271623661656,0.507931594378448,0.6481607070013088,0.5050975341668814,0.6810951779256844,0.5087121475795842,0.8443560077233048,0.504842156369394
1,269,0.6779091936387224,0.5014293623217032,0.6285234844629803,0.5325127739740908,0.8385211241047182,0.5088024587237391,0.6472065501892608,0.5051746974513891,0.6856728718131011,0.507990292678346,0.8465173627573551,0.504537802741337
1,270,0.676928607149386,0.5013231323522177,0.6340335617651568,0.5330516566438493,0.8462837630549042,0.5094150758089583,0.6442866928329531,0.5052573652682494,0.6911110267245743,0.5073173883891081,0.8484175083202335,0.5050135674475221
1,271,0.6754605145928421,0.5098002732308309,0.6359764066013771,0.5362878797714844,0.8425934197946732,0.5102083057054032,0.6427165558288145,0.5048864573317999,0.6920766254044638,0.5066918169836867,0.8500933128979724,0.5047207857910022
1,272,0.6759941232352261,0.509360549460802,0.6398003736850277,0.5590051458370408,0.853222107715247,0.5098337253227813,0.6402337361751561,0.5122222581623115,0.6846574466267312,0.506507218954964,0.8500096114982699,0.5045826692698102
1,273,0.6769352565613277,0.5014331272119209,0.6448095848668843,0.5472237526069766,0.8426664310869757,0.4873941280208522,0.641739377921181,0.5041969720758097,0.6889666895323706,0.5066036995627813,0.8481491526063022,0.4960284233201706
1,274,0.6794799084584324,0.5017676118297256,0.6474963916677801,0.5439811658946822,0.8396629512525406,0.488389302463279,0.6412285538240492,0.5038789740703016,0.6943147142952801,0.5060385499197759,0.840732665340398,0.496346455170305
1,275,0.6805151462984126,0.5016490797700193,0.6498007206569507,0.5408648488110422,0.8473199568544538,0.490563181656336,0.6269182523699538,0.5128410128891195,0.692752434261215,0.5286773895120793,0.822874679719851,0.4976720305531068
1,276,0.6832444291492076,0.5015355644575608,0.6527231392019767,0.5402623130025471,0.8436237391531075,0.4914233649135946,0.6365020252472634,0.5070285021642963,0.6932665348540957,0.5139969525519841,0.8451893127357462,0.49693444369114403
1,277,0.6816443503807854,0.5113665771858675,0.6494058157866619,0.5263863693841803,0.8348278489606319,0.4923940896404852,0.6362228898617075,0.5070118090810987,0.6938842203124646,0.5130384424784895,0.8424869162495928,0.49782451430644575
1,278,0.6803690207898649,0.5021323147409177,0.6531724601744108,0.5505022890288543,0.8354906628846372,0.4942771893642363,0.6387815918265961,0.5065409008158054,0.6921544335121141,0.5121182315018792,0.8446592955110868,0.5010819336150745
1,279,0.6447347951027338,0.5019981602456983,0.6553119733012807,0.5471702783666532,0.8330840345922998,0.4949159490521038,0.6106987972224186,0.5062833057222406,0.6909616621666586,0.5112384172601182,0.8470545677211191,0.5014854530216285
1,280,0.6119364085538344,0.5114172430067311,0.6510396900721909,0.5347606996831283,0.8214020609539281,0.49474283038984807,0.5855031270043161,0.5060616593995831,0.6917664373918205,0.5104005934413586,0.849142137839478,0.5015280113543733
1,281,0.5830596374094134,0.5017431430966298,0.6526530972042527,0.5188297292336498,0.8268668133004724,0.4960145982557198,0.562619467200893,0.5056385262901772,0.692358024137147,0.5110704791252197,0.8412691492240352,0.5024249147283901
1,282,0.556968912994739,0.5020444655354483,0.650387004695661,0.517472013007283,0.8357497165647096,0.49767403764607077,0.5397333740607434,0.5026728115620345,0.697984142456078,0.5176628007036882,0.82606664685908,0.5032181959574052
1,283,0.5332791374109548,0.5019007923713599,0.6527345863159205,0.516175381328681,0.8332899324897058,0.49806690899367584,0.5226604885877979,0.5181485357138841,0.6871848104374279,0.5035099110520744,0.8381791992192552,0.5021884174640442
1,284,0.5257696888752107,0.5019402013399491,0.6544053736411038,0.5149425532604149,0.8307382588638484,0.49840839453874203,0.5094209892912902,0.5078340128369851,0.6894772387578143,0.5151430553895138,0.8487446906323978,0.5043203723962049
1,285,0.5302080369175829,0.5020941647043359,0.6569538086117498,0.5137753306895989,0.8178505232671632,0.5001542936828496,0.5132776627716548,0.5077062452563152,0.6896311752085349,0.5111114721576969,0.8353466614681532,0.5043271998596679
1,286,0.5384363487846586,0.511776079473059,0.653325166354257,0.5223168941410791,0.7912871563754719,0.5045846407114544,0.5189317946675691,0.5036758261552511,0.6828031005659279,0.5132766180072971,0.8609445626921531,0.5052339690432712
1,287,0.5538041760775824,0.5018242148104127,0.6586829037532821,0.5319896482777698,0.8050146084736178,0.5039043866641271,0.532747580520767,0.5136519378459886,0.6764771720077432,0.5042037741815556,0.863957061459374,0.5043672941456944
1,288,0.5651703945872304,0.5016972952923744,0.6590355502273939,0.5297983332675482,0.8160344777927868,0.5038424534427101,0.5399454860291413,0.5035185797702109,0.681217398385039,0.513652109984403,0.8704288555180688,0.49543741330786994
1,289,0.5752996574672096,0.5015760239058453,0.6276605052500436,0.5276989875572581,0.8153819323133245,0.503749896238897,0.5470556888421103,0.5033208064777078,0.6437046120118278,0.5137229572114337,0.8699573589936207,0.49686866843682176
1,290,0.583563353332426,0.5113233708097256,0.6010633350657593,0.5177867566809783,0.8136635492430108,0.5042376394441289,0.5572882756618849,0.5031265059151945,0.6204061918695022,0.5127696535053012,0.8698196078383149,0.4977552887679583
1,291,0.5975270079259399,0.5013509472458858,0.5953192433900695,0.5368195534248311,0.8329866779065949,0.5048597816878161,0.5681923684177639,0.5030611751506641,0.6068481774247624,0.5118556055984409,0.874209630208148,0.4980775266959056
1,292,0.6063770213567454,0.5012472744123981,0.5896989379981691,0.5320951540572588,0.8411375607922819,0.5060092330614956,0.5756522912994259,0.502971545878155,0.6056629636628719,0.5119151761151738,0.8638565554163984,0.49873755839537814
1,293,0.6114941168442163,0.5013752314779597,0.5808635372561695,0.5300271936186303,0.8488065380459979,0.5057651542124242,0.5856322196788001,0.5030605728422808,0.6111339104569454,0.5110294808314015,0.8547098530974628,0.5009434921476827
1,294,0.6152783060181323,0.5016361706215676,0.5845971952423112,0.5280363889280023,0.8556822687482109,0.5055044712302558,0.5939734337455664,0.5033235604703616,0.6180497121882506,0.5101886024952287,0.8511974774419854,0.5010395180546082
1,295,0.6176487136678691,0.5106260750845498,0.5856442656123683,0.5304798530324472,0.8609188788618555,0.5060967344425932,0.6021784658924481,0.5031263624363652,0.6244810548930712,0.5093934051258189,0.8434103169931948,0.5011082290105098
1,296,0.6285214375099256,0.5017556479173195,0.5959400367344436,0.5213297210770657,0.8202510870872524,0.48472880091927656,0.6088342577889907,0.513621715230301,0.622915640350534,0.5039532827559271,0.83169338458896,0.5066994819115043
1,297,0.6326536300403779,0.49786616627352304,0.5946872408329457,0.5225531197815897,0.8596559838701359,0.48585535947903125,0.6161883310775875,0.5030725905831547,0.6328511431434208,0.5079408452280751,0.8298274742651512,0.49479484445497807
1,298,0.6437075197723883,0.49800575475781866,0.6004103058574953,0.5208944627126535,0.8529544802717738,0.49022184830576154,0.6216436228476871,0.5032010330792447,0.6377311209094834,0.5072827046891796,0.82865467195622,0.49510237639610233
1,299,0.6519179195836784,0.4981412786070388,0.6068632888192537,0.5193219543265364,0.8487456907052804,0.49112692088942206,0.6249195048545827,0.5030085727566664,0.6435837531789472,0.5073823527493223,0.8279658893422517,0.4954035283041718
1,300,0.6576055619588734,0.49822661557358405,0.6012946049090173,0.5156062162139081,0.8109738100720768,0.540481477962644,0.6279793894005027,0.5031268327799893,0.6495334884893174,0.5075021974087446,0.8318093270191425,0.4956971363293158
1,301,0.6553794104898351,0.5022438032349735,0.6119507239143166,0.5183164235003775,0.8612004654101634,0.4971692829604765,0.6296636933514715,0.5033828464875173,0.6582568806563143,0.5079529185805983,0.8401399028930082,0.4959820894041629
1,302,0.6567912738453828,0.5024850152744289,0.6159798960706018,0.5169052287517316,0.8652141562653145,0.49767591367310615,0.6332553955512696,0.5031749414338728,0.6620880236775403,0.5073284318848581,0.8428809660922819,0.4962573706302758
1,303,0.6615305224721653,0.5025830452080445,0.6258009791222489,0.5155756371722868,0.8704702027454407,0.4981186707829159,0.6385310474856682,0.5034737646769737,0.6635178310921023,0.5081276867429925,0.849857683652795,0.49652208907287443
1,304,0.6661229800536352,0.5027774509035272,0.6311780665442591,0.5143266668892383,0.8750153242956534,0.49966517937419014,0.6363389259037524,0.5032749259299301,0.6667782918216252,0.5075206149920009,0.8514926021319177,0.49822346788336996
1,305,0.6694308845017036,0.5027978076101787,0.6360589269505926,0.513156827386951,0.8792557975147854,0.4999730023333829,0.63436015777792,0.5030811534072455,0.6719128872632197,0.5073090760648368,0.8481104388428015,0.49741829411842947
1,306,0.6712875716678257,0.5026172384270886,0.6399229219176095,0.5134338562758315,0.8829050177696579,0.5002262446672803,0.6287446487164177,0.5028928993243454,0.6731901839846571,0.5067701147705038,0.8498627773567494,0.4976455001863743
1,307,0.6753189347310602,0.5025903852566045,0.6457957661346073,0.512376656362805,0.8859127315596905,0.5015087939105507,0.6248534147765277,0.5133602399423017,0.6716781503492866,0.5057442251109522,0.8475614494914173,0.4969826239683871
1,308,0.6764264657050195,0.5024216995132722,0.6506811124165393,0.511386462126251,0.8887209534774253,0.5029467158839379,0.6372682140654714,0.5027255603506808,0.6797337098381612,0.5160536356855784,0.8480483822109711,0.4989652072376344
1,309,0.673231061613199,0.5022589881741503,0.6553901021504104,0.5104610833154536,0.8911994451740933,0.5058582164296006,0.6348140863273524,0.5020139440880987,0.6882584137736842,0.5341602917224212,0.8305041712182407,0.5057670327414868
1,310,0.6703859997240073,0.5021026967501395,0.6592799132900371,0.5118844677630393,0.8829489908097876,0.5057872022731745,0.6414523389269119,0.5061842770345955,0.690213145790926,0.5145955683540315,0.8467826183119549,0.49920521739085194
1,311,0.6756630259906882,0.5020960971563653,0.6626201804291315,0.5109312714345953,0.8647598792677675,0.5056709384306496,0.6387741347498973,0.5057949531144171,0.6938875235139141,0.5135499247295242,0.8438457351440178,0.4993053873950385
1,312,0.6769856750939431,0.5027501767059592,0.6658692060494021,0.510039936902066,0.8591355737675,0.5063761341801988,0.6376919096906227,0.5054165338252378,0.7069884042505331,0.513330955709538,0.8318065645392787,0.49939382631808993
1,313,0.6798845243613592,0.5025637927612292,0.6629018939243918,0.5092083982275029,0.8540421154306521,0.5068039734686977,0.6379458805398597,0.5050505489978612,0.7148108028777559,0.512351315522616,0.8166284526452108,0.49947163474023587
1,314,0.6817708307800009,0.5023851848890316,0.6625177300120905,0.5098751297415258,0.7846599149105214,0.507760143866882,0.6403637671305846,0.5049473234302798,0.7159407746171095,0.5114220876129454,0.7510996010445176,0.4995398750454919
1,315,0.6866942569762576,0.5022146429482357,0.6561863075610572,0.509110149268123,0.7224342550027307,0.5080357761912593,0.6433855256642763,0.5045696172439238,0.7224152127348451,0.5207207876194143,0.6812388398690429,0.500318852308437
1,316,0.6867483497180203,0.502052365629031,0.6524251194994207,0.5093642234150642,0.6663809342898218,0.5091065891006662,0.6428507481816674,0.5017456704544719,0.7164634279686192,0.5103632863821652,0.6448903855843846,0.5004488457341488
1,317,0.6870611190455123,0.5018984666282713,0.6537528609985713,0.5086851630452887,0.615923335489393,0.5096887493788878,0.6492687743338169,0.5008376139317348,0.7258633543493316,0.5089376486362482,0.5936894914443078,0.5107735655712469
1,318,0.6876344051096607,0.5020803852707717,0.6534864691987514,0.5080453068789867,0.5706904168899173,0.5099733116502545,0.6529086190822216,0.5007525965935925,0.7278537993491149,0.5082088869893161,0.5502616634153047,0.5105732647699412
1,319,0.6842012651737394,0.501927428857939,0.6576888145832981,0.5074431188189278,0.5302323111449225,0.5095995943781573,0.6540968524343491,0.5008849064473679,0.7295324112413537,0.5075281166621579,0.5107990316921261,0.509874385167001
1,320,0.6820191571311042,0.5017823673399554,0.6614366884870762,0.5077600580177462,0.49349338686631466,0.5098613110209315,0.6550624298091858,0.5009514336758611,0.731754837389449,0.507468352360845,0.47590078084344745,0.5091987786759303
1,321,0.684642801707359,0.5016452357373022,0.6630892570459076,0.5072262275552611,0.46059838515350765,0.5112232346790376,0.655403806726046,0.501559965228569,0.7310498143343033,0.5075613609340651,0.44459294423830187,0.5085490092313836
1,322,0.6868425787276639,0.5015160058463718,0.6664294048207703,0.5067210187309189,0.4311960116791131,0.510723673832392,0.6543308471902425,0.5014625430906509,0.7303297167628144,0.5073701013335926,0.41632937890518795,0.5079271024745194
1,323,0.6870120341207556,0.5013945911198034,0.6693241789359823,0.5081325768059018,0.4234036672796918,0.5102107488147972,0.6549177769844551,0.501830614991035,0.7301241332880757,0.5068148216147139,0.41434261948216344,0.507334567743526
1,324,0.6850399359361701,0.500841283285155,0.67167578981351,0.5075847991359889,0.42734110920165724,0.5096896490643879,0.6533502412589511,0.5017294146680978,0.7277936086713965,0.5062933718085852,0.43998032234334133,0.5067724302865847
1,325,0.6803170480704711,0.49596243142639984,0.6705673070737744,0.5110239929593178,0.4682429778871764,0.5066536876889924,0.653826417972553,0.5020400348100136,0.7276760670557059,0.5058044611359052,0.46802779548277507,0.5072695424405131
1,326,0.6894321688245566,0.5009572412143501,0.6776074018738646,0.5087833034728931,0.47063604467905257,0.5310287771229675,0.6486086083714675,0.502729157677519,0.7216608909840471,0.5054348313109089,0.49996096071059754,0.5070500343405694
1,327,0.6910143901838383,0.5008839108965848,0.6776600531029254,0.5094508262306724,0.4814987595598814,0.5299208092285471,0.6550221852681092,0.5018030805069431,0.7293164727030435,0.5141683964513235,0.5314039962608285,0.506163411759512
1,328,0.6928204852053927,0.5008150058667665,0.6777112562525265,0.5088142480755523,0.5004981258400922,0.5286100650905855,0.6527538084778443,0.5052352841066039,0.7255122718318912,0.5140176656332638,0.5557034026728945,0.5060377627708469
1,329,0.6939750839374269,0.501136585341502,0.6765177436689919,0.5082040503163124,0.5205796195943744,0.5272240977138546,0.6567953744699789,0.501981845341868,0.7287425228548867,0.5128064478347081,0.5828513546686025,0.5145651346272281
1,330,0.6952357092651792,0.5010513960201884,0.6732597346927524,0.5076209483997198,0.5374803589149266,0.5254318329870122,0.6574019000870209,0.5022828410357603,0.7281003697077842,0.5118593107751109,0.6056996879788533,0.5134802506471005
1,331,0.6961935171468201,0.5009709925375043,0.6699939212840592,0.5070654950730996,0.5431750940380342,0.5237093658900565,0.6535813968846365,0.5021207727653495,0.7261199417654689,0.5114933629356779,0.6270480376800593,0.5124515958192094
1,332,0.6950248165871533,0.5008952968331025,0.667348165692175,0.5065380592297047,0.5479072280262115,0.5225587268045572,0.6498847855642541,0.5019659313507036,0.7222348538020359,0.5106334287331814,0.6410881470270654,0.5114797660856928
1,333,0.6905153431722291,0.5010804265439995,0.6662215952258848,0.506038813558734,0.5630032151023338,0.520997538850041,0.6517021138615302,0.5020873939581625,0.7202301538263091,0.5098204020453534,0.6526678170898665,0.5113128651473519
1,334,0.6832733695758282,0.5071264996275817,0.6667899021049755,0.5059027201109755,0.5506335373854073,0.5250079863322038,0.6523786883299207,0.5019365727154474,0.7207297073216544,0.5100839812709124,0.6792807649941216,0.5104206339241171
1,335,0.684993669001786,0.5038554742653432,0.6672090747776676,0.5059786826076954,0.5830799245093707,0.548855739123234,0.6510735935211963,0.5017932591295601,0.7208668246026045,0.5092936133543526,0.6974057275722109,0.5095827019670237
1,336,0.6935898867431836,0.5012268088467419,0.672343234374553,0.5261375384287204,0.5925864213868667,0.5407990279495953,0.6516237805636177,0.5019516763091026,0.7210864596147721,0.5085510456525953,0.7140538589972422,0.5087981246888045
1,337,0.6967092976042042,0.5015064864906185,0.670755659621203,0.5261811957860353,0.6021894622205863,0.5397990533152044,0.6498828825303602,0.5018120904801869,0.7255080903776744,0.5078553831864268,0.7342475332818581,0.508065604036692
1,338,0.6994352389472924,0.5014000089017296,0.6693168669556362,0.5242994545036164,0.6112032270607717,0.5375907468866552,0.6527339145080425,0.5016793026686887,0.725309878427309,0.5072054571035661,0.7477056318979125,0.507383542378421
1,339,0.6949174364128918,0.49426997545152684,0.6681141874786143,0.526254553814367,0.6900852643521902,0.5273601660745881,0.6546761922657656,0.5015533825113734,0.7309514231447432,0.5083099149964317,0.7593679728355593,0.5077048927595105
1,340,0.6988547974223761,0.502010789815395,0.6709910606666386,0.5248452205923652,0.6284208860666555,0.5531283003771792,0.6563661436200685,0.5016529361199205,0.7367630229407074,0.5076511766567805,0.7655034919553312,0.5070588338832049
1,341,0.701817203450229,0.5018853504137728,0.667758057545382,0.5229961050268209,0.6453257526251648,0.549576783522768,0.654044160400885,0.5028100573966208,0.744271225773097,0.5252565750991348,0.749981809308188,0.5081276475958862
1,342,0.6963207729381679,0.5017634504471145,0.6656964795610288,0.5212419739455638,0.6629132401335839,0.5461570148251202,0.6597392507056085,0.4993551806211758,0.7368697066159228,0.5064578820529861,0.7713812696981647,0.5068454070266211
1,343,0.7008931652418438,0.5011650221659935,0.6643277196337647,0.5175117236255591,0.6578548041344956,0.5608132909236372,0.6519365093661248,0.5064924312088092,0.7307585244105859,0.5054919541345263,0.7859476204200234,0.505743983360477
1,344,0.6968309211372427,0.5053780560940834,0.6673210522744024,0.5180230077237169,0.7020357880709118,0.5417104776198801,0.6560198518883472,0.49944353324559393,0.7337199969882355,0.5064322416203302,0.797150115189538,0.5146637425249873
1,345,0.6998328651114487,0.5050038317139101,0.6661949201280203,0.5165578228718256,0.7241604175239035,0.5387083830283861,0.654174137466347,0.4994869421897135,0.7349289206663023,0.5059012488053928,0.8090877161652242,0.5135836631784729
1,346,0.6909394682565365,0.5207364305684137,0.6567927352156655,0.5078915245389732,0.7091939190964368,0.5391988704080034,0.6567885413228783,0.49952903326730613,0.7300445594127556,0.5054067499663025,0.8193799933429308,0.5125583857875307
1,347,0.6999964814711992,0.504560752204517,0.6624397538832868,0.5368221462264059,0.757388218696496,0.5125066933865874,0.6535340142229599,0.5091296953600004,0.7221425766729204,0.5049076531493293,0.8260610990614887,0.5123610447079211
1,348,0.698619429928823,0.5042242187622441,0.6609032773000709,0.5340974629598542,0.7738857442918015,0.5114179088624267,0.6595272983762618,0.4996076201230453,0.7299290155204157,0.5045212582470128,0.8369503611146607,0.5200491996682884
1,349,0.699264241973067,0.5039044651392215,0.6623830001677776,0.533671709637424,0.7770870642743671,0.5104181059167935,0.6574827462710263,0.4998955503384952,0.7297922891864793,0.5041270985619535,0.8445924838079065,0.5195793259907355
1,350,0.6980865315977917,0.503601838648839,0.6600454585411171,0.5310956742091529,0.7803533163055381,0.5095012099953803,0.6576173717211634,0.500231534460859,0.7293292148458101,0.5046081177617155,0.8513948149550405,0.5197088066263373
1,351,0.695184381918599,0.5035362606777903,0.6578365428882798,0.5286632676974798,0.7832795471005809,0.5106607340756834,0.646287177845001,0.5108253454718196,0.7281229133203484,0.5273671120443163,0.8325995802162575,0.5196687571491803
1,352,0.6945498786243073,0.5032629408704872,0.6538567749232198,0.5263742648556274,0.7859858109293519,0.5118091175015046,0.6542465356486629,0.5047206734617858,0.7280519999756759,0.513763061511782,0.8625946455620495,0.5172797279355984
1,353,0.6958033912777911,0.5033067939563834,0.653842095020632,0.5242271934465385,0.7886074937714237,0.5109697937045593,0.652532661936609,0.5046724739678345,0.7306471768292726,0.5127785093187746,0.8675211156663772,0.5171477286903382
1,354,0.6967978757348318,0.5030528163004898,0.650573058729038,0.5222194713310121,0.8014584644040781,0.5101807807536967,0.651054904811269,0.5043561961265746,0.7300097022966942,0.5118409222462973,0.8629483238969896,0.5158391586284558
1,355,0.6978941855120914,0.5028137746228111,0.6512515019542047,0.5203475541413403,0.8129756505080358,0.5094389656972126,0.651874759623144,0.5045534853204107,0.7294033829880323,0.5119927419879999,0.853932496881049,0.5146064164013248
1,356,0.698931014664819,0.502589401222153,0.6521214108966723,0.5186070875908683,0.8230787140777178,0.5077155097387862,0.6543955548499887,0.5042466636020734,0.726904552024025,0.5110791805218983,0.8553406902959326,0.5144900840393685
1,357,0.69766692220089,0.5023793466370979,0.6549536738393348,0.5169930590685566,0.8323514935281121,0.5071836351532287,0.6545889917977239,0.5046287183969627,0.7204643002471861,0.5102165227615053,0.856600953855517,0.5133334166228435
1,358,0.7023811864486283,0.5025680163630426,0.6553039229800156,0.5154999439775974,0.8407492913976654,0.5066808653757517,0.6547485274271269,0.5043109684367939,0.7208458924039087,0.5094045646291734,0.8529272104858762,0.5128606371600742
1,359,0.7008635247511271,0.5023619635175098,0.6583439827491807,0.5141218432020905,0.84845502263015,0.5062055017263818,0.6548676382459119,0.5042353555584791,0.7190835962117188,0.508642707880552,0.8496715305153067,0.5118315981075128
1,360,0.7011613622545568,0.5021691874000103,0.663723166808918,0.5146775457006171,0.8444619746019699,0.5057561724379003,0.6570124082966656,0.5039393912419164,0.7153377300439194,0.5088232965585975,0.846558795249252,0.5108697471913526
1,361,0.7041995534836213,0.5019892846001245,0.6655036278224273,0.5134224587496677,0.8516200229979096,0.5065391527127353,0.6528457360273884,0.5126157331913391,0.7136917160229324,0.5084917879335752,0.8430384827626871,0.5087103432420664
1,362,0.7063000286113198,0.5020718728259188,0.6669763320291349,0.5122615126656285,0.8576561970441203,0.508580534589203,0.6551647456792151,0.5033874185524168,0.7188688261605405,0.5080619086911303,0.8357618096074538,0.5178533442088933
1,363,0.7082135100862842,0.5019088529050305,0.6680386881065373,0.5111894907371208,0.8632958490398682,0.5112930590303927,0.6538361247896415,0.5031320264486231,0.7233287404496698,0.508845868397483,0.8340411442447249,0.5165839662858781
1,364,0.7136782339008639,0.501756325840139,0.6685109935738587,0.5102012107469204,0.8685485521866501,0.5106642078960943,0.6521348522627031,0.5031915786364354,0.7239956004127208,0.5094955896879863,0.8323407178733571,0.5167831187465277
1,365,0.707676687112498,0.5116169766526735,0.6674745573235416,0.5118922815843213,0.8682851400288752,0.518641334872017,0.6387688220325184,0.5125786198503934,0.7213360704159272,0.5328588262528613,0.8088844177349783,0.5183371559912185
1,366,0.7142696468539229,0.5019988301811301,0.6753495015426741,0.531363744506524,0.8761398456495736,0.5115997797899052,0.6464990792356242,0.506908953528378,0.7228852528977557,0.517525379498796,0.8295332355307078,0.514406475611643
1,367,0.7132604376419618,0.5018572849153256,0.6813348578068702,0.529070396963661,0.8799779911966537,0.5142450316551901,0.6393425175181872,0.5064160747227556,0.7228958913178832,0.5173126502161882,0.8381055324619747,0.5133112106296197
1,368,0.7124757443704849,0.5017231443273701,0.6485591927629797,0.5268913713466301,0.8728149732285095,0.5140819817446359,0.6307938451054133,0.5063843743357423,0.677638648565788,0.5160461628076427,0.8456650220523889,0.5135717323908287
1,369,0.7117239167190785,0.5015962426347477,0.6268432005775819,0.5269604808000875,0.8661802516278458,0.5140746556693631,0.6272770122628961,0.5062007577704356,0.6584096218589179,0.5148432765596994,0.8523733564991106,0.5125438504499928
1,370,0.7112336934390087,0.5019037647437375,0.6114978896214412,0.5260601250713545,0.8495427471627719,0.5133125889072605,0.6284132974391877,0.505736966065128,0.6504659096560571,0.5137046972304259,0.8584182752964237,0.5138133127886103
1,371,0.7102074362491944,0.5017613680285604,0.6162201700907386,0.5240799234645669,0.834919477253748,0.512563624356982,0.6330193883318046,0.5055256415005454,0.643754480970691,0.5131247051083655,0.8590231097051714,0.5127816921701605
1,372,0.706392809613656,0.5016268525197631,0.6186039557204196,0.5222114072361849,0.8323318808905621,0.513526356853449,0.6333020979313316,0.5057489700773983,0.6419151903777783,0.5110348245225428,0.8598313342991174,0.5126373131360944
1,373,0.7071752228688949,0.5015001129128218,0.6226308031121899,0.5204536170731323,0.8301069063490406,0.5127376731490475,0.6387248541501044,0.5053190504218252,0.6472324420340482,0.5111967015891299,0.8604560001144441,0.5119035063550291
1,374,0.700995493337039,0.5100232496334688,0.6236603900682841,0.5196973881507749,0.8139452643152745,0.5142863821761556,0.6425386804098064,0.5049127406468741,0.6487925238432867,0.5103010185881638,0.8563129952280721,0.5116347270745478
1,375,0.7058880744913751,0.5015350694154472,0.6298016162516775,0.5377824585789767,0.8036410183237263,0.5129115672822495,0.6444939723249967,0.504529879115144,0.6519845088193114,0.5098863625849301,0.8620109303313337,0.5109798394438998
1,376,0.7059012851283862,0.5018508664681419,0.6348788867702639,0.5350004103479223,0.7935312224803701,0.5121710626454543,0.6457284096819997,0.5041701405316518,0.6553645888356505,0.5090999696975943,0.8627141759168366,0.5101975543208309
1,377,0.7061524110135442,0.5021181494309609,0.6389707742317129,0.5323584917811626,0.795248678001608,0.5114472386847921,0.6458600533713375,0.5040489108730455,0.660171229723533,0.508365101434285,0.8630167036992248,0.5109950988331318
1,378,0.7026152376556671,0.5021512493227688,0.6407487274063184,0.5298587333291891,0.8074839514250164,0.5107423658316087,0.6432376137488948,0.5041418008080791,0.6664111542963522,0.507679832089913,0.8635653824773272,0.5103938633442733
1,379,0.7014548012705112,0.5020181057073453,0.6448362559186754,0.5275017297188682,0.818366647170027,0.5100585148902671,0.6374758319894005,0.5038166573132289,0.6724901861130944,0.5070421038425583,0.8639876061947784,0.5096930911033609
1,380,0.7018333547059763,0.501889270432112,0.6498464261140634,0.5252867508593762,0.8282565903815559,0.5093975338088558,0.6318868366768576,0.5037485716968252,0.6770991349858476,0.5064497648321086,0.8644914010458098,0.5090289712674321
1,381,0.6972913177932532,0.5050632642552364,0.6512579583445185,0.5265106910884557,0.8704267829984094,0.5081827152974735,0.6277585048660834,0.5122411127936843,0.678838132485642,0.5056037073471162,0.8716170051665785,0.5088448706544493
1,382,0.7029327521104926,0.5016454753508525,0.6584865078858587,0.5212741197690577,0.839960163178756,0.533852463869465,0.6294853912795348,0.5042087774428523,0.6891534631505959,0.5144448723073045,0.8685384815673053,0.5078060732582262
1,383,0.7074308840036745,0.5017333019954382,0.6612507770138046,0.519469619700925,0.8476939304025156,0.532219768452819,0.632363024004534,0.504188064692122,0.6944385302137055,0.513376671678694,0.8733087446628797,0.5072449816850425
1,384,0.702231358606876,0.5111957999266078,0.6571537030353232,0.5080174604686116,0.849537324567013,0.537755659756869,0.6308872261922033,0.5041902186781768,0.6991765125043793,0.5123638845900863,0.8727277721846101,0.5077136221835716
1,385,0.7059598945177868,0.5015119424368016,0.6626449494097092,0.5323737293999601,0.8592461192565352,0.5316953324334753,0.6301532437580931,0.5039142358523054,0.703427898128717,0.5114067776350539,0.8767784484940495,0.5081917094907837
1,386,0.7045512579266162,0.5018311460968524,0.6639019646546663,0.5319610664331428,0.8649752298226899,0.5296822263254395,0.6289217470753302,0.5039028784452192,0.7071719882678593,0.5105051802187526,0.8757444216716768,0.507588076145454
1,387,0.6980720142589351,0.511991874944321,0.66468633031659,0.5306878594313247,0.8632539385246584,0.532920644954659,0.6298264498248249,0.5036442315810777,0.708855881961426,0.5102963461605008,0.8700802044594996,0.507332925154055
1,388,0.6994006546848389,0.5015800519561693,0.6697510303341628,0.5276737719313885,0.8740861463523313,0.5473591223892753,0.6346151493247721,0.5033967912544516,0.7097390885733234,0.5094826983413445,0.86974609071229,0.5067982778951376
1,389,0.7015275384206624,0.5014632743704417,0.676734292802035,0.5268583080145309,0.8667765611022532,0.5440921900697907,0.6391114773523485,0.5031605873312908,0.7099506953543194,0.5087195999430723,0.8601333963822773,0.5062940845576175
1,390,0.6999423237299273,0.50135250075289,0.6793373993281373,0.5249270569674785,0.8601527640323156,0.5414587774496217,0.6406505002137317,0.5031755398399662,0.709182550297827,0.5080058317627975,0.8516314988230206,0.5058194523290984
1,391,0.7002506161283351,0.5012477807862052,0.6811956055244226,0.5230890311855682,0.8544993775407396,0.5384932534182741,0.6424073665375837,0.5031096490183044,0.7087914102982144,0.5073399306529252,0.8532971532783733,0.5053734415044894
1,392,0.7012763614157266,0.501149111455662,0.6807756627781699,0.5213456915106507,0.8495212646488083,0.5367361628442218,0.6438255318350371,0.5029000110650315,0.7084573772767785,0.5067202270210756,0.8499807576936677,0.5049550724014579
1,393,0.6949442811791114,0.5113037260077632,0.6470156214554155,0.5207744239104238,0.8470165345712006,0.5234993927652631,0.6437481479556602,0.5026997869255405,0.6683060498376571,0.5070885979789619,0.8469997865881411,0.5049434477660512
1,394,0.700031986975189,0.500969670061888,0.6198752070557968,0.5386318425754051,0.8611423420202499,0.5320291547574069,0.6373021789253641,0.5133424774877949,0.6251655939037263,0.5069312053566272,0.8388947311867537,0.50550658320149
1,395,0.7009043852515744,0.5008886631276949,0.6045018523217573,0.5393539829906704,0.8664692066039047,0.5305021243234096,0.6405134479293937,0.5027337864273725,0.6097734842934143,0.5153237485758092,0.840923916924977,0.5059588551878108
1,396,0.7014555689885871,0.5008132477067273,0.598060411797903,0.5365057455147696,0.8717067928259319,0.5282521977305564,0.6400260006292049,0.502553192320287,0.6072726165392177,0.5141675234462552,0.8436087313314774,0.506547808138356
1,397,0.7017738627114609,0.5014229605851352,0.572784005624438,0.5337943516851135,0.875987355980203,0.5286769163295802,0.6414271587095096,0.5027989446115011,0.5772388685668521,0.5141160164475982,0.8461751729225966,0.5060785563335575
1,398,0.7030663173124518,0.5013227656365135,0.5586398368555131,0.5312229577848151,0.8802161500634303,0.5265979779162243,0.6448827653123503,0.5027187844020451,0.5624377593277705,0.5130139325661744,0.8480667780443678,0.5056326320885544
1,399,0.7014029864124838,0.5020033185888447,0.5580573293399437,0.5311701420353955,0.8838567299478033,0.5246364981397351,0.6479194172330717,0.5034147719890818,0.5565661904688036,0.5119769931485044,0.8500263647619438,0.5058056929121183
1,400,0.7000078788984292,0.5018644492029322,0.5641578127589677,0.5310605076589311,0.886862232186114,0.5240100265529634,0.6408020720828101,0.5030707101515484,0.5552063031729966,0.5468589994959053,0.8097256069137843,0.5092254583649788
1,401,0.7006284063786722,0.5019487518818697,0.565684819936048,0.5285972805262317,0.8899476143155807,0.5222469648504141,0.6529523204323079,0.5111330370376768,0.5552304204751792,0.5100947607534266,0.848920310927944,0.5060358663043875
1,402,0.702969175581234,0.5018171270572765,0.5742763160489485,0.5262846871518064,0.8927009962255547,0.5205853077987337,0.6525162298371344,0.5101407673039026,0.5637478388141401,0.5249337421272458,0.8316975223157683,0.5052607433016182
1,403,0.7051682129391376,0.5016907888062726,0.5787806511142993,0.5241202696846645,0.895007568646843,0.5190217609425012,0.6575286143777536,0.5138207948398926,0.5683477004086391,0.5084576476827546,0.8476004666214532,0.5057188202348775
1,404,0.7087035050290463,0.5102167305905071,0.5782208772842187,0.5150359906225314,0.8488876739538245,0.5416695981308918,0.6596425890074178,0.5128487842265507,0.5780860549326188,0.5077258613321394,0.844466035936066,0.5062402139389499
1,405,0.7036655559376399,0.5053009611605305,0.5858270496103106,0.5389669819662327,0.896680352704713,0.5192986906861982,0.6573608416349165,0.5120621807483249,0.5861336756834513,0.5080686966558617,0.8418935804588914,0.5061814607824685
1,406,0.7035631579083331,0.504926427569891,0.5887307023107211,0.5361285614739623,0.8986203083077265,0.5178715387250891,0.6575606057838655,0.5111762913405314,0.5954445358948108,0.5073748493149629,0.8444610698464659,0.5073477930459882
1,407,0.7019764966317091,0.5049577411552466,0.5900591027106108,0.5334298544844511,0.9002338321871101,0.517762040455593,0.6573896496873745,0.5103347793609327,0.6055331629503914,0.5067325723694661,0.8373768741449854,0.5071614900269426
1,408,0.7004914319731897,0.505019844790212,0.5653217522581977,0.5308731641792236,0.9020122739166386,0.5164680327831273,0.6632360096219992,0.509976952051427,0.5767625634527765,0.5061392940398158,0.8310022600267623,0.5072713716124058
1,409,0.6971947274405275,0.5046430938942154,0.5592799304078554,0.5284593939508966,0.9035824852243118,0.5152454846239646,0.6622135499762557,0.509195810347744,0.5555281532686858,0.5064748465960753,0.8298733691822683,0.5075569354331003
1,410,0.6942101669359009,0.5045324587590688,0.5618176138120957,0.5261881407014309,0.9049726576784963,0.5140925693121102,0.6622710360518712,0.5084610914265852,0.5477408873338058,0.5064176458645178,0.833546261886898,0.5070771823914131
1,411,0.698863315785081,0.5043438268013201,0.5643099504933013,0.5258305246296058,0.9058758872262398,0.5130074241731118,0.6620324766291251,0.5079399147015579,0.5452373055534708,0.5065905757773929,0.8369402170405357,0.5074998253718648
1,412,0.6995739610260254,0.5040180434331252,0.5722145275902067,0.523756312406447,0.9070221769218942,0.5119881237980112,0.6633983788383143,0.5075607328805076,0.5501482278572521,0.5081615617041293,0.8394740044868871,0.5070040056961994
1,413,0.7025090021883937,0.5039858400214206,0.5725880881349692,0.5218141306775844,0.9077020638414578,0.5138679206895836,0.660040171814833,0.5128388545606928,0.5547506285772942,0.5080305784099389,0.850377966522537,0.505869807031558
1,414,0.6972119630428129,0.5041135931429984,0.572702993498575,0.520000677623412,0.8975755144215365,0.5128822137223417,0.6633227982674793,0.5074415500124951,0.5646986032551595,0.5069570932476747,0.843612852777516,0.5160037650022302
1,415,0.6927511966747402,0.5039831763142529,0.5771324831959119,0.5183119476687142,0.8992805885465253,0.5132767402314901,0.657519696928641,0.5065217908145467,0.5759804812547695,0.5266705369463788,0.8220996186420134,0.5214837757486018
1,416,0.6839280020832971,0.5040485200614082,0.5902527900991823,0.5167433549649427,0.9006069350099867,0.5141207818562349,0.6598109671654241,0.5106696516222405,0.5898362999912661,0.5064443236857578,0.8436589593826386,0.5142838415769851
1,417,0.6768562144410789,0.5037488203195019,0.5947938070388376,0.5152898537892765,0.9021754481451305,0.5132383430550196,0.6637612056827985,0.5098741918103323,0.6018540504515969,0.5079370540025852,0.8458493158826048,0.5132696002110244
1,418,0.6745409756460962,0.5036152006729148,0.6011429362840999,0.5139460530503953,0.9033926666036705,0.5142888745996398,0.6637903869175377,0.5095156794758896,0.6137619232176468,0.5073449866772938,0.852705108132173,0.5123015774012722
1,419,0.672009711858694,0.5037754674972338,0.6105207046441471,0.5127063227099777,0.9046473098679161,0.5133771862634232,0.665166994000813,0.5089940291829785,0.6224857892067012,0.5067856583649728,0.8588975611417308,0.5128911829469485
1,420,0.6700014595109772,0.5034940254853557,0.619595882240237,0.5115648905453448,0.9058978071658867,0.5124984930503925,0.6662323977547784,0.5086976183826514,0.6305120463491214,0.5072969901678733,0.8553766868578782,0.5119427456678558
1,421,0.6678667785446658,0.5032285154647147,0.62318010830608,0.5105159282577214,0.9065437158553051,0.5116540026415315,0.66516698594878,0.5080221927373095,0.636159523464566,0.5067303006991809,0.8517846938804836,0.5110432654855647
1,422,0.6659113754481176,0.5029786322845249,0.6286751571323195,0.5095536264479807,0.907606868990294,0.5108448016102126,0.6638717133471382,0.507597790716232,0.6375814275774438,0.5061973409100345,0.8581637339574871,0.5105825725325448
1,423,0.6716238530968442,0.5031463620434001,0.634639523391754,0.5086722584227055,0.9085519323420149,0.5100718035238476,0.6636017816881292,0.5075579806830499,0.641771193957724,0.5056974778750393,0.8637422614271653,0.5097802289782374
1,424,0.6675380435319246,0.5031187386807621,0.6375665320232594,0.5078662331513277,0.9092272575897192,0.5104808926247842,0.6669820897973407,0.5069704715948885,0.6461740436830263,0.5059553765911565,0.8689108913991779,0.5090244338006792
1,425,0.6619262833071752,0.5028835722886633,0.6375152566629247,0.5071301379699573,0.9098323678801713,0.5114932717276935,0.6681677698528997,0.5064195612715707,0.6498040356850014,0.505488994181053,0.8731788802931283,0.5088990217647869
1,426,0.6569141012605761,0.5132835238655082,0.6360049555619283,0.5073785578613226,0.9095843736587303,0.512508786586784,0.6692644462545715,0.5059041051293951,0.654671897209439,0.5050513024595262,0.872332731890454,0.508217753702875
1,427,0.6636081132111266,0.5030369183775414,0.6413044220024761,0.5272757413968308,0.9100274160971912,0.5099947503224257,0.6703428853618086,0.5054228534188606,0.6618853141395821,0.5046415610335429,0.8717053754327765,0.5065816866206416
1,428,0.6678100417477452,0.5028163707261345,0.6427975976249425,0.5252413600245601,0.9103533596286424,0.5104598153575758,0.6684390990979684,0.50497447050178,0.6710386659976649,0.5053005153820749,0.8757133840960181,0.5060456575855408
1,429,0.6696225491928975,0.5026072705520523,0.6445014829315643,0.5233154354843371,0.9110403607491732,0.5097661482296093,0.6675064561973001,0.505420336902931,0.668274396773488,0.5048722088662303,0.8798252333875961,0.505546498554192
1,430,0.6678078728178058,0.5125958258771055,0.6429924327809535,0.521911144861336,0.9113306180025984,0.5129111643956165,0.6580643581527444,0.5249189078956541,0.6578676822840557,0.5062831965677006,0.8803104006246562,0.5052632665749485
1,431,0.6750362541659373,0.5024490782962686,0.645723493150827,0.539932398525219,0.9101995123148591,0.5104110629462469,0.6657303566630668,0.505035569253368,0.6676596894623326,0.5144301087008996,0.8854070789090099,0.5150623565549332
1,432,0.678089168702547,0.5022683656818955,0.6491246161266905,0.5370392032599036,0.9108152362713051,0.5097731599089483,0.6628277960251845,0.5047759038748034,0.6692134348723604,0.5133693240842742,0.8837627051251529,0.5139462908956787
1,433,0.6795319140394473,0.5020975418212709,0.6522718905740537,0.5342830613816295,0.9112917716402212,0.5100490361326118,0.6559256066907004,0.5045207580540232,0.6755193390018488,0.5366930063647013,0.8640277405718253,0.512689483619134
1,434,0.6781326334306375,0.5019364554554733,0.6551253441552733,0.5316678013289124,0.9008311486126612,0.5120530656463651,0.6640875843918002,0.5003877508424462,0.6720181631971943,0.5122541961111831,0.8892985776493733,0.5124612043566512
1,435,0.6749472478409566,0.5017849213716812,0.6574791872900796,0.5315267004968566,0.902132759737267,0.5131803258645281,0.6640144854355503,0.5003238343857341,0.6727431727647266,0.5113034191227976,0.8869330117541881,0.5115011826118591
1,436,0.6705430825500023,0.5016427204214238,0.6615673524510055,0.5290413911757211,0.9036593130210573,0.5124292027585337,0.6651119323169937,0.500270836885068,0.6799258096825906,0.5113830060375791,0.8800823846106797,0.5105967669477394
1,437,0.6661979983973723,0.5015096007081059,0.6655460623800351,0.5267043617611697,0.9050149718680335,0.5116925183716187,0.666755972950106,0.5006146011054915,0.6822117015321018,0.5104791262234541,0.8784741375011031,0.5106673836897232
1,438,0.6686499911068868,0.5017170851726447,0.6665670068130835,0.5245140892532746,0.9060340977403598,0.5116415539935378,0.6655804254855971,0.5005556222838672,0.6834529454847234,0.5096304309949775,0.8772100018479084,0.5106021075922001
1,439,0.6668803402428569,0.5015848667289452,0.6348374514269078,0.5247115432763609,0.9069235457065071,0.5109494385928318,0.6689953685129271,0.5014832073783598,0.6467836644345043,0.5088360797507221,0.8716879467129471,0.5097647301466256
1,440,0.6626155461913706,0.5018554445943791,0.6023220197325825,0.5226614940174222,0.9078104684289114,0.5102759509190741,0.6662331698486432,0.5013888041370876,0.6127502519383262,0.5080948291946634,0.8569957123788211,0.508979334006366
1,441,0.6595189455460828,0.5017139552136383,0.5773103374822757,0.5207508063028802,0.8978623175568823,0.511034422142097,0.6672462265087266,0.5016020736089946,0.5823363776488714,0.5074050944855019,0.8439294585943757,0.5092863358691428
1,442,0.6253897108337673,0.5018548123288014,0.5548416152922442,0.5189748578824528,0.8781637863099923,0.5112456245206428,0.6365758052811125,0.501503250725944,0.5544677178778568,0.5067650106089728,0.8276178433334722,0.508529061452179
1,443,0.6132541739029467,0.5017193835705491,0.5298883593897079,0.5173283720672562,0.871148516077473,0.5113492902490306,0.6112326324204541,0.5009565011310183,0.5301501006473823,0.5152298989982249,0.8043403057115966,0.5080366244865326
1,444,0.6107080803829164,0.5020282365333265,0.5110366255792227,0.5158055718650427,0.8649146827507497,0.5107110390645679,0.59906728181167,0.5155541754198769,0.5027947113340919,0.5068675379440243,0.8113188615677853,0.509422145226451
1,445,0.614729617762921,0.5018968855516268,0.5032530898891947,0.5144003220566989,0.8590176119563653,0.5114713089499677,0.5920798289989285,0.504871054758772,0.49531919403333313,0.5153147013291501,0.8219105137600167,0.5085623247852042
1,446,0.6159869628806993,0.512285937508263,0.5004585890258453,0.5105260740965155,0.8438712424945005,0.5126862279016934,0.5931204276256015,0.5045285205855917,0.5094859907079234,0.5141571362269093,0.8262922638845943,0.5085787824754229
1,447,0.6211853377356563,0.501821518872027,0.5038524035186135,0.5119168953656575,0.8485983462953754,0.5317165491772113,0.593923774016934,0.5042004362020303,0.5280581254661763,0.5140444024036128,0.8303164352703001,0.5079274840273105
1,448,0.6279025512379056,0.5017036316716262,0.5091719662403218,0.5108257347063174,0.8554472608769709,0.5296629787905118,0.5946940122641629,0.5115384441273049,0.5458200934406684,0.5115053294155087,0.8410797934115967,0.5069757004373957
1,449,0.6297318082159623,0.5015903070078277,0.5152118822186216,0.5098263373631787,0.8614755550974956,0.5276797881108137,0.6001307133611579,0.5114480356631306,0.5610069261531205,0.5116987642040656,0.8480903064068647,0.5064271934747873
1,450,0.633805440121317,0.5014816573154215,0.5306930301106652,0.5089123971171909,0.8670226731256757,0.5257724644661015,0.6044856806028867,0.5036139101511434,0.5716592747281906,0.5243037773567221,0.8507112742577337,0.5067791970478657
1,451,0.6395750230472709,0.5013777786609687,0.5479609208004211,0.5080777943397894,0.871559453194157,0.5267407022976717,0.6096509471009725,0.5033343938879655,0.5871163301675297,0.5227630468205934,0.857034619606693,0.505258007800792
1,452,0.6457044652124561,0.501278746140845,0.5605647147406498,0.5073166385920572,0.8542361102808143,0.523185158683231,0.6130248388822914,0.5089207362964624,0.6013086497549444,0.5226921426216923,0.8722572596397222,0.5052474373447248
1,453,0.6519616057809748,0.5011846101394584,0.5698104557334213,0.5066233003142323,0.8388877830760276,0.521587838263956,0.6163763908284429,0.5030339887519238,0.6119985647009782,0.5301418601143558,0.8616193903710582,0.5054888103313654
1,454,0.6576927771256171,0.501844982529801,0.5820318508230612,0.505992432967888,0.8356405185876261,0.5220602315743631,0.6257462797412242,0.502796777006645,0.6205995922762142,0.52806374930651,0.8526993127872975,0.5056801688633493
1,455,0.6650578350112583,0.5017166151855307,0.5923688711547912,0.5054189869770956,0.8329002107854754,0.5215681868125766,0.6308066629785692,0.5031711349716941,0.6303037460698031,0.5270921561587611,0.8495310031816194,0.5052394075485239
1,456,0.6729549745347989,0.5018302041223175,0.5998137510922906,0.5048982167555623,0.8413381920603188,0.5201134299923152,0.6334813093066537,0.5029329905116855,0.6376069004813694,0.5251219828039012,0.8468450097326947,0.5055857227710155
1,457,0.6792761790797064,0.5016238103437992,0.6156905122797631,0.5044026771604051,0.8069130491004867,0.5180804473591198,0.6360302298596321,0.5030617816787963,0.6458980186072869,0.5232472999231919,0.8490711404200707,0.5051603817033089
1,458,0.6770789147639752,0.5057009594355665,0.6179421502100784,0.5063755881398989,0.855290097092005,0.517964451933878,0.6390651502814388,0.5029762952352453,0.6536916780002754,0.5214701601923748,0.8556814978906433,0.5047608834216094
1,459,0.6779791997499934,0.5053111955246633,0.6261227746707154,0.5058235933368522,0.8614770234004476,0.5167242847796963,0.6397592737756422,0.5135882654009682,0.6550139805244409,0.5206715644820974,0.8581228665430315,0.5041279816677916
1,460,0.6788568141932185,0.5049365103903971,0.628775776237368,0.5053146690381762,0.8667000334057985,0.5179923684258062,0.6448589437788137,0.5032049556567192,0.6650307308774855,0.5275861358809608,0.8664710070098124,0.5040358885689985
1,461,0.6785367467567847,0.5045779320971505,0.635370884423923,0.5048459886767073,0.8502740006970004,0.5168110477458691,0.6489427187998129,0.50322194601187,0.6645626333943395,0.526284822323283,0.8711777259215424,0.5037085627062056
1,462,0.6733728044278187,0.5145713152082296,0.6367815774756568,0.504772643592235,0.8374649768642239,0.5175533488283927,0.6515873215322886,0.5030017906239909,0.6703441356739264,0.5242350164665468,0.8707301235833514,0.5034034262103315
1,463,0.6744628515296757,0.510228615442059,0.6380838830019201,0.503324109450912,0.8709177137785101,0.5445068139617159,0.6451157952051193,0.5031653719172272,0.684467499220428,0.5549917612331439,0.8292775775504696,0.5034217685660994
1,464,0.6792136438059035,0.5040793057976088,0.646569388267784,0.5245027138008155,0.8551346485580777,0.5355065518398441,0.6550693233293892,0.5106898703291544,0.6739655418066219,0.5214467794639276,0.8702057514594326,0.5036746431991183
1,465,0.6801189486668463,0.5037715679333261,0.6458036757750834,0.5227782852854487,0.861384175029423,0.5338520451780763,0.6572220392866516,0.5099508188258584,0.6753774394121145,0.5196865975408582,0.8651086691238794,0.5042237076817847
1,466,0.6826798843733476,0.503747663901668,0.6451974708849005,0.5211283304854858,0.8669333444344872,0.5320621498633177,0.655230215526855,0.5092422083507322,0.6761868808683007,0.5180430471431893,0.8651598222741677,0.5048075631873662
1,467,0.6852249195601399,0.5034641598931815,0.6445216529224322,0.5218295590474427,0.8603977717169549,0.5297747415665353,0.657411160409055,0.50856557846877,0.6773180769291676,0.5165127365223099,0.8653718289168445,0.505500897190207
1,468,0.6872829023555602,0.5034347879084752,0.6437743472311022,0.5201890897274245,0.8548725683030713,0.5276015201199883,0.6612637603291951,0.5079220609016883,0.6797248141919441,0.5169659417442882,0.8701430781414201,0.5056520683521559
1,469,0.6948208092279342,0.5031763203345823,0.6445654582588073,0.5186343401770301,0.8498375990158201,0.5261397271758679,0.6537090575577663,0.5075051989829585,0.6805715454865087,0.5383880395659975,0.8484731828752632,0.5060350363655248
1,470,0.6940544575387632,0.5029323693978074,0.6499269258043625,0.5171664247773948,0.8454839944497986,0.5242051409191956,0.6601623739616319,0.5109302650126821,0.6744216864148137,0.5167331288494379,0.8698065200181617,0.5048819687463173
1,471,0.6894172716310515,0.502702754545936,0.6527173961548048,0.5157855041808722,0.8417397069762877,0.5223804440914875,0.6573239106039533,0.5112081101417214,0.6752356760980812,0.515359495741671,0.8649125677486519,0.5045237794271153
1,472,0.6868118317012329,0.5031453381693495,0.6522241496591745,0.5144908752289473,0.8381384622711974,0.5244941078136067,0.6539919512439014,0.5103673309784122,0.6757803335747684,0.5147140829231185,0.8698659391794112,0.5048683544396272
1,473,0.685016539804985,0.5029083560525844,0.6507767360328132,0.513281073015062,0.8351839066286874,0.5226665675022272,0.6537690125417451,0.5098684199034081,0.682343404450117,0.5135052391069351,0.87428009130968,0.5053883157745443
1,474,0.6450446822743479,0.5121576329231063,0.6482895703732151,0.5141710040359401,0.8237874855430453,0.5286090706185137,0.6256064646019271,0.509105950901565,0.6866419548097134,0.5123806906349068,0.8782333990809127,0.5054575019868013
1,475,0.6277421728321095,0.5024747519159519,0.652272860005223,0.532531803115843,0.8393461550268829,0.522803256876856,0.608021211367941,0.508387633688648,0.686150909916813,0.5113364918282401,0.881990161966696,0.5050902258469611
1,476,0.6097559134732573,0.5022775749888699,0.657111794400639,0.5300844344208036,0.8363361950245167,0.5211709169502099,0.5928808732548444,0.5075840623276797,0.6928567293247969,0.5203009904611893,0.8633183387101147,0.5055419562375459
1,477,0.6058166072683183,0.502093024364737,0.657310643754316,0.5277683650605869,0.8228595673819447,0.5196268750444039,0.5888268054918087,0.511366617270092,0.6864842847507862,0.5094731321793443,0.8880674999999711,0.5058484407685482
1,478,0.6095718844591745,0.5019207001404425,0.6571437929167602,0.5255840052377989,0.8108082198396762,0.5194683384796336,0.5857381256694921,0.5111797186483461,0.6873741966706884,0.5092116578649851,0.8855579330855351,0.5054576418385028
1,479,0.6134825414771823,0.5017601638880965,0.6551761299359827,0.5235306095793035,0.8000831087568036,0.5180616406316677,0.5845272088295037,0.5199662538466702,0.6819204176716448,0.5086999283247351,0.8839474657087139,0.5046547516747836
1,480,0.6167336396013537,0.5016109448943938,0.6557540862247608,0.521606382504558,0.8007798201491008,0.5175922554073773,0.5885669219459386,0.5099984749256716,0.6855630102847718,0.5091521406203388,0.8809864044017435,0.5149438562386167
1,481,0.61986238720129,0.5014725465432495,0.6523374887341749,0.5198085973345722,0.8124891559431092,0.5163351972275368,0.5918666084030706,0.5098386554720266,0.6867218962812889,0.5084145940611489,0.8843132050528223,0.5143845648962571
1,482,0.6252906942428899,0.5013444527125549,0.6530945188806273,0.5181337239841833,0.8122870239268141,0.5151462170821753,0.5964660888899967,0.5092026621905995,0.6884711164934536,0.5077290135282045,0.8828683214598865,0.5144225686471073
1,483,0.6281487342044134,0.5082924463349257,0.6487510354629895,0.5193133874387063,0.8306803695653939,0.5138488910508382,0.6018511566558961,0.5187086724375641,0.6880934536316574,0.5064030738770264,0.8798585207205804,0.514286815663691
1,484,0.6382237573121768,0.5013832937246744,0.6568919777104308,0.5151353623966608,0.8293246332809113,0.5356190092927998,0.6100422378635036,0.5082209420450053,0.6917510576718536,0.5167760494807845,0.8843129805719113,0.5138915742059673
1,485,0.6468853585191147,0.5012720429294182,0.6617721491570623,0.5138019706141035,0.8379176880028869,0.534890170173605,0.6153171081556478,0.5077908643124476,0.6914364125278252,0.5164914169721062,0.8872088702071722,0.5128910412313318
1,486,0.6522835578359206,0.5013637242998198,0.669769654094541,0.5125719272582233,0.8244792943681991,0.5324877133349079,0.6216466982690791,0.5071738771912818,0.6934077617013962,0.515253632012259,0.8802777046701457,0.5119380455589363
1,487,0.6556069371386501,0.5012643401887524,0.670285084794039,0.511439584623008,0.8123580210696517,0.5301928305423874,0.631211754281786,0.5068394540059366,0.6984244482218737,0.5140830130810136,0.8788965848640261,0.511466401545452
1,488,0.6626450642804573,0.5011708303601222,0.6691181930502075,0.5103992013405316,0.8121046186281401,0.5280075409360915,0.6324458553873057,0.506624524175303,0.7008206383884049,0.512979321233525,0.8778705101899259,0.5113128351577533
1,489,0.6633020409261281,0.5082672306067211,0.6625741801361242,0.5083367717803721,0.8031384849276856,0.5312300083366839,0.6314716725584005,0.5044041530216002,0.7104783030070692,0.5299665009210159,0.8585974516726188,0.5111490246265478
1,490,0.6670090955961954,0.5084822501384708,0.6601313900289896,0.5075770860049447,0.8021025538488322,0.5289393275595414,0.6379794249419783,0.5089705574482641,0.7065111525063597,0.5125156126484832,0.8758639237449505,0.5109332300294929
1,491,0.6710657496068936,0.5013135330211537,0.6632925887738162,0.537716633533955,0.808713914749289,0.5229478095881233,0.6401828468059344,0.5083561330877672,0.7067796979746236,0.511932569649445,0.8702300837136694,0.5101288576796863
1,492,0.6709786255002254,0.501410339300487,0.6628115388763868,0.5354793743136209,0.8197157247191388,0.5219285346343587,0.6423888552948989,0.5077694207734623,0.708508706903894,0.5110435777928549,0.8698670620575877,0.5104060766076588
1,493,0.6706708336203935,0.5013134186130171,0.6611027639865642,0.5333002525435699,0.8186269612881524,0.5225654343569451,0.6447436207412582,0.5072107011430627,0.7100012115732701,0.5102067568710864,0.8694099226445016,0.5106638008739804
1,494,0.6358511692224859,0.5012211882456872,0.6648633025016669,0.531184953802409,0.8283914443186741,0.5208689451994714,0.6167500382811403,0.5066801194313375,0.7092826931521437,0.5097846795737112,0.8690856397253729,0.5098939678000696
1,495,0.6059773854437402,0.5011335871196885,0.6683821673367502,0.5291388531271076,0.837298401076121,0.5205438035768578,0.5814809441372963,0.5165570240805583,0.7028990964639514,0.5093865823621565,0.8660104555902439,0.5100269843303573
1,496,0.5770260355688759,0.5010505522324642,0.6696562127276557,0.5271668609343065,0.8344583410416525,0.5203822834963229,0.560790705678365,0.5062880699927317,0.7074094492506537,0.498956292186039,0.8632821748974465,0.5101907012356617
1,497,0.5639342237135897,0.5009720152512992,0.6726653508384433,0.525273289877629,0.8319585947766165,0.5188993228136944,0.5502625293559872,0.5058166199153694,0.7051827213724005,0.49895963631691564,0.8636411731858704,0.5119966567306142
1,498,0.5639184866951942,0.5013101451838963,0.6753796373717585,0.5234617485868289,0.8295279089673215,0.5183758113515532,0.5531930078540676,0.5053714239106099,0.7051252993242219,0.4999009189249215,0.859457381400021,0.5111361806925319
1,499,0.5695741125947303,0.5194595559094499,0.6687906054375797,0.5037195962799856,0.8234274240944501,0.515001215696153,0.5556536169272316,0.505187489061168,0.704892778988855,0.5002581160883142,0.8601901737566143,0.5103179208223966
