episode,timestep,group0_trust_in_sp0,group0_trust_in_sp1,group0_trust_in_sp2,group1_trust_in_sp0,group1_trust_in_sp1,group1_trust_in_sp2,group2_trust_in_sp0,group2_trust_in_sp1,group2_trust_in_sp2,group3_trust_in_sp0,group3_trust_in_sp1,group3_trust_in_sp2
1,0,0.5,0.5,0.5,0.5,0.5,0.5,0.5,0.5,0.5,0.5,0.5,0.5
1,1,0.5888888888888889,0.5,0.5760683760683761,0.5047619047619047,0.6619047619047619,0.5,0.5679824561403508,0.500438596491228,0.5938596491228071,0.5,0.6624999999999999,0.5
1,2,0.6231868779614139,0.5,0.610536398467433,0.5044334975369458,0.7084249084249085,0.5,0.6006212480804133,0.5008469449485783,0.6380031644096982,0.5,0.7395197833775422,0.5
1,3,0.6446292222564634,0.5,0.6224608095449421,0.5041179461108287,0.7337430197319977,0.5,0.615160617998675,0.508030928835344,0.6634100365750268,0.5,0.7846181125967004,0.5
1,4,0.6582416503603324,0.5,0.6350865147074161,0.5038161545307019,0.7499301437613857,0.5,0.6230764650205397,0.5091521318062852,0.679937975521884,0.5122222222222222,0.8100685718513482,0.5022222222222222
1,5,0.662579657629084,0.5,0.646548726277892,0.504999895091368,0.7605959282861043,0.5023809523809524,0.6319264877942585,0.5013434530396851,0.6925617830192273,0.5106681034482758,0.8108847356769477,0.5113146551724138
1,6,0.6708710370844962,0.5,0.6549732849335933,0.504678284553137,0.7312870153982604,0.5022167487684729,0.6359280466474352,0.5012549837362985,0.702233985289498,0.5099088078291815,0.8208880451636481,0.5105300496993497
1,7,0.6774895487381623,0.5,0.6589402530311196,0.5043670856989586,0.7623112034150384,0.5020589730554144,0.6425252290168982,0.501169626901044,0.70877023281629,0.5091826218395016,0.8274242515111552,0.5108184406795426
1,8,0.6820713211291667,0.5004273504273504,0.6656552587531579,0.5040672580160389,0.7689666499664894,0.5042890296463034,0.6472033726442797,0.5012770730517517,0.7172946560770942,0.5084911853845864,0.8254870156701726,0.5106703359209999
1,9,0.6830326903926973,0.5008252284114353,0.6702801533290182,0.5037795993166656,0.7740204987669177,0.5067153464133852,0.650837985988731,0.5011964752546549,0.7230052826647966,0.5078356194194921,0.8245238937338175,0.5098948837002211
1,10,0.684196772720893,0.5007674372504414,0.6714360002823409,0.503504742192692,0.7790396102403208,0.5063423641948878,0.6516006963541607,0.5019958103373482,0.72405221605357,0.5072165554618892,0.8235818297879383,0.5106288481358261
1,11,0.6844936020498155,0.5007120346729579,0.6753201133008968,0.5032431546154151,0.7833256703841108,0.5059737460422429,0.6528234898215285,0.5020930386369473,0.7270074679473506,0.506634175242482,0.8161078114071397,0.5108942994478757
1,12,0.6822517802174842,0.5006591629733926,0.6779813190778974,0.5029951443946639,0.7863566963056797,0.5090510302831376,0.6537575125587861,0.5019575071361552,0.729339034458365,0.5071299242176707,0.8163268546956378,0.5111270875976788
1,13,0.6790320583175358,0.5096196816187794,0.6741865177263737,0.5021898386764557,0.7791873674742487,0.5093996363803549,0.6565768144710141,0.5022652728485681,0.7287623896332933,0.5065480570479777,0.8161891534718315,0.5113305024942204
1,14,0.6858451779649852,0.5009592644598474,0.6736167410299407,0.5058336716369517,0.7880548350483328,0.5325083052654616,0.6633566545292757,0.5021092210202547,0.7292360387669081,0.5065877994518793,0.8154313927347978,0.5104659555930637
1,15,0.6789577191601774,0.500886136635284,0.6720514121429668,0.5054764559917185,0.7906181821377551,0.5310666260980149,0.6623055084652861,0.5030277164907161,0.7272804838123974,0.506064872349049,0.8208789776726074,0.5100714120402261
1,16,0.6775422592234762,0.5008169717345635,0.6705291974377682,0.5051277808268384,0.7929979203280366,0.5290970219065548,0.6619113130812572,0.5032607674615963,0.7228724458464199,0.505575408822237,0.8266197912052689,0.5107166913921992
1,17,0.6760595440984903,0.5007518013015332,0.6732007336760694,0.5047891650680263,0.7948096480541612,0.52719025395202,0.6593206667093412,0.5034124129085656,0.7144235425840421,0.5055542636021466,0.8366359120842515,0.5106589013905409
1,18,0.6769426406465457,0.5006906132692084,0.6715505543878793,0.504461937721293,0.7958408772430058,0.525931121218401,0.6567121413747874,0.5032944155525817,0.7073172575377217,0.5051243241624217,0.8454545940356359,0.5106123351005922
1,19,0.6800328999193616,0.5013951179339423,0.6703716997747041,0.5041472229055656,0.7967895170341623,0.5253208302983511,0.6568517243085077,0.5030821455080602,0.704915836699351,0.5047221288409149,0.8533760403565117,0.5098501167316414
1,20,0.68072875892953,0.501295529939892,0.6712620260760245,0.503845932069891,0.7980281670667414,0.5241280547303065,0.6527688574182126,0.5131776765175623,0.6996347939450244,0.5055939698566655,0.857610031543345,0.5102653715024738
1,21,0.6856403955064534,0.501200523274382,0.67586549860212,0.5035587630440327,0.7988186670060358,0.5237246396704727,0.6595133583396123,0.5032158784396138,0.702931705510277,0.5142176204939479,0.8658981846442287,0.50942687879118
1,22,0.6934186781511548,0.5011102346254813,0.6764720964940109,0.5032862052503887,0.799722191867556,0.5221529891121568,0.6548703948517998,0.5090710396230828,0.7039723361938471,0.5160628517676039,0.8803948251188444,0.5114366786910766
1,23,0.7004101684264087,0.5012567297920154,0.6721065294453828,0.5030285501696057,0.8126032345394076,0.5206483036412789,0.6586297712668907,0.5031607714168035,0.7090002613111629,0.5235334419175959,0.8688839696005014,0.5110530501558519
1,24,0.6988780468238627,0.5011702651584061,0.668763993096826,0.5051668583894271,0.8119994500388946,0.5192117872837446,0.6592233576461236,0.5032675633393617,0.7101858932349355,0.5218237679770452,0.8639346438782055,0.5106936502270969
1,25,0.6966685383383064,0.511061929494488,0.6654579500911526,0.5055707916037199,0.7972351012315153,0.5208181487427552,0.6568168776851984,0.5030441179017078,0.7115920782185922,0.5201958026456546,0.8642658213313946,0.511012963936249
1,26,0.700280516793753,0.5014363549204555,0.6707514484072858,0.5044042485491851,0.8105694041523214,0.5379741081123487,0.6575077176455215,0.5032934635102368,0.7148736454228872,0.5186516639878902,0.8647551097775255,0.5102498724494404
1,27,0.694091638274183,0.5115941923453622,0.6671528915372391,0.5047306412666671,0.7933123490024842,0.5411442860187604,0.6575703734323564,0.5031712556967551,0.7178375317837846,0.5171925128321305,0.8599568671250588,0.509521259287116
1,28,0.6960007357039558,0.5012331668115239,0.6727478821588938,0.5275361572372599,0.8087147325154623,0.5326850305733817,0.6575904248322562,0.5034024065805118,0.7178906016721477,0.5164332086515816,0.8556045515619926,0.5100115943431347
1,29,0.6912752465579899,0.5116243496441594,0.6700346149856674,0.5065754601194197,0.8057716404793184,0.5352714767605731,0.6597401589214261,0.503173509747714,0.7107281311554047,0.5151253089705758,0.8472051297478743,0.5097266402908144
1,30,0.6918884218556915,0.5113100190577959,0.6712462486471586,0.5060567952841101,0.8169721706911653,0.5337159438424188,0.6616222455161205,0.5029547292393951,0.7101212757181932,0.5138985873924502,0.8442965227903618,0.510519941244992
1,31,0.6891078922187405,0.5012936708226804,0.6728464780287737,0.5412842471275169,0.8360781068354652,0.5296856966086049,0.6637473488093759,0.502746219692897,0.707405826222449,0.5127514555477172,0.8416831665088269,0.5098205983509583
1,32,0.6876770922571038,0.5016221018727703,0.671590415694849,0.5392203995001663,0.8327359500184216,0.5282600439139438,0.6652782037437031,0.5034445056079513,0.7087766127033615,0.5116817948686425,0.8346161696372432,0.5091492822342112
1,33,0.6888528803184124,0.5113498991335476,0.666691810412188,0.5046862625420662,0.832432378334132,0.5333477753106067,0.6670193962947785,0.5032121088582763,0.7098422758265645,0.5106870462650506,0.8283641693947893,0.5085069064200177
1,34,0.6862871660341461,0.5013829375725748,0.6701514447715119,0.5351342749496251,0.8473385449989287,0.5479012945509952,0.6678506785420892,0.503215618586244,0.7077155462300191,0.5104152504786019,0.8488237765903028,0.507131875549054
1,35,0.6932305795669427,0.5013068590824269,0.6638271180309371,0.5289878895918148,0.7978418723145014,0.5916709009187477,0.6752581134967303,0.5027780957793029,0.7156342940885921,0.4995353647911678,0.8195500742748378,0.5088380833996686
1,36,0.6882767621568852,0.5050165569618852,0.6697332636099799,0.531160100256285,0.834922662732568,0.5422283431094828,0.6737880945635412,0.5030153691425535,0.7162028107238717,0.4993934224505804,0.8244739493538623,0.5095546700609118
1,37,0.6864257918180784,0.504654909071394,0.6683793726149895,0.5292354602893846,0.8305030254383423,0.5390774535929247,0.6637318610945433,0.5028547811192062,0.7206513670435263,0.5244259495375827,0.8049924205235238,0.5096640466782146
1,38,0.6847335992913658,0.5043100550228359,0.66734837379354,0.5273624958268128,0.8270908838907063,0.5360963353123875,0.6647376650095156,0.5105263770619581,0.7108384711676901,0.5001961502033307,0.8304707625580454,0.5076454799534448
1,39,0.6865442368910288,0.5043094202588154,0.6715989064194979,0.5255479248896379,0.8239036186750855,0.5363292941237102,0.6701031227481661,0.5064136793981181,0.713997281221505,0.5000671751324359,0.8126528105922021,0.5175137158047618
1,40,0.6860345261532774,0.5039837929092241,0.6705749443944286,0.5237976644827018,0.8215284567659994,0.5335762358129176,0.666746905324555,0.5062452752941917,0.710700405295884,0.4999753559714554,0.8135351137672806,0.516752648726738
1,41,0.6889941150213347,0.5041029275288275,0.6696724466138567,0.5221167405975347,0.8195380662137701,0.5319531539447189,0.6636060448478817,0.5061523701708319,0.704354816773904,0.49990458588413367,0.8142310482052655,0.5155777663418638
1,42,0.6868486716811046,0.5139939840793029,0.6662447302346283,0.5230720754628234,0.8032084941757786,0.5294418739592924,0.6526523030959792,0.5115735607616676,0.694467580077505,0.49984153328600406,0.8259151036919242,0.5069054070146658
1,43,0.6908198515481483,0.5037104141900685,0.6711165619688079,0.518978237997417,0.816703949238762,0.54787693857775,0.6561544251765695,0.5057147772327703,0.6939593806202358,0.49981289107617843,0.8232873808595313,0.5208634521231484
1,44,0.6884455886450164,0.5037741138675117,0.6721050656144403,0.5175258986188905,0.8163581034586432,0.5459254424713549,0.6540108199660702,0.5052948727632824,0.6890695551005002,0.4997863142395697,0.8230952941434743,0.5199658197857211
1,45,0.6883924149472928,0.5034839171361358,0.670646622374355,0.5161534137489608,0.8266910088247282,0.5435968499900332,0.6495557225017057,0.5050815958590882,0.6905223735800563,0.4997694348834836,0.8230032241358234,0.5199867095289344
1,46,0.6858430042096719,0.5032106027575343,0.6757956649079384,0.5148611070301067,0.8245829096596288,0.540558612436566,0.6503434009891302,0.5047033852223674,0.6897530535524055,0.49976031098313295,0.8227955930656986,0.5190262668470806
1,47,0.6858946952647655,0.502953941752918,0.6721653557795177,0.515782710650533,0.8220185891255165,0.5386901113290834,0.6511818034931054,0.504345968285338,0.6888256807269834,0.49975729825865367,0.8226540119272685,0.517793806686701
1,48,0.6854790270533468,0.5029521768906248,0.6691782156983773,0.5145200328530752,0.8198823775622989,0.5381576061626213,0.6517371253817995,0.5045557520141114,0.6900244932370571,0.49975901749353946,0.8223540341300142,0.5172441320442803
1,49,0.6871123362725892,0.5027213139327303,0.6663529086499645,0.5133359902809899,0.8295738198878482,0.5362856661994234,0.6546763899093223,0.5044209696653749,0.6871378081853493,0.49976432261260034,0.8126332116660702,0.5160773205239012
1,50,0.6909594514686995,0.5025048825604747,0.6636063446078792,0.512229132810338,0.8279764376824976,0.5337345375501316,0.6575739336401127,0.5040967806473617,0.6846356001051795,0.5006807353746026,0.8135135722315164,0.5149563303261132
1,51,0.6947491213707868,0.5023024383045108,0.6613659852046013,0.5111974614563641,0.8040797826287889,0.5330190610522679,0.6577017107602751,0.5037906176607574,0.6784163295449056,0.5006377559578267,0.8141073886523456,0.5138836984139111
1,52,0.6977309967550597,0.5023051578553012,0.6612592231944444,0.5102385214244012,0.793652583219067,0.5307140144423727,0.6619563828322471,0.5035021141544771,0.6722999849707031,0.5016023250672197,0.8194034467776585,0.5128613500163677
1,53,0.6940344583653119,0.5074650254471268,0.6611716217337562,0.508976708679656,0.8102293510863733,0.5212491344119393,0.6574901011711811,0.5050127897382325,0.667100252366059,0.5026114921589264,0.8419757476567594,0.5118104033111269
1,54,0.7011447759024446,0.5023454347821312,0.6621440497773275,0.5085272741962221,0.8033592237528143,0.5049634618300202,0.6593206958421146,0.5032950093530677,0.6683645686666394,0.5023371201220652,0.831199155118369,0.5015883654788971
1,55,0.7017855209933153,0.5024641844932553,0.6618970004666354,0.5077685649526728,0.8150881436332736,0.504613988400002,0.6594140733930111,0.5030401779477089,0.6678473338920142,0.5021736576234276,0.8349494901772164,0.5024360905499536
1,56,0.7021500548406192,0.5023078424776416,0.6599682031766358,0.5070699327041338,0.8149469193710088,0.5042917049912817,0.6576958793248867,0.5028007889866791,0.6712126701551032,0.5029506064524398,0.8335221799006641,0.5029647423663273
1,57,0.7044172634635945,0.5022522634448559,0.6579803778668877,0.5064278777937669,0.8145624578923231,0.5050719395164036,0.6554493892638925,0.5030150209344455,0.6765609650494687,0.5037863526113714,0.8369525268600384,0.5034259674505762
1,58,0.7010106574184405,0.5021122127560139,0.6579328675898298,0.5058388870812107,0.8031987184998916,0.5055082558404712,0.6487798711366226,0.5131394845888801,0.673355226417996,0.5050243277637095,0.8371306511258979,0.5042146953020459
1,59,0.7009707083261153,0.5019784235232975,0.6612461420740737,0.5052994796924881,0.8040710183080408,0.5052345876142612,0.6501467511871211,0.5031594853125687,0.6821255065725849,0.5032589846198121,0.8327147873691396,0.5132413178370384
1,60,0.7050844761688029,0.501850662189004,0.6593458163649587,0.5048062447478001,0.8046799528879208,0.5049688618051141,0.649156996735406,0.5029176122678969,0.6878379233429665,0.5030134006936133,0.8317104592311059,0.5123679633300527
1,61,0.707335086713556,0.5021546025782525,0.6571682142235462,0.5043558716283968,0.8049358781790348,0.5062615264054098,0.6500700372990086,0.5026899840214946,0.6906699440102595,0.5056458257537221,0.8302636837111406,0.5115273434473648
1,62,0.7075828030977966,0.5022085706219749,0.6572529404398499,0.5039451734609314,0.7943659554106884,0.5071470395408638,0.6509284828389945,0.502869080538174,0.693610415355277,0.5052455948590594,0.8339211716834192,0.510721111665265
1,63,0.7079579747445749,0.5020665688956033,0.6592040171869233,0.503571104562168,0.7960284392512355,0.5069165029083813,0.6495768250475452,0.5031659453632463,0.6957554125328332,0.5048629034096408,0.8372392710070381,0.5099506210890385
1,64,0.7079226314405452,0.502070914330548,0.6589828076281566,0.5032307726087307,0.7863875956723757,0.5087004934065074,0.6443024452985595,0.5030818912484498,0.69818289953271,0.5050203851653475,0.8396394831101056,0.5092168998347195
1,65,0.7105243879234754,0.5019407579437984,0.6588121745562023,0.5029214462854213,0.7780915436443293,0.5084063757948921,0.6433351816316278,0.5033051896599295,0.7010171085747201,0.5046644173392919,0.8470486473978255,0.5085206382433919
1,66,0.708269840921634,0.5020908178404813,0.6586633285096892,0.5026405591302806,0.7704713208651341,0.5080978739543267,0.6385919320422457,0.5132094751678552,0.7012798269171319,0.5051751692320805,0.84581037660687,0.5025259062316151
1,67,0.705896315966753,0.5019607237047848,0.6620642358552483,0.5023857102426762,0.7632734603828569,0.5096087782378688,0.6412081481403323,0.502848255933423,0.7044517878764643,0.5134285597272957,0.8456470327200759,0.5072415694456973
1,68,0.7063366324363854,0.5018349156904203,0.6638902962846853,0.5021546624586488,0.7571078881086697,0.5113042258099421,0.6461985803601953,0.5029051459546319,0.702044483156478,0.5133587076784805,0.8429010129882859,0.5073495387012856
1,69,0.7087702520578789,0.5019255469613202,0.6648795242896595,0.5019453385306869,0.7516940127134045,0.5108273771103645,0.6490706763250185,0.5026971355288008,0.7006563667473897,0.5123905382470997,0.8405478394591905,0.5078103129531847
1,70,0.7105098059295136,0.5018048072821214,0.6666144397705486,0.5017558157809644,0.7575281690415823,0.510336368571638,0.6525357831637243,0.5029002019757162,0.7009056759114771,0.5114686090796043,0.8386653558200807,0.5072015119730612
1,71,0.7178600990107049,0.5016879747318469,0.6672598874837208,0.5015843196307996,0.7734893259328219,0.5098353279531647,0.6553966262681616,0.5026885168569789,0.7029655088431309,0.510594064346554,0.8459971851969563,0.5066290359041876
1,72,0.716884611976389,0.5015752963676985,0.6704030580991565,0.5014292163466517,0.7874096452775193,0.5114798316049819,0.6575173570408955,0.5024877038553854,0.7051821569564257,0.5097675220913815,0.8530475469386931,0.5067929858375388
1,73,0.7160062890210708,0.5014669964970436,0.6729544364757353,0.501289005285668,0.8000519861920005,0.5115139054752433,0.6556745276011221,0.513065074742172,0.7018061418567585,0.5105914831884241,0.8554920981076399,0.5074326795886723
1,74,0.7149624619469965,0.5015799956053016,0.6789316267760925,0.5011623108723108,0.8115512731723314,0.5109716750624006,0.6618132515520623,0.5032744380113566,0.7106719392150116,0.5185167123134541,0.8637440390078556,0.5077798782635266
1,75,0.7141461456184529,0.5014764834675209,0.6807903312135665,0.501047874492166,0.8108751259172445,0.5119552083653433,0.6638413492825117,0.50330527213486,0.7103190196207007,0.5171303691924057,0.8688159474420183,0.5082575025339102
1,76,0.7080641386913297,0.5097623331980625,0.675496861883261,0.5008850042544271,0.8197071145963933,0.5167922870064086,0.6635022235700532,0.5036820503208453,0.7137621594641613,0.5168553706384976,0.873108768188724,0.5076650182992404
1,77,0.7127317025082727,0.5016628054845288,0.6474799797297847,0.5222798495310055,0.8286001701400146,0.5119768004082218,0.6623424536919557,0.5038469976871278,0.6695252899665657,0.5155435525772388,0.8726307803349862,0.5083859868877316
1,78,0.7119012389679334,0.5016824008954285,0.618065864325101,0.5207178531738649,0.8268837196321664,0.5114323942030751,0.6567814521956041,0.5043293694355699,0.6368075889391904,0.534275904324839,0.8457884037246676,0.5076576334277985
1,79,0.7143433312102794,0.5015883810702768,0.5925159991668878,0.5192219433884305,0.8355681158002185,0.5115329678385084,0.6584240611608931,0.510492341867554,0.598582288877225,0.5119995072679853,0.8594650889424251,0.5062724139942616
1,80,0.7137142544049978,0.5014965270669621,0.5683693640873915,0.5177953986109516,0.8328957178432015,0.5109910666865984,0.658683884268535,0.5001377682376384,0.5669114061396215,0.5211343235579396,0.8621658286701742,0.5076793960671899
1,81,0.7131695482974542,0.5014070435080882,0.5457954482382475,0.5188187239623109,0.8305000894104131,0.5104476208417215,0.6584465393750628,0.5001448121097937,0.5410416890684099,0.5196459075518974,0.8673365403655794,0.5076139891809647
1,82,0.712480964421897,0.501320129941873,0.5257784327535432,0.5173732718187598,0.8283115181609493,0.5099054909349684,0.6580126894093077,0.5003281194222741,0.5150342910739842,0.5182236375430002,0.8718454167188079,0.5070688836719945
1,83,0.70962250580836,0.5012359758333429,0.5042508329731071,0.5160079425992706,0.8369235726661259,0.5100474436224279,0.6557092840616994,0.5108917065354405,0.4954418160158519,0.517994400940191,0.8634869925739561,0.5069337128519257
1,84,0.707348961792236,0.5011547558948973,0.4885109231658355,0.516125887388076,0.8448071725270818,0.5095230030973814,0.6537902722187627,0.5000464127843569,0.47603748540108004,0.5476074585839517,0.8449785809621315,0.5075727730882111
1,85,0.7035750629522945,0.5012370718215698,0.47441593041217556,0.51487828028165,0.8517431440360198,0.5095766474677418,0.6596584359336827,0.50425590017806,0.45729816600739837,0.5238167684068625,0.8705756893412467,0.5068269804376878
1,86,0.7061553788832732,0.5011615865080997,0.46222414037255605,0.5137042145666068,0.858072819675298,0.5090756133893998,0.6625614609580867,0.5042997568166684,0.4380248829176806,0.5239097525011046,0.8745370423076908,0.5071301431360858
1,87,0.7024100255654736,0.5010885703750737,0.4501412682138418,0.5126026175881462,0.8635683004328208,0.504350012794424,0.6619923734654496,0.5040218742567453,0.42504049438920566,0.5220915684433632,0.8784979401644585,0.5066291048804983
1,88,0.7011109118398392,0.5015832233224146,0.45288946570381655,0.5115719234414386,0.8683731653340673,0.5068601591145511,0.6581950008609071,0.5039411941319748,0.4207690154218178,0.5203724477319732,0.88134454340315,0.5072858741377582
1,89,0.6940342265957286,0.5113394901896661,0.46294320673343037,0.5030417085586841,0.8697239139928606,0.5088944409339128,0.6583691394320893,0.5036792140373907,0.4246288991502937,0.5193146953983903,0.8846098597778989,0.506544681484646
1,90,0.6964764105728088,0.5017997250027064,0.47853563272967353,0.5097149652258995,0.8755553788173464,0.5310173328666808,0.6581807466263987,0.5037896115808096,0.43480809583516833,0.5177800582508432,0.8872224257073519,0.505177664502995
1,91,0.6968163934396299,0.501697902535145,0.49473505565559206,0.5088837704782351,0.8798757655687467,0.5290340557548879,0.6583288141203326,0.5035275505077849,0.4466226082815958,0.5167340446765311,0.8899329063937603,0.5048167791491154
1,92,0.6959226072996193,0.5015983747608042,0.5110583973267576,0.5081137512327367,0.8835602965907573,0.5271199243364162,0.6523178877668244,0.5131041144794037,0.46019541358016613,0.5163495699779113,0.892540715010568,0.5047707893693331
1,93,0.6986737836084824,0.5015014228785801,0.5242495599224152,0.509782895530723,0.8867321795648861,0.5273168997504917,0.6531887971777263,0.5030360372559158,0.4706136086393494,0.5235020221751698,0.8886424111812333,0.5046381098154786
1,94,0.6978565177477981,0.5018064654964919,0.5376436876424765,0.5089620327375299,0.8898129708280191,0.5254399262136598,0.6516420742789499,0.5028076558655413,0.48707663480864744,0.5216819775917382,0.8867518830563677,0.5038403586850434
1,95,0.699331087935386,0.5016900860441579,0.5476264000592204,0.5081996338509653,0.8924247972846227,0.5236446281224753,0.6506360535099557,0.5025912982877015,0.5045532649605581,0.5203376921961766,0.8846641064679264,0.5054033337419489
1,96,0.7003156201313101,0.5018231226191866,0.5587535106049154,0.5074930286694899,0.8947668696087702,0.5236572776537584,0.6492100732320845,0.5023871049339733,0.5203699758629927,0.5200160053621626,0.8826226180259,0.5048476405843526
1,97,0.6991215162456613,0.5017078231849689,0.5686856286222726,0.5068394618676929,0.8968659631132878,0.5219469849556431,0.6498955193829188,0.5024776449748597,0.5377157929699826,0.5184464695127805,0.8665211529613657,0.5063590599894681
1,98,0.6930854279343492,0.5112418945580236,0.5459293298801591,0.5072754806955885,0.904662683618442,0.5237108954195752,0.6516810792052627,0.5092421422490198,0.510695916934767,0.5161400755992797,0.8581510375452092,0.5042297608411512
1,99,0.6970176703370843,0.5020527247933062,0.5383897520050182,0.5056801938098912,0.8989642429617664,0.49858025950096707,0.6535874317769741,0.5027466335229659,0.5010316322407832,0.5245268295254627,0.8428550038192335,0.5053227413893343
1,100,0.6964861620184081,0.5020487873920764,0.5422821237284848,0.5051688431127214,0.8898288992142014,0.5003905644821826,0.6521134570187328,0.5025462756380932,0.5067147662954866,0.5237591222992348,0.830890107003165,0.5058697936576159
1,101,0.6980166373317949,0.5019207091422331,0.5471332968883502,0.504699284933773,0.8817126419642051,0.501377014158734,0.6509743472359109,0.5023561798781523,0.5152446175907733,0.5219872319294353,0.8205970017216521,0.5054810228010431
1,102,0.6973037114381088,0.5017970178872577,0.554426872340976,0.5042687838989154,0.8743710304392992,0.5020293303739283,0.6519563222457844,0.5021763755019076,0.5261369117984462,0.5203109846896165,0.8108232215539387,0.5051063954231915
1,103,0.689535942437129,0.5054051303777382,0.5600794745372585,0.5045200498562422,0.829145421169719,0.5009843536418125,0.6455256465539276,0.5071419436715654,0.5364092042685563,0.5184106793262385,0.7490262760759367,0.5036423658617374
1,104,0.682884072378876,0.516705391960074,0.5648446003900668,0.5025583088282635,0.7799920183073861,0.46685356743854545,0.6474532280852202,0.5028771555964883,0.5486525720575559,0.5258847944506145,0.709858499451804,0.5044032169324919
1,105,0.6936055888865231,0.5016795396507367,0.5759840529330469,0.4817530274364173,0.7960230921808366,0.5019259164587405,0.6483869907974938,0.5028198337732809,0.5610568649953885,0.5247186406146986,0.702060887327242,0.5040760116934475
1,106,0.6930377018510528,0.5015671945128256,0.581144387593086,0.48293175074381817,0.8087683236818229,0.5021029644545909,0.6498049746988663,0.5027325756040731,0.577398268805046,0.5233027625263584,0.7046350275691406,0.5037656407243819
1,107,0.6909244785071176,0.5014593378698663,0.5904196481050601,0.4840791864617708,0.8199615421259309,0.5022477240335734,0.6466899526524689,0.5120098874465732,0.5903169090119845,0.5227690260390597,0.6874139575515049,0.5031683997534135
1,108,0.6801309788961477,0.5104681647871087,0.6024252538724809,0.48130914302110117,0.8238670434045369,0.49765988988332993,0.6521618452867314,0.5029370940228233,0.6032111233034199,0.5198612596612014,0.695065781327947,0.5139198786797524
1,109,0.6777475546851757,0.5104459428712278,0.6102303776460437,0.5017607666484185,0.8320815436268706,0.5258854003980873,0.6523994729872252,0.503005293626134,0.6154158779352259,0.5182886296699462,0.7126339486121049,0.5129604788407366
1,110,0.6831280713209856,0.5011642066824642,0.6212614928260375,0.47553354813400617,0.8438741583522908,0.5210986299201072,0.6510953160754607,0.5029781812621689,0.6245195047471548,0.5168131677101104,0.7137432458215495,0.5120404738707153
1,111,0.681935290408153,0.5010756124843035,0.6321809517736298,0.4768864380658147,0.8512042117310775,0.5230069216410306,0.6498234610805773,0.5029114986528151,0.6322127647905375,0.5154328479074216,0.7196262576950533,0.5119881559241695
1,112,0.6801286591497568,0.5013668583686981,0.637350037195079,0.47822897642122736,0.8580468837479459,0.521749635725306,0.6507062189165159,0.5027379621787158,0.6409118740517183,0.5141450766089564,0.7296536087947273,0.5111102353679473
1,113,0.6751293855565346,0.5015342894319773,0.6404234519488957,0.4795525709137055,0.8641439981481108,0.5204992665293297,0.6493802273602801,0.5072894311612584,0.6459815010592919,0.5096551798987679,0.7476315388574897,0.510799008051081
1,114,0.6781949475758062,0.501429432900722,0.6420063148829149,0.48084936999056704,0.84734811310629,0.5199951952398468,0.6526147779454812,0.5025833605827777,0.6582893090089279,0.5203089931120581,0.7494172103297949,0.5108726497102496
1,115,0.6737043095088173,0.5109486733043461,0.6400813172142096,0.5009484015959337,0.8359554527621019,0.5248066023030945,0.6549160071426013,0.5021005331053697,0.6670481689389153,0.5364101802186862,0.7466595282367852,0.5119174740524067
1,116,0.6877713342985867,0.5012328393314317,0.6445434507792978,0.5050157541668698,0.8379820520719629,0.5204221461232683,0.6567500995780843,0.49831768555942135,0.6726399952115848,0.5185116308970629,0.7618675052203322,0.5111470385608953
1,117,0.6895296333983358,0.5013465010233895,0.647314000372892,0.5046696036681999,0.8350103904163328,0.5195445082428403,0.6546656714286637,0.4986034463158565,0.6781010071416368,0.517559972828042,0.7770848507386963,0.5103442770836131
1,118,0.6960957106622483,0.5009787273200069,0.6421140200982729,0.5059364660532968,0.7924840508290587,0.5611592182405454,0.6550380133385432,0.4988269600466596,0.6826373928474009,0.5162670045322206,0.7812821263675838,0.5095822751806609
1,119,0.6884140897543259,0.5148462468792889,0.6484333748703155,0.5069279635424073,0.8312910398893191,0.5091153974159698,0.6496601480515678,0.49934017613685117,0.686259077101631,0.5150427811761006,0.7850186539499969,0.5104130760984176
1,120,0.692785186574284,0.5046680323763452,0.651064633929875,0.505873194372971,0.8472369126147952,0.5336749147794092,0.6427669231320642,0.4994355207679791,0.692220272678429,0.5138869193219429,0.788257212938952,0.5101725426597634
1,121,0.6906077392643803,0.5043345115527904,0.6531532606907563,0.5054443635023039,0.8542162667830767,0.5335959587510822,0.6319351206297612,0.4999585087528056,0.6999021201186229,0.5352015475763976,0.7790921787453804,0.5099402784938942
1,122,0.6885863201563578,0.5040160862751855,0.6537912406692389,0.5050368457426222,0.8602915542666487,0.5321350990515281,0.6332775078120916,0.5039550953045694,0.6982625615384104,0.5121537270248167,0.8036256949003391,0.5087514181032441
1,123,0.6866065531572912,0.5037133144256175,0.6561237647584262,0.5046509285184059,0.8552027348713268,0.5302163197656187,0.6284070590843713,0.5038940277966788,0.6928519662701556,0.5132045562264177,0.8097896117548563,0.508096300501212
1,124,0.6866970900518841,0.5036414033927205,0.6567616536056016,0.5042867045622771,0.861250567372385,0.5287941218407379,0.6249658781273265,0.5036656089405344,0.6966677572325036,0.5121732205145721,0.8057943287881323,0.5079934131303974
1,125,0.6846978688632525,0.5033664621469714,0.6597863073901796,0.5039440812816466,0.8668944676458147,0.5269787262564438,0.6262005080365756,0.5034413601441873,0.6959053862261815,0.5112052822395626,0.8024670978120078,0.5085240489323013
1,126,0.6878162799534523,0.5135283007070263,0.6550519132144725,0.5018794259958386,0.8664058640117704,0.5294202816202717,0.6271089396338709,0.5032224134469173,0.6967927588850051,0.510689024825242,0.8089400170516381,0.5079344135948158
1,127,0.6921925770353828,0.5034269386689677,0.6572235449339139,0.5209445928979987,0.8639518933606948,0.5256427832433266,0.6301149201710955,0.5030097725259793,0.6994132455233174,0.5098414105323819,0.8052224781814847,0.508414827387225
1,128,0.6919151632573561,0.5035450220502412,0.6572433071971284,0.5220402510729582,0.8689877757197301,0.5243438240130794,0.6324606508079146,0.5035104560474383,0.6998523686871483,0.5100803462966561,0.8115141885312849,0.5078099245081203
1,129,0.6916411361404323,0.5032789062717884,0.655313385178666,0.5206246285631507,0.8735662573022377,0.5227365838001725,0.6324461512115591,0.5037084423270967,0.7025879320469046,0.5092716814356512,0.8121140143339923,0.5094326101370491
1,130,0.6936689794293196,0.5033911180774755,0.6560906912646192,0.5192533846181361,0.8779710465026938,0.5211965440927689,0.636137015474859,0.5036504718834746,0.7048308042851477,0.5085167755712523,0.8128961144243565,0.5087849839208017
1,131,0.6931653362084087,0.503150261790134,0.6567859012290301,0.5179310400850351,0.8816957140900901,0.520145671045278,0.6399025515043913,0.5037416469158744,0.7084691920384284,0.5078134700153802,0.8090954724580462,0.5091856811712635
1,132,0.6945197258446381,0.5029221699994028,0.6547839508795624,0.5166614148058567,0.8850156969362478,0.5191076361875636,0.6432095872185548,0.50348594056765,0.7060900558682878,0.5071595166214636,0.8102302715160559,0.5085268277732071
1,133,0.6962447256752742,0.5027065990570859,0.655074283267675,0.5154475891529752,0.8657512062660907,0.5208907747635464,0.6468187152529453,0.5036677186173208,0.700100476355766,0.5065526047568002,0.8161539862408849,0.5086544536852357
1,134,0.6951890713520156,0.5025032681236983,0.6551181603660651,0.5162982604493536,0.8376954387925198,0.5198786582247019,0.6483448968002168,0.5034042525049995,0.6945018111133793,0.5059903859101638,0.8163572376316063,0.5080263534027496
1,135,0.7036630749374831,0.5023118648821104,0.6547062567934652,0.5150909283615147,0.8126937455620953,0.5204677442658402,0.6481439415091643,0.5135305613049818,0.6851619159398341,0.506740147945251,0.8106553271886586,0.5071221963496677
1,136,0.7066756891496571,0.5021320500602029,0.6563287298304759,0.5139442281509433,0.7904833648644135,0.5203273942929144,0.6523980828387967,0.5029142022442789,0.6868041132857996,0.5059206741133245,0.8167721751203223,0.5162385327217777
1,137,0.6989924211957447,0.5203155851102043,0.6460302477666195,0.5090572235468475,0.8364966050512298,0.526285154315325,0.6504345150081363,0.5027744224394374,0.6894600810878951,0.5238565987963557,0.7984071130817371,0.5155455763761507
1,138,0.7128823790380645,0.5058694881174357,0.6513848863209191,0.5306384432630286,0.8298561818953759,0.5458389729181222,0.6567442900304995,0.49853449368020375,0.686158610959812,0.5049475488051617,0.8219311309421463,0.5157078312636628
1,139,0.7157325108105701,0.5016584111145552,0.6535764309205486,0.5571295666609567,0.813603426804509,0.536618381269496,0.6588688465061496,0.4986056377372088,0.6898143394045197,0.504515272338829,0.8259410095950068,0.5145795838960547
1,140,0.7168359866994165,0.501521133886232,0.6506653506202283,0.5537927871450617,0.8242898289725161,0.5368953459163526,0.6586954701754647,0.49897686982667067,0.6912674468765799,0.5041165163633139,0.8299671212264046,0.5138317020368135
1,141,0.7155057467611841,0.5016236745671959,0.6531898759939505,0.550528935419324,0.8337769870335077,0.5334138233105581,0.6501634235685831,0.5092871613504467,0.6902385948285201,0.523655320385856,0.8145367120799164,0.5131141823616392
1,142,0.7186055862406177,0.5019740255770337,0.6487343223887457,0.5414315433981729,0.7312416305527082,0.5678733504039774,0.6578763892553052,0.49553461364391865,0.689682604833574,0.5122459247011308,0.7749015309190094,0.5121195766483797
1,143,0.7081076083487711,0.49793188551816403,0.6575935680361051,0.5442680608803664,0.7020356127001743,0.5313547426343346,0.656137449546359,0.4958357349493557,0.689162329501459,0.5121061688288873,0.7134117261069788,0.5119011408293463
1,144,0.7093334814086036,0.498234710440009,0.6618911885667932,0.5412918109873619,0.6452869428292283,0.5292265131086492,0.6541906554146862,0.4961275212430089,0.6889318403662003,0.5121348203280031,0.6578220576855265,0.5110214955730282
1,145,0.7095106820389634,0.4987426510992863,0.6636104792147711,0.53842982001709,0.5960359402102516,0.527195748714398,0.6543955025318473,0.4967201409965865,0.6864038325016834,0.5117569279867296,0.6064643502416094,0.5108993234804035
1,146,0.7074970810381866,0.4988404676942707,0.6656029271597657,0.5356888058317809,0.5845064445382393,0.5276439118235067,0.650509148874773,0.4969756376702503,0.6799759273731654,0.5119531140053976,0.5900068462475752,0.511019323583329
1,147,0.7063658569890375,0.49893388857216947,0.6668006432828333,0.5330739547566281,0.5729030884418085,0.5265901453778145,0.6530458853516417,0.49779494122560963,0.6779662686475667,0.5110762521350916,0.5990099077509412,0.5102280264306371
1,148,0.7049721162273332,0.49936267395689615,0.6676475382500047,0.5305889420146014,0.563933726838363,0.525720501316362,0.6517080013140022,0.4979984184533212,0.6763038806164482,0.5102434803477807,0.6062752334397307,0.5094796397825399
1,149,0.7015617231373109,0.49632309615379355,0.6606704985039679,0.5124825225092515,0.5974019077608904,0.5278746368342212,0.6492445852036928,0.4983127487939936,0.6705752181528658,0.5061543688612408,0.6315634853412082,0.5091322427760141
1,150,0.7022007105680476,0.49988228350682334,0.66401581866676,0.5388882765839258,0.5709699122448505,0.5221597468043949,0.6534098815731801,0.50027824507529,0.6760368337987861,0.5182531243391911,0.6339034650354661,0.5081079578626202
1,151,0.6989256243409908,0.4999315211141193,0.6615620028798761,0.5363852988968553,0.5850773147185595,0.5213933838207269,0.6559428928688475,0.5003191747512329,0.6740456119500274,0.5170711902260717,0.6511977485517759,0.5079471282823778
1,152,0.6958763629132104,0.4999736939310746,0.6596027213114546,0.5339715087159647,0.5977584157325495,0.5198340392496253,0.6560422739172284,0.5003493524738698,0.6745580482530584,0.5176130324581096,0.6727619266934771,0.508482359802
1,153,0.6914890636014448,0.5000092273643377,0.6596966224767099,0.5316514618707207,0.608967339106916,0.5183620593684503,0.6545205930645953,0.5003700256273172,0.6716065292341934,0.5164196630693264,0.6923114074155324,0.5083555491322019
1,154,0.6893422538526378,0.5000386140556099,0.6595620517600833,0.5294290231901086,0.6296373543643394,0.5182806545301519,0.6566260201343838,0.5005967703235353,0.6743249986913618,0.5152714398758742,0.7099412136778038,0.5077843684878751
1,155,0.6931602436527655,0.5000623915705641,0.6579882482159973,0.5296882439690359,0.648065166286076,0.5169429542073567,0.6620345265227583,0.5008122931255812,0.6785571506442243,0.5141715166480423,0.7205486242212193,0.507241504307447
1,156,0.6963057237648448,0.5005084722688496,0.6586666215269608,0.5275052988394534,0.6641913923229422,0.5192445670922048,0.6623621295611017,0.5004004773725852,0.6847950202180684,0.5131223456564111,0.7255578879741695,0.5085281244382795
1,157,0.6957462197629719,0.5004932520010842,0.6585331415225182,0.5254332040856594,0.6791466016245833,0.517960146532192,0.6639325923785551,0.5004086504529164,0.6905904976353204,0.5121256830915882,0.7348328845815524,0.5089235965130433
1,158,0.6928174663634806,0.5009218919686719,0.662199890728328,0.523472992716334,0.6919681408235226,0.5167357043817906,0.6632206882474132,0.49997214995693257,0.6957656970839922,0.5111826136576896,0.7482864029815632,0.508293485491327
1,159,0.6898950259377149,0.5008916239994209,0.6588398529474425,0.5216247540509469,0.7143697486700477,0.5163472270135073,0.6650132154421033,0.5007285133396259,0.6983943515790696,0.5109004926542513,0.7601198022090224,0.508105431809738
1,160,0.6854813849418826,0.5008578596067634,0.6565333472006092,0.51988767919924,0.7348628998380841,0.5152428388082854,0.6622867550376035,0.5009187161060201,0.698573251241758,0.5100474501421798,0.7757487709750407,0.5075327068457534
1,161,0.6836643154986823,0.5008213384456257,0.6567616710387857,0.5205069475499781,0.7529127439901144,0.514191535757445,0.6581815058591112,0.5011354862991797,0.7066034419890882,0.510074057877463,0.7849657543159545,0.5069880490851789
1,162,0.6838615980869979,0.5012101108187321,0.65865920229656,0.5188420753399744,0.7691085614192531,0.5148271202636191,0.6562581474140007,0.5010951186815735,0.7104552025889223,0.5101106999286059,0.7839326012267577,0.5064714726666394
1,163,0.6883593082428779,0.5011406539985941,0.6271166125100385,0.5172851506533065,0.7836893562048693,0.5148679192076585,0.6563396584817807,0.5010508561513874,0.6699218655862087,0.5102334604303933,0.7921168488847017,0.506666497275642
1,164,0.6884846154621881,0.5010715386779763,0.5991733540041592,0.5158333037171726,0.7969414453870861,0.5147189428088016,0.6540794887081428,0.5051319309531104,0.627286750919444,0.5098909763797148,0.7955748835276518,0.5223491307990762
1,165,0.6846118147224324,0.5109998078343411,0.5737098759852248,0.5166014514543974,0.7972719504292408,0.5156293158905214,0.6548106755678712,0.5057537104920014,0.6023023660096489,0.5189207193287693,0.8134863857792624,0.5066670034765896
1,166,0.6845080708397715,0.5102518095276602,0.5520675291080559,0.5143054905198546,0.812584528571612,0.48848262832934425,0.6549393036401325,0.5055867384791446,0.5725512700743708,0.5185372774594393,0.8235744890384138,0.5061653656812918
1,167,0.6868049478923987,0.5013744224148294,0.5375864662642321,0.5120715487027654,0.8265197857161963,0.4728349997721381,0.6555215420430638,0.5052099765527931,0.557941069831554,0.5171469979482338,0.8321509011587463,0.5070038965010196
1,168,0.6850024907568953,0.5014621947819241,0.5373812581598262,0.5110013884534459,0.8357179860813242,0.47474941060928116,0.65171362553717,0.514720404960656,0.5550660259868654,0.517589362178822,0.8364477557052964,0.5069369166735965
1,169,0.6835024561945436,0.5018039510547001,0.5392919141989791,0.5100153887606418,0.8439586338468394,0.47658856134036626,0.6557629015494488,0.5044988120683493,0.5574053205926818,0.5152238651043194,0.8420254135743981,0.497514161713937
1,170,0.6837788075534582,0.501691405670517,0.5469640252707301,0.5091087215264657,0.8511855175793107,0.47834595685718256,0.6561782633515149,0.504425529724236,0.5681603141850974,0.514029473257909,0.8445258208778196,0.49870948175745755
1,171,0.6842378002347448,0.5015818143867735,0.5529234217170482,0.5082765324182403,0.8578337560776548,0.4800167999572011,0.6573343377986874,0.5136584463203503,0.5762541506758544,0.5115455657987675,0.8456191594356751,0.49893473343687167
1,172,0.6865006465154989,0.5017272994297937,0.5587747014945645,0.5093472030072631,0.8635168867213079,0.4815978935146462,0.6621637294625691,0.5045384930925544,0.5870033900543175,0.5201990469479997,0.8483335808969779,0.4996563462663722
1,173,0.684105942043238,0.5103107997775449,0.5635899353312722,0.5099868911824559,0.8716927682085865,0.48301773686045385,0.6676142888024272,0.5042019651281421,0.5938013997073647,0.5187171320487304,0.8503518327821595,0.49969188252809854
1,174,0.6904729510834979,0.5016946723225997,0.5671747357191633,0.5292600362296797,0.8714348521242484,0.49066675344354094,0.6664550373866841,0.5038827120154489,0.6026233205619846,0.5173089625001697,0.8523648968716019,0.4997251863774631
1,175,0.6918535254603463,0.502313353713098,0.569697388858137,0.5271083813711878,0.8761119269465192,0.4916740206739975,0.6713326689251904,0.5038299680022607,0.6096190256716436,0.5167849422330795,0.853811875501684,0.5004956920231676
1,176,0.6933626505746225,0.5021697152434151,0.5706578399877551,0.5263473261479911,0.8798869225062848,0.49018975769486184,0.6618357677577561,0.5221561098193085,0.6080644613317061,0.5190968252636327,0.853020530738321,0.49813339511794574
1,177,0.6924726379901214,0.5020299607524986,0.5732963184192789,0.5243841666352613,0.8834076855215116,0.49263586089494765,0.6713826721944662,0.5037234229339331,0.6167656458110168,0.5161621583927594,0.8594876419794245,0.5192292025843964
1,178,0.6897653885993709,0.5024118292563562,0.5811876215681621,0.5225260913494082,0.8864865972360724,0.49623112219353566,0.6659009782072381,0.5132806982465428,0.6202094409972865,0.5171652947648894,0.8635540168058464,0.5090062879960578
1,179,0.6912024069390469,0.5022614967329578,0.588580973631106,0.5207729367258914,0.8894643531980744,0.4969016429004497,0.6727689085868038,0.5031930253158955,0.6206153481331899,0.514856624099809,0.8646266567375848,0.5228035267450198
1,180,0.690611286256821,0.5021154707597156,0.5972063875658399,0.5191237893349989,0.8922593714099121,0.49748434968661226,0.6736507562316745,0.5029494757381867,0.6242957162296562,0.5140682717659081,0.8648599297241741,0.5214080215948758
1,181,0.6864391596371398,0.5019742710552263,0.6052999912325825,0.5175770367540989,0.8835069211420542,0.499110565454567,0.6700742354262765,0.502720109780312,0.628537139738319,0.5129717727628162,0.8606743987465384,0.520046829930568
1,182,0.6820888252913908,0.5117965147306578,0.6096236957516731,0.5167042836030875,0.8594763971594658,0.4994422375437116,0.6676585976402368,0.5027441881465853,0.6330217265995427,0.5119432295121944,0.8518910131411683,0.519683439687777
1,183,0.6909058256220533,0.5017529392987827,0.6126842251426576,0.5310252054123943,0.8040062692630614,0.5354353217039627,0.6646933019231254,0.5027660183866395,0.6400758456691036,0.5109807695007555,0.8437968658700549,0.5191332688858188
1,184,0.6842682322637347,0.5054297551705096,0.6226653864165219,0.5326998478878459,0.8434245193934398,0.5009624266655293,0.6617045004583237,0.5130123291892787,0.647844680366027,0.510554372541057,0.8315470451465019,0.5189871937540705
1,185,0.6804453525754548,0.5050461750410837,0.6300964959509273,0.5302321142780126,0.8391631423472051,0.5021922985414228,0.6674208614509137,0.5023742224879438,0.654844323718185,0.5186202399517953,0.8299255535875145,0.5172527953690577
1,186,0.6790191266317925,0.5046791918734896,0.6370790242705815,0.5278968972274248,0.8245506680540752,0.5042731403554395,0.6665331784299903,0.5021946192219233,0.6555559366354343,0.517618430198549,0.8240426861989251,0.5160109891215814
1,187,0.6802764305774301,0.5043295886129279,0.6428635892186462,0.5256948272816108,0.8114961550697396,0.5050692346395547,0.666051083584644,0.5020255370421206,0.6561703478442061,0.5172219213751422,0.8186991140033368,0.5162000198256886
1,188,0.6770231451766433,0.503997905392253,0.6462000628174731,0.5236252890973431,0.8000521304137427,0.5050282001493789,0.6674939641364614,0.5018666959716364,0.6588261321353996,0.5158955419516614,0.8141520349174102,0.5160531562124109
1,189,0.6739821037449554,0.5036844517809655,0.6510629547859729,0.5216865414795393,0.8004834656821354,0.5087661879976766,0.6683628012666559,0.5019347012515185,0.6590471901721869,0.5151992657323107,0.8098241197470154,0.5148558125926896
1,190,0.6726934454864922,0.5033893237629394,0.6591503209521279,0.519875851361368,0.801096206386795,0.508441290253817,0.6675216620486843,0.5017912375149483,0.6593804414658926,0.5148745992460407,0.8063941597383502,0.5143660836352442
1,191,0.6762506044782579,0.5031124242489429,0.6610505989823648,0.5181896356868319,0.8016517887424819,0.5091393941791711,0.6537067525532888,0.508080935718209,0.6655528888753102,0.5406607475266686,0.7923225682209859,0.5136954991435734
1,192,0.6812695267616266,0.5028534859310414,0.6622541470146012,0.5166236056179956,0.8020360897911306,0.5109435385942873,0.6638422757144502,0.49759267804306956,0.6711887886388169,0.5239564162886217,0.8076070735441474,0.512824373722023
1,193,0.6895685728929197,0.5029700541426176,0.6595458176134003,0.5151729081988302,0.8027137643502348,0.5104891174349347,0.6631012945431269,0.4980281020761313,0.6789417352046019,0.5221587947147621,0.8040566638681361,0.5118333871711599
1,194,0.6934845269185121,0.502725974331222,0.65535857308209,0.5138322614711984,0.8141727582650364,0.5106855228025214,0.6625467004522121,0.4981658092912197,0.6832106193804333,0.5219640846275014,0.7955696709399749,0.5109005932674606
1,195,0.6926909272914723,0.502498253805861,0.6477409524196934,0.5125960799671041,0.8243650660059797,0.5115915738434136,0.6600050469071477,0.4987373853934671,0.6920407107845742,0.5213272678594666,0.7969335578038542,0.5108964261244608
1,196,0.6978318577578966,0.5022863644484448,0.642658998395534,0.5114585884192604,0.8337688368299255,0.5110535091662344,0.6607445612692632,0.49883469264154606,0.6965185662096056,0.5196724528093994,0.7987393987005238,0.5100292559759608
1,197,0.6986947450461823,0.5020897027770436,0.6382625998006145,0.5104139223812132,0.8419177193995581,0.5115784929580041,0.6516772700733678,0.5021279460997682,0.7066706172206053,0.5412186105736978,0.7728438784104111,0.5085825573571199
1,198,0.6994344179012935,0.5019076073421233,0.6323654070000061,0.5094562151896778,0.8493410163775961,0.5117025358427951,0.6504464808794572,0.5124964732725164,0.7025261675384006,0.5177638827771689,0.7840745361213642,0.5089359310398981
1,199,0.7001096999116593,0.5017393746770592,0.6252865560129361,0.5085796713141445,0.8560260935308023,0.5122263082360635,0.6492700395450616,0.5032395856721367,0.7120069996766185,0.5246613994203364,0.7814023421116915,0.50774915554081
1,200,0.7006419215747698,0.5015842736564462,0.6290325247780724,0.5077786266159461,0.8618784949164026,0.5122150150243302,0.6468464483944091,0.5132356994417566,0.7012664814689081,0.5218022274013211,0.7559726074295587,0.5215781571369417
1,201,0.6991456696579673,0.5018001250772425,0.6322578866233939,0.5070475963859463,0.8564375774849164,0.5125658105306434,0.6476445773147687,0.4991295658655398,0.7062689595580395,0.5209305961216714,0.7692908016266738,0.49771725325366295
1,202,0.6961303248105069,0.5022535655071899,0.6351152998757714,0.5063813122596301,0.8624047595425862,0.5149842381025933,0.6378441777407783,0.4985499241943861,0.7100904042408661,0.5421475670887693,0.7606719688393622,0.49785189226120097
1,203,0.6932837979948057,0.5020844383386508,0.6356799042925149,0.5057747492378812,0.8568396678962719,0.5148288994719661,0.6485619624942843,0.5025605495176777,0.7024440791823509,0.5184791866955384,0.7731721549424007,0.4994134609344998
1,204,0.6932145070806877,0.5085895307048529,0.634217037481803,0.5020113326703705,0.853134164875939,0.5169804482001317,0.6461832937450995,0.5135455692990413,0.6919083374412773,0.5174245862230279,0.7737635143460037,0.5092057056274023
1,205,0.6989221631474121,0.5017759730585332,0.6433924239452652,0.5244140569204819,0.834808604963474,0.5138432357539179,0.6482254905983944,0.5031702787202673,0.6941074512470018,0.5251504851461352,0.7932853533982733,0.5038944425578868
1,206,0.7015837367644889,0.5020411196200361,0.6483330605884802,0.5227344215199549,0.8325451570196682,0.5131308198738668,0.6469472065820026,0.5030979614586597,0.6913677053950732,0.5227359708404203,0.7870605461585469,0.5237722859678504
1,207,0.7003213625845088,0.5018839252912246,0.6529932834485808,0.5211225521827182,0.8407352897308404,0.5128897377600989,0.6338530373295433,0.4987086253433416,0.6949503507936068,0.5440779538181595,0.7981152269002879,0.5048651592038134
1,208,0.6959986637907326,0.5017361228824486,0.6571279798999096,0.5195821016759453,0.8481093669237717,0.5136671916710235,0.6368731388440306,0.4954324738163764,0.6900446196251315,0.5205767661928845,0.8255172824029406,0.5044127535714192
1,209,0.6937399204819222,0.5015974803114978,0.6610807927134433,0.5181158346525033,0.8548504292644784,0.5143716683786485,0.6289062607455744,0.49654728109332974,0.6883811984854727,0.5189226104624659,0.8333807311647863,0.505720903209765
1,210,0.6913560223420802,0.5020571276905914,0.6643160837032306,0.5167256233253295,0.8609673907052386,0.5145274640962205,0.6278008120874305,0.4968575400803821,0.6844794467233998,0.5173747572774233,0.8417050299282851,0.5054866766102573
1,211,0.6863871639711367,0.5091602071666319,0.6621833630772603,0.5172285147719641,0.866627597189665,0.5135769565924425,0.6284054253627095,0.49714607347987466,0.678406818260877,0.5167313787455288,0.8441201588654542,0.5056979451912397
1,212,0.6926687157843134,0.5020511084459189,0.6666484310124228,0.5352830082238302,0.8593579341510971,0.5168316849370455,0.6291909422114687,0.49741319913127885,0.6783025144894231,0.5164070810273383,0.8367275955749633,0.5054442471882402
1,213,0.6942778763840755,0.5019085471923957,0.6687537767501596,0.5326941547258545,0.8653509903822295,0.5160036685015011,0.6303174525941228,0.49741047130726923,0.6767094467545579,0.5150954557615977,0.8241373806376882,0.506605864538191
1,214,0.6935815831353205,0.5017725080225113,0.6691930326506027,0.530232123028492,0.8704929507975722,0.5157608598934922,0.6309709311355585,0.4972274447649599,0.6772772314860964,0.5138706226797404,0.8214548547876632,0.5066089103784969
1,215,0.6910540178575395,0.5016430665670316,0.6724131722829497,0.5278998905910358,0.8750270769145592,0.5161151420586193,0.6367801584334313,0.49749152527248464,0.6756441737683264,0.5127291185192183,0.8146107894533149,0.5068225516765683
1,216,0.6907232695325475,0.5015202645243207,0.6738869558901193,0.5280257631323994,0.8788280258759527,0.5160583764642095,0.6377212647779311,0.5046929020979306,0.6679591222018976,0.5117490008952659,0.8164692076230267,0.5063371899285077
1,217,0.6903234105457137,0.5014041062165651,0.6724080173751631,0.5257998807065423,0.8822158612749657,0.5165788587208382,0.6466411697710264,0.4976739689799751,0.6727533447999801,0.5197940247050404,0.8120261092650174,0.5067418366383025
1,218,0.6935816543824005,0.501294556831135,0.671297194610218,0.5260902670470577,0.8637655322883152,0.5157753983646295,0.6502614213864722,0.4978868443758346,0.673618846712341,0.5182730248781322,0.8121774342037403,0.5063987091920775
1,219,0.6891434686685918,0.501442172448788,0.6699993517236883,0.5239690685391633,0.8692106192707433,0.5149731441543831,0.6529089289838459,0.49819882137869537,0.6746349108812835,0.5178644157860067,0.81219432859946,0.5060553694596865
1,220,0.6852167561634512,0.5013380634349344,0.6688121124685212,0.5219849651549692,0.8733878626230983,0.514943460981759,0.6493714202018221,0.5004824711309787,0.6807076109911532,0.539575884058811,0.7945130322020467,0.5061591610779093
1,221,0.681531818497324,0.5012393235987757,0.6716015045748683,0.5201346334046094,0.8667427687102707,0.5154865359712865,0.6577857148714417,0.4954728642662239,0.6767824286287595,0.5160443725557005,0.8161215427889542,0.5059709164141757
1,222,0.6781698580383834,0.5011459185085331,0.6745582305719859,0.5184139016401081,0.839432941836192,0.5168831222216012,0.6592952938574304,0.4961739637598415,0.671987332621741,0.5147414408662101,0.8106864089401383,0.5056236116801853
1,223,0.6748173442741987,0.5014851405279906,0.6706196806427618,0.5168179121814119,0.8469469987842816,0.5167104661749959,0.6589008274252819,0.4965580948878082,0.6747195395851464,0.5135237098637864,0.8058868717653378,0.5052820676883287
1,224,0.6733649948539229,0.5013727346768346,0.6724525294702113,0.5153412754683354,0.8431186648035454,0.5167428788802807,0.6586258150985046,0.4968191915818465,0.6768969750772966,0.5123886138580549,0.8113993815156887,0.505388612383848
1,225,0.6689161732158083,0.5012665729190449,0.672140627458666,0.5139782130939513,0.8398554869043048,0.515951460077431,0.6626901761642283,0.4975246989761783,0.6771923710269224,0.510666597815684,0.7876811209041905,0.5237293493695815
1,226,0.6645440886157099,0.5102501736160131,0.6683912036038969,0.5148426404461238,0.8315853605681253,0.5193079268770068,0.6545497605131525,0.49396945891746363,0.6822291009254474,0.5110666043731498,0.8023434394981069,0.5052774472855065
1,227,0.6700177629097092,0.5010727611409302,0.6655579799380007,0.5115685172681225,0.8320423171308317,0.4965350455533914,0.6548554428716592,0.49439893575720323,0.6856869386781203,0.510132042958293,0.807345676993985,0.5049509635647729
1,228,0.6695312931950761,0.5013251945647119,0.6611265251547385,0.5105094767237511,0.8296323649789697,0.4976305412831478,0.6533474770474059,0.49480973216289353,0.6894625013335046,0.5092652187070116,0.8126697284170679,0.5046331949708402
1,229,0.6749125224658346,0.5014986305450405,0.6614676391969054,0.5095393811474349,0.8382263246702284,0.49856862733309465,0.6536008408859812,0.4949359121121073,0.6881329443210331,0.5084628391491997,0.8220654682686699,0.5043253687686658
1,230,0.6790424979437513,0.5013948572027404,0.6642971008975035,0.5086521569406638,0.8354196349212922,0.4990279995453193,0.6497458136948219,0.4960567813187256,0.6914629760998545,0.5077215406412647,0.8298848051705451,0.5040285367198106
1,231,0.6823120646145043,0.501295662560294,0.6322011941240291,0.5078418984057401,0.8324671450486836,0.5007877686663617,0.6499416398726996,0.49637495187966857,0.6480538108350732,0.507037928229639,0.8373336145870847,0.5043338879533167
1,232,0.6829122776741544,0.5012011551390091,0.6030399877725602,0.5071029120673802,0.8407177820409907,0.50114907100549,0.648289802702749,0.496673408931779,0.612677944219687,0.5074502772545209,0.8394930873476983,0.5040450815330366
1,233,0.6834504713673584,0.5011114076573729,0.5836860955400939,0.5088105908182802,0.8481964443276518,0.5034982375442648,0.6452144702991438,0.5055029127307422,0.5912067486077466,0.5069048812266996,0.8421627289804932,0.5039475147141175
1,234,0.6838077125429229,0.5012854993560094,0.5778595874495246,0.5080338868216242,0.8551438643540222,0.5037204885814627,0.64934679229422,0.49721238067569473,0.5870194335075785,0.5068475320975006,0.8420831499750144,0.4955428808276921
1,235,0.6799254914844413,0.5043701364009999,0.5741611816660832,0.5077402648104193,0.8775749976145494,0.5045295444280619,0.6479381685548257,0.5088058770178515,0.5846014617094395,0.5066671276113255,0.8393225446272637,0.49560313996979855
1,236,0.6863821786231293,0.5015004429883817,0.5800742575560563,0.48639340413812654,0.8426209415778357,0.5045410456698332,0.6539093579819047,0.4987847132122353,0.5898819057080873,0.5063852207625149,0.8490151550616439,0.4868040072171312
1,237,0.6827042526079277,0.5013929850927967,0.5858672694842126,0.48725771177022764,0.8386759019320419,0.5046069943743612,0.6521998186156764,0.508483872129834,0.5953685455563547,0.5057367364944148,0.8536257015552623,0.48861237714331585
1,238,0.6789230251426032,0.5012905838669537,0.5862788777150271,0.49048444308887806,0.8467845674682363,0.5046243010346342,0.6518869909063307,0.4987768963495368,0.6056079315658861,0.5053940713599213,0.8498718410057431,0.4808402695212376
1,239,0.6782150576562028,0.5014747193196368,0.5885819193464068,0.491142415969195,0.8539865147438283,0.5045981862984645,0.6451987382063571,0.5007088898251655,0.6155867611649555,0.5245668199007868,0.817963924300435,0.4794969103424273
1,240,0.6723497299146216,0.5013721092614228,0.5901658399706466,0.49177811024345747,0.860210989793582,0.5057677440377433,0.6381374501267538,0.5234463702965396,0.6075078721451627,0.518519115517069,0.8039572984008942,0.5013999192859714
1,241,0.6717887654768726,0.5014582631612696,0.5636545852400735,0.49238822783088676,0.8660966417460826,0.5056433989749319,0.6453787252591698,0.503259442634006,0.5856388829611362,0.5072562627944529,0.8198348813933731,0.4839352709220619
1,242,0.6713353382149058,0.5013626858971009,0.5572292099403167,0.4929702845273217,0.8711631695202737,0.5075378245722694,0.6460877932059211,0.5025361130074713,0.5652161324363697,0.4959140400498096,0.82854817140545,0.48458297451245
1,243,0.6744784595515061,0.501270894214149,0.5599020728843189,0.49352253868147206,0.8758763519388996,0.5072357009255748,0.6471463296155924,0.502366070457478,0.556202403709159,0.4961523359827946,0.8315715776236885,0.48635680511227425
1,244,0.6768610896656782,0.5011830024192019,0.5595183412989532,0.4940439111810416,0.8799264824677395,0.5077949441326717,0.653452045730768,0.5023988477688207,0.5553095096825427,0.4963898388863901,0.8343377810897746,0.4874116342064885
1,245,0.6794174447880554,0.5010990977269932,0.5648341091631597,0.4945339011240297,0.8835591642301719,0.5085492688065096,0.6488731642088897,0.502884858992995,0.567396308678519,0.5116933288376009,0.8165892529820669,0.4898494255656061
1,246,0.6753864210390861,0.5107912630598496,0.5669287845857138,0.49398025880903634,0.8857918360263363,0.5054464110312812,0.6513035942359795,0.49970000696126043,0.5769412189656314,0.49685314168075256,0.839096806782638,0.48934475179852704
1,247,0.6825537966043356,0.5009434600715413,0.5721516473269207,0.49542011399221497,0.8883664019435313,0.48636089198859267,0.6534866481609081,0.49982109369178823,0.5855761921712592,0.4970752223496889,0.8402464052572172,0.4919239496930933
1,248,0.6799825677239351,0.5116145046463089,0.576428077717871,0.49638892961442477,0.8873350713505914,0.4852758347714203,0.6496942818826547,0.5094474221153805,0.590367626092515,0.5027368936357949,0.8336366130866993,0.49661623349450945
1,249,0.6880453674627695,0.5012020051638131,0.5785959485143994,0.5189791956235916,0.8914173142407475,0.4894109727469744,0.6577361392670691,0.4999343745183476,0.6046485296662413,0.49849866555873823,0.8242828590129274,0.4867007139856196
1,250,0.6898074164924308,0.5011100637086525,0.583391664465324,0.5178062559346869,0.8938687055955592,0.4903596440926874,0.6570985257740993,0.4998987987366589,0.6122646300952319,0.49862676542322165,0.8084908008188254,0.48818689943274324
1,251,0.683566699936176,0.5013658825163958,0.5833413948587407,0.5178582037556421,0.8738123545252642,0.4912413352680723,0.6568693173256649,0.4994311124188471,0.6230078983756263,0.49874646797337185,0.7991044893112943,0.4901277402856088
1,252,0.683964015586079,0.5012665378640554,0.5871402536012447,0.5167131950912623,0.8778634031976779,0.4952105339246435,0.6561178711041024,0.4997238848110149,0.6303812275774298,0.49971424482729976,0.8042630354918521,0.4912838956409429
1,253,0.6716165223737308,0.5011720559009415,0.5930253595715796,0.5155989642140654,0.8689537169219024,0.4967017620260286,0.654145392247508,0.4997249480489783,0.6406521818353201,0.500615163983153,0.8094395764345169,0.4933523731433835
1,254,0.6663352465919329,0.5010825208193124,0.6022460849723079,0.5145211668969247,0.873476916071437,0.49908458507627984,0.6591235138687692,0.4997289302677459,0.6474968382308576,0.5006197743574348,0.8090372334533462,0.4940127039275365
1,255,0.6639619623457959,0.5009979686462882,0.6104506953784351,0.5134844313708665,0.877994590421099,0.49955335212455065,0.6587656281206025,0.49973535982452116,0.6517927832777051,0.5011660557614995,0.8140505819085531,0.49462064769318587
1,256,0.6549982466074196,0.5090787159556804,0.6095548494968119,0.5186060966071795,0.890438343167649,0.4999434682311734,0.6584432189225531,0.5000880650849607,0.6581497117110974,0.501143381703167,0.8138859965363612,0.49671640166795017
1,257,0.6547815986988355,0.5088556750493473,0.6102053674057548,0.5171229118089706,0.8932375894318758,0.5003319429870284,0.6539039946522902,0.5103558109720393,0.6579501798183801,0.5036663853962963,0.8130061840374242,0.5020064133894195
1,258,0.6500815915075351,0.5007739088004873,0.6143560943861074,0.5425369708133035,0.8842970781529369,0.5005578941295002,0.6602082612001198,0.5000743388959816,0.6656016954707109,0.5106120439819808,0.8218921326684051,0.49989081128727625
1,259,0.6481337976313817,0.5007087953468001,0.6213451986992344,0.5398906123155918,0.8877246440420233,0.5019650146479949,0.6601524551593243,0.4997985434811997,0.6719988475325159,0.5106737714731319,0.8206648059887561,0.5004573653480695
1,260,0.6549099545139249,0.500648242736483,0.6260022769287954,0.5397092876161134,0.8907788392638203,0.5021128084060408,0.6584672457191999,0.4998024283395567,0.6781623806184058,0.5104251035094891,0.8190756905285973,0.5006375348500332
1,261,0.6557253801539961,0.5005920783576219,0.6300201810162397,0.5370727257332152,0.8921509971791723,0.5030654574708066,0.6608949027002463,0.4998264684516666,0.6823189235607723,0.5097138889273969,0.8178803096732343,0.5013072344247478
1,262,0.6625351781431078,0.5005401118081947,0.6349420028701419,0.5345376076581888,0.8827537645267826,0.5031224199296215,0.6604425330994541,0.5072265433107539,0.6800544658881975,0.5036806084984451,0.8209946981854291,0.5055358208283807
1,263,0.6629128174607011,0.5089723807517204,0.6364484352219166,0.5370832622473248,0.8046614967481895,0.5047791767800923,0.6593908478142962,0.5074594524107776,0.6806346908196702,0.5165604650148534,0.7529910542866725,0.5023726029890212
1,264,0.670158027813163,0.5008119969201636,0.6395533713945768,0.532010170184896,0.751482075941359,0.4838196815007222,0.662641748779828,0.50089271049901,0.686621132477853,0.5240125137776505,0.6968998108814565,0.5023224042717123
1,265,0.6736674421292753,0.5007508682911842,0.6401203428829553,0.5308699585198665,0.6907078594117031,0.48518256437671764,0.6632512337844246,0.5006708274156084,0.6896368590063853,0.5224513969971019,0.6413410401581952,0.5023192834460701
1,266,0.6787048343823725,0.5011068053269989,0.6414672643991047,0.5286156307282674,0.6369355467362868,0.4880314945785712,0.6622756326138968,0.5006106009526509,0.6840791011068589,0.5209407206044827,0.5919459431344241,0.5022922777955799
1,267,0.6735025137448183,0.5048179246242541,0.6362798672588512,0.5271825216127783,0.580184061845148,0.508166339194934,0.6592729023747302,0.5011487303391622,0.68564501964324,0.5404551822002892,0.543133648565147,0.5009377426154494
1,268,0.6744722484777705,0.501282239445322,0.6436960725292619,0.5220669245929384,0.5517804210039059,0.4788197134896857,0.6624785903237635,0.4969603085915958,0.6824924079538944,0.518938056179908,0.506882572905297,0.5031192375715047
1,269,0.6720779302458858,0.5011896239892728,0.6403920334416597,0.5203207415646285,0.5100478813269886,0.48090702624776355,0.658640075971713,0.49605891167365923,0.6717026343489948,0.5105131397095969,0.4725078744774581,0.5047323763604674
1,270,0.6701205401209241,0.5011013518232174,0.6395464748673481,0.5186820108599604,0.4731488840994019,0.4828976761498337,0.6595547488406307,0.49754941115564333,0.6790659201589451,0.516249336191952,0.44053857753747283,0.495516635842718
1,271,0.6656513105378031,0.5010175516550134,0.6392002565047457,0.517148573083463,0.4413972988801543,0.48419446785320375,0.661505394881549,0.49756447479678145,0.6806933685305446,0.5150048152240199,0.40998353868521975,0.49585203502689684
1,272,0.6599071807763124,0.49918840112168195,0.6304599801503078,0.5156623321399237,0.4069045855099666,0.5099813627505443,0.6572264308222108,0.49791956185707814,0.6873192491694038,0.534998788738263,0.3898727925868404,0.4962589092553674
1,273,0.663949075791876,0.5008636207274888,0.6351514981984139,0.5358144613891603,0.39933284802321267,0.48891379711526356,0.6596427901434042,0.49388166458432947,0.6829669371881494,0.512721294894512,0.37824234141661284,0.49741359550758507
1,274,0.6648090071458811,0.5007934957676294,0.6322500039838932,0.5355437917390489,0.39827243481138724,0.4900071707756965,0.6610440208366938,0.49467341433345596,0.6841021319969628,0.511682284895103,0.38185989392168845,0.49894463342056544
1,275,0.6668065755204723,0.5007278631684692,0.6248947288353834,0.5328021944453625,0.42927188128497396,0.49193680290187985,0.6600255796857318,0.49374702620419486,0.6796540543910521,0.5063145376492517,0.3909738065791075,0.5070022778771412
1,276,0.6665449856664639,0.5006666257320231,0.6266061701070961,0.53021805213638,0.4649087811635387,0.49333215428015054,0.6628777410241135,0.4949822672942839,0.688713841165412,0.5167229993276676,0.4146079296146021,0.49998502593110755
1,277,0.6727829649214738,0.5009461948566436,0.6265103235227283,0.5277900412672912,0.5000490674441931,0.492184281860356,0.6637955148653818,0.49506773423174144,0.6874722041233992,0.5155609130448073,0.44421994601577114,0.5005632901397694
1,278,0.6781280713455917,0.5008763692125634,0.6310018730412364,0.52551567949224,0.540512402495476,0.49422866276358385,0.6601728185081239,0.4958012495631184,0.682259801359885,0.5160071477486867,0.4801939438369811,0.5014993787936761
1,279,0.6826067759794353,0.5011360290472006,0.6310435983098269,0.5233914552733762,0.5759880730723438,0.49509442874408094,0.6586560616705641,0.4957575188601825,0.6796193982238293,0.514876964816436,0.5127216616973376,0.5015285404668892
1,280,0.6868804138527205,0.501247128778964,0.6339693169901881,0.5214129684352488,0.5993035471901791,0.4958713292032302,0.6598926127298478,0.49606362708981705,0.6766076078348856,0.513798253439662,0.5463287841654175,0.5026854125223212
1,281,0.6892394055259693,0.5011697808965475,0.6044294453216834,0.5213684950813093,0.6203117161811608,0.4965632413406517,0.6592222979438895,0.49686651681740696,0.6385731404318797,0.5143451043085806,0.5674735358850342,0.5047175107172406
1,282,0.690595363397616,0.5010948660394632,0.5778180299946225,0.5195808486102134,0.6273352329317607,0.49521754638318577,0.6584483613385332,0.4978940349911104,0.6043949460752112,0.5132897120134812,0.5864680509213559,0.5045973284596058
1,283,0.6937839846068944,0.5010225580016877,0.5539130569775573,0.517919406793142,0.6449433846546029,0.4968720345630973,0.6613335366538342,0.4980717422691261,0.57419571232002,0.5122886133697183,0.608668628936889,0.5050853301603252
1,284,0.6968353145298795,0.5009530089439679,0.5326191715695432,0.5163787073781295,0.659188453326775,0.4974307223769533,0.6604394542399548,0.49823572780894027,0.5471806197726529,0.5123837280594592,0.6235173972604203,0.505508612681796
1,285,0.6995207492670856,0.5011673492034581,0.5137964210061112,0.5149530106317715,0.6847878449769835,0.49958932894004066,0.6593089664200933,0.49838685055830245,0.5193441096981395,0.5114199220792385,0.6425586704409423,0.5052939844797071
1,286,0.6983979501064886,0.5014788114033372,0.4973277789514602,0.5136363926287287,0.7084006708825649,0.4999973039341058,0.6566982759336575,0.4985746735778543,0.4972737905720203,0.5105128861577759,0.6546920045056761,0.5054788901173877
1,287,0.6974245929034429,0.5013834233672181,0.48277574718502236,0.5124228297083896,0.7296503950275095,0.5003399651990588,0.6556628481632378,0.49900503572702337,0.47602713524813395,0.5096618963681597,0.679334776685853,0.5060116289001273
1,288,0.698370408142924,0.5012909469139294,0.46908015053160224,0.511306273572365,0.7372321838805637,0.5021170919012724,0.653785248038368,0.4989252825032474,0.4582732346317322,0.5094059387170348,0.6971090176700585,0.5057565185414029
1,289,0.6968002887516797,0.5014123549685439,0.45694011331204604,0.5102807168456512,0.7340103847558896,0.5022944218579372,0.6536648791173417,0.4990162036338983,0.4419904668399998,0.5086513857569733,0.7180817758928524,0.5054914877283554
1,290,0.6932156949856376,0.5075891438658178,0.4583387188601641,0.5108969532472346,0.7273686407497671,0.5011138242894002,0.6548816102684852,0.4991280094929436,0.43972193638836327,0.5079462297203348,0.7370286164028884,0.5059002855363612
1,291,0.6948451360963821,0.5075644618498535,0.4636338644588629,0.5030535352522955,0.7341803989594867,0.48401641623142067,0.6568619360963698,0.4992005812395817,0.45450494970732436,0.5082864651902225,0.7539290283938388,0.5055993789442005
1,292,0.6993446143741764,0.5013036889612362,0.4737160553791939,0.5268996001692512,0.7408355994381204,0.4840674540754851,0.6653184031153107,0.4992669707175108,0.4717426433950761,0.507609503605183,0.7690143000356722,0.5042797035270029
1,293,0.7001078079290405,0.5016495495157673,0.48589055352636695,0.5250233852973555,0.7481923211737583,0.48548797778467184,0.6661084926206289,0.49948600023731843,0.4894870819947939,0.50697834153558,0.7779233832249418,0.5045193159628427
1,294,0.70074012818472,0.501541349303032,0.4995052174682446,0.525410829362938,0.7437840255697488,0.4868093250388455,0.6655663824155381,0.49952706317082374,0.5053475882902422,0.506391196086113,0.7860368000978188,0.5042761792904245
1,295,0.7039759349492962,0.5021666069331453,0.513608145088439,0.5235618723485189,0.7504775813714747,0.48939260016954833,0.6662380132320505,0.4991256009630778,0.5207098355409803,0.5058461738255997,0.7977840501722857,0.5043440440643338
1,296,0.7009426900272622,0.5102202355973803,0.5251528646915895,0.5266617590313633,0.7562216140946855,0.49124581234209463,0.6710397400421078,0.49973557779473127,0.5365843659817189,0.5063803879987724,0.8083850153706323,0.5045023372024676
1,297,0.7156281882345742,0.5020580655221325,0.5385824767123838,0.5426952456399674,0.7797511236831995,0.4943346910331016,0.6715604721500312,0.5002129530594959,0.5524455171259398,0.5058421814075515,0.8179191480417587,0.5058684569225548
1,298,0.7168057183612045,0.5019248354345116,0.5542184421942377,0.5396205081828568,0.7927714342843853,0.500336535855334,0.6695401227345951,0.5003683235787646,0.5650852274281128,0.5059782141354917,0.826727349715801,0.5055949702055018
1,299,0.7181888566076345,0.5017963723116554,0.5661179868272151,0.5366895766611666,0.8050281753611712,0.5016100218001276,0.6667869869366558,0.5097450823709195,0.5757632864649015,0.505550275946024,0.8345368823181262,0.5056746264541094
1,300,0.722994402954311,0.5016729660235237,0.5755107228718938,0.5359601376532334,0.8159357400225463,0.5002628192020857,0.6699722721306841,0.5008160550273405,0.5884132217809579,0.49566989301333997,0.8383759452482701,0.505045141883599
1,301,0.7212360663503883,0.501554848625262,0.5860821275909702,0.5332101505150957,0.8262924461751179,0.5007363791778222,0.6690918458649397,0.5009801792202268,0.6024710281270014,0.4958976530848236,0.8320907673169102,0.5047721066108312
1,302,0.7218541680575679,0.501442194765764,0.5964158213605598,0.5306122096489295,0.8350277503387608,0.5017546170172357,0.6641741479515354,0.5108702843074726,0.6144523836461235,0.496372316259554,0.8224700202432303,0.5038316198705508
1,303,0.7233134880856917,0.5013351231118014,0.6044755591477604,0.5281665998384403,0.8430234800635572,0.5029662830180192,0.6665861640078199,0.5012393214319125,0.632937855172735,0.4968472742254532,0.8242762822655758,0.5136132514686913
1,304,0.7216951009746284,0.5012336986855914,0.6096148710285816,0.5258721380361142,0.8499863589606866,0.5037373630826634,0.6660417611827855,0.5015795484714165,0.6419752854848242,0.4970687609944475,0.8234319694907561,0.5127071407948164
1,305,0.7205459381050624,0.5011379359988583,0.6196401052550834,0.5237263435915284,0.8461807054405172,0.5039133234214757,0.6627680087599476,0.5015446005177565,0.649969850734038,0.49832576224429853,0.8230573199175217,0.5127803826900794
1,306,0.7155374880648108,0.5010478028540606,0.6251375113124565,0.5217256185746992,0.8534012109601951,0.5040274609899962,0.6587488820767354,0.502024837357921,0.6605572989234574,0.4994406356918113,0.8225554662817101,0.5125876060616839
1,307,0.7092153741690316,0.5009632246740526,0.6323938043626295,0.5198654307694835,0.8591767872850614,0.5054862376195493,0.6590266611277669,0.5019495363028769,0.6655765215915741,0.49950719835218454,0.8223338748407082,0.512701625753811
1,308,0.7071163898745224,0.5008840892158286,0.6375921383536083,0.5181404930696873,0.8650813679336308,0.5054940659571661,0.6572306146673788,0.5018712481455122,0.6717311282543011,0.4995682492297082,0.8312808166784261,0.5117832097000209
1,309,0.7108282132145148,0.5008102515229749,0.6405155326179703,0.516544934267286,0.8703534031436506,0.5054552774265898,0.6556426052715316,0.501867867065313,0.676961214220807,0.4996236539503933,0.8391333545437852,0.5126324647450458
1,310,0.7079412067477764,0.5007415389755048,0.6397142658480792,0.5150724574808724,0.874953140183638,0.5053758441016887,0.6524658523380703,0.5123611746508275,0.6755960095717539,0.4990872568210444,0.8434321651679267,0.5115217326196979
1,311,0.7037076090070576,0.5098966675892449,0.6396670564945361,0.5157488832170715,0.8808157995190711,0.506138387472561,0.6499527364872213,0.5023633564307487,0.6862688430050947,0.5237384289311029,0.8324871184787347,0.5036982346240443
1,312,0.7105971493373202,0.5006186904564326,0.6428937178110942,0.5337855396557466,0.8813210088141129,0.5067218079388446,0.6547050939903966,0.5060781197035801,0.6853342990253498,0.5006546191746287,0.8548586170994533,0.5013619685244625
1,313,0.7119843175188694,0.5008684706445525,0.6423914796995314,0.5311814280128456,0.8845925475829212,0.5081813469440518,0.6532665062834638,0.5058209798981155,0.6912118956479197,0.500637788413809,0.8560234811762251,0.5011814747375487
1,314,0.7114652091800098,0.5101231894342482,0.644102567165276,0.5118083358826008,0.8772321078194781,0.5100449898893729,0.6518116704366299,0.505453372662879,0.6963399187912718,0.5011499116452105,0.8567369391279087,0.5023445782726835
1,315,0.7148856170704025,0.5011156992818802,0.649247429704208,0.5412409086642113,0.8792464305254263,0.5083173147921973,0.6513854673021386,0.505097500917723,0.7025245237360321,0.5028540757192214,0.8623716849614025,0.5030374986098783
1,316,0.7101678190526977,0.5012440934757492,0.6546194531688067,0.538546929659465,0.8831438903300591,0.5080018126723811,0.6512657105891059,0.5152696799978084,0.7013049657059697,0.5028544051458292,0.860482123131795,0.5031348548937122
1,317,0.7060655335903038,0.5011657776087224,0.6549061857378805,0.5359570980569698,0.8866166921532044,0.5076682094782574,0.6541365001738142,0.505271029168456,0.7100218746700746,0.5119475119981538,0.8671847184786278,0.5057874973742338
1,318,0.7028380711125899,0.5013232474439658,0.6502528841905194,0.533474532292214,0.8897157015946674,0.5073209802829777,0.6499832807523152,0.515576226459593,0.7052841619760638,0.5116556504388647,0.8646812606423147,0.511382771600913
1,319,0.6965545997571612,0.5114602685260697,0.6437078739252687,0.5356548124439652,0.8889058480590682,0.5095998822403992,0.6508221892275949,0.5130399137576479,0.7085961545101374,0.5098637407095574,0.8700535013003938,0.5169275711067411
1,320,0.7058193243411964,0.5013300915250752,0.6469512171391709,0.5288412434451529,0.8934295733996122,0.53102331285974,0.6571920275083061,0.5125310358422401,0.707459863117497,0.5091590696159852,0.8696268203311219,0.5158120234605138
1,321,0.7057581746657612,0.5013694724701866,0.6539652555568819,0.5266940013817681,0.8958294184875724,0.5290177563923251,0.6548937644636584,0.5147587244659936,0.7051974239976493,0.5188592193227837,0.8620212016690466,0.5250556030506683
1,322,0.6995046985773679,0.5115004447416308,0.6545828609604165,0.5265496915726787,0.8960628206026234,0.5311820707071192,0.660466127779808,0.5146983412525378,0.7062409288688267,0.5174797505047902,0.8624381014912637,0.523339275503391
1,323,0.7036377693018439,0.5012257418945035,0.6694201498243199,0.5227416529167886,0.89866063049426,0.5474157346959604,0.662399960267364,0.5047176761212777,0.7144470968559312,0.5288572766088154,0.8598013934337806,0.520811751922029
1,324,0.7038602511946258,0.5011558179727877,0.6763108520450606,0.5209356017449548,0.9002764235221352,0.5458502034223086,0.6575500048822032,0.5044774251195596,0.7230114485828787,0.5499089670392697,0.8350740832789268,0.5183461819641382
1,325,0.702372053109851,0.5010874624098988,0.6790443374128784,0.5192410898229528,0.901652471109624,0.5445779530698722,0.6593115468158361,0.5083013899721024,0.7156082337703239,0.5257599685591945,0.8524126821055632,0.5178536651236767
1,326,0.700855129430951,0.501020872615074,0.6811417199199181,0.5176558373620136,0.9032126612292337,0.5414718042400803,0.6589962738084761,0.5079619563640051,0.7180649971601358,0.5239725897849683,0.8441896077474855,0.5172268747189074
1,327,0.6624667875728999,0.5009562342368233,0.6831957627393793,0.5161769429479723,0.9043994745363199,0.5390474366434064,0.630535890229766,0.5073847289313493,0.7246585563666175,0.5222621707627684,0.8409872787915587,0.5166839521583643
1,328,0.6276478759272829,0.5008937173300262,0.6832834115623356,0.5170635758066593,0.9055559319879654,0.5362306215128999,0.6031161982489358,0.5068360809636235,0.7262561417357678,0.5206315731284539,0.838605617974071,0.5153999104314742
1,329,0.6131141628505913,0.5089038228620133,0.6784480063756642,0.518244294347306,0.8315430572383026,0.5360192530543054,0.5926294061764522,0.5064863499395083,0.728206229171433,0.5190827519403363,0.7702930289259048,0.5141890493464455
1,330,0.6149307168462407,0.5007756311682322,0.6819962644444514,0.5143150686643735,0.7930561321477335,0.5543184702572231,0.5913576464091878,0.5059947085477731,0.7295769004123183,0.5176167979293493,0.7368420211060905,0.5137633344310556
1,331,0.6214605816099995,0.5007202978278484,0.679263366373082,0.5130853085415529,0.7503620862018339,0.5509627680931076,0.5935047209298314,0.5051424892169888,0.7382336040837685,0.5297383067473501,0.7098357723029463,0.5133411396888893
1,332,0.6242313340371932,0.5006675546363756,0.6795096958420632,0.5119464371799471,0.7237708489017987,0.5472118687863599,0.5993483310202848,0.5014453441484849,0.7337212412242898,0.5149338749867216,0.7120014638017406,0.513141614387216
1,333,0.6267837315641157,0.5010419868549311,0.6795951494756998,0.5108940623563148,0.7215766614166063,0.544182374469319,0.601030393657059,0.5017572407574944,0.7348190916086393,0.5137153146826039,0.7088798081699463,0.5121106005738654
1,334,0.6339372159666499,0.5012026087835686,0.6774489404311218,0.5099236356078194,0.7197843363876874,0.5408376621117986,0.6004770503960217,0.5020320352110133,0.7332301801751214,0.5125765934430748,0.7059077689159634,0.5111425231351523
1,335,0.6384630488561598,0.5011236589673833,0.6802872591318148,0.509030522835672,0.7287895560459227,0.5414767064233394,0.6059207855538161,0.5014427239462437,0.7284997302578544,0.511515487839258,0.7125461879054978,0.5114429727768607
1,336,0.6434454762667774,0.5013981720724422,0.6806539632699015,0.5105905122827463,0.747351496141918,0.5402724670276365,0.6099749262243512,0.5013187441734431,0.7300688607029259,0.510529353384433,0.727378442714284,0.5111478048133886
1,337,0.6496055963559338,0.5013064669043112,0.6802524798430368,0.509673963160712,0.764193807309906,0.5382539610167655,0.6121474005943258,0.4993792941814911,0.7337967554282274,0.5255142006825542,0.7263514661731681,0.5097459650451899
1,338,0.6551090851130033,0.50121784906251,0.6799194481978693,0.5088273207808475,0.7793009986767621,0.5354099991997441,0.6200010122542606,0.5045771359117648,0.7292082560170684,0.5087698050212258,0.748194570187406,0.5103678973111044
1,339,0.6604143069853654,0.5011326016979502,0.6801082726115405,0.5080466126796447,0.7928875860324,0.5332614205275841,0.6196863236054165,0.5021332136054559,0.7285386957952839,0.5085223654908597,0.7837744991923702,0.5113194486856355
1,340,0.6673937311254237,0.5013476262431826,0.679728466195462,0.5073279049503935,0.8051957423981992,0.5307562178135734,0.6237772582104232,0.5049240328985906,0.7338929313832865,0.5072713966338328,0.7721204749047783,0.5191692502148156
1,341,0.6716085320629406,0.5012574893793578,0.6793552538840117,0.5066673299135597,0.8163487879514871,0.5284049633213884,0.6284825237500083,0.5052664037985657,0.7302901293217807,0.5066112318179506,0.7866003097196623,0.5177535654186936
1,342,0.6733917306303814,0.5011706024910045,0.6797749970878392,0.5060611100792741,0.8261745577212942,0.526732715633894,0.6314013853882814,0.5049348253505137,0.7278452883165785,0.5059882302219756,0.7996030698928988,0.5164106902826178
1,343,0.6746654552427834,0.5015127465068276,0.6791878355801106,0.5055055785359224,0.835328646370196,0.5246829169655026,0.6339914948535282,0.5050383146572197,0.7280781157596391,0.505436165417408,0.8017536663086786,0.5157834117135306
1,344,0.6739825209181748,0.5014038889266978,0.681439970732505,0.5049971959031921,0.8433476642812094,0.5238821527796304,0.6360800159723793,0.5046976223609083,0.7258637560933412,0.5049312081244741,0.7992453944607202,0.5154621839506881
1,345,0.6764575205884301,0.5020479158917233,0.6884594511362028,0.5045325640020777,0.8507574789864398,0.5220752268865548,0.6383441644691781,0.5043693512935858,0.7237587465774684,0.5053754534325166,0.8061246271641537,0.5142637849714423
1,346,0.6810436016489381,0.5019267937612545,0.6860759942652284,0.5041084364163403,0.846402486652817,0.521200636554359,0.6404219176513269,0.5043214459735254,0.7223076745656742,0.5049023551240688,0.8074448041059101,0.5140329185621038
1,347,0.6836876964039593,0.5021242277714818,0.6822000997492665,0.5037217261461986,0.8533322803740939,0.5196199602391823,0.6400342806450358,0.514162789774352,0.7132049358797498,0.5066774564815403,0.8024300906956484,0.5137838854883797
1,348,0.6864627083877932,0.5019943404212845,0.6762114495937692,0.5033695105815841,0.8596075054300709,0.5181390371197189,0.647412066870513,0.503717097684541,0.7152027481967385,0.4963437916608151,0.813687721838048,0.5118800238689718
1,349,0.688612716752429,0.5018674828122752,0.6706165911799746,0.5030490340455548,0.8651632206905512,0.5167526022749237,0.6526315070423896,0.5034365201514066,0.7139546517310481,0.49652258002043836,0.8142781894040797,0.5109045002492923
1,350,0.6905207674832131,0.5017442229294589,0.6674889638959406,0.5027577081757507,0.8701348285272489,0.5162466177569515,0.6530490234981464,0.5034704932930613,0.7128557934436426,0.4987702153625678,0.8151175221921475,0.5107540245340108
1,351,0.6910865408735934,0.5016250591681592,0.6664732176618217,0.5024931104215244,0.8637308816133121,0.5156136679404668,0.6557983227346468,0.5032858190451314,0.7083631291220787,0.49904448665784584,0.7968497042375783,0.5330599725772628
1,352,0.6927760383487904,0.5015104142933503,0.6637818744950782,0.5022529809360752,0.847643518680908,0.5144901920256669,0.6543288300447625,0.5069047806858954,0.7099553974788283,0.49887619839792985,0.8205569094579536,0.5090505107974419
1,353,0.6963710475526645,0.5014006321810869,0.6572539408113639,0.5020352181369299,0.8437151460615233,0.5145174674760536,0.650382452158626,0.5066812871422974,0.7049787737755026,0.49893635906323675,0.8206345690464837,0.5091091223617092
1,354,0.6955973761288963,0.5012959772129413,0.6563658929531108,0.5018378731954208,0.8403254138567371,0.5135123903605734,0.6531998174495472,0.506796632158683,0.7045886365960764,0.4989988562894563,0.8251356078389065,0.5100557020201592
1,355,0.6967559076564707,0.5011966360639124,0.6562607217971895,0.5016591436977821,0.8367966745703393,0.5149444955962557,0.6538074822018816,0.5063038177354108,0.7063443114969483,0.49906225800797316,0.8295781532362524,0.5092648075142129
1,356,0.7021170932313048,0.5015300719564997,0.6575690062780588,0.5014973666986121,0.8341084900202065,0.5138845600620547,0.6554760915731773,0.5061913466650623,0.7097863078610361,0.49912541182128023,0.8284958676221864,0.5094204294355082
1,357,0.7081529705160122,0.5018395063885307,0.6492003249043942,0.50135101136323,0.8312984464461906,0.5136429712820729,0.6555785717966984,0.5063076958562289,0.7091329755104464,0.5007837421289825,0.8227591916504892,0.508675403658592
1,358,0.7043249823131523,0.5016987252489826,0.6455326528423446,0.5012186713701835,0.8398986841303339,0.5126990022499596,0.651853207285306,0.5046552780958333,0.7145186537381476,0.523020740924539,0.7973283466430875,0.5081839374606596
1,359,0.7024540262986767,0.5018814561838296,0.6424334168572374,0.501099057220008,0.8476230571856453,0.5118044447317169,0.6569895720127917,0.5098749447753234,0.7105241382731365,0.5017147339338145,0.8043026126240029,0.5078989397823819
1,360,0.6991844442315059,0.5017417835447743,0.6418831027907179,0.5009909885721242,0.8437064617527098,0.513275974136035,0.6533660537487825,0.5093793791057386,0.7137025047752621,0.5021505230516922,0.8009602536407309,0.5079430001500499
1,361,0.6963830099128484,0.5016093520120266,0.6413158469789131,0.5008933867091622,0.8401214529510249,0.5123207024147688,0.6483509369723981,0.5179650907257908,0.711429496902123,0.5019605084347114,0.7881207798611832,0.508030052994592
1,362,0.6939697623960861,0.5022589890146741,0.6414173073921495,0.5008052672074078,0.8368405741387565,0.5114155621723393,0.6597123740942336,0.5071125878963153,0.7140481857136057,0.5063155490099135,0.7862831331293708,0.531042716996413
1,363,0.6894481644478829,0.5022910299460488,0.6406013367277181,0.5007257328737283,0.8340323696693517,0.5105598007549136,0.6506840734295295,0.5114211268509102,0.7211268021864665,0.5104805926269048,0.8114627110911583,0.5078469655685253
1,364,0.6852883619029069,0.5023682307431551,0.6407630253076383,0.5006539669933193,0.8311058920740063,0.5112036386935663,0.6476161155905843,0.5111987830355217,0.7191149912754301,0.5097642569232254,0.821898874316662,0.5072949108601517
1,365,0.6796819379345186,0.502354218992596,0.6409337626275621,0.5005892269188964,0.8289967543999287,0.510396769322574,0.6465231607916971,0.5105976497532083,0.7172401629809003,0.5090745196587149,0.8264174679322851,0.5071426635141764
1,366,0.6701877587960152,0.5124934552234263,0.6415369908664128,0.5005218443628665,0.8149926624536513,0.5106746821847484,0.6456374183631215,0.5099847171202059,0.714026090498691,0.5089204319170113,0.8302166871989439,0.5075730806019628
1,367,0.672476118957702,0.5025161313927962,0.6455697423879653,0.500478188004868,0.8239553987426981,0.530164053468552,0.6495044231764586,0.5092958625558952,0.7113331543177901,0.5082810177206146,0.8381681874127859,0.507341077427471
1,368,0.6703037966979469,0.5023567399976974,0.6428116355599177,0.502811651302988,0.8224512490860685,0.5280286309928688,0.649363076341825,0.5090730434668235,0.7084625831433178,0.5076711911192998,0.8411531218977254,0.5068427141157569
1,369,0.6704817859489055,0.5022032448989678,0.6424318653976718,0.5049578355995176,0.8102080117820033,0.5259876246913497,0.651989905281821,0.5085185748935678,0.7024588333469101,0.5080231852024517,0.8389914641197487,0.5063680280993083
1,370,0.6725945569248201,0.5020558622890403,0.6420152806487303,0.5069808655968557,0.8097269807352251,0.5240446931787445,0.6546967286264609,0.5078945427649854,0.7007570816488212,0.5074191995804203,0.8228064742075577,0.506879572700543
1,371,0.6721003799974218,0.5019147620282263,0.6415692813784077,0.5064770787106306,0.7985165279174569,0.5235431051507822,0.65672171178219,0.5076602528431423,0.7025729174985564,0.506847396429456,0.8084456984624024,0.5063912568300533
1,372,0.6719297305196154,0.5017800680533124,0.6427348507036909,0.5059967303888481,0.7780649162614306,0.5233033331982421,0.6627763780911602,0.5070825952911308,0.7006494783281338,0.5071445796038012,0.8000232323188514,0.5068317956915747
1,373,0.673309574922577,0.5017988282389264,0.6465525487150051,0.5055405708269257,0.7705593839227147,0.521567123590582,0.6640167609308761,0.5074133551383534,0.7008233409232515,0.5065941761707959,0.7966313319382969,0.5067053646940028
1,374,0.6784766774060059,0.5019448948158695,0.6475330115684765,0.5051090568162745,0.7636701143135504,0.5199234310894331,0.6633277933588143,0.5070707343544764,0.7000094284242802,0.506075232861337,0.7984851336172202,0.5069555789523955
1,375,0.6850024579391952,0.5019376667344726,0.6497821086446528,0.5047023665923132,0.7557106153059278,0.520380385554491,0.6626984995836626,0.5065486145189776,0.6989084466820031,0.5061774504173222,0.7957332575924908,0.5079637618810147
1,376,0.6914938490861291,0.5019084779969442,0.6542119388929272,0.5059699375822874,0.7608472760804169,0.5199568414574934,0.6619329130059984,0.5060550603694034,0.7001883455166982,0.5057042241400391,0.7974973702889241,0.5074421926360915
1,377,0.6949803296649548,0.5017961532606316,0.6590647144803662,0.5055444211841977,0.7762166831561615,0.520653653736958,0.6632859520813777,0.5055897268313385,0.7032078252925282,0.5052588568441301,0.8045298487701615,0.5069401943635831
1,378,0.6981142421748321,0.5016877660633714,0.6626161655056196,0.5051391308213667,0.7903411246868449,0.5191003712624018,0.6586153567427485,0.504054264492519,0.7105682930949102,0.5280926154995483,0.7910041931985976,0.507179626300988
1,379,0.7011555212137636,0.5015833470153852,0.6653296065305961,0.5047543988885096,0.7921798385106164,0.5176333698261197,0.6696978965055176,0.5093646483968152,0.7052710036911556,0.504449390892102,0.8023877275275023,0.5059983895888076
1,380,0.7042109172062565,0.5014829258884855,0.6690441939959543,0.504390377965527,0.8044912997623006,0.5162518830037034,0.666810605116589,0.5093540642186707,0.7086942592008962,0.5221176855188427,0.7817370084335211,0.5094058943625541
1,381,0.7039591229375315,0.5013865301188084,0.6756146552396893,0.5040470498286379,0.8151555464343098,0.5179469672776776,0.6712881487682122,0.5124214725288772,0.7087779396327781,0.504553680142306,0.8012848926792606,0.5056224966241908
1,382,0.7026385926474412,0.502033216149634,0.6778109171884003,0.503724237212816,0.8253873639322645,0.5166286398871177,0.6701395305119633,0.511570824849602,0.7109581794234394,0.5047637692565579,0.8076201211890353,0.5052213143657895
1,383,0.7015922163566719,0.5023456646877955,0.6778405154429084,0.5034216178471098,0.8340898939253188,0.5179260684319911,0.6677608464649977,0.510884194678005,0.7108312290368896,0.50579439470895,0.8135907700402248,0.5048401411894966
1,384,0.7004986263224288,0.5022037765495666,0.6778227686504972,0.5031387402289925,0.8421094322155039,0.5166822600460315,0.6624039124838206,0.5137509832142412,0.7029874215673549,0.5057563304212718,0.8308580342534052,0.5044391543650962
1,385,0.7016962065809401,0.5024931993669868,0.6775917558204373,0.5028750405727621,0.849631144321683,0.5154978603235104,0.6662198138122937,0.5096934729838732,0.7037928528977841,0.5050179853009341,0.8218207233589868,0.5135127826395843
1,386,0.6988236778018722,0.5023301472285395,0.675475854340251,0.5026298603645728,0.8349541783863407,0.5143727317439074,0.6652525505433846,0.5089752059869831,0.703925208181959,0.5046582657129552,0.8263412933389672,0.5137787729682579
1,387,0.697901206659921,0.502172942257696,0.6719409346029906,0.5024024639832029,0.8319254627257872,0.514785632441395,0.664896222748142,0.5082949685749372,0.7021390103614848,0.5043173069056396,0.8308166560967761,0.5128132463725195
1,388,0.6988130485953565,0.5020219633815157,0.6685729181728212,0.5021920558977944,0.8295798990705278,0.5137278590593068,0.665985109644136,0.5077966456411921,0.7022607745663946,0.5050006858426846,0.8345827903691531,0.5122272119731008
1,389,0.6950408672926668,0.5102968855784048,0.6635659495410692,0.5023025081164586,0.8256235212511122,0.5165031784900296,0.6631890529694839,0.5173805858138032,0.6972800520140544,0.505675972262418,0.8389660022632763,0.5130673839935146
1,390,0.7007812656050982,0.50173983842422,0.6689582479759176,0.5232359419121535,0.8238707100484369,0.5131490710196956,0.6660963703453439,0.5073805772321073,0.7075175544656266,0.5143190617683532,0.8490488115610326,0.5114818326440042
1,391,0.7030507518155825,0.501609085592386,0.6718601928799686,0.521595254900007,0.8000274369115579,0.5122000405270368,0.6654850753398336,0.5069312702851001,0.7095307711409099,0.5137913484706826,0.8509044285315127,0.5106230760183706
1,392,0.7056616617335189,0.5014853478040137,0.6723920408762942,0.520025700475962,0.7796850336925444,0.5112987470454573,0.6545597159684502,0.5049924315219999,0.7148421246245398,0.5555286277147854,0.8098323039791049,0.5197565850565229
1,393,0.7075904372218572,0.5013686462133976,0.6751837196695849,0.5185304972476941,0.7825369942953904,0.5128379191417423,0.6653431078714275,0.5141453900490093,0.7080280252147263,0.512865376526298,0.8362950994179686,0.5103329008208369
1,394,0.7077501521789379,0.5014906705995491,0.6753041122678888,0.51711187732787,0.7637730417767663,0.5119829253537415,0.6618445203115476,0.5147542632985147,0.704165038058575,0.5125112585209747,0.8525400809014393,0.510208556212815
1,395,0.7071440353322391,0.5013820731673528,0.6775711801245438,0.5180157564439543,0.7575519325429987,0.5111643392033518,0.6630315888323736,0.512384163120282,0.7156561148088009,0.5214282100792003,0.8356116844845369,0.5088492337530235
1,396,0.7051767239382595,0.5012792737864775,0.6798497608069584,0.5166091253204599,0.7628630895754832,0.5103825677656266,0.6587365002801441,0.5115038404726415,0.7166431831595474,0.5198564199192243,0.8436321563270386,0.5081686919372475
1,397,0.7032221195016163,0.5011822063393954,0.6820496840474751,0.5152841588627737,0.7674752658348621,0.5112394995624159,0.6609801780722869,0.5109694691582758,0.7180861648579886,0.5188420196393956,0.8459390652807132,0.5085698554130257
1,398,0.7071849476400779,0.5014247096242015,0.6833365521837719,0.5153987426437973,0.7822701142550171,0.5104693285812573,0.6687994070793313,0.5105363836748803,0.7136432936557943,0.5164030265589586,0.8275201840158685,0.5281552711445506
1,399,0.707585817734759,0.5015238315497178,0.6827135781406934,0.5141968337271007,0.7954083769981029,0.5108393222488996,0.6575736286831079,0.5213012945418956,0.7121933582744104,0.5165022604704869,0.854001692311586,0.5097048813348836
1,400,0.7035216223547379,0.5015577829869985,0.6742786513438901,0.5130680771776925,0.7965003089339475,0.5113843172499629,0.6629191335835888,0.5132902350909255,0.7184329042200368,0.514806191108525,0.8459017586419042,0.5199722380312863
1,401,0.6989386715760038,0.5105179853499445,0.6663968793177604,0.5038347727786155,0.7865502748181061,0.5161276170290878,0.6582341809519127,0.5215798444589762,0.7154617521900634,0.5141896975028531,0.8461028063526779,0.5197868047023869
1,402,0.7027150271615895,0.5019072883345174,0.6694618329108949,0.528182394719689,0.7972061008358328,0.51299678774891,0.6584145048750534,0.5116713663525736,0.7216484302730518,0.5218805128431788,0.8445901240031799,0.5171935101524012
1,403,0.6952960167354137,0.5017905226464857,0.6694275719649568,0.5263756503633348,0.7971528725386187,0.5121900387752538,0.6487077432951838,0.5295708144149305,0.7106429845143143,0.5230694763578596,0.8410772541630769,0.5141994717677426
1,404,0.6962243019094603,0.501677920652659,0.6661678583480429,0.524622657136643,0.7972669032955898,0.5124370600917766,0.6545206290919809,0.5109358562619377,0.7226329973784974,0.5373471366739554,0.847930066293942,0.5152680282842239
1,405,0.698992955572882,0.5018382900319728,0.6683528427023967,0.522930073336929,0.7871482952848853,0.5116666883538074,0.6509132772344696,0.5101000153555081,0.7230572040624164,0.5345593131761713,0.8499260687943092,0.515137635545694
1,406,0.6993299686605289,0.5022853113633884,0.671649673835265,0.5213035199871825,0.7885592678257096,0.5121034766687925,0.6462709259554803,0.5093132877991792,0.725268032703713,0.5328350950421953,0.8513758819748987,0.517036852053558
1,407,0.6896758371688698,0.5106079253553426,0.6701944930599812,0.5230364408838312,0.7949905935977829,0.5103440434615557,0.6429576043517418,0.5185564895170387,0.7215640691466338,0.5299952692606663,0.8559508938745675,0.5162282876115402
1,408,0.6938458181281857,0.5020183193787628,0.6744495382115049,0.5182655627031221,0.8113170862091826,0.5332753673998073,0.6443233051643519,0.5083618235242603,0.7313594070006685,0.536187821968008,0.8623612119649663,0.5152224903776748
1,409,0.6928268807924619,0.50189041453918,0.6785149480044741,0.5168599812235023,0.8218842621318164,0.5318674323409947,0.6458254429791574,0.5077096110240162,0.7307847441465828,0.5334389024685406,0.8675152446491652,0.514586974041602
1,410,0.6937287611576353,0.5072772150988826,0.6719849140316114,0.5018952994968916,0.8381025536096618,0.5359395453861863,0.6451237143206552,0.5173330073752063,0.7245549336085736,0.5327956221133512,0.8699212792894356,0.513635753377678
1,411,0.6989064417153912,0.5019809565927058,0.6766116684778058,0.4922404073492101,0.8159360958217479,0.5304573961119391,0.6517248537086945,0.5069682113791646,0.7278712081343645,0.5283921116384682,0.8713925525149744,0.5218399186459785
1,412,0.6994830656190252,0.5018636525460646,0.6788297015575165,0.49266667373517486,0.8155357291577753,0.5291921987568914,0.6547192350533698,0.5064068715237299,0.7295288482167216,0.5260935162433126,0.8661954291391905,0.5210396794516223
1,413,0.6940163413781624,0.5108011046168677,0.6762797046543433,0.4919389857567742,0.8068452914621589,0.5340843244437078,0.650815007501257,0.5058836649968725,0.7312273655080003,0.5239421220330378,0.86162134225833,0.5194648104090346
1,414,0.6994764366248475,0.5016390094488952,0.6828729263547934,0.49350961412954647,0.8131807130928894,0.5487307806885836,0.6482620774930363,0.5057104455693961,0.7267293701800355,0.5227242323665181,0.8523667449550576,0.5179737569239182
1,415,0.6999606832198934,0.501532168620661,0.6844735632314968,0.49392067907348,0.8129256665981986,0.5454127462632582,0.6453906561273893,0.5053901062780671,0.7245589160488397,0.5208185059883822,0.8441788611345702,0.5165667835245342
1,416,0.7003622391400064,0.5014292767833425,0.6836903828565457,0.4943215183284776,0.8124473811844045,0.5437027249143365,0.6407144003761959,0.5154295885661322,0.7170515523971512,0.5166036994815398,0.84291079133717,0.5158593668902404
1,417,0.702676901601125,0.5015106951824595,0.679617713938955,0.4947100521503362,0.8224728396768908,0.5427766808868016,0.6402197893926965,0.5048138867943419,0.7232615827113376,0.5174020608499182,0.8530639694461584,0.5052697495210655
1,418,0.7045904940442552,0.5014144314239307,0.6788416877149803,0.4970882023286701,0.8319403171933007,0.5398943529506284,0.6330172964035323,0.5042473778745176,0.7290634135355443,0.5344389739533157,0.8301656341771033,0.5053297682279797
1,419,0.7066823635628269,0.5013216522851124,0.676994407168402,0.49733622592957655,0.8401299026867965,0.53761266650563,0.6351927319465748,0.5083686650998932,0.7190187176981436,0.5150178800658408,0.8559460648012018,0.5053561664537949
1,420,0.7082607132939142,0.5012324976814552,0.6774094233367495,0.4975677134737756,0.8479846546433223,0.5350046971050089,0.6312932257965397,0.5077722388802416,0.7173788849414867,0.5147421258001005,0.8524193696291357,0.5057459980190996
1,421,0.7098110146024104,0.5011470863703635,0.6775620282038093,0.497782896492261,0.8546813032380938,0.5329593664946134,0.6299593238911566,0.5072044765220027,0.7119312171607696,0.5134628609807868,0.8400328760810436,0.5052704491138721
1,422,0.7092676179794197,0.5010655133508859,0.6774820441251973,0.49798218322909793,0.8610145698257823,0.5306232132765837,0.6296099561013052,0.5066656721476115,0.707780955527738,0.5122821251019994,0.8333112970241653,0.5065705856901566
1,423,0.7087843255046461,0.5014150182489393,0.6776588011346957,0.4981661250000378,0.8666829976164185,0.528412676141007,0.6339994281112336,0.5069453584730825,0.697382087765123,0.5111941449976527,0.8220949187991526,0.5086867453967386
1,424,0.7047327819249498,0.5013118572345352,0.6775212678412974,0.49833538373887876,0.8712690423982103,0.5274534495068841,0.6315143275682336,0.5157481656868439,0.6847911774393914,0.5119491604133797,0.8185165246411424,0.508658726439102
1,425,0.7011930921490731,0.5012138107911119,0.6758380595124045,0.4984907018557451,0.864465324730741,0.5263632182490465,0.637520892079169,0.5059167852113984,0.686783761641631,0.5102156531266551,0.8256717885637539,0.516949388236048
1,426,0.695941716469056,0.5011209479054776,0.6775084490455364,0.49863287517712285,0.8588416078649842,0.5244855056734424,0.6399127842408937,0.5060774187281653,0.6842054295068779,0.5093074574920832,0.8253084901658336,0.5157820096296439
1,427,0.6873391255624764,0.5010332912235383,0.6777839080471219,0.49876272941049443,0.8534852670555894,0.5234113394918026,0.6427748616301622,0.5056067677659296,0.683377298313777,0.5102369548212013,0.8246065726899624,0.5146633350122687
1,428,0.6834648025512045,0.500950819252703,0.6795711823207699,0.4988811002970714,0.8488532579679912,0.5227118926518404,0.6426530528600825,0.5051639707250266,0.683013080638447,0.5093687112916601,0.8194386188402064,0.5140798028354441
1,429,0.6801548665064162,0.5011383684897915,0.6812657499980107,0.4989888173946196,0.8443297905668502,0.521899527395862,0.642159418309581,0.5049276421660275,0.6829206617752297,0.5085654337042568,0.8148332634809071,0.513056383801541
1,430,0.6786710046466974,0.5010571310528662,0.6828900478442826,0.49908669127063654,0.8296464505734643,0.5204054502874056,0.6401396064435946,0.5045375287549795,0.6812387151428902,0.5078232983002449,0.8107848207308612,0.5120837338208644
1,431,0.6774978586879465,0.5009799347544671,0.6841082587626633,0.4991755037799753,0.8164073419837002,0.5197039938460655,0.640838364952974,0.5047368358940401,0.6792109280326625,0.5071386094034603,0.811743636416156,0.5125130536522987
1,432,0.676374885047058,0.500906779852857,0.6816191868351794,0.49925600104253565,0.804442245687558,0.5189016458687603,0.6424918416860727,0.5043682083742763,0.6796083855132018,0.5065077994973811,0.8122976873976749,0.5127260833855792
1,433,0.6773971341854084,0.5011974060949432,0.682959370402418,0.49932888871614506,0.8048722214589296,0.5176452888363516,0.6441651700919336,0.5040231101793987,0.6818330461326141,0.5059274298725227,0.8081656743107402,0.5128024460552023
1,434,0.6779991818526715,0.5011123105565292,0.6804325598606643,0.4993948291674127,0.8052268560801334,0.5164521604705794,0.6455488809437081,0.5042986366617047,0.6836427313622757,0.5053941918781413,0.8140659646560239,0.5118799873584454
1,435,0.6784462830348733,0.5012609472794199,0.6809827981125287,0.49945444017007784,0.8161675737030537,0.5162234315483261,0.6468283723672295,0.5039733121491284,0.6857286161804872,0.5049049086611002,0.8143847437151,0.5115658654165972
1,436,0.6792231683758108,0.501406723402341,0.6805160225454021,0.4995082947986083,0.8263635075439526,0.515146164332622,0.6478409443812992,0.504007839706453,0.6872005027656787,0.5044565371813612,0.8147874699451338,0.5107213866085197
1,437,0.6836086366596381,0.5013215524034167,0.6800297259667297,0.4995569222284981,0.8349310429941676,0.5160280148817248,0.6489343788991079,0.5037041283365487,0.6884478104583023,0.5040461702503335,0.8199013924929232,0.509920706215266
1,438,0.684124669654187,0.5012386889631752,0.6780350832066515,0.5017136394570928,0.8427933743249715,0.5158053143247038,0.655566625319663,0.5039702471545315,0.6918593107606564,0.5036710383353017,0.8294155552003577,0.5099987782314446
1,439,0.6845146568419387,0.5013319968044654,0.676383230237338,0.5016275987687574,0.8503159115079824,0.514852864146992,0.6493943887713569,0.5033076701021589,0.6998561896702625,0.5270358038316513,0.819006849154016,0.509668080843323
1,440,0.6863690189191046,0.5012530649563889,0.6746386319893521,0.5015392783820112,0.8457678723230743,0.5148909024736533,0.6558633440699769,0.5077302365975205,0.6936437879115585,0.5040554770575786,0.8408314520116221,0.5085277053317436
1,441,0.6801930977541186,0.5080281984086671,0.6684711922641493,0.5024667639632775,0.8553507233553271,0.5179469454360233,0.6558974099722095,0.507561349587198,0.6928407673820053,0.5045677947068545,0.8386484055574471,0.5078552511889647
1,442,0.6831192939565339,0.5014576456183409,0.6731148509950237,0.5225852247289616,0.8353682763740433,0.515058519093253,0.6559605451160516,0.5076992828503188,0.6957010655394488,0.5041924704312711,0.8368730669664507,0.5072240759721475
1,443,0.6794497959664729,0.5013632878126739,0.675421288516573,0.5210410093376115,0.8436369944762342,0.5142458986421612,0.6579067159770488,0.5071842954583522,0.6997950309104874,0.5038434865225925,0.839858808436065,0.5066332921901789
1,444,0.6827681421076761,0.5012719983572786,0.6749476342842797,0.5210717098103109,0.8509796191089455,0.5134533856752378,0.659911109814226,0.5066913627526201,0.7002840103177524,0.5035194990128997,0.8426307372713403,0.5060817993158478
1,445,0.6872773786015586,0.5013684696645263,0.6750840237962377,0.5195957174950481,0.8577812783426627,0.5126814366582686,0.6532650002099555,0.5165715828996332,0.6978032940872446,0.503235587647867,0.8418625766235567,0.5067019514761617
1,446,0.6966783229790422,0.5015579793269261,0.6764877645038693,0.5181817688589939,0.8637183551052081,0.5119307696887879,0.6549591214045442,0.5067377715526235,0.7053736665732923,0.5049291646433457,0.8465222145164978,0.5152748309035552
1,447,0.6978442070491591,0.5014643921432639,0.6769836858319739,0.51683317563172,0.8689776947388267,0.512047488136744,0.6538333092316556,0.5069671343042834,0.7072038118893221,0.5045427346947235,0.8485242113082178,0.5141347628760281
1,448,0.6980595147557658,0.5098678913858211,0.6743117099209198,0.5028842948991153,0.8673914491647019,0.5140668613726577,0.6481492842105077,0.5067002690208977,0.7134714518039016,0.5276460189888008,0.8348197633934887,0.5211221342707153
1,449,0.7012255366107636,0.5014354196951372,0.6768970320299339,0.5292451439295333,0.8551579178380712,0.5131517025038084,0.6527549603235897,0.5105441222506993,0.7132825331001355,0.503840482453487,0.8608759442934357,0.5120371270152587
1,450,0.6976595665098732,0.5013487201639472,0.6712394315170411,0.527477673895338,0.850716191828654,0.5124713501664705,0.6492988606769678,0.5098225835302749,0.7131854889830112,0.5045091410338208,0.8611602017485261,0.5119531455482811
1,451,0.6968499506540154,0.5012643837882312,0.6714455524552302,0.5257490653806941,0.8359128824210279,0.511800952815597,0.648046157126174,0.5093125237992588,0.7129684089113709,0.5041500651600554,0.8569807300670859,0.5114985407785799
1,452,0.6928638920125559,0.5105021906611418,0.6637882448855941,0.5280783911829164,0.8160136710983433,0.5129444650500463,0.6469087309676776,0.5086508132044583,0.7141155661657783,0.5044884148759264,0.8531817441543198,0.5109305679263608
1,453,0.6980227279869965,0.5102710073006904,0.6642016998156107,0.5261788671509676,0.8259318643469463,0.5127666398409235,0.6486432092944879,0.5080203314165392,0.7147549934491217,0.5045614454467114,0.8541172495158511,0.5119445295571831
1,454,0.6962477303319249,0.501579284108586,0.6668515330766629,0.540821282127403,0.8371092487733228,0.5320246108970468,0.6516478283488097,0.5079263932470927,0.7157060440115877,0.504238946743323,0.8556213155321449,0.5110444190018978
1,455,0.6919379801491192,0.5014822708593922,0.6656423071112749,0.5378974091350779,0.8340428823949841,0.5315612625874447,0.6520914838373159,0.5075507912125952,0.7149781376603709,0.5039333127122334,0.8520398719777567,0.5111806646929409
1,456,0.689349297450975,0.5013876347908778,0.6646865685323622,0.5351039003417843,0.8422496323874419,0.5299170777599581,0.6387494588342624,0.503407116463578,0.7245490643774608,0.5445010360038489,0.8184056771156454,0.5151520866421067
1,457,0.6919514299334372,0.501295777816964,0.663052794152559,0.5324466187547882,0.8388589952494744,0.5283052669108732,0.6459156652705362,0.5202309326601947,0.7122010664167904,0.5039441036980262,0.8502156279032079,0.5068323106038702
1,458,0.6952327295353423,0.5012388159507647,0.6558747135111976,0.5261032461531037,0.7941204038087364,0.5749417018381731,0.6448281476613246,0.5227407126470801,0.7093053924246085,0.5037225266215714,0.8326196148749075,0.5181562874307797
1,459,0.6923029590696707,0.5049679064599242,0.6639260097505576,0.5275544118538743,0.8335245077675524,0.5247383963962343,0.649467099757894,0.5118131378381124,0.713487890011334,0.5126226910024652,0.8310392401872516,0.5158812406056483
1,460,0.6899224889500819,0.5046210234251064,0.6635517606316981,0.5253218392594142,0.8310927452124217,0.5241308341799028,0.6498703949713931,0.5110175323007106,0.7073900947226337,0.511744611487315,0.8254322355211074,0.51478372693763
1,461,0.6877807673916181,0.5045760151192726,0.6633280798149913,0.5232305428767364,0.8290338124126283,0.5225203269322749,0.6447182761610744,0.5069097031982998,0.7101303458195596,0.5317120476961819,0.8141177943774002,0.5142690331736645
1,462,0.6891438042478997,0.5045200228107704,0.6664290089008486,0.523658631656515,0.8268993090845255,0.5225667999974067,0.6463973502935005,0.5321013380817871,0.6908810473408581,0.5024910019445598,0.8071406868003675,0.5151875746228185
1,463,0.6891336371521883,0.5041964595147224,0.6671962853197629,0.5216771215429407,0.8248607993384988,0.5219030414165028,0.6496220163721509,0.5114345449701633,0.6989835995894914,0.5245101389639388,0.8144578090062432,0.512909669774931
1,464,0.6875148132989176,0.5038876581268753,0.6703924344420903,0.5198326766322212,0.8124028994126403,0.5204445768234472,0.6425399821106504,0.5058555159227166,0.7068011449101741,0.5432983321408043,0.7991235164300948,0.5118075315838757
1,465,0.6810445186917553,0.513861772661763,0.6688368485210539,0.5211406015055619,0.7947865581774857,0.519225438533844,0.6471693921719949,0.512679920278086,0.6997458569430087,0.5223122589392265,0.7964848937349782,0.5110642111018009
1,466,0.6777749529453752,0.49961641273472057,0.670633337347078,0.5172323415365634,0.8861665886696297,0.5478340212140381,0.6475430352499544,0.5128035888305403,0.6996187690652057,0.5208041595154479,0.7944294631424624,0.510213400594778
1,467,0.6813374403396016,0.5030541559429769,0.6749072852530028,0.5150708507501164,0.8134254387299678,0.5596730329548302,0.6440349933860301,0.5120243105340585,0.6980003064057876,0.5193529333486606,0.7965639686110706,0.5094109247946147
1,468,0.6747377835194059,0.5116987358097127,0.668521619027,0.5092529186532461,0.8056617676055983,0.5648110254717866,0.6487657053687692,0.5203855724106232,0.6891717257970491,0.5093075139322806,0.7965679026197885,0.509233620829594
1,469,0.6772492760224923,0.5028798716067764,0.6710060020942933,0.5326808230932037,0.8207998192969368,0.5516069778994177,0.6521987854888636,0.5115813750745475,0.7004776414041679,0.5216693994232664,0.8045247146628074,0.5079495374479164
1,470,0.6763167969019871,0.5028484311902035,0.6383860099426354,0.5304048822801026,0.8307066465676279,0.5488395962352081,0.6512190193524879,0.5109618486163037,0.660588333983393,0.5202863572656224,0.8110353872412861,0.5072889684260685
1,471,0.6800399115580219,0.5030565116592413,0.6090309464154477,0.528228128907217,0.8398111317434402,0.5452540899157422,0.6516904152847163,0.5102223780507116,0.6252783613807021,0.5189498193583607,0.8165281944180913,0.5066735154378128
1,472,0.6858318597864412,0.5028210343073617,0.5836723556254967,0.526153738834065,0.8371875870705141,0.5418532552879,0.6484872322729606,0.5199066915461473,0.5911136854734027,0.5188289650853842,0.8150407277424299,0.5071174540056669
1,473,0.6852698943294717,0.5025996407806386,0.5560437240290584,0.5241839229663486,0.8454589937528948,0.5386382684344457,0.6531883755550087,0.5088348289740456,0.5648864957567792,0.5257982826034133,0.8256519444805247,0.5070282446676657
1,474,0.6837922008120395,0.5116841823482753,0.5549187474672768,0.5066975627113317,0.8363333758438642,0.5415434254162137,0.655635044789586,0.5081888303707429,0.5570058557901079,0.5239728916143244,0.8249359640584069,0.5064710104296662
1,475,0.6835983684216469,0.5025101916133635,0.5651769650633471,0.5340565745776554,0.8367891706150702,0.5327624250721243,0.6601654526490098,0.5077337662927714,0.554685001652939,0.5222289762953419,0.8195144715191823,0.5059495830433137
1,476,0.6790202494576879,0.5020758554514086,0.5726925089523864,0.5762402606683267,0.7935834625140867,0.5254885463750247,0.6616703741809363,0.5071532551027778,0.5559004137397385,0.5205693990173201,0.8095618272093941,0.5054627198467856
1,477,0.6861982041799296,0.5059776506120317,0.5736747461591502,0.5321622557858149,0.8314594817554062,0.529835426614193,0.6590526024291884,0.5070283685112981,0.5588130097818459,0.5200377109019253,0.8057644719749518,0.5050090950415741
1,478,0.6901066568906691,0.5058900704383099,0.5781368252423851,0.5300222712800328,0.8294881159621029,0.5274727568171879,0.6612773304694641,0.5064838824867014,0.5615435523332394,0.5195154093421622,0.8161645321616735,0.5055546962570325
1,479,0.6918207958489737,0.5054561375018864,0.5820512258425269,0.5279607012457926,0.827669424662106,0.5252638400152193,0.6630177624696584,0.5059717103760072,0.5704840313733985,0.5195419566031309,0.8160823949711434,0.5056850384760192
1,480,0.6931960635249421,0.5050440584900266,0.5894095093436613,0.5259827386615696,0.825997248471965,0.5232028748246508,0.6561912106432323,0.5049053009941158,0.5830008281789202,0.5408643664397443,0.7994651837333955,0.5076453830899628
1,481,0.6924116038200219,0.5046541439166214,0.5981283802347773,0.5240925936954304,0.8244641146359826,0.5212837262992921,0.6577566341039224,0.5148999024790144,0.5915757331590604,0.5187176467450064,0.820779393668639,0.505865052996699
1,482,0.6916622628259914,0.5042864878142292,0.6064168724096948,0.5222934481007805,0.8336397028591275,0.5205706777496607,0.661135954839833,0.5082991907147849,0.6023400207831101,0.5161322673098544,0.8199509990516711,0.5161271298496071
1,483,0.6928649039939697,0.5039409813522132,0.6156365900390117,0.5205874462699,0.8417213697584397,0.5200533729397468,0.6562029909697307,0.5151597122425,0.6112128474373903,0.5157882617079077,0.827670432293951,0.5159069958769096
1,484,0.692626666295176,0.5036173306796079,0.6198126888534333,0.5213566718438679,0.8488160208702328,0.5211487818301384,0.6579711085079897,0.5075698871161869,0.6243419671867615,0.5229432510523305,0.8279672925781504,0.5138867532456267
1,485,0.6914951009737302,0.5033150778080161,0.6272412463026386,0.5196751871258122,0.8553197133016982,0.52154067181298,0.6555220718986202,0.5070005079521686,0.6340719145254822,0.5220799714313287,0.8319696269665233,0.5128476950164151
1,486,0.6976945470256489,0.5031577331476855,0.6261659193598922,0.5169402392311808,0.8175222229941121,0.5615959809899237,0.6536708211551933,0.5064623400449272,0.6463020695038963,0.5212698440582862,0.8399594988051633,0.5132324382760782
1,487,0.692007898371061,0.5072344308192422,0.6368538886453021,0.5166116379665807,0.8666320361407431,0.5199660285660541,0.6516224979144345,0.506131803526567,0.6552295410985767,0.5200900060767475,0.8470146974266296,0.5129637873533774
1,488,0.6966997670610778,0.5066977810264015,0.6389143124177374,0.5152266584314019,0.871299489010556,0.5200394948574244,0.6517798779844223,0.5067941320231516,0.6636399295275491,0.5191016290823188,0.848717078625059,0.5133995135377696
1,489,0.6982738957159267,0.506189082379981,0.6347138291005198,0.515997509645269,0.8756206204097549,0.5193973025412435,0.6455535030533524,0.5046196105534273,0.6713845287331621,0.5401877123796496,0.8393517953069581,0.5137453148118789
1,490,0.6958265586385967,0.5159645353032414,0.6298423948029186,0.5063729623175269,0.8751601662408762,0.5212598103105118,0.6549027735207891,0.5095705086377854,0.6731999972372223,0.5161655328530629,0.8563997731749303,0.5125882880296982
1,491,0.7018389909330809,0.5054632025197902,0.6360012838479587,0.5327533282164773,0.8816342471338311,0.5183749427216231,0.655335730735969,0.5090728533190122,0.6783472018067384,0.5148389256664931,0.8572562468535133,0.5120637438423151
1,492,0.7001734501789617,0.5050333455085031,0.6378691372990684,0.530589676153633,0.8742057419389225,0.5178715051824423,0.6552567288477043,0.5089059525422216,0.6831901842099385,0.513602520710425,0.8584375683513568,0.5122559585064349
1,493,0.7005509130764525,0.5050571683346681,0.6363184047506163,0.5285011708675782,0.8675942570266838,0.5192414664795926,0.6535676415256853,0.5083052496555237,0.6857067241853214,0.5131726205021643,0.8592402390937858,0.5113932200289737
1,494,0.700818311451006,0.5049240112768085,0.634946602214943,0.5264940967625891,0.8615215075908154,0.5186262625400306,0.6520370758388901,0.5080099728275282,0.6880652744650991,0.5125075740267141,0.859869832126178,0.510574173540877
1,495,0.7031003541021144,0.5045332778759504,0.6427184070924609,0.524573576280427,0.8558435530676463,0.5204708463652096,0.6523266411649519,0.507448779872302,0.6882430836926796,0.5114849634403218,0.8607392884815128,0.509798411615036
1,496,0.7021414864192203,0.5041672431448989,0.6460312746404523,0.522743539793354,0.8403421654633004,0.5192673121719306,0.6467749285002043,0.5146352174191444,0.6853576006627796,0.5112300482583946,0.8605056123863178,0.5096667393721044
1,497,0.699020494664873,0.5040432298819696,0.647564347821325,0.5210067335194918,0.8264327010944205,0.51810456200426,0.6430226874152345,0.5227518699195096,0.681524472006631,0.5202368898071168,0.8618451769824457,0.5050691680665844
1,498,0.6975790454318999,0.5037197765434774,0.65029266879236,0.5231905943284858,0.8349517043113703,0.5179779561521228,0.6449780591349329,0.5168570091783172,0.6868726118805902,0.5268603924196655,0.8574638178614883,0.5177609954644713
1,499,0.6926877754732325,0.5034176799299246,0.6509864621967342,0.5214417648671494,0.8432313484980067,0.5168884337454391,0.6490534923709875,0.5066179938918477,0.6890096830940241,0.5335537211680071,0.8652916060112449,0.5168937207098377
