episode,timestep,group0_trust_in_sp0,group0_trust_in_sp1,group0_trust_in_sp2,group1_trust_in_sp0,group1_trust_in_sp1,group1_trust_in_sp2,group2_trust_in_sp0,group2_trust_in_sp1,group2_trust_in_sp2,group3_trust_in_sp0,group3_trust_in_sp1,group3_trust_in_sp2
1,0,0.5,0.5,0.5,0.5,0.5,0.5,0.5,0.5,0.5,0.5,0.5,0.5
1,1,0.5884615384615385,0.5,0.5769230769230769,0.5,0.6666666666666666,0.5,0.5675438596491227,0.5,0.5947368421052631,0.5010416666666666,0.6635416666666666,0.5010416666666666
1,2,0.6303452810084111,0.5,0.6064567321861752,0.5,0.7385373247442214,0.5071428571428571,0.6029433663734934,0.5,0.6399751035413468,0.5009698275862069,0.7400005526083115,0.5009698275862069
1,3,0.6474600475263858,0.5,0.6327637922485411,0.5,0.7818504653961049,0.5102943033977516,0.6220519456666986,0.5008771929824561,0.6666031407125516,0.5019424673784104,0.7841256680990767,0.5009008007117438
1,4,0.6726141127497084,0.5,0.6371942278379693,0.5,0.7527691613952214,0.5479414199428834,0.6392249485949,0.5008166969147005,0.6819909581362813,0.5018046113897979,0.8126520241559047,0.500834783803591
1,5,0.6761944219503954,0.49615384615384617,0.6454167997951358,0.5,0.7927585803312663,0.5089813319214814,0.6478232783424086,0.5007585690204157,0.6946404951762681,0.5027143933224638,0.831644865548212,0.5028552592773867
1,6,0.6818441421973512,0.4964190981432361,0.6479355535072144,0.5,0.7949221047846916,0.5083595637554262,0.6540549359923116,0.5009615710495086,0.7032947408880381,0.5025169404279336,0.8377503661744166,0.5036936508772161
1,7,0.6869529871021738,0.505697868449605,0.6484723728477013,0.5,0.7867275150280842,0.5090572992705541,0.6594972555631351,0.5011717830662105,0.7096490042494599,0.5023287771523325,0.8503660276258881,0.5045638671582084
1,8,0.6977527817489172,0.4969177213405869,0.6531314797415951,0.5238095238095238,0.795078383655094,0.5095751556731761,0.6553647164201496,0.5106738020175629,0.7093468685793362,0.5030669402185737,0.8503425776043115,0.5053397906849904
1,9,0.7024814391314006,0.4971498118988801,0.6568818364415379,0.5245484400656814,0.7960493422540837,0.5133880635216326,0.6564176183836044,0.5016870020594402,0.7253046707424031,0.5333076526206033,0.829782944468017,0.5044245622523532
1,10,0.7058685253904385,0.497797212440388,0.6598234972124113,0.5251874317035686,0.8132161866004213,0.512556582316831,0.6673412261417099,0.5054926530873782,0.7223819737067505,0.5122558501421705,0.8456291017643034,0.504403482461962
1,11,0.7085307362004949,0.497975537689185,0.6586405679529712,0.5233564944773972,0.8268346645243072,0.5135142727445479,0.6688351841899418,0.5057070151023012,0.7225775082499424,0.5113808109829537,0.8420408290106824,0.5061074540704122
1,12,0.7105034398842033,0.498142703240908,0.6715519580316536,0.5216110718991268,0.8384486967005789,0.5136847912886718,0.6706607879213032,0.5053229900622086,0.7232175826575298,0.5105446331006098,0.8459336072173663,0.5057422947313693
1,13,0.710256400430599,0.49829886448039035,0.6746759641959912,0.5199542860091447,0.8484712783238877,0.5140453912396628,0.6691554013950641,0.5053922238332453,0.7179974625029714,0.5112933127897789,0.8484960628333938,0.506427558027868
1,14,0.7100800814440351,0.49844427488032256,0.6752826400342115,0.5183880227372405,0.8568378740831897,0.5131923879256833,0.6677903382884147,0.5057054309884143,0.7162322689609257,0.5125516424747555,0.8503365649198338,0.5060093977861337
1,15,0.7075998972031672,0.4985792688046628,0.6739668890321984,0.516913023855834,0.85024426254437,0.5132251360210814,0.6669054249762151,0.5053008937778767,0.7126528784513286,0.5116229247483162,0.8582334535472714,0.5060312314230735
1,16,0.7020895287944617,0.5042593249126746,0.6680767913355721,0.5048336941225152,0.8657872574093243,0.5144855654555932,0.6603058294760435,0.5152626359625119,0.699070102273926,0.5104960226128349,0.8622671911358262,0.5067315928808588
1,17,0.7030403849751854,0.4988196505939256,0.6710806728335772,0.5301328931505231,0.8497083872642156,0.5116298290335654,0.6624072253462266,0.5047983270808328,0.7008901951747604,0.5208908971606953,0.8532914342005536,0.5059081963816292
1,18,0.7036685291153864,0.498925967904341,0.668199657049279,0.5281937958881863,0.85745343784438,0.511618798648909,0.6595127838489564,0.5075016137781941,0.6916000877324437,0.5196244439975415,0.8714889811227093,0.5058897462421917
1,19,0.7060130240887729,0.4990237009657511,0.6709243000752982,0.5263154637746688,0.8643034508337389,0.510888888956257,0.6605808817080433,0.5044831142398536,0.6950772694210676,0.5272934961766453,0.8589292238713561,0.5065055517602562
1,20,0.7081002267566048,0.49911336514859383,0.6716270551284815,0.5245042526254651,0.8704513499461004,0.5101839698892722,0.6477826850695744,0.513513574202895,0.6888071567171954,0.5498433623424068,0.8391485684935147,0.5072808816701911
1,21,0.7077246395344184,0.4991954778932877,0.6727554363556904,0.5227654989792859,0.8755713244389665,0.5101861798055228,0.655953037197718,0.5080853968442501,0.6885126733132594,0.5233549327588358,0.8603059760877063,0.5157670253004536
1,22,0.7075526986246299,0.49969790157425364,0.6749316139187721,0.5230886613498736,0.879857928620446,0.5100558763362141,0.6520107377168656,0.5080180887243367,0.6834393217754103,0.522072757026974,0.8613372503428113,0.5147626758994264
1,23,0.7053594571994817,0.49973696327624695,0.6738392781745776,0.5213980139054958,0.8724413103367924,0.509448475274116,0.6485695198188438,0.507822044578151,0.6811845741767468,0.5210657781212376,0.8568830389821274,0.5145938128995107
1,24,0.6955019161499286,0.5166560424896048,0.6695919537562939,0.5234486904362203,0.8941767910188798,0.5121163412843998,0.6456453902479146,0.5074938307317653,0.681738075071822,0.5194164256887553,0.8527265721465579,0.5139083951325283
1,25,0.7027659114796441,0.500724477587584,0.678481991181518,0.5182645217269934,0.8768710251426819,0.5112054676747751,0.6426494860499561,0.5071416962964984,0.681789739315304,0.5178658341850243,0.849399290752714,0.5143688388779131
1,26,0.698781881833536,0.5011474038416495,0.6805756405365857,0.5168249989282371,0.8811106437912148,0.5105735027519912,0.6422919328968945,0.5066583991628599,0.6817426598642302,0.5164125573567799,0.8463039748878456,0.5134012884667452
1,27,0.6951441049758831,0.5011076588750755,0.6833037909481147,0.5154708550929428,0.8734086228619021,0.5099614243305156,0.6449985115864535,0.5064774679421125,0.6839585380730216,0.515580383035714,0.8433449880655303,0.5124740224022446
1,28,0.6957958466090509,0.5013035424922371,0.6862876950746435,0.5142014098424762,0.8670223512570185,0.5093697766639645,0.6523420754230549,0.5060237094694741,0.6851047086397041,0.5143039056375247,0.845970888694305,0.511588450642606
1,29,0.6925574995418348,0.5012504487867612,0.6879826170029374,0.5130152252463761,0.8722403525595325,0.5087989993337978,0.6473852935560945,0.5094879086530727,0.6803148945505767,0.5136183233994924,0.8615484809361588,0.5105888813875443
1,30,0.6818535626817356,0.5020489397610272,0.6903946549820302,0.5119102165285161,0.8768868193367607,0.5100805930331226,0.6525047492860746,0.5054775845021438,0.6863527339860835,0.5128602116462097,0.8429403928936176,0.5205931935456025
1,31,0.6783212682827818,0.502358903438342,0.691621745254538,0.5108837632396368,0.8808212022740507,0.5094633614749212,0.6491473075883056,0.5054065896675414,0.6858620981372267,0.5117886518603247,0.8404501327172212,0.5191373396717628
1,32,0.6809721611224747,0.50221294070807,0.6922839192974458,0.5099328171369343,0.8846290399529547,0.5088657467676367,0.6460912652716779,0.505005938711864,0.6897277566924632,0.510792884192679,0.8387604640068604,0.5177484654686698
1,33,0.6836623942600119,0.5023219050977713,0.6931284686070026,0.511284336330797,0.8875983729748761,0.5090001449125408,0.646894316899344,0.5046260684856175,0.6907911666991251,0.5110351032571238,0.8319117904135508,0.5164282828507425
1,34,0.6880266511928628,0.5021751002381949,0.6915644834034284,0.5103319575159057,0.879324031160726,0.510831857903553,0.6465689220286506,0.5045392587205281,0.6942541661451656,0.5105542771949081,0.8356344104114385,0.5151777740064348
1,35,0.6899015852441034,0.5022830946813054,0.6904712450195246,0.5094479064103102,0.8719373610336411,0.5101372358235782,0.6455904095957054,0.5044545291127817,0.6949001189898343,0.5106965969153078,0.843765020324085,0.5139972376201527
1,36,0.6894133602381027,0.5021368273734997,0.6896277458459152,0.5086290993770883,0.8545654826511198,0.5094685263707764,0.6409004981785388,0.5122582219841253,0.6929332874277586,0.5103631609313355,0.8539496661972766,0.5136041639097404
1,37,0.6893240753651573,0.501994700716582,0.6887120692376808,0.5078723118793432,0.849604443433905,0.512509036664877,0.6480966500193542,0.5044110736150859,0.7029638040230357,0.5090818049373863,0.8563544538618968,0.5238188109957433
1,38,0.691490268629145,0.5018573554245249,0.6853090109450205,0.5071742326193385,0.8340936257603166,0.5143785911427835,0.6512599974060633,0.5040839392264145,0.7070854233627453,0.5083532230765909,0.857481556448759,0.5238029637958272
1,39,0.6853237773237658,0.5074923729718943,0.6780492478888254,0.5028241377181811,0.851367102997596,0.5157620101374162,0.6544811762034545,0.5039475330644697,0.709289416159539,0.5076739616068022,0.8489123295906723,0.5220236325837306
1,40,0.6909627234177959,0.5020628618445752,0.6801162343317407,0.529328658943305,0.8362574856258814,0.5133051998793624,0.6608274116451989,0.5036543949674221,0.7082539870812448,0.507567868673559,0.8506650928273233,0.5203382147659347
1,41,0.6901441102253421,0.5023547278961153,0.6796693226156604,0.5273755219466219,0.8447512261267961,0.5124936967704806,0.6625405952105016,0.5036266454539918,0.7081382859059703,0.5080110335894787,0.847104292607938,0.5193815288675357
1,42,0.6916817808016414,0.5026218760056484,0.6799735410732686,0.5254907839067844,0.8520933990510164,0.5122544732601825,0.6623236880360103,0.5037976304191298,0.7084072069246903,0.5073806916175335,0.8490765199371844,0.518600121317566
1,43,0.6930039091749044,0.5024384877547248,0.6797092348551845,0.523680459640123,0.8586093902886688,0.5119378221929833,0.6620608997069425,0.5035145807757088,0.7077604085000694,0.5067911741191681,0.8508533302070403,0.5187408556357243
1,44,0.6941045911771013,0.5022629205822419,0.6798461549801037,0.5219493832340276,0.8644804565559586,0.5112270584945927,0.6636385891051093,0.5035174232045397,0.7033315932833005,0.5072587041800567,0.8526635477126463,0.5172857311508303
1,45,0.6948094972890033,0.5020955404899476,0.6813941174204163,0.5218371124528498,0.8696406082536567,0.5105410954614852,0.6639083335570806,0.5035659697123418,0.7027073922337557,0.5066773916156995,0.8543152936068094,0.5164088849098643
1,46,0.695177973941301,0.501936601768428,0.6811121752323429,0.5224164386012258,0.874062242577336,0.5114478131209365,0.6634062308449452,0.5036996409397465,0.702521221391936,0.5061341191723167,0.8605579814235532,0.5151178912354293
1,47,0.6950597577487592,0.5027243999983758,0.6811806858453479,0.5207427033306687,0.8782776886663667,0.5107544170258513,0.6629016362742473,0.5034480801607639,0.7041771349599777,0.5056274435986504,0.8610959591653857,0.5150071363978739
1,48,0.6965665285184072,0.5028095000713341,0.6814284078925749,0.519155595468799,0.8821329473283354,0.5100832210651927,0.6580640006780223,0.5034349512494205,0.7082804831641828,0.5058410094520734,0.8615353889404441,0.5142837029632299
1,49,0.6938787695784515,0.5026203842736033,0.6809476293162469,0.5176562873682968,0.8854004341518114,0.509324480446129,0.6563724332161632,0.5032013512472824,0.709525772201858,0.505377225064755,0.8619915826835859,0.5131887394399928
1,50,0.6888862445199562,0.5111144509480374,0.6759918264484319,0.5066731997666537,0.8820763665196699,0.5123625427935218,0.6586139352940975,0.5033774508124841,0.7127527694285266,0.505815517084825,0.862288506728706,0.512161664418799
1,51,0.6915290064606848,0.5022650312684326,0.6784229578861027,0.5312243953901513,0.8580698890158719,0.5099987736647967,0.6535632718677382,0.5031139004575064,0.7214104133912311,0.529460967375377,0.8421465548199096,0.5105815663475822
1,52,0.6932513185595248,0.502532543550921,0.6764264399346402,0.5292053232377688,0.8529739109390382,0.5100006018698943,0.6623041826000868,0.5069276615767686,0.7162147383298191,0.5049379639769014,0.8680214602032432,0.5103013747761563
1,53,0.6907297832997606,0.5025126251906388,0.6766148482411413,0.5296093456842403,0.8594006669244811,0.509441935091857,0.6574522141143068,0.5137319575003902,0.7149996124963428,0.5042891636023135,0.8683685981580959,0.5095875342302851
1,54,0.6899640307290356,0.5023528838512841,0.6773693012037396,0.5275629155424818,0.8651532397286295,0.5088967803796536,0.6596137749053032,0.5064396868030975,0.7165822243919964,0.5057047671840991,0.8624777690995599,0.5187087971547362
1,55,0.6876624558341119,0.5021990429641816,0.6756032807376774,0.5255985242809593,0.8701340934405272,0.5083662601308583,0.6614274263228871,0.5061648787236712,0.7129317368744057,0.505282914847893,0.8678029303450303,0.5173217503487377
1,56,0.6857466803174234,0.502051301467459,0.6737664293715773,0.5237212459063139,0.8745633912838359,0.5104817397936126,0.65232216391776,0.5032662542883383,0.7180268525446856,0.5287937480353346,0.8569146501463615,0.5159410088877302
1,57,0.6885652184969314,0.5019098241175449,0.6683216933381573,0.5219348593246219,0.8679989414338525,0.5098821587216477,0.6621405989829541,0.5082894075711647,0.7090608122565044,0.5045083589134578,0.8716106926656562,0.517191220843194
1,58,0.6884431422198855,0.5017747388330919,0.6629234285808657,0.5202418875725837,0.8728019086795742,0.5092966823341932,0.659755421478029,0.508148353097877,0.7068850203330865,0.5053211284435839,0.8758453887842103,0.5158965080503903
1,59,0.6887251702828938,0.5019308497013532,0.6600351446272165,0.5186436674349159,0.8770708640243213,0.5093318136737366,0.6577886915083396,0.5085383314348783,0.7043967467930955,0.5049557956347294,0.8748177134026756,0.5146721990583177
1,60,0.6885782764522854,0.5017978081696136,0.6577351129868633,0.5171404431829517,0.8808800664345947,0.5092570046134367,0.6505063795685385,0.5182804439739487,0.699399016638753,0.5039626359170418,0.8671391402982404,0.5135672745000147
1,61,0.6860695356930494,0.5020674438264499,0.6618514629608752,0.5157314778460137,0.8839807441297965,0.5086692867913115,0.6528028420805958,0.5080110698497688,0.7021994417959343,0.5135587775210585,0.8590933371525658,0.5131079401941898
1,62,0.686249236412336,0.5019211220743544,0.6578424020857973,0.5144151755680266,0.8870504731335503,0.5082368588564422,0.6536313457524665,0.5075023451034731,0.7044242155533565,0.5126121238022955,0.8550969426595848,0.5126385692499538
1,63,0.6824971202409547,0.5017814163023249,0.6580072110826037,0.5131892091121629,0.8899801291728936,0.507812955093976,0.6550733259573296,0.5071178935318117,0.7101632444438352,0.5117057661704302,0.8562079528701678,0.5116482904315027
1,64,0.6763045680214994,0.5120119864219339,0.6523467559543579,0.503058771709881,0.8915930097594611,0.5086310685136298,0.6574322220690045,0.5068896384509195,0.7094947017263887,0.5108414887606798,0.8573830987882952,0.5114582248081352
1,65,0.6815875982950557,0.5116937338179389,0.6507060919804208,0.5027811031804295,0.8939882788583348,0.5108733842551624,0.6595491173212299,0.506681632014589,0.7113456592962774,0.5100205613150123,0.8441731851668848,0.5109960368095776
1,66,0.6836540143281667,0.5020314953678645,0.6596017026887029,0.5356809941762991,0.8946710234576385,0.5087658460548811,0.6601036204963845,0.5063158691927224,0.7105282891950936,0.5092437509190418,0.8417880349540237,0.5101465695738098
1,67,0.6821469691184995,0.5018841646663524,0.6648324426627594,0.5337885242188836,0.8969918955853403,0.5082284235926408,0.661988531100682,0.5058947070491866,0.7136133493938926,0.5085113469687581,0.8350038354276788,0.5101700098126132
1,68,0.6826668697156304,0.501918393352407,0.6684168509441669,0.5340951732373128,0.8986552825538192,0.5095299813876575,0.6675975438655221,0.5055633668386231,0.7139130940030833,0.5078231968290478,0.8381025169510112,0.5103643671123288
1,69,0.6856292396719917,0.502111838766082,0.6718320079663906,0.5321135630405615,0.9002100031267647,0.5089409531020098,0.6685373100503641,0.5055504084464773,0.7148153212893059,0.5078081797974224,0.8456994961627194,0.5100658225108204
1,70,0.6881426078695396,0.5024546844650407,0.6394612956206119,0.5301695302672895,0.9014189522535201,0.5102835733575676,0.6693769833809725,0.5051761573578191,0.6742771042846701,0.5071864254823418,0.8526178612788543,0.5093027805332389
1,71,0.6881514699010843,0.5023027793842576,0.6104052169688611,0.5282714170152802,0.9030374234692292,0.5097140754378117,0.6679443566563247,0.504819543920668,0.6333398350287013,0.5066041338224447,0.8590072606051139,0.5085846771686197
1,72,0.6879510267675731,0.5021555476393023,0.5842799300410594,0.5264268827050584,0.9043000807964169,0.5091552594034492,0.6667701293028977,0.5044806067062672,0.6001898770001095,0.5060602339947418,0.8641358928203728,0.5091507423829885
1,73,0.6879427533438558,0.5020133454504885,0.5779585743815302,0.5246427612724303,0.894680151111216,0.509310441543252,0.6638840777186901,0.5045245380181559,0.5829763248516423,0.5064773286052172,0.864192123894521,0.5093632571387172
1,74,0.6877391625040876,0.5018764882487095,0.5751114921975883,0.5229249521991239,0.8858046903243455,0.5110415993734582,0.65878236724474,0.5133821496042734,0.5725602110222079,0.5063451529852364,0.870301616441339,0.5083514857571745
1,75,0.6897443641772169,0.5017452448458527,0.5699220554476411,0.5212783478895042,0.8780399998074413,0.5114823586300163,0.6602676541753344,0.5151067818831936,0.5714604158082033,0.5058100357807855,0.8706177278565719,0.5194062981440257
1,76,0.691838834833571,0.5016198329934753,0.5706622197028931,0.5197067975825761,0.871121957763265,0.5120159961940642,0.6662619472601642,0.5046653243560919,0.5758819939993867,0.5143712384319401,0.8761354180388936,0.5178266586954874
1,77,0.6914713031586067,0.5015004164940414,0.5774349063408803,0.5182131059044199,0.8647984159843282,0.5114187154652742,0.6675910676361584,0.5043387100986989,0.5866883929721961,0.5133006588276224,0.8754058327382639,0.5165634391531435
1,78,0.6930871474392843,0.5013871039332906,0.5853652849391686,0.5167990624692212,0.8590574373034408,0.5131848205858739,0.6685374200313613,0.5040285349867772,0.6018402015899657,0.5122861819321468,0.8745422030997292,0.5157933826681133
1,79,0.6938856723014497,0.511495791266014,0.5907261731825438,0.501780646545221,0.844598170606175,0.5155666629177545,0.669253679015869,0.5046351324834599,0.6159736122459446,0.5113281246324693,0.8738422500400934,0.5146458842656818
1,80,0.695449953890584,0.5011789523233467,0.6014590333978226,0.53125989038382,0.8481824543142599,0.5125991617377659,0.6700027188607165,0.5047514123690134,0.6285912527306559,0.5104263219987918,0.8735615649677134,0.5135571326807012
1,81,0.6978831236497716,0.5014177979512988,0.6093586072206291,0.5272550320969611,0.7906663521365421,0.5336556889776941,0.6691165024937707,0.5044172708000411,0.6395351850301182,0.5095801605298984,0.8727541444794826,0.5143255634395424
1,82,0.6873834421038284,0.5228732914899015,0.6138955161132128,0.5033194446958051,0.8293532246413691,0.514116866076557,0.6633399784451104,0.5038474748321757,0.6514206200424277,0.532503645387989,0.846542939797787,0.513321227262915
1,83,0.6963210560291981,0.5047673656175721,0.6275932609726127,0.5357904768675911,0.8449310023839723,0.5326269736987126,0.6635637534914185,0.5081394717631498,0.6633923076705546,0.5316197958382173,0.8412864944734365,0.5133184552429207
1,84,0.6992127059024698,0.5044214382665917,0.6323505137574454,0.5338612675336468,0.8308565159408648,0.5304691538063162,0.670204802131777,0.5118850163765293,0.6676764715723897,0.5083246865659703,0.8622941992417446,0.5145618474735854
1,85,0.7018392858878563,0.5040918631871183,0.634736438278887,0.5319526781343795,0.807358866040882,0.5283868380054748,0.6740586628820436,0.5110534597168555,0.6768867754813406,0.5076274895409456,0.8629649646410846,0.5140324658945403
1,86,0.7068279063356859,0.5037791284712939,0.6400411436625036,0.5300735417093404,0.7968509021076929,0.5272299071523161,0.6686837815999466,0.5106875524122189,0.6818060988708036,0.5080132119325753,0.8632498257033753,0.5134239075885862
1,87,0.7085144464716452,0.5037276833797725,0.641814220897608,0.5305584515299588,0.7978891382877326,0.5253160809954749,0.6661616815846011,0.510449844304699,0.6839197549042599,0.5073409475653258,0.8633843594679267,0.5124717861603015
1,88,0.7032907868253003,0.5119851604620569,0.6444423665307826,0.5318717229591522,0.7904406881175506,0.5247393266679204,0.6631870495161415,0.5098248605739236,0.6842735248045141,0.5067161053507947,0.8639062311574008,0.5115672256093254
1,89,0.7097541309633433,0.5031732503528391,0.6524143690166179,0.5267137244279388,0.8081645787063219,0.5451096119445512,0.6625207828713432,0.5094521376965052,0.686230482267503,0.506748387784426,0.8642044493807607,0.5107100849917355
1,90,0.712336510891926,0.5029202199016594,0.655753437124448,0.5248856556995912,0.8192845583347924,0.5419564342262218,0.6609055288098424,0.5191182702137326,0.6836568922688143,0.5035251583593545,0.8614477295732682,0.5111775782108516
1,91,0.7118396819471866,0.5030444982294064,0.6533244816524347,0.5231285907694783,0.817855407536543,0.5389437577168932,0.6632028028280789,0.5186932833045196,0.6897068117246338,0.5152882519756609,0.8560544281754426,0.5090365479365367
1,92,0.7060883127002063,0.5104108849041195,0.6476701656982595,0.525021815462508,0.818048504470433,0.5420430310862759,0.6689939587677798,0.5076844807263734,0.6991187257205389,0.513381784203623,0.8601776195420522,0.5184434203430109
1,93,0.716873253430184,0.5029413205462081,0.6494334278230905,0.5198453174542221,0.813307115344468,0.5592750618544076,0.6701250997456799,0.5075500459698157,0.7036581264848214,0.5124645635759908,0.8608168337721778,0.5176543244441976
1,94,0.7153024599497187,0.512418920600637,0.6448849949019897,0.502842888550331,0.8126020446975252,0.5662410824728481,0.6670960372772242,0.5069936229862106,0.7076984152796497,0.5115840813892684,0.8611847315915269,0.5170928464019825
1,95,0.7169001828747243,0.5024903181516458,0.649364324090372,0.5307077368263587,0.831497351276677,0.553619286868674,0.6644464822319947,0.5068828891552932,0.7050007725847741,0.5112876159231825,0.8617943590310227,0.5158305697727265
1,96,0.7158514604194243,0.5022860907406236,0.6526285814743827,0.5288532794075191,0.8279276047696563,0.5503191886282394,0.6636799045417706,0.5063618100998798,0.7048843006255467,0.5110260243182132,0.8620493580662763,0.5150590410921241
1,97,0.7150836337530302,0.5020955423557282,0.657598838130441,0.5293230658204426,0.8248172954675643,0.546515972799649,0.662886879374751,0.5058713602416952,0.7049501978019742,0.5102379880146786,0.8623257196319362,0.5147575161302034
1,98,0.7121440210965206,0.5019182116251402,0.6599370927269416,0.5274135689622074,0.8234721116243338,0.5443696136942753,0.6585224368419713,0.5054107956368095,0.704674717970305,0.5094873897612362,0.8625585245511862,0.5136428613470811
1,99,0.7093453154412577,0.5017535843611706,0.6656006245855615,0.5255658359201758,0.8222822820726226,0.5418443480791345,0.6458536128171362,0.5043889435312803,0.7090264235226253,0.5322026429781603,0.8397752735150783,0.5140899315989261
1,100,0.7070168532578711,0.5016011049887488,0.6672024450908948,0.523786147854312,0.8097701101134795,0.5406004575013241,0.6472873586999792,0.5085692710392014,0.7075692636290661,0.5101286302224539,0.8544971841285195,0.5127792790814714
1,101,0.7035382333758654,0.5018863362029556,0.6709813314081191,0.5220797154282233,0.7985705403313358,0.5383581445693417,0.640222706273959,0.5084025974727823,0.7072755820101231,0.509357740141841,0.8419036687116968,0.5117998679699827
1,102,0.698147970198219,0.5017270820912311,0.6721355072723639,0.5204506454231727,0.7888928849501822,0.5354871672762905,0.6330868798739966,0.5126512556084644,0.7022396256805499,0.5082439681788063,0.8491880877293159,0.5097127555717534
1,103,0.6928897852955952,0.5019069592100251,0.6724933939256967,0.518901942623219,0.7797781944210282,0.5341082497504748,0.6329848408010207,0.5156137321047666,0.7014427776386919,0.504107839965538,0.8360061990319506,0.5218761083341289
1,104,0.6926314206085394,0.5017542209041025,0.671040980654011,0.5174355433467484,0.7823379242069839,0.5325033657449503,0.6275081000391886,0.5152394052244729,0.703010128857335,0.5038002181936587,0.8390267040595116,0.520301073382856
1,105,0.6873572013930019,0.5101714090298411,0.6646649949678809,0.5171890193915144,0.7749876060161963,0.5320510735624788,0.6282587172331424,0.5065264767947836,0.7006239040881481,0.5073708712028705,0.8450726590830344,0.531359366238679
1,106,0.6913657698393815,0.501478360848959,0.6669760092252914,0.5147524411226129,0.7962729487225129,0.5484087355133319,0.6274515872592229,0.5062396303466379,0.6972988149596319,0.5067849899641621,0.8462891008301576,0.529284412592476
1,107,0.6954265823559209,0.501354478481106,0.6678408093386344,0.5135349106732624,0.8086040116616754,0.5450653327484117,0.6264644922896547,0.5057707053359903,0.6965764687573711,0.5062362754975168,0.8478985047667695,0.528071031289396
1,108,0.6964528406860088,0.5016051465634817,0.6649001259456992,0.5123982313936302,0.8089270839027983,0.5418776655275234,0.6300416725200503,0.5053276658556307,0.6929815800948882,0.5064202527283916,0.8501984727560906,0.5261217338197727
1,109,0.6968682805416666,0.5014777873165301,0.6586349791609524,0.5113402364271213,0.7982880618843151,0.538846765123501,0.6313989905978886,0.5050741243334,0.6902231208037826,0.50591553431901,0.8518336595895006,0.5248084284436251
1,110,0.6946934095069505,0.5027638609780166,0.6563140038278235,0.5120846308484335,0.8169094672411333,0.5366476660889241,0.6321374854242691,0.5046815922560871,0.6871027237235907,0.5054425837025698,0.8583906415002228,0.5230189758963796
1,111,0.7061145255370287,0.5017950026491226,0.6565319275212241,0.533104099166264,0.7754017400265483,0.5341430723143408,0.6386433325325855,0.5046422334258672,0.6868255720624034,0.5054865121554751,0.8638166076240411,0.5220602520497953
1,112,0.7060044951376881,0.5018030728135487,0.6624319158289212,0.5318541686238211,0.7684959641671684,0.5315719810879995,0.6390742841597297,0.5142332483306461,0.6838832345842419,0.5057515722593522,0.8565431956266576,0.5226593518267088
1,113,0.7060016710799606,0.5016824077394946,0.6624295032152792,0.5294974376711362,0.7513109759851628,0.5291484599662977,0.6542466142219034,0.5041343762495838,0.6894498826567796,0.5126539794394346,0.8193534893373229,0.5414515868846599
1,114,0.7018203565036137,0.5053322454466983,0.6585209588910306,0.5117729337649034,0.7498771240835956,0.5270623570753106,0.6530699007028072,0.5077538033421679,0.6922432390387376,0.5111200012686323,0.8522448401737952,0.5188181384860663
1,115,0.701990874968395,0.5014581850187406,0.66227153427765,0.5383935369031411,0.7175195836580099,0.5269214721051704,0.6461893049091203,0.5127585468035927,0.690952976035006,0.5123918710523168,0.8649971974365538,0.5191029698096638
1,116,0.7025819838341952,0.5017806203962308,0.6593842019465119,0.5359640502975924,0.7057256231021155,0.5262126405166192,0.6461443303016084,0.5122176827503634,0.6918627207153758,0.5114725844460764,0.8651322496201517,0.5176209684711311
1,117,0.703268569278944,0.5016530436755713,0.6571367905470756,0.5336133667678452,0.7164831942862193,0.5254357685975991,0.6454621722682505,0.5115992615984278,0.6989400425509068,0.5115051278240671,0.8650859968421537,0.5177770589956041
1,118,0.7058839880723577,0.5015319441541002,0.6558660236241944,0.5313471361949103,0.7258989529653977,0.5244512756533782,0.6431865076323271,0.5108032274890073,0.7015809744223889,0.5116726819130107,0.8652578582037271,0.5172573217289291
1,119,0.7089747687998087,0.501417290774658,0.6539601008934677,0.5291703191227942,0.7237290618580046,0.5239438810518522,0.6409059288792529,0.5102510699442814,0.7037075660575374,0.5113110198566225,0.8603927386542392,0.5159462345639619
1,120,0.7033920177596975,0.5112970662270129,0.6444538930979636,0.5275499918111887,0.7043730017786983,0.5258732052881805,0.6387773444989594,0.5095204834728588,0.7057873348419758,0.510454044345531,0.8563155005446029,0.5147125345659854
1,121,0.704535136175297,0.5110353671301631,0.6437523219424482,0.5256178816478928,0.725458157170021,0.5264427951131795,0.638907617872669,0.5088247118867001,0.709367131384948,0.5096455740173068,0.84312802039034,0.5141805597981831
1,122,0.7017123196132797,0.5011112601847569,0.6466204915590007,0.5524539063105096,0.7650548958601796,0.5210607674587956,0.64107780007822,0.508164275694676,0.7100978505589076,0.5088850503848945,0.8361528983948068,0.5130761298017841
1,123,0.6923873909673733,0.5012480616694341,0.6513103035191216,0.5507554103319298,0.7802860085396642,0.5195414647152014,0.6414713354426308,0.5075394054337741,0.7112342465831297,0.509213281503356,0.8345961535118608,0.5120406344178807
1,124,0.6881670158036146,0.50115883039312,0.6522530045139739,0.5475828337672224,0.794107877003549,0.5181051558881259,0.6412492637916841,0.5069500515388863,0.7099847306192623,0.5084739708686058,0.8286275216704049,0.512074640752109
1,125,0.6902663803555072,0.5015016643555188,0.6513496069849035,0.5445020503177807,0.8065089717360173,0.5167496692311567,0.637572180580955,0.5160070867562018,0.7070944597895059,0.5078060257715832,0.8192430325784736,0.5088154232928034
1,126,0.6898981385830787,0.5018196253770585,0.6608503238996796,0.5415234537726094,0.8174802770612427,0.5163293342239602,0.6425722887555162,0.5058763943889294,0.7144117332833452,0.5162798453245652,0.8174828382899284,0.5115498776093137
1,127,0.6917120157819115,0.5016864656367483,0.662674493243814,0.539804213417655,0.8270072888080678,0.515127728180959,0.6427396712101768,0.505390758484016,0.7151206787561989,0.5161049198587102,0.8130174815048626,0.5106483751741708
1,128,0.6934614551997722,0.5015601100502964,0.6646088279810479,0.5370347884671026,0.8359014575714581,0.5139955543177469,0.6388023937022435,0.5155753287301719,0.7102366197770411,0.5165927369809863,0.7971543075342843,0.510173999940958
1,129,0.69478137788089,0.501440586168457,0.668247248194347,0.5343842653351927,0.8440683705078355,0.512930533567102,0.6457425128692124,0.5049140392949735,0.7161011810850152,0.5237517775084284,0.8053387579143766,0.5096256033577756
1,130,0.6946870528669735,0.5013278734905143,0.67113167740575,0.5318573759348436,0.851213209785196,0.5127458128567738,0.6442731758432219,0.5045157357521509,0.7181932277811431,0.5219911160659663,0.8019753299932603,0.5088687096136544
1,131,0.6958297917396835,0.5012219050048309,0.6715162119213887,0.5294573981267598,0.8564077784920548,0.5133094795352916,0.6431776493964073,0.5049662697821016,0.71515126165543,0.5220953730048796,0.8038026621722051,0.5086713634242432
1,132,0.6949464142757396,0.5011225699730344,0.6666979718581584,0.5271862121700147,0.8623021890097504,0.5123765354707435,0.6443848936483562,0.5048015556758351,0.7120280785338492,0.5204142090915678,0.8104372265899644,0.5079995422690264
1,133,0.6940464045379979,0.501029717731669,0.6599340665805897,0.5250443843963483,0.8674581379220605,0.5122133708767015,0.6441603560294964,0.5051891403281994,0.7113160493142755,0.5188253145162881,0.8159763453758954,0.5081201291647202
1,134,0.6932463858507515,0.501217724662574,0.6546687262423463,0.524231192631067,0.8723121929266657,0.5113821436374344,0.6433371158884382,0.5055705239989664,0.7125158087923072,0.5180934800455255,0.816266827521995,0.5074982955743577
1,135,0.6928307005341734,0.5011273534124042,0.6509864939418208,0.5223205384642473,0.8766438153744998,0.5124266884505031,0.6339219065523629,0.5041781833579679,0.7151821664134463,0.5373932103316102,0.8051688095804043,0.5082346372032621
1,136,0.6954439080230522,0.5012233735037527,0.6531402888766323,0.5205288053271105,0.880569065317532,0.5135345955382115,0.6400081363528212,0.5082585127708757,0.7099922357167525,0.5153035005948978,0.8258579601702816,0.5077936039768531
1,137,0.6967049504766253,0.5015491099275621,0.6578339702778192,0.5188530756031767,0.883869750453485,0.5133606814290149,0.6402602102409201,0.5077118979057328,0.7076373408869671,0.5140402847902319,0.8299752196592514,0.5072069562379579
1,138,0.7019474068184223,0.5016641013763097,0.6609835442885397,0.5172898228607183,0.8872048722384289,0.512499728989459,0.6358054026463731,0.5071860417718416,0.7055456893442686,0.5128621194698773,0.8381944652852816,0.5066547427903823
1,139,0.7022998569050717,0.5015589653815163,0.6649712823806186,0.5158350245748408,0.8901932312701736,0.5116726863263564,0.6304208538933108,0.5066819878513348,0.7015566301410339,0.5124809896969555,0.8362185817229079,0.5067383513015954
1,140,0.7012844487495987,0.5014575382487866,0.6680761390154005,0.5144842681593195,0.8927112213070266,0.5123766705920698,0.6202202664807567,0.5033992523352011,0.7030995650770855,0.5331984979756621,0.822411142960253,0.5063661632484906
1,141,0.7022521328230671,0.5017873132906671,0.6691069784221363,0.5132328488790253,0.8951396024795886,0.5115677116388467,0.6259064031598495,0.5085510046627717,0.694531102619473,0.5104637505011298,0.833204127926909,0.5057597213703893
1,142,0.7020463894446505,0.5016642466539377,0.6723997569214328,0.5120758587777058,0.8971455414429863,0.5107897043661757,0.6271494596460782,0.5080293436084831,0.6914695380524106,0.5095630036395109,0.8413980910195247,0.5060358069234596
1,143,0.7073952139992251,0.5017485254137478,0.6742480165518249,0.5110082662109193,0.898848664920445,0.5100437781300611,0.6210389593554403,0.5070243912608894,0.6975810808017032,0.5316871436556816,0.8253631227603293,0.5065047961386605
1,144,0.7092152588485054,0.501632760073249,0.6776339087337694,0.5100249859237368,0.9004760799601608,0.5102792118669017,0.6264456509837998,0.518588383849962,0.6908564912600612,0.5082335456102268,0.8494542333988307,0.5065015412804668
1,145,0.7106021415513877,0.5017438505161201,0.6818537384561114,0.5091209398702903,0.9017903634187343,0.509593566934807,0.6326064284778432,0.5105714615493401,0.7009794180889342,0.4978763298250717,0.842877345809914,0.5069845603847162
1,146,0.7177911431121721,0.5016324197043296,0.6813421390984568,0.5082911091543618,0.8818971958161634,0.5089371225709918,0.6347248005452601,0.510167266338358,0.7029752669078021,0.497870688749696,0.8354545836629026,0.507915634010013
1,147,0.7169113631963927,0.5016823867286663,0.6809644110977319,0.5075305775942558,0.8746954881148467,0.5083103410612991,0.6376373223454014,0.5097200228274323,0.7029456734834563,0.4978929970744569,0.8338685204816455,0.5074266276705989
1,148,0.7179573434282953,0.501578542581298,0.679001386990899,0.5068345674963269,0.8787634243142568,0.5091420224084272,0.6416618636806425,0.5092117298806215,0.7068048585080341,0.49793799365222774,0.8320573630655717,0.5078928841871769
1,149,0.7169862107063412,0.5014781234002729,0.6738880139042088,0.5061984682715753,0.8718668976086271,0.5085303450644927,0.6422282949223017,0.5166127050418714,0.7034021093812555,0.49655789287385915,0.8415591011467838,0.5069142113575766
1,150,0.7160758328789898,0.5013812995225775,0.6724944554611157,0.5056178585571224,0.8656535743381445,0.5079438118229753,0.6468034779575511,0.5085098477342269,0.7097249799663983,0.5078842265954311,0.8468051267127239,0.5079318050675826
1,151,0.717230186570694,0.5012882233696611,0.6709947719750762,0.5050885225147163,0.8702084919226127,0.509512892162002,0.6497899209907486,0.5082811333143114,0.709710126030828,0.5073421321108831,0.8535582910421821,0.5074279303259621
1,152,0.7142054460255416,0.5013605898845128,0.6644342596661899,0.5046064609751603,0.8640440039937072,0.5089499490568314,0.6522930785069839,0.5079244046008217,0.7094909836963635,0.5068234883493123,0.8550837252583386,0.5083093281464278
1,153,0.7147271122400617,0.5019512567482409,0.667438201800122,0.5065479241222494,0.8689716353875098,0.5084030721069592,0.654826541728981,0.5077768499000371,0.7087440276698945,0.5063287886296091,0.8471262384405189,0.5077714318279951
1,154,0.7157110446015837,0.5019579667138816,0.6685618333781564,0.5059852459019442,0.8736510076393778,0.5078732210080493,0.6577182644213099,0.5071916483487907,0.7080293616687952,0.5058584183093027,0.8490806827403502,0.5072530895934656
1,155,0.7144102322691176,0.5018431581590993,0.6695814050021557,0.5054656013675147,0.8775616600645927,0.5082823597686333,0.65738333286281,0.5075038540536497,0.7055774023762522,0.5054126220867751,0.8510736908470702,0.5067553450703459
1,156,0.7142780996744933,0.5017314393336877,0.6685270804167518,0.5049863429049996,0.8813322265742684,0.5088065260568718,0.6633394613449067,0.5069442429904836,0.7028214027277867,0.5049914829576319,0.8527006396195033,0.506279044942987
1,157,0.7153841131830424,0.5018207833134485,0.6663567532742294,0.5045449284242299,0.8846967542335474,0.5083122659291011,0.6582456347757297,0.5053702510628391,0.7054033467747464,0.5283202698097353,0.8370191918899983,0.5068551505666781
1,158,0.7144372815729587,0.5017129805395554,0.6636502052991471,0.5041389176393842,0.8875629040621329,0.5107505422184021,0.6614560606736456,0.5196057176529245,0.6944174921850443,0.5052938105521447,0.842392090793457,0.5050709915187664
1,159,0.715232360960964,0.5016080286910951,0.6633369932721431,0.5037659697290849,0.8796519525791594,0.5101504652558982,0.6667508118552754,0.5088566576977812,0.6975859076457981,0.5139659633560286,0.8429313418448685,0.5063509456003144
1,160,0.7196742291155355,0.5015061939110217,0.6666751463992727,0.5034238421440654,0.8723426102319117,0.5095613351732554,0.6661173464708148,0.5082409005774128,0.6959622878452894,0.5129600265402534,0.8409876306393144,0.5059131528499371
1,161,0.7210615749421071,0.5018262989275971,0.6696455855105435,0.5031103902652966,0.8658539258657744,0.5112038505372984,0.6608913368884184,0.51822940576082,0.6915112977365279,0.5127832528817604,0.8389616556753591,0.5073422039550763
1,162,0.7219123532111612,0.5020677554805261,0.6722598664689411,0.502823567594237,0.8709885730817407,0.5105022893822678,0.6640478651757763,0.5076414449383054,0.7006229630833058,0.512087473265121,0.8501026237206051,0.5158408997585868
1,163,0.7147625131591611,0.5112536779776338,0.6706781080222625,0.5029883041117262,0.8753917633449317,0.5107208740783304,0.6629480592098282,0.5075389591327976,0.6992825909212331,0.5121994007702404,0.8517578606234157,0.5157288283163637
1,164,0.7169526296914728,0.5018266026809086,0.6713301368819474,0.5237506883753643,0.8670635369384069,0.5110519339393066,0.6608482207986071,0.5072285062976978,0.6995930567011657,0.5112527478866365,0.8485944777474861,0.5146598397202014
1,165,0.7141460988172716,0.5017110942445279,0.6719462791160055,0.5244339671035942,0.8611752091917664,0.5103953701867333,0.648844709056859,0.507925405066622,0.6999074405099762,0.5283240355462133,0.8383356230683356,0.5144556613340364
1,166,0.7115950644319726,0.5015993699216048,0.6704087059268594,0.5226512288376324,0.8451870595437915,0.5108057805988205,0.6499889322026093,0.5024962336597213,0.7006315804125682,0.518896993575588,0.8278967853439698,0.5126513116788947
1,167,0.7102198542397449,0.5014916952999673,0.6668520691299739,0.5209546824079528,0.841697374877761,0.5101723908823559,0.6449190153148733,0.5026678163391047,0.7026927584018393,0.5174654494169607,0.8176039748449617,0.5117158091581087
1,168,0.7080005275065872,0.5013882993790681,0.6600829315245778,0.5193463936596471,0.8385392332090402,0.5095545595959347,0.6450913089421666,0.5024658258188363,0.7112832542547433,0.5161114571988655,0.8175482515554003,0.5108279074838202
1,169,0.7078734590795174,0.5016945655335767,0.6604430927150635,0.5178274409832471,0.8462677718874705,0.510623645088571,0.6408738743231616,0.513729380466907,0.7071807109392712,0.5163642189613676,0.8061824913220981,0.510394083648502
1,170,0.7064293023024858,0.5017280490318498,0.6632472415880398,0.516397971461368,0.8424742424616177,0.5099720334062405,0.6386059556780741,0.5051169568523896,0.710181400503054,0.5051237723032632,0.8282211998580529,0.5098033531140224
1,171,0.7064201110120192,0.50177890990327,0.6629427508640818,0.5150572781917198,0.8285032873328344,0.5093374306858579,0.6396174171366984,0.5027835870246353,0.7170415996714526,0.5044232066755443,0.8067185639691576,0.5178288571189611
1,172,0.6678435034607676,0.501683676178556,0.6649267332423643,0.5138038927597838,0.8050560690726766,0.5087221432825337,0.611263463879147,0.5025802787152245,0.715790453501401,0.5039685491067032,0.8079254878622595,0.5171299511210906
1,173,0.6429249899262247,0.5015901287713459,0.6681919733028346,0.5126356870628602,0.7944805721174318,0.5092478485176076,0.5981409047806447,0.5115444962902509,0.7014711349121662,0.5011011691547699,0.8058025688747367,0.5167300705208736
1,174,0.6294051391835426,0.5016291519117527,0.6715991471410869,0.5115499792329791,0.7959175308389029,0.5086587784948019,0.592981881991273,0.5024677450440415,0.7076265455268235,0.5050136331010318,0.8087955320344395,0.5244166979541146
1,175,0.6128626975937052,0.5111623606120225,0.6686612856744463,0.5120212315373464,0.7932937296791053,0.5110230965481252,0.5802350209780304,0.5021476737852935,0.7128506357150172,0.5252216092602756,0.7930585501045794,0.522024508855224
1,176,0.6113291092038706,0.5018810024659683,0.6734615913977328,0.4881608519390896,0.8051777167242946,0.5112416587993832,0.5846006265348184,0.5062218777994028,0.7088163140665905,0.5041544960153517,0.8112297024444033,0.5219197389903358
1,177,0.6165178898154983,0.5021335446060318,0.6756036241254958,0.48878561351048394,0.7821311037607294,0.5105067646133881,0.5836454195613152,0.5057926008737028,0.7043932594751184,0.5037773395307026,0.8120331006106106,0.5202750270390043
1,178,0.6165085918263132,0.5024287537814778,0.6776733154886287,0.48941971558905933,0.7954668922814218,0.5112956013608951,0.5854111900168134,0.5061070934430891,0.702610592521379,0.5034319228784243,0.8175737434177889,0.5195869474853269
1,179,0.619954891639826,0.502698162501405,0.6791692425647512,0.49005530815585985,0.8060830625221314,0.5127546950098661,0.5909276145940773,0.5060157144642073,0.7010589476915768,0.5031159562247989,0.8225626660905928,0.5180754290119236
1,180,0.6228579511674962,0.5025160184121041,0.6770289175091493,0.4906854857106927,0.8172927131871156,0.5120113950308652,0.5976933705210041,0.505780955729738,0.700913007298807,0.5044659558245894,0.8220700468904821,0.5166526681131738
1,181,0.6297065932793904,0.5025663991184678,0.6751523242918325,0.4913043161545336,0.826676918091417,0.5153495804036041,0.605924770262826,0.5056270170039706,0.7014593010662203,0.5041188862211632,0.8220438727131436,0.5153173803626717
1,182,0.635445357447639,0.5025765484119904,0.6774666645346519,0.4919068352797332,0.8234158917405041,0.5144906631417445,0.6101869246290106,0.5054390664515159,0.7015742729416811,0.5037939694826293,0.826413987406065,0.5140676988706447
1,183,0.6384325342414283,0.5024081462357939,0.6771347466986534,0.4924890128291447,0.8209271991330793,0.5136460351225609,0.612442185216074,0.5050502396840569,0.7018604540064995,0.5045249519880586,0.825686852799273,0.5129012585792038
1,184,0.6394040678541937,0.5022459458555296,0.6774516967207079,0.493047696423701,0.8304282956516177,0.5128191799258671,0.6154146070154155,0.5046800550068454,0.702475071332608,0.5041706309425554,0.8250841997903947,0.5118152799231752
1,185,0.6418901287800284,0.5020902936461131,0.6777540284697201,0.49358053953979514,0.8389361034081654,0.5120133235122378,0.615637636265706,0.5045154554245753,0.7022877167671645,0.5038382939969529,0.8245414067642975,0.5108066497040196
1,186,0.6462596048293413,0.501941463870678,0.6756740982746626,0.4964067075812531,0.8462433056331448,0.512412319420119,0.62139237975875,0.5041813612554152,0.7001873139158481,0.5041860725237408,0.8289336219832695,0.509871997507939
1,187,0.6457076024066182,0.5017996591490422,0.6704299337074391,0.49672840057409945,0.8533943595139998,0.5116338756116326,0.6232522881921972,0.5038653677143461,0.7023551409488986,0.5038725806448511,0.8328666162208138,0.5090077664553252
1,188,0.6519639263685355,0.5016650122048677,0.670948988289477,0.497026436093233,0.7844704078080965,0.510878735515157,0.6267069442535365,0.5039983233522797,0.702397930117029,0.5035769115229694,0.7656901010932344,0.5082102774770477
1,189,0.6493082015814513,0.5015375887769142,0.6719492111829692,0.4996704232272897,0.7223296791261615,0.5101492571144008,0.6275215694416265,0.503688914723327,0.7003585352018746,0.5032986703945957,0.7054935022482488,0.5074757866633345
1,190,0.6453668194792306,0.5052920101141809,0.6676258968807296,0.49712397761030064,0.6697688163015473,0.5108045173315742,0.6264575315810564,0.5039181115312698,0.7005969677381846,0.5030374261065373,0.6510703730835895,0.5074413805768949
1,191,0.6561001879018606,0.5018182563959981,0.6738122190678612,0.49983625033174023,0.654271809082645,0.5306960610242284,0.621487837676214,0.5037248336135622,0.7063942166882509,0.5240753193474124,0.6049647244048214,0.5080761388397445
1,192,0.6582001714313689,0.5070912179619117,0.6688599416355849,0.5061946113658041,0.6361166490622656,0.53499804992293,0.6252711637044899,0.5037606525427297,0.6962575935975782,0.5027349298185197,0.5946934468730312,0.5087417365384781
1,193,0.6634322849431973,0.5017153522948169,0.6730846756634477,0.521792320969175,0.6604046920957901,0.5280455301464138,0.6294466958054145,0.49941796682974915,0.7000479422252153,0.4929757405712335,0.6056270601693525,0.5094149035170374
1,194,0.6656872802504602,0.5018678990844991,0.6735180646697361,0.521798384605581,0.6649180521774923,0.5261604403881439,0.6269780277927908,0.5004118226109845,0.6933068706757273,0.49253025796524075,0.6241202159035193,0.5096509290048177
1,195,0.6656543565537867,0.5020562957199699,0.6735452846086417,0.5202833553791061,0.6690975262761365,0.5264305663703508,0.6327450352283465,0.5005700206770299,0.6948451198283258,0.5032359661297594,0.6350525492925616,0.5084479740236301
1,196,0.6640040903681517,0.5019293909299748,0.6717014925724528,0.5188328359857203,0.6726844141420306,0.5245665372300938,0.6357730818441327,0.5007913723658157,0.6897951785234344,0.5030129792039151,0.6539752367209032,0.5084491284889192
1,197,0.663959287064755,0.5020009939023838,0.6780544186109949,0.5174494178581066,0.6755946412078163,0.5241441613167496,0.6398780824516966,0.500745042979864,0.6885830514572042,0.5038385586207197,0.6710822364037927,0.507802432849867
1,198,0.6652844696539375,0.5021631692718975,0.6794180551777195,0.5161349617885598,0.6891018778373469,0.5233168921985775,0.6440282093422133,0.5007004459501352,0.687766000846047,0.5035639020805808,0.6858962002061176,0.5086600915770789
1,199,0.665681223051613,0.502263132413012,0.6809466547594177,0.5148905994642035,0.711956763426577,0.5226480022489021,0.647114565837183,0.5014375814390968,0.6832433341306444,0.5033020864787744,0.7042214671145058,0.5080154858501148
1,200,0.6663679595911279,0.5021432181627433,0.6825264536661566,0.5137167573281995,0.732245276289869,0.52000076854954,0.6539185819730999,0.5020057288706752,0.6804939440480771,0.5030533925111087,0.7206496704459002,0.5074080920070179
1,201,0.6681778733799205,0.5021800430883414,0.6844966862287756,0.5126131991057574,0.7507335112195389,0.5201200496484135,0.6524326904581285,0.5018864430750326,0.6764973654290316,0.503859087790171,0.729515051340143,0.5068368579184257
1,202,0.675813272574255,0.5021954675269882,0.6839012690120836,0.513021820640067,0.7671513739678579,0.5196561714329726,0.6468769378101161,0.5021469720003026,0.6773295406641333,0.503565273033578,0.7328033744662988,0.5063006881828916
1,203,0.6773168581828517,0.5020811341345693,0.6830251592362375,0.5120094067345968,0.7820421105853083,0.5189727671960004,0.6438622751200176,0.5022830290641919,0.6819288227409049,0.5032875429951309,0.7363317408162279,0.505798439486153
1,204,0.6761090526710422,0.5019680186505205,0.6822762902200933,0.5110583323038778,0.7845849595960944,0.5177024564971194,0.6442354741836693,0.5025677129248263,0.6860367646530535,0.5030259317950421,0.7438344348067012,0.5053289191616932
1,205,0.6655210522780545,0.5018565374594487,0.6780130918754517,0.5101672221852082,0.7868593611899994,0.5172854893135909,0.6412196484049206,0.502701711708504,0.6855949390398323,0.5027803283246716,0.750617490657083,0.5048908866682227
1,206,0.6674015498349466,0.5017471074485284,0.6736379381692347,0.5093344023935459,0.7890965144928612,0.5161382876229298,0.6410082304517396,0.5028088973987547,0.6817608156703776,0.5025504893479814,0.752075012718427,0.5080314997988005
1,207,0.6709278363108299,0.5017853086290719,0.6699160256289075,0.5085579481440273,0.7909574935267624,0.5168164407668941,0.6388115251048687,0.5027870718876442,0.6796947955453145,0.5023360550393616,0.7627398886468593,0.5074947078168704
1,208,0.675351983040939,0.5018679255266486,0.6673434597573946,0.5078357300975372,0.7927096443303451,0.5156952051187126,0.6407475038012151,0.5027360285521428,0.6757419368144894,0.502136565938466,0.7676032909680504,0.5069812629085488
1,209,0.6766435747417063,0.5017642073029887,0.6680661125667376,0.5071654581776229,0.804655142070683,0.5154491385560479,0.6422577096893862,0.5025926297289038,0.6723499252301849,0.5019514804261307,0.762613001206041,0.5068935572402382
1,210,0.6755015017844387,0.5016622794967367,0.6656592769870598,0.5065447225053272,0.8157070948025199,0.515023651299032,0.6433686740935413,0.5024507284214679,0.6696194730192461,0.5017801919761092,0.7581894699551847,0.5064250870218749
1,211,0.6837318043530244,0.5015625084959653,0.6628319002397799,0.5059710311440123,0.8258907362227889,0.5140566529764343,0.640698767448637,0.5120712223085477,0.6669308144771728,0.501730181969318,0.745485257817141,0.5064287595882166
1,212,0.685848087331769,0.5014652434719716,0.6602288141147694,0.5054418444532246,0.8346198599854694,0.5149786004779703,0.6457090306918575,0.5022815298518866,0.6654987181013362,0.5014763530445769,0.7545562830191698,0.49733929735382154
1,213,0.6944060372152474,0.501406882843573,0.6532697636178805,0.5092626582260907,0.7902494367240671,0.5642454045118113,0.6500290669984065,0.5022335178180841,0.6641065134754328,0.5013424064989148,0.7505381698389453,0.4990936694213896
1,214,0.6931512357498525,0.4974333443430407,0.6572681250674732,0.5081637411381904,0.8292821889100134,0.5131957012686187,0.6463876396938893,0.5021071806560615,0.6650709313875475,0.5012194905857771,0.7469319506185542,0.49919828009807027
1,215,0.6957889170638096,0.4976106662673776,0.647605059414202,0.507543044914002,0.8381393892408866,0.5123542317879233,0.6429769884219585,0.5019840589336443,0.6718390352136179,0.5011068926498694,0.7485786756880739,0.4992967254919598
1,216,0.6969180547169775,0.4977812017319835,0.646607199480944,0.5069586202362001,0.8459537669727285,0.5113413651000133,0.6341639674781125,0.5109511942815474,0.6643019748688298,0.5010355090736366,0.7540693230814798,0.4999778610124041
1,217,0.6960392598200408,0.4979443939186211,0.6477836415720157,0.5064096010913868,0.8526818914840025,0.5125944818728093,0.6336246855169495,0.5022538492339903,0.6688385029797317,0.5102776011090135,0.7731240976246454,0.5015111154533317
1,218,0.6868382873669991,0.5073831448920024,0.6461424572930936,0.5067509506723775,0.8572633713317009,0.5109129468754369,0.6319744612865547,0.5021152640387567,0.6720038002684733,0.5095463683803012,0.7865144598134282,0.5029284964057673
1,219,0.6871711586493537,0.4982471936279681,0.6539822237912802,0.48397449341144316,0.8633204479057721,0.5090225852559882,0.6341710089195601,0.5019816303964938,0.6744985639068489,0.508847939723545,0.7938412602268924,0.5044187737647868
1,220,0.6888000444843959,0.49838634078234906,0.6572122510087934,0.48640749652868415,0.7923318339191574,0.5132631947323271,0.638166060803645,0.5016731014483554,0.6754194059712608,0.5081835110410622,0.7288666108757432,0.5045878816124911
1,221,0.690449819996053,0.49851720458280535,0.6583601829440702,0.4873691549653455,0.7288894404895834,0.513378865851326,0.6374326004132616,0.5076995967046612,0.6765342782165232,0.5079693875934862,0.6658766857257594,0.5032397192449345
1,222,0.6885574482304913,0.4986398250254628,0.659565631262522,0.4882932477587589,0.6719983502731547,0.5126097003091216,0.6451948924648226,0.5012364537065211,0.6841448282062887,0.5069594177151433,0.6225522773993559,0.4961333986385764
1,223,0.6890223597609458,0.49875432725787094,0.6587423133470406,0.48917625831141526,0.621047283351312,0.5118607517828803,0.6459145045553877,0.5011515564408291,0.6879579042412105,0.5064001790754616,0.5751959637630568,0.49749057465333
1,224,0.6845578321502666,0.501423312179692,0.6561691378499387,0.4871838453303319,0.5705363815151162,0.5140243739144378,0.6423292583919719,0.5014007305892577,0.6907107458070729,0.5066661855364744,0.5332595467855082,0.4979169559983421
1,225,0.688760997769503,0.4989598226263537,0.6620822282306362,0.5116585340033336,0.539701047384189,0.5113138612520605,0.6466965588106831,0.5010132916438813,0.7004870446087033,0.5154081248288183,0.4962098269461032,0.4986424478993601
1,226,0.6825051582716238,0.5007903062024128,0.6560276141366231,0.4870398143137389,0.49048091784847114,0.511406837796436,0.6478900555727239,0.5011119823760036,0.7022790590484519,0.5142838635606978,0.46048324753465425,0.4989750932545579
1,227,0.6826994411580711,0.4991916104172157,0.6551651481354537,0.5484531194739733,0.4765197942131039,0.5103623786363009,0.6490196415463917,0.5016083681223682,0.7020865960976208,0.5132139433932339,0.427733204247632,0.499268878034088
1,228,0.6908137943934073,0.49939706566959896,0.6611236307096706,0.5411955851233126,0.4481158556164066,0.48963265160156844,0.6496753538678783,0.5013915014732159,0.6991758459031255,0.5121997331467639,0.3973163839446488,0.5019110320025507
1,229,0.6924060481582177,0.4994649568831433,0.6639831650384701,0.5387903601521156,0.4402171961120989,0.49048122290516566,0.6499151352028543,0.5008820529101555,0.6932943758955643,0.5112419370139667,0.39430517316505354,0.5020462229038061
1,230,0.6937267923083373,0.499525611206241,0.667626881788935,0.5364219458661693,0.4304488957387314,0.4912862965108224,0.649801659303876,0.5010057018934853,0.6898324184820096,0.5103406462924096,0.41090930263029307,0.5024147988774879
1,231,0.6918841135123082,0.49957966243742985,0.6682015749670934,0.5341039026411133,0.42996422740096046,0.4920455513725117,0.6481285241874645,0.5002623229758031,0.6900764919647763,0.5094953999253676,0.4407815563076063,0.5031603211380337
1,232,0.6893127143948075,0.5001255592283849,0.6713278507224739,0.5318483122335884,0.443566201322163,0.49358488924231947,0.6467704338197715,0.5002464481687712,0.6867280770315282,0.5097416045011512,0.4722143655746714,0.5037116806604264
1,233,0.6870837689976069,0.5001534968713897,0.6718548396063292,0.5296656382333326,0.4682500226402478,0.49279148982226256,0.6473298272105286,0.5001007395244921,0.6860345475384583,0.5099737984630134,0.5054036554396001,0.503699768274081
1,234,0.6831387926793244,0.5003432287959387,0.6701397009393236,0.5275646482855371,0.490827148952238,0.4955976979388415,0.648044663161572,0.5004257554078301,0.6828414752843489,0.5097315207031866,0.5405839436313609,0.5036584033851064
1,235,0.6816006502760311,0.5003575468043089,0.6700746010414225,0.5255523940694701,0.5211648102184954,0.49616580414456063,0.6486761033033193,0.5003788583449896,0.6804791375805938,0.5089473372215516,0.5713973632636234,0.5035912903577757
1,236,0.6798245663614387,0.4967747393984393,0.6582581786383921,0.5079453427131048,0.5063884518832937,0.49612500848762414,0.645214383768572,0.5031077416673498,0.6734672429288768,0.5087440391773013,0.5235455704111481,0.5078885975726276
1,237,0.6843491107197522,0.5005112572531092,0.6572741860436143,0.5370916808630352,0.45363425153711906,0.4971383980023742,0.6495774894000743,0.5005086912412953,0.674443076633444,0.5075319727239194,0.49386292189891456,0.49809790901840256
1,238,0.6848794725460126,0.5009375492073137,0.6551940018261881,0.5348168832212185,0.42309126611910614,0.4975480805361491,0.6477255575460094,0.49832094437112334,0.67209408352834,0.5038422854964261,0.46073880494177893,0.4987679500855496
1,239,0.6889305038120009,0.5009024344915411,0.6526989282274257,0.5325997876239646,0.39531442105865783,0.4979107770498746,0.6469473772132975,0.49699778629295327,0.6756947603069675,0.5146948935628246,0.43250400850293186,0.5000289851649258
1,240,0.6886605175475383,0.5008645506836269,0.6503135293027597,0.5304491744632699,0.37064981697393634,0.49822986547083964,0.6528935948461327,0.5007365847060574,0.6839335517275911,0.5037272283178996,0.40166789861044117,0.500159433041774
1,241,0.6881507677784243,0.5008246069916306,0.6527406476495435,0.5296782002859558,0.34980660960906745,0.49850885364276276,0.6466975781798846,0.5015119194523188,0.6877816414342175,0.5253897634761627,0.38144422300501435,0.500275354679498
1,242,0.6860407313759337,0.5003541707397298,0.6529596936325509,0.5276487893233163,0.3286196422548406,0.50046587687477,0.6504239449666528,0.4968663346362823,0.6836872081213742,0.5031846621702621,0.35198358111864997,0.5007270815987651
1,243,0.6801523854071002,0.5003418485383119,0.6525912808800487,0.5280803290779037,0.30865315729977016,0.5016870151882158,0.6509616754981415,0.4970881633697388,0.6867504657890575,0.5029371569012289,0.329934638388131,0.5008004879750227
1,244,0.6727584448747616,0.5003280006090083,0.6501358160268762,0.5270352599764299,0.3118170433139495,0.5017525428230548,0.6468841747301709,0.4960891247764093,0.686245337766486,0.5035742965459972,0.32662018771322654,0.5064317626625379
1,245,0.674028684982627,0.5007435752698692,0.6497701032613469,0.5250940173426947,0.3269945372186042,0.5017894487196998,0.6505187678633938,0.49820254272695336,0.6902231963358811,0.5035213246107575,0.34451282225112406,0.49454641324189885
1,246,0.6750406293464806,0.5006974671785585,0.6503400643690899,0.5232456837068676,0.3512775681845857,0.5018014912115788,0.6438495190802798,0.4978716015738886,0.7031239145162733,0.5270815145431464,0.37514750147966663,0.4882704643542689
1,247,0.6764414595702665,0.5008700490037231,0.6484143909557297,0.5214921978306843,0.37407836008559786,0.5017922459006515,0.6545542139973552,0.502380157691795,0.6960844532278142,0.5030713960455517,0.38824818032144665,0.49620576244026404
1,248,0.6810886018049342,0.5008213747064059,0.6505506740274303,0.5198344773198083,0.41765117945366137,0.502805378861627,0.6500971155477058,0.5046745200598494,0.6935445101742359,0.5041609565080831,0.4010384719724626,0.4972228569595544
1,249,0.6886872892953233,0.5007731754817716,0.6521415938318135,0.5198703658279457,0.4440691921956069,0.502742797302835,0.6539549463945441,0.502342672331282,0.700141525439168,0.5036290750789318,0.43572620891951774,0.48962737936965717
1,250,0.6902688596912855,0.500894160975127,0.6541269534835631,0.5183409196155869,0.4806023068549005,0.5002837542109545,0.6540744257586831,0.5009752501692977,0.7012584438863625,0.5033697992154005,0.45886890366848865,0.4904238703206616
1,251,0.6917286072042215,0.5008467695774282,0.6528534154972149,0.5169006837729739,0.5141423866347822,0.5003574922654387,0.6558673385652638,0.5009260191481885,0.7022458663837848,0.5031232096447903,0.49342306669259006,0.4916906396312661
1,252,0.6850732973779383,0.5018970114311728,0.6447105352322517,0.5153442575680923,0.546207816440171,0.5026225468567511,0.6616480290135379,0.5004748694046223,0.701302584185465,0.5050438827781577,0.5249332741304737,0.4932766199227476
1,253,0.6910939091398277,0.501094743449921,0.6448407603225291,0.5142822181876604,0.5761750911291973,0.48024932611508847,0.6628271129192944,0.500792373688777,0.6996596103128233,0.5047230034433287,0.562253207947061,0.49496916860564344
1,254,0.6924642001938773,0.5010291688284161,0.6416257380823576,0.5130998446149826,0.6110102897506502,0.48157798942286295,0.6609637730625713,0.5040407457421832,0.6962032462004399,0.5013141305017662,0.5949944503455209,0.4965208274020376
1,255,0.6933600703961752,0.5009648802868101,0.6391841198084426,0.5167354751818901,0.6413208572573547,0.48500551277844156,0.6634866688151648,0.5010578818615784,0.7028006114735781,0.5129208808116763,0.6254641657677272,0.4972201265912865
1,256,0.6902830501851737,0.5009022158487287,0.6361418128276343,0.516642011781283,0.6691712331265965,0.48610805800397633,0.6627066410956624,0.5009806842163389,0.6983750727209557,0.5121886281119826,0.6534235383598326,0.4984316257022147
1,257,0.6883114864919458,0.5008414688521345,0.63632264131892,0.5153520438089377,0.6836274741286612,0.48715832700412165,0.6618708910050917,0.5011327322810487,0.6995144528152639,0.5128022412297267,0.6789391324695565,0.49880298395852896
1,258,0.6916927580543901,0.5007828868645336,0.6360142301618124,0.5141412178396482,0.6963067564150869,0.4881543129183698,0.660836364861674,0.5013910667823499,0.7008784718187794,0.5132284808211862,0.6970424932054239,0.4991255588722751
1,259,0.6950781998016392,0.501153965355859,0.6379353239721769,0.5130072624661913,0.7077397438842524,0.49050858614096365,0.6630609483537806,0.5017273328322049,0.6980213556613012,0.5124068275245259,0.7131387733262506,0.49983038313945616
1,260,0.6961221420563038,0.5070499492173094,0.6376866760874289,0.5107273775333563,0.7145068008952628,0.48915124699572776,0.6621725180566522,0.5020908055300347,0.6973647756598348,0.5116070939702336,0.7232069804588848,0.5006380027049016
1,261,0.7028570328624241,0.5009914446188991,0.6470462083112304,0.5109597031580184,0.724337234641875,0.470696144070216,0.661239533095609,0.5019650015862321,0.6949225643878177,0.5108328080576039,0.7276888597454193,0.5008138138578481
1,262,0.7051828458331351,0.5009160244011233,0.651639363690197,0.5100404953022195,0.7332404761657328,0.4728938941737678,0.6608233463523983,0.5020767065815526,0.6926087899513527,0.5107581212149302,0.7316607980413602,0.5017235059202105
1,263,0.7051317349561287,0.5011152275790359,0.6524369800249809,0.5091870235240131,0.7411743452582428,0.4749775458165746,0.6603501056497169,0.5014925500563739,0.6908741908237152,0.5100185371532427,0.730421415541968,0.5017900117735541
1,264,0.7008273063621309,0.5010657799936649,0.6633963735748276,0.5524232297578768,0.7170575204012453,0.46496468444309114,0.654370041293002,0.500482445053379,0.6933980276119797,0.5303202310715956,0.7178363483394468,0.5000822711875988
1,265,0.7026600875137843,0.4971187861418797,0.6559357832384395,0.5090583667628908,0.7540298921438598,0.47879728475737693,0.6592566963738232,0.5047716582449231,0.6852059010196054,0.5086323906047624,0.7327601422335949,0.502284285437617
1,266,0.7029639233096588,0.4977412594106194,0.6592634813694161,0.5083415876754935,0.7596519455190418,0.48053386765083805,0.656830193729189,0.505998502371963,0.6916764694467515,0.5295543113684755,0.7152123030795603,0.5038765186768029
1,267,0.6975459061764407,0.4978999929597491,0.6609857079101056,0.5076727826129702,0.7647871356949875,0.4821570748128899,0.6657341225676728,0.5084726935866533,0.6878313551639523,0.5073786552118061,0.7344311269105276,0.5040045130333662
1,268,0.6878463566954779,0.5058141790775917,0.6554327706998287,0.5077289368164337,0.7718827392128297,0.48260073375800777,0.6627839488533785,0.5083169436119102,0.6907861384095253,0.5076220190234912,0.7420206769669636,0.5042410876994347
1,269,0.6861658846441586,0.49819767104183627,0.6587544383029371,0.527686036689888,0.7774368801055657,0.48984152308267304,0.660813807979602,0.5077230167504764,0.6916259666734995,0.5070391318016451,0.7484081963758085,0.5043567485672871
1,270,0.6881100224024765,0.49833583086439265,0.6581972757290553,0.5257011524702766,0.7789100182801175,0.4918920760609781,0.6587520939877715,0.5073914172942731,0.6922566345410236,0.5064892204593072,0.7641535671218074,0.5041963671394748
1,271,0.684483622317762,0.49884119679083483,0.6562033489723768,0.5238087120596082,0.71498484194079,0.49284726104754484,0.6509012921017427,0.5068450048607103,0.6909016609351656,0.5059720798433798,0.702515732939923,0.5029970260483487
1,272,0.6795257696970536,0.49915036177335054,0.6506198500628976,0.5241442615140075,0.6578491148248319,0.49370376468665594,0.6475098971729419,0.5066935814270805,0.6935003435834242,0.5054872401349086,0.6474882428079288,0.5028840149776685
1,273,0.6726331903732886,0.4992404566459452,0.6508460751591212,0.5223146261143181,0.60674137497191,0.4967525593297365,0.644137873319741,0.5065360533139781,0.7018971769273197,0.5050340027725609,0.5976338749553942,0.502762145138041
1,274,0.6734930705687682,0.4994697238245879,0.6452723709237944,0.5326813877337072,0.5541816932037729,0.5441208906665419,0.643228456218817,0.5062356525099423,0.7036658969204147,0.5052363182035375,0.5527735329773616,0.502633792025025
1,275,0.6701483580082711,0.49570631360221296,0.6494478011824205,0.5189521792713779,0.5217722262048079,0.49774132960541895,0.64050575572857,0.5074702392296248,0.6999967617991485,0.5055085088099416,0.5082989278157928,0.5030342276732853
1,276,0.6722625179024035,0.496037056466242,0.6500004096828776,0.5174194101968942,0.48279668864327246,0.4981343205411447,0.6481866362223505,0.5038181831547233,0.709953093249202,0.5151665258238961,0.4836969053367103,0.5032703986197263
1,277,0.6759951441334039,0.4963499549455368,0.6474588635737225,0.5159841487829273,0.4492656395790281,0.5020844138752141,0.6485417366809101,0.5034297072734686,0.7073775763331834,0.5142205545405085,0.4420015884946092,0.5031195702565299
1,278,0.6784765306113915,0.4966447934616366,0.6427571590911616,0.514644328160904,0.4180534289125334,0.5021883555312175,0.6454941869818599,0.4983966681839838,0.6998487813397537,0.5118681478366714,0.41387231971411226,0.5039706146018795
1,279,0.6815755669292698,0.4969215594172921,0.6400186823377302,0.5149825634936415,0.3908768275743193,0.5035017567617742,0.641948908276985,0.4984033595542505,0.706364693618157,0.5109564217931101,0.3868244397707983,0.5053798431200544
1,280,0.6820614703592421,0.49760354343461527,0.6384025010954851,0.5137639504510968,0.3680798588835547,0.5045341206247361,0.6433121854129746,0.49842364474075274,0.7094411850786293,0.5100964877564114,0.3613237716460766,0.5051173052430332
1,281,0.6859060062323439,0.49781600469545506,0.6344322123316679,0.5126270065936582,0.3462249700949118,0.5053587762153989,0.6425746806724986,0.49845575119763075,0.7125438268268899,0.509870309944139,0.34890213893059746,0.5056678188366553
1,282,0.6836368994132354,0.4960815279918056,0.6269405109293105,0.5133222438936772,0.35523309554267807,0.5066537212576668,0.6416753464668237,0.4982726803992954,0.7133607511870862,0.5099890168256731,0.35658496134043915,0.5053593276231267
1,283,0.692288941999132,0.49955473644704756,0.6277236106471887,0.5105858204736009,0.37479846995443944,0.48773516216321144,0.6459328231103082,0.4985089859839712,0.7061437776017851,0.5092122473261446,0.3766372180073325,0.5050531238476432
1,284,0.6942480628483908,0.4996409975917555,0.6278101439913815,0.5096748732107987,0.39594529436816955,0.4901354521059677,0.6466133690429966,0.4978786557512866,0.7065942113503577,0.5084819662567116,0.39073570779239475,0.504751101665718
1,285,0.6958243308384507,0.4998575663961317,0.6287341293260035,0.5088323074272539,0.41342850999092,0.49175515862104996,0.6455286056581164,0.49796750243298765,0.7084277678138835,0.5077973036426211,0.42282640481251915,0.5052034711045035
1,286,0.697356655675247,0.4999217046067183,0.6311562984612481,0.5080544827382486,0.4414352378590268,0.49270806045724347,0.6447029686895038,0.49826537840375507,0.7098424743945739,0.5071571357112312,0.4565646725027926,0.5064032691619287
1,287,0.6984691366583364,0.49997497918547223,0.6349224538910936,0.5096693317685418,0.4673870127209276,0.49358444745509006,0.6461181174297257,0.49940831010760883,0.7100244001649044,0.5075593191247074,0.49062286799438476,0.5060439779260447
1,288,0.6999432669369552,0.5000185701410778,0.6383929421417669,0.5088531647709724,0.5127749966187064,0.49438545260553457,0.6452416233576352,0.49639401944032546,0.7035204364358504,0.5068416069834014,0.5410382506938524,0.5077227090104529
1,289,0.7008024650578343,0.5000536067742997,0.6426455614598888,0.5096870904556703,0.5512984491350226,0.49697608512135,0.6490459223397045,0.4995729597480243,0.7084350667103431,0.5165136279042447,0.5665746351289924,0.5068133360743114
1,290,0.6952384858259804,0.5032599860834509,0.642914867864276,0.507003739368349,0.5812650138259624,0.49802182945745904,0.6500508048255529,0.49961696607213046,0.7108863112818167,0.5152957093249623,0.5949873884490103,0.5063953871677915
1,291,0.6964970403986472,0.5001022148586249,0.6477866353203402,0.5082118221564225,0.6159710634316513,0.4790025833539207,0.651274548386397,0.4996589925700632,0.710223443399357,0.5147694497751395,0.6257105759432284,0.5067325603241704
1,292,0.6993182186411473,0.5001177030837134,0.6480830363051652,0.5075459544629413,0.6449998640213189,0.48239840132562145,0.6536350259962344,0.49969861383333714,0.710821672988827,0.5136555497969054,0.6535245132847332,0.5071011068271734
1,293,0.6962725473304922,0.5001284617898067,0.6472937387103911,0.5069252505350158,0.6618955307097086,0.48411674479588074,0.6562806128774367,0.49993442196173343,0.7097650521476635,0.5136438553310028,0.6645281736712455,0.5076755344753473
1,294,0.6995530283579673,0.5003433770207845,0.6430868974364472,0.5076045767857515,0.6874662333343046,0.4873073112478314,0.6617909893036094,0.500405583582572,0.7040986872959971,0.512579196364284,0.6707769453055739,0.5074548814417191
1,295,0.6948185674180968,0.5008210779954779,0.6424301301615107,0.5070388679763436,0.7106662434636934,0.488750470787887,0.6637182730116722,0.5003992013793761,0.6962593626169243,0.5115773893613321,0.680102711635677,0.507055882276126
1,296,0.6904768183612602,0.5008002723437992,0.6440192214393,0.5073932725440519,0.7312457988091169,0.49120694367621853,0.6660358144951416,0.5011126495520659,0.6908734044559338,0.5106376749652929,0.6988673196964171,0.5066641470614889
1,297,0.6848333907077505,0.500775438196595,0.6431322639954221,0.5068909173784268,0.7499034994877899,0.4935010078480571,0.6657623118371084,0.501669928700946,0.6882977163083027,0.5106162868868026,0.7152924979005384,0.5080747847355639
1,298,0.6837016741266997,0.5007473351820587,0.6423912114830037,0.5064148691597717,0.7664206752221956,0.49565811636894413,0.6609295214271385,0.5015830828922013,0.687928965475936,0.5097506718123851,0.7306363923746498,0.5079257204104985
1,299,0.6844254354562662,0.5007166661876331,0.6387269059431432,0.5059640297137047,0.7601019792251409,0.4974772032560441,0.6591551214457841,0.5019480396005147,0.6896149849340862,0.5089421602939319,0.7433739918241704,0.5085143423865709
1,300,0.6878966338632589,0.5009308095479383,0.6398474360377256,0.505537427788871,0.7541189733889965,0.5016656989770191,0.6532913295050075,0.5027480864520011,0.6981754242858765,0.5295061548436528,0.7434668083508496,0.5076988383028874
1,301,0.6843157760452975,0.5008897333618705,0.6367526673415035,0.5051341958957286,0.7705534919804321,0.5021822207259845,0.6605949683173052,0.5056623470704573,0.6960533577459649,0.5074891829118664,0.7762751989497625,0.5075931374984913
1,302,0.6808068388463304,0.5008469286385705,0.6411375314631123,0.5047535468493628,0.7850437061276496,0.5025928346124994,0.6587931474172185,0.5055516627585175,0.6968718887356489,0.5068404933759597,0.7897370392048546,0.5080038150106126
1,303,0.6794728827266316,0.5008030026413758,0.6385628344188716,0.5043947511317454,0.7979593129842316,0.5048662174400148,0.6512356427704165,0.5144051732524947,0.6929191186373967,0.5066566121258032,0.7886532823409566,0.5078293628182368
1,304,0.6804809709173227,0.5007585094678967,0.6377020366718341,0.5040571160652673,0.8096889620644258,0.5063097652467103,0.6535133699368914,0.5050793364957489,0.6921428737307604,0.5150619135633354,0.8042179572335315,0.5071098809223255
1,305,0.6805701856177953,0.5011187694208927,0.6412679140859049,0.5037399675986659,0.8198742252475261,0.507080088808874,0.6516893379198919,0.5047166017966921,0.6895253443401052,0.5139054489183551,0.8148559425446592,0.5066797030868507
1,306,0.6826632464943077,0.5010478944046655,0.642255801547269,0.5034426352711291,0.8295387951964699,0.5071076039223102,0.6421519214457972,0.5022124644891673,0.6915601066180431,0.5346866238014859,0.8103012683018826,0.5070887559484502
1,307,0.6838735240906398,0.5009786750736459,0.6415265361722056,0.5031644406661923,0.8273032164076538,0.5076290523468793,0.6474183819742662,0.5004628080397261,0.684411268216655,0.5117911605372342,0.8335006085843311,0.507020522901893
1,308,0.6905077745386208,0.5006137539305717,0.6432797831500172,0.5025416133416963,0.7864463752971246,0.5501545506725957,0.6484531321156801,0.5008801435856496,0.6804388629336631,0.511787228101923,0.836222206730817,0.5070427342828103
1,309,0.6844046508140995,0.5049539706228773,0.6510410851432258,0.50266266662355,0.8237503868204726,0.5073791026564503,0.6495584269771676,0.5008130054003566,0.6806348859242842,0.5116834545321162,0.839546897446943,0.5066210613829388
1,310,0.6794939720731452,0.5142423534051712,0.6467745018181811,0.5023424557205578,0.8237051768503151,0.5061671511190217,0.6504544341062303,0.5013182293884683,0.6827592995102527,0.5107441054509774,0.8421504818575117,0.5062103508672458
1,311,0.6871690676810337,0.5042936400387642,0.6473137608859023,0.5022288374786494,0.8400748926754715,0.4855135992079033,0.640740548943031,0.5107952356226795,0.6891768076820929,0.5331015002498846,0.8172540730511008,0.5080429431703755
1,312,0.68623310617804,0.5041736694078612,0.6470319299459333,0.502035497355603,0.8369515503623175,0.48460422381141594,0.6469937344148413,0.5050670237586616,0.692977146263845,0.5184192648005478,0.8370381800807569,0.5063907438469616
1,313,0.6846391180596242,0.5038747311677764,0.6464214417232598,0.5018568259833446,0.8341071061542477,0.4872404962578757,0.6475074296097499,0.5047207789592495,0.6978250768475474,0.5170086713765061,0.8352012799837139,0.5067278018130418
1,314,0.680749863135516,0.5133097278837204,0.6456587349473359,0.5006373540875196,0.8339340685151138,0.48962243450144327,0.6445915201420053,0.5048088759774503,0.7006223581312898,0.5156778615982696,0.8382836725068799,0.5069771795021873
1,315,0.6880230879005054,0.5033193161540115,0.648819519568684,0.5015403026042801,0.8485389471954882,0.5110960813450294,0.6414766895735031,0.5053856687787855,0.7063144275252963,0.5144262844923024,0.8459440908905327,0.5065098984687906
1,316,0.6905164886653447,0.5030634468830677,0.6505486221861617,0.5014008603081115,0.844561915153992,0.5088614265070948,0.6379619498970243,0.5051178213387698,0.7104781147368324,0.5142457493632724,0.8523932878163603,0.5071016156488256
1,317,0.6903291974574879,0.5028222589868364,0.6558014990277464,0.5012729185595212,0.8303934693158157,0.5083751270075973,0.6340310177570562,0.5047614643759637,0.7120253861115922,0.5130840893803315,0.8490906729779243,0.5055969677613249
1,318,0.6921261682804088,0.5029425119201103,0.6581497981580655,0.5011557125621658,0.8387390671826764,0.5090533176343284,0.6324366045252747,0.504421703530165,0.7151709951207127,0.5119986395827139,0.8511675803211778,0.5062708601711364
1,319,0.6936251716954982,0.5032663705162596,0.656512275632076,0.5010484991744785,0.8461347502479267,0.5116987399946186,0.6347223140049921,0.5045374732924958,0.7166046931664352,0.5109872018738787,0.8481827601840122,0.5068164823877466
1,320,0.6973857135538426,0.5030271715571903,0.660211784861849,0.5009505611013517,0.8532610008855992,0.5110317417584802,0.6386398514595097,0.5042013919535303,0.7155208951953191,0.5100472055013471,0.8453846709410804,0.5081050921617166
1,321,0.7000595937584599,0.5028006266676743,0.6635831489556812,0.5031865892828309,0.8592340733264986,0.5134851706090483,0.6424114051724916,0.5038835042005148,0.7144260795132208,0.5091757777199237,0.8430144993367199,0.5083056717079366
1,322,0.6996196335123569,0.5128762505070353,0.6549648721421492,0.5040457677964426,0.8077087756542599,0.5553470894638599,0.644209045195842,0.504021041364428,0.7154273315713224,0.5083698127736135,0.8452230858932316,0.508329807907753
1,323,0.70074266184146,0.5062313296352653,0.6618637708326415,0.5027245502198576,0.8687265988748013,0.5267544572725085,0.6498165200570888,0.5041820187091975,0.7181023680144003,0.5083373256130999,0.8470454765133867,0.5083036935839141
1,324,0.6975719324460243,0.5057768129555473,0.6619616803247382,0.5025124612641607,0.8733966770894867,0.5259382565696914,0.6509060933523154,0.5139116223844655,0.7152637010645515,0.5077486501944536,0.8459587091636245,0.5071333341539713
1,325,0.6947758829440371,0.5053446340864763,0.6615254914246641,0.5023128899787379,0.8776901007113719,0.5245628004086406,0.6547678871270207,0.503583254289858,0.7247216463335877,0.5171293168167062,0.8501799957553389,0.5076625053862934
1,326,0.6941714731335406,0.5049351862396211,0.6616240906060791,0.502125656755398,0.881300090422782,0.5231872714548045,0.6533134649752133,0.5033091567590171,0.726967261334959,0.5158313288527657,0.851935580594839,0.5071499128430411
1,327,0.697284094321132,0.5048361271411675,0.661660644071215,0.5019505062380085,0.8846563226062137,0.5223762024490405,0.6483232958301044,0.5112400414784154,0.7231921103861788,0.5153478962664033,0.8564779576948667,0.5070960884753208
1,328,0.6979732013909191,0.5046979675057016,0.6630920846276126,0.5017871148322655,0.8877818145483914,0.5229616411429873,0.6509118856635737,0.5034028106577259,0.735460656208817,0.5236955622816509,0.8537774535435362,0.5061866067120849
1,329,0.6994856057404838,0.5043386415678263,0.6647692119948392,0.5016350995391761,0.8800199449595885,0.5215450395660739,0.6518513162765159,0.5033211875275773,0.7345425923918615,0.5219119327475471,0.855171212373987,0.5057374762512968
1,330,0.6985725281216209,0.5040000131372943,0.6645547024199582,0.5014940275876321,0.8726602100723237,0.5201636981872731,0.6527094561587877,0.5039571069199495,0.7332033672308355,0.5202240109596827,0.8609169846292476,0.5053107102085801
1,331,0.6989166771933869,0.5036818138786071,0.6738899452352198,0.5013634263839857,0.8662745112354596,0.5210001395165113,0.6514463702896033,0.5043451004600675,0.7302884789032998,0.5195744131694645,0.8616904172629799,0.5049065527354754
1,332,0.6997001524421735,0.5036100469607344,0.6752086837870609,0.5012427933619205,0.8606480453436889,0.5195737629250922,0.6479421954305767,0.5040390802406459,0.7299396436681217,0.5180204850945851,0.8624776474933888,0.505127662496018
1,333,0.7003084825392413,0.5037520734249009,0.6761897525713602,0.5011316053941699,0.8552084395576711,0.5204604228725785,0.6431537091045935,0.5037475767934138,0.7294790292620658,0.5165617017410249,0.8628285676153775,0.504751097376387
1,334,0.7001296132032029,0.5133623628181553,0.67448667166547,0.5012008820950596,0.8437954604414788,0.5175366089747566,0.6385863158952462,0.5036434004427516,0.7293696522122329,0.5162377703730647,0.8633510689847752,0.5043945090212063
1,335,0.7059798488456109,0.5034009350679934,0.6837802026609586,0.5009354207424366,0.855829597636886,0.4986180995284472,0.6421196365496926,0.5037711758337942,0.728678434363535,0.5148920633471427,0.8639090618682898,0.5040577823579322
1,336,0.7054579922904347,0.5027784710676957,0.6734283574827756,0.5009387710587889,0.8184450931463019,0.5509022089189276,0.6456467242559404,0.503936738820822,0.7280154761877926,0.5146793498218869,0.8642997461495046,0.50435671366912
1,337,0.6951955759591854,0.5065710944423223,0.6776750268087189,0.5007705849206557,0.8671352078624519,0.49944428337729635,0.6422956610103585,0.5140632406244331,0.71456163062943,0.5124072690203559,0.8567231199738246,0.5052432663927962
1,338,0.6944921148639681,0.5060972993877235,0.6780211576583973,0.5006986147164387,0.8721455268493434,0.49952781113807926,0.644411472881422,0.5036156768591374,0.7175270200571928,0.5225823975333684,0.8552541063464991,0.5064711540868366
1,339,0.6936979832339342,0.5056461414686096,0.6776505355526107,0.5006329420481498,0.865568170816052,0.5002427074113462,0.6440957733084929,0.5036405680827796,0.7063235027658323,0.5208843348957685,0.8515457797917161,0.5060664199510796
1,340,0.6931463494951668,0.5056066732669874,0.6773964649802302,0.5005730910065617,0.8600199786113677,0.5003303581224854,0.6435788278371026,0.5033781470023052,0.7001537617394862,0.5192794330274139,0.8436853503810705,0.5056748568363912
1,341,0.6908415411512693,0.5051781095430098,0.6773159840616491,0.5005186082842872,0.8657276659699669,0.5004098167412734,0.6431137628538428,0.5035514119394661,0.6964742947792519,0.5177671972389223,0.8409293991427546,0.5052973127004664
1,342,0.6885324475494072,0.5047733664615245,0.6851672582140882,0.5004690646360085,0.8706585721587129,0.501083580922239,0.6466473619007042,0.5041412571376559,0.6916476073322989,0.5163464890965928,0.8387054028266933,0.5053823136018328
1,343,0.6838895377566926,0.5084176001607459,0.6822564993434315,0.5004934721510407,0.9100168584931024,0.5018902282208867,0.6494949155422435,0.5038542856958625,0.6932162660661059,0.5150155854689967,0.8415968568439807,0.505671119729971
1,344,0.6887129436569833,0.504286483575358,0.6865518586700452,0.5218114017279575,0.8749906287093004,0.5020686465982277,0.652084362926304,0.5039884349051459,0.6965635319117846,0.5146045376084691,0.8440549364421828,0.5053110738244743
1,345,0.6906596691091247,0.5039446320587403,0.6857056841655695,0.5226773748956346,0.8683022870966547,0.5057735581672128,0.6511109728414598,0.514885641371985,0.6907870960852256,0.5123669915370275,0.8424779580980017,0.505115151965804
1,346,0.6950133858534705,0.504051800623489,0.6829601198401328,0.5210596819093267,0.8730289452508029,0.5036501556410732,0.6562411410563536,0.5042431171696244,0.6928080682366198,0.5208416644132428,0.8481375620048538,0.5046277859443258
1,347,0.6969561396677858,0.5037232474378516,0.6825922278882942,0.5241256387860147,0.8773782383601919,0.5036670529172558,0.6592993409777945,0.5039655413421629,0.6938659791062293,0.5192720674030964,0.8501083223095555,0.5048004397273268
1,348,0.6960825572358899,0.5036139351460134,0.6823561625300371,0.5223479206041824,0.8701758550369076,0.5059429143387932,0.6575429184166202,0.5038879798681503,0.6949459604823559,0.5177877952321963,0.84216065566958,0.5064635982320703
1,349,0.6960090022713182,0.5084825703031803,0.6789426153175362,0.5064927363929274,0.8920906410337192,0.5067940010434223,0.6616109247559873,0.503630173151212,0.695302363417209,0.5174303921325625,0.8351723330104307,0.5060313061752879
1,350,0.6992612115174551,0.5034527579725367,0.6847248878161459,0.5347286425356993,0.8544294705464593,0.5056802486498964,0.6637708409541524,0.5037225011242837,0.6959513353166508,0.517002537793884,0.8335696927373745,0.5056152675322436
1,351,0.6951772486706304,0.5134036243644008,0.6753270817358594,0.538050700408785,0.8524348016103951,0.5063068644160117,0.6630845628731068,0.5041749069955251,0.6986140364499892,0.5163764234729654,0.8372237129087722,0.5052164993544357
1,352,0.7010459200651994,0.5029119065706394,0.6734011646229583,0.5305521831194094,0.8655556590780823,0.5297715631148346,0.6612312388669473,0.5042958716760865,0.7005316401533018,0.5150702839547019,0.8401838200098434,0.5058347956596843
1,353,0.701727498119426,0.5026689882188852,0.6675197192832402,0.5296137638607742,0.8601729289716296,0.5279675411692845,0.6562176224925955,0.514396848372238,0.6989350405321527,0.5083905872531512,0.8286746335447115,0.5049599911011716
1,354,0.696577131806553,0.5028111403202362,0.6641497204193328,0.5276606942488179,0.8551198620039839,0.5262056013900638,0.6417998286306826,0.5103457369976401,0.7035551647977298,0.5379017825432943,0.8118493075358854,0.5151877456399697
1,355,0.6898527768791068,0.50258097008626,0.6618456183740463,0.5257752213695873,0.8397269457851514,0.5251143874458784,0.6447738047703724,0.5080008242948905,0.7017235995444642,0.5123441242306358,0.8302160329748565,0.5227183847340083
1,356,0.6907618254284803,0.5023665433332369,0.6648253823411809,0.5239631853875508,0.8476359113359127,0.5234684227723267,0.6403572415467114,0.5076877187834087,0.7027177557265859,0.5113193761851765,0.8289773984058166,0.5218182968769756
1,357,0.6906752510161569,0.5021671908409668,0.6664599642910028,0.5222292895690097,0.8544645729061392,0.5242021765972179,0.6326997352466841,0.5140591997604023,0.6978562849556162,0.5110565821389149,0.8317957624978376,0.5217981609357141
1,358,0.6912382922967465,0.5019822232085153,0.6674942699979184,0.5205770998984095,0.8608212766681691,0.5225240573943623,0.6325520894188109,0.5068939036438863,0.6988530920882204,0.5188548219497893,0.825694423712616,0.5201056183371515
1,359,0.6875894995488492,0.5018109367984948,0.6665078621396258,0.5190090750276835,0.8663757793001713,0.5224364614115883,0.6334906423526449,0.5068356573459734,0.6991382707847144,0.5190845893876329,0.8196958538952314,0.5190800797989117
1,360,0.6838651141026287,0.501921023848339,0.6659368998830818,0.5195466804703398,0.8710349409849274,0.520844056164029,0.6360859222223217,0.5065218165730225,0.7014652857201209,0.5186516829507347,0.8143831180772605,0.5176563321732974
1,361,0.684226333782827,0.5017656968558123,0.6656861255086951,0.5204178979554657,0.875166664505338,0.5193266977775247,0.6394232986525314,0.5060449387968504,0.7089945769933588,0.5171918874392418,0.8052010374364894,0.5173375924204651
1,362,0.6846074212261801,0.502030886889168,0.6671601134405939,0.5188299164405104,0.8791448316396838,0.51899616420043,0.6401544366160241,0.505592203299528,0.7084640369760556,0.515820073193578,0.7921231746694416,0.517414293306854
1,363,0.683282360532393,0.5018695629228583,0.6685188836198337,0.5173339182417207,0.8829847386352451,0.5176087223433072,0.644032236946575,0.5051638613577278,0.7080292776319767,0.5145345917467287,0.7856169267798163,0.5160765515265444
1,364,0.681654360518293,0.5017186893981354,0.6696145357768112,0.5159293296010119,0.8862107988893195,0.5162948592147327,0.646687656707507,0.5038215447095633,0.7043807693917287,0.5071642990994147,0.7952184922258332,0.5165593701793182
1,365,0.6800732075245818,0.5019020793259319,0.6702044086387422,0.5146147808134487,0.878608245141938,0.5150541880507966,0.6511475431368916,0.5046768587423865,0.70914365970082,0.51873902612533,0.7720937368268239,0.514553810611753
1,366,0.6769374042831314,0.5017554370964413,0.6686551640161708,0.5133882150471342,0.8822471025664925,0.5150469936360303,0.64656489847611,0.5146158365736049,0.7015102816060694,0.5190590610325352,0.7636562496127729,0.513453950153468
1,367,0.6755966356870343,0.501861595145506,0.6734612945253234,0.512246998259333,0.8855987117197156,0.5157447973548909,0.6453281213091098,0.5048689562667112,0.7025691629111065,0.527458410816645,0.7931777281589237,0.5095716827876576
1,368,0.6747249954038042,0.5017254445275418,0.6742368149774084,0.5133534910522901,0.8884405218228125,0.515660700974016,0.6501968695996903,0.5038830855059883,0.7076875151981051,0.5244671308325708,0.7790564844913141,0.5210238013373996
1,369,0.6728456490895458,0.510973018262224,0.6711285188602444,0.515754228292001,0.8279925685703822,0.5649428666938061,0.6490494014532139,0.5039325503265699,0.7094485170354203,0.5226756814044359,0.7837138791191373,0.5203481874248319
1,370,0.6743493042025028,0.5055220736130386,0.6820215024028463,0.5313009147867408,0.8719118803171488,0.5135209382701246,0.6477463223391126,0.5042258115413428,0.7092861437963364,0.520973278103659,0.783163995829315,0.518918951873034
1,371,0.6762827086743564,0.5055720227188044,0.6803863925500184,0.5292060549274404,0.8655821490480701,0.5135915871982002,0.6472354904101038,0.5039070400423481,0.7085701426624462,0.5193612652837825,0.7870960955925648,0.5180396910287924
1,372,0.6753873794963587,0.5051798315724514,0.6782698327710842,0.52718623031857,0.8600578041128168,0.5126425502718339,0.6464070833494524,0.5039979053216457,0.7081998018490778,0.5178401314554314,0.7953719347109252,0.5174674651495912
1,373,0.6783976473036508,0.5050249962094999,0.6759688221397013,0.5252476465712463,0.8546441111776922,0.513951060384011,0.642045078498625,0.5011139185588491,0.7029738667256098,0.5175031588960103,0.8292933996621452,0.5157363896686392
1,374,0.6794153822087656,0.5046623615775011,0.6742269603078715,0.5233952437446897,0.8609113346856184,0.5129566394479748,0.6468412862893217,0.503687177326732,0.7075046490488849,0.515068455863114,0.806289847789461,0.5056121238316645
1,375,0.6805104680624259,0.5043169320315395,0.6689641790255387,0.5216326971953036,0.866537175263452,0.5120113760253132,0.6439167010333788,0.5036761314659121,0.7086360478168884,0.5138150947770697,0.817700758516124,0.5051150779964741
1,376,0.6793383978892567,0.5041588996842568,0.6658367696627208,0.5216169340798081,0.8711262007303506,0.5123406867579863,0.6417533149874337,0.5034026680563543,0.7098289249333712,0.5126471379857533,0.8274494409728664,0.5056224316174264
1,377,0.6786717329976804,0.5038478911158467,0.6645798529318765,0.519971720843676,0.8755170615439661,0.5122673810545285,0.64375532806004,0.5031443056885818,0.7124907621011906,0.5126031905811942,0.8364863633716397,0.5051865193420346
1,378,0.6736370811965434,0.503553936998754,0.6701623389179098,0.5184166495071598,0.8796886373749774,0.51143797964253,0.6471475851377365,0.5029008253412346,0.7135358146369866,0.5115253618242408,0.8446083395691019,0.5047806432828543
1,379,0.6696582719143854,0.5032769595629543,0.6708657558305386,0.5169519884728538,0.8834292723368561,0.5106473111505816,0.644805875254493,0.512816293960437,0.7089343927995307,0.5102668599014677,0.8488658230672491,0.5045809599428093
1,380,0.6656093616555964,0.5030167445925426,0.6716747480057892,0.5155771217639813,0.886439569643618,0.5119054852335898,0.645552285647882,0.5132158383152168,0.7135081690379914,0.5093515311682364,0.8502360910865571,0.5054796250800903
1,381,0.6624349278112401,0.5035024476560082,0.6739972553877956,0.5142906531852337,0.8895075840281431,0.5111641355652048,0.6478312557638992,0.5029987871624627,0.7137011450840569,0.5181241664569641,0.8583756560039297,0.5138993297410063
1,382,0.6607450007604682,0.5036517425644816,0.6743951878881564,0.5130905152880013,0.8922577052738419,0.5104513582176861,0.6486279345217354,0.5029787008463185,0.7148931047709205,0.5166921895438883,0.8639757309627996,0.5129370116293684
1,383,0.6574054233625463,0.5033693275658149,0.6767013279299916,0.5119740790086618,0.8943898827331708,0.5117357097405538,0.6454837918613833,0.5027540566952534,0.713242940125899,0.5163617335695033,0.8687967290646792,0.5127685567925703
1,384,0.6597189977695543,0.5031036149665209,0.6790576950662167,0.5109382605347863,0.8858295285746626,0.5109733070063156,0.6411108950605696,0.5033116126588046,0.7119582795734798,0.515037634288815,0.8730484403435799,0.5118909728163713
1,385,0.6598762243433726,0.5096172867671742,0.6764323876414957,0.5113404160976114,0.8832028187992357,0.5118612601035419,0.6443252367722652,0.5035248280326566,0.7166019434767542,0.5148400989312205,0.8772248666879257,0.5120782769374941
1,386,0.6639055621045042,0.5030483794964252,0.6809255383268715,0.5090944687152924,0.8696997866278731,0.5309311192975399,0.6415505211323714,0.5032796188329135,0.7135051347465499,0.5145518615822992,0.8807761916599375,0.5132685134281233
1,387,0.6654666600995006,0.5028011865790508,0.6794234559460326,0.5082789273935785,0.8628181484305656,0.5297211153790092,0.6429346402587816,0.5035746827227779,0.7125220940082911,0.5133527744613567,0.8842610763398058,0.5123090497229467
1,388,0.6682375643403564,0.5025701782921618,0.679184157280294,0.5075290282119366,0.8683177306164847,0.5290018599396166,0.6437942794459793,0.5034826600890197,0.7151662900005749,0.5127825841456096,0.8773816839901241,0.5113983491456816
1,389,0.6721805467912857,0.5023548506675056,0.6810174275002367,0.5068407667832295,0.8624993069491517,0.528460506711016,0.6433336718049352,0.503756282612831,0.7175305212633769,0.5134054552393773,0.8711709425457956,0.5105365213716068
1,390,0.6736454082501161,0.5025819818525032,0.6808333765529196,0.5062101603145225,0.8675898938632783,0.5274129687532084,0.6446593013101863,0.5038790687257911,0.7183632528687789,0.5123364871499712,0.8659251096507443,0.5097233290394931
1,391,0.6789723981697783,0.5023667884598637,0.6475359048755299,0.5056332936301527,0.8726505376984935,0.525518264656365,0.6459602816154371,0.5036433894335908,0.67741485116028,0.5117883017971322,0.856371022355,0.5089582114405448
1,392,0.6826847912861183,0.5021665815287858,0.6140240955574671,0.5051063563598844,0.8771729605881698,0.5237070292029006,0.6469546458354788,0.5034151272981159,0.6416046988077123,0.5108507115634295,0.8432788081457718,0.5082403132307958
1,393,0.6832219319137385,0.5019807527393291,0.5872552413665219,0.5046256720643133,0.8812180876086761,0.5219815743368647,0.6478285234461131,0.5031946989984534,0.6079873180639955,0.5106002548213983,0.8362580192993057,0.5075685166860131
1,394,0.6876920483847617,0.5018086551993973,0.5765082273323298,0.5041877201536394,0.8848390678818997,0.5203433622306889,0.6471141940056201,0.5082215441270029,0.5876034538466107,0.5097680380856754,0.8382792639829174,0.5077744085374563
1,395,0.6900244420929834,0.5016496138283824,0.5685578869477731,0.5037891514885432,0.8770725046566918,0.5210018764178718,0.6493528518322277,0.513460505130343,0.5809558885959285,0.519529323939484,0.8212177596317886,0.5079491429068844
1,396,0.6918231712689524,0.5015029352437242,0.5619216452911101,0.5034267985445698,0.869936770353729,0.5213847618150134,0.6497998268847733,0.5127356198858145,0.5905758062628685,0.5180322563107466,0.8226889058645368,0.4978184486191045
1,397,0.6987741259661114,0.5017791577532715,0.5584991144926454,0.5030976809844453,0.8639603788336405,0.5199432163753165,0.6527079898625009,0.5029719837412965,0.6041770697587828,0.5363504693386899,0.8018416958315462,0.5000993197645123
1,398,0.7011091752925009,0.5016280133351253,0.5596565454602757,0.5051799598061739,0.8686930088849584,0.520094815627533,0.6542626601373921,0.506675813519658,0.6141700624719552,0.523660535769222,0.8256299555459902,0.49886977844770275
1,399,0.7042008392019483,0.501847072305628,0.5680376982997115,0.5047449228851822,0.8718542768622404,0.5197365896325745,0.6552366039178684,0.5063512130778364,0.6249376143850536,0.5218839595263969,0.8251188128964417,0.49993129767056216
1,400,0.706570740050984,0.5018998262900334,0.5738468745666674,0.5043417342258917,0.8761010580039397,0.5192256721896326,0.6572818060836103,0.5059032387096745,0.6329853991108765,0.5202033952436019,0.8293236081906364,0.5018502504797919
1,401,0.7062698802736092,0.5018920340143762,0.580127165595542,0.5039686041649173,0.8800796439709119,0.5185803239127436,0.6624053781601242,0.5054757982648745,0.6417253511035359,0.5186187784193986,0.8329832545007949,0.5017624339782065
1,402,0.7064465918879791,0.5017585739876697,0.5898879872756335,0.5036238029094146,0.8838309184637266,0.5174442703496626,0.6638777780458994,0.505331697124987,0.6460123402699425,0.5190736785730413,0.8410197752420343,0.5016759371980029
1,403,0.7104645439006052,0.5016326510519173,0.5998619985548762,0.5055246495775698,0.8760266095063456,0.5163530682830287,0.6594467186551048,0.5122269177893389,0.6497701528252685,0.5122353869394606,0.8481006441693777,0.5014120906004206
1,404,0.7096815050721788,0.5023269397954225,0.6138646866062826,0.505091062653869,0.879847179464271,0.5133192086805831,0.6584950063962681,0.5050435111644708,0.6608406566967705,0.5237521284857863,0.8495031359553349,0.5027277949251997
1,405,0.7077161341159136,0.5023741977843758,0.6222887715014087,0.5046842971581269,0.8831050415153298,0.5118742361042027,0.6544905060988231,0.5142718352744685,0.6570226308184893,0.5235327925680975,0.8547624564071324,0.5028385209229277
1,406,0.7008591202997405,0.5105084246613976,0.6275976179608496,0.5049866665871124,0.8947873823350564,0.5069835387610936,0.654723229572606,0.5139611904432067,0.6611576581289454,0.5218415119802229,0.8604201885395767,0.5129549041080909
1,407,0.7062788176770537,0.5024871276104081,0.6351367210185992,0.5086444572464346,0.8867168146099481,0.48832009679680877,0.6589167139102611,0.5045608503585041,0.6714965188863887,0.5194351369012782,0.8658069612500715,0.5216366539666493
1,408,0.704709131923397,0.5024769071169544,0.6379719920585034,0.507994753263148,0.8893121154358807,0.48989373445351886,0.6594017670537768,0.5042339614232179,0.6784868732178061,0.5190292375387981,0.8708084779453562,0.5202418938750873
1,409,0.7071093455206857,0.5023087148374186,0.6393782016555203,0.5073799791803577,0.8922780266803303,0.49083622933166654,0.6573366549276186,0.5043355230519444,0.6804361281255872,0.5179402821570531,0.8702850075323169,0.5199311447781866
1,410,0.7054061227331567,0.5024945349147797,0.6371631653218309,0.5068001707254454,0.8947652567510943,0.4917217710787733,0.6555037612210544,0.5040173979666241,0.6867384663344975,0.5165795647546428,0.8652130469223054,0.5185566691080885
1,411,0.6986468653036456,0.5126384672993194,0.6346204093253587,0.5066872565764248,0.8938494905433458,0.49130671901046613,0.6576757796040522,0.5044282987782838,0.6910563901930213,0.5152967015269512,0.8561652992399379,0.5172374629769443
1,412,0.7062012273943595,0.5021595087641965,0.6415594915311366,0.526921462694949,0.8974214192562021,0.4915322148733575,0.6614955131034855,0.5045113538601335,0.6962385905638221,0.5140906190141676,0.8431306300274543,0.5159769073864326
1,413,0.7067219781345749,0.5022420738354793,0.6450760427749134,0.5250039265234799,0.8993631042225428,0.49233518432574247,0.6615326645213649,0.5041810273272255,0.7011173272906941,0.5147572372092324,0.8454133491076613,0.5147774831092813
1,414,0.7129498206990952,0.502087279933884,0.6491745665812092,0.5231717306912718,0.9010031304170593,0.49459239644135505,0.6630054942812506,0.5041024065850062,0.7072082517801522,0.5135943543794261,0.8381544393344194,0.5136408120876285
1,415,0.7119170985605916,0.5121584014738695,0.6533505736873695,0.5047419974935111,0.9006387644296253,0.49946299276603195,0.6599184831352782,0.5142065307927459,0.7070020243085954,0.5136387910855641,0.826213585061779,0.5172993554725499
1,416,0.7117062614534672,0.5020596610925332,0.658796979528011,0.49785940355772423,0.9021453168041985,0.5022620077306198,0.6655452625390016,0.5037450910047102,0.7140369118372019,0.5123600822351171,0.8297388560726817,0.5246169497556609
1,417,0.7129260430653231,0.501917319655188,0.6625241205237048,0.4978702092756006,0.8927191081285635,0.503267638464976,0.6629599433847747,0.5094878289143876,0.7101710654483363,0.510431301747608,0.844807679205588,0.5247918823330069
1,418,0.7123273696192794,0.5017812492256102,0.6665516742602999,0.49790045648852876,0.8845473968493355,0.5033360858088242,0.6672008739674812,0.5032116534249237,0.7191354735015072,0.5190649362272903,0.8444434772629837,0.5215347480836856
1,419,0.7155220094470115,0.5016515923988241,0.6676386280966632,0.49997453877588444,0.8765264149968137,0.5041546078508656,0.6643309105984466,0.5125079633678677,0.714088914757961,0.5174931284214819,0.849912607925672,0.5211219893304142
1,420,0.7086795732357746,0.501730466121891,0.6700678474504412,0.4999210369771792,0.8697966089888852,0.5041471799697966,0.6684429476380231,0.5027364322727026,0.7228709983010201,0.5266629385374313,0.8526518758666358,0.5183869326073451
1,421,0.7059943992517157,0.5016105228040784,0.6730215155263155,0.4998790082326721,0.8529739275271576,0.5056867235441936,0.6691899134647162,0.5027588717083633,0.7234615735056191,0.5266909946569067,0.8489204905135223,0.5169462666579975
1,422,0.70185796223757,0.5014961728918484,0.6757173880605594,0.5018646878194336,0.8372947882063629,0.509159748016442,0.6675670215835784,0.502795352426585,0.7236565973640446,0.5247203090842055,0.8459631971568132,0.5155930407874364
1,423,0.7002022638065208,0.5013874542163408,0.6798878241931074,0.5017283909396413,0.8233419404738196,0.5103362724962607,0.6664674686085434,0.5034068487729462,0.7200169586032459,0.5233529864962388,0.838531889694257,0.5143255112407484
1,424,0.6989711571165911,0.5012843738487859,0.6813583258012792,0.5039777268901914,0.8219526048344036,0.5100431909655908,0.6632887559459778,0.5031630222286794,0.7207900373021267,0.5215736322834829,0.8270312778882026,0.5148990075339319
1,425,0.7015779948286893,0.5011869079596419,0.6835331234381727,0.5036924588130118,0.8207933539831613,0.5097157141547066,0.6610380424638173,0.5033698281803549,0.7211425483171152,0.5198933501618432,0.8262540630895951,0.5136950367699953
1,426,0.7038708190697656,0.5010950023609397,0.6848310589426821,0.5034206824441393,0.8195174709966482,0.5093592699169497,0.6563973174504205,0.5033273582926834,0.7199257192455941,0.5189688971062063,0.8207590646374064,0.5140434451517488
1,427,0.7038725386601089,0.5010085736913938,0.6864159802862844,0.5031626643870974,0.8077169857873558,0.5113528854553738,0.6520647681524111,0.5120964111782097,0.7129891512258831,0.5133186953174836,0.8189822565374946,0.5137923993536855
1,428,0.7047615447666317,0.5013548616116219,0.6907496795909202,0.5029185515610486,0.8072913280291224,0.5137815706962955,0.6543874322713202,0.502998492233209,0.714628584790643,0.5230074899582103,0.8249605397109883,0.5118881867376912
1,429,0.703109196066615,0.5012495569236005,0.6893974298359274,0.5026883717700569,0.7859033181496355,0.5142339603501203,0.6540164692848585,0.5033610197294994,0.7101474843983221,0.5213656848917456,0.8294514619086966,0.510914621571985
1,430,0.7031588589502847,0.501502962999636,0.6886903082304113,0.5024720382260909,0.7771267931068021,0.5148756014974291,0.6523079212370267,0.5035664606414546,0.701653374989699,0.520546223572661,0.8325496220378291,0.5100072124718917
1,431,0.7007904942145872,0.5013910223854827,0.6917145086850754,0.5022693573660602,0.769668867242952,0.5142283347014315,0.650578575323482,0.5034998370388943,0.6960664284186727,0.519563711465843,0.8361194123650844,0.509769107071604
1,432,0.7029015961165155,0.5012849860551682,0.6902818789118979,0.5020800392061294,0.773496416880018,0.5135681878716778,0.648890875502965,0.5037207112291925,0.6990799275456526,0.5181149558275748,0.8392268939554833,0.5102707397779325
1,433,0.699351409223607,0.5011848728211575,0.687608889876309,0.5019037094521599,0.7768892300496908,0.5150247444834896,0.6474173804798982,0.5036444913051573,0.7015537310248469,0.5167427671921359,0.8422058788133497,0.5098933185593697
1,434,0.6985122429044532,0.5010906540007324,0.6828931879697042,0.5060784088963622,0.7794689834437679,0.5157771729788957,0.6486017844278504,0.5034123784734359,0.7037939673267455,0.51544710822262,0.8354535028324915,0.5101860492822703
1,435,0.7001728213864808,0.5010022565948444,0.6743372365849035,0.505657467552649,0.7823013178217707,0.5157926113423178,0.6484122132364202,0.5031886514110157,0.7077057688802644,0.514227399928077,0.8339401702703968,0.5094153342214496
1,436,0.6941931691284994,0.5112432687432797,0.6643433813942166,0.505932869406623,0.7634787242517417,0.5131484708355241,0.6498468730621544,0.5032446086248431,0.7071584418360067,0.5136825257242074,0.8181983860223274,0.5086908086505706
1,437,0.7019115090895307,0.5008424376086636,0.6612110892216795,0.5048684689542019,0.7858819135240243,0.5363806405538487,0.6520330462935707,0.5032070287221743,0.7062022537409457,0.51259371066329,0.8135444144511748,0.5100834475262961
1,438,0.7024516720614127,0.5007706882193423,0.6552486349956466,0.5045019745223799,0.7881736221150658,0.5351571693444629,0.6445406605492221,0.5062321802672238,0.7002160207118573,0.5367001160841826,0.803163163404093,0.509451068624589
1,439,0.7047678460123793,0.5010008913039012,0.6497043070674884,0.5041547984474194,0.8011335939559573,0.5330072878382581,0.6529958750158842,0.5180518588628266,0.6915078479229712,0.5120975162498497,0.8020527800744954,0.5198337916831334
1,440,0.705410379884368,0.5009269853606738,0.6488321492645309,0.5038271460455889,0.8126454681125385,0.5309160659591888,0.6630863078389275,0.5072000242951947,0.6906123436658356,0.5197941036091214,0.8146037878510006,0.5172843515486846
1,441,0.7042744428451527,0.5008571347052169,0.6513687162782485,0.5035190163029718,0.8120217413439068,0.5288908416476594,0.6666926000523642,0.5067184727713295,0.687565880524658,0.5182867546483269,0.8101757773990186,0.5167583772040658
1,442,0.7049399675860176,0.5011897448716349,0.6522278798904771,0.5032302217313495,0.811669001065854,0.5269378742395744,0.6657665186664127,0.5062556399585599,0.683749692136397,0.516864007508753,0.8109029916700357,0.5155401131167519
1,443,0.7069257325104888,0.5017413152473166,0.654852391058215,0.5029604106651194,0.8115203572486103,0.5250623302866654,0.6650834607466226,0.5062408437742004,0.6783177044862895,0.516098133678982,0.807034059999338,0.5143825190076269
1,444,0.7051755622843253,0.5016253893761655,0.6554836260272449,0.5027090908674764,0.8217289260878131,0.5254142545514776,0.6647243835918774,0.5057894120962343,0.672893912776421,0.5148273211695015,0.7942028974031725,0.5139739955481502
1,445,0.7035368021066112,0.5015139912684062,0.6565684870589759,0.502475653439095,0.831281630377452,0.5236722156835512,0.6624730748769224,0.5105647801632437,0.6663573390665634,0.5136592133926718,0.797802504532943,0.5126831484050444
1,446,0.7001494330581124,0.5014073189363348,0.6604634464522042,0.5022593961818786,0.8396611627726976,0.5228289272257475,0.6633997870084066,0.5053067355690134,0.6697543845084992,0.5217664326575139,0.7982731871698263,0.5123613349943202
1,447,0.6988602522940718,0.5013055274196859,0.6583166100364639,0.5020595457460149,0.8470052324616907,0.521838652007867,0.6613743709678728,0.5049035650362252,0.6714146701532929,0.5208850355738707,0.8052421053358294,0.5114133244775452
1,448,0.7014464732741517,0.501599541798217,0.658458994022288,0.5018752780652284,0.8537378764675487,0.5203345768437247,0.6592096823595974,0.5045226702200845,0.6727761939875372,0.5192747204366899,0.8115517722926285,0.5114879957789263
1,449,0.7017398359460097,0.5014836421947919,0.6587811484691449,0.5017057367509071,0.8596594626672518,0.5206434613517135,0.6510242565803593,0.5146890412119414,0.671890219379719,0.5189378637170425,0.8113538545721117,0.5119585889564586
1,450,0.7002174037506019,0.5015942294715222,0.6621441298288531,0.5015500492625721,0.8654421510518849,0.5192694640429459,0.6641422947673845,0.5040879115015436,0.6781971357582673,0.5257054443308128,0.8171461019644349,0.5113069034965858
1,451,0.7012105677929434,0.501794397002605,0.6617382953516622,0.5014073407953734,0.8704025813086466,0.5179596852970264,0.6637601645828657,0.5041869734689182,0.6810914413923171,0.524278564321035,0.8172154099879351,0.5120156810722936
1,452,0.6996161923863362,0.501675912656864,0.663522721076168,0.5012767459232704,0.8747762009427805,0.5167135658586649,0.6603929275110331,0.5097118010956584,0.6800307168638591,0.5201783653396652,0.8137534710388618,0.5127417775811431
1,453,0.6981472837772149,0.5017317046179294,0.6660395542871452,0.5011574181098866,0.878846243576431,0.5155303396537365,0.6626665220625702,0.5039892682634185,0.6945789488052594,0.5291214646272628,0.8077983535005553,0.5110492835642626
1,454,0.6950989847394164,0.5023240249620995,0.6692247319036504,0.5010485372498844,0.8823629286925267,0.5162312716109534,0.6603867444857473,0.503702127673195,0.6976455951628573,0.5270089056447504,0.8136971968982557,0.5091625563813772
1,455,0.6904073222512072,0.5024002488013386,0.6683505873932565,0.5009493154351577,0.8855536134863512,0.5165036259469037,0.6562018026558095,0.5034306419005913,0.7003076389480052,0.5249995371022849,0.8236709446868079,0.5090810022266503
1,456,0.6574178305326693,0.5023128775139648,0.6568293486489195,0.5007516260111775,0.8305819039754768,0.5659733279704616,0.6267631913748959,0.5034872062662529,0.7012459864022079,0.523095082299411,0.8330009221810921,0.50837157172659
1,457,0.6276507287698961,0.5062705129357843,0.6591369776110598,0.500776882147499,0.8599680755867091,0.51517138800008,0.6079239111987409,0.503611638650762,0.7014119108566627,0.5212962606323662,0.841172518910155,0.5077060348750498
1,458,0.6160441638741326,0.5059774538605931,0.6552838005629307,0.5007022870955183,0.8442634405173093,0.5141323826294198,0.5944896448404774,0.5118335450098808,0.6855631707547303,0.5245842502798842,0.820098882359551,0.5305926765898412
1,459,0.6089577172516754,0.5158376067504017,0.6515533058920441,0.5007711904164733,0.8158744186443725,0.5153315157078373,0.5845964034568738,0.5151420815213289,0.6929687090769858,0.519214649012196,0.8385130917861753,0.5056162830788863
1,460,0.6095048866544794,0.5052132013004582,0.6575999245594173,0.5219213198940877,0.8268309823380823,0.5132683890220017,0.5800909320296295,0.5068919701986417,0.7029797466845686,0.521561691671709,0.8149000679001401,0.518899884634946
1,461,0.6054985422685141,0.5051085583506332,0.6619367409495542,0.5203975714326722,0.8250116346004054,0.5123582280666684,0.581594247289204,0.5031973755056282,0.6981645153166802,0.5151402130391823,0.8273001953479041,0.5185606324754228
1,462,0.6023616925596866,0.5149078354347394,0.6593562484031821,0.5005675023713807,0.8086165856629609,0.5145502691195469,0.586838200692389,0.5128689161486117,0.6917867394091961,0.5114271521357479,0.8181200533276808,0.5183513461915439
1,463,0.6099584688409642,0.504438148494265,0.6680645715924446,0.532459827322863,0.8203924937543201,0.5116377858862511,0.5928747178457006,0.510399595559442,0.6955869633329222,0.5226400482401793,0.8283433919063817,0.5182331229436057
1,464,0.6135062400583513,0.5044079375438303,0.6673833812045215,0.5305964529181298,0.8189896787540204,0.5125259955886448,0.6039822829848898,0.5036137428917383,0.7009346554548307,0.5106522083934804,0.8234507655087401,0.5169375462311023
1,465,0.6208486393417212,0.5042714150591626,0.6665748069232037,0.5287635697526571,0.8178486190830413,0.5117644939573625,0.6096690301892286,0.5042614960112207,0.7012215552967762,0.5097661422639401,0.8176661479350917,0.5172100160623835
1,466,0.6234152030641583,0.5039767946058752,0.6657473522032349,0.5269698887916305,0.8059375926384625,0.5116448565098424,0.6119178802967163,0.5043693288849755,0.7055557379973582,0.5255204533578032,0.7994828783212969,0.5151332830092964
1,467,0.6238056389097145,0.5040455349234201,0.6649179618832566,0.5275297081088927,0.7941072430693863,0.510948607325662,0.6213721701406935,0.5079233786777005,0.7023759024133799,0.5081755092840259,0.8138548695315145,0.5155245342444263
1,468,0.6280965865614302,0.5037600601461109,0.6641271608003462,0.5256844747042172,0.7849246447946,0.510277268064418,0.6263805235012404,0.5075570115312157,0.7085795502842227,0.5074660391783852,0.8099937286860562,0.5144617545952541
1,469,0.6334840969181587,0.5034883308194659,0.6635151165545405,0.5239047327979371,0.7660461907711166,0.5096308633732535,0.6237377457560951,0.5075754179483141,0.7210652072498622,0.5297612438005681,0.7971536376137537,0.5133281109974837
1,470,0.642363438267339,0.5032304297532557,0.6610290543740419,0.5221962560411805,0.7592076309973523,0.5106741114564757,0.6374284934842195,0.5108095453647595,0.7155771385689895,0.5068795801332654,0.8208707387947678,0.5135774212563856
1,471,0.6525245611247436,0.5031777275640662,0.6584561951314238,0.5205636360076293,0.6988561565567465,0.5112677408119266,0.6397991724225756,0.5103497060370211,0.7129184626444189,0.5073346049447689,0.7545926864250387,0.5132427838211117
1,472,0.6577981690185807,0.5094317629623992,0.6558856634199175,0.5033929287164176,0.6268816875788267,0.5124876478428623,0.641974713788064,0.5100210199494496,0.7145596098003676,0.5067251487464912,0.6947954326001161,0.5132415355820019
1,473,0.6640565868024503,0.5029180095819986,0.6558566715896068,0.5312452556216176,0.604849448798593,0.5106029597436738,0.6437281931235476,0.5096333438979174,0.7177955910812089,0.5076758439423777,0.6411736123295898,0.5127939739603441
1,474,0.6683452198615408,0.5028611215143598,0.6540381147960367,0.5293652813176114,0.5599486749591762,0.5100734063238421,0.6450559612499976,0.5089662199726779,0.7172468759884127,0.5070725293090043,0.6206550977683145,0.5127657204497386
1,475,0.6744340708800658,0.5078625807398165,0.6502229304338615,0.5026193388049053,0.5014409990426654,0.5116353721483424,0.6459220155514521,0.508311639314681,0.7168038622372247,0.5065087564818809,0.5984714407492862,0.5118796386332478
1,476,0.6828130928386049,0.5024700902884394,0.6575523406340635,0.5354769979967401,0.5232687749954192,0.5098246932678883,0.6450359595031182,0.5078002177856029,0.7139378944359576,0.5059827514543551,0.5919518533241679,0.5110348480775017
1,477,0.6904203582114778,0.5082271309113855,0.6570388650033341,0.502187832016763,0.4971460832121808,0.5112564248547091,0.6465090444992245,0.5073967879923882,0.7157596446114816,0.5054927570473434,0.6043281413838022,0.5108668470036741
1,478,0.6918227721866929,0.5023013549160884,0.6643169481236458,0.5389519497162574,0.5552833657192481,0.5101163758132055,0.6478610333315785,0.5068431937211288,0.7152509684661691,0.5050370353315367,0.6261457195439057,0.5100851133060142
1,479,0.6848956514779736,0.5037747289602175,0.6615638231867399,0.5433149708969607,0.5835321171751252,0.5138808761188364,0.6493159430545947,0.5067597017465528,0.7165086387144798,0.5046138698662473,0.6505542694873534,0.5093430590442325
1,480,0.6875672394632071,0.5023055805205071,0.6682850348828128,0.53769232383178,0.597728022081716,0.5342791387392682,0.6500607090199366,0.5063898918627591,0.7184002424028947,0.5047330905601346,0.6769022389227335,0.5090999911790305
1,481,0.687168078861402,0.5021437012185727,0.6710529778542148,0.535709451312102,0.6091156303002391,0.5322046618767297,0.6532012099447185,0.5060100610074639,0.7190141199546222,0.5043603327180168,0.6961427808115611,0.5084311851733756
1,482,0.6855594247533652,0.5019896102422201,0.6733594753336871,0.5337431187093881,0.6189973679002588,0.5310451076207006,0.6577069039794263,0.5060190935593536,0.711002183454429,0.5037767342988069,0.6961892262283825,0.5313574786150852
1,483,0.6821308079808895,0.5018433025704194,0.6755722518500884,0.5318024363424495,0.6383157275187019,0.5300306135066721,0.6557288442990069,0.5018292108116454,0.71129887423162,0.5036890604874844,0.7148130408979413,0.5072026944829341
1,484,0.6806281874206552,0.5017047482290652,0.67947988324619,0.5298962189988757,0.6557736309580608,0.5281412621256358,0.6577913825434094,0.5022120468263335,0.7072058136929338,0.5033878766761958,0.7249141255839509,0.5066417613312005
1,485,0.6813184245350413,0.5015738874779395,0.6815384482328979,0.5280327998851335,0.682066854506357,0.5270623467839751,0.6579113471588091,0.5020369452227722,0.7029284492036425,0.504149655286562,0.7386214472891097,0.5071375860263622
1,486,0.6841068781806622,0.501450627669039,0.6832964534848873,0.5262198635807411,0.7058305000483548,0.5253123446208413,0.6560273711089625,0.5018759754787673,0.7009223458479685,0.5038180411857524,0.7513272325671979,0.5071601019402739
1,487,0.6837990776790976,0.5013348417901374,0.6875227526853375,0.5244643050159848,0.7269721053042176,0.524239174723042,0.6542742262800626,0.5019376659663374,0.7011274855666851,0.5035082202285815,0.7674266181783826,0.506616575031117
1,488,0.6843503262295558,0.5012263685969672,0.6868588752292608,0.522772119597293,0.7461439043628662,0.5226371817567484,0.6469874664933029,0.502236061805029,0.6997560414011883,0.5032193038434647,0.7766866027388544,0.5069391009589667
1,489,0.686211974163058,0.5011250141509637,0.6919029251153257,0.5211483274450491,0.7633566130023333,0.5211040096709791,0.6459080762258329,0.5024748026114857,0.6922916392812342,0.5029097383359351,0.7732645807208139,0.5311729327082289
1,490,0.6881439695226721,0.5010305545204466,0.6925009383844499,0.5195969325042976,0.7786585514378105,0.5196405823567207,0.6379315041768076,0.5147351925017012,0.6893518762624431,0.5026605036584414,0.8011933048564593,0.5076464531609007
1,491,0.6916655127571877,0.5009427393715286,0.6938021008244623,0.5181209152428834,0.7925680452297855,0.5182473621486932,0.6410346278987377,0.5062095264909666,0.6935775278477585,0.4930736970165332,0.8078612273911536,0.5066734318114949
1,492,0.6908760851254363,0.5008612961681908,0.6923288376336483,0.516722255927089,0.804900506979949,0.5176417891164853,0.6408719686552917,0.5077096485314803,0.6863388667668611,0.49487202992385293,0.7914533906920456,0.5296947274212661
1,493,0.6922636156585084,0.5007859347144937,0.6911410997718689,0.5154019841690435,0.8159633026731589,0.5169292335826616,0.6389126084132146,0.5099526308877259,0.6913778287364161,0.4949065584574519,0.8233827695965785,0.5057210972603511
1,494,0.6877276822379901,0.500716351800314,0.6897718411679531,0.5141602496196906,0.8258040828132637,0.5157580915597625,0.6428276505606938,0.5092471676026943,0.6924559129919331,0.49525199155065036,0.8325759647785713,0.5042163520022422
1,495,0.6852157713061882,0.5009949738493072,0.6864727310563741,0.512996408326699,0.8242457304648063,0.5146483782646262,0.6435224540978648,0.5085752182823893,0.6952137309350809,0.4955859210527249,0.8410560799108168,0.5038817215601752
1,496,0.6832465428990053,0.5013456105974341,0.6841286871315848,0.5139606290169023,0.8225352848825719,0.514852122592447,0.6438701936975441,0.5079372454685168,0.6998680096977447,0.4959068016130799,0.8482395980532977,0.5035682577618532
1,497,0.6856011806122322,0.5019438779142953,0.6855026595340623,0.5128306271653156,0.8211783008719353,0.5138317320644663,0.6414463093732068,0.5142484220328473,0.6952698956985107,0.495779661693333,0.8611639958120672,0.50349369793777
1,498,0.6892807252487749,0.5018106371117675,0.6847514318378861,0.5117734995718027,0.8200568209462842,0.5128626619375841,0.6499511551080456,0.5069094622401055,0.6971353487827369,0.506904382756493,0.8392393207748159,0.5276477413996747
1,499,0.6894788705595142,0.5016827462861742,0.6832565931733939,0.5107873915530314,0.8297523909160088,0.5119437832737044,0.6466214828024119,0.5107983778646724,0.7045342740063248,0.5071235177749928,0.8600438768087068,0.5036522623534898
