episode,timestep,group0_trust_in_sp0,group0_trust_in_sp1,group0_trust_in_sp2,group1_trust_in_sp0,group1_trust_in_sp1,group1_trust_in_sp2,group2_trust_in_sp0,group2_trust_in_sp1,group2_trust_in_sp2,group3_trust_in_sp0,group3_trust_in_sp1,group3_trust_in_sp2
1,0,0.5,0.5,0.5,0.5,0.5,0.5,0.5,0.5,0.5,0.5,0.5,0.5
1,1,0.5846153846153846,0.5,0.5807692307692308,0.5,0.6666666666666666,0.5,0.5675438596491228,0.500438596491228,0.5938596491228069,0.5,0.6552083333333332,0.509375
1,2,0.6319628647214857,0.5004273504273504,0.6141411049899116,0.5,0.742326638878363,0.5,0.6003644227782158,0.500869835352594,0.6402167419408799,0.5143288084464556,0.7056275029905862,0.5101757944557131
1,3,0.6565604366038178,0.5003978779840849,0.6301508493495414,0.5,0.7869693039962362,0.5,0.6216867181404913,0.5054193997075229,0.6645962236222264,0.5,0.7694380444332997,0.5100468615781077
1,4,0.668505156876935,0.5007969096937068,0.6352444046640019,0.5,0.8150913777195093,0.5023809523809524,0.6304706641822629,0.5135296042228149,0.6636754580779644,0.5020833333333333,0.7606156022002207,0.5285466284671099
1,5,0.6747901142510693,0.5089577612806195,0.6371625788202834,0.5,0.8103134562455923,0.5025862068965518,0.6362310130732484,0.5088047610299258,0.6764627534967739,0.5024922634836428,0.7865278288312082,0.5186060647390626
1,6,0.6910849988369887,0.5006862468331474,0.6439571402283385,0.5,0.809227799618496,0.5257042932524587,0.629697307251306,0.508865459387507,0.6889715815489913,0.522302423513839,0.7829738221480156,0.517957719009273
1,7,0.6965327758933845,0.5006347129607084,0.6496951750781518,0.5,0.8085261022693341,0.5262987416179739,0.6254945268082976,0.5208122752136587,0.6863778714937809,0.5023399980803341,0.8088665114265251,0.5174887116285368
1,8,0.7009132267605819,0.5005858364884467,0.6563469362965628,0.5,0.8254079933864948,0.5244199856903891,0.6241678676480623,0.5111026277067899,0.696866324472584,0.5114255993953546,0.8268253549246635,0.5151866061282153
1,9,0.7061411350681533,0.500539666001379,0.662488113617527,0.5023809523809524,0.838610140744855,0.5226242512600051,0.6233127309757397,0.5105867778751186,0.6980950728429709,0.5106406805201309,0.8399338171847407,0.5150806613111122
1,10,0.706515521110171,0.5004962168023457,0.6673882886302018,0.5022167487684729,0.8329639449434373,0.5247001763127066,0.6266470771051943,0.5189575063824363,0.6932504194685378,0.501897690032722,0.8490251705892276,0.5159628914017844
1,11,0.7042282405887055,0.5008828247286745,0.6661050279463717,0.5044399254363667,0.8281783266018096,0.526136744362632,0.6280969008664868,0.5092320751394451,0.6969912131206989,0.515733707675436,0.8578159354302959,0.5138016000310397
1,12,0.6974233910550668,0.5008152757258244,0.665157052865028,0.5055286286290254,0.8247343056041023,0.5258934436074117,0.6312049939723827,0.5176956183128981,0.690279343728683,0.5026662684467704,0.8522484108284815,0.5146641057413762
1,13,0.6934390385695602,0.500751483344373,0.6673906009735691,0.505184588195596,0.8089530035812229,0.5240196208049254,0.6363699190018298,0.5176804697067038,0.6915073793091923,0.5182935039071811,0.8515837931504733,0.5130385114349624
1,14,0.6837355059711607,0.510586778124047,0.6599946669828161,0.5056581690491848,0.794928731567885,0.5259453131012607,0.644529836860482,0.5079726986975617,0.6950925335590545,0.517785904032841,0.8548023469055419,0.5218254926435574
1,15,0.6851203691207827,0.510339918066486,0.6592749404517588,0.5052800195817725,0.7942843276737853,0.5270219403070084,0.6489312446029774,0.5073381630800927,0.6935754095312809,0.5168074189220578,0.8502167091817151,0.520172218751462
1,16,0.6836036827269573,0.5010098238416404,0.6666353433305504,0.5355319956596133,0.8064402790153963,0.5234074848551782,0.6531595758069274,0.5070055738748711,0.6944424700721739,0.5158423210263345,0.8406126484920383,0.5191649252700163
1,17,0.6817206924582971,0.5009312563156076,0.6656706544535995,0.5335438737175451,0.8071184397461622,0.5217316503505465,0.6544151371564435,0.5066999711696263,0.6951312808138349,0.5148948678779618,0.8321259119184807,0.5180382920097693
1,18,0.6824064344273622,0.5008572927379593,0.6649993042528712,0.5315829498922777,0.8073765828688134,0.5201383430408294,0.6484308040971841,0.5051961430517128,0.7012234540235129,0.536855509422647,0.8083599685967966,0.5156614431830818
1,19,0.684891198022296,0.5007878827927646,0.6640328510019773,0.5296587326639144,0.8074622211791114,0.5198651299622987,0.6575201649666379,0.5095052234999188,0.6986814561223582,0.5130685867844258,0.8355437784044545,0.5163681352410876
1,20,0.680857585189409,0.5007229424989047,0.663648610760302,0.527780055782989,0.8078595749815257,0.5184103086399513,0.6596865843742122,0.5097207905062643,0.6988649994701719,0.5121967337857921,0.8443359068926408,0.5150649461385639
1,21,0.671113993759056,0.5006623585584051,0.664936564115012,0.5259549228720748,0.8081697183443682,0.5170325079746984,0.662092957289135,0.5091741381553746,0.7036287642616893,0.5113563681997522,0.8520796180646434,0.513844840458415
1,22,0.6683723411497424,0.5009931637040109,0.6663800729027755,0.5241903838507895,0.8080665631117034,0.5166809072576047,0.6615690509003866,0.518500681646131,0.6967353473663432,0.5017310381289092,0.8558325593365071,0.5146913536623077
1,23,0.6697286877214362,0.511167897700771,0.6629330456664188,0.5028094808736772,0.7921477441055136,0.5187966292252093,0.6590808765489831,0.5078784350638191,0.70189515663874,0.5159164370153294,0.8637382507832843,0.5126847503987748
1,24,0.6700880169527701,0.5011939073078686,0.6685153927513015,0.5347643090929254,0.8065647353004987,0.5169410684582332,0.6564791270733231,0.5072812393146503,0.7024116697080252,0.5149795694261747,0.8640978090421829,0.5121181206748887
1,25,0.6670857852038242,0.505949264736595,0.6654539450279617,0.5382547201736795,0.8258018428937658,0.5153975026310742,0.6549052355725709,0.5067177290743374,0.7034785515345101,0.514063168842252,0.8692676733663789,0.5111638407788238
1,26,0.6774349597073472,0.501452214210178,0.6693126514453455,0.5457397468224922,0.7753901239316833,0.5587111526378266,0.6552679725423612,0.5065091322158413,0.7054865720388855,0.5131707025213386,0.8745247981454435,0.5102726165207945
1,27,0.6746706494808432,0.5051739456853563,0.6742542422273424,0.5488913451388886,0.8130480946831398,0.518246603638292,0.6577806727547247,0.505997175963817,0.7029604604487121,0.5123053386109806,0.8687205848732323,0.5104832712733179
1,28,0.6759841843206909,0.5049619631747563,0.674690182083736,0.5456146406066656,0.812249128252206,0.5170076109706927,0.6602211569980048,0.5055167015022689,0.6989845845573744,0.5114698893221523,0.8587991128101264,0.5096377766374822
1,29,0.6771446794084802,0.5046260304327896,0.6770129315012285,0.5424556584391529,0.8114216509977267,0.5166530112999201,0.6598562990092904,0.5055055816006361,0.6954510858784131,0.5106667667596189,0.8498682922581774,0.5088496055073882
1,30,0.6741873744879414,0.504708751225131,0.6791240252220084,0.5394241869803521,0.8108272852187666,0.515527825153212,0.6574298360923316,0.5050554993434397,0.6927303550618117,0.5098979528290309,0.8465662954869495,0.5105976373229367
1,31,0.6733448446324104,0.5043741227005872,0.6813033039557044,0.5365279804299921,0.8100796592781453,0.515965481908123,0.6525089156188139,0.503016919357114,0.6967643808632102,0.5232901214260979,0.8272137672478598,0.5097226737077394
1,32,0.6727025032081806,0.5043215314297237,0.6787784469913608,0.5337727735154225,0.8098911454200761,0.5149511617352573,0.6494725022621518,0.5176882761974836,0.6820102672979486,0.5100499496080846,0.8467341431921903,0.5101850538445505
1,33,0.6718921133610493,0.5040090004269396,0.6764607408408395,0.5311623507382442,0.8095221675423391,0.5145410816321808,0.646121662544361,0.5270899643257709,0.677455990322883,0.5109124681794536,0.8488336368124056,0.5220906541345304
1,34,0.6710891167737587,0.5037117308222054,0.6802411238010213,0.5286986613550859,0.820839482508989,0.5136235057303464,0.6505961292382184,0.5063441796481465,0.6859904600922891,0.5183709094257153,0.8615029512454991,0.5277814564206689
1,35,0.671223237086566,0.503429983032925,0.6783565269235825,0.5263819701592023,0.8305412734295261,0.5152640264584506,0.6511635886960779,0.5065155777923077,0.6857229017082949,0.5170161657652756,0.8668269847803574,0.5257864358309209
1,36,0.67105056918793,0.503163857741742,0.6761594926005466,0.5242110338194944,0.8284030752746169,0.5143231131355515,0.6518246575278098,0.5071889201877401,0.6836145834388873,0.5167704438051116,0.8664653434810157,0.5238845391077563
1,37,0.6745061164131675,0.5031309136219394,0.6760681683554868,0.5221832928954403,0.8151697885529995,0.5134182623698824,0.6483279234755418,0.5068526876810724,0.684262411320951,0.5154799673170353,0.8570684190160438,0.522663441895936
1,38,0.6775904414493399,0.5031927895664998,0.6759403890865686,0.5202950705302806,0.8141532166437307,0.5144128749086899,0.6496528182489414,0.5066805444426562,0.6844292735603495,0.514261656368535,0.8483293017210558,0.5224750236294201
1,39,0.6764181410818898,0.5029543737968262,0.6739580281630102,0.5185417700654005,0.8131945081921056,0.5134877879343007,0.6523817989377515,0.5063323949577849,0.6864859601868227,0.5131155812645252,0.8407764367944459,0.5213025160459375
1,40,0.6755689330480062,0.5027291977908539,0.6741445728903639,0.5169180652560015,0.8127178858798413,0.5125976500049276,0.6489567279176759,0.5134091399723916,0.6857875479562276,0.5128438504509021,0.8363178535290767,0.5144713819589355
1,41,0.6745632990301557,0.5025170919242051,0.6749898312346999,0.5154180782615547,0.811936430641113,0.5136861302237677,0.6512571682577497,0.5166097047750441,0.6791262157267003,0.5210937369869547,0.8015150660309275,0.5424075406490921
1,42,0.6726807410414567,0.5035180641578074,0.6739688888498127,0.5073710844829906,0.8551991242824823,0.5149879381467216,0.6501019872032564,0.5093526166160415,0.6902588553555508,0.5282048950625449,0.8259971912502905,0.5167086205368776
1,43,0.676708805398769,0.5021310774735663,0.6785881511274421,0.5304050992415077,0.8168958840197998,0.5136484426653811,0.6495236304043344,0.5088650256889559,0.686480917750247,0.5271624572177479,0.8461615616996575,0.5163824169689483
1,44,0.6776072967525792,0.5041823707824226,0.6742873309692851,0.5060661921079096,0.8666678701493336,0.5149371921629898,0.6556935514037872,0.5080397491027434,0.6903574324882559,0.534437212907165,0.8316813257269452,0.5154644015908662
1,45,0.6787554567613601,0.501793734636261,0.6770030740506745,0.5369261196270546,0.8315228813222885,0.5119847367052234,0.6576880272881069,0.507931475141304,0.6907223911492818,0.5318184382935416,0.8396948753195353,0.5150883163719084
1,46,0.679360683386908,0.5016422927659006,0.6778893925625,0.5347894311530622,0.8407999601427242,0.5111945325259339,0.6633524850627979,0.507664108995745,0.685396324823225,0.5301376057702216,0.8475278372541397,0.5138891181084336
1,47,0.6823781467681067,0.5055219038673145,0.6752103420022515,0.5045056546480765,0.8799454146302602,0.5161074550389273,0.664648151418913,0.5070888519397265,0.6849954899956301,0.5277674758894215,0.8544532547742684,0.5137908644788771
1,48,0.6840490121169408,0.5013715164089891,0.679626276566826,0.5389805935989925,0.840599342771852,0.5150326706317889,0.6639487721999379,0.5065456739560318,0.6825286408011322,0.5255389496875911,0.8606710264608944,0.513108504848679
1,49,0.689796599347876,0.5016785210211039,0.6771764360140035,0.536963113437577,0.8383694973719218,0.5141460632224996,0.6632625497239066,0.5060342793849127,0.6846247609798192,0.5234502913333644,0.8660439709936536,0.5126388008526542
1,50,0.6913230091089366,0.5015380336169803,0.6752485113620691,0.5349672866565351,0.8361601358668904,0.5132811744479848,0.6626639477308534,0.505693242560232,0.6846885374400394,0.5214986947229405,0.8710745531580022,0.5123798517635912
1,51,0.6888377901660793,0.5014074999503447,0.6714192848117063,0.5329998544068474,0.8332695802217103,0.5151531857416629,0.6579398883095808,0.5148196380201162,0.6838282362730193,0.5207600982240692,0.8755901586011997,0.5118352452942685
1,52,0.6905618193395952,0.5012864710161133,0.6684923674766244,0.5310677314953492,0.8309589283670126,0.514899757468652,0.6618200711276886,0.5050097098653249,0.6939760469487171,0.5273660180858722,0.8741092241696197,0.5112137028456216
1,53,0.6841265981065795,0.5011744836357562,0.6688000681010562,0.5291777973415671,0.8287477823779268,0.5161338846353578,0.6609786088731269,0.5046215087000496,0.7009095536357124,0.5251537876140906,0.8732614579803278,0.51034419210599
1,54,0.682586807746655,0.5010710655125311,0.6677909037047174,0.5273366947833201,0.8270232913134242,0.5152981516720953,0.6610531585291634,0.5050582255353994,0.7011909576743613,0.5230850263564486,0.8773512966573204,0.5114313382604324
1,55,0.6772042759814375,0.5009757400989455,0.6687381684504157,0.5255506459723136,0.8360724681152641,0.5155074607150011,0.6605126773060004,0.5049903810358208,0.7032736200353675,0.5221709561442117,0.8762802446728831,0.5105502839493186
1,56,0.668484720142121,0.5008880311727189,0.6653262963906094,0.5238252930993506,0.8439808682103896,0.5161254697462866,0.6603017520185173,0.5047089448629362,0.6991394677543536,0.520308157014499,0.8800463836863796,0.5097217775181611
1,57,0.6660607138451885,0.5011725279720799,0.6629564785179767,0.5221655697015353,0.8510757463248382,0.5160909927127306,0.6618929703260172,0.504671779311467,0.6987636899310385,0.5185768729232054,0.8835723663787574,0.5094972320460956
1,58,0.6684440123676717,0.5010780073417869,0.6645236640982023,0.5205756060434261,0.8578210628858517,0.5152904911867783,0.6574857467525804,0.5042654836396104,0.706318716332582,0.5389435586959965,0.8600987936559168,0.5095034131374708
1,59,0.672399322460701,0.5009897943414433,0.6656979214075752,0.5190586697574516,0.8637194995172195,0.5144951944678521,0.6631293911823808,0.5083463377923235,0.7045398938942201,0.5172850408747393,0.8754226230696978,0.5080624002169033
1,60,0.6754693772156417,0.5013022527175333,0.664981062727279,0.5199430193031646,0.8578190783314944,0.5142520862547652,0.6627214348466409,0.5077722636315651,0.7064086038613697,0.5158037856979005,0.8698158446329186,0.5082628748811618
1,61,0.6776452201652069,0.5015776958976318,0.6672779479344799,0.5184224080720053,0.8526433042782815,0.5146822992487649,0.660632977939443,0.5076630340549441,0.7052428339813476,0.5144324480764699,0.8693272356814836,0.5080641589177172
1,62,0.6866785161884806,0.5014989181387515,0.6564839422814855,0.5148615992220245,0.8045663145120452,0.5577128738482066,0.651587345297056,0.5069788455206196,0.7121208220568159,0.5359485202947626,0.8478637510518976,0.5097469553019042
1,63,0.6825914489959825,0.4975032857064454,0.6593866081565066,0.5156302829666056,0.8547968284058856,0.5135857265603138,0.6559894349637059,0.5103803795605666,0.70699495374459,0.5126504538762099,0.8638190931865131,0.51025795521442
1,64,0.6800080390438139,0.49766367144330786,0.6633849308604983,0.5143587979665797,0.8501552506615837,0.5128791752229696,0.6483466377306624,0.5300386148189374,0.6988005159937126,0.5094950684293557,0.8470444358103851,0.5100333365528381
1,65,0.6787011779448617,0.49781981889966875,0.6650627960891565,0.5131690753677546,0.8461870620349571,0.5121837714591126,0.652661770082213,0.509460592006557,0.7089513329666447,0.5281280833929755,0.8452509294204154,0.5098964926057415
1,66,0.6777221734602574,0.49797092148821603,0.6666692087874977,0.5120593080743722,0.8422194924943762,0.5119468704349843,0.6451889848214986,0.5056327354056288,0.7141540606220177,0.5495957553417304,0.8342285433715013,0.5087444752704047
1,67,0.6763506693045321,0.49811631240164617,0.6664897669624167,0.5110271378849928,0.827701849989165,0.5126849665565328,0.648692410543916,0.5104874402746239,0.7080585614043002,0.5257186075513636,0.8538323247494474,0.5085421804674324
1,68,0.6705763154085058,0.49820955429035696,0.666136280284816,0.5551111277675819,0.765852332757765,0.5303833700775862,0.6423854827407705,0.5079267223515369,0.7088697244423845,0.5372295251911001,0.8397886948446098,0.5080598788317818
1,69,0.6382739824302222,0.5104735134425883,0.6609489755428837,0.5106969524664805,0.7746937807916332,0.5145386956383171,0.6140677255733149,0.5126025408499576,0.7031023984128134,0.5220346680551989,0.8517065929955572,0.5073210112852454
1,70,0.6065181835749461,0.5079631457604247,0.6620777229895972,0.48476087479922886,0.7961440398053617,0.5139607849424858,0.5893525239351166,0.5121445379001082,0.7058369119426399,0.5203377565721095,0.8486740712951366,0.5076367125701091
1,71,0.5792738267665675,0.5026584136931219,0.6672660166911831,0.46623422564115247,0.7935438882379052,0.5113412173268932,0.5662223068045145,0.5113455377283523,0.7037250673114709,0.5187378287164,0.8506297568588692,0.5070598106355657
1,72,0.5542834289882896,0.503004824501728,0.6721361807644476,0.47081482575395667,0.7945594447631112,0.5107089954007211,0.5453636247048746,0.5105744666711027,0.6996272018810208,0.5172341326406263,0.8565910855862013,0.5065149679249025
1,73,0.5271506798018953,0.5034315477951671,0.6722580003298803,0.47279475508941166,0.7955219505084539,0.5114279065924291,0.5226332630928558,0.509833516473285,0.6979257505672533,0.5158252101336497,0.8619687461798361,0.506001911272095
1,74,0.5053011592300061,0.5032159635221409,0.6727228796860677,0.4747075394727798,0.7857182510133377,0.5107867809678103,0.5059891977376881,0.5092749380290444,0.6965719752363825,0.5145089669401504,0.8675623408552153,0.5055201767970617
1,75,0.48641502672751186,0.503376268871189,0.6736450353417006,0.47654482412358884,0.7883413006853511,0.510840121403432,0.4908775735658972,0.5085993438254659,0.6996923140011935,0.5132827535664826,0.8674371341460532,0.5073925554208105
1,76,0.4828274396189775,0.5031521096105411,0.6739538543655614,0.47830012602747646,0.7797175696122706,0.512297261374653,0.48335457868340753,0.5079571600888559,0.7019808652080158,0.5127738018219972,0.86240708086847,0.5068584910130046
1,77,0.49482371745650244,0.5074013961159919,0.6696997944921005,0.4725159492512545,0.7884602349143499,0.513510776542981,0.48385845880066375,0.5076582080143129,0.7019890994105439,0.5116977149240199,0.8629165534392828,0.5070667656319129
1,78,0.5098071564499405,0.5029108955276129,0.6717208116916031,0.5012270502006277,0.7722899791057599,0.5108791185256031,0.4913046710270916,0.5070710589665445,0.7037665850613183,0.5115330915222533,0.8584240410383892,0.5065578191474185
1,79,0.5205304954951544,0.5055617993063496,0.6658508087083727,0.47683996199094075,0.8019758413071744,0.5118946753458394,0.5018337018062343,0.5073280516526777,0.7077803244082638,0.510565273160876,0.8501042668032632,0.5060741303319837
1,80,0.5225474305392469,0.5026670576618438,0.6687770669186143,0.5148062954499436,0.7851560548889155,0.5095321449418767,0.512113683304973,0.5067564315009659,0.7075609422803996,0.5096670225007502,0.8421427084120762,0.5056158289683882
1,81,0.5312408905625203,0.5027516265627059,0.6695820610560853,0.514599616792813,0.7991302179344599,0.5088914523999696,0.525599424204529,0.5062187391588039,0.7044618525156932,0.5098766392930083,0.8351803613745901,0.5051828833000853
1,82,0.5403319637015959,0.5025661671605487,0.6664352876449136,0.5142914113873622,0.8115298030776134,0.508275225274666,0.5310354542482632,0.5059731072616257,0.7062265176473126,0.5090355210853207,0.8335166857286249,0.5047751010602329
1,83,0.5551651309624166,0.5023884729243795,0.6655708806873515,0.5138962411914243,0.8225522777041984,0.507684980005777,0.5376540091471008,0.5054937988716555,0.7121442890856841,0.5082565313872999,0.8368998721936753,0.5043921351765396
1,84,0.5680454992277583,0.5022187844816098,0.6650065602911851,0.5156548649715385,0.8322247423169014,0.507121881819165,0.5478365754948642,0.5050454246534913,0.7113447372111905,0.5075364230759806,0.8444937750917157,0.5056301600800736
1,85,0.5813879018041889,0.5025315516822209,0.6679676205919596,0.5149872426100851,0.764362204140029,0.5083028802879014,0.559584245493202,0.5050656574315864,0.7131183174883952,0.5075163898896203,0.7760864088076651,0.5052144799427658
1,86,0.5900072196345411,0.5027927215844828,0.6688724983725387,0.5142780191718811,0.7033744193804533,0.5077206742388604,0.5668716331827206,0.5048490727166633,0.7110851551960412,0.506882695467123,0.7150161297078654,0.5048209299971292
1,87,0.6032019090685893,0.5026035565044705,0.6661162283606868,0.51354039023156,0.6488338957066839,0.5084458426155456,0.5726392419385274,0.5048938691488672,0.7163296816974851,0.5062961095309365,0.6596285786349476,0.5052005424396302
1,88,0.6128766444603193,0.5024222483573132,0.6693208548325836,0.5127863444336911,0.5997520280964992,0.5087103878148175,0.5841389402796375,0.5087566525136332,0.7130634860000253,0.5048173311218449,0.6069539997243775,0.5055261578445871
1,89,0.6221624189564875,0.5026351955289302,0.6722556194551991,0.5120265567859443,0.5775316341402413,0.5081708519088046,0.5886381430808869,0.5073874943262907,0.7160513442038393,0.5149480502479608,0.5910400093197462,0.5058305135526966
1,90,0.6303616220070942,0.5022247521430483,0.6763737339746692,0.5112703364973602,0.5789156202187724,0.5076495807695645,0.5944078548299949,0.5045304131078598,0.7235513538076564,0.5223709684884239,0.5886979660494875,0.5065774308566854
1,91,0.6363582528394834,0.5020834815033047,0.678668149038872,0.5122165478226647,0.590920290285546,0.5071474585646404,0.5981175352280402,0.5044701662230874,0.7267214607390113,0.5207568512105415,0.5883388065564621,0.5061526350961948
1,92,0.6386548421305654,0.5019478879485201,0.6805155631398385,0.5114172889690171,0.6131217012024253,0.5066652341787449,0.6013169755125104,0.5044576092076717,0.7259040752455176,0.5192188977049383,0.5916650899187597,0.5057432096600034
1,93,0.6416783783405852,0.5018180154322669,0.6801777803062127,0.5106381082242188,0.633035097196692,0.5062035162726212,0.6052406534193667,0.5041045224565868,0.7225179260651334,0.5187991829345671,0.5949359881948367,0.5053499257660078
1,94,0.6403980725337501,0.5013937530167487,0.6805777971307894,0.5098842077658573,0.6508331798299205,0.5067036620774834,0.6079104141292553,0.5071918426552501,0.717316179151258,0.5185034744672695,0.6015534403211986,0.5052745422822922
1,95,0.6436514015154077,0.5047551610780822,0.6764077634940066,0.5127329756463287,0.6746376924159715,0.5073110932453267,0.6176126153932755,0.5040692557318283,0.7239290202630508,0.5253521915002015,0.6125959268038446,0.5046142041718495
1,96,0.6533311120552286,0.5016873405123345,0.6769497171176158,0.5102071993573473,0.686023214156289,0.4872585981547773,0.6239946927221992,0.5037517846625075,0.7242197645249687,0.5240316148058451,0.6289422024197733,0.5042726201477981
1,97,0.6562058989539491,0.5015746958363135,0.677312989298393,0.50945878847667,0.6962543453980328,0.4882264341767459,0.6293210380688344,0.5034541059791137,0.7264452528862287,0.5232080244248764,0.6528123610746044,0.5049789774515804
1,98,0.659187142752704,0.5014668177230537,0.679848629447083,0.5087453126736883,0.7077234721882372,0.4903842581563172,0.6341215278073826,0.5036632155707409,0.7282723254536299,0.521397177252065,0.674320968186117,0.5046030313906691
1,99,0.6247966065209194,0.5013637835697623,0.6799731261869061,0.5080684235168188,0.7180586631880274,0.4912346207144203,0.6039277280110762,0.5072290134657431,0.7238962441025956,0.5200297567576305,0.7021323438773219,0.5064035107385695
1,100,0.5938966297066224,0.5014854279206937,0.6803092958672082,0.5074290906394818,0.7272711068105948,0.49203091966722784,0.5812679448817437,0.5042408968275722,0.7291655453140882,0.508718776662916,0.7180550218513966,0.5055822306321788
1,101,0.5790226724507852,0.5016205873104783,0.6800698374305799,0.5068276916930655,0.746468550748358,0.4927725261156061,0.5741211384550363,0.5041245615706964,0.726769035535561,0.5078697708651643,0.7370905631697396,0.5051676283685483
1,102,0.5764956829006341,0.5015181353542603,0.6802133537003494,0.5062640991884557,0.7635464274293206,0.4943323090283025,0.5698079171329821,0.5042733842694279,0.7288064871530504,0.5168329488815671,0.7405404082229775,0.5051338334959544
1,103,0.5815835096306645,0.5014194064829277,0.6800456746040455,0.5032937377552553,0.7676187131180295,0.49496391485528474,0.5722852471574921,0.5080593282179349,0.7192350796563016,0.5063933174718417,0.7711461595496856,0.5050558528470382
1,104,0.588060979468023,0.5013245223676582,0.6815805499218015,0.5029801388990588,0.7714165241103672,0.49553889144130353,0.56998229680766,0.5043066335092808,0.7218528895009829,0.5169595659745245,0.776917049368965,0.50440509168349
1,105,0.5977712176280843,0.5012335896805488,0.678875815340218,0.5045323445051093,0.7750698750901073,0.49605948082211604,0.576971947829444,0.5098566205922666,0.714898825726915,0.505178775467985,0.7934032553373753,0.5051987640224741
1,106,0.6047725216495682,0.5011466961341818,0.6812769666922069,0.5041804342549957,0.7781550534649265,0.4996386620894942,0.5835721404512614,0.5092718851164523,0.7122229037539847,0.5046573218142436,0.7962442744407003,0.5048130217030753
1,107,0.6130043605472404,0.5010639073161821,0.6821274357821848,0.5038500471882921,0.7813502458258947,0.499909504823208,0.5881114588749431,0.508968395317823,0.7135092598428863,0.5051003743336958,0.8031150854776049,0.505124482979505
1,108,0.62230489359403,0.5012238519196294,0.6821996116003191,0.5047516816326925,0.7841330353794724,0.5001351274680415,0.5952650158812016,0.5091990301396533,0.7103577816996763,0.5046227470191484,0.8096065874860684,0.505327753077248
1,109,0.6287560990852218,0.501568373498611,0.6841440391422783,0.5044370604450205,0.7972959136623964,0.500319728180764,0.5997230525852593,0.5087679057085578,0.7079346956814113,0.5041878854898381,0.8150680537864585,0.5063269014974231
1,110,0.6351889180132456,0.5016327955819125,0.6834033894961469,0.5041366072319139,0.8092093577643876,0.5026575163039325,0.6045115544305096,0.5089529209928365,0.7153390803481128,0.5048312208643478,0.8202151400332593,0.5059232618086368
1,111,0.639354324819346,0.5020048546883447,0.6792935467595305,0.5036340862655726,0.7702969276522823,0.5520474207436984,0.6053516049278688,0.5088230664805036,0.7167937646949639,0.5050012749462172,0.8201883506247726,0.5068865639773052
1,112,0.6372225881833017,0.5056678682878718,0.6834878104828709,0.5035774996169005,0.8088985287608972,0.5034549596875669,0.6086448054295716,0.5082708454241424,0.7178320272507884,0.5045884538189074,0.8201981877700482,0.5064551841634932
1,113,0.6384340134665079,0.5056271821720518,0.6830192824618848,0.5033185380201614,0.8088985796492983,0.5033802946398857,0.6178008431952272,0.507850079253724,0.7169409335781388,0.5042064283029573,0.8110039719291853,0.5060363941418434
1,114,0.634625887004122,0.505233274511198,0.6781484465900155,0.5030731022955522,0.7445656521413028,0.5032841381723829,0.6241685568322171,0.5073362394571183,0.7124069896952608,0.5038530801346693,0.7460050756342398,0.50601996533663
1,115,0.637468077444218,0.5048562317286264,0.6722474336759646,0.5028410229054988,0.6972639603445716,0.5046465266249958,0.6293116427373683,0.5070124545537664,0.7121257657924096,0.5035264610276895,0.7207795391418133,0.5065518341677305
1,116,0.6438821039350378,0.5044968253571638,0.6672248622320835,0.504816623876042,0.6761434442842731,0.5044696721736065,0.6339581119391358,0.5065378182473943,0.707921125960532,0.5032247724952994,0.6977697289546759,0.5067109100819395
1,117,0.6480395374065219,0.5041555915997027,0.6666258857644184,0.504468537723265,0.6569179188320405,0.5061197885566758,0.6350549022653654,0.5076716282266869,0.6963670992207878,0.5024964514558792,0.6858161410223086,0.5066970557233516
1,118,0.6147427085698056,0.50404175622165,0.6675818323020045,0.5041377282012942,0.6614671888080323,0.5058264974670295,0.6105135888307401,0.5063807689460716,0.699265467834564,0.49433879290390126,0.6704720399826084,0.5064341428634849
1,119,0.584681475034145,0.5037328160918653,0.6673486531767174,0.5038243113717706,0.6749145618505973,0.5066585838899683,0.5837359245471863,0.5098842140548043,0.6971344203043408,0.49365188513107905,0.6771930433126142,0.5049886853301245
1,120,0.5711121753179733,0.5030642569987683,0.6704101545845281,0.5035282877056139,0.6989793317823365,0.507087791800567,0.5706380376067748,0.5056226964762892,0.7046041261409964,0.48558179250288147,0.6790736043483516,0.5056138635149455
1,121,0.56054788502282,0.502813112717679,0.6718452757690834,0.5032495417507978,0.7206026271868807,0.5073153215940663,0.5660668213844074,0.5051871584317825,0.6955112788824267,0.4876359418255381,0.6778904130378972,0.5238097294691613
1,122,0.5615362621892681,0.5025788283403185,0.6713112812887114,0.5029878458445377,0.7396569662632254,0.5087832153385248,0.5618994600009719,0.5093995765795315,0.7013504712830054,0.4875240772299927,0.6920963556253161,0.5053099306677201
1,123,0.5639084182773497,0.5023608551067844,0.6684533418919396,0.5027428672391061,0.7571666992641661,0.5084257203368663,0.562352670454256,0.508739355316115,0.70874145535143,0.5059300774472844,0.6849400388826714,0.5066598155841432
1,124,0.5739525769001751,0.5021585620550157,0.6635874787493186,0.5025141779186092,0.7732029564536891,0.508057720747887,0.5713381876512691,0.5215527242648201,0.7006071144105863,0.4893826032370708,0.6854504970071394,0.5054955357404838
1,125,0.5831014837415301,0.5023509795945511,0.6594774098736554,0.5046822187345762,0.7873072446653441,0.5076824794715865,0.5802042999744087,0.511780661818959,0.7076846146948268,0.490839312366257,0.7042022983226581,0.5141794588636963
1,126,0.5954276969966975,0.5021553070997713,0.6573155801527945,0.5043202992308397,0.8000239151847467,0.511280096277141,0.5859806654061878,0.5109517056081323,0.7072951430082444,0.4923304884169037,0.7159149062931697,0.5142392404109194
1,127,0.5977078127887624,0.5107886346988572,0.6540358306828822,0.5046416950889173,0.7906162250386046,0.5095757967863007,0.5936037597191878,0.5105998646186464,0.7087882903425142,0.4929973176202724,0.7170642897507977,0.5132272541952808
1,128,0.6070045719690449,0.5018046979038276,0.6575027707828269,0.5250873700689562,0.799094057074034,0.5100697099059316,0.6000454429805551,0.509818461298747,0.7103126920721899,0.49361637410679293,0.7180355777867564,0.5131668960449136
1,129,0.6158709073637102,0.5016485080373152,0.6598959441036032,0.5252332350908537,0.8001091097627163,0.5094739650649552,0.6098126738841975,0.5095344640194677,0.7113123119457897,0.4941891459534872,0.7236331786733606,0.5138411849229656
1,130,0.6232322639202389,0.5015041953381638,0.6615043736778363,0.5234304981899026,0.8009789356009278,0.5088893107276319,0.6124347054988991,0.5090365793211965,0.7144401440570132,0.49471746414837287,0.733348866745844,0.5132132074326562
1,131,0.6351221461909689,0.5013711004328834,0.6632957788235526,0.5217086769450635,0.8006766291468927,0.5083188528081113,0.6149967361454249,0.5083612971059125,0.7174617893762034,0.4962450833477386,0.7416634952199367,0.5122485173336299
1,132,0.6389234389233953,0.5101767240464662,0.6629266322856286,0.5234161878179154,0.7920286242615645,0.5070753132590988,0.6156972684930236,0.5078794683254355,0.7196792699567591,0.4976389101058538,0.7540833112177157,0.5113326964008799
1,133,0.6489021787099015,0.501135937314862,0.6674860788255926,0.5185196474434507,0.8004906964416161,0.5299541740592365,0.6217673719798075,0.5072788354464847,0.7217185483497977,0.49790943976021873,0.7606645672686286,0.5104662619552776
1,134,0.6510253528554167,0.5010325786996335,0.6703691795020964,0.5170556308161436,0.8013773862577221,0.527921983322421,0.6225754012573533,0.5069004787103227,0.7254752408145118,0.4988619404430262,0.7619886980697416,0.5096492422564918
1,135,0.6506384802728418,0.5013431155691158,0.6709805482386518,0.5156790578940538,0.8021563213618792,0.5269601436244142,0.6208466146156314,0.5043748072482872,0.7343761032464455,0.5207423395179388,0.7612178506283808,0.510503120973334
1,136,0.6590953833222598,0.501657244682344,0.6750360085478627,0.5143891416124801,0.8135307275672504,0.5257621945865151,0.6304557023177612,0.5090275143483739,0.7285024409802814,0.4992056046676091,0.7813440234478971,0.5098892821462556
1,137,0.6561139564630426,0.5020796009933368,0.6691791667859497,0.513678397641873,0.8607250580987164,0.5278298053484526,0.632442687252018,0.508396941549252,0.7282939790808917,0.4993412845890669,0.784955639025591,0.5104042593466565
1,138,0.6655714919571655,0.5013979382818246,0.6764026600418211,0.5334909817195758,0.8061582019897989,0.5245761735011572,0.6329270375649415,0.5083988734436756,0.7279837088773269,0.4994566213786944,0.7837658660939764,0.5096330146343713
1,139,0.6673462739972946,0.5012813106141422,0.6767366765405117,0.530971383063146,0.8064799978129902,0.5227886156018694,0.6353450288990931,0.5081611730616503,0.7277565924568374,0.49955417154287296,0.787536717917234,0.5097010598910362
1,140,0.6631668785764153,0.5109201977636153,0.6726962855171065,0.5344923596284702,0.7926566287376223,0.5246062612453121,0.6339048341315517,0.5155400153370785,0.7201287177551431,0.4996115774254349,0.7949043792360116,0.5085450315527545
1,141,0.6719636553825337,0.5010723278302373,0.6732582952937046,0.5493846360119229,0.7948218414750903,0.5208699588260339,0.6415109793528881,0.5077514835228775,0.7236264369324933,0.49970502234629155,0.8014827759348195,0.5191962049247544
1,142,0.6740650402936433,0.5009792262186236,0.671653849435863,0.54571705337619,0.7856844380048683,0.519313765244712,0.6410591918829356,0.5072014871735954,0.7236010410326493,0.49976232027330253,0.8129122280464132,0.5178260723954089
1,143,0.6773557170055058,0.5012779834799683,0.6684697617652705,0.5422376200004956,0.777199685758373,0.5178428996418504,0.6408832787427688,0.5067709420768827,0.7182104354173018,0.49980983862533007,0.8179886094799036,0.5184285174645613
1,144,0.6856981570082914,0.5011748460482061,0.6709762079342,0.5389487149473943,0.769786693350752,0.5164567172124797,0.6380656849653391,0.5063516942645302,0.7146497944104137,0.4998490530509708,0.8231317808268404,0.5170686055306417
1,145,0.6896813699604099,0.5010785613975504,0.6717165649805921,0.5358507825520872,0.7629446443424248,0.5151539899780476,0.6361123159203981,0.5065444874524608,0.7096135480494944,0.49988125306019177,0.8274866054853529,0.5163976403021759
1,146,0.6914176192225293,0.5009888615143896,0.6702329547863352,0.5329424909607423,0.7674708821554314,0.5150713344278216,0.6345296840919709,0.506143496710871,0.7074682157857023,0.49886589092965067,0.8311574329725884,0.5160737583126479
1,147,0.6928337961134311,0.5011586993268105,0.6721108315480931,0.5316817403051852,0.7715689119645844,0.5139102182273666,0.6349669632864092,0.5059579467601715,0.7032175604330737,0.49987657860293094,0.8344796956844747,0.5152678941861373
1,148,0.6924077201445082,0.501073088152513,0.6726491140626113,0.5290940071973239,0.78631176190115,0.5128207452414254,0.6310104345522957,0.514645426902965,0.6965944308245745,0.501974548996022,0.8414386890867623,0.5087208882711048
1,149,0.6915731100752384,0.5009924413810734,0.6748737416784625,0.526678520672244,0.788721066032745,0.5118005788003398,0.6352152128085848,0.5051275516372847,0.6993741199473099,0.501941183496228,0.8350188810737166,0.5208002061355334
1,150,0.6972426548090197,0.5009165879561832,0.6746607529630317,0.5244296857294779,0.7907959307469145,0.5122976427332733,0.6371752093432355,0.5051567940689631,0.6980079068040115,0.5018226573501038,0.8290229270870837,0.5194026345719908
1,151,0.6915316048268513,0.5024407146281269,0.6698930090901017,0.5260646877582814,0.8304630926131386,0.507264542672451,0.6410442028932971,0.504975663608484,0.6967161820778028,0.501705626840332,0.8332074886498054,0.5180595101218236
1,152,0.6952294658850803,0.5007785929161216,0.6761020062748133,0.5204060279920419,0.7783275254160843,0.5316055520905495,0.6436110670102548,0.5052957909562729,0.7012734768687783,0.5015911097423946,0.8367560049998143,0.5167735977261124
1,153,0.6925381833596165,0.50114347056598,0.6768621747693591,0.5186169485856922,0.7710872278215428,0.5307198886842128,0.6433216909230159,0.5050690527227722,0.7036055757878926,0.5014799431347899,0.8349896266903692,0.5155470543766096
1,154,0.686710245269314,0.511234655092525,0.6724530237040109,0.5111221504626852,0.7405600682997511,0.5334480711232765,0.6436748569177682,0.5049624121958606,0.7041807821251269,0.5013727956120418,0.8428726785516475,0.5143814167507718
1,155,0.6881250963816875,0.5009729505821842,0.6747116756317318,0.5333034757581562,0.7574546420471447,0.5266926948850255,0.6429859926545907,0.5046240175731032,0.7000103764285192,0.5023117603975017,0.8499598676777002,0.514850706999182
1,156,0.6895702173750957,0.5008952722080605,0.6767441734480416,0.5309304602527474,0.7627834422540999,0.524794755682621,0.6424215740610519,0.504302022897768,0.7024545040162397,0.5021422276418487,0.8566966589959728,0.5137342857367823
1,157,0.6878241366149915,0.5101927426513105,0.6727119537946373,0.5268359034848793,0.7639876551614638,0.5244245637481316,0.6461414791076603,0.5041320146223879,0.702630059519012,0.5029612781905556,0.8576609174836997,0.5126777647390333
1,158,0.6928173614602741,0.5010182763503191,0.6787238962808179,0.5281314789032477,0.7906820855011246,0.542683056374421,0.6471209090228353,0.5042047929628239,0.702842806107134,0.5027451641800772,0.8539018567012993,0.5125650868695728
1,159,0.6943719398719725,0.5011258017015341,0.6809286873990676,0.5260373914489658,0.8035107318054839,0.5395689159551115,0.6462775309386608,0.5139543527399102,0.7003987765277255,0.5036846550488209,0.8522718027096627,0.5061731938653662
1,160,0.6937277106161202,0.5018950748309811,0.6767497169085352,0.5250982011369042,0.8145550451528365,0.5378350814255904,0.652963576330718,0.5038547726928445,0.7034152275295898,0.5129395970699344,0.8556271727385595,0.510651606771817
1,161,0.6959930759597154,0.5017687717362629,0.6767433218864064,0.5239248049480504,0.8247047046684957,0.534996415513939,0.655401491269658,0.5035851749539425,0.7033854286326712,0.5120677521279746,0.8570421281450826,0.5097825400677735
1,162,0.6985870686830856,0.5016474627687443,0.6715510205489136,0.5221506738250252,0.8335021798283336,0.5339704460679547,0.6557852410571379,0.5035737774594663,0.7070983206255189,0.5112281122058349,0.8626254662330533,0.5089704187084365
1,163,0.7032700312528036,0.5015313502364319,0.6718172803117994,0.5204766134186795,0.8415381864494085,0.5355248682481093,0.6579739050648751,0.5034862558370389,0.7107177758143957,0.5114859057196274,0.8584200811050361,0.5089569109347699
1,164,0.7059713161474546,0.501420590553735,0.6397870089236204,0.5189008346766754,0.8490450182899009,0.5328204641355275,0.6610653777233049,0.5138113405924334,0.6693971655438969,0.5040726570422752,0.8517271471613878,0.5048042976123853
1,165,0.7083055122302216,0.5013152929036887,0.6103742176431688,0.5174210777744446,0.8557797408013267,0.5302664035481868,0.6597480690989349,0.5034290946080994,0.6315928759154402,0.5106801253489115,0.8552186998551248,0.49862595270419363
1,166,0.7079145579562386,0.501215519228987,0.5852367110487803,0.5160346746552563,0.861277995459543,0.5302793852789194,0.6595082490486428,0.5034441967030963,0.5959073041505436,0.5104238105697285,0.851017395401177,0.49865716697959345
1,167,0.7072896342831381,0.5011119550559758,0.5559406406970523,0.5130348472691041,0.8220099240183217,0.5429281211105511,0.659439249005246,0.5038050744607621,0.5666205357587838,0.5100020037816494,0.8474393228374612,0.49869783084684727
1,168,0.7010202278097474,0.5050895436437176,0.5450992521578817,0.5135295995706581,0.8712820508041277,0.5274588049968599,0.666950416711028,0.5138506482143288,0.5495239545570891,0.5099428940202996,0.8196205398932384,0.5052826727029734
1,169,0.6923436464400727,0.5050518882065579,0.5425993716332812,0.512404119484958,0.8754982652967155,0.5260548051903097,0.6705707454126241,0.5072435493924854,0.5489359705604514,0.5185242291176702,0.8407829482462653,0.4987999470272413
1,170,0.6835756740464004,0.513593182038341,0.5435816669540776,0.5160184137521985,0.8695862744277973,0.5273412558544177,0.6679665530681073,0.5105787084879587,0.5466931749495949,0.5133717672826916,0.8564932046437339,0.5034594375650011
1,171,0.6864071844134845,0.5045585334645761,0.5456647342864793,0.5126056740667646,0.8600209521571712,0.5054835528217021,0.6653438274635736,0.5069335786318742,0.5542826093070591,0.515935228679872,0.8439560092937183,0.5076968935337748
1,172,0.6833452655186678,0.5094900753186636,0.5528503008762077,0.5064722152965072,0.8797449849470177,0.5058983649872969,0.6607669564326921,0.5069843558894053,0.5568708096187477,0.5165407451187654,0.846618065849117,0.5071773346960028
1,173,0.6833162568020098,0.5041130621308764,0.5627043025451192,0.510570566635896,0.8577982260494708,0.4839168816735933,0.6596170985231682,0.5066212963047999,0.5585846243769665,0.5153002313044751,0.8347747635904564,0.5066794674591959
1,174,0.6799184954354311,0.5073448185680461,0.5666536040189001,0.5054982577392919,0.8866753571113309,0.5058422531016215,0.657404212796691,0.5066011119414796,0.568432094442128,0.5141262594159758,0.8241523785083174,0.5062038755042212
1,175,0.6889290947243213,0.5035309535689677,0.5783854428286239,0.5088219718183334,0.8545667132418991,0.47415829909928514,0.6541520683155837,0.5063957134296576,0.5795351301757982,0.5254533412375821,0.7916159307545823,0.506550357439437
1,176,0.6891916933466319,0.5034476031371409,0.5837919251904891,0.5104240154586231,0.8612046487728493,0.47618594106314266,0.6546295606179476,0.5097350465530478,0.5861125323917075,0.5129755999214868,0.80144396554436,0.5053211019625377
1,177,0.688731164745223,0.5031921984439741,0.5924220022520007,0.5095451246712709,0.8672491119470315,0.4775927213165488,0.6532885362081265,0.5094011499766642,0.599814973525232,0.5119344875556545,0.7987213908973092,0.5057198253898109
1,178,0.6849614393961521,0.5030896590428002,0.5970174248630593,0.5087297239135832,0.8723108191464742,0.47898516912927114,0.6496773318627758,0.5093389633160462,0.6089231830410405,0.5109591969220755,0.796162526072259,0.505296545843932
1,179,0.685031451321625,0.5028627691177537,0.6004883368035189,0.5079747032170966,0.8768854348303833,0.48095486900494555,0.6471825811146489,0.5086797767155431,0.6200284573799741,0.5100482145724334,0.7938146713274064,0.5048952540947291
1,180,0.6831875834153259,0.5092435816711542,0.5976032305196924,0.5053070972169224,0.8878371578372803,0.5054673472378951,0.6370858070353154,0.5076220303887858,0.6336592400549529,0.5321059961793111,0.7801886908854199,0.5063377021621797
1,181,0.6895413889505763,0.5026821444388874,0.6095628656479304,0.5267115286123797,0.8722408039596864,0.4835935940107818,0.6391297353175956,0.5116028392264497,0.6394719378953081,0.5084112807911998,0.7940413164797746,0.5064024408930179
1,182,0.6936724963607689,0.5026373937296608,0.6157599417053624,0.5248391699918168,0.8770084439059816,0.4848377992740708,0.6369901887024622,0.511643517358211,0.6438075604482547,0.508366787883442,0.8009469925081573,0.5049070353714038
1,183,0.6962836344354769,0.5024529394979911,0.6210461659336556,0.5230467546958547,0.8811124420364791,0.48667096738393695,0.6324021208612057,0.5195468593480536,0.6462673500643915,0.5071011457404526,0.8096303409935015,0.5042540973335468
1,184,0.6993103042977957,0.5023981241803626,0.6282628205212136,0.5213379583580774,0.8849636279769139,0.4878046886443204,0.6349881003862146,0.510099917429879,0.6572084838014481,0.5076991818340932,0.8216627370109464,0.513239149680331
1,185,0.7021504592892795,0.502234250135334,0.6346684756251623,0.5197153828158044,0.8878392122329294,0.491213610531772,0.6371004223797346,0.5093328121537898,0.6605176364395053,0.5070656237820462,0.8207260907714283,0.5118041285113767
1,186,0.7025936269985765,0.5020789338913488,0.640369508473762,0.5181805883673004,0.8908154935778941,0.49213826053349685,0.6390487431768787,0.5089860813820275,0.6631212583288704,0.5075179822818668,0.8250761960793304,0.5110272169145422
1,187,0.7076016003952793,0.5019318843978043,0.6440620584995697,0.5167341521478722,0.8935676779168824,0.49298880879761897,0.6408088982979895,0.5082990153862182,0.6654922833077298,0.5088012799403807,0.8337714925353997,0.5106449430134409
1,188,0.7075084361381595,0.5017928266275095,0.6454360074123215,0.5153757472697994,0.8957940468504749,0.4937668490131588,0.6403047713367533,0.5076527658278577,0.6689497667596666,0.5091343070496847,0.8419669092730635,0.5099234706224044
1,189,0.7054134005864393,0.5016614992429742,0.64676735289884,0.5141042370756156,0.8975760898381668,0.4978463188025697,0.6398578806718994,0.5073334023082289,0.671965237991915,0.5089330115828076,0.8492433949102026,0.5102546946494521
1,190,0.7017101033019094,0.5015376516581475,0.6498627198693472,0.5129177789624239,0.8995932511312211,0.4983324519630722,0.6416039012171424,0.5069596720404087,0.6787166508876232,0.5082469287113185,0.8556026909993136,0.5109114137559879
1,191,0.6944294271682409,0.5014210408329703,0.6468932608702536,0.5118139326655762,0.9013849328575171,0.4987512721702602,0.6450779034414333,0.5064152056637873,0.6854484018442928,0.5076020798608758,0.8613691431627427,0.5101536002063882
1,192,0.6897716580741552,0.5020044311074775,0.6502228427916459,0.5107897685484979,0.9029792640101644,0.4991082730977477,0.6442554582865311,0.515827205300607,0.6882520603984614,0.5067040233221437,0.8649851573289561,0.5095092803932603
1,193,0.6843662344212569,0.5126799714400041,0.651559285386195,0.5108400878695685,0.9033749561588104,0.5026550615406508,0.650503885190995,0.5054289773786853,0.6987832818254789,0.5064315429406481,0.8708722184523218,0.5191291484975983
1,194,0.6890486207577451,0.502311950216474,0.656407131390881,0.5089669427743843,0.9044702401861574,0.5224674008548482,0.6531453350805536,0.5052136394253032,0.6991810606494621,0.5065982965291588,0.8703979871931179,0.5177589217668064
1,195,0.6888824500194598,0.5021527768200515,0.6543993142703246,0.5081608822975783,0.9056040263964776,0.5211196986032443,0.6474731962694203,0.5041542215874476,0.705612784505147,0.5288814575114186,0.8499869621898537,0.510333750017092
1,196,0.6888794035041007,0.5020007531932565,0.6587406363107773,0.507419875972371,0.9064687971734943,0.5197964777977304,0.6512928608243914,0.5079803100024859,0.6949854669943296,0.5060859544116465,0.8746381952924402,0.5152094028563037
1,197,0.6890282628527566,0.501855974287042,0.6628710836709496,0.5067399615847853,0.9072634630158151,0.5205655253527566,0.6516056346415888,0.507398515135511,0.6976434776775288,0.5056204338511898,0.8787705377898639,0.5140334756545442
1,198,0.6854204246085788,0.5019486332473593,0.6669129325709363,0.5061171887039633,0.90806567883445,0.5201537119410817,0.6521837219756462,0.5170627672459015,0.6946754707518676,0.5063999487844248,0.8765202227401561,0.5160019439248027
1,199,0.6816615006158555,0.5020056651378658,0.667947636347787,0.5055476677460049,0.908973851432903,0.5188204903307276,0.6504095909098426,0.5067128419994728,0.7017582383484713,0.5055505590042814,0.8760060890593381,0.523191628398029
1,200,0.6803762929875149,0.5018735137861251,0.6725342386470415,0.5050276095627648,0.8990660018398321,0.517532743778024,0.6487973943386333,0.5064098929441542,0.7021614621078187,0.5051255388223092,0.8751446210567234,0.5221417128605927
1,201,0.6829040900676132,0.5017467956047253,0.6731522001548171,0.5067978912775778,0.8791214914741062,0.517099682947851,0.6474755553414531,0.505916712973279,0.7046385584424717,0.5047256727272273,0.8776058334486284,0.5204486678895309
1,202,0.6447465665378233,0.5116120852855652,0.6660360657506778,0.5030753535198876,0.8672378522448533,0.5239913427548967,0.6147641196166079,0.5028070469095133,0.7081368318877458,0.5225833548803018,0.8592974716382291,0.5156005169336582
1,203,0.614685495447069,0.5015100007615836,0.6714291735052057,0.48394880335855045,0.8750766714910398,0.5184082895927526,0.5924296899571506,0.5078830004771344,0.7068152199628891,0.5158849732088664,0.8511335088858707,0.5169635359766288
1,204,0.5848629646771317,0.5014000408057973,0.6703713291177856,0.4850002910886345,0.868584535634576,0.517228315511122,0.5693867148950258,0.49862502807903203,0.7056360200796487,0.5181710158371314,0.8604284473385229,0.5143056494408068
1,205,0.5538837275989819,0.501490920597652,0.6687540277088263,0.48601868415318517,0.8731720253072079,0.517133067131627,0.5531658658708093,0.5049901055732766,0.7030203936951395,0.5048587824110351,0.8654535348198582,0.5162822439453969
1,206,0.5298466617801836,0.5013894234845545,0.636579920968058,0.4869999627858981,0.8770754718683502,0.517847614367657,0.533062399471959,0.5049365805080971,0.6627651009205243,0.5044928233651439,0.8598783386936731,0.5155053696771078
1,207,0.5182656884270227,0.5116620629371208,0.6094152845731837,0.4859218727842367,0.8627696177399139,0.5189064957018718,0.5227223090810309,0.5043192926182006,0.6436158770242499,0.5064385626300197,0.8350836551732566,0.5137679780385216
1,208,0.5130976713587707,0.5112593021711227,0.5977981020930897,0.5268904739014993,0.856673404376535,0.5203969470635962,0.5210640679897738,0.51082893568128,0.6238909218692723,0.5050941689485945,0.8416602812144497,0.5089207054954278
1,209,0.5136987330866453,0.5011128543682123,0.5945483403381322,0.5308447040226734,0.867375344526241,0.5147301912432561,0.5252278027946986,0.500063821930399,0.6250377495058085,0.5051729991306078,0.8414328559960853,0.5022410908796346
1,210,0.5165874960066899,0.5109784238250775,0.5887886518250295,0.52320670836192,0.8675239129745029,0.5188364095559398,0.5274753436048373,0.49978801362261255,0.6248056640156752,0.5053122573524675,0.8430233963224997,0.5026732310284524
1,211,0.525792091214319,0.5113026666984413,0.5951140058228468,0.5463452479365126,0.8682595526840352,0.5120197365388532,0.531903846981451,0.500038642053589,0.630639460207837,0.504944501583516,0.8393892157345526,0.5024072462660252
1,212,0.5390955798807349,0.5107026238464577,0.6022587984281881,0.5247356237132327,0.8624472326045414,0.4922268015343884,0.5395353278431003,0.5114379773273918,0.6329522012901349,0.5040103438539244,0.8315482866387555,0.501354370781995
1,213,0.5432937875370134,0.5011257432132771,0.6105399988186715,0.5481733532577747,0.8595235613394276,0.49279873496863963,0.5490274734584044,0.5008951346624779,0.6429254572337325,0.5042595989913196,0.8384976674063196,0.4949227264351864
1,214,0.551339128830422,0.5010460372289125,0.6125220181330636,0.5454275522696845,0.8542560180498758,0.4939986354213751,0.5547603064070057,0.5038949163599958,0.6421375913624566,0.503920221395177,0.8504147781203606,0.4958937728577156
1,215,0.5568117209368898,0.500970063131179,0.6145219543894324,0.5427466127496406,0.849644822272339,0.4958281590464721,0.5550109458531043,0.497623160945451,0.6530205684835184,0.5316250727254275,0.8190152448511998,0.49711725052075645
1,216,0.570592109904023,0.5107623803286052,0.6155837961709438,0.519654523707202,0.8498538486667938,0.4966200026957374,0.5712137423508354,0.5037863984998716,0.6521272721587609,0.5120886811932408,0.8242924486750705,0.4967301911968196
1,217,0.5810687882987422,0.5111577605912659,0.6198257107375518,0.5431275502035804,0.8522859152229082,0.4960301676862892,0.5776666797916934,0.5036520419423572,0.6556933135136654,0.5112014679294712,0.8229626738676419,0.49698017556832697
1,218,0.5929227026392514,0.5010032151546596,0.6243976066886756,0.5611334707017493,0.8656844152499953,0.49723229942212194,0.5790702133992082,0.5143690470736749,0.6557183907295696,0.5110483566205624,0.8210015773005035,0.49860956454251615
1,219,0.6038132299833554,0.5010881648913178,0.6257229814823873,0.5577898607902918,0.8707388145993474,0.4986493946521283,0.5897202506207065,0.5106400135006992,0.6577502280199868,0.510190700280622,0.838426295756445,0.4881055018247873
1,220,0.6157612000519241,0.511037252793276,0.6268431075984725,0.5313290413510124,0.87182087690624,0.49939993058196447,0.5987885796940059,0.503567219721478,0.6653995086864535,0.5189228203110976,0.8357919141769794,0.49130277690111884
1,221,0.6248665195501432,0.5010721580187448,0.6344055573066116,0.5512443795933655,0.8665829062430139,0.4780937601771538,0.6049091472683571,0.5035587810071994,0.6689786217149307,0.5175349528679746,0.8332620877863552,0.4919777982196473
1,222,0.632853607759369,0.5010129644899297,0.6326780299641738,0.5480723701956081,0.8716865425644625,0.48135094226162173,0.607131431518862,0.5133159978210917,0.6701249629385255,0.5172585211318073,0.821757119422273,0.4923651363231118
1,223,0.638402225289275,0.5009553282803287,0.628652834088523,0.5449854677460281,0.8628748710759871,0.4828887871784788,0.6144562622211982,0.5034909811432955,0.6786130427474784,0.5243408045336291,0.8335383441312813,0.49470792831741717
1,224,0.6447700318862564,0.5008993004024693,0.6258837558635789,0.5419953680500018,0.8684123807715611,0.48433013439270134,0.6208537910934304,0.5027483927802511,0.6828239918031344,0.523556697738504,0.8358392527976355,0.4951994940573018
1,225,0.6507100501119852,0.5011923208860538,0.6249076786889493,0.5409404364181597,0.8731552246902099,0.48682501873025075,0.6261085938339613,0.5030325612900253,0.6844228595364342,0.5227964114893763,0.8284730536612485,0.49565205761673176
1,226,0.6562708558197464,0.5011213587548706,0.626795724465639,0.5380837697530814,0.8776396474361695,0.48805606845322885,0.630956099070426,0.5028524192651372,0.6883996115472528,0.521022140147336,0.8266713704264185,0.49750273444746224
1,227,0.6630411737971746,0.5012629283780298,0.6316046961299562,0.5353470490873323,0.8815313786951703,0.4891903347028928,0.6300395292878589,0.5034726290586462,0.6839273450930039,0.5148483464451483,0.8395891176214608,0.4973905364149074
1,228,0.6649624826510157,0.5112727013325493,0.6351761879280218,0.5395911755149482,0.8814795122809483,0.48759676429647447,0.6336772499302706,0.5025030687474751,0.6856333548906431,0.5177807129043748,0.8177912457009793,0.4887985151607865
1,229,0.6746055682006711,0.5011211720020377,0.643664415054198,0.5314377253806394,0.8868145740668888,0.4718829422786835,0.6360153113598737,0.5022114767456186,0.6834012933920126,0.5163115718846765,0.8121630470115206,0.48972340488240756
1,230,0.6773631140370926,0.5101854286858677,0.6380886385636838,0.5191179924081383,0.8809312077025407,0.48343189062860104,0.639975650386176,0.5023927441925875,0.6808810937650339,0.516606570119581,0.8069301376116661,0.4905887068114627
1,231,0.6799947340686971,0.5016191800321158,0.6429299129734536,0.5424297770709325,0.8701019751591083,0.48167789263751126,0.64384635083424,0.5022438161121779,0.676901950719649,0.5152435022640385,0.8028007715038685,0.4913955427361365
1,232,0.6805682473663025,0.5015209308295726,0.6454558555872967,0.5396938371174276,0.8535420550676989,0.48349467954299946,0.6468731948368368,0.5021002413062544,0.6728836143801469,0.5139719299416341,0.8037900814147904,0.4921454646057268
1,233,0.6831207145543895,0.5014251068991673,0.6478635591387758,0.5370514714052347,0.8493194020197866,0.4851635943336171,0.650360113292905,0.501962290502021,0.6695374868519279,0.5132817276413175,0.8093093860003895,0.49284038882706216
1,234,0.6874868185879434,0.5013320772154312,0.6526273086211156,0.5345091717171254,0.8453462747890254,0.4866903418086353,0.6525816900398375,0.5018301534066233,0.6710043347352327,0.5121753719634097,0.8191503407169122,0.49442616157641156
1,235,0.6911215044472507,0.5016488346972522,0.6546659352961016,0.5320723862872853,0.8523978239398893,0.48808154817913957,0.6561652498535363,0.5014738170297787,0.6715082678328622,0.511147917754218,0.827886639170249,0.49496033565230946
1,236,0.6942163991485624,0.5015551027590506,0.6516814561705506,0.5297454570844583,0.8589261920722232,0.4893445514845048,0.6560212603040358,0.5013592796628717,0.6725235025907864,0.5101956189273358,0.8357528336521509,0.49608858815188384
1,237,0.6952200761280672,0.5014631318453412,0.655083300986575,0.5275315869692874,0.8646213479723327,0.4913533781410107,0.6626775704574154,0.5017303377619883,0.6682004823172685,0.508771289381306,0.8180977084539314,0.5194083004501407
1,238,0.6961312600086804,0.5013732739310544,0.6586789111462042,0.5254328376577082,0.8696227144942178,0.49238214968462896,0.6602053025842287,0.4976071314966905,0.6776920181780337,0.5085010358077963,0.8400628785752773,0.49976397359247116
1,239,0.6966544363559384,0.5012858556206476,0.6594292558545252,0.5234501574237811,0.8742161663878789,0.49330231845326444,0.6618836603605165,0.4977567338028456,0.6798459260892865,0.5077509550109118,0.8418680211205478,0.499858355765328
1,240,0.6973517232656979,0.5013736488142453,0.6627002146420242,0.5215834357503267,0.8675279343240963,0.4960809872475526,0.6635866339275285,0.49753573991577266,0.6815809887759197,0.5070605251272287,0.8388658533195253,0.5000757785258579
1,241,0.6923771469373786,0.5012906602637487,0.6656811413508449,0.5198315808162031,0.8613414962553233,0.4978141245259285,0.6685800636124863,0.4979677593823554,0.6830205096797195,0.5064259628887833,0.8361864783246569,0.5002538043339709
1,242,0.6901371953677681,0.5012099840053661,0.6687891246058418,0.5181926148598694,0.8558292160509705,0.49833528101209507,0.6674671341426626,0.49854949954463884,0.6819193756960767,0.5068828236983844,0.8288944202120587,0.502360606718922
1,243,0.6844362917723179,0.5011318463826081,0.6720964234692041,0.516663782082048,0.8512911487090513,0.4987756962013873,0.6693118816828959,0.49866277412226034,0.6772567798823544,0.5062775935299166,0.8318841543162009,0.5035822332141365
1,244,0.6866811788745181,0.5010564480325577,0.6688830038550029,0.515241663797628,0.8579014283681448,0.49914424887048664,0.6639930208779442,0.5059877352064072,0.6711158325938907,0.5058908034759348,0.8431047837156334,0.5038128499367177
1,245,0.6968627608169619,0.5011544613613663,0.6668894334390627,0.5139222959366962,0.8635488986636386,0.5030163713517933,0.663297698815919,0.4988108723633574,0.6741226302992869,0.5145829349376173,0.8445756540332385,0.503864951466237
1,246,0.6956735921243448,0.501083851092073,0.6657928590377599,0.5146462544784525,0.8686128585971898,0.5043697015143814,0.6586221534983812,0.498911342229539,0.6741234639309104,0.5134659088855027,0.8413228958932818,0.5046140885647646
1,247,0.6993119046892368,0.501015507931215,0.6641982377604823,0.513415508970425,0.8731576497980953,0.5051849590006288,0.6523078260362679,0.49900541523469155,0.678214855480631,0.5124132534395862,0.8430192752809592,0.5044847597715058
1,248,0.7010298672005282,0.5012475825339495,0.6614382003146796,0.5122727241900763,0.8665488880693524,0.5052113509643008,0.6488841885409459,0.49938327871771,0.6814054419675628,0.5114240127319387,0.8444721572633881,0.5043339797854727
1,249,0.6996421897349648,0.5011717047372571,0.6540958915036664,0.5112138782145483,0.8388348418388504,0.5115268126805886,0.6435808480607337,0.4998121304608179,0.6836383117385448,0.5104969156639191,0.8365192652128692,0.5041659534223107
1,250,0.6986548748777504,0.501097770329031,0.6539271725009406,0.5102347994690932,0.8251428914190913,0.511167723911029,0.6403342291040467,0.49985653077894565,0.684751698217574,0.5096303923607,0.8387124859523397,0.5044667386890402
1,251,0.6978968650305115,0.5014533882568966,0.653818095730063,0.5107238789661032,0.8126627855838053,0.5107634168050632,0.6391545584179845,0.4998631353817622,0.6850063832466575,0.5088226001883513,0.8407863622338464,0.5042683101861104
1,252,0.6931063208339524,0.5120187566260649,0.6493617508309277,0.505652180005049,0.7705781961320692,0.5134671141977931,0.6403563566619462,0.5000340145705647,0.6890152438640018,0.5091128630668277,0.8425846441160474,0.502997334832839
1,253,0.6963688035681959,0.5016574952556985,0.6506240910623342,0.5279251810385885,0.7804008287756936,0.5120003079945967,0.64150516795756,0.5001648749929646,0.6910797642407447,0.5083442853968947,0.8442463073556825,0.5033151581117133
1,254,0.6956717712081162,0.5017816126885334,0.644821010904209,0.5260568239435738,0.7831035403637939,0.5114801286385192,0.6462009458481583,0.5002709067665038,0.6925212406350171,0.5086553414454879,0.8409075254423947,0.5031668167086235
1,255,0.690975773063971,0.501660983298371,0.6454112167855139,0.5242566495428413,0.7742223012069601,0.5109379925967593,0.6497741750934389,0.5002939660306488,0.69522939055983,0.5079245237615535,0.8379200436823548,0.5037410788372624
1,256,0.6888621174078272,0.5015450917038693,0.6484841625235679,0.52252963526797,0.7663896606595629,0.5103813189331668,0.6473984194073507,0.507791225415881,0.6904876826043507,0.5086839326507083,0.84341848317812,0.5018378266766833
1,257,0.6867745800358256,0.5014342005961746,0.6506762930996327,0.5208797771119194,0.7594220647381581,0.5098169146742606,0.6518598160539186,0.5004015625172922,0.6948599427340589,0.5168380864581313,0.8361151009048828,0.5034161851132315
1,258,0.6867607658673026,0.5013285093875445,0.6487275446185116,0.5193100633473186,0.7645143525463072,0.506855015153135,0.6503594563280022,0.5004119348576073,0.6957686710572987,0.5155596931101878,0.8383082350704878,0.5032473354463752
1,259,0.6870880513285507,0.5014353139715799,0.6511393083363212,0.5178224826721015,0.7799429333967713,0.5064598444143481,0.6490151600653028,0.5004179319709419,0.6964788515490585,0.5143523572918213,0.830888659742791,0.5039861810648516
1,260,0.6924414838656319,0.5013366258844412,0.6496846446881188,0.5164180623652807,0.7826882443788661,0.5060665054736554,0.6465378249249516,0.5001617436249652,0.6965602527500587,0.5132156824930966,0.8336956502658254,0.5053182448622516
1,261,0.6919529797221334,0.5012424077782573,0.6488316031393355,0.5173612153452187,0.7853756381696153,0.5056786831719117,0.6477556514431734,0.4998754436592156,0.6961804018168409,0.5128691511433205,0.8361663546465576,0.5065609095737311
1,262,0.6890712386949108,0.5014787330167447,0.6493179033011938,0.5159757071739673,0.7986236623956717,0.505299500529757,0.6523876015099128,0.5005816536260977,0.6981489086231178,0.5118410539656971,0.8288926254079125,0.5073735221946011
1,263,0.6810883154305138,0.5013779303371161,0.6493249579834325,0.5146755570474292,0.810099698968427,0.5097571830191758,0.6466159944046413,0.5011301475277907,0.7014230370583259,0.5307068691592631,0.8025444563651268,0.5065757710645228
1,264,0.673640292954343,0.5091671285606197,0.6458882867170387,0.51570266069159,0.8210127943451315,0.5104790832245415,0.6492342287997455,0.5013016502838663,0.7013462059740195,0.5294873076330533,0.8105444862599742,0.5062135463074297
1,265,0.6770699747854908,0.5011889762807972,0.6475542027632949,0.5123253213748523,0.8167458660246462,0.48859977226245255,0.6508028636224332,0.516919201305804,0.6910205843796751,0.5091267079796192,0.8149762859453789,0.506742253266747
1,266,0.6801338184969354,0.5011011041364014,0.6438268286596228,0.5112707275107702,0.8159204629161702,0.4895364944038855,0.656684709525918,0.5156249897179094,0.6913453568896895,0.5147995197912805,0.8158542260718203,0.5074007561863099
1,267,0.6880627026460655,0.5010177520809277,0.6399023173703355,0.5102926825577139,0.8261862182332119,0.4904237731477322,0.6583842412081127,0.5060082893868083,0.6896773457650713,0.5241893268760759,0.8225166079407387,0.5075325037779054
1,268,0.6919361232783499,0.5009389562589717,0.6343646028234085,0.5093878893744436,0.8353844280369455,0.49125966074777067,0.6579337916060097,0.5060921351268765,0.6905032146802258,0.5230238950060165,0.8164203274403897,0.5070777277060057
1,269,0.6976256427089758,0.5008647134357976,0.626328155919822,0.5085528037638632,0.8432948293442166,0.49404409190203386,0.6578893859887937,0.505898412787914,0.6890172659128148,0.5227430710573795,0.8108635355546192,0.5071132427374229
1,270,0.6991442576025327,0.5007949835264476,0.6211700821882303,0.5095207041272191,0.8398827894243797,0.49465685907533796,0.6556619580330304,0.5058581863159507,0.6899101152935178,0.5221834705248991,0.8063548461577065,0.5066744919729876
1,271,0.7019518690114059,0.500729692831753,0.6206930247682694,0.50873586248385,0.8475368619675333,0.49725285801189834,0.655703771350974,0.5056041606373514,0.6905096865779343,0.5205836367257853,0.8023842675220323,0.5062475823147455
1,272,0.7022578395026101,0.5006687378033119,0.6204882090865196,0.5080064057452457,0.8542262469337667,0.49947983921977573,0.6535295547650699,0.5052517420402073,0.6917568459077641,0.5200965916805885,0.7985798165823543,0.5068724288538383
1,273,0.7029491260169929,0.5006119891519618,0.6255260861666966,0.510574701061171,0.8601988706733735,0.49981868804752466,0.6479914293368368,0.5132471835851422,0.6853330300119621,0.5197866921723553,0.7923574890407268,0.5084320605772755
1,274,0.7055376385448019,0.5005592961202896,0.6295559076601378,0.5098051626159827,0.8443357034862078,0.5010928424952446,0.6502956818150122,0.5047456740040193,0.6868677188996132,0.5265084378148646,0.7957911052487757,0.5074646937100473
1,275,0.7057652447635465,0.5005104907563865,0.6341902495775015,0.5090784089025393,0.851477949565638,0.5028393594257605,0.6491105773668986,0.5044276153571623,0.6882770718047502,0.5245136793701213,0.7973079400207185,0.5073635335703404
1,276,0.7082816959756726,0.5004653920500802,0.6362892184701112,0.5083932375010684,0.8579347227148374,0.5029596011446306,0.6476397888618085,0.5041921533000517,0.6894631642305913,0.523050646717637,0.8032597015284403,0.5074053182128857
1,277,0.7101440942432036,0.500759596310084,0.6386306883412743,0.5077484443040514,0.8638549939819639,0.503032314005835,0.648276877121023,0.5040360411489478,0.690457142101758,0.5212661905597746,0.8038750122423693,0.5072731263829819
1,278,0.7048319152734391,0.510520933860138,0.6383790684211283,0.5053540530051005,0.8651413622855727,0.5036669333718958,0.6484163207989923,0.5041900574559653,0.6863001228973471,0.5199107378774017,0.799512093399399,0.5058396059409307
1,279,0.7092704334032418,0.5006521474980686,0.6429139822264041,0.5267295921775811,0.8725535768331607,0.5052151822329188,0.6487766767195124,0.5038888549582904,0.6832554698433648,0.5183359904837773,0.7866944746125071,0.505536672898163
1,280,0.707020553802028,0.5010300090207195,0.6471047978684916,0.5249078802030971,0.8768788504590228,0.5050452449820919,0.6525823206254495,0.5037846128976204,0.6820298329754316,0.517127843024128,0.7892545103997111,0.5052397941734256
1,281,0.7053753995947959,0.5009538464249373,0.6487013495510849,0.5231549546800939,0.8809140422443758,0.5048510776288968,0.6528262160510719,0.5036528908472605,0.6834834803697539,0.5157534329592807,0.7914969308097272,0.5049496313467919
1,282,0.6997378067061659,0.5111650562103247,0.6498754966001172,0.5039518950430972,0.8825037362864508,0.5070776727944862,0.6529540882390579,0.50327727736166,0.6828705662787176,0.5144712325018926,0.7887426442175818,0.5046667922320917
1,283,0.6986324624009023,0.5012111559487644,0.6560737785503254,0.5327034750854379,0.8860230126595282,0.5066262064802008,0.6535710837364725,0.5030391780252688,0.682490114940971,0.5142029976757294,0.786184220062624,0.504391831023415
1,284,0.6935403928102277,0.5011184868115626,0.6519524723136134,0.5307813802734713,0.8768935340386215,0.5063386174526798,0.6493148043775762,0.5028207197981263,0.6801974329014965,0.5133243500589745,0.788512670925306,0.504842275849247
1,285,0.6891777629691044,0.501030963481363,0.6521300255019982,0.5288974340630264,0.8809772132735573,0.5074387896116835,0.6396594713411531,0.5106089171355258,0.6888255918118912,0.5354659134968739,0.7716149818211198,0.4994593367018887
1,286,0.6850504802800899,0.5009485844279555,0.6561491555081919,0.5270599023173046,0.8846126639338172,0.5093346815743761,0.649396043365716,0.5064241010589433,0.6895637654969966,0.5118163980625274,0.7920264474447849,0.4992990780444088
1,287,0.6815912879222795,0.5008713027456236,0.6575429372464892,0.5252762688679045,0.8878340347913871,0.5105837313562037,0.651985481343032,0.5059687634668922,0.6900143335154806,0.5117809495700973,0.7892411768272152,0.499467470826177
1,288,0.6801506934456372,0.5011109195135781,0.6611584376652236,0.5235531179849752,0.890592692227387,0.5100976069842293,0.6478785906218798,0.5059735380252828,0.6914949713003281,0.5108474508710817,0.786757621432611,0.49961936112295446
1,289,0.6850330388592126,0.5010295281263897,0.6625724530522286,0.52367710904081,0.8813004858671416,0.5095983335145822,0.645134611035163,0.5055326378283636,0.6936389260672097,0.5099766783895476,0.7851058325789054,0.501214779810054
1,290,0.6833482946708178,0.500952335087473,0.6640206098157614,0.5220075549656682,0.8626498746315739,0.5090914258908432,0.6448012996216331,0.5051153399144477,0.6969857787435796,0.5096294461363453,0.783330651040341,0.501845293048789
1,291,0.684266744190479,0.5008793503746755,0.663232950270336,0.5204095910894955,0.8458272908169435,0.5097917378802498,0.6463456194964807,0.5053211113398565,0.699806184213565,0.5088688815705444,0.7818876573030947,0.5029293978067844
1,292,0.6810787110172617,0.500810553560426,0.6627593518448734,0.5188867539522138,0.8202754659018222,0.5105780136218128,0.6475047909808705,0.5054595224781032,0.7021691467360686,0.5081596919937336,0.786053427579482,0.5028956525373499
1,293,0.6416988925624497,0.5007458957167648,0.6600286403456667,0.5174415148057427,0.8085978181477359,0.510011640294559,0.6196268391437505,0.5054969919641513,0.7028982067999673,0.507499169121067,0.7895446450907777,0.5042168423313945
1,294,0.609342090952639,0.5009340022926145,0.6286724665127057,0.5160753291339397,0.787156598557269,0.5103608704102444,0.5945518723526324,0.5050878618548222,0.6592106600949109,0.5068847159430917,0.797077997451927,0.5044165270244358
1,295,0.5804970252622593,0.5008700393857192,0.6010060177906199,0.514788708605208,0.7785945402161508,0.5097944393230688,0.5712088778955531,0.5047018015638484,0.6238462747121901,0.5063138403517189,0.8084599039977279,0.5042755267676773
1,296,0.5543826174397781,0.5003983996094038,0.5752246295506701,0.5157690382390273,0.7922399206403167,0.5070913096657945,0.551023250164115,0.5043384245040773,0.5924248079093527,0.5057841477489515,0.8141059410596777,0.5046706692177727
1,297,0.5306918787779005,0.5003669784555347,0.5526152211576556,0.5145037204369465,0.7939220873275022,0.5078204863767152,0.532945996553893,0.5039972291372554,0.5612956462274953,0.505293333644065,0.8241656080166468,0.5059634099400651
1,298,0.5096139702687069,0.5003377238047234,0.5411392423860928,0.5133175998638909,0.8060088845451955,0.5089754949824944,0.5153833912366552,0.5036776150946743,0.5555172371703269,0.5058389011712305,0.8335796797043231,0.505699396544109
1,299,0.49032220774586516,0.500310511148457,0.5358742509455988,0.5122092000046649,0.8171886896774223,0.5084779168422792,0.5005609127407182,0.505935868902552,0.5569480029372575,0.5065687526631534,0.8520537456363402,0.5067853207315324
1,300,0.48543201848195183,0.5007099720702669,0.5288202945702164,0.5111764787963333,0.8272260896740724,0.5079847524550024,0.4995452600598181,0.5031003285143958,0.5646931302306626,0.5063393413332741,0.8328322677395581,0.49802269674320493
1,301,0.4841146735177163,0.5009261733081658,0.5317225215346277,0.5102169284702794,0.8359136498168109,0.5098728325776472,0.4966921275651541,0.5128008052755938,0.5765513976534709,0.5062470111457807,0.8276251172438452,0.49762657249771436
1,302,0.49295105233847947,0.5011033981280237,0.537138285026254,0.5093276711067097,0.833151189371954,0.5102198537378496,0.5000110344813171,0.5026003602711058,0.5918234681999497,0.5154353421895347,0.8300891967833015,0.49943474412683075
1,303,0.5066118703267202,0.501190416333882,0.5469829598949327,0.5085055478679239,0.8308570007283259,0.5096727934819185,0.5040949217351741,0.5023772384433518,0.6025927213176124,0.516390382622701,0.8243709876851281,0.5002897975456329
1,304,0.5156698000024108,0.5011267547212795,0.5581847149373516,0.5077472004837352,0.8287771637857444,0.5091318844014,0.5097035583569853,0.5021708376141004,0.6122827402592554,0.5152060817473949,0.8192274074286023,0.5013346904714764
1,305,0.5223796062967923,0.5010641082064679,0.5678218124377752,0.5070491441058869,0.837428633455948,0.5093842354488786,0.5195053391765244,0.5027183770082754,0.619141199004739,0.5140783041286282,0.8145174206170919,0.5018872109286318
1,306,0.532436547524924,0.5010026512833374,0.5761807094160549,0.5064078311151834,0.8452848995399768,0.5088555172054353,0.5310413909935637,0.5031186446499818,0.6277413771866195,0.5130083059739942,0.8104723814653977,0.5018978825574388
1,307,0.5388012803278754,0.5009425638110662,0.5877591189728049,0.5058197058498839,0.8521265644357523,0.5104097048120587,0.5385282128324368,0.513075336080579,0.633132592818156,0.5133135643227756,0.8060847942163788,0.5016954983442102
1,308,0.5494535578628299,0.5008840248986237,0.5925808530734232,0.5052812505270602,0.8584972430855278,0.5098604181519474,0.549085291162851,0.5033846311889121,0.6468493896122832,0.5210081007473946,0.8167524014824594,0.5018582512905497
1,309,0.5623580424180633,0.5008272070778591,0.5947659792407796,0.5047890228548095,0.8536375533155445,0.509318340521091,0.5568726230045536,0.5032798122498654,0.6591855037605588,0.5341494234895177,0.7982746822762633,0.5020712525194783
1,310,0.5378420669414212,0.5007722710202422,0.5968397388697431,0.5062895891347886,0.8597014210383243,0.5107906568551528,0.5390592640490177,0.5071446204429385,0.6630084731985469,0.5186113671343251,0.8219293036273218,0.5017572838268516
1,311,0.5160435776226773,0.500719361006464,0.5967948983312925,0.5057759250280867,0.8652887043675025,0.5101581749673548,0.522681907518596,0.5066653462920734,0.6746216458757758,0.5182307546746052,0.8263317528964867,0.503257924358461
1,312,0.5089417267142464,0.500668601300209,0.5988888887087266,0.5052981912970922,0.8703230220049952,0.5110021377628388,0.5115984707358489,0.5062057237427628,0.6771657324457121,0.5168156079649927,0.8351494754537002,0.503703279129196
1,313,0.5150003978029843,0.5006200935133349,0.6028119646285206,0.5048545143292364,0.8639366941658647,0.5116239393707279,0.5096743562168538,0.505766458608183,0.6794523573847082,0.515482217929655,0.8384815955075146,0.5035288876254959
1,314,0.5275584110604041,0.5066105309045772,0.6036040521946486,0.5028211431573973,0.8775506065413335,0.5139282333141227,0.5078654564538635,0.5055396737712124,0.6834751302698787,0.5142300471710898,0.8412369556888311,0.5033482552052849
1,315,0.546903462621805,0.5108254433334216,0.6089342414058578,0.5285631332381747,0.8539444367789573,0.5088774626095728,0.5114541937770319,0.5052651390740072,0.6874151859384283,0.5130578756283423,0.8438617058995006,0.5038929052586255
1,316,0.5589273335292041,0.501158243291696,0.6137004576256277,0.5250183551142161,0.8432713791569884,0.5320415264199486,0.5239347324370552,0.5049848315838914,0.6956825093128389,0.5025121402247317,0.821355676223982,0.5047165348267216
1,317,0.5708909108617518,0.5014180671582944,0.6167110433770163,0.5232448864291275,0.8509184627208369,0.5299185792200959,0.5326802133809588,0.509071409551759,0.69763387319386,0.5123760028485458,0.8437826693552622,0.5043420176011076
1,318,0.5841989120994804,0.5013264459311185,0.6191137205456634,0.5215482071299409,0.8577377686372264,0.5278688533943445,0.5427442496609142,0.5169421800424459,0.6950421779517518,0.5106245321934147,0.8513950522866964,0.50489481949152
1,319,0.5932817335287273,0.5012377293959802,0.6253826397403115,0.5199320964038444,0.8638254244421008,0.5258990651076674,0.5567408802532041,0.5078191925654568,0.7021127456386885,0.5197805244973369,0.847062457757079,0.5061401930249154
1,320,0.5971128948174145,0.5077136966163023,0.6257487414692103,0.5036073216634313,0.8865589324702441,0.5280181581650786,0.56524653434607,0.524626683540395,0.6895480219198536,0.5168355156852035,0.8481380588294838,0.5072254810899547
1,321,0.6137594718537834,0.5079449475230614,0.6263023602739811,0.5033114910392545,0.8770979870214187,0.5259237964764214,0.5769764897902299,0.5066898164705738,0.701752969616876,0.5244798148645142,0.8538581139772397,0.5158636770254019
1,322,0.6208105148814399,0.5016247831989633,0.6343746038475664,0.5377081380494124,0.8629478055378675,0.5228961327245696,0.5868324213803117,0.5071290507510509,0.7034833549531555,0.523252843356191,0.8505078817359335,0.5148239265696607
1,323,0.6291320615081846,0.5015158271667123,0.6367601384449727,0.5358019053015446,0.8687209133726628,0.5229809332218213,0.5926737821236652,0.5065918474994626,0.7052947432070691,0.5215761860673326,0.8475134221895435,0.5138168554088518
1,324,0.6386274560468015,0.5014110473727279,0.6410607832268169,0.5339042843292549,0.8738001705501158,0.52121601857085,0.5955738408799952,0.5066057326299982,0.7053674928144091,0.5199802547346032,0.8449331588116107,0.5128465770794199
1,325,0.6415655844692478,0.5118293097391848,0.6376859707538366,0.5396264728283658,0.8719632209658306,0.521055385189676,0.5959119425217485,0.5138805900422024,0.7014532439458563,0.5195322189139152,0.8449247843369597,0.5127108406614692
1,326,0.6497125830833701,0.5013904946144581,0.6425766269072969,0.5105802143399082,0.8812653015995634,0.5179825381177674,0.604693896690258,0.5057341241624574,0.7086051554149057,0.5264092010452758,0.8438823797136634,0.5119765919741358
1,327,0.6554777800643916,0.5014315698430851,0.6459891454647698,0.5101343578644547,0.8848803018676765,0.5165130208198636,0.6119325661711554,0.5052939712411534,0.7100417781089456,0.5244149540884064,0.8462467555090732,0.5116281062077175
1,328,0.652858043864046,0.5013427264580694,0.6494170428435699,0.5096731049785747,0.8882292910899802,0.5151395599794453,0.6164765445083846,0.5048810674106252,0.70729021990173,0.5225281237547422,0.8481817367582718,0.5116552767805108
1,329,0.6552458202724137,0.5012571960630107,0.6517562571341597,0.5092005496893003,0.8803723210614838,0.5138596764879596,0.6206387042378917,0.5049066730504476,0.7069009639869037,0.5207491317490718,0.8452350482801552,0.5107819362844856
1,330,0.6632625466173004,0.5015449794090061,0.6536916564634415,0.5076307937582181,0.8257287299083382,0.5431637704786245,0.624423548864154,0.5047179165405975,0.7001782906364091,0.5190774104342701,0.8475345500847659,0.5099546146972315
1,331,0.6574115401883892,0.5053906923877232,0.6603450766729639,0.5082383758577274,0.8652727057933225,0.5133462925641293,0.6318320406507133,0.5044941162832867,0.6915385588442152,0.5175114962890731,0.8447340474276357,0.5101817722808293
1,332,0.664372094564457,0.5050342471317906,0.664363482556483,0.5077570128464874,0.8590066335656826,0.5122303203350123,0.6363376618670807,0.5042708914745136,0.6829853161813562,0.5160491356029103,0.8419801444848047,0.5098662493226904
1,333,0.6685693971550021,0.5049091299580419,0.6682324998221993,0.5072806267978397,0.8647865403970959,0.5131774059723598,0.6408007544964913,0.5045975870153071,0.678935617930353,0.5157290452246832,0.8482763262925359,0.5094309979794779
1,334,0.670167824454522,0.5049534036870202,0.6710949936150618,0.5068126929303552,0.8701950142410154,0.5121069968493411,0.6432457357288344,0.5044722490646208,0.6774759870178293,0.5143925992202526,0.8548088574506292,0.5095725751713294
1,335,0.6741275304109597,0.5046103453872749,0.6736953612787058,0.5063562908989364,0.8641819882253763,0.5111080865166214,0.648526178056594,0.5045883260857338,0.6775046036147485,0.5131521508827886,0.8559260945121893,0.5088554442015056
1,336,0.6758908871352302,0.5042818880490902,0.6719193078285972,0.5059140655691653,0.8584957046124948,0.5120126030667331,0.651400019432192,0.5042739799680591,0.6783611098812606,0.5120036140867505,0.8569876348698239,0.5081795116675014
1,337,0.6768322367529922,0.5098556850153131,0.668585099617215,0.5064029105457499,0.8724600713587343,0.5144954153123454,0.6523895915267662,0.504413516034963,0.6792612848239348,0.5109426133843467,0.8627139882754759,0.5078696761136934
1,338,0.6800793330986666,0.5036710209197959,0.6715062145011251,0.5050804612921439,0.8566835957905112,0.533500246747207,0.6508555815274955,0.5043366687654669,0.6795525561407683,0.509964576549,0.8678472226034404,0.5081107623598321
1,339,0.6767716398320662,0.5037835753207685,0.6700151388735011,0.5046921262554855,0.8516424495117045,0.5327030294551564,0.6493043847792211,0.504185295027039,0.682060425147001,0.5100872040557982,0.8678237111071477,0.5075096240209998
1,340,0.6734057659678399,0.5134955589011303,0.6654077440531435,0.5040893882089129,0.8381367710942936,0.5328452842685443,0.6527042078867163,0.5038960178202142,0.6879552658696697,0.5091920395011897,0.8678624711001103,0.5069430872985863
1,341,0.6766590681993435,0.5032537313637123,0.6661276575316943,0.503976906229126,0.8421306424398898,0.5093413659876637,0.6515030667826802,0.5038302914603042,0.6916393737609006,0.5083681496439972,0.8627513897851383,0.5064102360437464
1,342,0.679132696911181,0.5031616691259636,0.6654086351841934,0.5036507401803088,0.8281580796118796,0.5086013946982211,0.6484966952815711,0.5035650876229422,0.6928481745370414,0.5076111472593378,0.8632994998418944,0.5059100678591919
1,343,0.6746276628036484,0.5106662919627614,0.663164892601747,0.5039030962380482,0.8158224500620079,0.49371287217372267,0.6439875173000867,0.5142359371111048,0.6883564232268379,0.5056269755398439,0.8556564812291744,0.505440541380135
1,344,0.6822602051863392,0.5027137993426027,0.6634886692488876,0.503060887886379,0.8017563601770543,0.5232929242992744,0.6470842533950918,0.5034811441945463,0.6960349316488091,0.5148419367084553,0.854936362782096,0.5050034220324888
1,345,0.685303354663027,0.502936065109088,0.6632389711283246,0.5027963426739265,0.7914208225926657,0.5244781796385268,0.6459283446334902,0.5032248122528177,0.6947426549440927,0.5144253712696909,0.8465204098264404,0.5053649854114853
1,346,0.6842661803190977,0.5007625061065719,0.6623174112372301,0.49640886430825876,0.8544240865914811,0.5270583367105809,0.6482538103016682,0.5029821603519339,0.6998461339404927,0.51438274715408,0.8389990245915044,0.5059134099352611
1,347,0.6912802880671501,0.502504254213157,0.6728837746869211,0.5209755210391224,0.7986626341205196,0.5228364335189805,0.651210306124982,0.5052597909763451,0.6968263564353406,0.5126073464614694,0.853246461656357,0.5058265676236009
1,348,0.6926858815075426,0.5023075113509018,0.6736731853561934,0.519685533034488,0.799243446702736,0.522852371898101,0.6569219367263788,0.5050266422428434,0.6991451321384019,0.5116607991982638,0.8595429826904036,0.5053733967768953
1,349,0.693701353760374,0.5021231048190182,0.67240686951159,0.5184212218243113,0.7999439172822385,0.522385034126809,0.6591255794541807,0.5027911098549931,0.7041921597099736,0.5241270054521442,0.8472587567195676,0.5064080136489105
1,350,0.6970767715347191,0.4981750329549099,0.6736958434065444,0.49759580810545373,0.8757623304856321,0.5246166854876607,0.6590111225583061,0.5029053495531572,0.7061311906413842,0.5225930030353416,0.8540337503323479,0.5065429309626306
1,351,0.6994674394296091,0.5022787162415207,0.6842484276584369,0.5283149136641443,0.8047267224832317,0.5198331761589602,0.6592586871423799,0.5026975834776294,0.7097999054649666,0.522075131969063,0.859994828535503,0.5073324487136426
1,352,0.7053731786865989,0.5021145801236535,0.6857480490354567,0.5268152058326291,0.8168618012156114,0.5185917864851762,0.6520426780181658,0.5032192043299755,0.7143639475813748,0.5431681516865213,0.8391115749519324,0.5068520855932879
1,353,0.7076321175025846,0.5019593335545304,0.6834820188550991,0.5253185009280135,0.8161939215890064,0.518618777170248,0.6613468024308361,0.49897177408376486,0.7113622821365617,0.5191587840739049,0.8651042551189814,0.5068282862809099
1,354,0.7100593281505697,0.5018127573434561,0.6793341731759936,0.5238349509385464,0.8271523033911856,0.5174190742804579,0.659201048892049,0.49924964663253807,0.7127365273108579,0.5188245980695902,0.8694694695898562,0.5063761165407383
1,355,0.6707198227423162,0.5016746289102688,0.6759046258678681,0.5223739884747755,0.8261056537707875,0.5162561575442004,0.6288819073125465,0.4999080613395585,0.7137472323488407,0.5190349257356812,0.8687370958386789,0.5059418249141633
1,356,0.6515085450744496,0.5015447191311181,0.6751232578902037,0.5209441847273157,0.8352004220272095,0.5161532997446133,0.609625571998754,0.5105876855219548,0.7048859556934545,0.5172796445631402,0.8658319925678877,0.506425586410663
1,357,0.6452315279557777,0.5014227896793594,0.673706875860981,0.5195531397263349,0.8438270714242666,0.5150655389372335,0.6035422867201151,0.5077858548755676,0.7005979749421878,0.5184167259914431,0.8778649868097922,0.5063688795279456
1,358,0.6421227411256085,0.501308591061166,0.6744417360621565,0.5182074075826039,0.8514897244910351,0.514020365520255,0.5996571956724814,0.5007919775362567,0.7035355856451943,0.5238057769369486,0.8749881108157664,0.5159667247336714
1,359,0.6409289286685217,0.5012018614612209,0.6728555908634741,0.5169124571917227,0.8581269575664628,0.5141910562077555,0.5975660335895613,0.50077748353369,0.7033883838329527,0.5220060996036646,0.8789997991006816,0.5156663912108429
1,360,0.6435630863740683,0.5065695287356112,0.6672432414952285,0.4991399414598124,0.8880714101222925,0.5164792700893316,0.5975638494475635,0.5009681691525063,0.6948049700700774,0.520303465180332,0.8829084255309888,0.515082304923885
1,361,0.6460193705833114,0.506393539482676,0.6639753560138351,0.4992248704914258,0.8907737124086772,0.5163712699844103,0.5943601023885525,0.5085511477786028,0.6839665737206605,0.5192401025831704,0.8869694747304053,0.5144236420427788
1,362,0.6528378349364031,0.5009236828842913,0.669068928521697,0.4799979765459202,0.8567544973163346,0.5147597549084145,0.6031818640190449,0.501063764326243,0.6818240729605549,0.5265650541194953,0.8789022957016368,0.5140762611524688
1,363,0.654763338745915,0.5008439702973437,0.666143408699472,0.48334744658335715,0.8627925871780804,0.5148085990177488,0.6089704051788468,0.5010296508445148,0.6818030292611804,0.5253725275796283,0.87286481145082,0.5140632390799516
1,364,0.6561371800106304,0.5007702482157672,0.663327088419264,0.4841652586134003,0.8687611770094039,0.5139035164227982,0.6139216517947851,0.5014303947766353,0.6821309906400101,0.5243067977019721,0.8720805942719394,0.5130217576649175
1,365,0.6538797084495344,0.5007021989038397,0.663946863960204,0.4849837165220409,0.8737945398255341,0.5139466332240816,0.6256138436965054,0.5013959541970111,0.6731812297566473,0.5211572838614612,0.8409221886311149,0.5356660671701822
1,366,0.6514264618733717,0.500639502984276,0.6636925072105521,0.48579869316449914,0.8781199263262078,0.5130955982858832,0.6217814016500999,0.5055161634729295,0.6853653255996861,0.5205755565631237,0.8581574328363815,0.5110995719624382
1,367,0.6532051961439314,0.5005818421046877,0.6628680282673668,0.48660601875976356,0.871318892913523,0.5122712925768559,0.625504216884147,0.5051611594447298,0.6850222467334841,0.5188838287622429,0.8589112983124596,0.5102196168605049
1,368,0.6527910597121704,0.5005289014898884,0.6665728535927223,0.48740159536704325,0.8649853993546781,0.5125015070776441,0.6308959169872077,0.5049898055028998,0.6847593856534976,0.5183463880796698,0.8646368252524266,0.5099468432244881
1,369,0.6545526025382088,0.5004803722924664,0.6701124520946959,0.48818150352117495,0.8592372576140382,0.5125765590660797,0.6330337613498835,0.5152828964234282,0.6788017291213936,0.5167739533767788,0.8666556693748795,0.5111444164511872
1,370,0.657924706588804,0.5004359536793567,0.6379253633966235,0.4889420964644192,0.8651771712146054,0.5118230794436128,0.6310544493022678,0.5043631348888191,0.6491390219620533,0.537862494556436,0.8521051794911476,0.5091242351385461
1,371,0.6679584073259351,0.500405758684661,0.6179020299468829,0.49436989396263953,0.8145487147687387,0.5440282048764021,0.6321927709126702,0.5083162523239213,0.6211952940890578,0.5223123010854556,0.8776554973317354,0.5089498050368194
1,372,0.6662045103431165,0.5042044491752332,0.6151311598245742,0.49039256484358884,0.8543381992748479,0.5110674173684421,0.6270357174075997,0.5040066319179186,0.6103585677279874,0.5368079658917515,0.8673257729496734,0.508750695410567
1,373,0.6666722763926597,0.5043261137618108,0.6079402752597733,0.4910771229698188,0.8602258520439887,0.512283480653499,0.6246436045895478,0.5280970120874563,0.5982063081911708,0.5132653433485063,0.8859367924417091,0.5086628635672473
1,374,0.6689542588763795,0.5040119987146698,0.6051205654000769,0.49173179400604333,0.8548941070154683,0.5138781937994754,0.6294326712868906,0.5079202282704786,0.6115631804780514,0.5328574465565653,0.8636780179908019,0.5165847153348889
1,375,0.6747199342394032,0.5037127955148188,0.6040074517927541,0.49235509710710984,0.8504783157813349,0.5130629207445307,0.621474792633433,0.5319524011976557,0.6162976411717159,0.535107859360555,0.8708419021327712,0.5048594512336286
1,376,0.674238635428725,0.5034289244045923,0.6115704440919448,0.4929460178930844,0.8571938090195687,0.5122687314986824,0.6306220395787773,0.5116728101446535,0.6296608843840644,0.5479950468746523,0.8730906809972876,0.5058835462125099
1,377,0.6736800681469135,0.5035538720528313,0.6148745631185857,0.4935039839082941,0.8521256263397142,0.5131862378971769,0.6332668348318375,0.5109492741122265,0.638958918176944,0.5446035453822909,0.8723142133774708,0.5059993390447595
1,378,0.6750978904458805,0.5032767111813213,0.6212272562358614,0.496400433354229,0.8584921295483643,0.5124351159421183,0.6354607089180471,0.510244935197935,0.6434963094309933,0.5413635574236689,0.8720507607047192,0.5065322751745183
1,379,0.6768549263411986,0.5034076616245803,0.624838114903552,0.49672956103692095,0.8641481767207893,0.5117023243096673,0.6347638163459376,0.5198263990801669,0.6451308724047998,0.5328150399429357,0.8588745646594701,0.5078390173348164
1,380,0.6778825458109353,0.5035655629012201,0.6285984573795268,0.4970325260223511,0.869476347825745,0.51098963376356,0.630929322797452,0.5139547435778782,0.6483202903003522,0.5424054286952827,0.8674850163622083,0.5066836368086712
1,381,0.6792671587024655,0.5032829084563212,0.629427732586831,0.497310592275814,0.8740121152956403,0.5109596392912771,0.6316105233660817,0.5087118503329212,0.6626033969741212,0.5477235525678953,0.8513657082566691,0.5067164341739366
1,382,0.682126724639262,0.5030174557853212,0.6320899638002633,0.49756513373297295,0.8781784897418495,0.5119123073338637,0.6303567413376329,0.5080781397456097,0.6697753192349,0.544319008375653,0.8424988603339059,0.50627038322605
1,383,0.6714091604642194,0.5132379087126533,0.6372530464135631,0.5022948342864546,0.8791933590888918,0.5142115317907002,0.6291795275168091,0.5078824071814072,0.6772760616905767,0.5410721558112461,0.839488646473491,0.5066455349867011
1,384,0.6806482697130399,0.5031721572506256,0.6411420822649496,0.5180306603317328,0.8265287578286726,0.5439611160169733,0.6225092971539778,0.5161634884390844,0.6753917881681283,0.5405196983704245,0.8421369082080594,0.5065955806739468
1,385,0.6751708433087686,0.5067051328729187,0.64728634863904,0.5192909351717603,0.866199498550994,0.5134703605367886,0.6290737905766479,0.5069360910498426,0.6849804565138919,0.5359775323478827,0.8441838684009477,0.5151429607113513
1,386,0.675197355184516,0.5062135016823013,0.6554616058770282,0.5180138284947252,0.8710853854991675,0.5154806630823405,0.6294392269946362,0.5068353367355736,0.6882657292371375,0.5337398724773479,0.8466920687866542,0.514092491665469
1,387,0.674558356556095,0.5057463857622686,0.6558503437390794,0.5167800787723541,0.8757404736533531,0.5147154229750581,0.6342258438125189,0.506634794371965,0.6985536487032151,0.5399333710755921,0.8278737923102201,0.513077911515553
1,388,0.6778820202268886,0.5053041614389533,0.6581574431197011,0.5155938596741179,0.8686916183180419,0.5152394898494927,0.6364273182852098,0.5097558716484264,0.6989537633779047,0.5285848811170855,0.8508370907646255,0.5131667416291362
1,389,0.6783832481937118,0.5151347664509929,0.6581481237607998,0.5168681617269598,0.8539447253531384,0.51691486003019,0.6403681883085721,0.5090070379543958,0.700109121977052,0.5262463525856893,0.8523666086114362,0.5126396049621128
1,390,0.6871511310866801,0.504494680032062,0.6633827673558776,0.5133767507669079,0.8670168914035992,0.5351881134220419,0.6438979453754883,0.5088613309396548,0.7006341025668879,0.5240625450252308,0.853983695003906,0.5117017993630221
1,391,0.6873779928941125,0.5048313467173121,0.664984834411413,0.5123502535703202,0.8716961579501517,0.5338610468131345,0.6453119316369236,0.5085967508870163,0.7008375728714205,0.5220288224537135,0.8551299298793981,0.5114336525727139
1,392,0.6892055016210877,0.5052181244978556,0.6686350481434589,0.5113801267582695,0.8762704809880579,0.5317131339288876,0.6435599511950207,0.5068600807201774,0.7067898074056198,0.5332132052941734,0.8346496998637314,0.5153942330609557
1,393,0.6914190026635598,0.5048115928567227,0.6677194475648369,0.5104667453121723,0.86881088041362,0.5296338660874044,0.6456598426340596,0.5036598336378316,0.7055835256618582,0.5193856062695318,0.8481729964907806,0.510523927558431
1,394,0.6949263931984967,0.5050657011315611,0.6705169154780757,0.5112041872104323,0.8621676436477579,0.527629418335483,0.6449444307380435,0.5033309576064624,0.7057888409880841,0.5177024102209875,0.8546591546078578,0.510785508031413
1,395,0.698162392838806,0.5046738692015399,0.6715194989855595,0.5103410397349278,0.8456391074453479,0.5265877692531592,0.6437725743875878,0.5030275868724786,0.7082731612573984,0.5161466251555209,0.8604905267819377,0.5099879923222522
1,396,0.6999505288982767,0.5048838995719572,0.6719828775626778,0.5119091667660485,0.830582466029525,0.5253719568374751,0.6411493414136229,0.5068498943704977,0.7043292965588572,0.5156301127627198,0.8792529432262713,0.5101979655704328
1,397,0.6955177732374936,0.5112911683268292,0.6713215890874517,0.5128121725738897,0.8369869379305217,0.5273397631702532,0.6458914594906395,0.5027554711778182,0.7106678274429917,0.5227655180927016,0.8686184568049848,0.5095345056040622
1,398,0.6989173693825399,0.5041567794956191,0.6760091508050226,0.53153822933669,0.8127322804528605,0.5219485933725954,0.6471412638295257,0.5026771671982122,0.7101464130527393,0.520905019806151,0.8687054152146582,0.5090688351838386
1,399,0.6917697502064744,0.5140019830407746,0.6740393442238517,0.5281769615240169,0.7964445703172682,0.5237527971715626,0.6464780739015963,0.502453248298356,0.709474574783708,0.5191701723531085,0.8686977545571625,0.5086082531402842
1,400,0.6881176134698439,0.5136268743633977,0.6763987442000317,0.5530282392568855,0.795681698966944,0.5176591714237385,0.6438776753432375,0.5022465764605059,0.7060890217915144,0.5185466626437643,0.8635516540468545,0.5080236166561053
1,401,0.6944047158201914,0.5032298606390385,0.6797900985905851,0.5447313524446635,0.8102429812126536,0.5401810075466614,0.6410652411738799,0.5020559772540047,0.7058171814603312,0.5169838793894114,0.8637593004070361,0.507471103077279
1,402,0.6985093689802095,0.5033218854457645,0.6792130530585146,0.5415586968160456,0.8100356048059708,0.5392933156491333,0.6385247960994618,0.5022277424641283,0.7034180713108485,0.5155331564989815,0.8689044519225194,0.5078503479709894
1,403,0.697327201370489,0.5030525797284667,0.677273320283024,0.5385243917031094,0.8208969274504597,0.5364645050075899,0.6384790150574702,0.5025275800536237,0.6996596259347042,0.5141892857925554,0.8733222020037993,0.5073062995978642
1,404,0.6984834337084173,0.5028013596857986,0.6773805000953841,0.5356349464029269,0.8306320752975473,0.5337711089401754,0.6433979474838438,0.5023465858339462,0.6962569626566829,0.5129469158409424,0.8775621177910152,0.5067908142933273
1,405,0.6954460030558732,0.5028903367047474,0.6772693157122439,0.5328948021349863,0.8392011695707516,0.532234689269577,0.6452134336271913,0.5021759454084088,0.6894065470821972,0.5118006091742001,0.8766683802903221,0.5063030997948011
1,406,0.6929552337448831,0.5030850819590094,0.6791261427758681,0.5303064460375234,0.8363413846259207,0.5298078929310899,0.6462636625572253,0.50320211219567,0.6885577765265267,0.5107448972481159,0.8803931353363642,0.5058423633494635
1,407,0.6925324941199974,0.5028384495016652,0.6811277165795077,0.5278705643394411,0.8334741734045094,0.5291792853905456,0.6473738336650976,0.5029936487451636,0.6920374859143567,0.509774331917464,0.8790912566043904,0.5054078089063575
1,408,0.6921564376130968,0.5026077590825565,0.6824947701669735,0.5255862239438275,0.8417045561018357,0.5277881078521035,0.6480066747530746,0.5027939961260136,0.6978101038294378,0.5088835323891899,0.8733420839832281,0.5049986337184338
1,409,0.693452067755012,0.5026699385738432,0.6821245380576842,0.5234510719653994,0.8274160361504794,0.5256875126815198,0.6489734507655218,0.5034771656150767,0.6991655425449469,0.50806722689721,0.8727115098331474,0.5049845256964285
1,410,0.6969353520106355,0.5026286570256914,0.6817052649495117,0.5234467193926388,0.8253509865435307,0.5248498589343289,0.6444184697756394,0.5030970830064772,0.7028477198336035,0.5221221759942652,0.8514310528233995,0.5105988174085963
1,411,0.6966199834381889,0.5126873029605423,0.6750393473510534,0.5136214740247315,0.7962275987325832,0.5267992667651572,0.6414809979480787,0.5108423869497979,0.6975085271335164,0.5101091268625128,0.8743448801956758,0.505284754124215
1,412,0.6978981711531634,0.5124353472457359,0.6731441380845479,0.5410742542527388,0.7945666611469174,0.5134630875310572,0.645987893598065,0.5005179761072206,0.7028445183257886,0.5087699734368998,0.8794326331858927,0.5144074115423488
1,413,0.701511556339955,0.5028017082986542,0.6701963779112765,0.5336884022282928,0.8096856553530891,0.5399071771555038,0.646672175801043,0.5005156306335081,0.7030497748216282,0.5080109842967488,0.872690947130933,0.5134299946971852
1,414,0.7021288093761354,0.5127321840227208,0.6665972820105052,0.5104162947026372,0.7929131795644352,0.5448218479513124,0.6481022326339532,0.50082493586205,0.7036201186166139,0.507310282929462,0.8627890901698686,0.5124927499009472
1,415,0.7053496612656646,0.5024005311952177,0.6697091102456681,0.5399145328908831,0.8081303361885601,0.5359752711089143,0.6513757455803798,0.5016947422238761,0.7054654619557598,0.5066643862480767,0.8583253340291344,0.5115972258759253
1,416,0.7052651200089921,0.5124295990915688,0.6694626004241498,0.5086602255035136,0.7790719470055089,0.5392131946188676,0.6515868347943264,0.5016247470578111,0.7016537810838678,0.5060699041196918,0.8583809683303338,0.5107445708241244
1,417,0.7031640357288268,0.5022472840728903,0.6727170650592829,0.5429663064243883,0.7851868944737629,0.5337139942534322,0.6520147216820018,0.5015522526417222,0.7038958818247795,0.5055235472010399,0.8545743614772687,0.5104175623922039
1,418,0.703444281515095,0.5020801248023826,0.6762580022404885,0.5406885459854734,0.7870459652480373,0.5322738886805245,0.644516385730553,0.5018204118415067,0.7055717551525076,0.506033202211617,0.8508896259210457,0.5099688740877016
1,419,0.7105648234117271,0.5019224095662832,0.6746075525931223,0.5384471778683826,0.7887720576314557,0.5309922642907379,0.6390994950096424,0.501959248841774,0.7044158138711768,0.5064340586698949,0.8478970253182196,0.5097167090958227
1,420,0.7122154921112978,0.5017739272093906,0.6750331308401343,0.53624806897509,0.80150568384492,0.5288315815506429,0.6374284806250198,0.5018606424477527,0.7020534552108293,0.505892963816596,0.8451207588121156,0.5090204030430684
1,421,0.7138454916000428,0.501634446010786,0.6791820804966382,0.5340972868714063,0.8131072714844877,0.5275467296178414,0.6378044047704989,0.5017610957147465,0.7031558474105358,0.5053912163922086,0.8427773376064883,0.5094025512757703
1,422,0.7133409766894236,0.5018604566310731,0.6772809321035016,0.5343818663852876,0.8126122485165972,0.525587932992312,0.6336143153036912,0.5019360452385313,0.7029451413622825,0.504926738631006,0.8312402285784908,0.5087075024967322
1,423,0.7132177819321421,0.5017186543122012,0.6773550008249961,0.5344254302943294,0.8118874155388797,0.5252416952096516,0.6300013763031198,0.5018277554171378,0.7030973137204201,0.5044974817293635,0.8207231814544799,0.5080508882799383
1,424,0.710652187365958,0.5017994183297064,0.6800240710300551,0.5321534631667342,0.8007615226703422,0.5263493905515096,0.6183448755911155,0.5188908567926263,0.6930211467601716,0.5045385838127573,0.8119329128145544,0.5088770843795057
1,425,0.7087320801577035,0.5016694456091253,0.6819151879483544,0.5299631208374265,0.8017977191823306,0.5245286451864472,0.6297190306822819,0.5018312187239777,0.7041834028603146,0.5241573106562096,0.8053157960836876,0.5077149913648074
1,426,0.7016501545888699,0.5115851261958568,0.6769499242391206,0.5301614124558579,0.7747861322911236,0.5246499018162122,0.6304876489860384,0.5019362150105002,0.7002703306928563,0.5224435354082487,0.8070600063099461,0.5071589766460497
1,427,0.7024107360463446,0.5016763594426664,0.6817093623495659,0.5258483022192019,0.7919594032600814,0.5434228750101232,0.6283466896950898,0.5122790777903418,0.6931021933799439,0.5221451988992472,0.8066663361728795,0.5081586582882917
1,428,0.7011787502276758,0.501557951309722,0.6816296275754956,0.5239318265303293,0.7932494246333853,0.5415522075372847,0.6332244401438542,0.5025928616405867,0.7021943366517305,0.520288832323678,0.8176547044991409,0.5168242749762508
1,429,0.7036336208393394,0.5019620461478386,0.6809315480567864,0.5221128926528634,0.8055483323455145,0.539125012123436,0.633840573712273,0.5024256110034828,0.6998874636018262,0.5187403115462073,0.8221260024376099,0.515645800923717
1,430,0.704313205930533,0.5018367102125667,0.6808691593358838,0.5203928804079777,0.8165223088138086,0.5369304959310645,0.6342601673565734,0.5022633590001735,0.6999058503637239,0.5172766534014566,0.8264446579551175,0.5145212707846781
1,431,0.7025411187166208,0.5019204462076257,0.682593769237929,0.518772167828713,0.8261120499019341,0.5347772126487672,0.6269393631251818,0.5113335286684827,0.6971191003737255,0.5165701901638956,0.8284781784248474,0.5124493327467284
1,432,0.6991419647721001,0.5020331671760243,0.6825277260015437,0.5172502001076709,0.8352051652803084,0.534633074980649,0.6248675544278949,0.5019563965439194,0.7041172145227564,0.5146043172488692,0.8336232452580247,0.5219647860488021
1,433,0.6980101981037475,0.5019114059811256,0.6846410412446895,0.5158255779154773,0.8431374589807782,0.5340796939135996,0.6241506516932233,0.50181266292332,0.7063476931012185,0.5133938604876671,0.8322347997622243,0.5214210750561544
1,434,0.6972866952604215,0.5017927991380247,0.6860647553973075,0.5144961589519442,0.8500788956783135,0.5327526629168983,0.6237239982177629,0.5020801300437955,0.7060455300452063,0.5122648886185474,0.8310872184345061,0.519874818310919
1,435,0.6906012181058855,0.5016776847311833,0.6852500271312094,0.5132591669372681,0.8564504742006311,0.5310922914201723,0.6224334399815011,0.5019252865993399,0.7088345082806177,0.5112149539313584,0.8347648809199518,0.5189716613080528
1,436,0.686500003836744,0.5015663802898543,0.6809702752460931,0.5121113028895693,0.862146034274143,0.5308475174810363,0.6204171353095357,0.5107490518384903,0.7051066721165428,0.5100885553463216,0.8379435336891888,0.5187276184604944
1,437,0.6867738859161131,0.5014591730016323,0.6790586391704226,0.5110488543579846,0.8675194434901989,0.5293735844476682,0.6293287843681319,0.5018675689734682,0.7119427995711881,0.5204293280038688,0.8355494291131008,0.5162170609429095
1,438,0.6889078072834389,0.5013563117829216,0.6770434406241799,0.5100677991872244,0.8723032377581997,0.5278704247586025,0.634187575762208,0.5017300056817448,0.711331373487433,0.5197792276790916,0.8385906446260138,0.5149508907235065
1,439,0.6842410230650726,0.5110999277129812,0.672565603771992,0.5101956595379381,0.8610198658705407,0.5305262868056434,0.6390502469557293,0.5018961822702287,0.7104500506574215,0.5182455732535209,0.8366188189734531,0.5143323873406993
1,440,0.6839945073408555,0.5107286300871083,0.6717891435613329,0.5344049385973649,0.8550120437101697,0.5210159533093414,0.6422661487041624,0.5020803799440899,0.7113635587108493,0.516801908581926,0.8348680602258198,0.5131993943282149
1,441,0.688835187719766,0.5010756109901147,0.6750162940859026,0.5294318576828465,0.8528001092813502,0.5433448119544654,0.6485550281084684,0.501937634027296,0.7124279848327016,0.5154470060874314,0.8336051597567533,0.5121364841693117
1,442,0.6896778245530361,0.5114919496841637,0.6708307072555995,0.5113047075338272,0.8407874533489704,0.5468992198991367,0.6492199304988119,0.5018008546384539,0.7147854058469294,0.5141790680937052,0.8368424831564824,0.5126146497993089
1,443,0.6870099714975719,0.5017837635895821,0.6755320289162681,0.5388261781969078,0.8433368138632893,0.5376712865755262,0.6466090637774464,0.5128585976350406,0.7086502883546504,0.5131567527131565,0.8351901305012074,0.5095853114531045
1,444,0.6871243103912774,0.5016674073787748,0.6759351894549362,0.5364471390645302,0.8381187972057926,0.5350170440412099,0.6513038490531159,0.5024139954594197,0.7147757302078812,0.5212694517251742,0.8472611975369596,0.5106730018295077
1,445,0.6892206747351134,0.501555266570199,0.6758171151249278,0.5350476093755479,0.8353316625180464,0.5324884333329616,0.6525342311168272,0.5022552432713372,0.7180157417719502,0.5206420596750962,0.8539183537031881,0.509797459768989
1,446,0.691101021021948,0.5014475831025665,0.6778294808483027,0.5328068928181916,0.8433516088530604,0.5300870952633053,0.6558082054476051,0.5021024264397943,0.7183519658168734,0.5190019461047017,0.8599377112763229,0.5089822858374756
1,447,0.6942080835494276,0.5013445545053933,0.6835154217474274,0.5306413354775049,0.8400812744795992,0.52781364777896,0.6600974453003012,0.5019558469552435,0.7205121106385841,0.5174636122458293,0.8606571025439193,0.5082248983861144
1,448,0.6957386000492792,0.501583164956815,0.6850205820567904,0.5285560912982986,0.8371093634561007,0.5256677391078542,0.6586430078257118,0.5125563714125398,0.7173788307154416,0.5158099148871004,0.8578304348743399,0.5077389467353963
1,449,0.6946469071237411,0.501472846293731,0.6866557222474611,0.5265556012099425,0.8340269249375764,0.5246800007211981,0.661895592909023,0.5022768902246201,0.7255697852502702,0.5146829379548362,0.861354292392267,0.5186852628512928
1,450,0.6918178967076373,0.5013672158883918,0.6855918731150048,0.5246435001540274,0.8424383027526414,0.5227726803860427,0.6618362305313017,0.5025261939770775,0.7291959067964928,0.5134346078497594,0.861629017061113,0.5173057354778052
1,451,0.6827778263841958,0.5173264801824319,0.6763830691589797,0.524605804204675,0.8416074410585506,0.5243942118154606,0.6555688522827564,0.5024971226909816,0.7371685158706061,0.5352529106792474,0.8402312484077331,0.5157836801746517
1,452,0.6909320816417556,0.5011707762062648,0.6818982989993355,0.5414078407543367,0.8312895713734861,0.5395061668183528,0.6573049008606179,0.516580607819985,0.7249750987818853,0.5128159056494932,0.8639532412873423,0.5153049786703888
1,453,0.6854295190421512,0.5080906223627957,0.6748505910091214,0.5217514235395028,0.8524020817287036,0.542747036157834,0.6631708051003309,0.5061432199949076,0.7282501413499465,0.5016098159857425,0.8711792169619093,0.5136036937626538
1,454,0.6846652041092655,0.5013926611182041,0.6750917549227868,0.5483934441926499,0.8447896838511291,0.5352612725312121,0.6582456302369879,0.5064043524156345,0.7300259943186472,0.5023379924801739,0.8753871994453218,0.512513024084455
1,455,0.6851341405746361,0.5012840671646108,0.6772954125297643,0.5453964794446783,0.8523265771354246,0.5326405503703909,0.6522537264670365,0.5061525340399486,0.7281782314092239,0.5020013444865903,0.8793075902945993,0.5114918687067729
1,456,0.6891980574604633,0.5011817872455315,0.675474262482638,0.5424868350260568,0.8481523498720179,0.5310865699434647,0.6493203930019393,0.5058906980667738,0.7239921018912409,0.5017101259919816,0.8827526437368534,0.5105383635121855
1,457,0.6944701165507142,0.5017058623668834,0.6795015385531805,0.5420487344584846,0.8442601810824399,0.5287372844415965,0.6463231636828224,0.5054663599097216,0.7224046274508144,0.502464872077725,0.8857436608798447,0.5106309133467694
1,458,0.693730171979097,0.5015883422593911,0.6778350478790326,0.5391755951090692,0.8406550875944049,0.5298770714477622,0.6432389323758158,0.505433133767029,0.7188506004061435,0.5021826458700271,0.8886160363040105,0.5097430428148444
1,459,0.6911294492742288,0.5014757862579948,0.6758328756948078,0.5364189488394092,0.8370278657216315,0.5284276351156036,0.6354354770675477,0.5154019534592871,0.7117544018319462,0.5010708353313399,0.8896828570648923,0.5112435266609637
1,460,0.6884527240747769,0.5013683825952029,0.6821296126748445,0.533784394492829,0.8335711174862812,0.5268927927103824,0.6365831745494294,0.5046483499670084,0.7163327409282375,0.5110875261695285,0.8931625672534506,0.510648164399164
1,461,0.6864813257839517,0.5012662662277368,0.6835702368597927,0.5312761171892157,0.8306759036141835,0.5249122109930375,0.6345135479052532,0.5047007502796399,0.7170672735204331,0.5102470033045041,0.8860307585278546,0.5108340790373626
1,462,0.6865106284135192,0.5013977646492459,0.6849233047473274,0.5288969036933342,0.8177600538763715,0.5230452880679163,0.6322175060441391,0.5097472200817592,0.7176785411901856,0.5156513093166559,0.8671192841664309,0.509972005515114
1,463,0.6885156547437251,0.5103249589538701,0.6798029448050722,0.5111496344566256,0.8090462420185619,0.5248373700442409,0.636048326803848,0.5081901645478141,0.7187141983975349,0.5180823375211748,0.8813379282725657,0.5098292062772403
1,464,0.6938511361903763,0.501208532272291,0.6845115070829912,0.537827235029167,0.8140740764964376,0.5196406288837642,0.6360050675438526,0.5080386490513361,0.719070682098424,0.5167370145855427,0.8749915442041225,0.5090443245888268
1,465,0.6954651786902133,0.5011206163872013,0.6835311885401455,0.5353905788383252,0.813496308704827,0.5193622340242551,0.6382929447904363,0.5074507851530865,0.7217047542411572,0.5154618689811347,0.8644684786316741,0.5083103969103429
1,466,0.6945847162366645,0.5010372159087171,0.6831596298659599,0.5330389569884261,0.8129438138129913,0.5178878293770497,0.6403519326255958,0.5068926342478424,0.7206029012957318,0.5151097925474979,0.8547006758202129,0.5076256152582519
1,467,0.6957926917678059,0.5009583300390408,0.6821892341351127,0.5307773937234802,0.8125279204498195,0.5165043026036722,0.6421700542827132,0.5069711125965021,0.7168427734506134,0.5139302546442566,0.8461420945157074,0.5083442553401637
1,468,0.6998720803288486,0.500883929386437,0.6850464848218996,0.5286101680429105,0.8119126456589724,0.5184419179814909,0.6473469881570245,0.5067372627517738,0.7159832341439466,0.5143652810344397,0.8431251245278746,0.5077010958564526
1,469,0.7026790948801357,0.5008139574697644,0.6849484922343628,0.5265407304028528,0.8112924996794378,0.518049728673586,0.6483269278847748,0.5067922093900189,0.713031473801963,0.5132438405664319,0.8408104465236109,0.5081284895353253
1,470,0.7063302331671797,0.5007483326484333,0.6837988076021063,0.5245716469707703,0.799468183464404,0.5167537769075538,0.6473866545591683,0.506310418737475,0.7121122992733198,0.514041585265198,0.8387297165783085,0.5074928019812168
1,471,0.7051428603657774,0.5012746761979184,0.6792028588051507,0.5227045730575518,0.7885845073295626,0.5189654177858375,0.6460722455246615,0.5065968930636555,0.7112821605279674,0.5134241278842563,0.8272405876990997,0.5075318603964807
1,472,0.7073637519848885,0.5013862205948276,0.6768426960508676,0.5209402553358519,0.8017117028011389,0.5177210363766667,0.6436145807878169,0.506561332968962,0.7084417146588318,0.5123845376572498,0.8266086519584065,0.5069531418551008
1,473,0.7038029488362582,0.5013044985291294,0.6770328205956623,0.5192785607017912,0.8134597141061637,0.5165340110513311,0.6417077212452134,0.5060819486347093,0.7079656838685412,0.5114077463649745,0.8261277751303651,0.5064092583958686
1,474,0.7005150074776206,0.5016521375372427,0.6775151596248077,0.5177185282727853,0.823981011492684,0.5154032067269043,0.6448794779426731,0.5056284426695388,0.7091759039844971,0.5104923087671345,0.8301820860805811,0.5073255853591999
1,475,0.702308140758901,0.5015451936993957,0.6774872176738496,0.5162584400997365,0.833225094241775,0.5151124638681451,0.6446213833012235,0.5052004727437239,0.7104048369200717,0.5096364889488799,0.8290958173340756,0.5090005321646175
1,476,0.7014850269825996,0.501652747677822,0.6762237967263266,0.5148959057117809,0.8309940454226924,0.5140935478134161,0.640410918052426,0.5151576094020273,0.7083465295408488,0.5094270826764417,0.827815277607732,0.5089408614664923
1,477,0.7010903201585724,0.5015492604462826,0.6801544796587178,0.5136279555638111,0.828957407674405,0.5131235842383327,0.639754621770446,0.5044192163451315,0.7168690129387985,0.5174703742493937,0.8359946061552537,0.5083129582856186
1,478,0.7007785370415949,0.501448929155489,0.6799588660902383,0.5124511387464287,0.826678527156229,0.5122016429655908,0.6354399259587294,0.5044587530152801,0.7193775473908063,0.5171759143983139,0.8389563936983322,0.5080626088992112
1,479,0.7021170367201337,0.5013520383442946,0.6781383163151083,0.5113616208537104,0.8140226536663536,0.5113268354421698,0.6320383330770706,0.5044002050246068,0.7195120611205388,0.517043395544499,0.8317524460458999,0.5087589410292216
1,480,0.7010045158285944,0.5016820068195459,0.678108588440921,0.5103552785926679,0.8133895316868812,0.5104982816739139,0.6311625559172637,0.5040738211334626,0.717723594690589,0.5157544557283634,0.8354048970117095,0.5082010000474356
1,481,0.6985329482549433,0.501563854407836,0.67616239766496,0.5094277884742436,0.8125894670650256,0.509715080207318,0.6336495527419275,0.5041172356832677,0.7180877306366958,0.5145381314982181,0.8386615316828425,0.5076634279962525
1,482,0.6995995296521026,0.5018781737956103,0.6748139219588024,0.5085747076789214,0.81200960322826,0.5107178786242108,0.6378105970428676,0.5038099010461015,0.7184639741948209,0.5142789234639924,0.8462522743235259,0.5071469374096803
1,483,0.6991053917897175,0.5017410185346645,0.671085904552486,0.5077915458883943,0.8114308814968877,0.5136473063488372,0.6424704785791242,0.5039337343390183,0.7164274810462115,0.5131955069968499,0.8484560052074862,0.5066521511027391
1,484,0.7000881035871166,0.501610501768206,0.6715551144381439,0.5070738274842884,0.8111765390403026,0.5127136300450977,0.6441786644276465,0.5036541240186965,0.7213199078558411,0.5121764313913169,0.8549332182913947,0.5066982448507359
1,485,0.7045979747985484,0.501486787368769,0.6697930017952668,0.5064171440179784,0.8218371096644556,0.5118203047138078,0.647839052229987,0.5033891728398598,0.7173087380028866,0.5112200078681067,0.8609428280749638,0.5062380432986163
1,486,0.705212433136829,0.5013699600276473,0.6687829474100344,0.5058171972473592,0.8205567206581279,0.5119597940279406,0.650964280163559,0.5035769270097563,0.7137696227480883,0.5107341995464311,0.8662930731053781,0.5074015784324729
1,487,0.7058132816019164,0.501527782839013,0.6674709180221157,0.5052698333220156,0.8195299245734456,0.5111403651636379,0.6498209324130645,0.5142442408187705,0.7074350273053999,0.5112286325958557,0.8681755087387718,0.5073434253837273
1,488,0.7060802853639008,0.50172901279004,0.6681620757827783,0.5047710688886765,0.8185907105530272,0.5103580483161823,0.6490423195882103,0.5139794350125245,0.7027831158214433,0.508826694417466,0.867094966564158,0.5168164602107642
1,489,0.7043368060465522,0.5019058705843409,0.6688442825630143,0.5043171099987177,0.8177333588662529,0.509613218685096,0.6529056925405422,0.5036388503372071,0.7070715046871271,0.5097139110099425,0.8692607602282626,0.5240459479212066
1,490,0.7025928865564506,0.501778285408361,0.6732779899917656,0.5039043647444285,0.816952091700127,0.5089060506489557,0.6513041652214061,0.5037315889809635,0.7149789989608824,0.508967676575384,0.8645139289282775,0.5223417646721012
1,491,0.7010930985181273,0.5018664005555853,0.6735805334253857,0.5035294505460725,0.8268209989784279,0.5082365096859076,0.650121216220735,0.5037289090974675,0.718065062359156,0.5082677677372638,0.8647256439946721,0.5207122816850405
1,492,0.6969498454666747,0.5120661341077414,0.6679639480781947,0.5033494164569118,0.8225607373936294,0.5094680358758646,0.6526186819470736,0.5038879707556626,0.7215289554484269,0.5076124478842343,0.8553046858576573,0.5191607628326771
1,493,0.6983127020576624,0.5085660652032551,0.6680415061737186,0.5253684067580632,0.8562041122944531,0.5100448330264474,0.6572784273108101,0.5047389016155931,0.7229055888073386,0.5069999592189651,0.8565765705697339,0.5182850829887553
1,494,0.7070198697835586,0.5019097773046826,0.6724276925806738,0.5426497370049089,0.8367477092769616,0.5079769601889507,0.655567852928749,0.5148359678344353,0.7203981654679807,0.5063100685082517,0.8540889240532122,0.5124163456195512
1,495,0.709009587211454,0.5021360427097604,0.6732096180842392,0.5396953978182673,0.8340921720941582,0.5091815400009004,0.6609640665480325,0.5044893939030983,0.7217451845936703,0.5085440329098471,0.8578738923584838,0.5229805551938826
1,496,0.7113159469246367,0.5019863674700964,0.6735003342166427,0.5368590457245099,0.8422621759399453,0.5098614017512583,0.663182415884341,0.5041905318692947,0.7142451675167356,0.5078902523936346,0.8493261998896691,0.5221889097749194
1,497,0.7128737947138206,0.5018430925198891,0.6721612230344274,0.5341483853589609,0.8498472446231328,0.5092028684555883,0.6609157185610537,0.5145995897734319,0.7103822021906528,0.5077345178822499,0.8421266372523618,0.5203421768819048
1,498,0.71400699645033,0.5017065101704121,0.6770827310077473,0.5315691558636805,0.7801850014065932,0.5085701337136033,0.6563222956613334,0.5040897102327013,0.7149633472334604,0.5397454307760314,0.7654539082395189,0.5246868887844834
1,499,0.7152670429780564,0.5015768258912858,0.6797771197538018,0.5291251956697941,0.7398755002051127,0.5079643071234894,0.6582900602265946,0.4998070486898579,0.705723908816747,0.51536537945668,0.7434131202514479,0.5183563793872652
